id,job_order_id,service_id,description_of_work,estimated_duration,actual_duration,estimated_hours,actual_hours,estimated_amount,actual_amount
1,319,4,"Found minor wear and tear during service, but within acceptable limits.",01:20:52,01:15:46,,,3276.99,3641.10
2,428,6,Replaced consumables and tested system. Everything is operating normally.,02:28:02,03:07:32,,,5221.13,5801.25
3,90,5,Replaced consumables and tested system. Everything is operating normally.,02:14:15,02:05:47,,,5551.78,6168.64
4,144,5,Customer requested extra attention to this area. Cleaned and serviced thoroughly.,01:19:53,01:10:30,,,1385.53,1539.48
5,227,2,"Encountered slightly rusted bolts which delayed removal, but service completed successfully.",03:16:22,03:25:42,,,4079.02,4532.24
6,439,8,Replaced consumables and tested system. Everything is operating normally.,03:12:25,03:09:44,,,6722.92,7469.91
7,283,2,Performed standard service procedure as per manufacturer guidelines.,03:08:13,03:03:32,,,6721.34,7468.15
8,138,5,"Found minor wear and tear during service, but within acceptable limits.",01:54:22,01:54:00,,,954.55,1060.61
9,424,3,Replaced consumables and tested system. Everything is operating normally.,01:21:44,01:39:03,,,641.13,712.37
10,349,4,"Found minor wear and tear during service, but within acceptable limits.",01:04:41,01:04:55,,,5761.01,6401.12
11,212,4,"Found minor wear and tear during service, but within acceptable limits.",03:05:46,02:51:30,,,703.12,781.24
12,287,2,Performed standard service procedure as per manufacturer guidelines.,01:44:01,01:48:57,,,2112.56,2347.29
13,455,4,"Found minor wear and tear during service, but within acceptable limits.",02:39:31,02:29:31,,,3308.63,3676.26
14,132,4,Replaced consumables and tested system. Everything is operating normally.,01:02:01,01:25:18,,,1764.68,1960.75
15,65,1,"Found minor wear and tear during service, but within acceptable limits.",02:12:55,01:59:56,,,2039.13,2265.70
16,321,6,Performed standard service procedure as per manufacturer guidelines.,03:24:03,03:54:03,,,3757.63,4175.14
17,281,1,Service completed. Adjusted specifications to optimal levels.,02:00:52,01:50:07,,,919.63,1021.81
18,178,7,Service completed. Adjusted specifications to optimal levels.,02:32:56,02:34:54,,,6326.46,7029.40
19,255,1,Replaced consumables and tested system. Everything is operating normally.,03:02:30,02:51:40,,,7170.97,7967.74
20,321,3,"Encountered slightly rusted bolts which delayed removal, but service completed successfully.",03:53:06,04:16:40,,,3082.90,3425.44
21,47,7,Service completed. Adjusted specifications to optimal levels.,02:05:24,01:59:40,,,1682.78,1869.75
22,144,1,Replaced consumables and tested system. Everything is operating normally.,00:43:46,00:33:32,,,465.82,517.58
23,354,3,Performed standard service procedure as per manufacturer guidelines.,00:44:01,01:13:07,,,4086.94,4541.04
24,284,1,"Encountered slightly rusted bolts which delayed removal, but service completed successfully.",00:45:02,00:31:20,,,2331.59,2590.65
25,269,6,Service completed. Adjusted specifications to optimal levels.,02:33:33,02:31:03,,,7195.40,7994.89
26,507,7,Replaced consumables and tested system. Everything is operating normally.,01:39:55,01:34:57,,,3195.25,3550.28
27,105,1,Customer requested extra attention to this area. Cleaned and serviced thoroughly.,03:30:06,03:34:55,,,1344.09,1493.43
28,495,3,"Encountered slightly rusted bolts which delayed removal, but service completed successfully.",02:56:10,02:54:55,,,3839.69,4266.32
29,411,3,Service completed. Adjusted specifications to optimal levels.,00:47:30,00:43:15,,,5053.57,5615.08
30,441,7,Customer requested extra attention to this area. Cleaned and serviced thoroughly.,02:29:35,02:16:08,,,6758.18,7509.09
31,179,2,"Found minor wear and tear during service, but within acceptable limits.",02:45:11,02:35:00,,,1835.21,2039.12
32,408,8,Customer requested extra attention to this area. Cleaned and serviced thoroughly.,02:45:31,03:09:09,,,4685.79,5206.43
33,94,3,Replaced consumables and tested system. Everything is operating normally.,02:32:21,02:50:12,,,6303.68,7004.09
34,286,4,Replaced consumables and tested system. Everything is operating normally.,01:11:40,01:34:11,,,4964.37,5515.97
35,355,5,Performed standard service procedure as per manufacturer guidelines.,03:38:40,03:55:50,,,3191.37,3545.97
36,400,4,Performed standard service procedure as per manufacturer guidelines.,03:42:44,03:31:48,,,3874.67,4305.19
37,161,3,Customer requested extra attention to this area. Cleaned and serviced thoroughly.,01:40:48,01:54:18,,,3705.28,4116.98
38,115,2,Customer requested extra attention to this area. Cleaned and serviced thoroughly.,02:38:12,03:13:21,,,5576.00,6195.55
39,81,3,Replaced consumables and tested system. Everything is operating normally.,00:55:42,00:54:32,,,4346.01,4828.90
40,88,5,Service completed. Adjusted specifications to optimal levels.,02:24:23,02:45:13,,,6121.57,6801.74
41,152,3,Customer requested extra attention to this area. Cleaned and serviced thoroughly.,03:04:58,03:45:08,,,537.98,597.75
42,308,2,"Encountered slightly rusted bolts which delayed removal, but service completed successfully.",01:56:30,01:44:55,,,6155.56,6839.51
43,74,2,Performed standard service procedure as per manufacturer guidelines.,01:25:57,01:24:26,,,6912.62,7680.69
44,168,7,Performed standard service procedure as per manufacturer guidelines.,03:30:31,03:44:36,,,5942.66,6602.96
45,36,8,"Found minor wear and tear during service, but within acceptable limits.",02:19:43,02:24:59,,,3440.47,3822.74
46,169,8,"Found minor wear and tear during service, but within acceptable limits.",03:37:59,03:47:16,,,6645.15,7383.50
47,95,1,Replaced consumables and tested system. Everything is operating normally.,00:52:34,01:23:45,,,2824.02,3137.80
48,163,3,Performed standard service procedure as per manufacturer guidelines.,01:57:52,01:50:06,,,5563.95,6182.17
49,248,5,Performed standard service procedure as per manufacturer guidelines.,00:38:16,01:16:17,,,4231.45,4701.61
50,497,1,Customer requested extra attention to this area. Cleaned and serviced thoroughly.,03:11:55,03:49:57,,,2654.99,2949.99
51,294,3,Replaced consumables and tested system. Everything is operating normally.,03:46:05,03:57:49,,,2026.54,2251.71
52,130,5,Service completed. Adjusted specifications to optimal levels.,00:51:20,00:56:58,,,1624.67,1805.19
53,141,1,"Found minor wear and tear during service, but within acceptable limits.",01:43:51,01:32:26,,,4044.80,4494.22
54,199,5,"Encountered slightly rusted bolts which delayed removal, but service completed successfully.",02:44:41,03:05:02,,,4750.10,5277.89
55,204,5,Customer requested extra attention to this area. Cleaned and serviced thoroughly.,00:53:24,00:51:03,,,1991.66,2212.95
56,380,6,Replaced consumables and tested system. Everything is operating normally.,01:06:49,01:43:03,,,4923.49,5470.54
57,127,1,Replaced consumables and tested system. Everything is operating normally.,03:30:07,03:56:00,,,6599.04,7332.27
58,12,8,"Encountered slightly rusted bolts which delayed removal, but service completed successfully.",03:53:25,04:22:23,,,940.74,1045.27
59,449,5,Performed standard service procedure as per manufacturer guidelines.,02:35:52,02:44:14,,,6587.53,7319.48
60,377,1,"Found minor wear and tear during service, but within acceptable limits.",02:15:49,02:22:45,,,6628.17,7364.63
61,225,5,Service completed. Adjusted specifications to optimal levels.,03:40:05,03:49:50,,,5483.07,6092.30
62,487,2,Customer requested extra attention to this area. Cleaned and serviced thoroughly.,02:27:15,02:26:55,,,3540.05,3933.39
63,510,3,Replaced consumables and tested system. Everything is operating normally.,02:25:21,02:19:49,,,3077.37,3419.30
64,144,2,Performed standard service procedure as per manufacturer guidelines.,02:01:09,01:58:52,,,1240.07,1377.85
65,73,4,Customer requested extra attention to this area. Cleaned and serviced thoroughly.,00:39:57,00:33:52,,,6204.81,6894.23
66,238,1,"Found minor wear and tear during service, but within acceptable limits.",03:25:49,03:21:08,,,3381.16,3756.84
67,190,7,"Encountered slightly rusted bolts which delayed removal, but service completed successfully.",00:39:41,01:12:00,,,3534.62,3927.36
68,69,6,Performed standard service procedure as per manufacturer guidelines.,00:42:03,00:47:21,,,1933.25,2148.06
69,83,3,"Found minor wear and tear during service, but within acceptable limits.",01:07:19,00:57:11,,,2940.85,3267.61
70,159,7,"Encountered slightly rusted bolts which delayed removal, but service completed successfully.",01:31:10,01:35:31,,,2808.13,3120.14
71,461,7,Service completed. Adjusted specifications to optimal levels.,01:04:58,00:50:57,,,7080.01,7866.68
72,172,7,Service completed. Adjusted specifications to optimal levels.,03:49:52,04:27:55,,,3239.10,3599.00
73,439,8,Service completed. Adjusted specifications to optimal levels.,03:20:27,03:13:30,,,2665.17,2961.30
74,506,1,Service completed. Adjusted specifications to optimal levels.,00:39:38,00:55:17,,,6509.95,7233.28
75,380,8,Service completed. Adjusted specifications to optimal levels.,03:53:32,04:01:56,,,1809.60,2010.67
76,507,6,Performed standard service procedure as per manufacturer guidelines.,02:31:05,02:38:40,,,1137.29,1263.65
77,109,4,Service completed. Adjusted specifications to optimal levels.,01:36:34,02:00:32,,,4453.41,4948.23
78,173,5,Customer requested extra attention to this area. Cleaned and serviced thoroughly.,02:26:32,02:49:14,,,1271.07,1412.30
79,230,2,Replaced consumables and tested system. Everything is operating normally.,00:46:55,01:18:08,,,1530.41,1700.45
80,301,1,Replaced consumables and tested system. Everything is operating normally.,00:33:09,00:52:32,,,6586.34,7318.15
81,438,7,"Encountered slightly rusted bolts which delayed removal, but service completed successfully.",02:34:26,03:18:21,,,7009.90,7788.78
82,53,1,Customer requested extra attention to this area. Cleaned and serviced thoroughly.,01:19:08,01:11:43,,,1206.94,1341.04
83,112,2,"Encountered slightly rusted bolts which delayed removal, but service completed successfully.",03:41:24,03:29:20,,,6365.20,7072.44
84,8,3,Replaced consumables and tested system. Everything is operating normally.,01:59:19,02:41:16,,,2574.14,2860.15
85,482,2,Performed standard service procedure as per manufacturer guidelines.,03:35:05,03:44:33,,,6512.23,7235.81
86,185,8,Customer requested extra attention to this area. Cleaned and serviced thoroughly.,03:30:46,03:48:48,,,4362.43,4847.14
87,261,8,"Encountered slightly rusted bolts which delayed removal, but service completed successfully.",03:31:48,03:43:14,,,4080.38,4533.76
88,371,8,"Found minor wear and tear during service, but within acceptable limits.",01:17:35,01:30:51,,,2576.68,2862.98
89,427,6,Performed standard service procedure as per manufacturer guidelines.,00:56:20,01:10:49,,,4028.51,4476.12
90,187,1,Service completed. Adjusted specifications to optimal levels.,01:22:13,01:27:44,,,1396.14,1551.27
91,509,4,Performed standard service procedure as per manufacturer guidelines.,01:50:27,01:38:31,,,5110.84,5678.71
92,45,7,"Encountered slightly rusted bolts which delayed removal, but service completed successfully.",01:57:02,02:08:50,,,5967.80,6630.89
93,516,3,Performed standard service procedure as per manufacturer guidelines.,02:03:08,02:01:57,,,1325.84,1473.15
94,307,6,Service completed. Adjusted specifications to optimal levels.,01:09:21,00:58:10,,,6387.00,7096.67
95,159,2,"Found minor wear and tear during service, but within acceptable limits.",01:35:29,01:39:04,,,4382.39,4869.32
96,315,7,Replaced consumables and tested system. Everything is operating normally.,01:52:50,01:40:48,,,3527.87,3919.85
97,28,5,Customer requested extra attention to this area. Cleaned and serviced thoroughly.,02:16:12,02:51:35,,,4313.31,4792.57
98,274,6,Performed standard service procedure as per manufacturer guidelines.,03:01:46,03:28:06,,,994.35,1104.83
99,289,3,"Encountered slightly rusted bolts which delayed removal, but service completed successfully.",02:49:12,03:16:40,,,5357.42,5952.69
100,500,1,"Encountered slightly rusted bolts which delayed removal, but service completed successfully.",02:50:03,02:57:36,,,6370.01,7077.79
101,82,2,Performed standard service procedure as per manufacturer guidelines.,02:07:59,02:27:39,,,5851.85,6502.05
102,210,5,Service completed. Adjusted specifications to optimal levels.,01:39:33,01:35:01,,,3805.24,4228.04
103,353,5,"Encountered slightly rusted bolts which delayed removal, but service completed successfully.",03:50:04,03:42:37,,,6577.32,7308.13
104,408,5,Performed standard service procedure as per manufacturer guidelines.,02:52:25,02:45:18,,,4094.98,4549.98
105,57,2,"Encountered slightly rusted bolts which delayed removal, but service completed successfully.",01:11:18,00:57:17,,,2973.44,3303.82
106,216,1,Replaced consumables and tested system. Everything is operating normally.,01:23:23,02:08:18,,,4462.97,4958.85
107,274,2,Replaced consumables and tested system. Everything is operating normally.,03:49:42,04:04:05,,,5822.06,6468.95
108,414,5,Customer requested extra attention to this area. Cleaned and serviced thoroughly.,03:05:06,03:28:52,,,2269.52,2521.69
109,275,4,Customer requested extra attention to this area. Cleaned and serviced thoroughly.,03:41:53,04:07:06,,,2078.06,2308.96
110,136,8,"Found minor wear and tear during service, but within acceptable limits.",00:55:06,01:12:31,,,1200.03,1333.37
111,423,5,Customer requested extra attention to this area. Cleaned and serviced thoroughly.,03:33:13,03:28:00,,,3710.58,4122.87
112,324,8,Performed standard service procedure as per manufacturer guidelines.,03:14:48,03:46:18,,,2830.26,3144.73
113,65,8,Performed standard service procedure as per manufacturer guidelines.,03:01:41,03:19:20,,,6047.51,6719.45
114,345,4,Service completed. Adjusted specifications to optimal levels.,03:57:36,03:54:35,,,5916.20,6573.56
115,79,4,Performed standard service procedure as per manufacturer guidelines.,01:49:05,01:35:33,,,1835.94,2039.93
116,93,4,"Found minor wear and tear during service, but within acceptable limits.",02:06:06,02:47:44,,,1068.21,1186.90
117,23,7,Service completed. Adjusted specifications to optimal levels.,00:50:23,00:55:52,,,1717.55,1908.39
118,396,3,Customer requested extra attention to this area. Cleaned and serviced thoroughly.,02:47:45,02:39:15,,,650.13,722.37
119,475,7,Performed standard service procedure as per manufacturer guidelines.,01:52:51,02:21:13,,,2379.67,2644.08
120,87,5,Service completed. Adjusted specifications to optimal levels.,02:49:53,03:18:11,,,5064.05,5626.72
121,290,3,Service completed. Adjusted specifications to optimal levels.,02:14:07,02:15:29,,,5051.49,5612.77
122,149,8,Replaced consumables and tested system. Everything is operating normally.,03:47:26,03:34:25,,,3344.65,3716.28
123,424,6,Service completed. Adjusted specifications to optimal levels.,01:13:09,01:30:13,,,5670.41,6300.46
124,122,4,"Encountered slightly rusted bolts which delayed removal, but service completed successfully.",02:59:39,02:58:41,,,4889.01,5432.23
125,125,6,Replaced consumables and tested system. Everything is operating normally.,02:46:27,02:45:03,,,1635.20,1816.89
126,272,8,Service completed. Adjusted specifications to optimal levels.,01:39:37,01:54:51,,,1336.51,1485.01
127,512,4,"Encountered slightly rusted bolts which delayed removal, but service completed successfully.",00:41:47,00:50:37,,,870.69,967.43
128,208,6,Customer requested extra attention to this area. Cleaned and serviced thoroughly.,01:26:39,01:27:45,,,1919.16,2132.40
129,344,1,Replaced consumables and tested system. Everything is operating normally.,00:33:06,00:30:48,,,3063.29,3403.65
130,223,5,Customer requested extra attention to this area. Cleaned and serviced thoroughly.,03:42:34,03:31:26,,,4154.10,4615.67
131,318,3,"Encountered slightly rusted bolts which delayed removal, but service completed successfully.",00:57:43,01:28:15,,,2647.12,2941.24
132,210,3,Performed standard service procedure as per manufacturer guidelines.,03:29:07,03:44:11,,,6059.76,6733.07
133,212,5,"Encountered slightly rusted bolts which delayed removal, but service completed successfully.",02:54:19,02:42:23,,,4146.11,4606.79
134,288,4,Performed standard service procedure as per manufacturer guidelines.,03:29:34,03:19:47,,,5820.43,6467.14
135,95,2,Service completed. Adjusted specifications to optimal levels.,01:35:38,01:24:05,,,1886.40,2096.00
136,81,5,"Encountered slightly rusted bolts which delayed removal, but service completed successfully.",01:34:46,01:46:07,,,2727.31,3030.34
137,331,7,"Encountered slightly rusted bolts which delayed removal, but service completed successfully.",01:37:30,01:29:40,,,5417.54,6019.49
138,249,4,Performed standard service procedure as per manufacturer guidelines.,03:51:54,03:47:43,,,1888.66,2098.51
139,32,4,"Encountered slightly rusted bolts which delayed removal, but service completed successfully.",01:16:11,01:59:58,,,4906.74,5451.93
140,251,8,Replaced consumables and tested system. Everything is operating normally.,02:47:30,03:23:24,,,5251.75,5835.28
141,472,7,"Found minor wear and tear during service, but within acceptable limits.",00:30:50,00:29:26,,,5073.37,5637.08
142,31,3,Performed standard service procedure as per manufacturer guidelines.,03:41:41,03:36:35,,,3043.91,3382.12
143,173,6,Customer requested extra attention to this area. Cleaned and serviced thoroughly.,02:34:19,02:55:48,,,3882.23,4313.59
144,4,1,Customer requested extra attention to this area. Cleaned and serviced thoroughly.,00:47:12,01:18:46,,,4216.30,4684.78
145,352,8,"Found minor wear and tear during service, but within acceptable limits.",02:16:32,02:38:33,,,4003.21,4448.01
146,301,8,Service completed. Adjusted specifications to optimal levels.,01:27:32,01:54:38,,,1097.28,1219.20
147,409,4,"Found minor wear and tear during service, but within acceptable limits.",03:09:36,03:39:39,,,5748.05,6386.72
148,12,5,Performed standard service procedure as per manufacturer guidelines.,03:39:06,03:30:18,,,4716.19,5240.21
149,271,6,Service completed. Adjusted specifications to optimal levels.,03:01:15,03:40:24,,,2888.07,3208.97
150,389,8,"Found minor wear and tear during service, but within acceptable limits.",02:26:57,02:47:32,,,4323.20,4803.56
151,507,4,Replaced consumables and tested system. Everything is operating normally.,02:52:05,03:17:13,,,4040.27,4489.19
152,290,5,"Encountered slightly rusted bolts which delayed removal, but service completed successfully.",02:57:02,03:36:22,,,1161.03,1290.03
153,395,5,Customer requested extra attention to this area. Cleaned and serviced thoroughly.,03:20:27,03:16:54,,,2305.59,2561.77
154,419,1,"Found minor wear and tear during service, but within acceptable limits.",02:57:07,02:44:02,,,1159.68,1288.53
155,1,7,Replaced consumables and tested system. Everything is operating normally.,03:01:11,03:37:06,,,3299.72,3666.35
156,43,1,"Found minor wear and tear during service, but within acceptable limits.",02:08:26,02:33:40,,,1209.37,1343.74
157,364,7,Service completed. Adjusted specifications to optimal levels.,02:15:49,02:21:07,,,3182.45,3536.06
158,3,8,Performed standard service procedure as per manufacturer guidelines.,00:40:06,01:19:45,,,5125.64,5695.15
159,440,6,"Found minor wear and tear during service, but within acceptable limits.",01:11:09,01:34:52,,,1859.66,2066.29
160,39,4,Performed standard service procedure as per manufacturer guidelines.,01:47:59,01:36:46,,,2620.03,2911.14
161,37,1,Customer requested extra attention to this area. Cleaned and serviced thoroughly.,03:18:30,03:06:04,,,5639.90,6266.56
162,261,8,Performed standard service procedure as per manufacturer guidelines.,00:55:57,01:09:35,,,1013.89,1126.54
163,495,2,Performed standard service procedure as per manufacturer guidelines.,02:17:34,02:28:01,,,924.87,1027.63
164,294,8,Customer requested extra attention to this area. Cleaned and serviced thoroughly.,02:46:03,02:38:48,,,1914.14,2126.82
165,241,1,"Encountered slightly rusted bolts which delayed removal, but service completed successfully.",00:52:12,01:32:34,,,4121.70,4579.67
166,78,8,Service completed. Adjusted specifications to optimal levels.,01:08:55,01:44:44,,,6070.49,6744.99
167,250,1,"Found minor wear and tear during service, but within acceptable limits.",02:32:44,02:43:42,,,1591.43,1768.25
168,94,1,Performed standard service procedure as per manufacturer guidelines.,00:50:30,01:29:41,,,1188.82,1320.91
169,105,8,Replaced consumables and tested system. Everything is operating normally.,01:54:57,01:42:26,,,5171.02,5745.58
170,274,1,"Encountered slightly rusted bolts which delayed removal, but service completed successfully.",03:51:08,03:50:06,,,6378.21,7086.90
171,18,8,Replaced consumables and tested system. Everything is operating normally.,02:12:51,02:56:18,,,4469.51,4966.12
172,364,2,Service completed. Adjusted specifications to optimal levels.,02:01:53,02:20:20,,,2809.50,3121.67
173,464,5,Replaced consumables and tested system. Everything is operating normally.,00:34:52,01:13:25,,,921.23,1023.59
174,337,6,"Encountered slightly rusted bolts which delayed removal, but service completed successfully.",03:50:28,04:20:42,,,6845.17,7605.74
175,479,5,Replaced consumables and tested system. Everything is operating normally.,03:48:49,03:57:10,,,2210.09,2455.65
176,224,2,Service completed. Adjusted specifications to optimal levels.,01:29:49,02:08:42,,,6699.74,7444.16
177,330,5,Customer requested extra attention to this area. Cleaned and serviced thoroughly.,00:49:31,00:37:39,,,2041.14,2267.93
178,104,1,Performed standard service procedure as per manufacturer guidelines.,00:35:24,01:14:49,,,4809.51,5343.90
179,102,5,Customer requested extra attention to this area. Cleaned and serviced thoroughly.,03:03:07,03:13:38,,,2524.31,2804.79
180,36,4,Service completed. Adjusted specifications to optimal levels.,03:12:00,03:41:52,,,4340.04,4822.27
181,230,7,Service completed. Adjusted specifications to optimal levels.,02:37:22,02:29:59,,,4108.06,4564.51
182,89,5,Service completed. Adjusted specifications to optimal levels.,03:59:14,03:49:46,,,2305.57,2561.74
183,407,3,"Found minor wear and tear during service, but within acceptable limits.",03:55:05,03:59:04,,,5331.34,5923.71
184,285,8,Service completed. Adjusted specifications to optimal levels.,03:07:08,03:10:44,,,2752.98,3058.87
185,124,5,Service completed. Adjusted specifications to optimal levels.,03:26:36,04:07:09,,,2526.03,2806.70
186,259,7,"Encountered slightly rusted bolts which delayed removal, but service completed successfully.",01:34:49,01:26:33,,,6223.31,6914.79
187,30,7,"Encountered slightly rusted bolts which delayed removal, but service completed successfully.",01:49:05,02:30:46,,,5307.71,5897.46
188,81,7,Service completed. Adjusted specifications to optimal levels.,03:19:01,03:43:42,,,5813.79,6459.77
189,231,5,"Found minor wear and tear during service, but within acceptable limits.",02:15:42,02:34:03,,,5543.55,6159.50
190,120,2,Service completed. Adjusted specifications to optimal levels.,02:12:19,02:26:22,,,7138.94,7932.16
191,425,1,Service completed. Adjusted specifications to optimal levels.,02:56:00,03:18:03,,,2694.02,2993.36
192,298,2,"Encountered slightly rusted bolts which delayed removal, but service completed successfully.",00:46:56,00:45:19,,,4975.78,5528.64
193,266,6,"Encountered slightly rusted bolts which delayed removal, but service completed successfully.",02:42:07,03:21:07,,,6285.28,6983.64
194,407,4,"Found minor wear and tear during service, but within acceptable limits.",02:29:06,02:33:02,,,6729.89,7477.66
195,237,1,Replaced consumables and tested system. Everything is operating normally.,01:40:10,02:07:54,,,5350.05,5944.50
196,332,7,Service completed. Adjusted specifications to optimal levels.,01:18:38,01:47:39,,,2535.21,2816.90
197,470,2,Replaced consumables and tested system. Everything is operating normally.,01:43:15,02:00:07,,,4195.45,4661.61
198,468,8,"Encountered slightly rusted bolts which delayed removal, but service completed successfully.",02:56:28,03:18:02,,,1242.78,1380.87
199,478,6,Service completed. Adjusted specifications to optimal levels.,03:24:18,03:52:30,,,5245.79,5828.66
200,326,4,Performed standard service procedure as per manufacturer guidelines.,02:19:21,02:52:44,,,2245.94,2495.49
201,480,7,Customer requested extra attention to this area. Cleaned and serviced thoroughly.,01:32:43,01:37:30,,,6577.85,7308.72
202,452,4,Performed standard service procedure as per manufacturer guidelines.,03:33:44,03:33:23,,,4565.09,5072.32
203,157,2,"Found minor wear and tear during service, but within acceptable limits.",02:59:08,02:54:55,,,6426.53,7140.59
204,34,1,Service completed. Adjusted specifications to optimal levels.,03:53:05,04:03:56,,,1982.14,2202.38
205,484,7,"Found minor wear and tear during service, but within acceptable limits.",01:22:13,01:45:24,,,6378.03,7086.70
206,156,1,Replaced consumables and tested system. Everything is operating normally.,00:44:35,00:45:24,,,2254.68,2505.20
207,480,4,"Encountered slightly rusted bolts which delayed removal, but service completed successfully.",00:46:01,00:46:45,,,6212.11,6902.34
208,414,4,"Encountered slightly rusted bolts which delayed removal, but service completed successfully.",02:20:38,02:09:44,,,3364.89,3738.77
209,476,1,Service completed. Adjusted specifications to optimal levels.,02:57:03,03:32:08,,,4443.31,4937.01
210,509,5,"Found minor wear and tear during service, but within acceptable limits.",01:35:02,02:11:52,,,2065.92,2295.47
211,27,1,Replaced consumables and tested system. Everything is operating normally.,01:54:42,02:14:08,,,3213.50,3570.55
212,32,1,Performed standard service procedure as per manufacturer guidelines.,03:36:46,03:35:25,,,6410.69,7122.99
213,297,8,"Encountered slightly rusted bolts which delayed removal, but service completed successfully.",01:13:16,01:31:40,,,2353.63,2615.14
214,518,1,Customer requested extra attention to this area. Cleaned and serviced thoroughly.,03:48:33,04:25:05,,,3107.93,3453.26
215,414,3,Customer requested extra attention to this area. Cleaned and serviced thoroughly.,03:02:16,03:30:13,,,6440.54,7156.15
216,219,5,Service completed. Adjusted specifications to optimal levels.,02:01:30,02:09:18,,,548.25,609.17
217,371,6,"Found minor wear and tear during service, but within acceptable limits.",02:28:16,02:44:00,,,4305.87,4784.30
218,85,6,"Encountered slightly rusted bolts which delayed removal, but service completed successfully.",03:01:15,02:54:01,,,5727.55,6363.94
219,287,4,"Encountered slightly rusted bolts which delayed removal, but service completed successfully.",02:46:44,03:13:28,,,1541.75,1713.05
220,360,7,Replaced consumables and tested system. Everything is operating normally.,03:30:38,03:44:56,,,1212.83,1347.59
221,285,2,Customer requested extra attention to this area. Cleaned and serviced thoroughly.,01:21:26,01:43:44,,,3168.94,3521.04
222,302,5,Service completed. Adjusted specifications to optimal levels.,01:18:12,01:07:54,,,1253.31,1392.57
223,224,6,"Found minor wear and tear during service, but within acceptable limits.",00:49:14,01:05:05,,,4384.48,4871.64
224,498,7,Service completed. Adjusted specifications to optimal levels.,00:42:26,01:20:52,,,2356.31,2618.12
225,41,1,Replaced consumables and tested system. Everything is operating normally.,03:47:43,03:53:09,,,3702.06,4113.40
226,235,3,Service completed. Adjusted specifications to optimal levels.,00:46:49,00:36:27,,,3664.10,4071.22
227,269,2,Performed standard service procedure as per manufacturer guidelines.,01:47:04,02:01:39,,,1076.55,1196.17
228,447,4,"Found minor wear and tear during service, but within acceptable limits.",01:44:44,01:56:43,,,4124.85,4583.17
229,137,1,Replaced consumables and tested system. Everything is operating normally.,00:52:58,01:28:33,,,3181.72,3535.24
230,494,7,Service completed. Adjusted specifications to optimal levels.,02:07:20,02:29:27,,,6353.76,7059.73
231,97,4,Service completed. Adjusted specifications to optimal levels.,01:06:35,01:33:43,,,4579.69,5088.54
232,505,5,Service completed. Adjusted specifications to optimal levels.,01:08:09,01:11:12,,,5892.17,6546.85
233,251,2,"Encountered slightly rusted bolts which delayed removal, but service completed successfully.",01:15:45,01:02:57,,,2135.68,2372.98
234,427,7,Service completed. Adjusted specifications to optimal levels.,03:47:56,04:01:59,,,1861.59,2068.43
235,73,5,Customer requested extra attention to this area. Cleaned and serviced thoroughly.,03:44:50,04:00:04,,,6986.39,7762.65
236,20,7,Replaced consumables and tested system. Everything is operating normally.,03:55:10,03:45:03,,,6097.00,6774.44
237,433,5,"Encountered slightly rusted bolts which delayed removal, but service completed successfully.",01:58:00,02:11:58,,,1475.82,1639.80
238,452,8,Customer requested extra attention to this area. Cleaned and serviced thoroughly.,02:27:26,02:38:21,,,892.04,991.15
239,179,1,Customer requested extra attention to this area. Cleaned and serviced thoroughly.,02:13:13,02:30:08,,,5474.45,6082.72
240,497,7,Customer requested extra attention to this area. Cleaned and serviced thoroughly.,02:27:21,03:06:26,,,539.21,599.12
241,320,8,Service completed. Adjusted specifications to optimal levels.,01:27:44,02:12:33,,,5809.24,6454.71
242,298,3,Performed standard service procedure as per manufacturer guidelines.,01:09:44,01:23:42,,,3320.98,3689.98
243,287,3,"Encountered slightly rusted bolts which delayed removal, but service completed successfully.",02:50:44,02:57:28,,,4137.45,4597.17
244,263,5,"Found minor wear and tear during service, but within acceptable limits.",02:20:55,02:28:32,,,2129.47,2366.08
245,49,8,Performed standard service procedure as per manufacturer guidelines.,01:13:52,01:48:08,,,3775.61,4195.12
246,236,3,"Found minor wear and tear during service, but within acceptable limits.",01:46:28,01:43:19,,,3551.92,3946.58
247,297,6,Service completed. Adjusted specifications to optimal levels.,01:51:13,01:59:23,,,7069.21,7854.68
248,466,8,"Found minor wear and tear during service, but within acceptable limits.",01:43:49,02:24:25,,,1962.83,2180.92
249,364,1,Replaced consumables and tested system. Everything is operating normally.,01:06:56,01:04:09,,,1510.29,1678.10
250,438,4,"Encountered slightly rusted bolts which delayed removal, but service completed successfully.",02:51:51,03:03:25,,,6374.23,7082.48
251,326,1,Replaced consumables and tested system. Everything is operating normally.,02:18:44,03:01:39,,,756.23,840.26
252,187,1,"Encountered slightly rusted bolts which delayed removal, but service completed successfully.",02:23:26,02:50:49,,,6137.40,6819.33
253,206,2,"Encountered slightly rusted bolts which delayed removal, but service completed successfully.",01:20:40,01:43:40,,,1378.60,1531.78
254,502,6,"Encountered slightly rusted bolts which delayed removal, but service completed successfully.",00:41:13,00:53:32,,,5512.14,6124.60
255,455,7,Service completed. Adjusted specifications to optimal levels.,02:44:49,03:27:53,,,2780.68,3089.64
256,154,6,Replaced consumables and tested system. Everything is operating normally.,00:42:50,00:41:51,,,3437.27,3819.19
257,237,4,"Found minor wear and tear during service, but within acceptable limits.",02:57:45,03:33:26,,,2799.91,3111.01
258,221,6,Customer requested extra attention to this area. Cleaned and serviced thoroughly.,03:02:15,03:33:24,,,6401.84,7113.16
259,114,2,"Found minor wear and tear during service, but within acceptable limits.",01:25:34,01:53:19,,,6795.69,7550.77
260,74,8,Customer requested extra attention to this area. Cleaned and serviced thoroughly.,03:23:57,03:11:23,,,5658.31,6287.01
261,453,4,Replaced consumables and tested system. Everything is operating normally.,01:55:33,02:37:54,,,587.58,652.87
262,427,7,"Encountered slightly rusted bolts which delayed removal, but service completed successfully.",01:55:47,02:22:38,,,2934.12,3260.13
263,154,7,"Found minor wear and tear during service, but within acceptable limits.",02:10:00,02:06:12,,,6961.57,7735.08
264,100,2,Replaced consumables and tested system. Everything is operating normally.,01:37:19,02:05:48,,,4720.75,5245.28
265,299,5,Replaced consumables and tested system. Everything is operating normally.,02:24:10,02:40:49,,,4141.48,4601.64
266,477,8,Replaced consumables and tested system. Everything is operating normally.,03:03:13,03:05:27,,,6580.95,7312.17
267,165,2,Replaced consumables and tested system. Everything is operating normally.,02:06:37,01:56:01,,,3209.58,3566.20
268,126,6,"Found minor wear and tear during service, but within acceptable limits.",03:22:04,04:00:35,,,2072.12,2302.36
269,38,6,Replaced consumables and tested system. Everything is operating normally.,02:43:38,03:25:06,,,545.87,606.52
270,513,1,Performed standard service procedure as per manufacturer guidelines.,03:52:32,04:13:13,,,5519.55,6132.83
271,61,6,"Found minor wear and tear during service, but within acceptable limits.",03:48:46,04:31:23,,,4591.86,5102.07
272,390,1,"Found minor wear and tear during service, but within acceptable limits.",03:13:15,03:42:58,,,1820.31,2022.57
273,285,1,Performed standard service procedure as per manufacturer guidelines.,01:42:51,01:47:55,,,2151.61,2390.68
274,518,3,Replaced consumables and tested system. Everything is operating normally.,01:42:27,01:29:40,,,1393.54,1548.38
275,29,7,"Found minor wear and tear during service, but within acceptable limits.",02:02:40,02:23:32,,,4503.37,5003.74
276,428,5,"Found minor wear and tear during service, but within acceptable limits.",03:01:10,03:10:28,,,1770.31,1967.01
277,273,6,Replaced consumables and tested system. Everything is operating normally.,01:47:02,02:08:18,,,871.24,968.04
278,70,1,"Found minor wear and tear during service, but within acceptable limits.",01:22:31,01:29:18,,,2536.24,2818.04
279,34,1,"Found minor wear and tear during service, but within acceptable limits.",02:27:45,03:04:07,,,4291.61,4768.46
280,439,6,"Found minor wear and tear during service, but within acceptable limits.",03:18:13,03:19:37,,,901.67,1001.85
281,494,2,Service completed. Adjusted specifications to optimal levels.,03:38:13,04:06:14,,,2635.97,2928.86
282,428,3,"Found minor wear and tear during service, but within acceptable limits.",01:57:22,02:24:24,,,4562.76,5069.73
283,88,1,Performed standard service procedure as per manufacturer guidelines.,02:23:31,02:38:59,,,5629.04,6254.49
284,424,1,"Found minor wear and tear during service, but within acceptable limits.",02:41:02,03:03:55,,,2904.71,3227.45
285,443,4,"Encountered slightly rusted bolts which delayed removal, but service completed successfully.",03:46:33,04:26:34,,,4602.31,5113.68
286,77,1,Service completed. Adjusted specifications to optimal levels.,03:25:15,03:44:33,,,5500.41,6111.57
287,265,5,"Encountered slightly rusted bolts which delayed removal, but service completed successfully.",03:13:04,03:05:48,,,852.05,946.72
288,396,2,Performed standard service procedure as per manufacturer guidelines.,02:54:36,02:58:49,,,2776.76,3085.29
289,434,5,Service completed. Adjusted specifications to optimal levels.,02:30:01,02:32:01,,,3843.37,4270.41
290,455,4,"Found minor wear and tear during service, but within acceptable limits.",02:32:14,02:32:57,,,3442.11,3824.57
291,39,1,"Encountered slightly rusted bolts which delayed removal, but service completed successfully.",02:23:21,02:55:36,,,3289.11,3654.57
292,520,3,Service completed. Adjusted specifications to optimal levels.,03:54:01,03:41:30,,,3638.92,4043.24
293,415,4,Customer requested extra attention to this area. Cleaned and serviced thoroughly.,02:56:31,02:56:06,,,6078.48,6753.87
294,150,5,"Encountered slightly rusted bolts which delayed removal, but service completed successfully.",02:36:11,03:18:46,,,5559.71,6177.45
295,441,6,Customer requested extra attention to this area. Cleaned and serviced thoroughly.,03:08:52,03:44:13,,,812.21,902.46
296,512,5,Customer requested extra attention to this area. Cleaned and serviced thoroughly.,01:54:04,02:14:20,,,6475.88,7195.42
297,375,6,"Found minor wear and tear during service, but within acceptable limits.",03:54:47,03:42:01,,,6294.41,6993.79
298,458,3,Performed standard service procedure as per manufacturer guidelines.,01:42:30,02:10:12,,,4843.18,5381.31
299,153,6,Customer requested extra attention to this area. Cleaned and serviced thoroughly.,03:52:01,04:05:11,,,6694.14,7437.93
300,389,1,Customer requested extra attention to this area. Cleaned and serviced thoroughly.,02:10:58,02:32:51,,,3368.47,3742.74
301,385,2,Service completed. Adjusted specifications to optimal levels.,00:53:05,01:26:34,,,6682.55,7425.06
302,80,2,Replaced consumables and tested system. Everything is operating normally.,02:05:19,02:48:01,,,604.94,672.16
303,446,6,Replaced consumables and tested system. Everything is operating normally.,02:21:13,02:17:22,,,1667.51,1852.79
304,26,7,"Encountered slightly rusted bolts which delayed removal, but service completed successfully.",02:41:06,03:24:09,,,3958.67,4398.52
305,9,2,"Encountered slightly rusted bolts which delayed removal, but service completed successfully.",01:09:28,00:55:30,,,5287.95,5875.50
306,20,4,Performed standard service procedure as per manufacturer guidelines.,01:03:32,01:23:03,,,6509.55,7232.83
307,433,5,Service completed. Adjusted specifications to optimal levels.,01:34:57,01:41:34,,,5329.75,5921.94
308,74,1,Customer requested extra attention to this area. Cleaned and serviced thoroughly.,02:26:43,02:41:54,,,4874.45,5416.06
309,241,8,Service completed. Adjusted specifications to optimal levels.,01:56:18,02:01:24,,,5857.05,6507.83
310,486,6,Service completed. Adjusted specifications to optimal levels.,01:52:49,01:58:02,,,2347.35,2608.17
311,394,4,"Found minor wear and tear during service, but within acceptable limits.",03:31:53,03:33:34,,,3915.28,4350.31
312,73,7,Customer requested extra attention to this area. Cleaned and serviced thoroughly.,02:22:44,02:19:24,,,3757.33,4174.81
313,510,6,Performed standard service procedure as per manufacturer guidelines.,02:39:10,03:02:46,,,7032.39,7813.77
314,370,7,"Found minor wear and tear during service, but within acceptable limits.",03:07:30,03:50:08,,,5031.04,5590.04
315,307,2,"Found minor wear and tear during service, but within acceptable limits.",03:23:13,03:33:42,,,5772.93,6414.37
316,24,2,Performed standard service procedure as per manufacturer guidelines.,01:00:49,01:37:41,,,7032.07,7813.41
317,185,5,Replaced consumables and tested system. Everything is operating normally.,01:53:26,02:26:41,,,4622.27,5135.86
318,88,7,Replaced consumables and tested system. Everything is operating normally.,03:49:01,04:28:45,,,3560.83,3956.48
319,100,2,Replaced consumables and tested system. Everything is operating normally.,01:25:10,01:50:22,,,927.67,1030.74
320,448,8,Customer requested extra attention to this area. Cleaned and serviced thoroughly.,01:54:21,02:12:35,,,5147.81,5719.79
321,124,7,Replaced consumables and tested system. Everything is operating normally.,03:54:52,04:09:25,,,6470.31,7189.23
322,180,6,Service completed. Adjusted specifications to optimal levels.,00:59:39,01:32:31,,,2477.63,2752.92
323,251,1,"Encountered slightly rusted bolts which delayed removal, but service completed successfully.",01:54:56,02:03:01,,,6916.24,7684.71
324,135,4,Performed standard service procedure as per manufacturer guidelines.,00:32:38,00:40:11,,,3073.97,3415.52
325,503,5,"Encountered slightly rusted bolts which delayed removal, but service completed successfully.",02:28:27,02:58:20,,,4912.96,5458.84
326,314,2,Service completed. Adjusted specifications to optimal levels.,02:27:11,02:49:56,,,4937.97,5486.63
327,174,6,Replaced consumables and tested system. Everything is operating normally.,01:55:14,02:25:46,,,6259.93,6955.48
328,61,6,Replaced consumables and tested system. Everything is operating normally.,03:08:29,03:39:52,,,4189.69,4655.21
329,458,8,"Found minor wear and tear during service, but within acceptable limits.",02:06:48,02:13:08,,,5979.97,6644.41
330,47,8,Replaced consumables and tested system. Everything is operating normally.,03:23:18,03:11:20,,,4601.59,5112.88
331,344,2,Customer requested extra attention to this area. Cleaned and serviced thoroughly.,01:01:45,00:54:52,,,6234.51,6927.23
332,489,7,Service completed. Adjusted specifications to optimal levels.,03:50:00,04:17:59,,,4908.21,5453.57
333,238,3,Performed standard service procedure as per manufacturer guidelines.,00:35:06,00:43:00,,,491.03,545.59
334,202,6,"Encountered slightly rusted bolts which delayed removal, but service completed successfully.",00:35:01,00:36:07,,,3140.24,3489.16
335,223,8,"Encountered slightly rusted bolts which delayed removal, but service completed successfully.",01:57:17,01:43:47,,,1621.11,1801.23
336,495,1,Service completed. Adjusted specifications to optimal levels.,02:02:03,01:54:06,,,6408.20,7120.22
337,499,8,Customer requested extra attention to this area. Cleaned and serviced thoroughly.,02:54:30,03:09:04,,,6794.54,7549.49
338,323,7,Replaced consumables and tested system. Everything is operating normally.,03:30:48,03:36:10,,,4893.32,5437.02
339,205,6,Performed standard service procedure as per manufacturer guidelines.,01:03:03,01:25:20,,,3812.57,4236.19
340,207,8,Performed standard service procedure as per manufacturer guidelines.,01:32:36,01:25:04,,,1742.59,1936.21
341,515,5,"Encountered slightly rusted bolts which delayed removal, but service completed successfully.",02:00:48,02:18:32,,,6908.01,7675.57
342,137,6,Customer requested extra attention to this area. Cleaned and serviced thoroughly.,02:10:59,02:48:42,,,4425.63,4917.37
343,254,5,"Encountered slightly rusted bolts which delayed removal, but service completed successfully.",02:00:37,02:08:50,,,2510.93,2789.92
344,227,4,Replaced consumables and tested system. Everything is operating normally.,01:09:18,01:03:28,,,3044.59,3382.88
345,423,5,Service completed. Adjusted specifications to optimal levels.,01:27:28,02:01:44,,,5202.62,5780.69
346,447,2,"Found minor wear and tear during service, but within acceptable limits.",02:34:17,03:03:13,,,2728.88,3032.09
347,447,7,Replaced consumables and tested system. Everything is operating normally.,03:40:16,04:17:20,,,6112.91,6792.12
348,316,5,Performed standard service procedure as per manufacturer guidelines.,00:40:19,00:42:49,,,1555.81,1728.68
349,395,3,Performed standard service procedure as per manufacturer guidelines.,03:35:50,03:47:16,,,3157.42,3508.24
350,288,2,"Found minor wear and tear during service, but within acceptable limits.",00:52:20,00:53:30,,,6483.81,7204.23
351,224,2,Customer requested extra attention to this area. Cleaned and serviced thoroughly.,01:41:50,01:46:57,,,2766.81,3074.23
352,267,8,"Found minor wear and tear during service, but within acceptable limits.",02:32:58,02:52:17,,,5512.40,6124.89
353,108,6,"Found minor wear and tear during service, but within acceptable limits.",02:01:39,02:05:15,,,969.41,1077.12
354,34,6,Customer requested extra attention to this area. Cleaned and serviced thoroughly.,02:28:24,03:01:27,,,1784.16,1982.40
355,318,6,Replaced consumables and tested system. Everything is operating normally.,02:05:14,02:28:37,,,4848.38,5387.09
356,195,4,Customer requested extra attention to this area. Cleaned and serviced thoroughly.,03:54:01,04:01:14,,,6103.95,6782.17
357,298,7,Customer requested extra attention to this area. Cleaned and serviced thoroughly.,01:26:16,01:44:22,,,6221.54,6912.82
358,89,3,"Encountered slightly rusted bolts which delayed removal, but service completed successfully.",01:52:15,02:24:44,,,5129.66,5699.62
359,265,2,Service completed. Adjusted specifications to optimal levels.,03:59:57,04:19:42,,,4309.14,4787.93
360,206,8,Service completed. Adjusted specifications to optimal levels.,03:58:45,03:47:25,,,7049.57,7832.85
361,451,2,Replaced consumables and tested system. Everything is operating normally.,02:52:38,02:55:52,,,4939.16,5487.96
362,28,1,Replaced consumables and tested system. Everything is operating normally.,02:11:21,02:12:35,,,1296.77,1440.86
363,157,5,"Encountered slightly rusted bolts which delayed removal, but service completed successfully.",01:56:41,02:12:17,,,4384.49,4871.66
364,231,1,Replaced consumables and tested system. Everything is operating normally.,03:48:29,04:17:07,,,6219.37,6910.41
365,150,7,Customer requested extra attention to this area. Cleaned and serviced thoroughly.,02:23:42,02:26:44,,,5068.61,5631.79
366,129,8,"Found minor wear and tear during service, but within acceptable limits.",01:35:08,01:40:15,,,2639.14,2932.38
367,194,2,"Encountered slightly rusted bolts which delayed removal, but service completed successfully.",02:47:50,02:48:14,,,1561.82,1735.36
368,489,6,"Encountered slightly rusted bolts which delayed removal, but service completed successfully.",01:59:47,02:36:01,,,3693.63,4104.03
369,115,3,Replaced consumables and tested system. Everything is operating normally.,01:26:50,01:44:35,,,5181.64,5757.38
370,8,4,"Encountered slightly rusted bolts which delayed removal, but service completed successfully.",00:57:16,01:07:05,,,6202.33,6891.48
371,139,5,"Found minor wear and tear during service, but within acceptable limits.",00:44:44,01:25:38,,,2827.14,3141.27
372,396,2,Replaced consumables and tested system. Everything is operating normally.,01:28:38,01:41:53,,,900.03,1000.03
373,18,5,"Encountered slightly rusted bolts which delayed removal, but service completed successfully.",02:33:59,02:33:23,,,3278.84,3643.15
374,380,7,Service completed. Adjusted specifications to optimal levels.,03:48:14,03:50:18,,,6542.27,7269.19
375,45,6,Service completed. Adjusted specifications to optimal levels.,01:31:11,01:59:56,,,2536.49,2818.32
376,20,4,"Found minor wear and tear during service, but within acceptable limits.",02:50:49,02:46:33,,,2168.47,2409.41
377,517,6,"Encountered slightly rusted bolts which delayed removal, but service completed successfully.",00:54:33,00:55:04,,,2045.27,2272.52
378,254,5,"Found minor wear and tear during service, but within acceptable limits.",02:03:52,02:03:43,,,5705.80,6339.78
379,458,7,Performed standard service procedure as per manufacturer guidelines.,01:44:55,02:01:55,,,4821.07,5356.74
380,474,3,"Encountered slightly rusted bolts which delayed removal, but service completed successfully.",03:05:22,03:40:01,,,4242.83,4714.26
381,36,3,Performed standard service procedure as per manufacturer guidelines.,03:16:51,03:12:52,,,6312.47,7013.85
382,273,6,Performed standard service procedure as per manufacturer guidelines.,03:40:57,03:54:25,,,1823.20,2025.78
383,484,5,Performed standard service procedure as per manufacturer guidelines.,00:36:40,00:41:08,,,1383.80,1537.55
384,483,3,"Found minor wear and tear during service, but within acceptable limits.",01:54:17,02:34:54,,,653.21,725.79
385,308,5,Customer requested extra attention to this area. Cleaned and serviced thoroughly.,00:40:50,00:48:27,,,5760.02,6400.02
386,292,2,Replaced consumables and tested system. Everything is operating normally.,02:29:59,02:43:14,,,4171.33,4634.81
387,277,2,Service completed. Adjusted specifications to optimal levels.,01:31:31,01:18:12,,,5011.03,5567.81
388,185,2,Service completed. Adjusted specifications to optimal levels.,01:43:59,02:10:23,,,2450.85,2723.17
389,449,2,Customer requested extra attention to this area. Cleaned and serviced thoroughly.,02:28:08,02:39:13,,,7159.98,7955.53
390,373,4,"Found minor wear and tear during service, but within acceptable limits.",03:09:21,03:02:29,,,2670.52,2967.24
391,6,2,Customer requested extra attention to this area. Cleaned and serviced thoroughly.,03:59:54,04:43:46,,,6423.06,7136.73
392,474,3,"Encountered slightly rusted bolts which delayed removal, but service completed successfully.",00:35:33,01:09:52,,,5091.76,5657.51
393,264,8,Performed standard service procedure as per manufacturer guidelines.,01:47:13,02:06:45,,,5516.33,6129.25
394,265,1,"Found minor wear and tear during service, but within acceptable limits.",02:41:19,02:41:09,,,3595.19,3994.65
395,96,5,"Encountered slightly rusted bolts which delayed removal, but service completed successfully.",03:36:08,03:31:35,,,4761.08,5290.09
396,239,7,Service completed. Adjusted specifications to optimal levels.,02:29:24,02:58:34,,,6102.00,6780.00
397,413,1,"Found minor wear and tear during service, but within acceptable limits.",00:56:37,01:02:14,,,5699.43,6332.70
398,191,1,Service completed. Adjusted specifications to optimal levels.,02:18:58,03:03:57,,,3307.43,3674.92
399,376,1,"Encountered slightly rusted bolts which delayed removal, but service completed successfully.",02:41:05,03:05:15,,,7147.42,7941.58
400,19,5,"Found minor wear and tear during service, but within acceptable limits.",01:44:13,02:02:42,,,5424.73,6027.48
401,65,6,Replaced consumables and tested system. Everything is operating normally.,02:24:06,02:48:17,,,3446.38,3829.31
402,492,1,Replaced consumables and tested system. Everything is operating normally.,00:35:35,01:11:15,,,4438.13,4931.26
403,224,1,"Found minor wear and tear during service, but within acceptable limits.",00:42:06,01:18:25,,,4496.53,4996.14
404,485,4,"Found minor wear and tear during service, but within acceptable limits.",02:04:35,02:02:20,,,1008.98,1121.09
405,231,8,"Encountered slightly rusted bolts which delayed removal, but service completed successfully.",01:01:06,01:31:38,,,3677.51,4086.12
406,469,8,Customer requested extra attention to this area. Cleaned and serviced thoroughly.,01:46:51,02:03:44,,,4770.64,5300.71
407,26,5,Customer requested extra attention to this area. Cleaned and serviced thoroughly.,01:57:20,01:47:42,,,5548.23,6164.70
408,433,7,Customer requested extra attention to this area. Cleaned and serviced thoroughly.,02:42:18,03:02:39,,,1059.47,1177.19
409,392,8,Service completed. Adjusted specifications to optimal levels.,00:41:17,01:18:26,,,4566.96,5074.40
410,144,7,Service completed. Adjusted specifications to optimal levels.,00:35:36,00:24:01,,,4318.66,4798.51
411,412,6,"Encountered slightly rusted bolts which delayed removal, but service completed successfully.",03:46:18,03:35:11,,,2231.61,2479.57
412,85,6,"Encountered slightly rusted bolts which delayed removal, but service completed successfully.",02:42:44,03:05:49,,,563.27,625.86
413,201,3,Performed standard service procedure as per manufacturer guidelines.,00:32:59,00:46:12,,,1298.79,1443.10
414,189,4,Replaced consumables and tested system. Everything is operating normally.,03:52:07,04:34:39,,,6475.75,7195.28
415,205,5,Replaced consumables and tested system. Everything is operating normally.,02:49:05,03:20:52,,,589.62,655.13
416,403,5,"Found minor wear and tear during service, but within acceptable limits.",01:45:36,02:29:24,,,1655.78,1839.75
417,519,8,"Found minor wear and tear during service, but within acceptable limits.",02:52:12,03:20:05,,,1676.62,1862.91
418,54,1,Replaced consumables and tested system. Everything is operating normally.,03:00:16,03:19:38,,,2476.69,2751.88
419,386,3,Performed standard service procedure as per manufacturer guidelines.,03:09:03,03:37:31,,,2065.01,2294.46
420,197,5,Replaced consumables and tested system. Everything is operating normally.,02:44:11,03:07:45,,,3918.11,4353.46
421,346,1,"Encountered slightly rusted bolts which delayed removal, but service completed successfully.",02:35:21,02:57:28,,,5064.27,5626.97
422,440,7,"Encountered slightly rusted bolts which delayed removal, but service completed successfully.",01:36:06,02:00:32,,,5435.42,6039.36
423,507,3,Customer requested extra attention to this area. Cleaned and serviced thoroughly.,01:26:24,01:12:18,,,1139.59,1266.21
424,47,5,Service completed. Adjusted specifications to optimal levels.,00:36:49,01:12:04,,,4969.63,5521.81
425,171,4,"Encountered slightly rusted bolts which delayed removal, but service completed successfully.",02:02:21,02:15:49,,,2321.85,2579.83
426,383,1,"Found minor wear and tear during service, but within acceptable limits.",00:32:42,00:57:36,,,4117.97,4575.52
427,448,5,Performed standard service procedure as per manufacturer guidelines.,02:38:59,02:46:10,,,7144.25,7938.06
428,216,4,"Encountered slightly rusted bolts which delayed removal, but service completed successfully.",00:53:25,00:40:23,,,4406.31,4895.90
429,129,1,"Found minor wear and tear during service, but within acceptable limits.",03:31:27,03:40:25,,,4185.86,4650.95
430,441,2,"Encountered slightly rusted bolts which delayed removal, but service completed successfully.",03:43:25,03:33:17,,,2658.02,2953.35
431,424,8,"Encountered slightly rusted bolts which delayed removal, but service completed successfully.",02:09:53,02:36:19,,,612.69,680.77
432,138,1,Service completed. Adjusted specifications to optimal levels.,01:29:34,01:25:02,,,3673.60,4081.78
433,125,4,Performed standard service procedure as per manufacturer guidelines.,00:52:36,00:52:38,,,4366.35,4851.50
434,178,7,Performed standard service procedure as per manufacturer guidelines.,02:29:15,02:48:28,,,3005.96,3339.96
435,357,5,Performed standard service procedure as per manufacturer guidelines.,01:23:31,01:18:26,,,3543.77,3937.52
436,26,6,Customer requested extra attention to this area. Cleaned and serviced thoroughly.,01:48:03,02:17:04,,,1751.23,1945.81
437,305,3,"Encountered slightly rusted bolts which delayed removal, but service completed successfully.",02:29:37,02:28:14,,,2245.24,2494.71
438,249,1,Customer requested extra attention to this area. Cleaned and serviced thoroughly.,02:15:59,02:46:55,,,1894.46,2104.96
439,453,2,Performed standard service procedure as per manufacturer guidelines.,01:58:55,02:00:08,,,5866.88,6518.76
440,346,6,Performed standard service procedure as per manufacturer guidelines.,03:08:14,03:25:46,,,5930.15,6589.06
441,118,3,Service completed. Adjusted specifications to optimal levels.,03:07:59,03:52:55,,,5725.84,6362.04
442,366,6,Performed standard service procedure as per manufacturer guidelines.,01:56:25,02:14:49,,,4269.63,4744.03
443,213,3,Replaced consumables and tested system. Everything is operating normally.,02:07:44,02:51:25,,,4082.25,4535.83
444,7,1,Replaced consumables and tested system. Everything is operating normally.,02:29:54,02:48:16,,,4699.10,5221.22
445,57,2,Service completed. Adjusted specifications to optimal levels.,03:43:53,04:07:29,,,4417.98,4908.87
446,49,5,"Found minor wear and tear during service, but within acceptable limits.",03:32:16,04:08:43,,,5982.31,6647.01
447,171,6,"Encountered slightly rusted bolts which delayed removal, but service completed successfully.",00:34:51,00:40:20,,,5947.07,6607.85
448,231,7,Performed standard service procedure as per manufacturer guidelines.,03:12:37,03:26:35,,,4085.09,4538.99
449,214,2,Customer requested extra attention to this area. Cleaned and serviced thoroughly.,01:43:50,01:40:03,,,2378.85,2643.17
450,73,5,Customer requested extra attention to this area. Cleaned and serviced thoroughly.,01:48:15,02:04:32,,,634.40,704.89
451,421,3,"Encountered slightly rusted bolts which delayed removal, but service completed successfully.",01:01:56,01:39:02,,,4426.81,4918.68
452,372,3,Performed standard service procedure as per manufacturer guidelines.,03:00:51,03:33:36,,,4093.77,4548.63
453,324,1,"Found minor wear and tear during service, but within acceptable limits.",02:31:51,02:48:09,,,5571.47,6190.52
454,315,5,Service completed. Adjusted specifications to optimal levels.,03:52:04,03:56:04,,,1561.90,1735.44
455,446,2,"Found minor wear and tear during service, but within acceptable limits.",02:42:30,02:49:11,,,4316.05,4795.61
456,121,4,Service completed. Adjusted specifications to optimal levels.,02:23:40,02:34:43,,,6206.71,6896.34
457,80,6,Customer requested extra attention to this area. Cleaned and serviced thoroughly.,03:27:52,03:57:21,,,1547.42,1719.35
458,373,3,Customer requested extra attention to this area. Cleaned and serviced thoroughly.,01:56:24,02:27:08,,,751.93,835.48
459,137,5,Replaced consumables and tested system. Everything is operating normally.,01:19:36,01:29:21,,,6385.42,7094.91
460,110,2,"Found minor wear and tear during service, but within acceptable limits.",02:50:50,03:20:36,,,594.40,660.44
461,235,5,"Encountered slightly rusted bolts which delayed removal, but service completed successfully.",03:07:50,03:30:08,,,5441.60,6046.22
462,197,7,Performed standard service procedure as per manufacturer guidelines.,00:37:51,01:06:48,,,6579.96,7311.07
463,476,1,Customer requested extra attention to this area. Cleaned and serviced thoroughly.,03:51:04,04:23:09,,,6112.22,6791.35
464,279,1,"Encountered slightly rusted bolts which delayed removal, but service completed successfully.",01:59:00,02:42:41,,,5647.44,6274.93
465,512,1,Service completed. Adjusted specifications to optimal levels.,00:50:20,00:56:00,,,4012.63,4458.48
466,515,4,"Encountered slightly rusted bolts which delayed removal, but service completed successfully.",01:03:34,01:33:19,,,7176.11,7973.45
467,351,4,Customer requested extra attention to this area. Cleaned and serviced thoroughly.,02:25:22,03:06:21,,,3174.57,3527.30
468,395,5,Replaced consumables and tested system. Everything is operating normally.,01:18:14,01:25:39,,,5530.25,6144.72
469,172,5,Customer requested extra attention to this area. Cleaned and serviced thoroughly.,03:20:33,03:51:06,,,5067.10,5630.11
470,339,5,Replaced consumables and tested system. Everything is operating normally.,01:51:45,02:09:08,,,1998.56,2220.62
471,328,4,"Found minor wear and tear during service, but within acceptable limits.",01:49:00,02:08:59,,,1334.30,1482.56
472,334,8,"Encountered slightly rusted bolts which delayed removal, but service completed successfully.",03:49:22,04:02:09,,,863.16,959.07
473,47,8,"Found minor wear and tear during service, but within acceptable limits.",02:15:10,02:30:43,,,5658.27,6286.97
474,310,3,"Encountered slightly rusted bolts which delayed removal, but service completed successfully.",00:33:09,00:36:24,,,2539.37,2821.52
475,39,5,Performed standard service procedure as per manufacturer guidelines.,03:33:30,03:31:19,,,4877.60,5419.56
476,219,5,Service completed. Adjusted specifications to optimal levels.,02:29:21,02:45:26,,,6409.94,7122.15
477,298,5,Performed standard service procedure as per manufacturer guidelines.,01:33:20,02:17:05,,,3552.89,3947.66
478,223,5,"Found minor wear and tear during service, but within acceptable limits.",00:50:22,01:18:07,,,2100.37,2333.74
479,370,1,"Found minor wear and tear during service, but within acceptable limits.",02:47:10,03:29:58,,,5272.07,5857.86
480,405,4,Service completed. Adjusted specifications to optimal levels.,03:10:31,03:36:45,,,705.44,783.82
481,215,8,"Found minor wear and tear during service, but within acceptable limits.",02:18:57,02:47:56,,,2465.37,2739.30
482,331,1,Replaced consumables and tested system. Everything is operating normally.,01:48:50,01:51:04,,,5752.90,6392.11
483,342,2,Performed standard service procedure as per manufacturer guidelines.,02:22:41,02:49:46,,,6791.49,7546.10
484,378,6,"Encountered slightly rusted bolts which delayed removal, but service completed successfully.",01:00:01,01:10:14,,,4454.85,4949.83
485,317,6,Service completed. Adjusted specifications to optimal levels.,02:52:54,03:05:35,,,2051.85,2279.83
486,186,6,Replaced consumables and tested system. Everything is operating normally.,03:09:15,03:16:27,,,1209.27,1343.63
487,55,5,Customer requested extra attention to this area. Cleaned and serviced thoroughly.,02:13:23,02:01:46,,,461.66,512.96
488,186,5,"Encountered slightly rusted bolts which delayed removal, but service completed successfully.",02:28:21,02:22:16,,,3288.92,3654.36
489,249,4,Replaced consumables and tested system. Everything is operating normally.,03:18:54,03:27:43,,,1179.74,1310.82
490,320,8,Replaced consumables and tested system. Everything is operating normally.,02:31:34,02:50:30,,,6083.92,6759.91
491,377,1,Customer requested extra attention to this area. Cleaned and serviced thoroughly.,02:41:31,02:48:30,,,6686.08,7428.98
492,487,1,"Found minor wear and tear during service, but within acceptable limits.",01:25:09,02:00:53,,,5857.64,6508.49
493,126,5,Replaced consumables and tested system. Everything is operating normally.,02:03:12,02:25:11,,,5626.60,6251.78
494,425,7,Performed standard service procedure as per manufacturer guidelines.,01:38:15,02:07:16,,,5669.90,6299.89
495,400,5,Customer requested extra attention to this area. Cleaned and serviced thoroughly.,02:32:25,02:22:13,,,6877.11,7641.23
496,266,5,Customer requested extra attention to this area. Cleaned and serviced thoroughly.,03:41:39,03:51:02,,,3584.59,3982.88
497,489,4,Service completed. Adjusted specifications to optimal levels.,02:56:05,03:05:39,,,1760.85,1956.50
498,281,4,"Found minor wear and tear during service, but within acceptable limits.",03:26:50,04:04:22,,,6280.78,6978.64
499,494,5,"Found minor wear and tear during service, but within acceptable limits.",03:22:45,03:43:16,,,5882.36,6535.96
500,105,2,Service completed. Adjusted specifications to optimal levels.,00:46:56,01:26:46,,,1927.34,2141.49
501,521,3,Complete automatic transmission rebuild with torque converter replacement.,06:17:56,06:06:43,6.44,5.34,5568.96,11185.90
502,521,3,"Fuel system overhaul: injectors cleaned, fuel pump and filter replaced.",03:54:02,03:02:02,3.01,8.35,11874.71,11904.70
503,522,3,Full engine overhaul including cylinder head resurfacing and gasket replacement.,07:49:16,04:23:06,3.27,8.33,9715.78,9950.70
504,522,3,Complete automatic transmission rebuild with torque converter replacement.,07:58:56,04:36:55,4.92,7.86,6226.99,8842.76
505,523,3,"Major brake system overhaul: rotors, calipers, pads, and brake lines replaced.",04:15:42,06:49:43,6.01,8.59,4432.57,13205.25
506,523,3,Full electrical diagnosis and rewiring of damaged harness and relay faults.,07:45:49,05:58:06,3.85,7.71,9139.35,9506.35
507,524,3,"Fuel system overhaul: injectors cleaned, fuel pump and filter replaced.",06:14:59,03:46:02,6.49,4.36,7758.93,6888.06
508,524,3,"Fuel system overhaul: injectors cleaned, fuel pump and filter replaced.",04:38:53,05:46:30,3.35,8.00,4846.82,11412.21
509,525,3,"A/C compressor, condenser, and evaporator coil replaced; system recharged.",05:22:01,05:29:09,5.96,6.82,6357.43,9640.20
510,525,3,Full engine overhaul including cylinder head resurfacing and gasket replacement.,03:31:02,07:58:00,7.73,7.81,4454.38,13664.11
511,526,3,"Full suspension rebuild: shocks, struts, control arms, and bushings replaced.",04:58:04,07:33:21,3.13,5.82,5506.45,13222.80
512,526,3,"Major brake system overhaul: rotors, calipers, pads, and brake lines replaced.",05:04:55,08:15:26,5.87,6.84,9615.85,11524.58
513,527,3,Full electrical diagnosis and rewiring of damaged harness and relay faults.,05:31:57,07:10:58,5.39,7.22,8098.21,12899.67
514,527,3,"Major brake system overhaul: rotors, calipers, pads, and brake lines replaced.",07:18:33,06:20:49,3.34,5.98,4030.87,10345.96
515,528,3,Full electrical diagnosis and rewiring of damaged harness and relay faults.,03:51:50,03:26:48,6.76,3.63,11319.86,10915.07
516,528,3,Full engine overhaul including cylinder head resurfacing and gasket replacement.,04:00:30,05:29:37,4.67,7.40,8651.57,3139.04
517,529,3,"Timing belt, water pump, idler pulley, and tensioner replaced as full kit.",05:11:43,06:15:31,4.07,4.30,6529.13,13067.02
518,529,3,"Full suspension rebuild: shocks, struts, control arms, and bushings replaced.",05:57:23,06:33:28,3.84,8.16,8763.35,9434.30
519,530,3,Full electrical diagnosis and rewiring of damaged harness and relay faults.,03:22:48,03:16:13,4.12,5.68,4573.93,3723.73
520,530,3,Full engine overhaul including cylinder head resurfacing and gasket replacement.,06:59:42,04:56:29,3.11,8.84,11007.09,13964.79
521,531,3,Full electrical diagnosis and rewiring of damaged harness and relay faults.,07:49:49,03:23:35,3.85,8.62,4856.37,8012.02
522,531,3,"A/C compressor, condenser, and evaporator coil replaced; system recharged.",03:45:26,06:28:38,4.70,5.02,8744.86,9233.97
523,532,3,Full electrical diagnosis and rewiring of damaged harness and relay faults.,07:58:59,03:17:49,3.79,8.99,4726.72,11440.29
524,532,3,"Full suspension rebuild: shocks, struts, control arms, and bushings replaced.",06:06:59,04:30:46,4.97,4.87,10135.82,4741.68
525,533,3,Full electrical diagnosis and rewiring of damaged harness and relay faults.,05:53:27,03:19:28,4.59,4.22,11233.11,6065.00
526,533,3,Complete automatic transmission rebuild with torque converter replacement.,07:04:50,07:04:55,7.63,5.00,7444.51,8755.21
527,534,3,"Major brake system overhaul: rotors, calipers, pads, and brake lines replaced.",05:33:44,06:35:38,6.14,8.57,7921.80,3312.76
528,534,3,Full electrical diagnosis and rewiring of damaged harness and relay faults.,07:20:25,06:23:48,4.79,6.90,6360.11,10729.36
529,535,3,Full engine overhaul including cylinder head resurfacing and gasket replacement.,04:27:39,07:34:44,7.65,5.63,8581.32,8604.66
530,535,3,Full electrical diagnosis and rewiring of damaged harness and relay faults.,07:07:10,05:09:44,7.88,6.65,6395.05,12383.68
531,536,3,"Full suspension rebuild: shocks, struts, control arms, and bushings replaced.",06:54:26,04:54:19,3.48,7.25,11255.74,13977.01
532,536,3,"Fuel system overhaul: injectors cleaned, fuel pump and filter replaced.",04:04:30,06:52:28,5.44,3.87,7215.68,4428.79
533,537,3,"Full suspension rebuild: shocks, struts, control arms, and bushings replaced.",05:33:17,05:15:02,5.12,8.06,9867.66,10017.87
534,537,3,"A/C compressor, condenser, and evaporator coil replaced; system recharged.",04:44:33,06:19:38,4.69,6.47,6448.87,4959.51
535,538,3,"A/C compressor, condenser, and evaporator coil replaced; system recharged.",04:23:32,07:55:01,3.92,7.21,10987.88,13658.22
536,538,3,Full electrical diagnosis and rewiring of damaged harness and relay faults.,06:27:40,06:15:21,5.37,6.17,11565.92,4239.23
537,539,3,Complete automatic transmission rebuild with torque converter replacement.,03:02:40,06:53:44,3.55,3.94,6778.86,6983.00
538,539,3,"Full suspension rebuild: shocks, struts, control arms, and bushings replaced.",06:25:49,04:53:08,5.23,7.70,8356.11,4293.37
539,540,3,"Timing belt, water pump, idler pulley, and tensioner replaced as full kit.",03:27:46,07:18:12,3.11,6.85,8427.92,9445.57
540,540,3,Complete automatic transmission rebuild with torque converter replacement.,06:38:55,03:41:44,7.97,3.53,5942.57,4521.34
541,541,3,"Major brake system overhaul: rotors, calipers, pads, and brake lines replaced.",07:22:47,06:08:35,5.23,4.28,10507.05,4041.75
542,541,3,"Full suspension rebuild: shocks, struts, control arms, and bushings replaced.",03:18:38,03:13:56,3.78,6.39,10484.92,13766.32
543,542,3,"Full suspension rebuild: shocks, struts, control arms, and bushings replaced.",03:53:52,08:05:52,4.37,5.15,3070.70,5794.38
544,542,3,"A/C compressor, condenser, and evaporator coil replaced; system recharged.",05:21:04,08:54:00,4.03,6.76,6527.58,8400.31
545,543,3,"Fuel system overhaul: injectors cleaned, fuel pump and filter replaced.",04:13:51,05:52:37,6.14,7.17,3790.68,12349.43
546,543,3,Complete automatic transmission rebuild with torque converter replacement.,05:38:38,07:23:01,5.74,7.68,9868.31,9025.01
547,544,3,Complete automatic transmission rebuild with torque converter replacement.,05:06:48,04:00:52,7.18,5.64,9450.51,3340.16
548,544,3,"Major brake system overhaul: rotors, calipers, pads, and brake lines replaced.",07:23:13,05:15:27,7.92,4.96,5918.67,12700.24
549,545,3,Full electrical diagnosis and rewiring of damaged harness and relay faults.,06:30:59,05:36:34,3.44,8.15,7599.83,7120.68
550,545,3,Complete automatic transmission rebuild with torque converter replacement.,07:04:44,03:16:59,3.69,3.51,10056.17,10978.17
551,546,3,"Timing belt, water pump, idler pulley, and tensioner replaced as full kit.",04:37:16,07:59:04,6.16,5.54,8391.93,4400.80
552,546,3,"Full suspension rebuild: shocks, struts, control arms, and bushings replaced.",07:39:26,06:44:00,7.22,7.21,5616.19,11875.74
553,547,3,Full engine overhaul including cylinder head resurfacing and gasket replacement.,05:44:38,06:48:47,7.41,4.92,11603.09,7032.84
554,547,3,Complete automatic transmission rebuild with torque converter replacement.,04:28:47,07:53:52,7.68,5.96,8423.38,7588.30
555,548,3,Full electrical diagnosis and rewiring of damaged harness and relay faults.,05:18:41,06:03:47,3.83,8.95,8779.68,3152.97
556,548,3,"Major brake system overhaul: rotors, calipers, pads, and brake lines replaced.",07:52:11,08:25:30,3.36,5.99,8060.64,10880.36
557,549,3,"Timing belt, water pump, idler pulley, and tensioner replaced as full kit.",03:51:33,08:27:58,5.17,8.89,7672.65,10395.84
558,549,3,"Full suspension rebuild: shocks, struts, control arms, and bushings replaced.",06:02:39,07:58:59,5.46,4.97,9381.67,6266.54
559,550,3,"A/C compressor, condenser, and evaporator coil replaced; system recharged.",06:55:34,04:41:46,5.42,4.29,11374.02,5376.67
560,550,3,Full engine overhaul including cylinder head resurfacing and gasket replacement.,04:41:45,05:49:59,7.40,5.20,4689.17,6617.63
561,551,3,"A/C compressor, condenser, and evaporator coil replaced; system recharged.",07:43:49,04:04:02,3.70,6.76,4717.86,7633.50
562,551,3,"A/C compressor, condenser, and evaporator coil replaced; system recharged.",05:22:16,03:56:04,5.40,6.78,9440.88,7766.48
563,552,3,Complete automatic transmission rebuild with torque converter replacement.,06:44:59,03:20:22,7.08,6.55,9263.74,12949.84
564,552,3,"Full suspension rebuild: shocks, struts, control arms, and bushings replaced.",05:36:31,04:54:10,6.40,7.61,7566.38,12306.27
565,553,3,"Full suspension rebuild: shocks, struts, control arms, and bushings replaced.",06:26:21,08:30:39,7.37,5.55,5762.48,5013.91
566,553,3,"Timing belt, water pump, idler pulley, and tensioner replaced as full kit.",07:52:38,07:30:19,5.35,5.70,9451.88,8736.20
567,554,3,"Timing belt, water pump, idler pulley, and tensioner replaced as full kit.",07:36:06,05:38:21,4.29,5.51,8824.65,10073.63
568,554,3,"Full suspension rebuild: shocks, struts, control arms, and bushings replaced.",04:24:28,06:17:31,5.89,4.08,10036.18,13914.37
569,555,3,"Full suspension rebuild: shocks, struts, control arms, and bushings replaced.",04:29:52,06:34:51,3.81,3.93,11273.06,7857.38
570,555,3,"Fuel system overhaul: injectors cleaned, fuel pump and filter replaced.",06:33:32,05:31:02,6.76,6.60,9949.53,3522.15
571,556,3,Complete automatic transmission rebuild with torque converter replacement.,04:22:31,06:32:57,5.97,4.74,8151.83,8886.09
572,556,3,Full engine overhaul including cylinder head resurfacing and gasket replacement.,06:46:39,06:25:30,3.99,4.09,3986.59,5048.15
573,557,3,"Timing belt, water pump, idler pulley, and tensioner replaced as full kit.",03:07:23,05:35:07,4.57,6.82,6588.56,10015.85
574,557,3,"Major brake system overhaul: rotors, calipers, pads, and brake lines replaced.",03:00:29,06:01:06,4.00,3.76,3303.74,13889.37
575,558,3,Full electrical diagnosis and rewiring of damaged harness and relay faults.,07:19:08,08:52:12,7.63,8.30,5431.97,5703.02
576,558,3,"Major brake system overhaul: rotors, calipers, pads, and brake lines replaced.",04:26:37,05:11:09,3.59,4.04,3389.64,10539.57
577,559,3,Full electrical diagnosis and rewiring of damaged harness and relay faults.,05:24:33,08:16:34,5.52,7.27,10687.06,10995.06
578,559,3,"Major brake system overhaul: rotors, calipers, pads, and brake lines replaced.",07:28:02,04:55:03,6.16,6.34,4243.36,3143.63
579,560,3,"A/C compressor, condenser, and evaporator coil replaced; system recharged.",05:58:28,07:00:36,7.87,4.76,11495.08,8288.23
580,560,3,"Fuel system overhaul: injectors cleaned, fuel pump and filter replaced.",05:06:48,08:49:18,6.56,8.43,11645.58,12351.70
581,561,3,Full electrical diagnosis and rewiring of damaged harness and relay faults.,06:46:07,06:26:37,3.62,5.81,7805.70,13088.35
582,561,3,"Timing belt, water pump, idler pulley, and tensioner replaced as full kit.",05:04:01,07:47:01,4.14,5.07,3442.40,12455.02
583,562,3,"Full suspension rebuild: shocks, struts, control arms, and bushings replaced.",05:45:21,03:21:37,4.43,4.86,8951.76,9870.70
584,562,3,"Timing belt, water pump, idler pulley, and tensioner replaced as full kit.",07:47:48,03:34:59,3.04,5.10,6105.22,7146.55
585,563,3,Complete automatic transmission rebuild with torque converter replacement.,06:35:33,08:21:37,7.86,7.27,6894.77,11369.84
586,563,3,Full engine overhaul including cylinder head resurfacing and gasket replacement.,03:11:22,07:23:32,5.55,7.34,4859.80,8659.27
587,564,3,"Major brake system overhaul: rotors, calipers, pads, and brake lines replaced.",04:57:29,03:00:16,7.79,5.80,10117.73,12681.01
588,564,3,"Timing belt, water pump, idler pulley, and tensioner replaced as full kit.",06:44:44,04:02:52,7.93,4.05,3658.35,6312.74
589,565,3,Full electrical diagnosis and rewiring of damaged harness and relay faults.,03:43:28,05:42:52,7.03,6.56,6864.90,7604.80
590,565,3,"Timing belt, water pump, idler pulley, and tensioner replaced as full kit.",04:49:45,05:53:18,6.86,8.29,3795.57,5307.53
591,566,3,"Fuel system overhaul: injectors cleaned, fuel pump and filter replaced.",06:28:45,07:20:16,4.16,7.44,5234.60,9906.22
592,566,3,"Fuel system overhaul: injectors cleaned, fuel pump and filter replaced.",03:17:27,04:06:28,5.35,7.35,10221.26,5518.45
593,567,3,"Full suspension rebuild: shocks, struts, control arms, and bushings replaced.",04:54:46,04:44:59,4.62,8.45,9488.38,9648.03
594,567,3,Complete automatic transmission rebuild with torque converter replacement.,05:56:53,08:34:56,5.30,6.17,4874.77,8816.11
595,568,3,Full electrical diagnosis and rewiring of damaged harness and relay faults.,07:30:22,04:49:07,3.88,6.58,6540.12,10793.54
596,568,3,"Timing belt, water pump, idler pulley, and tensioner replaced as full kit.",06:43:11,08:32:53,4.81,8.81,11634.87,4299.51
597,569,3,"Timing belt, water pump, idler pulley, and tensioner replaced as full kit.",06:21:27,05:38:19,3.94,7.12,9336.21,10180.04
598,569,3,Full engine overhaul including cylinder head resurfacing and gasket replacement.,03:36:28,05:48:26,3.98,4.96,9690.65,10946.86
599,570,3,"Fuel system overhaul: injectors cleaned, fuel pump and filter replaced.",06:32:19,04:26:25,7.04,7.01,7331.33,3960.63
600,570,3,"Major brake system overhaul: rotors, calipers, pads, and brake lines replaced.",06:07:31,06:41:11,3.45,5.13,8206.70,7697.27
601,571,3,"Full suspension rebuild: shocks, struts, control arms, and bushings replaced.",06:26:02,04:58:00,7.65,6.86,3321.94,5109.89
602,571,3,"Fuel system overhaul: injectors cleaned, fuel pump and filter replaced.",04:40:29,04:45:14,4.79,7.16,4634.92,9217.72
603,572,3,"Fuel system overhaul: injectors cleaned, fuel pump and filter replaced.",04:00:53,08:37:34,6.25,6.16,11750.57,7182.38
604,572,3,Complete automatic transmission rebuild with torque converter replacement.,04:03:46,08:51:35,7.21,5.72,3727.96,5708.41
605,573,3,Full electrical diagnosis and rewiring of damaged harness and relay faults.,03:34:33,03:03:45,5.73,6.02,7081.38,12708.08
606,573,3,"Fuel system overhaul: injectors cleaned, fuel pump and filter replaced.",03:47:52,07:37:54,5.31,4.45,5091.25,10974.01
607,574,3,"Full suspension rebuild: shocks, struts, control arms, and bushings replaced.",03:08:15,05:26:17,3.15,6.66,3606.35,7431.19
608,574,3,"Timing belt, water pump, idler pulley, and tensioner replaced as full kit.",06:24:45,04:12:42,7.59,7.49,10895.78,8254.23
609,575,3,"Timing belt, water pump, idler pulley, and tensioner replaced as full kit.",06:07:56,07:50:58,4.35,5.59,4051.16,8299.70
610,575,3,"Fuel system overhaul: injectors cleaned, fuel pump and filter replaced.",06:46:05,04:00:37,7.86,4.97,8130.88,7990.05
611,576,3,Complete automatic transmission rebuild with torque converter replacement.,03:59:14,04:44:53,3.89,6.16,11446.48,3800.33
612,576,3,"Fuel system overhaul: injectors cleaned, fuel pump and filter replaced.",07:29:06,08:23:23,3.52,8.20,3758.08,9695.12
613,577,3,Full engine overhaul including cylinder head resurfacing and gasket replacement.,04:24:54,06:07:27,3.85,7.11,4138.58,11523.41
614,577,3,Complete automatic transmission rebuild with torque converter replacement.,07:11:15,05:27:39,7.68,4.64,6542.60,4270.06
615,578,3,Full engine overhaul including cylinder head resurfacing and gasket replacement.,05:57:55,07:46:54,7.24,7.92,5735.73,5033.13
616,578,3,Full engine overhaul including cylinder head resurfacing and gasket replacement.,05:12:52,06:17:00,5.03,5.07,6307.23,5543.67
617,579,3,"A/C compressor, condenser, and evaporator coil replaced; system recharged.",07:58:56,08:57:30,3.07,7.17,11133.59,10515.06
618,579,3,Full electrical diagnosis and rewiring of damaged harness and relay faults.,05:56:08,03:03:51,5.71,3.87,7819.22,3475.13
619,580,3,"Major brake system overhaul: rotors, calipers, pads, and brake lines replaced.",05:09:53,03:15:02,5.79,7.86,3596.05,11482.17
620,580,3,"A/C compressor, condenser, and evaporator coil replaced; system recharged.",06:57:12,03:47:59,6.29,5.14,10337.93,4894.87
621,581,3,"Full suspension rebuild: shocks, struts, control arms, and bushings replaced.",07:10:01,07:16:47,3.27,5.25,3035.71,11251.51
622,581,3,Full engine overhaul including cylinder head resurfacing and gasket replacement.,07:26:20,08:42:30,4.98,7.30,6921.19,3763.75
623,582,3,"Full suspension rebuild: shocks, struts, control arms, and bushings replaced.",03:31:48,06:24:20,7.13,6.50,4710.14,9393.72
624,582,3,"Timing belt, water pump, idler pulley, and tensioner replaced as full kit.",07:53:45,06:10:51,4.99,4.84,3350.09,10689.77
625,583,3,"Fuel system overhaul: injectors cleaned, fuel pump and filter replaced.",07:06:03,07:38:18,5.16,6.46,6340.99,9882.62
626,583,3,"A/C compressor, condenser, and evaporator coil replaced; system recharged.",04:41:10,07:15:09,5.85,5.43,6149.37,3589.45
627,584,3,"Major brake system overhaul: rotors, calipers, pads, and brake lines replaced.",03:15:32,05:08:21,4.50,5.57,5764.27,10235.16
628,584,3,Full electrical diagnosis and rewiring of damaged harness and relay faults.,03:16:59,05:31:22,7.67,4.98,10085.95,13688.29
629,585,3,"Fuel system overhaul: injectors cleaned, fuel pump and filter replaced.",03:01:30,04:40:04,3.36,5.74,6156.38,9454.67
630,585,3,"Timing belt, water pump, idler pulley, and tensioner replaced as full kit.",07:33:26,04:33:00,3.05,6.32,7351.40,10151.11
631,586,3,"Fuel system overhaul: injectors cleaned, fuel pump and filter replaced.",05:41:33,05:41:27,7.29,4.15,3877.71,11542.77
632,586,3,"A/C compressor, condenser, and evaporator coil replaced; system recharged.",03:23:37,05:21:30,4.30,8.28,7069.95,12695.79
633,587,3,Full engine overhaul including cylinder head resurfacing and gasket replacement.,06:53:47,04:48:31,5.06,4.78,9041.03,4079.60
634,587,3,Full engine overhaul including cylinder head resurfacing and gasket replacement.,03:08:12,03:49:43,6.77,3.88,4229.23,13599.95
635,588,3,Complete automatic transmission rebuild with torque converter replacement.,03:21:50,08:42:45,6.01,4.72,11811.01,12980.97
636,588,3,Full engine overhaul including cylinder head resurfacing and gasket replacement.,03:58:54,06:16:49,5.78,4.17,4580.08,9238.11
637,589,3,"Full suspension rebuild: shocks, struts, control arms, and bushings replaced.",07:23:03,07:58:44,3.59,6.72,9079.59,4088.39
638,589,3,"Timing belt, water pump, idler pulley, and tensioner replaced as full kit.",07:12:06,06:16:11,3.68,4.14,10616.30,6126.04
639,590,3,Full electrical diagnosis and rewiring of damaged harness and relay faults.,04:46:22,07:56:16,6.44,4.06,3649.25,12990.14
640,590,3,"Major brake system overhaul: rotors, calipers, pads, and brake lines replaced.",05:01:58,07:13:34,6.18,7.42,10385.43,3933.93
641,591,3,Full electrical diagnosis and rewiring of damaged harness and relay faults.,05:16:11,07:30:26,3.79,6.11,10990.24,12856.07
642,591,3,Full electrical diagnosis and rewiring of damaged harness and relay faults.,03:32:34,05:01:44,3.36,8.97,7910.33,7399.58
643,592,3,Full engine overhaul including cylinder head resurfacing and gasket replacement.,05:44:12,06:07:01,6.51,4.50,10249.14,7365.96
644,592,3,Full electrical diagnosis and rewiring of damaged harness and relay faults.,03:03:14,03:06:34,3.19,4.80,11358.38,11565.48
645,593,3,"Fuel system overhaul: injectors cleaned, fuel pump and filter replaced.",07:04:01,07:14:07,7.62,8.09,5053.63,11808.58
646,593,3,Full electrical diagnosis and rewiring of damaged harness and relay faults.,03:07:22,06:14:42,3.83,7.33,3664.21,3827.94
647,594,3,Full electrical diagnosis and rewiring of damaged harness and relay faults.,05:00:19,08:52:10,5.49,7.73,6605.01,11408.12
648,594,3,"Fuel system overhaul: injectors cleaned, fuel pump and filter replaced.",03:15:53,03:00:54,5.72,7.37,6786.97,3858.13
649,595,3,"Full suspension rebuild: shocks, struts, control arms, and bushings replaced.",03:41:41,08:07:55,3.09,5.55,4765.17,8492.73
650,595,3,Complete automatic transmission rebuild with torque converter replacement.,07:28:23,08:28:08,7.27,7.27,5208.40,8991.63
651,596,3,"A/C compressor, condenser, and evaporator coil replaced; system recharged.",04:41:03,06:08:45,3.34,6.51,5230.16,5164.67
652,596,3,"Fuel system overhaul: injectors cleaned, fuel pump and filter replaced.",06:53:51,07:26:15,7.49,6.45,8210.68,13785.29
653,597,3,"Major brake system overhaul: rotors, calipers, pads, and brake lines replaced.",06:19:53,06:46:35,4.00,6.99,4425.74,9839.20
654,597,3,Full electrical diagnosis and rewiring of damaged harness and relay faults.,07:09:59,04:29:15,4.63,4.62,7989.77,6487.62
655,598,3,"Major brake system overhaul: rotors, calipers, pads, and brake lines replaced.",06:16:01,04:00:52,6.13,3.62,4187.22,11592.19
656,598,3,"A/C compressor, condenser, and evaporator coil replaced; system recharged.",05:25:52,06:20:44,3.15,3.98,5243.41,7264.41
657,599,3,"Fuel system overhaul: injectors cleaned, fuel pump and filter replaced.",05:42:56,05:15:22,6.14,8.39,11937.13,5652.68
658,599,3,Full electrical diagnosis and rewiring of damaged harness and relay faults.,05:12:14,04:30:19,3.75,4.24,10359.16,5062.23
659,600,3,"Fuel system overhaul: injectors cleaned, fuel pump and filter replaced.",03:41:34,03:56:19,4.33,5.67,8504.35,5989.35
660,600,3,"A/C compressor, condenser, and evaporator coil replaced; system recharged.",06:20:23,06:39:06,3.11,3.82,10981.86,9901.63
661,601,3,"Timing belt, water pump, idler pulley, and tensioner replaced as full kit.",05:45:19,03:24:51,5.98,8.63,3351.50,8445.26
662,601,3,"Major brake system overhaul: rotors, calipers, pads, and brake lines replaced.",06:59:51,07:33:06,3.38,6.46,9663.41,6274.81
663,602,3,"Timing belt, water pump, idler pulley, and tensioner replaced as full kit.",03:06:55,03:08:21,4.38,8.82,5117.66,3916.84
664,602,3,"Full suspension rebuild: shocks, struts, control arms, and bushings replaced.",03:37:33,06:25:20,4.81,7.08,6510.26,9748.74
665,603,3,"Full suspension rebuild: shocks, struts, control arms, and bushings replaced.",05:23:59,06:50:28,7.56,6.14,8930.52,12586.17
666,603,3,"Fuel system overhaul: injectors cleaned, fuel pump and filter replaced.",03:02:44,06:03:28,5.67,6.26,9468.84,6129.22
667,604,3,Full electrical diagnosis and rewiring of damaged harness and relay faults.,07:17:58,06:09:29,4.95,6.42,11536.77,3203.58
668,604,3,"Fuel system overhaul: injectors cleaned, fuel pump and filter replaced.",05:15:38,06:06:26,3.31,4.59,10530.78,7566.84
669,605,3,"Fuel system overhaul: injectors cleaned, fuel pump and filter replaced.",06:12:07,08:21:35,6.69,5.37,5266.99,13594.85
670,605,3,"Major brake system overhaul: rotors, calipers, pads, and brake lines replaced.",07:33:17,08:49:07,7.57,8.29,4866.11,7930.17
671,606,3,Complete automatic transmission rebuild with torque converter replacement.,04:22:31,05:22:14,7.72,3.81,11296.14,6268.99
672,606,3,"Timing belt, water pump, idler pulley, and tensioner replaced as full kit.",04:19:39,03:42:51,7.12,5.12,6065.90,13101.66
673,607,3,"A/C compressor, condenser, and evaporator coil replaced; system recharged.",03:53:05,08:37:41,3.97,8.89,5207.13,13356.00
674,607,3,"Timing belt, water pump, idler pulley, and tensioner replaced as full kit.",03:26:22,05:21:03,6.93,8.67,9232.12,6779.19
675,608,3,Full electrical diagnosis and rewiring of damaged harness and relay faults.,06:07:35,08:04:32,3.95,5.95,6519.10,13261.83
676,608,3,"A/C compressor, condenser, and evaporator coil replaced; system recharged.",07:51:49,04:36:23,5.36,4.17,3772.09,9626.84
677,609,3,Full engine overhaul including cylinder head resurfacing and gasket replacement.,04:47:43,06:44:04,4.81,5.74,11624.43,3759.67
678,609,3,Full engine overhaul including cylinder head resurfacing and gasket replacement.,07:33:19,04:30:57,5.14,8.16,10138.85,11631.73
679,610,3,"Full suspension rebuild: shocks, struts, control arms, and bushings replaced.",07:56:05,04:06:46,5.15,3.75,11982.77,8745.87
680,610,3,Full engine overhaul including cylinder head resurfacing and gasket replacement.,04:34:28,07:31:06,5.98,6.85,9550.65,10031.90
681,611,3,Full engine overhaul including cylinder head resurfacing and gasket replacement.,05:27:15,03:04:03,7.16,7.33,3381.95,13893.77
682,611,3,"A/C compressor, condenser, and evaporator coil replaced; system recharged.",05:53:12,03:52:27,5.52,8.37,10369.08,12553.60
683,612,3,Complete automatic transmission rebuild with torque converter replacement.,03:20:36,08:29:03,7.15,4.61,8900.20,4379.63
684,612,3,Complete automatic transmission rebuild with torque converter replacement.,03:54:20,07:58:52,6.89,6.60,5103.55,4140.59
685,613,3,Complete automatic transmission rebuild with torque converter replacement.,06:12:28,05:50:40,3.66,4.88,8937.32,8584.11
686,613,3,"A/C compressor, condenser, and evaporator coil replaced; system recharged.",07:18:16,08:54:30,4.50,8.21,9874.55,11574.80
687,614,3,"Fuel system overhaul: injectors cleaned, fuel pump and filter replaced.",03:16:04,08:56:29,7.21,8.85,9682.06,4261.54
688,614,3,Full engine overhaul including cylinder head resurfacing and gasket replacement.,04:08:28,07:14:06,7.79,3.73,10157.79,13013.50
689,615,3,Full electrical diagnosis and rewiring of damaged harness and relay faults.,03:47:52,05:21:01,6.69,3.61,8797.72,12021.48
690,615,3,"Major brake system overhaul: rotors, calipers, pads, and brake lines replaced.",03:05:48,04:13:46,3.02,8.12,8393.06,12975.42
691,616,3,"Fuel system overhaul: injectors cleaned, fuel pump and filter replaced.",03:54:28,06:52:09,3.24,5.05,8527.07,11161.72
692,616,3,"A/C compressor, condenser, and evaporator coil replaced; system recharged.",03:25:57,04:46:39,3.89,6.39,6102.41,12016.85
693,617,3,"Full suspension rebuild: shocks, struts, control arms, and bushings replaced.",06:23:52,03:53:06,6.99,3.82,3737.19,7537.50
694,617,3,"Timing belt, water pump, idler pulley, and tensioner replaced as full kit.",04:22:05,07:25:18,5.06,4.38,10794.75,8740.97
695,618,3,"Full suspension rebuild: shocks, struts, control arms, and bushings replaced.",06:09:34,06:11:30,3.34,8.84,8243.34,9496.54
696,618,3,"Timing belt, water pump, idler pulley, and tensioner replaced as full kit.",03:02:55,03:49:22,7.74,8.58,11509.31,5769.96
697,619,3,"Full suspension rebuild: shocks, struts, control arms, and bushings replaced.",06:05:25,05:32:06,5.52,7.87,5603.08,5248.68
698,619,3,"Major brake system overhaul: rotors, calipers, pads, and brake lines replaced.",07:46:55,04:14:31,4.59,7.85,10972.77,5305.85
699,620,3,Complete automatic transmission rebuild with torque converter replacement.,05:32:41,07:27:12,5.63,8.32,8193.44,8963.06
700,620,3,"Major brake system overhaul: rotors, calipers, pads, and brake lines replaced.",07:30:26,03:35:23,3.66,6.09,7629.52,12548.99
701,621,3,"Full suspension rebuild: shocks, struts, control arms, and bushings replaced.",04:41:04,05:03:45,6.46,7.88,10475.77,11108.94
702,621,3,"A/C compressor, condenser, and evaporator coil replaced; system recharged.",04:25:14,06:01:37,6.33,3.67,7208.46,10278.82
703,622,3,Full engine overhaul including cylinder head resurfacing and gasket replacement.,06:14:07,04:58:24,5.54,5.71,4416.72,8253.90
704,622,3,Full electrical diagnosis and rewiring of damaged harness and relay faults.,03:37:43,06:56:30,7.86,8.20,8935.33,13578.34
705,623,3,Full electrical diagnosis and rewiring of damaged harness and relay faults.,03:23:33,04:09:24,7.45,8.29,4089.05,3294.60
706,623,3,"Timing belt, water pump, idler pulley, and tensioner replaced as full kit.",06:47:58,05:44:33,7.34,5.97,9218.14,13309.65
707,624,3,"Full suspension rebuild: shocks, struts, control arms, and bushings replaced.",07:42:42,08:24:45,7.95,8.31,4331.25,10145.42
708,624,3,"Fuel system overhaul: injectors cleaned, fuel pump and filter replaced.",04:26:18,07:09:56,3.11,4.99,7025.60,9380.40
709,625,3,"Fuel system overhaul: injectors cleaned, fuel pump and filter replaced.",03:28:42,06:16:18,3.95,7.51,11263.48,6490.22
710,625,3,"A/C compressor, condenser, and evaporator coil replaced; system recharged.",07:35:00,05:15:54,4.40,8.70,9051.80,12854.49
711,626,3,"A/C compressor, condenser, and evaporator coil replaced; system recharged.",05:15:23,04:20:40,7.71,3.90,5634.77,6254.20
712,626,3,"A/C compressor, condenser, and evaporator coil replaced; system recharged.",04:48:31,07:05:06,4.14,3.84,7002.85,5617.98
713,627,3,"Timing belt, water pump, idler pulley, and tensioner replaced as full kit.",04:21:21,08:44:38,3.41,8.45,9960.02,12587.76
714,627,3,"Major brake system overhaul: rotors, calipers, pads, and brake lines replaced.",07:49:06,03:43:32,3.26,4.46,5879.99,5261.72
715,628,3,"Fuel system overhaul: injectors cleaned, fuel pump and filter replaced.",06:35:04,08:39:39,6.33,6.48,11722.05,3200.59
716,628,3,Complete automatic transmission rebuild with torque converter replacement.,05:48:59,05:16:43,6.68,8.92,9465.29,8256.56
717,629,3,"Full suspension rebuild: shocks, struts, control arms, and bushings replaced.",05:58:57,07:18:21,7.93,8.49,9837.43,13293.98
718,629,3,"Fuel system overhaul: injectors cleaned, fuel pump and filter replaced.",05:12:04,08:59:55,6.52,7.83,4185.70,6447.99
719,630,3,Full engine overhaul including cylinder head resurfacing and gasket replacement.,03:30:26,05:08:02,4.88,8.78,8287.00,4495.09
720,630,3,"Fuel system overhaul: injectors cleaned, fuel pump and filter replaced.",07:38:19,03:00:06,7.35,6.94,11963.55,3667.64
721,631,3,"Fuel system overhaul: injectors cleaned, fuel pump and filter replaced.",04:40:45,08:44:49,5.27,5.63,4433.63,6755.93
722,631,3,"Timing belt, water pump, idler pulley, and tensioner replaced as full kit.",05:40:18,08:23:30,3.08,6.83,4648.78,3465.18
723,632,3,Full electrical diagnosis and rewiring of damaged harness and relay faults.,03:16:39,08:47:47,6.53,8.02,7911.71,8966.08
724,632,3,"Full suspension rebuild: shocks, struts, control arms, and bushings replaced.",05:14:07,08:17:06,3.37,5.10,3216.84,3711.33
725,633,3,"Major brake system overhaul: rotors, calipers, pads, and brake lines replaced.",07:47:54,07:12:52,4.91,8.48,4418.12,12872.34
726,633,3,"Fuel system overhaul: injectors cleaned, fuel pump and filter replaced.",05:39:39,06:47:56,3.86,5.23,10746.84,4543.38
727,634,3,Full engine overhaul including cylinder head resurfacing and gasket replacement.,04:49:58,05:31:29,4.50,5.82,11330.50,11501.41
728,634,3,"A/C compressor, condenser, and evaporator coil replaced; system recharged.",07:47:22,03:05:17,7.06,5.85,4429.57,12016.83
729,635,3,"Major brake system overhaul: rotors, calipers, pads, and brake lines replaced.",07:45:10,07:26:06,3.99,7.24,4625.67,12521.23
730,635,3,Full electrical diagnosis and rewiring of damaged harness and relay faults.,03:04:26,08:14:24,4.64,8.78,9413.80,9625.84
731,636,3,Full electrical diagnosis and rewiring of damaged harness and relay faults.,04:19:08,06:49:49,4.51,6.60,9632.66,4269.23
732,636,3,Complete automatic transmission rebuild with torque converter replacement.,07:10:27,07:27:17,4.43,8.04,7014.63,4142.78
733,637,3,Complete automatic transmission rebuild with torque converter replacement.,07:58:47,07:18:28,5.82,7.85,11803.34,11445.74
734,637,3,"Full suspension rebuild: shocks, struts, control arms, and bushings replaced.",03:06:39,03:34:48,6.33,4.78,11424.52,6129.97
735,638,3,Full engine overhaul including cylinder head resurfacing and gasket replacement.,06:10:08,07:54:46,5.26,7.11,3783.49,3942.68
736,638,3,Complete automatic transmission rebuild with torque converter replacement.,06:51:58,08:08:13,5.28,5.26,11518.37,11946.65
737,639,3,Complete automatic transmission rebuild with torque converter replacement.,06:56:06,07:39:03,6.54,7.15,4436.54,5420.78
738,639,3,"Timing belt, water pump, idler pulley, and tensioner replaced as full kit.",05:05:35,08:38:46,7.60,5.37,10821.93,7613.30
739,640,3,"A/C compressor, condenser, and evaporator coil replaced; system recharged.",05:59:14,06:34:59,7.56,5.87,5034.07,12300.49
740,640,3,"Fuel system overhaul: injectors cleaned, fuel pump and filter replaced.",07:50:53,04:32:20,7.86,8.06,5406.87,7332.18
741,641,3,"Fuel system overhaul: injectors cleaned, fuel pump and filter replaced.",06:24:33,08:55:59,5.74,8.20,9087.68,11466.76
742,641,3,"Fuel system overhaul: injectors cleaned, fuel pump and filter replaced.",03:32:12,08:39:39,6.94,6.19,8279.47,10896.79
743,642,3,"Timing belt, water pump, idler pulley, and tensioner replaced as full kit.",04:43:37,07:36:50,6.63,4.92,4395.19,11960.52
744,642,3,"Major brake system overhaul: rotors, calipers, pads, and brake lines replaced.",06:57:06,07:03:30,3.56,6.47,11307.19,5986.37
745,643,3,"Full suspension rebuild: shocks, struts, control arms, and bushings replaced.",07:17:41,07:15:09,4.66,4.11,6041.73,8370.54
746,643,3,Full electrical diagnosis and rewiring of damaged harness and relay faults.,06:19:47,03:13:19,5.33,6.36,11723.47,3093.85
747,644,3,"Full suspension rebuild: shocks, struts, control arms, and bushings replaced.",04:37:13,05:35:14,5.50,8.73,10457.81,8236.78
748,644,3,"Full suspension rebuild: shocks, struts, control arms, and bushings replaced.",07:27:23,03:03:17,6.66,7.89,8861.24,11509.41
749,645,3,Complete automatic transmission rebuild with torque converter replacement.,05:47:35,06:44:48,5.77,6.55,8506.30,9974.60
750,645,3,Complete automatic transmission rebuild with torque converter replacement.,05:08:30,03:37:38,6.31,4.64,10059.88,7130.03
751,646,3,"A/C compressor, condenser, and evaporator coil replaced; system recharged.",06:10:25,06:41:27,7.98,4.92,3973.33,7810.90
752,646,3,"Timing belt, water pump, idler pulley, and tensioner replaced as full kit.",05:47:33,07:59:42,4.93,8.75,5110.65,5972.10
753,647,3,Complete automatic transmission rebuild with torque converter replacement.,03:43:59,05:45:57,3.15,5.75,9444.95,5917.09
754,647,3,Complete automatic transmission rebuild with torque converter replacement.,06:53:13,07:44:59,3.17,6.62,3613.61,4219.38
755,648,3,Full electrical diagnosis and rewiring of damaged harness and relay faults.,06:55:31,03:36:06,6.05,7.83,4740.76,5598.57
756,648,3,"A/C compressor, condenser, and evaporator coil replaced; system recharged.",07:48:01,04:40:00,4.35,4.99,8205.86,9855.04
757,649,3,"Timing belt, water pump, idler pulley, and tensioner replaced as full kit.",07:40:15,07:55:55,3.11,8.79,9962.34,13687.10
758,649,3,Full electrical diagnosis and rewiring of damaged harness and relay faults.,07:42:07,07:37:45,7.03,8.47,6501.48,4656.27
759,650,3,Full engine overhaul including cylinder head resurfacing and gasket replacement.,04:13:34,06:50:32,4.48,3.74,9396.45,4420.59
760,650,3,"Timing belt, water pump, idler pulley, and tensioner replaced as full kit.",04:28:05,03:26:12,5.35,4.80,8656.97,13550.75
761,651,3,Complete automatic transmission rebuild with torque converter replacement.,07:03:09,05:32:09,5.31,8.36,11894.05,4594.50
762,651,3,Complete automatic transmission rebuild with torque converter replacement.,05:13:24,04:35:56,4.04,3.80,3274.84,3831.56
763,652,3,"A/C compressor, condenser, and evaporator coil replaced; system recharged.",04:26:50,04:11:22,4.55,8.06,10473.95,7939.32
764,652,3,Full electrical diagnosis and rewiring of damaged harness and relay faults.,07:12:06,08:10:48,7.91,5.96,7005.05,8592.78
765,653,3,Full electrical diagnosis and rewiring of damaged harness and relay faults.,03:11:36,08:02:00,3.86,8.74,7855.72,11993.01
766,653,3,Complete automatic transmission rebuild with torque converter replacement.,03:13:47,05:42:46,5.76,5.04,8067.95,3289.21
767,654,3,Full engine overhaul including cylinder head resurfacing and gasket replacement.,03:22:40,05:26:48,5.62,4.50,10233.27,4897.33
768,654,3,Full engine overhaul including cylinder head resurfacing and gasket replacement.,07:28:16,06:43:32,5.94,4.10,6011.06,7426.27
769,655,3,"A/C compressor, condenser, and evaporator coil replaced; system recharged.",07:57:59,07:55:58,7.90,6.33,9979.72,13640.75
770,655,3,"Full suspension rebuild: shocks, struts, control arms, and bushings replaced.",03:56:25,03:40:24,7.80,8.88,6142.47,11698.36
771,656,3,Full engine overhaul including cylinder head resurfacing and gasket replacement.,06:13:21,04:33:13,7.79,3.88,5301.11,13459.25
772,656,3,Full engine overhaul including cylinder head resurfacing and gasket replacement.,05:47:32,07:23:05,7.04,4.52,5947.05,11588.22
773,657,3,"Fuel system overhaul: injectors cleaned, fuel pump and filter replaced.",06:09:29,08:14:46,6.50,5.09,6826.50,6730.58
774,657,3,"A/C compressor, condenser, and evaporator coil replaced; system recharged.",06:25:06,08:42:33,3.21,6.80,3074.76,12022.36
775,658,3,"A/C compressor, condenser, and evaporator coil replaced; system recharged.",05:47:30,07:00:51,6.04,7.83,9337.11,10408.01
776,658,3,"Fuel system overhaul: injectors cleaned, fuel pump and filter replaced.",05:56:15,03:26:32,7.96,5.40,4527.60,3249.45
777,659,3,"Major brake system overhaul: rotors, calipers, pads, and brake lines replaced.",06:28:27,05:39:29,4.46,5.58,10269.60,8681.03
778,659,3,Full electrical diagnosis and rewiring of damaged harness and relay faults.,05:42:19,08:01:43,5.66,6.40,8442.45,5048.02
779,660,3,Full electrical diagnosis and rewiring of damaged harness and relay faults.,05:37:30,07:16:09,5.40,6.53,7433.41,12991.93
780,660,3,"Full suspension rebuild: shocks, struts, control arms, and bushings replaced.",06:26:25,08:52:41,3.23,7.03,8577.10,3021.48
781,661,3,Complete automatic transmission rebuild with torque converter replacement.,06:33:24,07:36:11,3.06,5.64,10866.43,5658.99
782,661,3,Full electrical diagnosis and rewiring of damaged harness and relay faults.,03:52:26,07:35:24,5.88,5.29,3786.49,9423.48
783,662,3,"Fuel system overhaul: injectors cleaned, fuel pump and filter replaced.",04:00:22,04:53:43,6.61,4.81,9432.77,4544.50
784,662,3,"Timing belt, water pump, idler pulley, and tensioner replaced as full kit.",07:11:24,06:23:20,5.53,6.01,8107.33,13820.99
785,663,3,"Timing belt, water pump, idler pulley, and tensioner replaced as full kit.",04:10:42,03:59:03,3.30,6.45,8185.60,4216.76
786,663,3,Full electrical diagnosis and rewiring of damaged harness and relay faults.,06:16:26,07:35:02,6.21,3.92,10382.52,5434.98
787,664,3,"Timing belt, water pump, idler pulley, and tensioner replaced as full kit.",05:28:31,08:53:48,7.01,6.55,9308.71,3973.58
788,664,3,"A/C compressor, condenser, and evaporator coil replaced; system recharged.",05:00:30,05:11:31,3.57,7.73,6031.97,9874.95
789,665,3,"A/C compressor, condenser, and evaporator coil replaced; system recharged.",04:45:21,03:20:02,4.08,4.82,8994.09,11565.06
790,665,3,"Major brake system overhaul: rotors, calipers, pads, and brake lines replaced.",05:34:41,05:58:17,3.18,8.32,5545.90,6984.55
791,666,3,"Timing belt, water pump, idler pulley, and tensioner replaced as full kit.",05:38:27,08:42:53,4.24,4.77,5977.80,3548.05
792,666,3,"Full suspension rebuild: shocks, struts, control arms, and bushings replaced.",03:35:49,07:40:58,5.04,7.28,11136.00,3866.30
793,667,3,"Fuel system overhaul: injectors cleaned, fuel pump and filter replaced.",04:49:13,07:34:23,5.34,8.45,3763.96,11057.50
794,667,3,Full electrical diagnosis and rewiring of damaged harness and relay faults.,04:14:44,04:05:36,5.69,4.86,9557.52,8618.86
795,668,3,"Fuel system overhaul: injectors cleaned, fuel pump and filter replaced.",04:58:11,06:43:57,5.34,4.96,9092.92,13493.56
796,668,3,"A/C compressor, condenser, and evaporator coil replaced; system recharged.",05:00:00,08:12:31,7.73,3.92,4858.92,4145.92
797,669,3,Complete automatic transmission rebuild with torque converter replacement.,06:33:02,03:06:38,3.88,8.77,8956.97,8049.90
798,669,3,"A/C compressor, condenser, and evaporator coil replaced; system recharged.",06:24:19,05:33:47,6.21,6.15,9012.69,12504.52
799,670,3,"A/C compressor, condenser, and evaporator coil replaced; system recharged.",05:50:08,07:30:43,3.32,4.67,7845.75,3902.91
800,670,3,"Major brake system overhaul: rotors, calipers, pads, and brake lines replaced.",03:36:11,04:20:49,4.48,3.52,9763.87,10938.29
801,671,3,Complete automatic transmission rebuild with torque converter replacement.,05:08:42,03:45:31,7.71,7.45,4459.21,11176.41
802,671,3,"Fuel system overhaul: injectors cleaned, fuel pump and filter replaced.",06:39:58,07:44:56,3.23,5.83,3274.22,5840.13
803,672,3,"Full suspension rebuild: shocks, struts, control arms, and bushings replaced.",03:37:32,08:47:45,3.23,4.94,6521.87,6100.74
804,672,3,Complete automatic transmission rebuild with torque converter replacement.,05:00:09,07:24:09,5.64,7.43,6675.36,8676.57
805,673,3,"Timing belt, water pump, idler pulley, and tensioner replaced as full kit.",05:43:54,04:04:51,4.59,5.23,10733.92,13116.68
806,673,3,Complete automatic transmission rebuild with torque converter replacement.,04:37:27,06:37:54,6.11,6.07,4426.34,3349.44
807,674,3,"Full suspension rebuild: shocks, struts, control arms, and bushings replaced.",07:21:40,07:31:32,5.89,6.62,5484.57,5726.36
808,674,3,"Fuel system overhaul: injectors cleaned, fuel pump and filter replaced.",04:34:14,05:23:14,6.63,8.02,6428.91,12308.90
809,675,3,"A/C compressor, condenser, and evaporator coil replaced; system recharged.",03:52:22,07:06:32,3.58,6.15,10040.40,8109.22
810,675,3,Full engine overhaul including cylinder head resurfacing and gasket replacement.,07:33:03,05:19:04,5.21,4.77,8324.36,10945.57
811,676,3,Full engine overhaul including cylinder head resurfacing and gasket replacement.,06:09:29,05:08:57,4.87,5.44,4385.75,10549.36
812,676,3,"Full suspension rebuild: shocks, struts, control arms, and bushings replaced.",07:21:20,05:45:18,3.11,6.38,3464.14,12705.69
813,677,3,"Fuel system overhaul: injectors cleaned, fuel pump and filter replaced.",07:22:19,07:07:14,7.34,8.93,4936.67,9217.89
814,677,3,"Fuel system overhaul: injectors cleaned, fuel pump and filter replaced.",05:01:07,04:48:32,5.26,5.34,7847.96,13658.15
815,678,3,"Fuel system overhaul: injectors cleaned, fuel pump and filter replaced.",03:23:59,05:01:29,4.00,7.44,9371.19,11442.56
816,678,3,Full engine overhaul including cylinder head resurfacing and gasket replacement.,04:56:12,07:23:44,4.24,4.98,5505.79,3035.35
817,679,3,"Fuel system overhaul: injectors cleaned, fuel pump and filter replaced.",05:32:28,04:39:02,4.26,7.43,5214.10,12204.87
818,679,3,"Full suspension rebuild: shocks, struts, control arms, and bushings replaced.",04:35:21,08:50:27,5.09,7.45,9750.13,12905.34
819,680,3,"Fuel system overhaul: injectors cleaned, fuel pump and filter replaced.",07:59:37,03:34:55,3.97,6.51,5853.02,8416.46
820,680,3,"Timing belt, water pump, idler pulley, and tensioner replaced as full kit.",05:17:49,06:23:22,7.83,6.84,5482.10,12729.96
821,681,3,"A/C compressor, condenser, and evaporator coil replaced; system recharged.",07:59:52,06:03:18,4.21,6.48,8683.25,4140.21
822,681,3,Full electrical diagnosis and rewiring of damaged harness and relay faults.,07:30:56,04:39:04,6.23,6.74,5585.98,13799.91
823,682,3,Complete automatic transmission rebuild with torque converter replacement.,07:02:00,03:30:32,6.07,5.88,11323.73,10231.35
824,682,3,"Full suspension rebuild: shocks, struts, control arms, and bushings replaced.",03:04:52,07:58:14,3.07,6.74,11660.88,12793.24
825,683,3,Full engine overhaul including cylinder head resurfacing and gasket replacement.,04:57:20,03:00:14,6.27,6.71,7210.39,11581.16
826,683,3,"Major brake system overhaul: rotors, calipers, pads, and brake lines replaced.",04:29:00,07:12:08,6.42,6.23,3956.04,13092.16
827,684,3,"Full suspension rebuild: shocks, struts, control arms, and bushings replaced.",04:16:29,05:43:11,4.06,5.15,6445.43,7799.83
828,684,3,Complete automatic transmission rebuild with torque converter replacement.,04:44:12,05:52:17,5.44,4.82,4674.21,12021.33
829,685,3,"Fuel system overhaul: injectors cleaned, fuel pump and filter replaced.",07:12:35,05:52:50,5.52,4.76,4183.53,6072.72
830,685,3,"Timing belt, water pump, idler pulley, and tensioner replaced as full kit.",06:49:10,03:38:14,6.44,6.07,8320.48,6654.05
831,686,3,Complete automatic transmission rebuild with torque converter replacement.,06:25:07,07:26:42,5.06,4.34,5523.81,6097.03
832,686,3,"Major brake system overhaul: rotors, calipers, pads, and brake lines replaced.",05:25:10,03:13:38,6.37,3.71,9496.02,10166.94
833,687,3,Full engine overhaul including cylinder head resurfacing and gasket replacement.,04:01:09,08:01:22,3.62,4.69,6386.09,8622.36
834,687,3,Full engine overhaul including cylinder head resurfacing and gasket replacement.,07:56:13,04:09:21,5.02,6.80,10647.35,9552.50
835,688,3,Complete automatic transmission rebuild with torque converter replacement.,07:38:42,07:22:41,3.33,3.66,11828.02,5334.93
836,688,3,"A/C compressor, condenser, and evaporator coil replaced; system recharged.",06:19:52,08:54:32,3.16,6.55,11640.78,8741.36
837,689,3,"Timing belt, water pump, idler pulley, and tensioner replaced as full kit.",06:15:16,07:01:43,4.98,3.55,11012.92,4874.96
838,689,3,Complete automatic transmission rebuild with torque converter replacement.,03:42:24,08:44:33,3.44,4.47,9264.44,10231.67
839,690,3,Full electrical diagnosis and rewiring of damaged harness and relay faults.,05:16:09,07:46:24,6.69,4.64,7007.56,6969.06
840,690,3,Full electrical diagnosis and rewiring of damaged harness and relay faults.,05:26:54,03:51:22,6.99,5.73,7417.73,6871.63
841,691,3,Full engine overhaul including cylinder head resurfacing and gasket replacement.,06:02:34,05:22:21,3.92,5.79,7070.14,7014.76
842,691,3,Full electrical diagnosis and rewiring of damaged harness and relay faults.,06:45:52,03:47:33,6.12,8.34,9481.36,5515.20
843,692,3,"Timing belt, water pump, idler pulley, and tensioner replaced as full kit.",03:57:50,06:16:02,6.58,8.54,3204.78,12256.51
844,692,3,Complete automatic transmission rebuild with torque converter replacement.,07:53:40,03:03:36,4.49,5.00,8854.03,8969.15
845,693,3,"Fuel system overhaul: injectors cleaned, fuel pump and filter replaced.",04:50:50,06:06:09,6.82,4.42,6518.23,13958.45
846,693,3,Complete automatic transmission rebuild with torque converter replacement.,05:31:39,03:01:28,7.22,5.59,8436.64,9423.41
847,694,3,Complete automatic transmission rebuild with torque converter replacement.,03:15:45,05:01:35,7.69,5.77,9181.77,11249.71
848,694,3,"A/C compressor, condenser, and evaporator coil replaced; system recharged.",04:14:26,06:42:37,7.05,5.48,4283.22,6695.03
849,695,3,"Major brake system overhaul: rotors, calipers, pads, and brake lines replaced.",05:20:54,07:42:58,5.99,5.76,6332.95,8057.97
850,695,3,"Major brake system overhaul: rotors, calipers, pads, and brake lines replaced.",05:58:25,06:46:34,4.52,6.13,10165.31,5412.32
851,696,3,"Timing belt, water pump, idler pulley, and tensioner replaced as full kit.",07:25:42,08:56:50,5.19,6.19,11610.42,13789.40
852,696,3,"Major brake system overhaul: rotors, calipers, pads, and brake lines replaced.",06:35:23,05:29:29,5.09,3.95,7600.33,6501.33
853,697,3,Full electrical diagnosis and rewiring of damaged harness and relay faults.,07:54:42,03:19:05,5.97,4.89,5530.36,9453.75
854,697,3,Full electrical diagnosis and rewiring of damaged harness and relay faults.,07:08:34,05:20:11,7.93,8.65,4794.02,13058.56
855,698,3,"Major brake system overhaul: rotors, calipers, pads, and brake lines replaced.",05:58:21,06:14:23,6.95,6.72,6381.75,7378.35
856,698,3,Full engine overhaul including cylinder head resurfacing and gasket replacement.,06:46:03,06:52:13,6.62,6.32,11902.60,8128.91
857,699,3,"Fuel system overhaul: injectors cleaned, fuel pump and filter replaced.",04:16:15,07:16:55,5.58,5.46,7454.76,3074.15
858,699,3,"Major brake system overhaul: rotors, calipers, pads, and brake lines replaced.",07:48:52,03:37:15,4.51,4.96,10279.25,3879.06
859,700,3,Complete automatic transmission rebuild with torque converter replacement.,05:00:56,06:43:44,5.51,4.72,10716.73,12110.59
860,700,3,"Fuel system overhaul: injectors cleaned, fuel pump and filter replaced.",03:17:01,08:02:20,3.57,6.02,6051.12,13870.57
861,701,3,Full engine overhaul including cylinder head resurfacing and gasket replacement.,03:39:28,06:03:05,5.29,5.69,6738.67,13268.44
862,701,3,Complete automatic transmission rebuild with torque converter replacement.,07:55:00,04:37:29,7.46,6.50,8475.58,6393.84
863,702,3,Complete automatic transmission rebuild with torque converter replacement.,03:25:48,03:49:34,5.84,4.96,4939.41,11422.14
864,702,3,Full electrical diagnosis and rewiring of damaged harness and relay faults.,04:40:26,05:19:32,5.12,5.28,10647.32,7447.47
865,703,3,"Major brake system overhaul: rotors, calipers, pads, and brake lines replaced.",04:20:45,04:23:58,7.36,4.82,7973.22,13795.71
866,703,3,"Timing belt, water pump, idler pulley, and tensioner replaced as full kit.",05:25:11,03:08:46,5.33,6.65,7913.32,13095.07
867,704,3,"Timing belt, water pump, idler pulley, and tensioner replaced as full kit.",04:26:30,08:10:30,7.88,3.74,11680.19,9556.83
868,704,3,"Full suspension rebuild: shocks, struts, control arms, and bushings replaced.",07:50:59,05:37:27,7.46,8.15,4848.84,9668.14
869,705,3,Full electrical diagnosis and rewiring of damaged harness and relay faults.,04:02:49,07:18:04,3.83,4.49,4591.83,13018.71
870,705,3,"Timing belt, water pump, idler pulley, and tensioner replaced as full kit.",04:21:45,07:21:51,3.85,3.63,7646.70,5664.14
871,706,3,"Major brake system overhaul: rotors, calipers, pads, and brake lines replaced.",03:00:17,07:40:57,5.83,7.79,8394.11,7834.87
872,706,3,Full engine overhaul including cylinder head resurfacing and gasket replacement.,06:40:18,05:50:09,5.88,7.26,5404.16,10904.26
873,707,3,Full electrical diagnosis and rewiring of damaged harness and relay faults.,03:27:41,04:50:13,4.98,6.72,5818.66,5403.81
874,707,3,"Fuel system overhaul: injectors cleaned, fuel pump and filter replaced.",06:48:02,06:11:07,4.98,3.56,7325.99,12972.32
875,708,3,"Fuel system overhaul: injectors cleaned, fuel pump and filter replaced.",05:11:47,07:23:30,3.13,8.51,3013.67,13053.28
876,708,3,Complete automatic transmission rebuild with torque converter replacement.,07:33:30,07:41:51,6.20,6.33,10781.17,13655.89
877,709,3,"Major brake system overhaul: rotors, calipers, pads, and brake lines replaced.",04:44:46,04:53:00,6.86,3.62,10809.05,12679.19
878,709,3,"Full suspension rebuild: shocks, struts, control arms, and bushings replaced.",05:58:40,04:08:22,3.49,7.40,10620.47,8496.98
879,710,3,"A/C compressor, condenser, and evaporator coil replaced; system recharged.",05:01:43,05:22:20,6.88,3.99,5293.15,6751.04
880,710,3,Complete automatic transmission rebuild with torque converter replacement.,05:35:26,03:32:07,3.27,8.44,6160.94,11090.94
881,711,3,"Full suspension rebuild: shocks, struts, control arms, and bushings replaced.",05:01:48,03:25:29,5.79,7.97,8301.42,12951.38
882,711,3,"A/C compressor, condenser, and evaporator coil replaced; system recharged.",04:50:27,08:19:31,5.07,3.64,8352.41,7430.15
883,712,3,Full engine overhaul including cylinder head resurfacing and gasket replacement.,06:51:38,03:31:17,6.73,8.74,3301.29,10210.83
884,712,3,"Major brake system overhaul: rotors, calipers, pads, and brake lines replaced.",07:17:48,03:53:04,3.07,4.35,5640.15,10267.05
885,713,3,"Full suspension rebuild: shocks, struts, control arms, and bushings replaced.",03:26:54,06:31:18,7.76,8.21,9759.10,5083.03
886,713,3,"Timing belt, water pump, idler pulley, and tensioner replaced as full kit.",05:19:48,03:44:28,5.77,4.38,10979.60,4728.83
887,714,3,"Major brake system overhaul: rotors, calipers, pads, and brake lines replaced.",04:54:43,05:31:06,6.34,7.02,11856.88,8560.36
888,714,3,"Timing belt, water pump, idler pulley, and tensioner replaced as full kit.",05:42:25,06:34:47,7.36,6.16,3353.83,5647.60
889,715,3,"Fuel system overhaul: injectors cleaned, fuel pump and filter replaced.",06:04:32,08:52:11,3.80,7.66,8545.04,13490.83
890,715,3,"Major brake system overhaul: rotors, calipers, pads, and brake lines replaced.",06:31:33,05:35:26,3.59,3.68,8224.85,5149.77
891,716,3,"A/C compressor, condenser, and evaporator coil replaced; system recharged.",07:57:47,05:29:43,3.95,6.48,3820.07,10890.87
892,716,3,"Timing belt, water pump, idler pulley, and tensioner replaced as full kit.",07:29:56,06:52:56,4.09,4.92,4821.36,4664.53
893,717,3,Complete automatic transmission rebuild with torque converter replacement.,06:29:49,05:09:23,7.92,3.80,5499.83,13960.82
894,717,3,Complete automatic transmission rebuild with torque converter replacement.,03:39:57,07:19:00,6.84,8.87,7859.25,11263.73
895,718,3,"Timing belt, water pump, idler pulley, and tensioner replaced as full kit.",03:51:02,05:57:23,4.55,5.36,7058.90,11225.17
896,718,3,"Timing belt, water pump, idler pulley, and tensioner replaced as full kit.",07:30:01,07:38:27,5.02,3.67,10386.69,13204.67
897,719,3,"A/C compressor, condenser, and evaporator coil replaced; system recharged.",06:58:48,06:35:14,4.62,5.58,6916.32,13910.62
898,719,3,"Full suspension rebuild: shocks, struts, control arms, and bushings replaced.",07:04:55,05:07:16,4.17,5.86,5446.97,10615.83
899,720,3,"Major brake system overhaul: rotors, calipers, pads, and brake lines replaced.",05:10:14,08:46:29,5.70,3.70,3828.95,5223.00
900,720,3,Full electrical diagnosis and rewiring of damaged harness and relay faults.,04:58:26,07:00:12,7.15,6.89,6026.26,11031.21
901,721,3,Complete automatic transmission rebuild with torque converter replacement.,04:55:01,03:18:57,3.53,6.02,7708.88,5785.43
902,721,3,"Full suspension rebuild: shocks, struts, control arms, and bushings replaced.",03:54:37,03:26:11,5.11,5.82,4843.50,7349.12
903,722,3,"Full suspension rebuild: shocks, struts, control arms, and bushings replaced.",04:02:39,08:27:50,6.87,6.03,9987.73,5216.26
904,722,3,"Full suspension rebuild: shocks, struts, control arms, and bushings replaced.",04:04:57,06:13:25,5.05,5.14,5507.31,8049.59
905,723,3,"Full suspension rebuild: shocks, struts, control arms, and bushings replaced.",06:33:29,08:45:25,7.52,5.86,6858.33,9744.64
906,723,3,Full engine overhaul including cylinder head resurfacing and gasket replacement.,05:03:59,04:25:23,3.40,3.75,7320.95,12041.16
907,724,3,"Full suspension rebuild: shocks, struts, control arms, and bushings replaced.",06:00:02,05:34:23,3.88,5.33,6287.16,3737.17
908,724,3,Complete automatic transmission rebuild with torque converter replacement.,06:20:29,03:11:09,7.81,8.30,9182.26,8262.73
909,725,3,Full electrical diagnosis and rewiring of damaged harness and relay faults.,07:28:12,03:40:22,3.18,3.63,5321.78,7039.23
910,725,3,Full engine overhaul including cylinder head resurfacing and gasket replacement.,03:49:16,07:42:15,7.63,3.66,9228.45,6592.70
911,726,3,"Full suspension rebuild: shocks, struts, control arms, and bushings replaced.",07:59:21,04:55:55,3.80,6.14,10478.09,5948.46
912,726,3,"Fuel system overhaul: injectors cleaned, fuel pump and filter replaced.",03:46:21,05:33:06,6.49,6.05,4422.84,6984.69
913,727,3,"Full suspension rebuild: shocks, struts, control arms, and bushings replaced.",03:39:25,07:52:45,7.81,7.34,5416.91,9229.45
914,727,3,"Major brake system overhaul: rotors, calipers, pads, and brake lines replaced.",03:00:02,06:59:39,7.27,6.08,11668.57,8241.35
915,728,3,"Fuel system overhaul: injectors cleaned, fuel pump and filter replaced.",03:11:31,06:02:28,4.13,6.31,8596.38,10743.94
916,728,3,"Fuel system overhaul: injectors cleaned, fuel pump and filter replaced.",04:26:32,05:58:21,7.63,8.17,4514.04,10938.71
917,729,3,Full electrical diagnosis and rewiring of damaged harness and relay faults.,07:42:05,03:33:57,4.02,5.92,9078.33,3167.63
918,729,3,Complete automatic transmission rebuild with torque converter replacement.,06:04:10,03:31:28,4.37,7.44,3052.37,13251.77
919,730,3,Full engine overhaul including cylinder head resurfacing and gasket replacement.,04:15:51,04:46:55,5.57,8.03,6100.65,11900.94
920,730,3,"Fuel system overhaul: injectors cleaned, fuel pump and filter replaced.",04:19:55,05:20:39,6.70,8.08,10759.51,7403.91
921,731,3,Full electrical diagnosis and rewiring of damaged harness and relay faults.,05:43:18,04:03:40,3.80,6.49,11684.87,9782.12
922,731,3,"Fuel system overhaul: injectors cleaned, fuel pump and filter replaced.",04:32:26,04:01:58,6.61,5.09,3260.01,3205.17
923,732,3,Full engine overhaul including cylinder head resurfacing and gasket replacement.,05:25:54,03:44:28,3.76,5.02,9760.87,13566.97
924,732,3,"Timing belt, water pump, idler pulley, and tensioner replaced as full kit.",06:15:24,07:39:11,7.72,3.58,8868.38,8453.83
925,733,3,"A/C compressor, condenser, and evaporator coil replaced; system recharged.",03:01:03,06:43:14,4.97,7.55,8435.86,9132.50
926,733,3,"Timing belt, water pump, idler pulley, and tensioner replaced as full kit.",05:22:56,06:58:42,3.57,7.96,8639.59,6165.83
927,734,3,"Timing belt, water pump, idler pulley, and tensioner replaced as full kit.",05:40:52,05:55:34,4.69,5.18,8414.03,8832.09
928,734,3,"Full suspension rebuild: shocks, struts, control arms, and bushings replaced.",03:28:28,05:57:01,5.12,5.72,7237.02,13987.80
929,735,3,"Major brake system overhaul: rotors, calipers, pads, and brake lines replaced.",06:49:43,05:41:29,6.71,4.43,11143.37,3145.08
930,735,3,"A/C compressor, condenser, and evaporator coil replaced; system recharged.",03:14:05,07:08:03,6.28,5.49,4956.14,4602.73
931,736,3,"Major brake system overhaul: rotors, calipers, pads, and brake lines replaced.",06:00:20,05:59:26,7.27,5.92,8061.22,5565.22
932,736,3,"Full suspension rebuild: shocks, struts, control arms, and bushings replaced.",04:13:04,06:13:07,4.07,4.55,7673.54,13980.25
933,737,3,"Full suspension rebuild: shocks, struts, control arms, and bushings replaced.",04:20:07,05:38:52,7.96,5.82,5386.27,13320.38
934,737,3,"Full suspension rebuild: shocks, struts, control arms, and bushings replaced.",06:11:56,04:40:48,3.01,6.48,5792.75,6356.27
935,738,3,"Fuel system overhaul: injectors cleaned, fuel pump and filter replaced.",03:53:55,04:10:22,7.00,4.58,9621.18,8526.47
936,738,3,Full electrical diagnosis and rewiring of damaged harness and relay faults.,03:35:15,08:03:49,6.19,4.50,5243.72,13077.37
937,739,3,Full electrical diagnosis and rewiring of damaged harness and relay faults.,07:25:58,05:43:47,4.81,7.71,5685.13,13070.45
938,739,3,"Fuel system overhaul: injectors cleaned, fuel pump and filter replaced.",06:41:50,04:12:42,5.77,6.34,5835.56,10076.69
939,740,3,Complete automatic transmission rebuild with torque converter replacement.,06:22:11,06:30:44,6.27,8.32,10146.16,9480.43
940,740,3,Full electrical diagnosis and rewiring of damaged harness and relay faults.,06:28:08,04:25:04,4.30,6.99,5963.73,3141.57
941,741,3,Complete automatic transmission rebuild with torque converter replacement.,03:42:47,08:44:40,6.62,7.28,8042.83,12477.56
942,741,3,"Timing belt, water pump, idler pulley, and tensioner replaced as full kit.",07:29:37,04:04:49,7.01,7.93,4351.10,6172.10
943,742,3,"Major brake system overhaul: rotors, calipers, pads, and brake lines replaced.",05:39:30,04:45:29,5.91,5.25,7096.87,7696.72
944,742,3,"A/C compressor, condenser, and evaporator coil replaced; system recharged.",07:17:12,08:25:41,3.78,6.48,4165.83,4638.26
945,743,3,"A/C compressor, condenser, and evaporator coil replaced; system recharged.",03:52:34,04:48:25,7.59,8.30,3079.66,7367.42
946,743,3,"A/C compressor, condenser, and evaporator coil replaced; system recharged.",03:57:19,03:25:10,4.50,4.70,5145.76,3403.39
947,744,3,Complete automatic transmission rebuild with torque converter replacement.,04:08:25,06:20:08,7.99,5.89,8908.64,8809.10
948,744,3,"Major brake system overhaul: rotors, calipers, pads, and brake lines replaced.",06:52:28,08:35:16,7.21,7.42,5137.90,8804.02
949,745,3,"Major brake system overhaul: rotors, calipers, pads, and brake lines replaced.",04:09:45,04:39:04,4.25,7.14,9424.05,3271.70
950,745,3,"Timing belt, water pump, idler pulley, and tensioner replaced as full kit.",06:02:02,03:43:14,5.53,4.45,10070.05,8194.91
951,746,3,"Full suspension rebuild: shocks, struts, control arms, and bushings replaced.",03:51:28,03:57:07,4.10,7.98,9105.30,12072.62
952,746,3,Complete automatic transmission rebuild with torque converter replacement.,05:00:10,07:26:15,4.63,6.03,11520.54,6763.71
953,747,3,Full engine overhaul including cylinder head resurfacing and gasket replacement.,07:07:13,06:25:04,5.72,8.72,8960.24,9387.13
954,747,3,Complete automatic transmission rebuild with torque converter replacement.,04:29:14,04:03:18,5.81,5.54,11427.46,4594.22
955,748,3,"Major brake system overhaul: rotors, calipers, pads, and brake lines replaced.",04:35:08,08:39:39,6.11,6.68,11069.44,9383.79
956,748,3,Full electrical diagnosis and rewiring of damaged harness and relay faults.,04:32:48,06:13:11,3.73,6.76,7358.33,7124.16
957,749,3,"Timing belt, water pump, idler pulley, and tensioner replaced as full kit.",06:27:09,05:47:33,3.58,6.13,3280.31,13700.48
958,749,3,"Fuel system overhaul: injectors cleaned, fuel pump and filter replaced.",06:14:18,08:09:23,6.65,8.46,7500.55,10478.10
959,750,3,Full engine overhaul including cylinder head resurfacing and gasket replacement.,07:01:56,08:54:37,6.34,4.86,7498.34,3455.33
960,750,3,"Timing belt, water pump, idler pulley, and tensioner replaced as full kit.",07:28:09,05:17:10,6.48,7.74,10498.15,11315.83
961,751,3,"Fuel system overhaul: injectors cleaned, fuel pump and filter replaced.",07:43:57,08:29:36,7.18,6.02,8066.12,6048.08
962,751,3,"Major brake system overhaul: rotors, calipers, pads, and brake lines replaced.",05:38:39,04:03:37,7.85,3.66,3899.64,11863.54
963,752,3,"Major brake system overhaul: rotors, calipers, pads, and brake lines replaced.",04:13:49,04:00:29,6.42,6.11,9909.01,3012.96
964,752,3,Full electrical diagnosis and rewiring of damaged harness and relay faults.,05:39:56,04:50:10,7.28,8.42,7675.03,4096.64
965,753,3,Complete automatic transmission rebuild with torque converter replacement.,07:53:36,08:08:25,3.77,3.77,8589.50,12915.33
966,753,3,"Timing belt, water pump, idler pulley, and tensioner replaced as full kit.",06:18:43,03:48:13,7.78,8.80,8915.21,13191.74
967,754,3,Full electrical diagnosis and rewiring of damaged harness and relay faults.,05:53:54,08:33:32,4.00,8.66,7938.16,6464.56
968,754,3,Full engine overhaul including cylinder head resurfacing and gasket replacement.,03:44:22,03:42:39,7.02,5.66,3404.15,6918.20
969,755,3,Full electrical diagnosis and rewiring of damaged harness and relay faults.,05:22:52,03:26:34,7.61,6.03,11803.15,10801.42
970,755,3,Full engine overhaul including cylinder head resurfacing and gasket replacement.,07:09:45,04:12:54,4.37,7.16,3304.18,4063.28
971,756,3,"Major brake system overhaul: rotors, calipers, pads, and brake lines replaced.",04:22:29,08:50:37,5.04,5.49,4005.55,10669.37
972,756,3,"Timing belt, water pump, idler pulley, and tensioner replaced as full kit.",05:36:44,08:24:27,6.34,6.86,5591.76,11904.08
973,757,3,"Fuel system overhaul: injectors cleaned, fuel pump and filter replaced.",05:02:24,08:53:36,4.71,6.57,10571.51,5127.26
974,757,3,"Fuel system overhaul: injectors cleaned, fuel pump and filter replaced.",06:43:23,08:55:45,6.36,8.60,7851.58,5454.64
975,758,3,Complete automatic transmission rebuild with torque converter replacement.,04:55:37,03:38:04,7.69,7.70,4345.72,6941.11
976,758,3,"A/C compressor, condenser, and evaporator coil replaced; system recharged.",04:33:44,07:00:05,6.33,8.24,3206.48,8803.86
977,759,3,"Full suspension rebuild: shocks, struts, control arms, and bushings replaced.",06:50:40,03:43:19,3.49,6.30,4037.48,11025.91
978,759,3,"Major brake system overhaul: rotors, calipers, pads, and brake lines replaced.",06:14:05,07:15:41,5.50,8.53,9548.46,12278.17
979,760,3,Full engine overhaul including cylinder head resurfacing and gasket replacement.,03:37:51,03:42:34,7.36,6.45,3674.03,4793.29
980,760,3,"Fuel system overhaul: injectors cleaned, fuel pump and filter replaced.",04:18:55,07:06:06,3.14,6.67,6010.01,5261.32
981,761,3,"Full suspension rebuild: shocks, struts, control arms, and bushings replaced.",05:24:45,06:36:05,4.10,8.00,11401.38,5126.25
982,761,3,Complete automatic transmission rebuild with torque converter replacement.,03:39:11,07:16:44,6.56,4.31,7518.67,13086.39
983,762,3,"Major brake system overhaul: rotors, calipers, pads, and brake lines replaced.",05:21:56,04:46:37,7.15,8.61,4547.48,12704.64
984,762,3,"Full suspension rebuild: shocks, struts, control arms, and bushings replaced.",05:29:30,03:07:41,4.29,8.05,8163.25,4378.45
985,763,3,"Timing belt, water pump, idler pulley, and tensioner replaced as full kit.",07:33:03,03:10:32,5.38,8.87,9071.80,10850.08
986,763,3,"A/C compressor, condenser, and evaporator coil replaced; system recharged.",06:34:48,07:53:02,6.47,7.83,4784.71,5159.09
987,764,3,"Fuel system overhaul: injectors cleaned, fuel pump and filter replaced.",06:05:22,06:55:23,5.05,5.82,7322.81,4352.27
988,764,3,"Full suspension rebuild: shocks, struts, control arms, and bushings replaced.",05:57:31,06:16:12,6.36,5.77,5859.66,10586.61
989,765,3,"A/C compressor, condenser, and evaporator coil replaced; system recharged.",07:10:51,05:01:09,3.43,4.85,6687.18,9004.20
990,765,3,Complete automatic transmission rebuild with torque converter replacement.,06:21:02,08:14:39,7.64,8.99,11625.14,10004.35
991,766,3,Full engine overhaul including cylinder head resurfacing and gasket replacement.,03:32:23,07:27:34,6.74,8.41,7609.35,6998.59
992,766,3,Complete automatic transmission rebuild with torque converter replacement.,04:51:47,06:32:00,6.18,8.95,3361.78,9226.55
993,767,3,"Fuel system overhaul: injectors cleaned, fuel pump and filter replaced.",05:10:27,05:28:07,4.45,8.36,3614.18,11238.96
994,767,3,"Major brake system overhaul: rotors, calipers, pads, and brake lines replaced.",06:00:46,08:53:32,5.99,6.87,7155.37,7001.54
995,768,3,"Timing belt, water pump, idler pulley, and tensioner replaced as full kit.",04:09:17,04:24:52,3.01,8.71,10072.05,10965.91
996,768,3,Full engine overhaul including cylinder head resurfacing and gasket replacement.,07:32:26,04:36:08,6.81,7.34,7644.57,5129.54
997,769,3,"Timing belt, water pump, idler pulley, and tensioner replaced as full kit.",07:34:42,07:23:14,4.75,7.68,3016.52,7072.14
998,769,3,Full engine overhaul including cylinder head resurfacing and gasket replacement.,04:04:49,03:15:31,4.35,5.91,5781.57,6145.92
999,770,3,Full electrical diagnosis and rewiring of damaged harness and relay faults.,07:46:19,04:23:42,7.41,3.64,4709.29,6289.63
1000,770,3,Complete automatic transmission rebuild with torque converter replacement.,07:51:50,03:15:13,3.32,8.35,6682.76,12936.89
1001,771,3,Full engine overhaul including cylinder head resurfacing and gasket replacement.,06:46:32,08:59:23,6.73,3.93,11463.65,5257.82
1002,771,3,"Full suspension rebuild: shocks, struts, control arms, and bushings replaced.",05:18:11,07:07:20,4.85,6.62,7204.90,11133.63
1003,772,3,Full electrical diagnosis and rewiring of damaged harness and relay faults.,04:29:18,05:11:30,7.64,6.21,7296.08,11126.69
1004,772,3,"Major brake system overhaul: rotors, calipers, pads, and brake lines replaced.",05:04:35,08:38:37,4.81,5.72,5071.22,7935.64
1005,773,3,Full electrical diagnosis and rewiring of damaged harness and relay faults.,06:44:11,06:33:04,3.86,4.76,10370.38,5259.84
1006,773,3,Full electrical diagnosis and rewiring of damaged harness and relay faults.,07:36:20,05:34:13,7.47,8.41,5953.01,13682.69
1007,774,3,Complete automatic transmission rebuild with torque converter replacement.,04:04:31,04:40:21,5.72,4.04,3219.23,5009.00
1008,774,3,Full electrical diagnosis and rewiring of damaged harness and relay faults.,03:59:33,08:51:28,3.75,7.51,7927.54,10107.97
1009,775,3,Full engine overhaul including cylinder head resurfacing and gasket replacement.,07:26:07,03:41:19,4.97,4.10,11523.92,12879.47
1010,775,3,"Full suspension rebuild: shocks, struts, control arms, and bushings replaced.",05:05:36,06:32:48,6.81,6.23,3459.72,10151.08
1011,776,3,Full electrical diagnosis and rewiring of damaged harness and relay faults.,07:51:04,05:16:42,3.90,4.25,10477.12,7382.17
1012,776,3,"A/C compressor, condenser, and evaporator coil replaced; system recharged.",06:24:04,08:16:15,3.02,7.36,10140.02,5103.88
1013,777,3,"Major brake system overhaul: rotors, calipers, pads, and brake lines replaced.",05:04:06,04:03:23,4.61,7.92,6702.19,3166.19
1014,777,3,Full electrical diagnosis and rewiring of damaged harness and relay faults.,04:08:56,03:49:43,3.91,7.47,6017.09,11141.69
1015,778,3,"Full suspension rebuild: shocks, struts, control arms, and bushings replaced.",05:03:42,08:05:59,7.42,6.43,10828.66,6273.41
1016,778,3,"Full suspension rebuild: shocks, struts, control arms, and bushings replaced.",05:44:24,07:05:40,3.99,4.07,9874.34,10572.08
1017,779,3,"Full suspension rebuild: shocks, struts, control arms, and bushings replaced.",04:38:38,04:07:41,5.54,6.00,6730.54,4201.23
1018,779,3,Full electrical diagnosis and rewiring of damaged harness and relay faults.,05:53:56,05:55:06,7.88,7.98,7931.58,8783.17
1019,780,3,"A/C compressor, condenser, and evaporator coil replaced; system recharged.",05:55:33,03:27:28,5.94,7.25,7657.59,7988.29
1020,780,3,"Timing belt, water pump, idler pulley, and tensioner replaced as full kit.",07:31:51,06:10:29,6.05,5.88,5796.74,8997.50
1021,781,3,Full engine overhaul including cylinder head resurfacing and gasket replacement.,07:16:31,07:17:11,4.79,7.13,9470.17,13842.10
1022,781,3,Complete automatic transmission rebuild with torque converter replacement.,06:56:05,08:02:03,7.13,4.86,3786.34,3742.22
1023,782,3,Complete automatic transmission rebuild with torque converter replacement.,03:27:31,08:40:27,3.11,7.38,3706.24,5230.99
1024,782,3,"Fuel system overhaul: injectors cleaned, fuel pump and filter replaced.",07:32:20,08:47:46,4.28,7.88,9060.06,11167.68
1025,783,3,Full electrical diagnosis and rewiring of damaged harness and relay faults.,05:30:19,05:13:47,4.96,8.01,11320.07,8483.63
1026,783,3,"Fuel system overhaul: injectors cleaned, fuel pump and filter replaced.",06:17:52,03:34:24,5.23,6.95,5729.55,4497.22
1027,784,3,Complete automatic transmission rebuild with torque converter replacement.,04:48:15,04:36:37,3.87,8.95,4702.51,4481.29
1028,784,3,Full engine overhaul including cylinder head resurfacing and gasket replacement.,04:33:33,06:53:01,5.38,5.74,6483.64,12374.11
1029,785,3,Full electrical diagnosis and rewiring of damaged harness and relay faults.,04:56:56,06:37:35,4.28,5.41,10126.12,4078.15
1030,785,3,"Full suspension rebuild: shocks, struts, control arms, and bushings replaced.",03:46:56,08:48:15,7.53,6.29,7274.02,8740.66
1031,786,3,"A/C compressor, condenser, and evaporator coil replaced; system recharged.",03:09:38,03:09:11,7.01,6.56,10053.31,8268.89
1032,786,3,Full engine overhaul including cylinder head resurfacing and gasket replacement.,03:00:07,06:06:52,6.90,7.52,4979.97,12753.59
1033,787,3,"Fuel system overhaul: injectors cleaned, fuel pump and filter replaced.",07:04:53,08:22:47,5.73,6.43,10798.88,11139.73
1034,787,3,Full electrical diagnosis and rewiring of damaged harness and relay faults.,03:00:08,06:37:28,3.31,4.72,10053.03,7162.82
1035,788,3,"Timing belt, water pump, idler pulley, and tensioner replaced as full kit.",05:32:28,03:34:58,3.80,6.67,9086.70,13632.76
1036,788,3,Complete automatic transmission rebuild with torque converter replacement.,05:00:28,08:23:50,5.18,8.45,6183.16,7298.13
1037,789,3,"Fuel system overhaul: injectors cleaned, fuel pump and filter replaced.",06:04:26,04:12:30,6.21,5.08,7578.28,9948.13
1038,789,3,"Timing belt, water pump, idler pulley, and tensioner replaced as full kit.",07:39:06,03:48:31,3.11,5.42,8078.80,3310.84
1039,790,3,"Timing belt, water pump, idler pulley, and tensioner replaced as full kit.",03:45:50,03:08:19,6.98,7.76,6836.29,12380.16
1040,790,3,Full engine overhaul including cylinder head resurfacing and gasket replacement.,06:20:58,04:23:31,3.84,5.92,4735.01,7587.67
1041,791,3,Complete automatic transmission rebuild with torque converter replacement.,06:08:29,04:15:51,7.40,5.47,9561.40,7880.88
1042,791,3,"Major brake system overhaul: rotors, calipers, pads, and brake lines replaced.",07:24:25,06:13:43,7.89,5.11,3348.47,8675.93
1043,792,3,"Fuel system overhaul: injectors cleaned, fuel pump and filter replaced.",05:43:15,03:41:18,4.32,7.87,3510.48,9732.38
1044,792,3,Full electrical diagnosis and rewiring of damaged harness and relay faults.,07:09:10,08:59:16,3.60,6.41,9310.14,3387.24
1045,793,3,"Timing belt, water pump, idler pulley, and tensioner replaced as full kit.",04:00:31,05:43:39,4.37,7.63,5592.83,12525.61
1046,793,3,"A/C compressor, condenser, and evaporator coil replaced; system recharged.",06:58:38,08:41:38,6.38,8.58,4943.16,13675.33
1047,794,3,"Timing belt, water pump, idler pulley, and tensioner replaced as full kit.",07:32:11,03:18:59,3.86,4.10,3904.15,9665.52
1048,794,3,Complete automatic transmission rebuild with torque converter replacement.,03:34:37,03:44:18,3.97,8.85,11424.88,9296.17
1049,795,3,Full electrical diagnosis and rewiring of damaged harness and relay faults.,04:14:34,04:10:02,3.57,7.58,10968.88,12275.49
1050,795,3,Complete automatic transmission rebuild with torque converter replacement.,07:45:01,04:26:18,4.99,6.97,10897.96,8091.00
1051,796,3,"Major brake system overhaul: rotors, calipers, pads, and brake lines replaced.",03:01:30,07:29:38,5.30,8.75,10372.76,5331.84
1052,796,3,"Full suspension rebuild: shocks, struts, control arms, and bushings replaced.",05:14:53,08:59:16,3.56,7.60,3203.23,8215.74
1053,797,3,"Fuel system overhaul: injectors cleaned, fuel pump and filter replaced.",06:56:24,04:00:18,4.52,7.44,3538.92,7089.16
1054,797,3,"Fuel system overhaul: injectors cleaned, fuel pump and filter replaced.",07:10:59,04:24:17,3.12,3.52,11303.47,11591.57
1055,798,3,Full electrical diagnosis and rewiring of damaged harness and relay faults.,04:15:17,06:18:38,6.94,8.47,6186.82,12929.23
1056,798,3,"Fuel system overhaul: injectors cleaned, fuel pump and filter replaced.",04:23:18,07:34:18,6.00,7.31,10464.82,3904.47
1057,799,3,Complete automatic transmission rebuild with torque converter replacement.,07:00:22,08:29:04,4.55,7.07,7079.83,9317.04
1058,799,3,"Fuel system overhaul: injectors cleaned, fuel pump and filter replaced.",07:20:51,05:44:37,7.87,7.20,5997.56,12430.02
1059,800,3,Full engine overhaul including cylinder head resurfacing and gasket replacement.,04:38:18,07:09:47,7.71,7.01,7909.85,10058.07
1060,800,3,Full engine overhaul including cylinder head resurfacing and gasket replacement.,04:36:37,05:53:25,5.29,8.90,3080.66,6211.45
1061,801,3,"Major brake system overhaul: rotors, calipers, pads, and brake lines replaced.",04:40:31,05:08:30,7.50,7.27,11770.47,8019.18
1062,801,3,Full engine overhaul including cylinder head resurfacing and gasket replacement.,03:33:03,03:31:03,5.00,6.56,6755.36,9764.40
1063,802,3,"Full suspension rebuild: shocks, struts, control arms, and bushings replaced.",04:29:19,04:12:50,4.93,6.40,3933.88,11031.64
1064,802,3,"Timing belt, water pump, idler pulley, and tensioner replaced as full kit.",05:38:52,06:28:11,4.22,4.64,11550.10,5324.13
1065,803,3,"Major brake system overhaul: rotors, calipers, pads, and brake lines replaced.",03:50:45,07:56:50,3.34,6.05,9726.68,6646.75
1066,803,3,Complete automatic transmission rebuild with torque converter replacement.,06:16:38,08:27:06,7.43,5.39,3877.92,13415.56
1067,804,3,"Fuel system overhaul: injectors cleaned, fuel pump and filter replaced.",07:49:55,06:42:02,4.62,5.04,10013.15,10137.65
1068,804,3,"Timing belt, water pump, idler pulley, and tensioner replaced as full kit.",06:33:48,03:21:14,7.54,6.70,10733.42,9012.33
1069,805,3,Full electrical diagnosis and rewiring of damaged harness and relay faults.,07:37:21,03:09:44,6.95,5.12,10731.63,11760.03
1070,805,3,"Full suspension rebuild: shocks, struts, control arms, and bushings replaced.",07:13:25,04:30:12,6.03,8.77,5957.73,5065.41
1071,806,3,Complete automatic transmission rebuild with torque converter replacement.,05:53:06,08:27:52,6.66,6.87,3384.85,5070.12
1072,806,3,Complete automatic transmission rebuild with torque converter replacement.,04:30:00,04:55:28,4.80,3.89,4530.13,10205.72
1073,807,3,"Full suspension rebuild: shocks, struts, control arms, and bushings replaced.",05:01:17,06:05:10,6.74,8.54,7190.45,6538.17
1074,807,3,"A/C compressor, condenser, and evaporator coil replaced; system recharged.",04:12:35,08:16:18,5.12,8.43,11801.93,11385.89
1075,808,3,"Timing belt, water pump, idler pulley, and tensioner replaced as full kit.",06:05:55,08:28:16,5.39,5.15,4419.80,3895.36
1076,808,3,Full electrical diagnosis and rewiring of damaged harness and relay faults.,03:38:19,03:45:43,7.87,3.92,11006.59,8333.55
1077,809,3,"Fuel system overhaul: injectors cleaned, fuel pump and filter replaced.",06:36:06,04:37:24,3.39,6.02,3961.19,11421.20
1078,809,3,"A/C compressor, condenser, and evaporator coil replaced; system recharged.",06:00:48,04:20:59,6.48,5.62,7599.45,10781.37
1079,810,3,Full electrical diagnosis and rewiring of damaged harness and relay faults.,06:07:03,08:38:43,3.55,8.81,6629.81,4614.83
1080,810,3,Full electrical diagnosis and rewiring of damaged harness and relay faults.,07:47:21,05:12:58,4.91,8.31,10499.46,11158.24
1081,811,3,"Major brake system overhaul: rotors, calipers, pads, and brake lines replaced.",07:39:23,03:24:21,7.11,7.60,3444.45,11754.44
1082,811,3,"Major brake system overhaul: rotors, calipers, pads, and brake lines replaced.",03:04:29,03:54:44,3.92,7.39,7167.48,9386.50
1083,812,3,"Major brake system overhaul: rotors, calipers, pads, and brake lines replaced.",04:17:18,04:17:04,4.66,6.52,4540.26,13423.78
1084,812,3,"Timing belt, water pump, idler pulley, and tensioner replaced as full kit.",03:30:09,05:16:42,5.66,6.07,4506.89,7589.35
1085,813,3,"A/C compressor, condenser, and evaporator coil replaced; system recharged.",06:30:34,03:51:23,4.91,5.76,7030.46,5716.85
1086,813,3,Full engine overhaul including cylinder head resurfacing and gasket replacement.,03:35:16,05:43:02,5.41,8.39,11924.92,12726.16
1087,814,3,Complete automatic transmission rebuild with torque converter replacement.,03:56:16,07:02:34,6.44,5.04,10397.63,12929.38
1088,814,3,Complete automatic transmission rebuild with torque converter replacement.,04:09:21,04:34:03,5.63,4.24,5546.63,13658.71
1089,815,3,"Major brake system overhaul: rotors, calipers, pads, and brake lines replaced.",04:36:45,05:39:46,4.99,8.25,9293.56,9533.20
1090,815,3,Complete automatic transmission rebuild with torque converter replacement.,03:20:23,04:31:15,5.53,5.27,7107.27,9225.99
1091,816,3,"A/C compressor, condenser, and evaporator coil replaced; system recharged.",07:12:36,08:28:01,7.50,5.23,5242.83,11071.87
1092,816,3,"A/C compressor, condenser, and evaporator coil replaced; system recharged.",06:44:34,03:10:10,6.26,6.21,6589.44,3131.96
1093,817,3,"Timing belt, water pump, idler pulley, and tensioner replaced as full kit.",05:18:06,08:25:37,5.99,7.05,11971.38,3320.43
1094,817,3,"Fuel system overhaul: injectors cleaned, fuel pump and filter replaced.",05:10:06,06:31:38,3.56,7.04,11866.33,11859.34
1095,818,3,"Full suspension rebuild: shocks, struts, control arms, and bushings replaced.",03:48:45,04:30:02,5.81,8.90,4566.56,4775.61
1096,818,3,"Full suspension rebuild: shocks, struts, control arms, and bushings replaced.",07:22:34,05:15:59,4.91,6.63,10744.84,6017.65
1097,819,3,Complete automatic transmission rebuild with torque converter replacement.,03:19:18,08:51:08,3.19,4.09,11533.77,12672.86
1098,819,3,"Full suspension rebuild: shocks, struts, control arms, and bushings replaced.",06:38:48,04:08:19,7.00,5.84,5585.14,4145.59
1099,820,3,"Major brake system overhaul: rotors, calipers, pads, and brake lines replaced.",07:10:23,06:24:30,7.81,8.31,6480.12,3436.48
1100,820,3,"Fuel system overhaul: injectors cleaned, fuel pump and filter replaced.",05:21:19,03:23:33,7.31,4.34,10996.77,5678.70
