id,job_order_id,section_id,task_title,note,task_status,completed_at,price,billable,scheduled_date,mechanic_id,estimated_finish
1,385,received,Final check,Auto-generated task note based on service history.,completed,2026-04-20 19:22:38.293298,,True,,,
2,283,in_progress,Finalize quotation,Auto-generated task note based on service history.,completed,2026-01-18 20:36:16.293298,,True,,,
3,17,received,Inspect brake pads,Auto-generated task note based on service history.,pending,,,True,,,
4,96,quotation,Test drive vehicle,Auto-generated task note based on service history.,pending,,,True,,,
5,59,in_progress,Clean interior,Auto-generated task note based on service history.,in_progress,,,True,,,
6,399,received,Final check,Auto-generated task note based on service history.,in_progress,,,True,,,
7,132,quotation,Inspect brake pads,Auto-generated task note based on service history.,completed,2026-06-01 04:41:20.293298,,True,,,
8,78,inspecting,Test drive vehicle,Auto-generated task note based on service history.,in_progress,,,True,,,
9,134,complete,Test drive vehicle,Auto-generated task note based on service history.,in_progress,,,True,,,
10,495,complete,Final check,Auto-generated task note based on service history.,completed,2026-05-23 18:14:41.293298,,True,,,
11,21,received,Clean interior,Auto-generated task note based on service history.,pending,,,True,,,
12,282,in_progress,Perform alignment,Auto-generated task note based on service history.,pending,,,True,,,
13,247,in_progress,Test drive vehicle,Auto-generated task note based on service history.,in_progress,,,True,,,
14,191,inspecting,Perform alignment,Auto-generated task note based on service history.,in_progress,,,True,,,
15,444,quotation,Check tire pressure,Auto-generated task note based on service history.,in_progress,,,True,,,
16,79,received,Test drive vehicle,Auto-generated task note based on service history.,pending,,,True,,,
17,293,received,Inspect brake pads,Auto-generated task note based on service history.,completed,2025-08-23 10:58:50.293298,,True,,,
18,97,in_progress,Check tire pressure,Auto-generated task note based on service history.,in_progress,,,True,,,
19,236,complete,Final check,Auto-generated task note based on service history.,completed,2025-12-25 11:23:40.293298,,True,,,
20,424,inspecting,Check tire pressure,Auto-generated task note based on service history.,completed,2025-10-18 17:57:40.293298,,True,,,
21,485,inspecting,Clean interior,Auto-generated task note based on service history.,pending,,,True,,,
22,194,complete,Check fluid levels,Auto-generated task note based on service history.,completed,2026-03-18 22:46:00.293298,,True,,,
23,309,in_progress,Finalize quotation,Auto-generated task note based on service history.,completed,2026-03-20 10:21:58.293298,,True,,,
24,346,received,Test drive vehicle,Auto-generated task note based on service history.,pending,,,True,,,
25,456,in_progress,Final check,Auto-generated task note based on service history.,completed,2026-07-13 13:11:03.293298,,True,,,
26,325,received,Inspect brake pads,Auto-generated task note based on service history.,completed,2026-03-02 17:52:53.293298,,True,,,
27,282,in_progress,Test drive vehicle,Auto-generated task note based on service history.,in_progress,,,True,,,
28,481,quotation,Perform alignment,Auto-generated task note based on service history.,in_progress,,,True,,,
29,510,received,Test drive vehicle,Auto-generated task note based on service history.,pending,,,True,,,
30,324,complete,Clean interior,Auto-generated task note based on service history.,in_progress,,,True,,,
31,381,quotation,Check tire pressure,Auto-generated task note based on service history.,in_progress,,,True,,,
32,425,inspecting,Test drive vehicle,Auto-generated task note based on service history.,pending,,,True,,,
33,191,complete,Test drive vehicle,Auto-generated task note based on service history.,pending,,,True,,,
34,232,in_progress,Perform alignment,Auto-generated task note based on service history.,pending,,,True,,,
35,49,received,Check fluid levels,Auto-generated task note based on service history.,completed,2026-01-16 05:43:03.293298,,True,,,
36,102,received,Inspect brake pads,Auto-generated task note based on service history.,in_progress,,,True,,,
37,277,quotation,Clean interior,Auto-generated task note based on service history.,pending,,,True,,,
38,100,in_progress,Final check,Auto-generated task note based on service history.,in_progress,,,True,,,
39,142,received,Check tire pressure,Auto-generated task note based on service history.,in_progress,,,True,,,
40,277,inspecting,Check tire pressure,Auto-generated task note based on service history.,completed,2026-05-26 03:42:01.293298,,True,,,
41,385,complete,Perform alignment,Auto-generated task note based on service history.,in_progress,,,True,,,
42,62,received,Finalize quotation,Auto-generated task note based on service history.,pending,,,True,,,
43,490,inspecting,Inspect brake pads,Auto-generated task note based on service history.,completed,2026-04-03 07:58:31.293298,,True,,,
44,38,quotation,Inspect brake pads,Auto-generated task note based on service history.,completed,2025-09-27 19:56:19.293298,,True,,,
45,104,quotation,Clean interior,Auto-generated task note based on service history.,in_progress,,,True,,,
46,314,complete,Finalize quotation,Auto-generated task note based on service history.,completed,2026-01-02 05:27:07.293298,,True,,,
47,198,inspecting,Inspect brake pads,Auto-generated task note based on service history.,completed,2025-08-12 14:37:25.293298,,True,,,
48,49,inspecting,Test drive vehicle,Auto-generated task note based on service history.,completed,2026-01-15 09:43:03.293298,,True,,,
49,38,quotation,Test drive vehicle,Auto-generated task note based on service history.,in_progress,,,True,,,
50,220,in_progress,Inspect brake pads,Auto-generated task note based on service history.,in_progress,,,True,,,
51,459,inspecting,Inspect brake pads,Auto-generated task note based on service history.,pending,,,True,,,
52,323,complete,Inspect brake pads,Auto-generated task note based on service history.,in_progress,,,True,,,
53,104,inspecting,Clean interior,Auto-generated task note based on service history.,completed,2026-01-06 10:25:49.293298,,True,,,
54,477,inspecting,Check tire pressure,Auto-generated task note based on service history.,pending,,,True,,,
55,286,inspecting,Finalize quotation,Auto-generated task note based on service history.,completed,2026-03-16 17:09:02.293298,,True,,,
56,346,quotation,Check tire pressure,Auto-generated task note based on service history.,completed,2025-08-16 21:06:08.293298,,True,,,
57,191,received,Inspect brake pads,Auto-generated task note based on service history.,in_progress,,,True,,,
58,7,inspecting,Inspect brake pads,Auto-generated task note based on service history.,pending,,,True,,,
59,296,complete,Test drive vehicle,Auto-generated task note based on service history.,completed,2026-03-06 15:51:12.293298,,True,,,
60,409,quotation,Final check,Auto-generated task note based on service history.,in_progress,,,True,,,
61,258,inspecting,Check tire pressure,Auto-generated task note based on service history.,completed,2026-02-08 11:24:43.293298,,True,,,
62,104,in_progress,Clean interior,Auto-generated task note based on service history.,pending,,,True,,,
63,143,inspecting,Test drive vehicle,Auto-generated task note based on service history.,pending,,,True,,,
64,430,inspecting,Perform alignment,Auto-generated task note based on service history.,in_progress,,,True,,,
65,40,quotation,Final check,Auto-generated task note based on service history.,completed,2025-09-18 03:08:33.293298,,True,,,
66,182,quotation,Test drive vehicle,Auto-generated task note based on service history.,completed,2025-11-15 11:14:26.293298,,True,,,
67,111,in_progress,Final check,Auto-generated task note based on service history.,pending,,,True,,,
68,154,received,Clean interior,Auto-generated task note based on service history.,completed,2025-09-03 00:01:53.293298,,True,,,
69,333,in_progress,Perform alignment,Auto-generated task note based on service history.,pending,,,True,,,
70,139,in_progress,Finalize quotation,Auto-generated task note based on service history.,in_progress,,,True,,,
71,187,in_progress,Clean interior,Auto-generated task note based on service history.,in_progress,,,True,,,
72,309,complete,Perform alignment,Auto-generated task note based on service history.,completed,2026-03-20 02:21:58.293298,,True,,,
73,307,in_progress,Check fluid levels,Auto-generated task note based on service history.,pending,,,True,,,
74,359,received,Clean interior,Auto-generated task note based on service history.,pending,,,True,,,
75,100,in_progress,Inspect brake pads,Auto-generated task note based on service history.,in_progress,,,True,,,
76,286,complete,Test drive vehicle,Auto-generated task note based on service history.,completed,2026-03-16 15:09:02.293298,,True,,,
77,154,received,Inspect brake pads,Auto-generated task note based on service history.,completed,2025-09-03 05:01:53.293298,,True,,,
78,253,in_progress,Clean interior,Auto-generated task note based on service history.,completed,2026-07-18 17:11:50.293298,,True,,,
79,265,in_progress,Check fluid levels,Auto-generated task note based on service history.,completed,2025-11-05 19:21:56.293298,,True,,,
80,172,inspecting,Test drive vehicle,Auto-generated task note based on service history.,completed,2025-12-21 15:23:20.293298,,True,,,
81,460,quotation,Perform alignment,Auto-generated task note based on service history.,in_progress,,,True,,,
82,191,inspecting,Final check,Auto-generated task note based on service history.,completed,2026-06-27 18:06:58.293298,,True,,,
83,200,complete,Final check,Auto-generated task note based on service history.,pending,,,True,,,
84,426,inspecting,Check tire pressure,Auto-generated task note based on service history.,pending,,,True,,,
85,229,in_progress,Check tire pressure,Auto-generated task note based on service history.,completed,2026-02-18 11:05:51.293298,,True,,,
86,237,quotation,Perform alignment,Auto-generated task note based on service history.,completed,2025-11-29 18:31:21.293298,,True,,,
87,447,in_progress,Final check,Auto-generated task note based on service history.,completed,2026-05-17 17:28:26.293298,,True,,,
88,150,quotation,Test drive vehicle,Auto-generated task note based on service history.,in_progress,,,True,,,
89,153,received,Finalize quotation,Auto-generated task note based on service history.,pending,,,True,,,
90,456,quotation,Check fluid levels,Auto-generated task note based on service history.,in_progress,,,True,,,
91,495,inspecting,Check fluid levels,Auto-generated task note based on service history.,in_progress,,,True,,,
92,475,quotation,Inspect brake pads,Auto-generated task note based on service history.,in_progress,,,True,,,
93,118,inspecting,Clean interior,Auto-generated task note based on service history.,completed,2025-12-31 00:16:19.293298,,True,,,
94,291,in_progress,Clean interior,Auto-generated task note based on service history.,in_progress,,,True,,,
95,82,inspecting,Check fluid levels,Auto-generated task note based on service history.,in_progress,,,True,,,
96,421,quotation,Perform alignment,Auto-generated task note based on service history.,in_progress,,,True,,,
97,309,inspecting,Perform alignment,Auto-generated task note based on service history.,completed,2026-03-20 02:21:58.293298,,True,,,
98,394,in_progress,Test drive vehicle,Auto-generated task note based on service history.,completed,2025-08-19 20:09:33.293298,,True,,,
99,229,inspecting,Test drive vehicle,Auto-generated task note based on service history.,completed,2026-02-18 00:05:51.293298,,True,,,
100,162,in_progress,Clean interior,Auto-generated task note based on service history.,completed,2025-10-11 22:31:35.293298,,True,,,
101,83,complete,Perform alignment,Auto-generated task note based on service history.,in_progress,,,True,,,
102,456,received,Final check,Auto-generated task note based on service history.,completed,2026-07-12 22:11:03.293298,,True,,,
103,54,received,Check tire pressure,Auto-generated task note based on service history.,in_progress,,,True,,,
104,457,quotation,Clean interior,Auto-generated task note based on service history.,completed,2026-07-15 01:35:30.293298,,True,,,
105,169,in_progress,Test drive vehicle,Auto-generated task note based on service history.,completed,2025-12-12 09:27:32.293298,,True,,,
106,121,in_progress,Clean interior,Auto-generated task note based on service history.,pending,,,True,,,
107,17,quotation,Check tire pressure,Auto-generated task note based on service history.,pending,,,True,,,
108,358,in_progress,Check fluid levels,Auto-generated task note based on service history.,pending,,,True,,,
109,155,quotation,Perform alignment,Auto-generated task note based on service history.,in_progress,,,True,,,
110,333,complete,Inspect brake pads,Auto-generated task note based on service history.,in_progress,,,True,,,
111,161,quotation,Inspect brake pads,Auto-generated task note based on service history.,pending,,,True,,,
112,450,received,Perform alignment,Auto-generated task note based on service history.,in_progress,,,True,,,
113,249,inspecting,Clean interior,Auto-generated task note based on service history.,completed,2025-12-27 21:32:27.293298,,True,,,
114,254,received,Finalize quotation,Auto-generated task note based on service history.,pending,,,True,,,
115,410,in_progress,Test drive vehicle,Auto-generated task note based on service history.,pending,,,True,,,
116,277,inspecting,Final check,Auto-generated task note based on service history.,pending,,,True,,,
117,21,quotation,Inspect brake pads,Auto-generated task note based on service history.,pending,,,True,,,
118,395,quotation,Test drive vehicle,Auto-generated task note based on service history.,completed,2025-10-27 07:46:23.293298,,True,,,
119,114,received,Check tire pressure,Auto-generated task note based on service history.,in_progress,,,True,,,
120,15,inspecting,Inspect brake pads,Auto-generated task note based on service history.,in_progress,,,True,,,
121,314,quotation,Perform alignment,Auto-generated task note based on service history.,in_progress,,,True,,,
122,510,received,Perform alignment,Auto-generated task note based on service history.,in_progress,,,True,,,
123,396,inspecting,Finalize quotation,Auto-generated task note based on service history.,completed,2026-01-14 05:37:35.293298,,True,,,
124,22,inspecting,Finalize quotation,Auto-generated task note based on service history.,completed,2025-09-29 21:22:30.293298,,True,,,
125,82,in_progress,Finalize quotation,Auto-generated task note based on service history.,pending,,,True,,,
126,179,quotation,Check fluid levels,Auto-generated task note based on service history.,pending,,,True,,,
127,344,inspecting,Test drive vehicle,Auto-generated task note based on service history.,in_progress,,,True,,,
128,173,quotation,Finalize quotation,Auto-generated task note based on service history.,pending,,,True,,,
129,38,complete,Test drive vehicle,Auto-generated task note based on service history.,pending,,,True,,,
130,69,in_progress,Inspect brake pads,Auto-generated task note based on service history.,pending,,,True,,,
131,340,in_progress,Check fluid levels,Auto-generated task note based on service history.,pending,,,True,,,
132,320,quotation,Test drive vehicle,Auto-generated task note based on service history.,pending,,,True,,,
133,143,inspecting,Check fluid levels,Auto-generated task note based on service history.,completed,2026-07-12 01:02:39.293298,,True,,,
134,461,quotation,Final check,Auto-generated task note based on service history.,pending,,,True,,,
135,239,received,Finalize quotation,Auto-generated task note based on service history.,completed,2026-07-25 13:01:18.293298,,True,,,
136,126,in_progress,Check fluid levels,Auto-generated task note based on service history.,completed,2025-10-26 13:58:05.293298,,True,,,
137,277,quotation,Check tire pressure,Auto-generated task note based on service history.,in_progress,,,True,,,
138,262,received,Inspect brake pads,Auto-generated task note based on service history.,completed,2025-09-05 05:09:04.293298,,True,,,
139,330,received,Inspect brake pads,Auto-generated task note based on service history.,in_progress,,,True,,,
140,57,received,Test drive vehicle,Auto-generated task note based on service history.,pending,,,True,,,
141,271,complete,Check fluid levels,Auto-generated task note based on service history.,completed,2025-10-11 04:06:26.293298,,True,,,
142,366,received,Check tire pressure,Auto-generated task note based on service history.,in_progress,,,True,,,
143,261,complete,Final check,Auto-generated task note based on service history.,in_progress,,,True,,,
144,299,received,Check tire pressure,Auto-generated task note based on service history.,completed,2025-11-07 00:38:59.293298,,True,,,
145,51,in_progress,Check tire pressure,Auto-generated task note based on service history.,in_progress,,,True,,,
146,168,quotation,Check tire pressure,Auto-generated task note based on service history.,in_progress,,,True,,,
147,92,complete,Inspect brake pads,Auto-generated task note based on service history.,in_progress,,,True,,,
148,377,complete,Check tire pressure,Auto-generated task note based on service history.,completed,2025-09-17 23:14:37.293298,,True,,,
149,499,quotation,Inspect brake pads,Auto-generated task note based on service history.,completed,2026-04-15 19:24:06.293298,,True,,,
150,453,received,Clean interior,Auto-generated task note based on service history.,pending,,,True,,,
151,479,quotation,Inspect brake pads,Auto-generated task note based on service history.,pending,,,True,,,
152,12,complete,Test drive vehicle,Auto-generated task note based on service history.,pending,,,True,,,
153,397,quotation,Final check,Auto-generated task note based on service history.,pending,,,True,,,
154,440,received,Clean interior,Auto-generated task note based on service history.,pending,,,True,,,
155,185,in_progress,Finalize quotation,Auto-generated task note based on service history.,completed,2026-08-07 05:23:50.293298,,True,,,
156,65,inspecting,Check tire pressure,Auto-generated task note based on service history.,pending,,,True,,,
157,143,inspecting,Check fluid levels,Auto-generated task note based on service history.,pending,,,True,,,
158,16,inspecting,Clean interior,Auto-generated task note based on service history.,completed,2026-04-02 14:23:16.293298,,True,,,
159,225,complete,Perform alignment,Auto-generated task note based on service history.,in_progress,,,True,,,
160,495,inspecting,Perform alignment,Auto-generated task note based on service history.,in_progress,,,True,,,
161,444,complete,Check tire pressure,Auto-generated task note based on service history.,pending,,,True,,,
162,484,inspecting,Inspect brake pads,Auto-generated task note based on service history.,pending,,,True,,,
163,349,in_progress,Inspect brake pads,Auto-generated task note based on service history.,in_progress,,,True,,,
164,458,inspecting,Inspect brake pads,Auto-generated task note based on service history.,in_progress,,,True,,,
165,192,complete,Test drive vehicle,Auto-generated task note based on service history.,pending,,,True,,,
166,436,received,Perform alignment,Auto-generated task note based on service history.,completed,2025-09-30 07:31:37.293298,,True,,,
167,354,in_progress,Inspect brake pads,Auto-generated task note based on service history.,pending,,,True,,,
168,69,quotation,Check fluid levels,Auto-generated task note based on service history.,completed,2026-07-10 15:12:01.293298,,True,,,
169,125,received,Check fluid levels,Auto-generated task note based on service history.,completed,2026-04-05 14:34:28.293298,,True,,,
170,3,in_progress,Perform alignment,Auto-generated task note based on service history.,pending,,,True,,,
171,228,quotation,Final check,Auto-generated task note based on service history.,completed,2026-02-09 10:40:33.293298,,True,,,
172,249,received,Clean interior,Auto-generated task note based on service history.,completed,2025-12-27 22:32:27.293298,,True,,,
173,433,in_progress,Clean interior,Auto-generated task note based on service history.,pending,,,True,,,
174,157,in_progress,Test drive vehicle,Auto-generated task note based on service history.,pending,,,True,,,
175,156,in_progress,Inspect brake pads,Auto-generated task note based on service history.,completed,2026-02-11 01:41:07.293298,,True,,,
176,475,quotation,Final check,Auto-generated task note based on service history.,pending,,,True,,,
177,353,in_progress,Check fluid levels,Auto-generated task note based on service history.,in_progress,,,True,,,
178,132,inspecting,Final check,Auto-generated task note based on service history.,completed,2026-06-01 01:41:20.293298,,True,,,
179,178,in_progress,Check fluid levels,Auto-generated task note based on service history.,in_progress,,,True,,,
180,500,inspecting,Final check,Auto-generated task note based on service history.,completed,2026-03-10 05:00:33.293298,,True,,,
181,357,complete,Test drive vehicle,Auto-generated task note based on service history.,in_progress,,,True,,,
182,88,received,Inspect brake pads,Auto-generated task note based on service history.,completed,2026-01-15 00:46:13.293298,,True,,,
183,8,received,Check fluid levels,Auto-generated task note based on service history.,completed,2025-10-08 15:21:17.293298,,True,,,
184,212,in_progress,Final check,Auto-generated task note based on service history.,completed,2026-02-03 17:17:18.293298,,True,,,
185,96,in_progress,Check tire pressure,Auto-generated task note based on service history.,in_progress,,,True,,,
186,336,quotation,Test drive vehicle,Auto-generated task note based on service history.,completed,2025-09-22 01:37:31.293298,,True,,,
187,450,received,Check fluid levels,Auto-generated task note based on service history.,pending,,,True,,,
188,458,quotation,Clean interior,Auto-generated task note based on service history.,completed,2026-04-12 04:23:56.293298,,True,,,
189,77,received,Perform alignment,Auto-generated task note based on service history.,in_progress,,,True,,,
190,260,inspecting,Final check,Auto-generated task note based on service history.,completed,2025-11-30 05:27:08.293298,,True,,,
191,488,received,Perform alignment,Auto-generated task note based on service history.,in_progress,,,True,,,
192,191,inspecting,Inspect brake pads,Auto-generated task note based on service history.,completed,2026-06-27 22:06:58.293298,,True,,,
193,64,inspecting,Finalize quotation,Auto-generated task note based on service history.,completed,2026-05-10 19:33:16.293298,,True,,,
194,293,quotation,Inspect brake pads,Auto-generated task note based on service history.,pending,,,True,,,
195,319,inspecting,Check fluid levels,Auto-generated task note based on service history.,pending,,,True,,,
196,298,complete,Perform alignment,Auto-generated task note based on service history.,completed,2026-06-19 06:07:39.293298,,True,,,
197,227,in_progress,Finalize quotation,Auto-generated task note based on service history.,pending,,,True,,,
198,198,quotation,Clean interior,Auto-generated task note based on service history.,in_progress,,,True,,,
199,318,received,Inspect brake pads,Auto-generated task note based on service history.,pending,,,True,,,
200,132,in_progress,Test drive vehicle,Auto-generated task note based on service history.,completed,2026-05-31 10:41:20.293298,,True,,,
201,300,complete,Check fluid levels,Auto-generated task note based on service history.,completed,2025-08-16 01:23:05.293298,,True,,,
202,140,quotation,Check tire pressure,Auto-generated task note based on service history.,pending,,,True,,,
203,297,received,Perform alignment,Auto-generated task note based on service history.,pending,,,True,,,
204,426,quotation,Check fluid levels,Auto-generated task note based on service history.,pending,,,True,,,
205,90,received,Check tire pressure,Auto-generated task note based on service history.,pending,,,True,,,
206,387,complete,Check tire pressure,Auto-generated task note based on service history.,pending,,,True,,,
207,20,received,Inspect brake pads,Auto-generated task note based on service history.,in_progress,,,True,,,
208,338,in_progress,Check tire pressure,Auto-generated task note based on service history.,pending,,,True,,,
209,307,received,Finalize quotation,Auto-generated task note based on service history.,completed,2025-11-28 18:29:06.293298,,True,,,
210,225,received,Check tire pressure,Auto-generated task note based on service history.,in_progress,,,True,,,
211,163,inspecting,Test drive vehicle,Auto-generated task note based on service history.,in_progress,,,True,,,
212,296,quotation,Perform alignment,Auto-generated task note based on service history.,completed,2026-03-07 13:51:12.293298,,True,,,
213,294,received,Clean interior,Auto-generated task note based on service history.,in_progress,,,True,,,
214,262,inspecting,Inspect brake pads,Auto-generated task note based on service history.,pending,,,True,,,
215,107,inspecting,Perform alignment,Auto-generated task note based on service history.,in_progress,,,True,,,
216,306,complete,Check fluid levels,Auto-generated task note based on service history.,in_progress,,,True,,,
217,82,complete,Clean interior,Auto-generated task note based on service history.,completed,2026-02-11 17:41:43.293298,,True,,,
218,4,inspecting,Clean interior,Auto-generated task note based on service history.,in_progress,,,True,,,
219,327,quotation,Clean interior,Auto-generated task note based on service history.,completed,2026-06-26 23:23:25.293298,,True,,,
220,176,in_progress,Perform alignment,Auto-generated task note based on service history.,completed,2025-11-11 08:33:13.293298,,True,,,
221,75,inspecting,Finalize quotation,Auto-generated task note based on service history.,pending,,,True,,,
222,205,in_progress,Test drive vehicle,Auto-generated task note based on service history.,pending,,,True,,,
223,503,inspecting,Clean interior,Auto-generated task note based on service history.,completed,2026-08-04 02:35:38.293298,,True,,,
224,103,complete,Clean interior,Auto-generated task note based on service history.,pending,,,True,,,
225,213,quotation,Final check,Auto-generated task note based on service history.,completed,2026-03-20 01:33:43.293298,,True,,,
226,182,received,Perform alignment,Auto-generated task note based on service history.,pending,,,True,,,
227,193,inspecting,Final check,Auto-generated task note based on service history.,pending,,,True,,,
228,91,complete,Perform alignment,Auto-generated task note based on service history.,in_progress,,,True,,,
229,13,in_progress,Test drive vehicle,Auto-generated task note based on service history.,completed,2026-04-11 14:51:07.293298,,True,,,
230,22,received,Final check,Auto-generated task note based on service history.,in_progress,,,True,,,
231,294,quotation,Test drive vehicle,Auto-generated task note based on service history.,in_progress,,,True,,,
232,244,in_progress,Finalize quotation,Auto-generated task note based on service history.,pending,,,True,,,
233,58,complete,Check fluid levels,Auto-generated task note based on service history.,completed,2026-04-07 08:33:57.293298,,True,,,
234,108,received,Check fluid levels,Auto-generated task note based on service history.,in_progress,,,True,,,
235,95,in_progress,Test drive vehicle,Auto-generated task note based on service history.,in_progress,,,True,,,
236,466,complete,Clean interior,Auto-generated task note based on service history.,pending,,,True,,,
237,341,complete,Finalize quotation,Auto-generated task note based on service history.,completed,2026-05-16 18:39:01.293298,,True,,,
238,478,received,Check fluid levels,Auto-generated task note based on service history.,pending,,,True,,,
239,268,complete,Inspect brake pads,Auto-generated task note based on service history.,completed,2026-02-09 02:25:13.293298,,True,,,
240,254,received,Final check,Auto-generated task note based on service history.,in_progress,,,True,,,
241,74,quotation,Check tire pressure,Auto-generated task note based on service history.,pending,,,True,,,
242,103,complete,Finalize quotation,Auto-generated task note based on service history.,completed,2026-05-03 22:23:16.293298,,True,,,
243,340,received,Check fluid levels,Auto-generated task note based on service history.,in_progress,,,True,,,
244,42,inspecting,Check tire pressure,Auto-generated task note based on service history.,in_progress,,,True,,,
245,22,received,Check fluid levels,Auto-generated task note based on service history.,pending,,,True,,,
246,407,quotation,Finalize quotation,Auto-generated task note based on service history.,in_progress,,,True,,,
247,312,in_progress,Check tire pressure,Auto-generated task note based on service history.,in_progress,,,True,,,
248,239,received,Final check,Auto-generated task note based on service history.,pending,,,True,,,
249,517,received,Perform alignment,Auto-generated task note based on service history.,completed,2026-06-09 21:35:38.293298,,True,,,
250,199,inspecting,Clean interior,Auto-generated task note based on service history.,pending,,,True,,,
251,237,quotation,Test drive vehicle,Auto-generated task note based on service history.,in_progress,,,True,,,
252,405,complete,Test drive vehicle,Auto-generated task note based on service history.,in_progress,,,True,,,
253,143,inspecting,Final check,Auto-generated task note based on service history.,in_progress,,,True,,,
254,431,quotation,Perform alignment,Auto-generated task note based on service history.,in_progress,,,True,,,
255,193,inspecting,Perform alignment,Auto-generated task note based on service history.,pending,,,True,,,
256,206,quotation,Check fluid levels,Auto-generated task note based on service history.,completed,2025-10-30 10:30:32.293298,,True,,,
257,474,complete,Finalize quotation,Auto-generated task note based on service history.,completed,2026-06-20 11:27:25.293298,,True,,,
258,228,received,Final check,Auto-generated task note based on service history.,pending,,,True,,,
259,69,quotation,Perform alignment,Auto-generated task note based on service history.,completed,2026-07-09 18:12:01.293298,,True,,,
260,401,inspecting,Inspect brake pads,Auto-generated task note based on service history.,pending,,,True,,,
261,31,in_progress,Test drive vehicle,Auto-generated task note based on service history.,completed,2026-04-24 11:08:10.293298,,True,,,
262,226,quotation,Check tire pressure,Auto-generated task note based on service history.,completed,2026-04-22 06:21:21.293298,,True,,,
263,470,received,Check tire pressure,Auto-generated task note based on service history.,pending,,,True,,,
264,297,inspecting,Finalize quotation,Auto-generated task note based on service history.,pending,,,True,,,
265,439,inspecting,Inspect brake pads,Auto-generated task note based on service history.,pending,,,True,,,
266,10,inspecting,Clean interior,Auto-generated task note based on service history.,pending,,,True,,,
267,85,complete,Check tire pressure,Auto-generated task note based on service history.,in_progress,,,True,,,
268,416,inspecting,Check tire pressure,Auto-generated task note based on service history.,in_progress,,,True,,,
269,208,complete,Check tire pressure,Auto-generated task note based on service history.,completed,2025-12-18 13:57:04.293298,,True,,,
270,462,inspecting,Perform alignment,Auto-generated task note based on service history.,in_progress,,,True,,,
271,12,complete,Clean interior,Auto-generated task note based on service history.,in_progress,,,True,,,
272,165,inspecting,Perform alignment,Auto-generated task note based on service history.,pending,,,True,,,
273,382,inspecting,Check tire pressure,Auto-generated task note based on service history.,completed,2025-11-09 22:15:28.293298,,True,,,
274,104,complete,Test drive vehicle,Auto-generated task note based on service history.,in_progress,,,True,,,
275,238,inspecting,Clean interior,Auto-generated task note based on service history.,in_progress,,,True,,,
276,390,inspecting,Test drive vehicle,Auto-generated task note based on service history.,pending,,,True,,,
277,393,inspecting,Finalize quotation,Auto-generated task note based on service history.,completed,2026-03-20 16:16:07.293298,,True,,,
278,250,received,Clean interior,Auto-generated task note based on service history.,in_progress,,,True,,,
279,151,received,Inspect brake pads,Auto-generated task note based on service history.,completed,2025-11-05 22:59:09.293298,,True,,,
280,193,inspecting,Final check,Auto-generated task note based on service history.,completed,2025-09-04 07:56:13.293298,,True,,,
281,318,complete,Perform alignment,Auto-generated task note based on service history.,in_progress,,,True,,,
282,484,complete,Final check,Auto-generated task note based on service history.,in_progress,,,True,,,
283,301,in_progress,Final check,Auto-generated task note based on service history.,completed,2025-09-29 15:53:13.293298,,True,,,
284,220,received,Check tire pressure,Auto-generated task note based on service history.,pending,,,True,,,
285,145,inspecting,Check fluid levels,Auto-generated task note based on service history.,pending,,,True,,,
286,115,complete,Check fluid levels,Auto-generated task note based on service history.,in_progress,,,True,,,
287,520,complete,Check fluid levels,Auto-generated task note based on service history.,in_progress,,,True,,,
288,497,inspecting,Finalize quotation,Auto-generated task note based on service history.,pending,,,True,,,
289,288,inspecting,Test drive vehicle,Auto-generated task note based on service history.,completed,2026-07-06 13:13:35.293298,,True,,,
290,446,in_progress,Perform alignment,Auto-generated task note based on service history.,completed,2025-10-17 23:54:55.293298,,True,,,
291,7,quotation,Perform alignment,Auto-generated task note based on service history.,in_progress,,,True,,,
292,406,in_progress,Final check,Auto-generated task note based on service history.,in_progress,,,True,,,
293,143,received,Final check,Auto-generated task note based on service history.,pending,,,True,,,
294,489,quotation,Test drive vehicle,Auto-generated task note based on service history.,completed,2025-11-30 11:21:04.293298,,True,,,
295,41,in_progress,Check tire pressure,Auto-generated task note based on service history.,pending,,,True,,,
296,101,received,Test drive vehicle,Auto-generated task note based on service history.,pending,,,True,,,
297,491,inspecting,Clean interior,Auto-generated task note based on service history.,in_progress,,,True,,,
298,294,in_progress,Check fluid levels,Auto-generated task note based on service history.,completed,2025-09-17 10:59:29.293298,,True,,,
299,510,received,Inspect brake pads,Auto-generated task note based on service history.,pending,,,True,,,
300,131,inspecting,Final check,Auto-generated task note based on service history.,in_progress,,,True,,,
301,432,inspecting,Finalize quotation,Auto-generated task note based on service history.,completed,2025-10-18 21:28:02.293298,,True,,,
302,175,inspecting,Check tire pressure,Auto-generated task note based on service history.,in_progress,,,True,,,
303,207,quotation,Test drive vehicle,Auto-generated task note based on service history.,pending,,,True,,,
304,507,in_progress,Check fluid levels,Auto-generated task note based on service history.,pending,,,True,,,
305,220,quotation,Test drive vehicle,Auto-generated task note based on service history.,completed,2025-11-04 13:05:20.293298,,True,,,
306,168,complete,Perform alignment,Auto-generated task note based on service history.,pending,,,True,,,
307,337,in_progress,Perform alignment,Auto-generated task note based on service history.,completed,2026-05-09 10:16:38.293298,,True,,,
308,453,complete,Test drive vehicle,Auto-generated task note based on service history.,pending,,,True,,,
309,134,inspecting,Finalize quotation,Auto-generated task note based on service history.,in_progress,,,True,,,
310,224,inspecting,Clean interior,Auto-generated task note based on service history.,pending,,,True,,,
311,183,inspecting,Check fluid levels,Auto-generated task note based on service history.,completed,2026-06-06 20:37:56.293298,,True,,,
312,248,quotation,Check tire pressure,Auto-generated task note based on service history.,pending,,,True,,,
313,399,quotation,Check fluid levels,Auto-generated task note based on service history.,pending,,,True,,,
314,356,complete,Inspect brake pads,Auto-generated task note based on service history.,pending,,,True,,,
315,489,inspecting,Check fluid levels,Auto-generated task note based on service history.,in_progress,,,True,,,
316,422,inspecting,Clean interior,Auto-generated task note based on service history.,pending,,,True,,,
317,262,quotation,Check fluid levels,Auto-generated task note based on service history.,in_progress,,,True,,,
318,240,in_progress,Final check,Auto-generated task note based on service history.,in_progress,,,True,,,
319,338,complete,Finalize quotation,Auto-generated task note based on service history.,pending,,,True,,,
320,378,received,Check tire pressure,Auto-generated task note based on service history.,pending,,,True,,,
321,406,in_progress,Inspect brake pads,Auto-generated task note based on service history.,completed,2025-10-15 00:22:51.293298,,True,,,
322,184,complete,Finalize quotation,Auto-generated task note based on service history.,completed,2026-06-07 16:14:39.293298,,True,,,
323,412,inspecting,Check tire pressure,Auto-generated task note based on service history.,completed,2025-09-23 00:56:11.293298,,True,,,
324,197,received,Test drive vehicle,Auto-generated task note based on service history.,in_progress,,,True,,,
325,478,quotation,Check fluid levels,Auto-generated task note based on service history.,pending,,,True,,,
326,466,received,Test drive vehicle,Auto-generated task note based on service history.,in_progress,,,True,,,
327,353,inspecting,Check tire pressure,Auto-generated task note based on service history.,pending,,,True,,,
328,479,quotation,Check fluid levels,Auto-generated task note based on service history.,pending,,,True,,,
329,417,quotation,Check tire pressure,Auto-generated task note based on service history.,in_progress,,,True,,,
330,121,inspecting,Clean interior,Auto-generated task note based on service history.,completed,2025-08-14 15:20:04.293298,,True,,,
331,87,inspecting,Finalize quotation,Auto-generated task note based on service history.,pending,,,True,,,
332,225,quotation,Finalize quotation,Auto-generated task note based on service history.,in_progress,,,True,,,
333,33,in_progress,Clean interior,Auto-generated task note based on service history.,in_progress,,,True,,,
334,80,in_progress,Check fluid levels,Auto-generated task note based on service history.,pending,,,True,,,
335,137,received,Finalize quotation,Auto-generated task note based on service history.,completed,2026-05-31 01:40:22.293298,,True,,,
336,52,received,Inspect brake pads,Auto-generated task note based on service history.,pending,,,True,,,
337,407,received,Perform alignment,Auto-generated task note based on service history.,completed,2026-05-11 15:09:58.293298,,True,,,
338,519,in_progress,Final check,Auto-generated task note based on service history.,pending,,,True,,,
339,48,inspecting,Finalize quotation,Auto-generated task note based on service history.,in_progress,,,True,,,
340,70,complete,Clean interior,Auto-generated task note based on service history.,completed,2026-03-24 18:17:00.293298,,True,,,
341,475,in_progress,Check tire pressure,Auto-generated task note based on service history.,completed,2026-07-09 18:26:16.293298,,True,,,
342,104,complete,Clean interior,Auto-generated task note based on service history.,in_progress,,,True,,,
343,209,quotation,Inspect brake pads,Auto-generated task note based on service history.,completed,2026-01-02 04:56:29.293298,,True,,,
344,16,in_progress,Check fluid levels,Auto-generated task note based on service history.,pending,,,True,,,
345,520,in_progress,Test drive vehicle,Auto-generated task note based on service history.,pending,,,True,,,
346,493,received,Clean interior,Auto-generated task note based on service history.,in_progress,,,True,,,
347,475,complete,Check tire pressure,Auto-generated task note based on service history.,completed,2026-07-09 02:26:16.293298,,True,,,
348,193,inspecting,Finalize quotation,Auto-generated task note based on service history.,in_progress,,,True,,,
349,437,received,Final check,Auto-generated task note based on service history.,pending,,,True,,,
350,381,quotation,Finalize quotation,Auto-generated task note based on service history.,completed,2025-10-05 06:18:35.293298,,True,,,
351,140,inspecting,Check tire pressure,Auto-generated task note based on service history.,completed,2025-11-21 13:30:49.293298,,True,,,
352,472,inspecting,Finalize quotation,Auto-generated task note based on service history.,pending,,,True,,,
353,221,complete,Clean interior,Auto-generated task note based on service history.,in_progress,,,True,,,
354,151,quotation,Inspect brake pads,Auto-generated task note based on service history.,in_progress,,,True,,,
355,510,in_progress,Final check,Auto-generated task note based on service history.,pending,,,True,,,
356,47,inspecting,Test drive vehicle,Auto-generated task note based on service history.,completed,2026-04-29 05:30:50.293298,,True,,,
357,255,quotation,Clean interior,Auto-generated task note based on service history.,pending,,,True,,,
358,293,complete,Check tire pressure,Auto-generated task note based on service history.,completed,2025-08-23 09:58:50.293298,,True,,,
359,90,quotation,Final check,Auto-generated task note based on service history.,completed,2025-09-18 08:09:48.293298,,True,,,
360,222,in_progress,Perform alignment,Auto-generated task note based on service history.,completed,2025-12-30 17:52:44.293298,,True,,,
361,140,received,Check fluid levels,Auto-generated task note based on service history.,completed,2025-11-21 18:30:49.293298,,True,,,
362,71,inspecting,Inspect brake pads,Auto-generated task note based on service history.,in_progress,,,True,,,
363,186,inspecting,Inspect brake pads,Auto-generated task note based on service history.,pending,,,True,,,
364,402,quotation,Check fluid levels,Auto-generated task note based on service history.,pending,,,True,,,
365,303,quotation,Clean interior,Auto-generated task note based on service history.,in_progress,,,True,,,
366,450,complete,Finalize quotation,Auto-generated task note based on service history.,pending,,,True,,,
367,403,inspecting,Inspect brake pads,Auto-generated task note based on service history.,pending,,,True,,,
368,390,complete,Perform alignment,Auto-generated task note based on service history.,in_progress,,,True,,,
369,429,quotation,Finalize quotation,Auto-generated task note based on service history.,in_progress,,,True,,,
370,415,inspecting,Final check,Auto-generated task note based on service history.,completed,2025-09-27 16:40:02.293298,,True,,,
371,358,in_progress,Final check,Auto-generated task note based on service history.,completed,2026-02-04 02:28:54.293298,,True,,,
372,196,inspecting,Check fluid levels,Auto-generated task note based on service history.,in_progress,,,True,,,
373,513,inspecting,Check fluid levels,Auto-generated task note based on service history.,completed,2026-07-14 12:35:38.293298,,True,,,
374,242,inspecting,Inspect brake pads,Auto-generated task note based on service history.,completed,2026-06-15 18:51:31.293298,,True,,,
375,13,in_progress,Clean interior,Auto-generated task note based on service history.,pending,,,True,,,
376,450,complete,Test drive vehicle,Auto-generated task note based on service history.,in_progress,,,True,,,
377,195,in_progress,Test drive vehicle,Auto-generated task note based on service history.,in_progress,,,True,,,
378,450,inspecting,Test drive vehicle,Auto-generated task note based on service history.,in_progress,,,True,,,
379,200,in_progress,Perform alignment,Auto-generated task note based on service history.,completed,2025-09-10 12:14:28.293298,,True,,,
380,505,inspecting,Test drive vehicle,Auto-generated task note based on service history.,completed,2026-06-14 19:35:38.293298,,True,,,
381,159,inspecting,Check tire pressure,Auto-generated task note based on service history.,in_progress,,,True,,,
382,303,received,Perform alignment,Auto-generated task note based on service history.,completed,2026-02-09 09:30:40.293298,,True,,,
383,263,complete,Check fluid levels,Auto-generated task note based on service history.,completed,2026-08-04 12:22:15.293298,,True,,,
384,503,quotation,Inspect brake pads,Auto-generated task note based on service history.,pending,,,True,,,
385,6,complete,Final check,Auto-generated task note based on service history.,pending,,,True,,,
386,311,complete,Finalize quotation,Auto-generated task note based on service history.,in_progress,,,True,,,
387,500,inspecting,Check fluid levels,Auto-generated task note based on service history.,in_progress,,,True,,,
388,428,received,Check fluid levels,Auto-generated task note based on service history.,completed,2025-08-07 06:05:21.293298,,True,,,
389,486,inspecting,Final check,Auto-generated task note based on service history.,in_progress,,,True,,,
390,238,quotation,Check tire pressure,Auto-generated task note based on service history.,in_progress,,,True,,,
391,155,complete,Final check,Auto-generated task note based on service history.,in_progress,,,True,,,
392,30,complete,Perform alignment,Auto-generated task note based on service history.,pending,,,True,,,
393,136,quotation,Check tire pressure,Auto-generated task note based on service history.,completed,2026-03-06 06:19:42.293298,,True,,,
394,91,quotation,Perform alignment,Auto-generated task note based on service history.,completed,2026-01-13 09:27:15.293298,,True,,,
395,135,inspecting,Check fluid levels,Auto-generated task note based on service history.,in_progress,,,True,,,
396,133,inspecting,Test drive vehicle,Auto-generated task note based on service history.,completed,2025-10-12 09:56:21.293298,,True,,,
397,408,in_progress,Test drive vehicle,Auto-generated task note based on service history.,in_progress,,,True,,,
398,125,quotation,Inspect brake pads,Auto-generated task note based on service history.,pending,,,True,,,
399,456,quotation,Perform alignment,Auto-generated task note based on service history.,completed,2026-07-13 21:11:03.293298,,True,,,
400,424,in_progress,Clean interior,Auto-generated task note based on service history.,in_progress,,,True,,,
401,374,inspecting,Clean interior,Auto-generated task note based on service history.,pending,,,True,,,
402,131,complete,Inspect brake pads,Auto-generated task note based on service history.,completed,2026-06-10 17:41:05.293298,,True,,,
403,369,in_progress,Perform alignment,Auto-generated task note based on service history.,completed,2026-03-21 21:56:09.293298,,True,,,
404,111,inspecting,Final check,Auto-generated task note based on service history.,pending,,,True,,,
405,183,in_progress,Perform alignment,Auto-generated task note based on service history.,in_progress,,,True,,,
406,34,complete,Check fluid levels,Auto-generated task note based on service history.,in_progress,,,True,,,
407,414,quotation,Perform alignment,Auto-generated task note based on service history.,in_progress,,,True,,,
408,454,quotation,Finalize quotation,Auto-generated task note based on service history.,completed,2025-10-04 13:29:27.293298,,True,,,
409,186,received,Finalize quotation,Auto-generated task note based on service history.,pending,,,True,,,
410,160,complete,Final check,Auto-generated task note based on service history.,completed,2025-12-18 23:41:44.293298,,True,,,
411,129,quotation,Inspect brake pads,Auto-generated task note based on service history.,in_progress,,,True,,,
412,106,inspecting,Final check,Auto-generated task note based on service history.,completed,2026-01-08 02:33:23.293298,,True,,,
413,4,quotation,Final check,Auto-generated task note based on service history.,pending,,,True,,,
414,396,inspecting,Perform alignment,Auto-generated task note based on service history.,completed,2026-01-14 16:37:35.293298,,True,,,
415,252,complete,Check tire pressure,Auto-generated task note based on service history.,pending,,,True,,,
416,26,inspecting,Finalize quotation,Auto-generated task note based on service history.,completed,2025-08-21 11:02:42.293298,,True,,,
417,37,complete,Test drive vehicle,Auto-generated task note based on service history.,in_progress,,,True,,,
418,257,in_progress,Clean interior,Auto-generated task note based on service history.,pending,,,True,,,
419,18,in_progress,Check fluid levels,Auto-generated task note based on service history.,in_progress,,,True,,,
420,290,complete,Finalize quotation,Auto-generated task note based on service history.,pending,,,True,,,
421,259,received,Perform alignment,Auto-generated task note based on service history.,completed,2026-04-06 10:47:00.293298,,True,,,
422,75,in_progress,Check fluid levels,Auto-generated task note based on service history.,in_progress,,,True,,,
423,362,received,Check fluid levels,Auto-generated task note based on service history.,pending,,,True,,,
424,33,received,Perform alignment,Auto-generated task note based on service history.,completed,2026-02-06 18:16:27.293298,,True,,,
425,309,received,Check fluid levels,Auto-generated task note based on service history.,completed,2026-03-19 14:21:58.293298,,True,,,
426,302,quotation,Perform alignment,Auto-generated task note based on service history.,pending,,,True,,,
427,186,complete,Check fluid levels,Auto-generated task note based on service history.,in_progress,,,True,,,
428,62,received,Finalize quotation,Auto-generated task note based on service history.,in_progress,,,True,,,
429,4,received,Clean interior,Auto-generated task note based on service history.,in_progress,,,True,,,
430,145,received,Check tire pressure,Auto-generated task note based on service history.,pending,,,True,,,
431,416,received,Clean interior,Auto-generated task note based on service history.,in_progress,,,True,,,
432,499,quotation,Perform alignment,Auto-generated task note based on service history.,completed,2026-04-14 19:24:06.293298,,True,,,
433,241,quotation,Finalize quotation,Auto-generated task note based on service history.,completed,2025-12-02 01:36:38.293298,,True,,,
434,171,inspecting,Finalize quotation,Auto-generated task note based on service history.,pending,,,True,,,
435,340,inspecting,Finalize quotation,Auto-generated task note based on service history.,in_progress,,,True,,,
436,337,received,Check tire pressure,Auto-generated task note based on service history.,in_progress,,,True,,,
437,230,complete,Test drive vehicle,Auto-generated task note based on service history.,pending,,,True,,,
438,79,complete,Check fluid levels,Auto-generated task note based on service history.,pending,,,True,,,
439,153,quotation,Finalize quotation,Auto-generated task note based on service history.,in_progress,,,True,,,
440,285,received,Test drive vehicle,Auto-generated task note based on service history.,completed,2026-02-23 20:01:08.293298,,True,,,
441,137,in_progress,Final check,Auto-generated task note based on service history.,pending,,,True,,,
442,287,quotation,Finalize quotation,Auto-generated task note based on service history.,in_progress,,,True,,,
443,398,complete,Clean interior,Auto-generated task note based on service history.,pending,,,True,,,
444,280,inspecting,Clean interior,Auto-generated task note based on service history.,completed,2025-12-10 05:47:48.293298,,True,,,
445,419,quotation,Check fluid levels,Auto-generated task note based on service history.,pending,,,True,,,
446,429,inspecting,Finalize quotation,Auto-generated task note based on service history.,pending,,,True,,,
447,468,complete,Inspect brake pads,Auto-generated task note based on service history.,in_progress,,,True,,,
448,136,quotation,Check fluid levels,Auto-generated task note based on service history.,pending,,,True,,,
449,450,quotation,Inspect brake pads,Auto-generated task note based on service history.,pending,,,True,,,
450,167,in_progress,Check tire pressure,Auto-generated task note based on service history.,pending,,,True,,,
451,213,in_progress,Final check,Auto-generated task note based on service history.,in_progress,,,True,,,
452,4,in_progress,Check fluid levels,Auto-generated task note based on service history.,in_progress,,,True,,,
453,487,quotation,Inspect brake pads,Auto-generated task note based on service history.,in_progress,,,True,,,
454,368,complete,Perform alignment,Auto-generated task note based on service history.,in_progress,,,True,,,
455,78,in_progress,Perform alignment,Auto-generated task note based on service history.,pending,,,True,,,
456,260,received,Test drive vehicle,Auto-generated task note based on service history.,pending,,,True,,,
457,214,inspecting,Test drive vehicle,Auto-generated task note based on service history.,pending,,,True,,,
458,475,inspecting,Perform alignment,Auto-generated task note based on service history.,in_progress,,,True,,,
459,429,received,Finalize quotation,Auto-generated task note based on service history.,completed,2026-04-04 12:08:10.293298,,True,,,
460,198,complete,Final check,Auto-generated task note based on service history.,in_progress,,,True,,,
461,317,inspecting,Test drive vehicle,Auto-generated task note based on service history.,completed,2025-12-31 00:00:13.293298,,True,,,
462,388,in_progress,Clean interior,Auto-generated task note based on service history.,pending,,,True,,,
463,75,quotation,Inspect brake pads,Auto-generated task note based on service history.,in_progress,,,True,,,
464,131,received,Check tire pressure,Auto-generated task note based on service history.,pending,,,True,,,
465,93,quotation,Perform alignment,Auto-generated task note based on service history.,pending,,,True,,,
466,321,inspecting,Check fluid levels,Auto-generated task note based on service history.,pending,,,True,,,
467,320,received,Perform alignment,Auto-generated task note based on service history.,in_progress,,,True,,,
468,357,complete,Inspect brake pads,Auto-generated task note based on service history.,completed,2026-03-16 04:16:54.293298,,True,,,
469,140,complete,Check tire pressure,Auto-generated task note based on service history.,in_progress,,,True,,,
470,256,in_progress,Clean interior,Auto-generated task note based on service history.,in_progress,,,True,,,
471,25,complete,Test drive vehicle,Auto-generated task note based on service history.,pending,,,True,,,
472,469,inspecting,Finalize quotation,Auto-generated task note based on service history.,completed,2026-05-13 12:32:35.293298,,True,,,
473,250,inspecting,Finalize quotation,Auto-generated task note based on service history.,pending,,,True,,,
474,5,received,Test drive vehicle,Auto-generated task note based on service history.,in_progress,,,True,,,
475,11,quotation,Finalize quotation,Auto-generated task note based on service history.,pending,,,True,,,
476,353,in_progress,Finalize quotation,Auto-generated task note based on service history.,in_progress,,,True,,,
477,455,inspecting,Inspect brake pads,Auto-generated task note based on service history.,pending,,,True,,,
478,332,quotation,Final check,Auto-generated task note based on service history.,completed,2026-01-13 23:40:11.293298,,True,,,
479,237,in_progress,Finalize quotation,Auto-generated task note based on service history.,in_progress,,,True,,,
480,436,in_progress,Finalize quotation,Auto-generated task note based on service history.,completed,2025-10-01 11:31:37.293298,,True,,,
481,395,received,Check tire pressure,Auto-generated task note based on service history.,pending,,,True,,,
482,478,inspecting,Finalize quotation,Auto-generated task note based on service history.,completed,2025-09-02 23:37:44.293298,,True,,,
483,363,complete,Perform alignment,Auto-generated task note based on service history.,in_progress,,,True,,,
484,58,inspecting,Clean interior,Auto-generated task note based on service history.,completed,2026-04-08 19:33:57.293298,,True,,,
485,352,complete,Perform alignment,Auto-generated task note based on service history.,pending,,,True,,,
486,396,in_progress,Check tire pressure,Auto-generated task note based on service history.,completed,2026-01-13 22:37:35.293298,,True,,,
487,32,received,Final check,Auto-generated task note based on service history.,pending,,,True,,,
488,170,received,Finalize quotation,Auto-generated task note based on service history.,pending,,,True,,,
489,74,received,Check fluid levels,Auto-generated task note based on service history.,pending,,,True,,,
490,207,received,Finalize quotation,Auto-generated task note based on service history.,completed,2026-06-13 22:04:52.293298,,True,,,
491,432,quotation,Check fluid levels,Auto-generated task note based on service history.,pending,,,True,,,
492,141,received,Inspect brake pads,Auto-generated task note based on service history.,completed,2025-10-06 22:09:57.293298,,True,,,
493,336,complete,Finalize quotation,Auto-generated task note based on service history.,completed,2025-09-22 12:37:31.293298,,True,,,
494,275,in_progress,Final check,Auto-generated task note based on service history.,completed,2026-05-31 03:10:24.293298,,True,,,
495,9,inspecting,Check tire pressure,Auto-generated task note based on service history.,pending,,,True,,,
496,37,complete,Test drive vehicle,Auto-generated task note based on service history.,pending,,,True,,,
497,454,inspecting,Check tire pressure,Auto-generated task note based on service history.,pending,,,True,,,
498,38,received,Inspect brake pads,Auto-generated task note based on service history.,completed,2025-09-27 16:56:19.293298,,True,,,
499,100,received,Check tire pressure,Auto-generated task note based on service history.,pending,,,True,,,
500,188,complete,Clean interior,Auto-generated task note based on service history.,completed,2025-08-19 07:22:32.293298,,True,,,
501,521,received,Order OEM parts for transmission rebuild,Scenario A – high-cost service task note.,in_progress,2026-05-18 02:35:39.789989,,True,,,
502,522,quotation,Leak-down test performed on repaired engine,Scenario A – high-cost service task note.,pending,2026-07-05 02:35:39.789989,,True,,,
503,523,complete,Disassemble engine components for inspection,Scenario A – high-cost service task note.,completed,2026-06-19 02:35:39.789989,,True,,,
504,524,quotation,Full alignment performed after suspension overhaul,Scenario A – high-cost service task note.,in_progress,2026-06-25 02:35:39.789989,,True,,,
505,525,in_progress,Leak-down test performed on repaired engine,Scenario A – high-cost service task note.,in_progress,2026-07-06 02:35:39.789989,,True,,,
506,526,complete,Road test completed — no abnormal sounds detected,Scenario A – high-cost service task note.,completed,,,True,,,
507,527,quotation,Final customer walk-through and sign-off obtained,Scenario A – high-cost service task note.,pending,2026-05-31 02:35:39.789989,,True,,,
508,528,received,Disassemble engine components for inspection,Scenario A – high-cost service task note.,in_progress,2026-06-17 02:35:39.789989,,True,,,
509,529,complete,Full alignment performed after suspension overhaul,Scenario A – high-cost service task note.,completed,,,True,,,
510,530,complete,Verify brake hydraulic pressure before final test,Scenario A – high-cost service task note.,completed,2026-06-17 02:35:39.789989,,True,,,
511,531,in_progress,Re-torque cylinder head bolts to spec after initial run,Scenario A – high-cost service task note.,completed,,,True,,,
512,532,received,Order OEM parts for transmission rebuild,Scenario A – high-cost service task note.,in_progress,2026-05-13 02:35:39.789989,,True,,,
513,533,quotation,Final customer walk-through and sign-off obtained,Scenario A – high-cost service task note.,in_progress,,,True,,,
514,534,complete,Re-torque cylinder head bolts to spec after initial run,Scenario A – high-cost service task note.,pending,,,True,,,
515,535,complete,Full alignment performed after suspension overhaul,Scenario A – high-cost service task note.,in_progress,2026-05-10 02:35:39.789989,,True,,,
516,536,inspecting,Leak-down test performed on repaired engine,Scenario A – high-cost service task note.,in_progress,2026-06-09 02:35:39.789989,,True,,,
517,537,quotation,Full alignment performed after suspension overhaul,Scenario A – high-cost service task note.,in_progress,,,True,,,
518,538,quotation,Order OEM parts for transmission rebuild,Scenario A – high-cost service task note.,pending,2026-07-27 02:35:39.789989,,True,,,
519,539,received,Full alignment performed after suspension overhaul,Scenario A – high-cost service task note.,in_progress,2026-05-20 02:35:39.789989,,True,,,
520,540,complete,Verify brake hydraulic pressure before final test,Scenario A – high-cost service task note.,in_progress,2026-07-05 02:35:39.789989,,True,,,
521,541,inspecting,Verify brake hydraulic pressure before final test,Scenario A – high-cost service task note.,completed,2026-07-26 02:35:39.789989,,True,,,
522,542,complete,Full alignment performed after suspension overhaul,Scenario A – high-cost service task note.,completed,,,True,,,
523,543,inspecting,Re-torque cylinder head bolts to spec after initial run,Scenario A – high-cost service task note.,in_progress,2026-06-17 02:35:39.789989,,True,,,
524,544,complete,Verify brake hydraulic pressure before final test,Scenario A – high-cost service task note.,in_progress,,,True,,,
525,545,received,Leak-down test performed on repaired engine,Scenario A – high-cost service task note.,completed,2026-07-10 02:35:39.789989,,True,,,
526,546,inspecting,Re-torque cylinder head bolts to spec after initial run,Scenario A – high-cost service task note.,in_progress,2026-07-05 02:35:39.789989,,True,,,
527,547,inspecting,Road test completed — no abnormal sounds detected,Scenario A – high-cost service task note.,completed,2026-05-15 02:35:39.789989,,True,,,
528,548,in_progress,Verify brake hydraulic pressure before final test,Scenario A – high-cost service task note.,in_progress,2026-07-08 02:35:39.789989,,True,,,
529,549,complete,Order OEM parts for transmission rebuild,Scenario A – high-cost service task note.,in_progress,2026-06-30 02:35:39.789989,,True,,,
530,550,in_progress,Full alignment performed after suspension overhaul,Scenario A – high-cost service task note.,in_progress,2026-07-21 02:35:39.789989,,True,,,
531,551,received,Full alignment performed after suspension overhaul,Scenario A – high-cost service task note.,pending,2026-06-02 02:35:39.789989,,True,,,
532,552,inspecting,Verify brake hydraulic pressure before final test,Scenario A – high-cost service task note.,pending,2026-05-14 02:35:39.789989,,True,,,
533,553,inspecting,Road test completed — no abnormal sounds detected,Scenario A – high-cost service task note.,pending,2026-07-12 02:35:39.789989,,True,,,
534,554,in_progress,Road test completed — no abnormal sounds detected,Scenario A – high-cost service task note.,completed,2026-07-13 02:35:39.789989,,True,,,
535,555,received,Full alignment performed after suspension overhaul,Scenario A – high-cost service task note.,in_progress,2026-05-19 02:35:39.789989,,True,,,
536,556,quotation,Disassemble engine components for inspection,Scenario A – high-cost service task note.,in_progress,,,True,,,
537,557,complete,Order OEM parts for transmission rebuild,Scenario A – high-cost service task note.,completed,,,True,,,
538,558,received,Order OEM parts for transmission rebuild,Scenario A – high-cost service task note.,completed,,,True,,,
539,559,inspecting,Leak-down test performed on repaired engine,Scenario A – high-cost service task note.,completed,2026-06-22 02:35:39.789989,,True,,,
540,560,received,Leak-down test performed on repaired engine,Scenario A – high-cost service task note.,in_progress,,,True,,,
541,561,received,Re-torque cylinder head bolts to spec after initial run,Scenario A – high-cost service task note.,completed,,,True,,,
542,562,quotation,Leak-down test performed on repaired engine,Scenario A – high-cost service task note.,in_progress,2026-06-26 02:35:39.789989,,True,,,
543,563,in_progress,Verify brake hydraulic pressure before final test,Scenario A – high-cost service task note.,completed,2026-06-04 02:35:39.789989,,True,,,
544,564,in_progress,Disassemble engine components for inspection,Scenario A – high-cost service task note.,in_progress,2026-06-23 02:35:39.789989,,True,,,
545,565,received,Full alignment performed after suspension overhaul,Scenario A – high-cost service task note.,pending,2026-06-07 02:35:39.789989,,True,,,
546,566,in_progress,Verify brake hydraulic pressure before final test,Scenario A – high-cost service task note.,in_progress,2026-07-23 02:35:39.789989,,True,,,
547,567,received,Disassemble engine components for inspection,Scenario A – high-cost service task note.,pending,,,True,,,
548,568,complete,Road test completed — no abnormal sounds detected,Scenario A – high-cost service task note.,completed,2026-06-23 02:35:39.789989,,True,,,
549,569,complete,Verify brake hydraulic pressure before final test,Scenario A – high-cost service task note.,pending,2026-07-24 02:35:39.789989,,True,,,
550,570,in_progress,Road test completed — no abnormal sounds detected,Scenario A – high-cost service task note.,pending,2026-07-01 02:35:39.789989,,True,,,
551,571,in_progress,Leak-down test performed on repaired engine,Scenario A – high-cost service task note.,completed,2026-07-18 02:35:39.789989,,True,,,
552,572,quotation,Order OEM parts for transmission rebuild,Scenario A – high-cost service task note.,completed,,,True,,,
553,573,received,Order OEM parts for transmission rebuild,Scenario A – high-cost service task note.,pending,2026-06-05 02:35:39.789989,,True,,,
554,574,quotation,Disassemble engine components for inspection,Scenario A – high-cost service task note.,in_progress,,,True,,,
555,575,received,Final customer walk-through and sign-off obtained,Scenario A – high-cost service task note.,in_progress,2026-07-05 02:35:39.789989,,True,,,
556,576,quotation,Final customer walk-through and sign-off obtained,Scenario A – high-cost service task note.,completed,,,True,,,
557,577,in_progress,Order OEM parts for transmission rebuild,Scenario A – high-cost service task note.,in_progress,2026-07-17 02:35:39.789989,,True,,,
558,578,received,Leak-down test performed on repaired engine,Scenario A – high-cost service task note.,pending,2026-05-15 02:35:39.789989,,True,,,
559,579,quotation,Full alignment performed after suspension overhaul,Scenario A – high-cost service task note.,completed,2026-07-22 02:35:39.789989,,True,,,
560,580,in_progress,Verify brake hydraulic pressure before final test,Scenario A – high-cost service task note.,pending,2026-06-28 02:35:39.789989,,True,,,
561,581,in_progress,Disassemble engine components for inspection,Scenario A – high-cost service task note.,in_progress,2026-05-11 02:35:39.789989,,True,,,
562,582,inspecting,Re-torque cylinder head bolts to spec after initial run,Scenario A – high-cost service task note.,in_progress,,,True,,,
563,583,received,Re-torque cylinder head bolts to spec after initial run,Scenario A – high-cost service task note.,in_progress,,,True,,,
564,584,received,Disassemble engine components for inspection,Scenario A – high-cost service task note.,pending,2026-06-08 02:35:39.789989,,True,,,
565,585,inspecting,Full alignment performed after suspension overhaul,Scenario A – high-cost service task note.,pending,2026-06-23 02:35:39.789989,,True,,,
566,586,in_progress,Full alignment performed after suspension overhaul,Scenario A – high-cost service task note.,completed,,,True,,,
567,587,inspecting,Leak-down test performed on repaired engine,Scenario A – high-cost service task note.,in_progress,,,True,,,
568,588,quotation,Final customer walk-through and sign-off obtained,Scenario A – high-cost service task note.,in_progress,,,True,,,
569,589,quotation,Disassemble engine components for inspection,Scenario A – high-cost service task note.,pending,2026-06-24 02:35:39.789989,,True,,,
570,590,complete,Road test completed — no abnormal sounds detected,Scenario A – high-cost service task note.,in_progress,,,True,,,
571,591,complete,Final customer walk-through and sign-off obtained,Scenario A – high-cost service task note.,completed,,,True,,,
572,592,complete,Leak-down test performed on repaired engine,Scenario A – high-cost service task note.,pending,2026-07-18 02:35:39.789989,,True,,,
573,593,complete,Verify brake hydraulic pressure before final test,Scenario A – high-cost service task note.,pending,,,True,,,
574,594,in_progress,Disassemble engine components for inspection,Scenario A – high-cost service task note.,completed,2026-07-15 02:35:39.789989,,True,,,
575,595,complete,Final customer walk-through and sign-off obtained,Scenario A – high-cost service task note.,in_progress,2026-06-29 02:35:39.789989,,True,,,
576,596,complete,Disassemble engine components for inspection,Scenario A – high-cost service task note.,pending,,,True,,,
577,597,received,Re-torque cylinder head bolts to spec after initial run,Scenario A – high-cost service task note.,in_progress,,,True,,,
578,598,complete,Final customer walk-through and sign-off obtained,Scenario A – high-cost service task note.,completed,,,True,,,
579,599,quotation,Re-torque cylinder head bolts to spec after initial run,Scenario A – high-cost service task note.,completed,2026-06-22 02:35:39.789989,,True,,,
580,600,complete,Leak-down test performed on repaired engine,Scenario A – high-cost service task note.,in_progress,,,True,,,
581,601,inspecting,Full alignment performed after suspension overhaul,Scenario A – high-cost service task note.,in_progress,2026-07-03 02:35:39.789989,,True,,,
582,602,complete,Verify brake hydraulic pressure before final test,Scenario A – high-cost service task note.,completed,,,True,,,
583,603,received,Order OEM parts for transmission rebuild,Scenario A – high-cost service task note.,in_progress,2026-07-01 02:35:39.789989,,True,,,
584,604,received,Re-torque cylinder head bolts to spec after initial run,Scenario A – high-cost service task note.,in_progress,,,True,,,
585,605,received,Verify brake hydraulic pressure before final test,Scenario A – high-cost service task note.,in_progress,2026-07-30 02:35:39.789989,,True,,,
586,606,in_progress,Re-torque cylinder head bolts to spec after initial run,Scenario A – high-cost service task note.,in_progress,2026-05-09 02:35:39.789989,,True,,,
587,607,in_progress,Final customer walk-through and sign-off obtained,Scenario A – high-cost service task note.,completed,2026-07-16 02:35:39.789989,,True,,,
588,608,complete,Road test completed — no abnormal sounds detected,Scenario A – high-cost service task note.,completed,,,True,,,
589,609,received,Leak-down test performed on repaired engine,Scenario A – high-cost service task note.,completed,2026-06-28 02:35:39.789989,,True,,,
590,610,in_progress,Disassemble engine components for inspection,Scenario A – high-cost service task note.,in_progress,2026-06-21 02:35:39.789989,,True,,,
591,611,in_progress,Verify brake hydraulic pressure before final test,Scenario A – high-cost service task note.,completed,,,True,,,
592,612,received,Road test completed — no abnormal sounds detected,Scenario A – high-cost service task note.,completed,2026-05-12 02:35:39.789989,,True,,,
593,613,quotation,Road test completed — no abnormal sounds detected,Scenario A – high-cost service task note.,completed,2026-07-18 02:35:39.789989,,True,,,
594,614,in_progress,Final customer walk-through and sign-off obtained,Scenario A – high-cost service task note.,in_progress,,,True,,,
595,615,in_progress,Road test completed — no abnormal sounds detected,Scenario A – high-cost service task note.,completed,,,True,,,
596,616,complete,Order OEM parts for transmission rebuild,Scenario A – high-cost service task note.,pending,,,True,,,
597,617,complete,Disassemble engine components for inspection,Scenario A – high-cost service task note.,in_progress,2026-05-30 02:35:39.789989,,True,,,
598,618,quotation,Re-torque cylinder head bolts to spec after initial run,Scenario A – high-cost service task note.,in_progress,,,True,,,
599,619,received,Order OEM parts for transmission rebuild,Scenario A – high-cost service task note.,pending,2026-07-14 02:35:39.789989,,True,,,
600,620,inspecting,Full alignment performed after suspension overhaul,Scenario A – high-cost service task note.,in_progress,2026-05-08 02:35:39.789989,,True,,,
601,621,inspecting,Disassemble engine components for inspection,Scenario A – high-cost service task note.,in_progress,,,True,,,
602,622,complete,Final customer walk-through and sign-off obtained,Scenario A – high-cost service task note.,completed,2026-06-17 02:35:39.789989,,True,,,
603,623,in_progress,Order OEM parts for transmission rebuild,Scenario A – high-cost service task note.,in_progress,,,True,,,
604,624,complete,Re-torque cylinder head bolts to spec after initial run,Scenario A – high-cost service task note.,completed,2026-05-09 02:35:39.789989,,True,,,
605,625,inspecting,Full alignment performed after suspension overhaul,Scenario A – high-cost service task note.,completed,2026-05-12 02:35:39.789989,,True,,,
606,626,in_progress,Verify brake hydraulic pressure before final test,Scenario A – high-cost service task note.,pending,2026-06-28 02:35:39.789989,,True,,,
607,627,quotation,Full alignment performed after suspension overhaul,Scenario A – high-cost service task note.,completed,2026-07-19 02:35:39.789989,,True,,,
608,628,complete,Road test completed — no abnormal sounds detected,Scenario A – high-cost service task note.,completed,2026-05-15 02:35:39.789989,,True,,,
609,629,complete,Final customer walk-through and sign-off obtained,Scenario A – high-cost service task note.,pending,,,True,,,
610,630,complete,Final customer walk-through and sign-off obtained,Scenario A – high-cost service task note.,in_progress,2026-06-21 02:35:39.789989,,True,,,
611,631,quotation,Order OEM parts for transmission rebuild,Scenario A – high-cost service task note.,pending,,,True,,,
612,632,received,Disassemble engine components for inspection,Scenario A – high-cost service task note.,completed,,,True,,,
613,633,inspecting,Disassemble engine components for inspection,Scenario A – high-cost service task note.,pending,,,True,,,
614,634,received,Order OEM parts for transmission rebuild,Scenario A – high-cost service task note.,completed,,,True,,,
615,635,inspecting,Re-torque cylinder head bolts to spec after initial run,Scenario A – high-cost service task note.,completed,2026-06-08 02:35:39.789989,,True,,,
616,636,in_progress,Final customer walk-through and sign-off obtained,Scenario A – high-cost service task note.,completed,,,True,,,
617,637,received,Order OEM parts for transmission rebuild,Scenario A – high-cost service task note.,completed,,,True,,,
618,638,quotation,Verify brake hydraulic pressure before final test,Scenario A – high-cost service task note.,pending,2026-07-20 02:35:39.789989,,True,,,
619,639,received,Full alignment performed after suspension overhaul,Scenario A – high-cost service task note.,pending,2026-05-22 02:35:39.789989,,True,,,
620,640,in_progress,Verify brake hydraulic pressure before final test,Scenario A – high-cost service task note.,in_progress,2026-07-22 02:35:39.789989,,True,,,
621,641,in_progress,Leak-down test performed on repaired engine,Scenario A – high-cost service task note.,completed,,,True,,,
622,642,in_progress,Verify brake hydraulic pressure before final test,Scenario A – high-cost service task note.,completed,,,True,,,
623,643,quotation,Order OEM parts for transmission rebuild,Scenario A – high-cost service task note.,in_progress,,,True,,,
624,644,quotation,Leak-down test performed on repaired engine,Scenario A – high-cost service task note.,in_progress,,,True,,,
625,645,received,Full alignment performed after suspension overhaul,Scenario A – high-cost service task note.,in_progress,,,True,,,
626,646,inspecting,Verify brake hydraulic pressure before final test,Scenario A – high-cost service task note.,completed,,,True,,,
627,647,complete,Disassemble engine components for inspection,Scenario A – high-cost service task note.,in_progress,,,True,,,
628,648,in_progress,Road test completed — no abnormal sounds detected,Scenario A – high-cost service task note.,in_progress,,,True,,,
629,649,complete,Disassemble engine components for inspection,Scenario A – high-cost service task note.,completed,2026-05-25 02:35:39.789989,,True,,,
630,650,inspecting,Full alignment performed after suspension overhaul,Scenario A – high-cost service task note.,completed,2026-06-08 02:35:39.789989,,True,,,
631,651,received,Final customer walk-through and sign-off obtained,Scenario A – high-cost service task note.,in_progress,,,True,,,
632,652,quotation,Leak-down test performed on repaired engine,Scenario A – high-cost service task note.,pending,,,True,,,
633,653,inspecting,Verify brake hydraulic pressure before final test,Scenario A – high-cost service task note.,pending,2026-07-24 02:35:39.789989,,True,,,
634,654,complete,Verify brake hydraulic pressure before final test,Scenario A – high-cost service task note.,completed,,,True,,,
635,655,in_progress,Road test completed — no abnormal sounds detected,Scenario A – high-cost service task note.,in_progress,2026-08-03 02:35:39.789989,,True,,,
636,656,inspecting,Full alignment performed after suspension overhaul,Scenario A – high-cost service task note.,pending,2026-06-04 02:35:39.789989,,True,,,
637,657,in_progress,Road test completed — no abnormal sounds detected,Scenario A – high-cost service task note.,in_progress,2026-06-12 02:35:39.789989,,True,,,
638,658,complete,Verify brake hydraulic pressure before final test,Scenario A – high-cost service task note.,in_progress,2026-06-18 02:35:39.789989,,True,,,
639,659,received,Full alignment performed after suspension overhaul,Scenario A – high-cost service task note.,in_progress,,,True,,,
640,660,complete,Disassemble engine components for inspection,Scenario A – high-cost service task note.,pending,,,True,,,
641,661,quotation,Final customer walk-through and sign-off obtained,Scenario A – high-cost service task note.,completed,2026-05-18 02:35:39.789989,,True,,,
642,662,inspecting,Order OEM parts for transmission rebuild,Scenario A – high-cost service task note.,pending,2026-07-02 02:35:39.789989,,True,,,
643,663,quotation,Full alignment performed after suspension overhaul,Scenario A – high-cost service task note.,pending,2026-05-27 02:35:39.789989,,True,,,
644,664,quotation,Leak-down test performed on repaired engine,Scenario A – high-cost service task note.,in_progress,2026-06-16 02:35:39.789989,,True,,,
645,665,inspecting,Full alignment performed after suspension overhaul,Scenario A – high-cost service task note.,pending,,,True,,,
646,666,received,Re-torque cylinder head bolts to spec after initial run,Scenario A – high-cost service task note.,in_progress,,,True,,,
647,667,in_progress,Road test completed — no abnormal sounds detected,Scenario A – high-cost service task note.,completed,,,True,,,
648,668,inspecting,Re-torque cylinder head bolts to spec after initial run,Scenario A – high-cost service task note.,completed,2026-07-23 02:35:39.789989,,True,,,
649,669,in_progress,Final customer walk-through and sign-off obtained,Scenario A – high-cost service task note.,in_progress,2026-06-18 02:35:39.789989,,True,,,
650,670,in_progress,Re-torque cylinder head bolts to spec after initial run,Scenario A – high-cost service task note.,pending,2026-07-20 02:35:39.789989,,True,,,
651,671,inspecting,Leak-down test performed on repaired engine,Scenario A – high-cost service task note.,in_progress,2026-05-07 02:35:39.789989,,True,,,
652,672,inspecting,Full alignment performed after suspension overhaul,Scenario A – high-cost service task note.,in_progress,2026-05-29 02:35:39.789989,,True,,,
653,673,in_progress,Road test completed — no abnormal sounds detected,Scenario A – high-cost service task note.,completed,,,True,,,
654,674,quotation,Verify brake hydraulic pressure before final test,Scenario A – high-cost service task note.,completed,2026-07-15 02:35:39.789989,,True,,,
655,675,inspecting,Order OEM parts for transmission rebuild,Scenario A – high-cost service task note.,pending,2026-05-31 02:35:39.789989,,True,,,
656,676,complete,Re-torque cylinder head bolts to spec after initial run,Scenario A – high-cost service task note.,completed,,,True,,,
657,677,received,Disassemble engine components for inspection,Scenario A – high-cost service task note.,in_progress,2026-07-23 02:35:39.789989,,True,,,
658,678,inspecting,Leak-down test performed on repaired engine,Scenario A – high-cost service task note.,in_progress,2026-06-10 02:35:39.789989,,True,,,
659,679,complete,Order OEM parts for transmission rebuild,Scenario A – high-cost service task note.,in_progress,,,True,,,
660,680,received,Disassemble engine components for inspection,Scenario A – high-cost service task note.,in_progress,2026-06-30 02:35:39.789989,,True,,,
661,681,inspecting,Disassemble engine components for inspection,Scenario A – high-cost service task note.,pending,2026-07-10 02:35:39.789989,,True,,,
662,682,complete,Verify brake hydraulic pressure before final test,Scenario A – high-cost service task note.,completed,,,True,,,
663,683,quotation,Verify brake hydraulic pressure before final test,Scenario A – high-cost service task note.,pending,2026-06-02 02:35:39.789989,,True,,,
664,684,complete,Re-torque cylinder head bolts to spec after initial run,Scenario A – high-cost service task note.,completed,2026-06-01 02:35:39.789989,,True,,,
665,685,in_progress,Order OEM parts for transmission rebuild,Scenario A – high-cost service task note.,in_progress,2026-06-30 02:35:39.789989,,True,,,
666,686,in_progress,Road test completed — no abnormal sounds detected,Scenario A – high-cost service task note.,completed,,,True,,,
667,687,received,Full alignment performed after suspension overhaul,Scenario A – high-cost service task note.,completed,2026-05-15 02:35:39.789989,,True,,,
668,688,complete,Disassemble engine components for inspection,Scenario A – high-cost service task note.,in_progress,2026-07-04 02:35:39.789989,,True,,,
669,689,received,Order OEM parts for transmission rebuild,Scenario A – high-cost service task note.,pending,2026-06-10 02:35:39.789989,,True,,,
670,690,received,Final customer walk-through and sign-off obtained,Scenario A – high-cost service task note.,in_progress,2026-07-01 02:35:39.789989,,True,,,
671,691,complete,Re-torque cylinder head bolts to spec after initial run,Scenario A – high-cost service task note.,in_progress,2026-05-11 02:35:39.789989,,True,,,
672,692,inspecting,Order OEM parts for transmission rebuild,Scenario A – high-cost service task note.,pending,,,True,,,
673,693,quotation,Road test completed — no abnormal sounds detected,Scenario A – high-cost service task note.,pending,,,True,,,
674,694,received,Order OEM parts for transmission rebuild,Scenario A – high-cost service task note.,pending,2026-06-01 02:35:39.789989,,True,,,
675,695,complete,Disassemble engine components for inspection,Scenario A – high-cost service task note.,in_progress,2026-06-05 02:35:39.789989,,True,,,
676,696,quotation,Order OEM parts for transmission rebuild,Scenario A – high-cost service task note.,in_progress,2026-07-16 02:35:39.789989,,True,,,
677,697,in_progress,Full alignment performed after suspension overhaul,Scenario A – high-cost service task note.,in_progress,,,True,,,
678,698,in_progress,Verify brake hydraulic pressure before final test,Scenario A – high-cost service task note.,completed,,,True,,,
679,699,quotation,Full alignment performed after suspension overhaul,Scenario A – high-cost service task note.,in_progress,2026-06-17 02:35:39.789989,,True,,,
680,700,received,Re-torque cylinder head bolts to spec after initial run,Scenario A – high-cost service task note.,in_progress,2026-08-02 02:35:39.789989,,True,,,
681,701,received,Verify brake hydraulic pressure before final test,Scenario A – high-cost service task note.,completed,2026-05-29 02:35:39.789989,,True,,,
682,702,in_progress,Full alignment performed after suspension overhaul,Scenario A – high-cost service task note.,in_progress,,,True,,,
683,703,inspecting,Road test completed — no abnormal sounds detected,Scenario A – high-cost service task note.,in_progress,2026-06-12 02:35:39.789989,,True,,,
684,704,in_progress,Order OEM parts for transmission rebuild,Scenario A – high-cost service task note.,in_progress,,,True,,,
685,705,in_progress,Leak-down test performed on repaired engine,Scenario A – high-cost service task note.,in_progress,2026-07-07 02:35:39.789989,,True,,,
686,706,quotation,Leak-down test performed on repaired engine,Scenario A – high-cost service task note.,pending,,,True,,,
687,707,complete,Order OEM parts for transmission rebuild,Scenario A – high-cost service task note.,in_progress,,,True,,,
688,708,received,Verify brake hydraulic pressure before final test,Scenario A – high-cost service task note.,pending,2026-05-23 02:35:39.789989,,True,,,
689,709,received,Full alignment performed after suspension overhaul,Scenario A – high-cost service task note.,in_progress,,,True,,,
690,710,inspecting,Disassemble engine components for inspection,Scenario A – high-cost service task note.,pending,2026-07-12 02:35:39.789989,,True,,,
691,711,received,Road test completed — no abnormal sounds detected,Scenario A – high-cost service task note.,completed,2026-08-02 02:35:39.789989,,True,,,
692,712,received,Disassemble engine components for inspection,Scenario A – high-cost service task note.,completed,2026-06-20 02:35:39.789989,,True,,,
693,713,received,Verify brake hydraulic pressure before final test,Scenario A – high-cost service task note.,in_progress,2026-05-15 02:35:39.789989,,True,,,
694,714,inspecting,Road test completed — no abnormal sounds detected,Scenario A – high-cost service task note.,in_progress,,,True,,,
695,715,in_progress,Re-torque cylinder head bolts to spec after initial run,Scenario A – high-cost service task note.,completed,,,True,,,
696,716,quotation,Verify brake hydraulic pressure before final test,Scenario A – high-cost service task note.,completed,2026-05-22 02:35:39.789989,,True,,,
697,717,quotation,Final customer walk-through and sign-off obtained,Scenario A – high-cost service task note.,completed,2026-05-08 02:35:39.789989,,True,,,
698,718,received,Order OEM parts for transmission rebuild,Scenario A – high-cost service task note.,in_progress,2026-07-08 02:35:39.789989,,True,,,
699,719,quotation,Final customer walk-through and sign-off obtained,Scenario A – high-cost service task note.,completed,2026-05-07 02:35:39.789989,,True,,,
700,720,complete,Final customer walk-through and sign-off obtained,Scenario A – high-cost service task note.,pending,2026-05-14 02:35:39.789989,,True,,,
701,721,complete,Final customer walk-through and sign-off obtained,Scenario A – high-cost service task note.,pending,,,True,,,
702,722,quotation,Verify brake hydraulic pressure before final test,Scenario A – high-cost service task note.,in_progress,2026-07-11 02:35:39.789989,,True,,,
703,723,inspecting,Final customer walk-through and sign-off obtained,Scenario A – high-cost service task note.,in_progress,2026-05-18 02:35:39.789989,,True,,,
704,724,quotation,Disassemble engine components for inspection,Scenario A – high-cost service task note.,completed,,,True,,,
705,725,complete,Re-torque cylinder head bolts to spec after initial run,Scenario A – high-cost service task note.,completed,2026-08-03 02:35:39.789989,,True,,,
706,726,quotation,Final customer walk-through and sign-off obtained,Scenario A – high-cost service task note.,in_progress,2026-05-30 02:35:39.789989,,True,,,
707,727,in_progress,Full alignment performed after suspension overhaul,Scenario A – high-cost service task note.,in_progress,2026-07-09 02:35:39.789989,,True,,,
708,728,inspecting,Re-torque cylinder head bolts to spec after initial run,Scenario A – high-cost service task note.,pending,2026-06-07 02:35:39.789989,,True,,,
709,729,received,Full alignment performed after suspension overhaul,Scenario A – high-cost service task note.,completed,,,True,,,
710,730,complete,Verify brake hydraulic pressure before final test,Scenario A – high-cost service task note.,in_progress,2026-05-20 02:35:39.789989,,True,,,
711,731,in_progress,Road test completed — no abnormal sounds detected,Scenario A – high-cost service task note.,pending,,,True,,,
712,732,received,Re-torque cylinder head bolts to spec after initial run,Scenario A – high-cost service task note.,pending,,,True,,,
713,733,in_progress,Road test completed — no abnormal sounds detected,Scenario A – high-cost service task note.,pending,,,True,,,
714,734,quotation,Leak-down test performed on repaired engine,Scenario A – high-cost service task note.,completed,,,True,,,
715,735,received,Road test completed — no abnormal sounds detected,Scenario A – high-cost service task note.,pending,2026-05-26 02:35:39.789989,,True,,,
716,736,in_progress,Full alignment performed after suspension overhaul,Scenario A – high-cost service task note.,pending,2026-06-01 02:35:39.789989,,True,,,
717,737,in_progress,Final customer walk-through and sign-off obtained,Scenario A – high-cost service task note.,completed,2026-06-22 02:35:39.789989,,True,,,
718,738,complete,Full alignment performed after suspension overhaul,Scenario A – high-cost service task note.,completed,,,True,,,
719,739,inspecting,Leak-down test performed on repaired engine,Scenario A – high-cost service task note.,completed,,,True,,,
720,740,inspecting,Verify brake hydraulic pressure before final test,Scenario A – high-cost service task note.,completed,,,True,,,
721,741,in_progress,Road test completed — no abnormal sounds detected,Scenario A – high-cost service task note.,completed,2026-05-29 02:35:39.789989,,True,,,
722,742,in_progress,Road test completed — no abnormal sounds detected,Scenario A – high-cost service task note.,completed,2026-05-23 02:35:39.789989,,True,,,
723,743,complete,Leak-down test performed on repaired engine,Scenario A – high-cost service task note.,in_progress,2026-05-29 02:35:39.789989,,True,,,
724,744,inspecting,Re-torque cylinder head bolts to spec after initial run,Scenario A – high-cost service task note.,pending,2026-06-06 02:35:39.789989,,True,,,
725,745,in_progress,Re-torque cylinder head bolts to spec after initial run,Scenario A – high-cost service task note.,pending,2026-07-01 02:35:39.789989,,True,,,
726,746,in_progress,Disassemble engine components for inspection,Scenario A – high-cost service task note.,pending,2026-06-05 02:35:39.789989,,True,,,
727,747,quotation,Order OEM parts for transmission rebuild,Scenario A – high-cost service task note.,in_progress,,,True,,,
728,748,in_progress,Verify brake hydraulic pressure before final test,Scenario A – high-cost service task note.,completed,,,True,,,
729,749,quotation,Road test completed — no abnormal sounds detected,Scenario A – high-cost service task note.,completed,,,True,,,
730,750,in_progress,Disassemble engine components for inspection,Scenario A – high-cost service task note.,in_progress,,,True,,,
731,751,received,Order OEM parts for transmission rebuild,Scenario A – high-cost service task note.,completed,2026-05-07 02:35:39.789989,,True,,,
732,752,received,Leak-down test performed on repaired engine,Scenario A – high-cost service task note.,pending,2026-06-06 02:35:39.789989,,True,,,
733,753,complete,Final customer walk-through and sign-off obtained,Scenario A – high-cost service task note.,in_progress,,,True,,,
734,754,complete,Road test completed — no abnormal sounds detected,Scenario A – high-cost service task note.,pending,2026-07-25 02:35:39.789989,,True,,,
735,755,inspecting,Road test completed — no abnormal sounds detected,Scenario A – high-cost service task note.,in_progress,2026-05-09 02:35:39.789989,,True,,,
736,756,inspecting,Order OEM parts for transmission rebuild,Scenario A – high-cost service task note.,pending,2026-05-24 02:35:39.789989,,True,,,
737,757,received,Disassemble engine components for inspection,Scenario A – high-cost service task note.,completed,2026-07-10 02:35:39.789989,,True,,,
738,758,inspecting,Re-torque cylinder head bolts to spec after initial run,Scenario A – high-cost service task note.,pending,,,True,,,
739,759,received,Final customer walk-through and sign-off obtained,Scenario A – high-cost service task note.,completed,,,True,,,
740,760,received,Disassemble engine components for inspection,Scenario A – high-cost service task note.,completed,,,True,,,
741,761,in_progress,Re-torque cylinder head bolts to spec after initial run,Scenario A – high-cost service task note.,completed,,,True,,,
742,762,received,Re-torque cylinder head bolts to spec after initial run,Scenario A – high-cost service task note.,completed,2026-05-25 02:35:39.789989,,True,,,
743,763,in_progress,Order OEM parts for transmission rebuild,Scenario A – high-cost service task note.,pending,2026-07-27 02:35:39.789989,,True,,,
744,764,complete,Disassemble engine components for inspection,Scenario A – high-cost service task note.,completed,2026-06-24 02:35:39.789989,,True,,,
745,765,in_progress,Disassemble engine components for inspection,Scenario A – high-cost service task note.,in_progress,2026-06-08 02:35:39.789989,,True,,,
746,766,quotation,Verify brake hydraulic pressure before final test,Scenario A – high-cost service task note.,pending,2026-05-21 02:35:39.789989,,True,,,
747,767,received,Verify brake hydraulic pressure before final test,Scenario A – high-cost service task note.,pending,,,True,,,
748,768,quotation,Disassemble engine components for inspection,Scenario A – high-cost service task note.,completed,2026-06-18 02:35:39.789989,,True,,,
749,769,in_progress,Disassemble engine components for inspection,Scenario A – high-cost service task note.,completed,2026-07-12 02:35:39.789989,,True,,,
750,770,quotation,Order OEM parts for transmission rebuild,Scenario A – high-cost service task note.,in_progress,,,True,,,
751,771,quotation,Order OEM parts for transmission rebuild,Scenario A – high-cost service task note.,pending,2026-05-26 02:35:39.789989,,True,,,
752,772,received,Verify brake hydraulic pressure before final test,Scenario A – high-cost service task note.,completed,2026-07-21 02:35:39.789989,,True,,,
753,773,received,Full alignment performed after suspension overhaul,Scenario A – high-cost service task note.,in_progress,2026-05-22 02:35:39.789989,,True,,,
754,774,in_progress,Verify brake hydraulic pressure before final test,Scenario A – high-cost service task note.,in_progress,,,True,,,
755,775,received,Order OEM parts for transmission rebuild,Scenario A – high-cost service task note.,in_progress,2026-05-21 02:35:39.789989,,True,,,
756,776,inspecting,Re-torque cylinder head bolts to spec after initial run,Scenario A – high-cost service task note.,completed,2026-06-29 02:35:39.789989,,True,,,
757,777,received,Leak-down test performed on repaired engine,Scenario A – high-cost service task note.,completed,,,True,,,
758,778,inspecting,Full alignment performed after suspension overhaul,Scenario A – high-cost service task note.,completed,2026-06-30 02:35:39.789989,,True,,,
759,779,inspecting,Order OEM parts for transmission rebuild,Scenario A – high-cost service task note.,pending,,,True,,,
760,780,quotation,Order OEM parts for transmission rebuild,Scenario A – high-cost service task note.,completed,,,True,,,
761,781,complete,Final customer walk-through and sign-off obtained,Scenario A – high-cost service task note.,in_progress,2026-07-31 02:35:39.789989,,True,,,
762,782,quotation,Re-torque cylinder head bolts to spec after initial run,Scenario A – high-cost service task note.,completed,2026-06-16 02:35:39.789989,,True,,,
763,783,received,Order OEM parts for transmission rebuild,Scenario A – high-cost service task note.,pending,,,True,,,
764,784,quotation,Final customer walk-through and sign-off obtained,Scenario A – high-cost service task note.,in_progress,2026-06-24 02:35:39.789989,,True,,,
765,785,complete,Disassemble engine components for inspection,Scenario A – high-cost service task note.,in_progress,,,True,,,
766,786,complete,Full alignment performed after suspension overhaul,Scenario A – high-cost service task note.,completed,2026-06-22 02:35:39.789989,,True,,,
767,787,complete,Leak-down test performed on repaired engine,Scenario A – high-cost service task note.,completed,2026-08-01 02:35:39.789989,,True,,,
768,788,in_progress,Verify brake hydraulic pressure before final test,Scenario A – high-cost service task note.,completed,,,True,,,
769,789,received,Order OEM parts for transmission rebuild,Scenario A – high-cost service task note.,completed,,,True,,,
770,790,received,Verify brake hydraulic pressure before final test,Scenario A – high-cost service task note.,in_progress,2026-07-24 02:35:39.789989,,True,,,
771,791,received,Leak-down test performed on repaired engine,Scenario A – high-cost service task note.,pending,,,True,,,
772,792,quotation,Disassemble engine components for inspection,Scenario A – high-cost service task note.,pending,2026-07-07 02:35:39.789989,,True,,,
773,793,received,Re-torque cylinder head bolts to spec after initial run,Scenario A – high-cost service task note.,pending,,,True,,,
774,794,received,Order OEM parts for transmission rebuild,Scenario A – high-cost service task note.,pending,2026-06-26 02:35:39.789989,,True,,,
775,795,complete,Full alignment performed after suspension overhaul,Scenario A – high-cost service task note.,pending,,,True,,,
776,796,complete,Road test completed — no abnormal sounds detected,Scenario A – high-cost service task note.,completed,,,True,,,
777,797,quotation,Leak-down test performed on repaired engine,Scenario A – high-cost service task note.,in_progress,2026-06-06 02:35:39.789989,,True,,,
778,798,received,Order OEM parts for transmission rebuild,Scenario A – high-cost service task note.,completed,,,True,,,
779,799,complete,Re-torque cylinder head bolts to spec after initial run,Scenario A – high-cost service task note.,pending,2026-07-06 02:35:39.789989,,True,,,
780,800,received,Verify brake hydraulic pressure before final test,Scenario A – high-cost service task note.,completed,,,True,,,
781,801,inspecting,Final customer walk-through and sign-off obtained,Scenario A – high-cost service task note.,pending,2026-06-05 02:35:39.789989,,True,,,
782,802,complete,Full alignment performed after suspension overhaul,Scenario A – high-cost service task note.,completed,,,True,,,
783,803,complete,Order OEM parts for transmission rebuild,Scenario A – high-cost service task note.,completed,2026-06-01 02:35:39.789989,,True,,,
784,804,in_progress,Leak-down test performed on repaired engine,Scenario A – high-cost service task note.,in_progress,,,True,,,
785,805,received,Road test completed — no abnormal sounds detected,Scenario A – high-cost service task note.,pending,2026-05-15 02:35:39.789989,,True,,,
786,806,complete,Order OEM parts for transmission rebuild,Scenario A – high-cost service task note.,completed,2026-05-19 02:35:39.789989,,True,,,
787,807,complete,Re-torque cylinder head bolts to spec after initial run,Scenario A – high-cost service task note.,in_progress,2026-06-29 02:35:39.789989,,True,,,
788,808,quotation,Road test completed — no abnormal sounds detected,Scenario A – high-cost service task note.,completed,,,True,,,
789,809,quotation,Final customer walk-through and sign-off obtained,Scenario A – high-cost service task note.,pending,2026-06-24 02:35:39.789989,,True,,,
790,810,received,Verify brake hydraulic pressure before final test,Scenario A – high-cost service task note.,in_progress,2026-07-24 02:35:39.789989,,True,,,
791,811,received,Final customer walk-through and sign-off obtained,Scenario A – high-cost service task note.,completed,,,True,,,
792,812,received,Final customer walk-through and sign-off obtained,Scenario A – high-cost service task note.,completed,2026-07-05 02:35:39.789989,,True,,,
793,813,complete,Road test completed — no abnormal sounds detected,Scenario A – high-cost service task note.,completed,,,True,,,
794,814,complete,Full alignment performed after suspension overhaul,Scenario A – high-cost service task note.,completed,2026-08-01 02:35:39.789989,,True,,,
795,815,received,Re-torque cylinder head bolts to spec after initial run,Scenario A – high-cost service task note.,completed,,,True,,,
796,816,complete,Leak-down test performed on repaired engine,Scenario A – high-cost service task note.,pending,2026-05-22 02:35:39.789989,,True,,,
797,817,received,Re-torque cylinder head bolts to spec after initial run,Scenario A – high-cost service task note.,completed,,,True,,,
798,818,in_progress,Disassemble engine components for inspection,Scenario A – high-cost service task note.,in_progress,2026-06-03 02:35:39.789989,,True,,,
799,819,received,Full alignment performed after suspension overhaul,Scenario A – high-cost service task note.,pending,,,True,,,
800,820,in_progress,Re-torque cylinder head bolts to spec after initial run,Scenario A – high-cost service task note.,in_progress,2026-06-12 02:35:39.789989,,True,,,
