id,user_id,employees_id,action_performed,entity_type,entity_id,old_values,new_values,action_date
1,,334,updated,vehicles,468,"{""amount"": 579.26, ""record_id"": 468}","{""amount"": 3052.07, ""record_id"": 468}",2026-07-27 23:46:28.293298
2,216,,rejected,service_tickets,490,"{""status"": ""pending""}","{""status"": ""declined""}",2026-07-13 08:22:09.293298
3,,162,created,vehicles,237,,"{""id"": 237, ""is_active"": true}",2026-07-18 11:10:44.293298
4,349,,claimed,retention_offers,372,"{""is_claimed"": false}","{""is_claimed"": true, ""claimed_on_job_order_id"": 210}",2026-07-19 08:56:57.293298
5,220,,status_changed,job_orders,170,"{""status"": ""inspecting""}","{""status"": ""in_progress""}",2026-08-04 13:46:59.293298
6,,302,updated,job_orders,143,"{""amount"": 1197.97, ""record_id"": 143}","{""amount"": 2490.91, ""record_id"": 143}",2026-08-03 15:25:20.293298
7,,457,approved,service_tickets,261,"{""status"": ""pending""}","{""status"": ""approved""}",2026-07-13 17:16:46.293298
8,345,,updated,users,156,"{""amount"": 1154.47, ""record_id"": 156}","{""amount"": 1668.79, ""record_id"": 156}",2026-08-04 20:08:40.293298
9,,233,claimed,retention_offers,177,"{""is_claimed"": false}","{""is_claimed"": true, ""claimed_on_job_order_id"": 468}",2026-07-08 16:17:49.293298
10,27,,status_changed,job_orders,374,"{""status"": ""inspecting""}","{""status"": ""in_progress""}",2026-07-12 06:55:22.293298
11,389,,status_changed,job_orders,19,"{""status"": ""inspecting""}","{""status"": ""in_progress""}",2026-08-04 07:03:26.293298
12,,56,rejected,service_tickets,313,"{""status"": ""pending""}","{""status"": ""declined""}",2026-08-01 00:10:23.293298
13,,395,updated,vehicles,117,"{""amount"": 1439.98, ""record_id"": 117}","{""amount"": 3032.98, ""record_id"": 117}",2026-07-20 21:02:47.293298
14,188,,status_changed,job_orders,50,"{""status"": ""inspecting""}","{""status"": ""in_progress""}",2026-07-27 12:57:21.293298
15,,237,rejected,service_tickets,137,"{""status"": ""pending""}","{""status"": ""declined""}",2026-07-23 09:49:10.293298
16,488,,approved,service_tickets,39,"{""status"": ""pending""}","{""status"": ""approved""}",2026-07-22 04:45:15.293298
17,265,,deleted,job_orders,54,"{""id"": 54, ""is_active"": true}",,2026-07-30 21:00:40.293298
18,,136,logged_in,employees,136,,,2026-07-23 06:07:56.293298
19,,198,rejected,service_tickets,305,"{""status"": ""pending""}","{""status"": ""declined""}",2026-07-30 04:29:11.293298
20,,105,deleted,vehicles,166,"{""id"": 166, ""is_active"": true}",,2026-07-13 03:08:04.293298
21,,341,created,users,127,,"{""id"": 127, ""is_active"": true}",2026-07-07 07:37:22.293298
22,187,,approved,service_tickets,56,"{""status"": ""pending""}","{""status"": ""approved""}",2026-07-21 11:14:44.293298
23,,395,deleted,payments,67,"{""id"": 67, ""is_active"": true}",,2026-07-16 23:52:49.293298
24,,187,claimed,retention_offers,406,"{""is_claimed"": false}","{""is_claimed"": true, ""claimed_on_job_order_id"": 469}",2026-07-15 08:02:48.293298
25,167,,updated,payments,403,"{""amount"": 1174.90, ""record_id"": 403}","{""amount"": 2991.19, ""record_id"": 403}",2026-07-09 01:48:17.293298
26,,34,created,payments,216,,"{""id"": 216, ""is_active"": true}",2026-07-30 06:01:18.293298
27,,58,created,vehicles,434,,"{""id"": 434, ""is_active"": true}",2026-07-08 04:04:23.293298
28,,34,deleted,payments,54,"{""id"": 54, ""is_active"": true}",,2026-07-19 04:16:45.293298
29,,142,logged_in,employees,142,,,2026-07-30 12:39:57.293298
30,498,,rejected,service_tickets,2,"{""status"": ""pending""}","{""status"": ""declined""}",2026-07-11 18:37:47.293298
31,,29,updated,vehicles,224,"{""amount"": 1290.58, ""record_id"": 224}","{""amount"": 3131.78, ""record_id"": 224}",2026-07-16 22:42:55.293298
32,,176,claimed,retention_offers,188,"{""is_claimed"": false}","{""is_claimed"": true, ""claimed_on_job_order_id"": 477}",2026-08-04 00:34:00.293298
33,,399,deleted,job_orders,144,"{""id"": 144, ""is_active"": true}",,2026-07-07 10:31:55.293298
34,,244,approved,service_tickets,220,"{""status"": ""pending""}","{""status"": ""approved""}",2026-07-28 18:51:44.293298
35,,271,status_changed,job_orders,118,"{""status"": ""inspecting""}","{""status"": ""in_progress""}",2026-07-19 03:54:24.293298
36,,420,approved,service_tickets,259,"{""status"": ""pending""}","{""status"": ""approved""}",2026-07-12 16:20:52.293298
37,,197,approved,service_tickets,483,"{""status"": ""pending""}","{""status"": ""approved""}",2026-07-07 23:34:39.293298
38,499,,updated,job_orders,248,"{""amount"": 1199.81, ""record_id"": 248}","{""amount"": 1775.48, ""record_id"": 248}",2026-08-03 16:24:04.293298
39,,367,logged_in,employees,367,,,2026-07-25 16:51:37.293298
40,,446,approved,service_tickets,105,"{""status"": ""pending""}","{""status"": ""approved""}",2026-07-18 04:46:42.293298
41,,42,status_changed,job_orders,23,"{""status"": ""inspecting""}","{""status"": ""in_progress""}",2026-08-02 12:31:46.293298
42,,159,updated,vehicles,213,"{""amount"": 1186.76, ""record_id"": 213}","{""amount"": 3409.22, ""record_id"": 213}",2026-07-15 01:56:01.293298
43,,434,approved,service_tickets,302,"{""status"": ""pending""}","{""status"": ""approved""}",2026-08-03 22:13:41.293298
44,,291,created,job_orders,328,,"{""id"": 328, ""is_active"": true}",2026-07-16 11:09:08.293298
45,374,,created,users,470,,"{""id"": 470, ""is_active"": true}",2026-07-07 08:31:27.293298
46,,33,deleted,job_orders,221,"{""id"": 221, ""is_active"": true}",,2026-07-11 16:30:32.293298
47,,272,approved,service_tickets,409,"{""status"": ""pending""}","{""status"": ""approved""}",2026-07-10 08:35:42.293298
48,,310,rejected,service_tickets,227,"{""status"": ""pending""}","{""status"": ""declined""}",2026-07-22 18:44:27.293298
49,,458,created,vehicles,406,,"{""id"": 406, ""is_active"": true}",2026-07-06 22:30:38.293298
50,293,,claimed,retention_offers,386,"{""is_claimed"": false}","{""is_claimed"": true, ""claimed_on_job_order_id"": 180}",2026-07-19 02:25:29.293298
51,,139,logged_in,employees,139,,,2026-07-31 10:34:21.293298
52,174,,status_changed,job_orders,492,"{""status"": ""inspecting""}","{""status"": ""in_progress""}",2026-08-03 06:55:42.293298
53,,338,updated,payments,70,"{""amount"": 1367.33, ""record_id"": 70}","{""amount"": 2867.21, ""record_id"": 70}",2026-08-04 03:37:53.293298
54,,332,deleted,job_orders,480,"{""id"": 480, ""is_active"": true}",,2026-07-11 22:08:19.293298
55,405,,created,users,275,,"{""id"": 275, ""is_active"": true}",2026-07-12 10:01:59.293298
56,421,,status_changed,job_orders,397,"{""status"": ""inspecting""}","{""status"": ""in_progress""}",2026-07-08 22:59:55.293298
57,,238,created,vehicles,364,,"{""id"": 364, ""is_active"": true}",2026-07-24 09:10:33.293298
58,259,,deleted,vehicles,66,"{""id"": 66, ""is_active"": true}",,2026-07-09 07:56:36.293298
59,,429,deleted,users,36,"{""id"": 36, ""is_active"": true}",,2026-07-06 11:03:08.293298
60,224,,created,payments,420,,"{""id"": 420, ""is_active"": true}",2026-07-25 07:12:42.293298
61,,95,deleted,payments,324,"{""id"": 324, ""is_active"": true}",,2026-07-31 05:59:25.293298
62,,107,created,vehicles,417,,"{""id"": 417, ""is_active"": true}",2026-07-25 10:01:42.293298
63,162,,rejected,service_tickets,363,"{""status"": ""pending""}","{""status"": ""declined""}",2026-07-11 16:28:25.293298
64,,215,logged_in,employees,215,,,2026-07-16 00:34:48.293298
65,,244,updated,job_orders,403,"{""amount"": 1410.13, ""record_id"": 403}","{""amount"": 2520.97, ""record_id"": 403}",2026-07-22 22:24:28.293298
66,,211,created,users,241,,"{""id"": 241, ""is_active"": true}",2026-08-03 18:05:10.293298
67,,411,logged_in,employees,411,,,2026-07-25 12:37:08.293298
68,,85,created,vehicles,188,,"{""id"": 188, ""is_active"": true}",2026-07-08 00:19:43.293298
69,,423,status_changed,job_orders,154,"{""status"": ""inspecting""}","{""status"": ""in_progress""}",2026-07-20 19:55:09.293298
70,,201,status_changed,job_orders,300,"{""status"": ""inspecting""}","{""status"": ""in_progress""}",2026-07-14 15:04:03.293298
71,,22,updated,payments,324,"{""amount"": 1011.30, ""record_id"": 324}","{""amount"": 1971.57, ""record_id"": 324}",2026-08-04 22:02:15.293298
72,,210,claimed,retention_offers,342,"{""is_claimed"": false}","{""is_claimed"": true, ""claimed_on_job_order_id"": 281}",2026-07-14 08:19:49.293298
73,,430,created,users,212,,"{""id"": 212, ""is_active"": true}",2026-07-15 23:36:13.293298
74,,371,claimed,retention_offers,341,"{""is_claimed"": false}","{""is_claimed"": true, ""claimed_on_job_order_id"": 445}",2026-08-04 21:19:08.293298
75,347,,rejected,service_tickets,140,"{""status"": ""pending""}","{""status"": ""declined""}",2026-07-14 14:21:41.293298
76,,256,approved,service_tickets,277,"{""status"": ""pending""}","{""status"": ""approved""}",2026-07-31 00:43:25.293298
77,,286,status_changed,job_orders,68,"{""status"": ""inspecting""}","{""status"": ""in_progress""}",2026-08-04 18:14:59.293298
78,120,,status_changed,job_orders,404,"{""status"": ""inspecting""}","{""status"": ""in_progress""}",2026-07-08 06:59:02.293298
79,194,,deleted,vehicles,234,"{""id"": 234, ""is_active"": true}",,2026-07-08 20:00:10.293298
80,,46,deleted,users,311,"{""id"": 311, ""is_active"": true}",,2026-07-16 00:01:54.293298
81,,10,approved,service_tickets,491,"{""status"": ""pending""}","{""status"": ""approved""}",2026-07-06 06:32:19.293298
82,,213,claimed,retention_offers,397,"{""is_claimed"": false}","{""is_claimed"": true, ""claimed_on_job_order_id"": 100}",2026-07-19 03:01:06.293298
83,,248,deleted,users,236,"{""id"": 236, ""is_active"": true}",,2026-07-13 12:30:35.293298
84,382,,claimed,retention_offers,188,"{""is_claimed"": false}","{""is_claimed"": true, ""claimed_on_job_order_id"": 456}",2026-07-06 23:04:45.293298
85,372,,deleted,users,51,"{""id"": 51, ""is_active"": true}",,2026-08-01 07:42:48.293298
86,137,,approved,service_tickets,453,"{""status"": ""pending""}","{""status"": ""approved""}",2026-07-20 23:54:22.293298
87,,2,deleted,users,7,"{""id"": 7, ""is_active"": true}",,2026-07-31 15:20:52.293298
88,411,,status_changed,job_orders,297,"{""status"": ""inspecting""}","{""status"": ""in_progress""}",2026-07-10 04:44:49.293298
89,,404,rejected,service_tickets,355,"{""status"": ""pending""}","{""status"": ""declined""}",2026-07-18 20:32:57.293298
90,,61,updated,payments,283,"{""amount"": 1309.40, ""record_id"": 283}","{""amount"": 1621.81, ""record_id"": 283}",2026-07-06 23:59:40.293298
91,,431,updated,vehicles,129,"{""amount"": 816.64, ""record_id"": 129}","{""amount"": 3121.28, ""record_id"": 129}",2026-07-22 07:49:59.293298
92,,4,claimed,retention_offers,382,"{""is_claimed"": false}","{""is_claimed"": true, ""claimed_on_job_order_id"": 239}",2026-07-12 12:35:51.293298
93,239,,deleted,vehicles,22,"{""id"": 22, ""is_active"": true}",,2026-08-01 04:58:14.293298
94,,107,approved,service_tickets,145,"{""status"": ""pending""}","{""status"": ""approved""}",2026-08-04 22:12:20.293298
95,,34,rejected,service_tickets,419,"{""status"": ""pending""}","{""status"": ""declined""}",2026-07-15 21:35:54.293298
96,,495,deleted,vehicles,271,"{""id"": 271, ""is_active"": true}",,2026-07-26 09:36:24.293298
97,,131,claimed,retention_offers,251,"{""is_claimed"": false}","{""is_claimed"": true, ""claimed_on_job_order_id"": 329}",2026-07-22 01:24:44.293298
98,,161,updated,job_orders,191,"{""amount"": 904.56, ""record_id"": 191}","{""amount"": 3436.15, ""record_id"": 191}",2026-07-21 04:58:48.293298
99,,224,updated,job_orders,471,"{""amount"": 517.00, ""record_id"": 471}","{""amount"": 3138.58, ""record_id"": 471}",2026-07-25 18:28:01.293298
100,101,,updated,vehicles,147,"{""amount"": 840.07, ""record_id"": 147}","{""amount"": 3362.15, ""record_id"": 147}",2026-07-29 07:39:35.293298
101,,130,approved,service_tickets,365,"{""status"": ""pending""}","{""status"": ""approved""}",2026-08-03 13:48:28.293298
102,164,,created,payments,460,,"{""id"": 460, ""is_active"": true}",2026-07-20 06:29:42.293298
103,140,,rejected,service_tickets,25,"{""status"": ""pending""}","{""status"": ""declined""}",2026-07-20 19:49:51.293298
104,,296,created,job_orders,35,,"{""id"": 35, ""is_active"": true}",2026-07-20 20:48:55.293298
105,274,,deleted,payments,410,"{""id"": 410, ""is_active"": true}",,2026-07-16 15:02:41.293298
106,63,,claimed,retention_offers,157,"{""is_claimed"": false}","{""is_claimed"": true, ""claimed_on_job_order_id"": 409}",2026-07-31 11:19:19.293298
107,474,,status_changed,job_orders,191,"{""status"": ""inspecting""}","{""status"": ""in_progress""}",2026-08-03 20:18:10.293298
108,,474,logged_in,employees,474,,,2026-07-10 06:04:55.293298
109,200,,logged_in,users,200,,,2026-07-09 11:42:47.293298
110,,181,updated,job_orders,429,"{""amount"": 584.22, ""record_id"": 429}","{""amount"": 2776.35, ""record_id"": 429}",2026-07-30 16:18:02.293298
111,,112,deleted,payments,149,"{""id"": 149, ""is_active"": true}",,2026-07-24 18:58:11.293298
112,,376,logged_in,employees,376,,,2026-07-08 21:27:53.293298
113,,92,created,users,345,,"{""id"": 345, ""is_active"": true}",2026-08-05 01:16:35.293298
114,,330,claimed,retention_offers,95,"{""is_claimed"": false}","{""is_claimed"": true, ""claimed_on_job_order_id"": 140}",2026-07-22 21:12:31.293298
115,,465,approved,service_tickets,269,"{""status"": ""pending""}","{""status"": ""approved""}",2026-07-14 10:18:09.293298
116,,416,rejected,service_tickets,418,"{""status"": ""pending""}","{""status"": ""declined""}",2026-07-31 22:45:49.293298
117,,135,logged_in,employees,135,,,2026-07-12 00:42:50.293298
118,,16,deleted,payments,325,"{""id"": 325, ""is_active"": true}",,2026-08-05 00:26:15.293298
119,230,,updated,vehicles,167,"{""amount"": 1396.83, ""record_id"": 167}","{""amount"": 2431.04, ""record_id"": 167}",2026-07-18 17:02:30.293298
120,,185,claimed,retention_offers,363,"{""is_claimed"": false}","{""is_claimed"": true, ""claimed_on_job_order_id"": 220}",2026-07-31 06:53:00.293298
121,,281,logged_in,employees,281,,,2026-07-25 12:53:52.293298
122,,208,logged_in,employees,208,,,2026-07-20 02:32:34.293298
123,,229,logged_in,employees,229,,,2026-07-08 00:16:57.293298
124,,136,claimed,retention_offers,334,"{""is_claimed"": false}","{""is_claimed"": true, ""claimed_on_job_order_id"": 104}",2026-07-19 20:54:28.293298
125,230,,deleted,payments,461,"{""id"": 461, ""is_active"": true}",,2026-07-18 13:49:45.293298
126,339,,updated,vehicles,159,"{""amount"": 1192.29, ""record_id"": 159}","{""amount"": 2772.87, ""record_id"": 159}",2026-08-03 13:05:30.293298
127,194,,deleted,payments,157,"{""id"": 157, ""is_active"": true}",,2026-07-09 22:42:44.293298
128,,456,approved,service_tickets,360,"{""status"": ""pending""}","{""status"": ""approved""}",2026-08-01 02:12:52.293298
129,,175,updated,vehicles,232,"{""amount"": 965.53, ""record_id"": 232}","{""amount"": 3440.79, ""record_id"": 232}",2026-07-19 13:20:37.293298
130,,56,deleted,users,66,"{""id"": 66, ""is_active"": true}",,2026-07-27 08:16:12.293298
131,,80,created,users,181,,"{""id"": 181, ""is_active"": true}",2026-07-27 03:18:35.293298
132,,104,status_changed,job_orders,422,"{""status"": ""inspecting""}","{""status"": ""in_progress""}",2026-08-03 23:47:33.293298
133,,328,rejected,service_tickets,475,"{""status"": ""pending""}","{""status"": ""declined""}",2026-08-01 06:50:50.293298
134,,471,claimed,retention_offers,370,"{""is_claimed"": false}","{""is_claimed"": true, ""claimed_on_job_order_id"": 308}",2026-07-28 13:46:23.293298
135,44,,claimed,retention_offers,237,"{""is_claimed"": false}","{""is_claimed"": true, ""claimed_on_job_order_id"": 342}",2026-08-02 21:07:54.293298
136,192,,claimed,retention_offers,335,"{""is_claimed"": false}","{""is_claimed"": true, ""claimed_on_job_order_id"": 33}",2026-07-16 20:53:29.293298
137,,261,approved,service_tickets,163,"{""status"": ""pending""}","{""status"": ""approved""}",2026-07-25 18:00:48.293298
138,,64,approved,service_tickets,437,"{""status"": ""pending""}","{""status"": ""approved""}",2026-07-17 11:26:04.293298
139,401,,claimed,retention_offers,45,"{""is_claimed"": false}","{""is_claimed"": true, ""claimed_on_job_order_id"": 142}",2026-07-20 04:13:27.293298
140,,71,status_changed,job_orders,395,"{""status"": ""inspecting""}","{""status"": ""in_progress""}",2026-07-10 03:48:23.293298
141,,416,deleted,users,470,"{""id"": 470, ""is_active"": true}",,2026-08-02 04:32:15.293298
142,,20,logged_in,employees,20,,,2026-08-02 19:58:21.293298
143,,442,approved,service_tickets,202,"{""status"": ""pending""}","{""status"": ""approved""}",2026-07-15 09:53:27.293298
144,214,,approved,service_tickets,469,"{""status"": ""pending""}","{""status"": ""approved""}",2026-08-03 19:21:52.293298
145,105,,created,payments,213,,"{""id"": 213, ""is_active"": true}",2026-07-08 05:27:42.293298
146,,441,claimed,retention_offers,123,"{""is_claimed"": false}","{""is_claimed"": true, ""claimed_on_job_order_id"": 218}",2026-07-23 11:38:05.293298
147,420,,approved,service_tickets,268,"{""status"": ""pending""}","{""status"": ""approved""}",2026-07-17 16:48:49.293298
148,,408,claimed,retention_offers,435,"{""is_claimed"": false}","{""is_claimed"": true, ""claimed_on_job_order_id"": 26}",2026-07-27 20:48:03.293298
149,,342,logged_in,employees,342,,,2026-07-30 01:59:02.293298
150,228,,deleted,users,139,"{""id"": 139, ""is_active"": true}",,2026-08-02 23:49:42.293298
151,,479,updated,vehicles,74,"{""amount"": 923.72, ""record_id"": 74}","{""amount"": 1717.43, ""record_id"": 74}",2026-07-14 21:29:46.293298
152,,254,deleted,job_orders,258,"{""id"": 258, ""is_active"": true}",,2026-07-31 07:48:40.293298
153,,409,created,users,208,,"{""id"": 208, ""is_active"": true}",2026-07-11 05:55:15.293298
154,,377,status_changed,job_orders,343,"{""status"": ""inspecting""}","{""status"": ""in_progress""}",2026-07-12 14:36:11.293298
155,378,,approved,service_tickets,204,"{""status"": ""pending""}","{""status"": ""approved""}",2026-07-22 10:50:18.293298
156,,322,rejected,service_tickets,56,"{""status"": ""pending""}","{""status"": ""declined""}",2026-07-06 04:39:08.293298
157,,190,claimed,retention_offers,485,"{""is_claimed"": false}","{""is_claimed"": true, ""claimed_on_job_order_id"": 449}",2026-07-11 13:36:34.293298
158,,96,deleted,payments,381,"{""id"": 381, ""is_active"": true}",,2026-08-04 19:00:20.293298
159,,72,updated,job_orders,19,"{""amount"": 630.71, ""record_id"": 19}","{""amount"": 1520.87, ""record_id"": 19}",2026-07-25 02:32:36.293298
160,,412,rejected,service_tickets,61,"{""status"": ""pending""}","{""status"": ""declined""}",2026-07-15 13:34:28.293298
161,34,,status_changed,job_orders,97,"{""status"": ""inspecting""}","{""status"": ""in_progress""}",2026-07-21 07:57:39.293298
162,,264,approved,service_tickets,2,"{""status"": ""pending""}","{""status"": ""approved""}",2026-07-10 07:09:31.293298
163,,369,logged_in,employees,369,,,2026-07-16 21:35:32.293298
164,183,,rejected,service_tickets,297,"{""status"": ""pending""}","{""status"": ""declined""}",2026-07-27 14:45:52.293298
165,,132,approved,service_tickets,303,"{""status"": ""pending""}","{""status"": ""approved""}",2026-07-31 00:48:54.293298
166,393,,status_changed,job_orders,397,"{""status"": ""inspecting""}","{""status"": ""in_progress""}",2026-07-31 19:12:00.293298
167,,375,status_changed,job_orders,364,"{""status"": ""inspecting""}","{""status"": ""in_progress""}",2026-07-25 12:54:43.293298
168,274,,rejected,service_tickets,436,"{""status"": ""pending""}","{""status"": ""declined""}",2026-07-24 18:12:10.293298
169,,304,created,job_orders,254,,"{""id"": 254, ""is_active"": true}",2026-07-15 17:11:48.293298
170,,101,logged_in,employees,101,,,2026-07-13 23:03:03.293298
171,,460,logged_in,employees,460,,,2026-07-22 22:14:26.293298
172,,384,rejected,service_tickets,330,"{""status"": ""pending""}","{""status"": ""declined""}",2026-07-12 22:21:38.293298
173,,243,logged_in,employees,243,,,2026-07-23 03:57:03.293298
174,,345,claimed,retention_offers,283,"{""is_claimed"": false}","{""is_claimed"": true, ""claimed_on_job_order_id"": 437}",2026-07-27 11:15:22.293298
175,,359,logged_in,employees,359,,,2026-07-10 13:54:24.293298
176,,364,updated,payments,220,"{""amount"": 508.08, ""record_id"": 220}","{""amount"": 2247.93, ""record_id"": 220}",2026-07-14 21:00:08.293298
177,,236,status_changed,job_orders,405,"{""status"": ""inspecting""}","{""status"": ""in_progress""}",2026-08-02 05:34:39.293298
178,,169,approved,service_tickets,483,"{""status"": ""pending""}","{""status"": ""approved""}",2026-07-25 03:41:20.293298
179,,469,approved,service_tickets,382,"{""status"": ""pending""}","{""status"": ""approved""}",2026-07-12 01:28:40.293298
180,,473,rejected,service_tickets,345,"{""status"": ""pending""}","{""status"": ""declined""}",2026-07-19 02:19:13.293298
181,132,,approved,service_tickets,39,"{""status"": ""pending""}","{""status"": ""approved""}",2026-07-25 06:11:22.293298
182,201,,deleted,job_orders,406,"{""id"": 406, ""is_active"": true}",,2026-08-02 09:49:01.293298
183,,83,approved,service_tickets,21,"{""status"": ""pending""}","{""status"": ""approved""}",2026-07-23 22:15:04.293298
184,,56,rejected,service_tickets,362,"{""status"": ""pending""}","{""status"": ""declined""}",2026-07-31 04:34:46.293298
185,,482,deleted,payments,458,"{""id"": 458, ""is_active"": true}",,2026-07-15 19:48:57.293298
186,,268,status_changed,job_orders,469,"{""status"": ""inspecting""}","{""status"": ""in_progress""}",2026-07-08 02:40:31.293298
187,,40,approved,service_tickets,311,"{""status"": ""pending""}","{""status"": ""approved""}",2026-07-27 06:28:15.293298
188,,102,claimed,retention_offers,68,"{""is_claimed"": false}","{""is_claimed"": true, ""claimed_on_job_order_id"": 483}",2026-07-30 19:17:58.293298
189,,354,rejected,service_tickets,65,"{""status"": ""pending""}","{""status"": ""declined""}",2026-07-31 17:48:50.293298
190,,268,claimed,retention_offers,236,"{""is_claimed"": false}","{""is_claimed"": true, ""claimed_on_job_order_id"": 305}",2026-07-09 11:29:15.293298
191,,391,claimed,retention_offers,255,"{""is_claimed"": false}","{""is_claimed"": true, ""claimed_on_job_order_id"": 96}",2026-07-15 12:46:00.293298
192,420,,status_changed,job_orders,360,"{""status"": ""inspecting""}","{""status"": ""in_progress""}",2026-07-30 10:57:45.293298
193,353,,deleted,payments,285,"{""id"": 285, ""is_active"": true}",,2026-07-13 15:31:32.293298
194,,399,approved,service_tickets,305,"{""status"": ""pending""}","{""status"": ""approved""}",2026-07-31 20:24:19.293298
195,,268,claimed,retention_offers,216,"{""is_claimed"": false}","{""is_claimed"": true, ""claimed_on_job_order_id"": 176}",2026-07-14 05:19:56.293298
196,,87,created,vehicles,435,,"{""id"": 435, ""is_active"": true}",2026-07-28 10:55:38.293298
197,,75,claimed,retention_offers,415,"{""is_claimed"": false}","{""is_claimed"": true, ""claimed_on_job_order_id"": 41}",2026-07-11 08:15:50.293298
198,,58,rejected,service_tickets,458,"{""status"": ""pending""}","{""status"": ""declined""}",2026-07-07 15:27:21.293298
199,,141,claimed,retention_offers,359,"{""is_claimed"": false}","{""is_claimed"": true, ""claimed_on_job_order_id"": 494}",2026-07-21 09:41:19.293298
200,,151,approved,service_tickets,439,"{""status"": ""pending""}","{""status"": ""approved""}",2026-07-12 04:33:00.293298
201,,146,claimed,retention_offers,325,"{""is_claimed"": false}","{""is_claimed"": true, ""claimed_on_job_order_id"": 331}",2026-08-04 18:53:59.293298
202,,8,logged_in,employees,8,,,2026-07-22 21:49:17.293298
203,,296,status_changed,job_orders,487,"{""status"": ""inspecting""}","{""status"": ""in_progress""}",2026-07-16 07:13:05.293298
204,,321,deleted,job_orders,34,"{""id"": 34, ""is_active"": true}",,2026-08-01 22:03:37.293298
205,,21,status_changed,job_orders,75,"{""status"": ""inspecting""}","{""status"": ""in_progress""}",2026-07-25 00:23:39.293298
206,,351,approved,service_tickets,13,"{""status"": ""pending""}","{""status"": ""approved""}",2026-07-08 05:42:22.293298
207,374,,created,vehicles,417,,"{""id"": 417, ""is_active"": true}",2026-07-20 03:16:15.293298
208,,304,approved,service_tickets,210,"{""status"": ""pending""}","{""status"": ""approved""}",2026-07-17 07:07:11.293298
209,,166,approved,service_tickets,354,"{""status"": ""pending""}","{""status"": ""approved""}",2026-07-15 07:37:39.293298
210,,84,updated,payments,13,"{""amount"": 663.77, ""record_id"": 13}","{""amount"": 1793.56, ""record_id"": 13}",2026-07-22 09:09:40.293298
211,,170,deleted,payments,165,"{""id"": 165, ""is_active"": true}",,2026-07-21 05:51:27.293298
212,,144,approved,service_tickets,415,"{""status"": ""pending""}","{""status"": ""approved""}",2026-07-21 19:08:06.293298
213,,499,rejected,service_tickets,348,"{""status"": ""pending""}","{""status"": ""declined""}",2026-07-28 11:43:08.293298
214,403,,logged_in,users,403,,,2026-07-23 06:39:27.293298
215,228,,rejected,service_tickets,112,"{""status"": ""pending""}","{""status"": ""declined""}",2026-07-12 11:15:57.293298
216,497,,logged_in,users,497,,,2026-07-27 08:41:20.293298
217,,432,claimed,retention_offers,235,"{""is_claimed"": false}","{""is_claimed"": true, ""claimed_on_job_order_id"": 385}",2026-07-11 04:48:47.293298
218,300,,rejected,service_tickets,459,"{""status"": ""pending""}","{""status"": ""declined""}",2026-08-02 19:47:27.293298
219,305,,deleted,users,186,"{""id"": 186, ""is_active"": true}",,2026-07-13 03:01:54.293298
220,393,,status_changed,job_orders,129,"{""status"": ""inspecting""}","{""status"": ""in_progress""}",2026-07-17 03:48:30.293298
221,219,,rejected,service_tickets,460,"{""status"": ""pending""}","{""status"": ""declined""}",2026-07-28 15:53:01.293298
222,213,,approved,service_tickets,484,"{""status"": ""pending""}","{""status"": ""approved""}",2026-07-25 22:19:29.293298
223,425,,approved,service_tickets,36,"{""status"": ""pending""}","{""status"": ""approved""}",2026-08-02 03:12:57.293298
224,,447,status_changed,job_orders,448,"{""status"": ""inspecting""}","{""status"": ""in_progress""}",2026-07-22 10:25:43.293298
225,,191,deleted,users,31,"{""id"": 31, ""is_active"": true}",,2026-07-15 04:36:40.293298
226,,63,created,job_orders,364,,"{""id"": 364, ""is_active"": true}",2026-07-21 10:46:35.293298
227,267,,rejected,service_tickets,301,"{""status"": ""pending""}","{""status"": ""declined""}",2026-07-08 02:27:09.293298
228,,59,status_changed,job_orders,395,"{""status"": ""inspecting""}","{""status"": ""in_progress""}",2026-07-15 05:11:53.293298
229,,429,updated,users,417,"{""amount"": 1403.00, ""record_id"": 417}","{""amount"": 2128.39, ""record_id"": 417}",2026-07-13 20:48:01.293298
230,,115,deleted,users,200,"{""id"": 200, ""is_active"": true}",,2026-07-19 22:09:20.293298
231,,303,updated,users,162,"{""amount"": 561.26, ""record_id"": 162}","{""amount"": 2451.01, ""record_id"": 162}",2026-07-17 00:11:56.293298
232,396,,logged_in,users,396,,,2026-07-13 14:17:04.293298
233,,474,deleted,payments,149,"{""id"": 149, ""is_active"": true}",,2026-07-23 01:38:40.293298
234,464,,logged_in,users,464,,,2026-07-08 14:59:27.293298
235,51,,rejected,service_tickets,70,"{""status"": ""pending""}","{""status"": ""declined""}",2026-07-29 01:32:10.293298
236,,325,updated,vehicles,232,"{""amount"": 1083.34, ""record_id"": 232}","{""amount"": 2768.74, ""record_id"": 232}",2026-08-03 06:46:26.293298
237,,95,logged_in,employees,95,,,2026-07-31 11:33:10.293298
238,,90,claimed,retention_offers,423,"{""is_claimed"": false}","{""is_claimed"": true, ""claimed_on_job_order_id"": 303}",2026-07-06 09:30:53.293298
239,,77,approved,service_tickets,196,"{""status"": ""pending""}","{""status"": ""approved""}",2026-07-29 17:34:17.293298
240,,395,rejected,service_tickets,437,"{""status"": ""pending""}","{""status"": ""declined""}",2026-07-15 04:49:31.293298
241,,31,rejected,service_tickets,418,"{""status"": ""pending""}","{""status"": ""declined""}",2026-07-23 11:48:50.293298
242,,450,claimed,retention_offers,228,"{""is_claimed"": false}","{""is_claimed"": true, ""claimed_on_job_order_id"": 243}",2026-07-17 06:06:23.293298
243,,461,logged_in,employees,461,,,2026-07-23 06:20:48.293298
244,27,,logged_in,users,27,,,2026-07-17 02:59:20.293298
245,,329,status_changed,job_orders,264,"{""status"": ""inspecting""}","{""status"": ""in_progress""}",2026-08-01 09:40:44.293298
246,,318,status_changed,job_orders,467,"{""status"": ""inspecting""}","{""status"": ""in_progress""}",2026-08-03 10:25:48.293298
247,,446,deleted,payments,359,"{""id"": 359, ""is_active"": true}",,2026-07-07 02:50:19.293298
248,,440,logged_in,employees,440,,,2026-07-31 06:55:02.293298
249,,244,logged_in,employees,244,,,2026-07-21 01:43:40.293298
250,,487,deleted,users,84,"{""id"": 84, ""is_active"": true}",,2026-07-10 21:13:41.293298
251,188,,status_changed,job_orders,344,"{""status"": ""inspecting""}","{""status"": ""in_progress""}",2026-07-28 01:46:05.293298
252,325,,created,vehicles,455,,"{""id"": 455, ""is_active"": true}",2026-07-07 02:36:08.293298
253,229,,created,job_orders,93,,"{""id"": 93, ""is_active"": true}",2026-07-24 17:41:26.293298
254,,172,created,payments,242,,"{""id"": 242, ""is_active"": true}",2026-07-09 13:34:50.293298
255,,371,updated,job_orders,108,"{""amount"": 926.60, ""record_id"": 108}","{""amount"": 3497.59, ""record_id"": 108}",2026-07-20 22:23:34.293298
256,,312,created,payments,342,,"{""id"": 342, ""is_active"": true}",2026-07-17 07:05:35.293298
257,203,,deleted,job_orders,464,"{""id"": 464, ""is_active"": true}",,2026-07-11 14:20:28.293298
258,80,,deleted,users,128,"{""id"": 128, ""is_active"": true}",,2026-08-05 02:26:58.293298
259,,384,deleted,vehicles,140,"{""id"": 140, ""is_active"": true}",,2026-07-29 10:16:07.293298
260,,171,created,payments,385,,"{""id"": 385, ""is_active"": true}",2026-07-26 23:35:15.293298
261,,116,approved,service_tickets,386,"{""status"": ""pending""}","{""status"": ""approved""}",2026-07-16 13:31:07.293298
262,,417,created,users,482,,"{""id"": 482, ""is_active"": true}",2026-08-04 16:22:35.293298
263,421,,status_changed,job_orders,488,"{""status"": ""inspecting""}","{""status"": ""in_progress""}",2026-07-29 13:25:36.293298
264,,212,status_changed,job_orders,243,"{""status"": ""inspecting""}","{""status"": ""in_progress""}",2026-07-24 04:53:49.293298
265,,349,updated,users,323,"{""amount"": 785.54, ""record_id"": 323}","{""amount"": 3337.30, ""record_id"": 323}",2026-07-23 21:01:35.293298
266,,276,created,vehicles,427,,"{""id"": 427, ""is_active"": true}",2026-07-28 17:46:49.293298
267,351,,rejected,service_tickets,125,"{""status"": ""pending""}","{""status"": ""declined""}",2026-07-11 08:37:07.293298
268,,307,logged_in,employees,307,,,2026-07-19 02:34:38.293298
269,,287,approved,service_tickets,74,"{""status"": ""pending""}","{""status"": ""approved""}",2026-07-07 15:07:10.293298
270,,261,approved,service_tickets,297,"{""status"": ""pending""}","{""status"": ""approved""}",2026-07-24 17:11:18.293298
271,,387,deleted,job_orders,106,"{""id"": 106, ""is_active"": true}",,2026-07-22 13:54:06.293298
272,,84,updated,vehicles,358,"{""amount"": 603.40, ""record_id"": 358}","{""amount"": 2264.19, ""record_id"": 358}",2026-08-03 12:12:40.293298
273,,68,logged_in,employees,68,,,2026-07-13 09:54:45.293298
274,396,,logged_in,users,396,,,2026-07-27 08:16:12.293298
275,160,,deleted,users,466,"{""id"": 466, ""is_active"": true}",,2026-07-24 19:22:53.293298
276,,445,logged_in,employees,445,,,2026-07-29 06:49:54.293298
277,,397,deleted,users,485,"{""id"": 485, ""is_active"": true}",,2026-07-18 18:46:15.293298
278,256,,rejected,service_tickets,277,"{""status"": ""pending""}","{""status"": ""declined""}",2026-07-07 23:11:15.293298
279,,169,logged_in,employees,169,,,2026-07-25 05:40:54.293298
280,432,,status_changed,job_orders,478,"{""status"": ""inspecting""}","{""status"": ""in_progress""}",2026-07-27 03:03:09.293298
281,,121,deleted,vehicles,263,"{""id"": 263, ""is_active"": true}",,2026-08-04 11:37:12.293298
282,332,,updated,users,205,"{""amount"": 1219.66, ""record_id"": 205}","{""amount"": 1552.33, ""record_id"": 205}",2026-07-23 01:00:09.293298
283,238,,claimed,retention_offers,263,"{""is_claimed"": false}","{""is_claimed"": true, ""claimed_on_job_order_id"": 64}",2026-07-19 09:19:48.293298
284,,207,created,vehicles,322,,"{""id"": 322, ""is_active"": true}",2026-07-20 20:37:20.293298
285,204,,logged_in,users,204,,,2026-07-10 15:50:25.293298
286,,324,updated,job_orders,416,"{""amount"": 595.17, ""record_id"": 416}","{""amount"": 2936.59, ""record_id"": 416}",2026-07-30 01:05:44.293298
287,,367,logged_in,employees,367,,,2026-08-04 00:08:53.293298
288,,22,created,job_orders,228,,"{""id"": 228, ""is_active"": true}",2026-07-12 10:32:13.293298
289,176,,created,payments,460,,"{""id"": 460, ""is_active"": true}",2026-07-21 07:19:55.293298
290,,343,rejected,service_tickets,425,"{""status"": ""pending""}","{""status"": ""declined""}",2026-07-10 04:27:07.293298
291,18,,rejected,service_tickets,369,"{""status"": ""pending""}","{""status"": ""declined""}",2026-07-15 10:04:37.293298
292,,141,rejected,service_tickets,305,"{""status"": ""pending""}","{""status"": ""declined""}",2026-07-21 06:10:03.293298
293,428,,status_changed,job_orders,476,"{""status"": ""inspecting""}","{""status"": ""in_progress""}",2026-08-01 03:34:55.293298
294,23,,created,users,451,,"{""id"": 451, ""is_active"": true}",2026-07-11 16:50:46.293298
295,,190,logged_in,employees,190,,,2026-07-12 05:21:12.293298
296,,91,status_changed,job_orders,257,"{""status"": ""inspecting""}","{""status"": ""in_progress""}",2026-07-30 19:22:03.293298
297,,121,logged_in,employees,121,,,2026-07-28 22:52:30.293298
298,,17,deleted,payments,3,"{""id"": 3, ""is_active"": true}",,2026-07-17 02:02:26.293298
299,,412,claimed,retention_offers,405,"{""is_claimed"": false}","{""is_claimed"": true, ""claimed_on_job_order_id"": 10}",2026-07-22 14:29:15.293298
300,200,,created,vehicles,74,,"{""id"": 74, ""is_active"": true}",2026-07-10 16:25:28.293298
301,171,,deleted,job_orders,463,"{""id"": 463, ""is_active"": true}",,2026-07-25 05:22:56.293298
302,,186,logged_in,employees,186,,,2026-07-29 12:47:04.293298
303,326,,rejected,service_tickets,418,"{""status"": ""pending""}","{""status"": ""declined""}",2026-07-08 11:17:48.293298
304,,196,created,users,436,,"{""id"": 436, ""is_active"": true}",2026-07-10 17:02:10.293298
305,61,,created,payments,421,,"{""id"": 421, ""is_active"": true}",2026-07-07 15:35:40.293298
306,,25,status_changed,job_orders,71,"{""status"": ""inspecting""}","{""status"": ""in_progress""}",2026-07-15 09:43:22.293298
307,,122,approved,service_tickets,104,"{""status"": ""pending""}","{""status"": ""approved""}",2026-07-27 12:59:24.293298
308,,396,updated,job_orders,417,"{""amount"": 1150.22, ""record_id"": 417}","{""amount"": 1562.70, ""record_id"": 417}",2026-07-21 19:32:58.293298
309,162,,logged_in,users,162,,,2026-07-07 00:11:49.293298
310,,458,claimed,retention_offers,163,"{""is_claimed"": false}","{""is_claimed"": true, ""claimed_on_job_order_id"": 185}",2026-07-28 18:29:47.293298
311,,293,logged_in,employees,293,,,2026-07-22 04:10:58.293298
312,,321,created,payments,170,,"{""id"": 170, ""is_active"": true}",2026-08-01 13:09:34.293298
313,,121,created,payments,34,,"{""id"": 34, ""is_active"": true}",2026-08-04 06:16:36.293298
314,,374,claimed,retention_offers,220,"{""is_claimed"": false}","{""is_claimed"": true, ""claimed_on_job_order_id"": 224}",2026-07-15 14:11:11.293298
315,,83,updated,vehicles,126,"{""amount"": 1161.98, ""record_id"": 126}","{""amount"": 2477.07, ""record_id"": 126}",2026-07-30 15:24:27.293298
316,422,,status_changed,job_orders,398,"{""status"": ""inspecting""}","{""status"": ""in_progress""}",2026-07-21 06:12:12.293298
317,,278,created,vehicles,17,,"{""id"": 17, ""is_active"": true}",2026-07-07 18:02:37.293298
318,,11,deleted,job_orders,224,"{""id"": 224, ""is_active"": true}",,2026-07-28 04:37:03.293298
319,32,,status_changed,job_orders,170,"{""status"": ""inspecting""}","{""status"": ""in_progress""}",2026-07-17 23:07:29.293298
320,319,,approved,service_tickets,288,"{""status"": ""pending""}","{""status"": ""approved""}",2026-07-18 05:38:57.293298
321,,117,status_changed,job_orders,409,"{""status"": ""inspecting""}","{""status"": ""in_progress""}",2026-07-07 03:57:37.293298
322,255,,created,vehicles,310,,"{""id"": 310, ""is_active"": true}",2026-07-30 08:34:00.293298
323,,313,deleted,payments,384,"{""id"": 384, ""is_active"": true}",,2026-07-29 06:24:51.293298
324,,2,status_changed,job_orders,370,"{""status"": ""inspecting""}","{""status"": ""in_progress""}",2026-07-28 15:01:52.293298
325,,442,status_changed,job_orders,196,"{""status"": ""inspecting""}","{""status"": ""in_progress""}",2026-07-30 15:52:07.293298
326,,418,updated,vehicles,107,"{""amount"": 1153.83, ""record_id"": 107}","{""amount"": 2132.04, ""record_id"": 107}",2026-07-17 19:23:51.293298
327,,415,rejected,service_tickets,27,"{""status"": ""pending""}","{""status"": ""declined""}",2026-08-01 12:30:06.293298
328,426,,logged_in,users,426,,,2026-07-21 10:44:39.293298
329,,332,deleted,users,74,"{""id"": 74, ""is_active"": true}",,2026-07-20 18:41:04.293298
330,,252,logged_in,employees,252,,,2026-07-30 21:57:59.293298
331,,258,approved,service_tickets,361,"{""status"": ""pending""}","{""status"": ""approved""}",2026-07-22 00:37:24.293298
332,,456,created,vehicles,482,,"{""id"": 482, ""is_active"": true}",2026-07-16 05:22:55.293298
333,,217,created,vehicles,119,,"{""id"": 119, ""is_active"": true}",2026-07-24 20:38:21.293298
334,173,,claimed,retention_offers,383,"{""is_claimed"": false}","{""is_claimed"": true, ""claimed_on_job_order_id"": 481}",2026-07-20 22:36:50.293298
335,,393,approved,service_tickets,472,"{""status"": ""pending""}","{""status"": ""approved""}",2026-07-14 15:30:24.293298
336,,295,rejected,service_tickets,17,"{""status"": ""pending""}","{""status"": ""declined""}",2026-07-11 02:30:12.293298
337,,142,logged_in,employees,142,,,2026-07-15 03:22:14.293298
338,234,,status_changed,job_orders,81,"{""status"": ""inspecting""}","{""status"": ""in_progress""}",2026-07-29 08:04:52.293298
339,,467,approved,service_tickets,462,"{""status"": ""pending""}","{""status"": ""approved""}",2026-07-26 14:01:04.293298
340,281,,approved,service_tickets,210,"{""status"": ""pending""}","{""status"": ""approved""}",2026-07-26 01:02:11.293298
341,157,,created,payments,399,,"{""id"": 399, ""is_active"": true}",2026-07-21 03:27:01.293298
342,,164,status_changed,job_orders,441,"{""status"": ""inspecting""}","{""status"": ""in_progress""}",2026-08-03 15:24:29.293298
343,,10,claimed,retention_offers,483,"{""is_claimed"": false}","{""is_claimed"": true, ""claimed_on_job_order_id"": 20}",2026-08-01 15:21:42.293298
344,,94,updated,payments,318,"{""amount"": 760.88, ""record_id"": 318}","{""amount"": 2799.03, ""record_id"": 318}",2026-07-25 05:03:25.293298
345,,262,rejected,service_tickets,359,"{""status"": ""pending""}","{""status"": ""declined""}",2026-07-23 21:53:23.293298
346,106,,logged_in,users,106,,,2026-07-30 18:17:34.293298
347,484,,created,payments,371,,"{""id"": 371, ""is_active"": true}",2026-07-08 18:24:17.293298
348,77,,approved,service_tickets,60,"{""status"": ""pending""}","{""status"": ""approved""}",2026-07-26 20:42:17.293298
349,,167,claimed,retention_offers,282,"{""is_claimed"": false}","{""is_claimed"": true, ""claimed_on_job_order_id"": 325}",2026-07-13 01:46:38.293298
350,,61,deleted,job_orders,71,"{""id"": 71, ""is_active"": true}",,2026-08-03 04:58:57.293298
351,,264,logged_in,employees,264,,,2026-07-12 12:31:25.293298
352,,130,deleted,vehicles,428,"{""id"": 428, ""is_active"": true}",,2026-07-18 01:15:36.293298
353,470,,created,job_orders,384,,"{""id"": 384, ""is_active"": true}",2026-07-21 07:48:51.293298
354,,374,rejected,service_tickets,52,"{""status"": ""pending""}","{""status"": ""declined""}",2026-07-19 20:29:14.293298
355,,443,created,users,255,,"{""id"": 255, ""is_active"": true}",2026-07-26 07:09:22.293298
356,14,,logged_in,users,14,,,2026-07-19 15:38:09.293298
357,,326,claimed,retention_offers,384,"{""is_claimed"": false}","{""is_claimed"": true, ""claimed_on_job_order_id"": 326}",2026-07-10 15:09:43.293298
358,,473,updated,job_orders,327,"{""amount"": 1317.78, ""record_id"": 327}","{""amount"": 3202.01, ""record_id"": 327}",2026-07-20 20:12:38.293298
359,,238,created,job_orders,392,,"{""id"": 392, ""is_active"": true}",2026-07-15 18:12:09.293298
360,,15,status_changed,job_orders,71,"{""status"": ""inspecting""}","{""status"": ""in_progress""}",2026-07-31 05:34:35.293298
361,61,,updated,users,174,"{""amount"": 789.99, ""record_id"": 174}","{""amount"": 2458.18, ""record_id"": 174}",2026-07-14 16:04:36.293298
362,,34,updated,vehicles,358,"{""amount"": 828.98, ""record_id"": 358}","{""amount"": 2381.10, ""record_id"": 358}",2026-07-09 12:24:02.293298
363,,237,created,job_orders,64,,"{""id"": 64, ""is_active"": true}",2026-07-19 17:25:46.293298
364,,328,updated,vehicles,450,"{""amount"": 1093.62, ""record_id"": 450}","{""amount"": 2171.87, ""record_id"": 450}",2026-07-15 06:14:10.293298
365,,151,created,vehicles,179,,"{""id"": 179, ""is_active"": true}",2026-07-25 05:26:02.293298
366,,101,rejected,service_tickets,488,"{""status"": ""pending""}","{""status"": ""declined""}",2026-07-30 12:26:32.293298
367,,352,approved,service_tickets,178,"{""status"": ""pending""}","{""status"": ""approved""}",2026-07-23 20:22:23.293298
368,,399,created,payments,2,,"{""id"": 2, ""is_active"": true}",2026-07-12 08:39:54.293298
369,,352,claimed,retention_offers,345,"{""is_claimed"": false}","{""is_claimed"": true, ""claimed_on_job_order_id"": 368}",2026-07-15 11:11:11.293298
370,,459,updated,job_orders,343,"{""amount"": 729.82, ""record_id"": 343}","{""amount"": 1579.94, ""record_id"": 343}",2026-07-12 11:19:57.293298
371,160,,logged_in,users,160,,,2026-08-03 15:46:33.293298
372,,330,claimed,retention_offers,171,"{""is_claimed"": false}","{""is_claimed"": true, ""claimed_on_job_order_id"": 308}",2026-07-10 18:22:27.293298
373,,12,approved,service_tickets,208,"{""status"": ""pending""}","{""status"": ""approved""}",2026-07-23 01:37:04.293298
374,370,,status_changed,job_orders,10,"{""status"": ""inspecting""}","{""status"": ""in_progress""}",2026-07-07 03:40:51.293298
375,,417,rejected,service_tickets,387,"{""status"": ""pending""}","{""status"": ""declined""}",2026-07-23 02:12:23.293298
376,141,,claimed,retention_offers,357,"{""is_claimed"": false}","{""is_claimed"": true, ""claimed_on_job_order_id"": 300}",2026-07-08 05:45:18.293298
377,,50,deleted,vehicles,169,"{""id"": 169, ""is_active"": true}",,2026-07-26 19:58:30.293298
378,,237,rejected,service_tickets,412,"{""status"": ""pending""}","{""status"": ""declined""}",2026-08-02 09:50:14.293298
379,129,,approved,service_tickets,253,"{""status"": ""pending""}","{""status"": ""approved""}",2026-07-10 23:05:26.293298
380,40,,status_changed,job_orders,207,"{""status"": ""inspecting""}","{""status"": ""in_progress""}",2026-07-16 08:54:03.293298
381,,464,approved,service_tickets,497,"{""status"": ""pending""}","{""status"": ""approved""}",2026-07-07 10:37:37.293298
382,457,,rejected,service_tickets,204,"{""status"": ""pending""}","{""status"": ""declined""}",2026-07-25 15:54:15.293298
383,,250,updated,users,303,"{""amount"": 1391.42, ""record_id"": 303}","{""amount"": 3013.06, ""record_id"": 303}",2026-07-22 07:43:55.293298
384,,30,logged_in,employees,30,,,2026-07-24 04:11:44.293298
385,,329,claimed,retention_offers,19,"{""is_claimed"": false}","{""is_claimed"": true, ""claimed_on_job_order_id"": 343}",2026-07-23 19:39:10.293298
386,,30,rejected,service_tickets,334,"{""status"": ""pending""}","{""status"": ""declined""}",2026-07-09 17:52:06.293298
387,,370,deleted,job_orders,204,"{""id"": 204, ""is_active"": true}",,2026-08-04 06:26:47.293298
388,401,,updated,job_orders,452,"{""amount"": 1145.40, ""record_id"": 452}","{""amount"": 2303.94, ""record_id"": 452}",2026-07-17 16:09:31.293298
389,,480,rejected,service_tickets,359,"{""status"": ""pending""}","{""status"": ""declined""}",2026-07-07 03:31:04.293298
390,185,,created,payments,220,,"{""id"": 220, ""is_active"": true}",2026-07-30 22:36:11.293298
391,,46,approved,service_tickets,124,"{""status"": ""pending""}","{""status"": ""approved""}",2026-07-22 09:15:26.293298
392,,150,updated,payments,140,"{""amount"": 855.68, ""record_id"": 140}","{""amount"": 2081.15, ""record_id"": 140}",2026-07-10 03:03:24.293298
393,81,,deleted,vehicles,244,"{""id"": 244, ""is_active"": true}",,2026-07-22 08:32:12.293298
394,,104,claimed,retention_offers,94,"{""is_claimed"": false}","{""is_claimed"": true, ""claimed_on_job_order_id"": 58}",2026-07-16 21:40:45.293298
395,,474,claimed,retention_offers,24,"{""is_claimed"": false}","{""is_claimed"": true, ""claimed_on_job_order_id"": 45}",2026-07-17 08:53:43.293298
396,,258,deleted,job_orders,151,"{""id"": 151, ""is_active"": true}",,2026-07-11 18:32:59.293298
397,,428,deleted,users,7,"{""id"": 7, ""is_active"": true}",,2026-07-29 21:40:36.293298
398,,346,created,users,253,,"{""id"": 253, ""is_active"": true}",2026-07-09 03:11:20.293298
399,,35,approved,service_tickets,135,"{""status"": ""pending""}","{""status"": ""approved""}",2026-07-17 18:10:26.293298
400,,363,created,payments,39,,"{""id"": 39, ""is_active"": true}",2026-07-13 06:42:16.293298
401,482,,approved,service_tickets,388,"{""status"": ""pending""}","{""status"": ""approved""}",2026-07-10 03:07:59.293298
402,133,,deleted,users,203,"{""id"": 203, ""is_active"": true}",,2026-07-19 15:08:34.293298
403,,366,status_changed,job_orders,296,"{""status"": ""inspecting""}","{""status"": ""in_progress""}",2026-07-22 01:24:54.293298
404,208,,approved,service_tickets,12,"{""status"": ""pending""}","{""status"": ""approved""}",2026-07-22 12:11:52.293298
405,499,,rejected,service_tickets,258,"{""status"": ""pending""}","{""status"": ""declined""}",2026-07-22 16:58:17.293298
406,,379,claimed,retention_offers,30,"{""is_claimed"": false}","{""is_claimed"": true, ""claimed_on_job_order_id"": 193}",2026-07-25 19:27:28.293298
407,,463,deleted,payments,413,"{""id"": 413, ""is_active"": true}",,2026-07-22 21:56:46.293298
408,,280,created,payments,325,,"{""id"": 325, ""is_active"": true}",2026-07-08 21:01:44.293298
409,,428,claimed,retention_offers,134,"{""is_claimed"": false}","{""is_claimed"": true, ""claimed_on_job_order_id"": 283}",2026-07-21 06:38:33.293298
410,,215,approved,service_tickets,447,"{""status"": ""pending""}","{""status"": ""approved""}",2026-07-22 16:50:17.293298
411,,202,deleted,job_orders,143,"{""id"": 143, ""is_active"": true}",,2026-08-03 14:02:59.293298
412,,453,logged_in,employees,453,,,2026-08-03 08:29:34.293298
413,,257,status_changed,job_orders,32,"{""status"": ""inspecting""}","{""status"": ""in_progress""}",2026-07-26 22:21:46.293298
414,,328,created,job_orders,418,,"{""id"": 418, ""is_active"": true}",2026-07-12 20:34:31.293298
415,,21,rejected,service_tickets,255,"{""status"": ""pending""}","{""status"": ""declined""}",2026-07-24 17:17:20.293298
416,,157,claimed,retention_offers,46,"{""is_claimed"": false}","{""is_claimed"": true, ""claimed_on_job_order_id"": 304}",2026-08-02 15:48:59.293298
417,,202,rejected,service_tickets,302,"{""status"": ""pending""}","{""status"": ""declined""}",2026-08-02 20:27:02.293298
418,,420,status_changed,job_orders,73,"{""status"": ""inspecting""}","{""status"": ""in_progress""}",2026-07-20 01:09:32.293298
419,,405,logged_in,employees,405,,,2026-07-13 20:16:18.293298
420,,454,status_changed,job_orders,193,"{""status"": ""inspecting""}","{""status"": ""in_progress""}",2026-07-12 19:30:34.293298
421,,334,rejected,service_tickets,166,"{""status"": ""pending""}","{""status"": ""declined""}",2026-07-24 08:11:24.293298
422,,67,rejected,service_tickets,444,"{""status"": ""pending""}","{""status"": ""declined""}",2026-07-16 22:44:25.293298
423,,352,logged_in,employees,352,,,2026-08-03 02:03:15.293298
424,,439,updated,payments,476,"{""amount"": 795.30, ""record_id"": 476}","{""amount"": 1941.19, ""record_id"": 476}",2026-07-17 11:23:34.293298
425,,273,status_changed,job_orders,372,"{""status"": ""inspecting""}","{""status"": ""in_progress""}",2026-08-01 16:42:48.293298
426,,416,deleted,job_orders,416,"{""id"": 416, ""is_active"": true}",,2026-07-25 18:35:01.293298
427,,87,updated,payments,151,"{""amount"": 1371.64, ""record_id"": 151}","{""amount"": 1506.59, ""record_id"": 151}",2026-07-20 08:39:54.293298
428,410,,approved,service_tickets,413,"{""status"": ""pending""}","{""status"": ""approved""}",2026-07-28 17:13:26.293298
429,,462,claimed,retention_offers,428,"{""is_claimed"": false}","{""is_claimed"": true, ""claimed_on_job_order_id"": 401}",2026-07-08 13:01:01.293298
430,,208,claimed,retention_offers,65,"{""is_claimed"": false}","{""is_claimed"": true, ""claimed_on_job_order_id"": 85}",2026-07-26 19:22:44.293298
431,20,,created,vehicles,156,,"{""id"": 156, ""is_active"": true}",2026-07-23 12:56:44.293298
432,161,,created,job_orders,200,,"{""id"": 200, ""is_active"": true}",2026-08-02 07:00:40.293298
433,197,,status_changed,job_orders,177,"{""status"": ""inspecting""}","{""status"": ""in_progress""}",2026-07-16 11:37:25.293298
434,,139,deleted,job_orders,177,"{""id"": 177, ""is_active"": true}",,2026-07-12 06:39:59.293298
435,,155,approved,service_tickets,334,"{""status"": ""pending""}","{""status"": ""approved""}",2026-07-12 04:47:30.293298
436,,389,rejected,service_tickets,241,"{""status"": ""pending""}","{""status"": ""declined""}",2026-07-20 21:40:31.293298
437,,493,logged_in,employees,493,,,2026-07-23 23:37:08.293298
438,,231,updated,payments,384,"{""amount"": 1486.90, ""record_id"": 384}","{""amount"": 3402.27, ""record_id"": 384}",2026-07-18 06:54:14.293298
439,,136,rejected,service_tickets,466,"{""status"": ""pending""}","{""status"": ""declined""}",2026-07-21 04:38:40.293298
440,,446,claimed,retention_offers,248,"{""is_claimed"": false}","{""is_claimed"": true, ""claimed_on_job_order_id"": 244}",2026-07-30 08:12:20.293298
441,,251,rejected,service_tickets,338,"{""status"": ""pending""}","{""status"": ""declined""}",2026-07-17 02:08:56.293298
442,279,,claimed,retention_offers,193,"{""is_claimed"": false}","{""is_claimed"": true, ""claimed_on_job_order_id"": 455}",2026-07-16 12:38:44.293298
443,,447,approved,service_tickets,357,"{""status"": ""pending""}","{""status"": ""approved""}",2026-07-15 00:32:23.293298
444,,317,approved,service_tickets,137,"{""status"": ""pending""}","{""status"": ""approved""}",2026-07-16 20:43:53.293298
445,,191,logged_in,employees,191,,,2026-07-09 05:50:42.293298
446,239,,approved,service_tickets,38,"{""status"": ""pending""}","{""status"": ""approved""}",2026-07-30 21:54:07.293298
447,,467,updated,job_orders,374,"{""amount"": 1486.92, ""record_id"": 374}","{""amount"": 3458.92, ""record_id"": 374}",2026-07-28 09:34:00.293298
448,,44,status_changed,job_orders,218,"{""status"": ""inspecting""}","{""status"": ""in_progress""}",2026-07-30 05:07:38.293298
449,210,,rejected,service_tickets,110,"{""status"": ""pending""}","{""status"": ""declined""}",2026-07-13 18:12:55.293298
450,,66,logged_in,employees,66,,,2026-07-25 19:21:50.293298
451,,490,created,payments,10,,"{""id"": 10, ""is_active"": true}",2026-07-09 02:24:23.293298
452,412,,updated,vehicles,208,"{""amount"": 695.15, ""record_id"": 208}","{""amount"": 3262.50, ""record_id"": 208}",2026-07-23 11:20:12.293298
453,,360,logged_in,employees,360,,,2026-07-24 15:37:24.293298
454,,257,updated,vehicles,336,"{""amount"": 669.00, ""record_id"": 336}","{""amount"": 2474.57, ""record_id"": 336}",2026-07-15 15:02:23.293298
455,,334,rejected,service_tickets,468,"{""status"": ""pending""}","{""status"": ""declined""}",2026-07-16 14:19:26.293298
456,,471,logged_in,employees,471,,,2026-07-22 07:07:07.293298
457,160,,rejected,service_tickets,30,"{""status"": ""pending""}","{""status"": ""declined""}",2026-07-17 08:56:08.293298
458,,90,updated,users,116,"{""amount"": 1019.51, ""record_id"": 116}","{""amount"": 3307.33, ""record_id"": 116}",2026-07-20 10:40:47.293298
459,,82,status_changed,job_orders,15,"{""status"": ""inspecting""}","{""status"": ""in_progress""}",2026-07-28 23:16:19.293298
460,,11,created,job_orders,39,,"{""id"": 39, ""is_active"": true}",2026-07-30 07:53:17.293298
461,218,,claimed,retention_offers,249,"{""is_claimed"": false}","{""is_claimed"": true, ""claimed_on_job_order_id"": 403}",2026-07-13 05:02:21.293298
462,,363,claimed,retention_offers,129,"{""is_claimed"": false}","{""is_claimed"": true, ""claimed_on_job_order_id"": 57}",2026-07-08 23:42:09.293298
463,,419,created,vehicles,274,,"{""id"": 274, ""is_active"": true}",2026-07-22 05:58:28.293298
464,,170,rejected,service_tickets,64,"{""status"": ""pending""}","{""status"": ""declined""}",2026-07-30 21:41:17.293298
465,,318,approved,service_tickets,298,"{""status"": ""pending""}","{""status"": ""approved""}",2026-07-19 00:52:36.293298
466,,288,logged_in,employees,288,,,2026-07-20 15:36:08.293298
467,,453,status_changed,job_orders,56,"{""status"": ""inspecting""}","{""status"": ""in_progress""}",2026-07-30 22:10:55.293298
468,70,,status_changed,job_orders,186,"{""status"": ""inspecting""}","{""status"": ""in_progress""}",2026-07-10 10:00:22.293298
469,,49,created,payments,491,,"{""id"": 491, ""is_active"": true}",2026-07-11 10:13:25.293298
470,,327,created,payments,278,,"{""id"": 278, ""is_active"": true}",2026-07-11 00:58:51.293298
471,,154,status_changed,job_orders,144,"{""status"": ""inspecting""}","{""status"": ""in_progress""}",2026-07-11 19:43:59.293298
472,,301,claimed,retention_offers,63,"{""is_claimed"": false}","{""is_claimed"": true, ""claimed_on_job_order_id"": 175}",2026-07-13 16:24:51.293298
473,,353,status_changed,job_orders,69,"{""status"": ""inspecting""}","{""status"": ""in_progress""}",2026-07-12 09:57:13.293298
474,177,,updated,vehicles,206,"{""amount"": 999.25, ""record_id"": 206}","{""amount"": 3240.58, ""record_id"": 206}",2026-07-16 11:25:28.293298
475,170,,deleted,vehicles,59,"{""id"": 59, ""is_active"": true}",,2026-07-16 15:30:19.293298
476,,473,updated,job_orders,372,"{""amount"": 1232.94, ""record_id"": 372}","{""amount"": 2910.83, ""record_id"": 372}",2026-07-09 01:59:44.293298
477,,392,approved,service_tickets,351,"{""status"": ""pending""}","{""status"": ""approved""}",2026-07-14 21:09:34.293298
478,98,,logged_in,users,98,,,2026-07-28 10:45:13.293298
479,,27,rejected,service_tickets,283,"{""status"": ""pending""}","{""status"": ""declined""}",2026-07-16 21:03:37.293298
480,181,,deleted,users,143,"{""id"": 143, ""is_active"": true}",,2026-07-07 14:24:47.293298
481,,357,logged_in,employees,357,,,2026-07-29 00:18:24.293298
482,274,,deleted,vehicles,368,"{""id"": 368, ""is_active"": true}",,2026-07-16 09:39:17.293298
483,,463,rejected,service_tickets,474,"{""status"": ""pending""}","{""status"": ""declined""}",2026-07-21 01:12:18.293298
484,,203,updated,job_orders,92,"{""amount"": 1225.93, ""record_id"": 92}","{""amount"": 2469.04, ""record_id"": 92}",2026-07-28 11:44:58.293298
485,,323,deleted,payments,161,"{""id"": 161, ""is_active"": true}",,2026-08-01 06:22:37.293298
486,400,,claimed,retention_offers,157,"{""is_claimed"": false}","{""is_claimed"": true, ""claimed_on_job_order_id"": 342}",2026-07-30 12:28:07.293298
487,33,,claimed,retention_offers,55,"{""is_claimed"": false}","{""is_claimed"": true, ""claimed_on_job_order_id"": 256}",2026-07-08 02:34:43.293298
488,128,,approved,service_tickets,152,"{""status"": ""pending""}","{""status"": ""approved""}",2026-07-26 22:52:51.293298
489,344,,rejected,service_tickets,62,"{""status"": ""pending""}","{""status"": ""declined""}",2026-07-28 21:46:43.293298
490,248,,logged_in,users,248,,,2026-07-29 09:33:31.293298
491,21,,logged_in,users,21,,,2026-07-09 23:28:16.293298
492,467,,claimed,retention_offers,122,"{""is_claimed"": false}","{""is_claimed"": true, ""claimed_on_job_order_id"": 312}",2026-07-16 20:46:24.293298
493,368,,approved,service_tickets,423,"{""status"": ""pending""}","{""status"": ""approved""}",2026-08-01 22:17:22.293298
494,,386,updated,payments,492,"{""amount"": 1353.76, ""record_id"": 492}","{""amount"": 3054.60, ""record_id"": 492}",2026-07-29 19:41:32.293298
495,,246,approved,service_tickets,433,"{""status"": ""pending""}","{""status"": ""approved""}",2026-07-22 01:19:08.293298
496,,173,rejected,service_tickets,122,"{""status"": ""pending""}","{""status"": ""declined""}",2026-07-14 02:45:42.293298
497,,428,rejected,service_tickets,264,"{""status"": ""pending""}","{""status"": ""declined""}",2026-07-11 06:59:39.293298
498,,327,status_changed,job_orders,25,"{""status"": ""inspecting""}","{""status"": ""in_progress""}",2026-07-23 03:35:38.293298
499,,385,status_changed,job_orders,429,"{""status"": ""inspecting""}","{""status"": ""in_progress""}",2026-07-07 20:57:33.293298
500,230,,created,vehicles,170,,"{""id"": 170, ""is_active"": true}",2026-08-04 04:18:12.293298
501,,496,created,payments,95,,"{""id"": 95, ""is_active"": true}",2026-08-01 04:00:39.293298
502,,484,approved,service_tickets,264,"{""status"": ""pending""}","{""status"": ""approved""}",2026-07-17 14:08:55.293298
503,,298,updated,job_orders,499,"{""amount"": 537.76, ""record_id"": 499}","{""amount"": 3259.45, ""record_id"": 499}",2026-07-17 02:59:23.293298
504,,406,deleted,users,257,"{""id"": 257, ""is_active"": true}",,2026-07-19 14:37:57.293298
505,,7,created,users,441,,"{""id"": 441, ""is_active"": true}",2026-07-27 05:39:55.293298
506,,275,logged_in,employees,275,,,2026-07-09 11:09:15.293298
507,,306,deleted,job_orders,170,"{""id"": 170, ""is_active"": true}",,2026-07-10 07:46:48.293298
508,,314,rejected,service_tickets,498,"{""status"": ""pending""}","{""status"": ""declined""}",2026-07-24 13:09:18.293298
509,,172,logged_in,employees,172,,,2026-07-18 12:41:40.293298
510,,455,deleted,users,401,"{""id"": 401, ""is_active"": true}",,2026-07-19 19:25:44.293298
511,,470,updated,users,165,"{""amount"": 1074.39, ""record_id"": 165}","{""amount"": 1753.22, ""record_id"": 165}",2026-08-03 08:26:28.293298
512,,345,rejected,service_tickets,296,"{""status"": ""pending""}","{""status"": ""declined""}",2026-07-06 17:41:59.293298
513,,299,rejected,service_tickets,404,"{""status"": ""pending""}","{""status"": ""declined""}",2026-07-12 19:16:22.293298
514,,171,rejected,service_tickets,280,"{""status"": ""pending""}","{""status"": ""declined""}",2026-07-24 09:44:10.293298
515,,430,status_changed,job_orders,213,"{""status"": ""inspecting""}","{""status"": ""in_progress""}",2026-07-12 04:25:38.293298
516,,186,rejected,service_tickets,495,"{""status"": ""pending""}","{""status"": ""declined""}",2026-07-21 13:07:39.293298
517,76,,created,users,372,,"{""id"": 372, ""is_active"": true}",2026-08-03 05:19:20.293298
518,,105,approved,service_tickets,258,"{""status"": ""pending""}","{""status"": ""approved""}",2026-07-31 12:40:53.293298
519,420,,deleted,job_orders,378,"{""id"": 378, ""is_active"": true}",,2026-07-17 22:26:49.293298
520,,422,status_changed,job_orders,476,"{""status"": ""inspecting""}","{""status"": ""in_progress""}",2026-07-29 11:01:04.293298
521,,231,logged_in,employees,231,,,2026-08-02 15:55:31.293298
522,,1,status_changed,job_orders,62,"{""status"": ""inspecting""}","{""status"": ""in_progress""}",2026-07-30 13:42:59.293298
523,,231,logged_in,employees,231,,,2026-07-23 10:23:15.293298
524,,430,logged_in,employees,430,,,2026-07-29 11:08:56.293298
525,121,,deleted,users,363,"{""id"": 363, ""is_active"": true}",,2026-08-04 15:48:14.293298
526,,401,deleted,users,452,"{""id"": 452, ""is_active"": true}",,2026-07-17 06:04:04.293298
527,,91,claimed,retention_offers,55,"{""is_claimed"": false}","{""is_claimed"": true, ""claimed_on_job_order_id"": 37}",2026-07-16 10:06:37.293298
528,,292,deleted,job_orders,312,"{""id"": 312, ""is_active"": true}",,2026-08-01 03:50:08.293298
529,,68,logged_in,employees,68,,,2026-07-20 14:06:43.293298
530,,461,claimed,retention_offers,56,"{""is_claimed"": false}","{""is_claimed"": true, ""claimed_on_job_order_id"": 309}",2026-07-29 17:34:43.293298
531,,5,logged_in,employees,5,,,2026-07-14 01:54:03.293298
532,152,,logged_in,users,152,,,2026-07-24 07:01:28.293298
533,,149,status_changed,job_orders,404,"{""status"": ""inspecting""}","{""status"": ""in_progress""}",2026-07-20 23:05:07.293298
534,149,,approved,service_tickets,401,"{""status"": ""pending""}","{""status"": ""approved""}",2026-07-24 02:40:39.293298
535,,277,logged_in,employees,277,,,2026-08-01 19:46:26.293298
536,80,,created,job_orders,271,,"{""id"": 271, ""is_active"": true}",2026-07-23 20:12:15.293298
537,,203,rejected,service_tickets,426,"{""status"": ""pending""}","{""status"": ""declined""}",2026-07-20 22:10:06.293298
538,,63,claimed,retention_offers,128,"{""is_claimed"": false}","{""is_claimed"": true, ""claimed_on_job_order_id"": 107}",2026-07-23 21:43:49.293298
539,,243,updated,job_orders,14,"{""amount"": 1239.60, ""record_id"": 14}","{""amount"": 2320.68, ""record_id"": 14}",2026-07-22 08:25:34.293298
540,459,,status_changed,job_orders,430,"{""status"": ""inspecting""}","{""status"": ""in_progress""}",2026-07-28 19:35:38.293298
541,,225,deleted,users,55,"{""id"": 55, ""is_active"": true}",,2026-07-15 02:58:07.293298
542,,20,status_changed,job_orders,83,"{""status"": ""inspecting""}","{""status"": ""in_progress""}",2026-07-14 17:37:15.293298
543,268,,created,users,297,,"{""id"": 297, ""is_active"": true}",2026-08-02 01:12:49.293298
544,,292,logged_in,employees,292,,,2026-08-04 17:44:48.293298
545,,446,updated,vehicles,416,"{""amount"": 682.16, ""record_id"": 416}","{""amount"": 2755.49, ""record_id"": 416}",2026-07-09 16:40:01.293298
546,495,,status_changed,job_orders,460,"{""status"": ""inspecting""}","{""status"": ""in_progress""}",2026-07-10 01:52:41.293298
547,,324,status_changed,job_orders,158,"{""status"": ""inspecting""}","{""status"": ""in_progress""}",2026-08-04 13:01:19.293298
548,,9,claimed,retention_offers,129,"{""is_claimed"": false}","{""is_claimed"": true, ""claimed_on_job_order_id"": 471}",2026-08-03 23:48:58.293298
549,,206,status_changed,job_orders,335,"{""status"": ""inspecting""}","{""status"": ""in_progress""}",2026-07-06 18:55:36.293298
550,,11,created,vehicles,281,,"{""id"": 281, ""is_active"": true}",2026-07-17 23:39:17.293298
551,,1,updated,job_orders,187,"{""amount"": 565.89, ""record_id"": 187}","{""amount"": 2510.38, ""record_id"": 187}",2026-07-08 03:43:50.293298
552,300,,created,users,485,,"{""id"": 485, ""is_active"": true}",2026-07-09 18:54:57.293298
553,,53,logged_in,employees,53,,,2026-07-29 19:57:22.293298
554,,189,logged_in,employees,189,,,2026-07-28 21:28:44.293298
555,,436,claimed,retention_offers,240,"{""is_claimed"": false}","{""is_claimed"": true, ""claimed_on_job_order_id"": 184}",2026-08-01 18:37:54.293298
556,,430,deleted,payments,225,"{""id"": 225, ""is_active"": true}",,2026-07-29 21:29:55.293298
557,,268,updated,payments,444,"{""amount"": 518.20, ""record_id"": 444}","{""amount"": 2403.27, ""record_id"": 444}",2026-07-26 18:36:47.293298
558,466,,logged_in,users,466,,,2026-07-11 15:31:42.293298
559,,145,claimed,retention_offers,161,"{""is_claimed"": false}","{""is_claimed"": true, ""claimed_on_job_order_id"": 461}",2026-08-01 18:58:37.293298
560,156,,approved,service_tickets,150,"{""status"": ""pending""}","{""status"": ""approved""}",2026-07-25 03:27:22.293298
561,,181,approved,service_tickets,215,"{""status"": ""pending""}","{""status"": ""approved""}",2026-07-19 11:43:33.293298
562,405,,rejected,service_tickets,458,"{""status"": ""pending""}","{""status"": ""declined""}",2026-07-06 17:24:27.293298
563,463,,status_changed,job_orders,82,"{""status"": ""inspecting""}","{""status"": ""in_progress""}",2026-07-29 10:42:11.293298
564,,45,claimed,retention_offers,20,"{""is_claimed"": false}","{""is_claimed"": true, ""claimed_on_job_order_id"": 473}",2026-07-26 10:37:53.293298
565,,379,created,job_orders,5,,"{""id"": 5, ""is_active"": true}",2026-07-21 23:12:18.293298
566,,381,logged_in,employees,381,,,2026-07-17 17:03:48.293298
567,,299,claimed,retention_offers,117,"{""is_claimed"": false}","{""is_claimed"": true, ""claimed_on_job_order_id"": 490}",2026-08-01 18:21:59.293298
568,228,,deleted,users,404,"{""id"": 404, ""is_active"": true}",,2026-07-27 18:23:29.293298
569,,109,rejected,service_tickets,278,"{""status"": ""pending""}","{""status"": ""declined""}",2026-07-10 06:46:40.293298
570,,166,approved,service_tickets,436,"{""status"": ""pending""}","{""status"": ""approved""}",2026-07-22 03:48:10.293298
571,55,,claimed,retention_offers,427,"{""is_claimed"": false}","{""is_claimed"": true, ""claimed_on_job_order_id"": 169}",2026-07-23 15:47:20.293298
572,,226,logged_in,employees,226,,,2026-07-08 16:12:34.293298
573,,344,deleted,users,433,"{""id"": 433, ""is_active"": true}",,2026-08-05 01:53:05.293298
574,,399,rejected,service_tickets,16,"{""status"": ""pending""}","{""status"": ""declined""}",2026-07-25 05:55:58.293298
575,128,,logged_in,users,128,,,2026-07-15 04:30:46.293298
576,280,,claimed,retention_offers,40,"{""is_claimed"": false}","{""is_claimed"": true, ""claimed_on_job_order_id"": 446}",2026-07-30 20:34:00.293298
577,,408,deleted,job_orders,14,"{""id"": 14, ""is_active"": true}",,2026-07-15 02:49:32.293298
578,,248,logged_in,employees,248,,,2026-07-24 15:59:16.293298
579,,127,deleted,payments,183,"{""id"": 183, ""is_active"": true}",,2026-07-23 21:08:56.293298
580,,31,rejected,service_tickets,104,"{""status"": ""pending""}","{""status"": ""declined""}",2026-07-16 14:34:27.293298
581,181,,rejected,service_tickets,226,"{""status"": ""pending""}","{""status"": ""declined""}",2026-07-13 10:39:13.293298
582,,253,approved,service_tickets,472,"{""status"": ""pending""}","{""status"": ""approved""}",2026-07-12 06:18:30.293298
583,,478,approved,service_tickets,49,"{""status"": ""pending""}","{""status"": ""approved""}",2026-07-29 22:57:29.293298
584,,176,approved,service_tickets,359,"{""status"": ""pending""}","{""status"": ""approved""}",2026-07-22 22:48:43.293298
585,,164,deleted,vehicles,499,"{""id"": 499, ""is_active"": true}",,2026-07-09 15:46:20.293298
586,,88,claimed,retention_offers,276,"{""is_claimed"": false}","{""is_claimed"": true, ""claimed_on_job_order_id"": 346}",2026-07-11 21:40:04.293298
587,,75,logged_in,employees,75,,,2026-07-16 10:26:46.293298
588,,146,claimed,retention_offers,386,"{""is_claimed"": false}","{""is_claimed"": true, ""claimed_on_job_order_id"": 385}",2026-08-05 01:10:25.293298
589,,409,rejected,service_tickets,167,"{""status"": ""pending""}","{""status"": ""declined""}",2026-08-01 08:17:06.293298
590,,385,rejected,service_tickets,430,"{""status"": ""pending""}","{""status"": ""declined""}",2026-07-27 00:19:45.293298
591,6,,created,payments,459,,"{""id"": 459, ""is_active"": true}",2026-07-13 05:55:54.293298
592,,240,rejected,service_tickets,74,"{""status"": ""pending""}","{""status"": ""declined""}",2026-07-30 09:45:18.293298
593,,361,logged_in,employees,361,,,2026-07-16 17:18:12.293298
594,,175,deleted,users,278,"{""id"": 278, ""is_active"": true}",,2026-07-17 03:09:17.293298
595,,176,approved,service_tickets,181,"{""status"": ""pending""}","{""status"": ""approved""}",2026-07-08 05:02:06.293298
596,211,,logged_in,users,211,,,2026-07-29 06:20:58.293298
597,,458,status_changed,job_orders,381,"{""status"": ""inspecting""}","{""status"": ""in_progress""}",2026-07-16 22:03:19.293298
598,,337,status_changed,job_orders,271,"{""status"": ""inspecting""}","{""status"": ""in_progress""}",2026-07-16 00:13:53.293298
599,221,,rejected,service_tickets,267,"{""status"": ""pending""}","{""status"": ""declined""}",2026-07-22 20:45:54.293298
600,,331,deleted,job_orders,304,"{""id"": 304, ""is_active"": true}",,2026-07-18 02:31:39.293298
601,,220,claimed,retention_offers,235,"{""is_claimed"": false}","{""is_claimed"": true, ""claimed_on_job_order_id"": 461}",2026-07-13 04:21:33.293298
602,,39,updated,job_orders,418,"{""amount"": 1181.88, ""record_id"": 418}","{""amount"": 2209.15, ""record_id"": 418}",2026-07-19 11:49:44.293298
603,301,,deleted,users,358,"{""id"": 358, ""is_active"": true}",,2026-07-27 00:36:42.293298
604,,56,status_changed,job_orders,409,"{""status"": ""inspecting""}","{""status"": ""in_progress""}",2026-07-14 15:09:50.293298
605,,439,claimed,retention_offers,449,"{""is_claimed"": false}","{""is_claimed"": true, ""claimed_on_job_order_id"": 229}",2026-07-15 09:20:02.293298
606,,124,approved,service_tickets,412,"{""status"": ""pending""}","{""status"": ""approved""}",2026-07-27 07:35:14.293298
607,,105,deleted,job_orders,159,"{""id"": 159, ""is_active"": true}",,2026-07-10 16:33:15.293298
608,,203,logged_in,employees,203,,,2026-07-14 08:29:14.293298
609,,388,status_changed,job_orders,121,"{""status"": ""inspecting""}","{""status"": ""in_progress""}",2026-08-01 23:37:16.293298
610,,164,rejected,service_tickets,307,"{""status"": ""pending""}","{""status"": ""declined""}",2026-07-10 21:05:42.293298
611,,288,approved,service_tickets,164,"{""status"": ""pending""}","{""status"": ""approved""}",2026-07-17 12:16:34.293298
612,,302,deleted,payments,235,"{""id"": 235, ""is_active"": true}",,2026-08-03 09:17:45.293298
613,,417,logged_in,employees,417,,,2026-07-07 02:02:02.293298
614,369,,logged_in,users,369,,,2026-07-13 18:08:06.293298
615,,39,claimed,retention_offers,230,"{""is_claimed"": false}","{""is_claimed"": true, ""claimed_on_job_order_id"": 370}",2026-07-28 03:38:17.293298
616,455,,rejected,service_tickets,264,"{""status"": ""pending""}","{""status"": ""declined""}",2026-08-04 06:55:11.293298
617,,8,rejected,service_tickets,261,"{""status"": ""pending""}","{""status"": ""declined""}",2026-07-24 01:31:45.293298
618,,446,claimed,retention_offers,449,"{""is_claimed"": false}","{""is_claimed"": true, ""claimed_on_job_order_id"": 496}",2026-08-03 16:20:11.293298
619,20,,claimed,retention_offers,383,"{""is_claimed"": false}","{""is_claimed"": true, ""claimed_on_job_order_id"": 115}",2026-07-06 08:28:25.293298
620,,294,created,payments,393,,"{""id"": 393, ""is_active"": true}",2026-07-27 09:05:08.293298
621,190,,approved,service_tickets,127,"{""status"": ""pending""}","{""status"": ""approved""}",2026-07-31 12:13:29.293298
622,,10,status_changed,job_orders,414,"{""status"": ""inspecting""}","{""status"": ""in_progress""}",2026-07-20 16:47:42.293298
623,,278,created,vehicles,325,,"{""id"": 325, ""is_active"": true}",2026-07-23 15:53:45.293298
624,218,,updated,vehicles,70,"{""amount"": 1236.22, ""record_id"": 70}","{""amount"": 3143.74, ""record_id"": 70}",2026-07-10 23:19:32.293298
625,,340,logged_in,employees,340,,,2026-07-12 02:34:31.293298
626,79,,rejected,service_tickets,165,"{""status"": ""pending""}","{""status"": ""declined""}",2026-08-02 12:44:20.293298
627,,106,rejected,service_tickets,225,"{""status"": ""pending""}","{""status"": ""declined""}",2026-07-30 15:26:12.293298
628,,378,logged_in,employees,378,,,2026-07-21 21:50:01.293298
629,,303,created,payments,160,,"{""id"": 160, ""is_active"": true}",2026-07-17 02:06:26.293298
630,350,,logged_in,users,350,,,2026-07-14 21:11:52.293298
631,493,,updated,users,291,"{""amount"": 504.97, ""record_id"": 291}","{""amount"": 2009.25, ""record_id"": 291}",2026-07-21 22:52:16.293298
632,,313,approved,service_tickets,78,"{""status"": ""pending""}","{""status"": ""approved""}",2026-08-02 00:05:11.293298
633,,61,claimed,retention_offers,453,"{""is_claimed"": false}","{""is_claimed"": true, ""claimed_on_job_order_id"": 355}",2026-07-15 13:39:44.293298
634,159,,updated,payments,217,"{""amount"": 1303.91, ""record_id"": 217}","{""amount"": 2574.58, ""record_id"": 217}",2026-08-01 01:56:28.293298
635,66,,updated,job_orders,290,"{""amount"": 688.05, ""record_id"": 290}","{""amount"": 2093.72, ""record_id"": 290}",2026-07-27 21:53:43.293298
636,,229,deleted,payments,335,"{""id"": 335, ""is_active"": true}",,2026-07-24 04:46:53.293298
637,420,,rejected,service_tickets,51,"{""status"": ""pending""}","{""status"": ""declined""}",2026-07-06 16:22:03.293298
638,162,,logged_in,users,162,,,2026-07-16 00:02:09.293298
639,,201,deleted,vehicles,109,"{""id"": 109, ""is_active"": true}",,2026-07-30 12:39:00.293298
640,,92,deleted,vehicles,492,"{""id"": 492, ""is_active"": true}",,2026-07-27 01:23:49.293298
641,,190,approved,service_tickets,263,"{""status"": ""pending""}","{""status"": ""approved""}",2026-07-17 20:26:36.293298
642,,248,updated,payments,326,"{""amount"": 548.72, ""record_id"": 326}","{""amount"": 2865.17, ""record_id"": 326}",2026-07-28 17:58:45.293298
643,,297,created,job_orders,220,,"{""id"": 220, ""is_active"": true}",2026-07-12 05:56:51.293298
644,,63,approved,service_tickets,124,"{""status"": ""pending""}","{""status"": ""approved""}",2026-07-12 18:07:06.293298
645,267,,updated,users,458,"{""amount"": 1015.80, ""record_id"": 458}","{""amount"": 1943.42, ""record_id"": 458}",2026-07-26 23:29:52.293298
646,,20,rejected,service_tickets,253,"{""status"": ""pending""}","{""status"": ""declined""}",2026-07-08 00:39:12.293298
647,,331,claimed,retention_offers,93,"{""is_claimed"": false}","{""is_claimed"": true, ""claimed_on_job_order_id"": 45}",2026-07-16 07:22:20.293298
648,473,,logged_in,users,473,,,2026-07-08 05:26:12.293298
649,,120,rejected,service_tickets,446,"{""status"": ""pending""}","{""status"": ""declined""}",2026-07-06 03:15:20.293298
650,,226,claimed,retention_offers,118,"{""is_claimed"": false}","{""is_claimed"": true, ""claimed_on_job_order_id"": 2}",2026-07-19 07:47:44.293298
651,,100,updated,users,111,"{""amount"": 1079.83, ""record_id"": 111}","{""amount"": 1792.26, ""record_id"": 111}",2026-07-07 22:11:46.293298
652,260,,status_changed,job_orders,409,"{""status"": ""inspecting""}","{""status"": ""in_progress""}",2026-07-21 03:29:53.293298
653,,213,approved,service_tickets,360,"{""status"": ""pending""}","{""status"": ""approved""}",2026-07-29 10:35:54.293298
654,,7,deleted,users,361,"{""id"": 361, ""is_active"": true}",,2026-07-16 09:09:03.293298
655,,229,logged_in,employees,229,,,2026-07-23 06:46:45.293298
656,443,,approved,service_tickets,390,"{""status"": ""pending""}","{""status"": ""approved""}",2026-07-29 02:12:07.293298
657,,3,deleted,payments,488,"{""id"": 488, ""is_active"": true}",,2026-07-09 00:24:35.293298
658,,56,claimed,retention_offers,141,"{""is_claimed"": false}","{""is_claimed"": true, ""claimed_on_job_order_id"": 270}",2026-08-03 00:42:58.293298
659,,3,status_changed,job_orders,300,"{""status"": ""inspecting""}","{""status"": ""in_progress""}",2026-07-17 07:26:24.293298
660,,133,created,users,168,,"{""id"": 168, ""is_active"": true}",2026-07-12 18:49:26.293298
661,88,,claimed,retention_offers,157,"{""is_claimed"": false}","{""is_claimed"": true, ""claimed_on_job_order_id"": 195}",2026-07-08 02:07:30.293298
662,,421,updated,payments,255,"{""amount"": 781.44, ""record_id"": 255}","{""amount"": 3242.13, ""record_id"": 255}",2026-07-09 23:16:52.293298
663,317,,updated,job_orders,192,"{""amount"": 533.29, ""record_id"": 192}","{""amount"": 2666.42, ""record_id"": 192}",2026-07-22 02:39:17.293298
664,,458,claimed,retention_offers,135,"{""is_claimed"": false}","{""is_claimed"": true, ""claimed_on_job_order_id"": 410}",2026-07-07 17:36:42.293298
665,,68,created,users,386,,"{""id"": 386, ""is_active"": true}",2026-07-13 16:30:45.293298
666,,355,claimed,retention_offers,183,"{""is_claimed"": false}","{""is_claimed"": true, ""claimed_on_job_order_id"": 208}",2026-07-06 19:22:20.293298
667,,400,logged_in,employees,400,,,2026-07-20 10:59:05.293298
668,,241,status_changed,job_orders,448,"{""status"": ""inspecting""}","{""status"": ""in_progress""}",2026-07-21 04:33:14.293298
669,426,,approved,service_tickets,170,"{""status"": ""pending""}","{""status"": ""approved""}",2026-07-29 22:02:16.293298
670,,296,rejected,service_tickets,120,"{""status"": ""pending""}","{""status"": ""declined""}",2026-07-16 00:16:10.293298
671,,34,status_changed,job_orders,343,"{""status"": ""inspecting""}","{""status"": ""in_progress""}",2026-07-21 12:05:21.293298
672,,146,rejected,service_tickets,278,"{""status"": ""pending""}","{""status"": ""declined""}",2026-07-13 04:36:23.293298
673,,161,status_changed,job_orders,408,"{""status"": ""inspecting""}","{""status"": ""in_progress""}",2026-07-24 11:55:25.293298
674,,148,updated,payments,248,"{""amount"": 1261.87, ""record_id"": 248}","{""amount"": 2892.40, ""record_id"": 248}",2026-07-16 20:51:04.293298
675,,486,logged_in,employees,486,,,2026-07-13 07:32:37.293298
676,,455,claimed,retention_offers,301,"{""is_claimed"": false}","{""is_claimed"": true, ""claimed_on_job_order_id"": 143}",2026-07-13 04:14:25.293298
677,,275,rejected,service_tickets,321,"{""status"": ""pending""}","{""status"": ""declined""}",2026-08-04 12:08:30.293298
678,,412,deleted,users,396,"{""id"": 396, ""is_active"": true}",,2026-07-07 01:33:48.293298
679,472,,deleted,users,134,"{""id"": 134, ""is_active"": true}",,2026-07-20 16:50:23.293298
680,328,,claimed,retention_offers,424,"{""is_claimed"": false}","{""is_claimed"": true, ""claimed_on_job_order_id"": 107}",2026-07-25 06:59:19.293298
681,419,,approved,service_tickets,146,"{""status"": ""pending""}","{""status"": ""approved""}",2026-07-12 11:25:21.293298
682,,360,updated,users,469,"{""amount"": 826.45, ""record_id"": 469}","{""amount"": 3236.58, ""record_id"": 469}",2026-07-07 13:02:18.293298
683,405,,rejected,service_tickets,471,"{""status"": ""pending""}","{""status"": ""declined""}",2026-08-01 00:01:02.293298
684,,335,status_changed,job_orders,35,"{""status"": ""inspecting""}","{""status"": ""in_progress""}",2026-07-17 10:42:16.293298
685,,225,approved,service_tickets,160,"{""status"": ""pending""}","{""status"": ""approved""}",2026-07-25 00:54:59.293298
686,,193,rejected,service_tickets,388,"{""status"": ""pending""}","{""status"": ""declined""}",2026-07-19 12:08:20.293298
687,150,,rejected,service_tickets,127,"{""status"": ""pending""}","{""status"": ""declined""}",2026-07-31 09:23:40.293298
688,,348,approved,service_tickets,225,"{""status"": ""pending""}","{""status"": ""approved""}",2026-07-06 20:53:06.293298
689,467,,rejected,service_tickets,413,"{""status"": ""pending""}","{""status"": ""declined""}",2026-07-07 10:19:48.293298
690,,72,status_changed,job_orders,183,"{""status"": ""inspecting""}","{""status"": ""in_progress""}",2026-07-12 08:58:02.293298
691,164,,status_changed,job_orders,135,"{""status"": ""inspecting""}","{""status"": ""in_progress""}",2026-07-09 07:42:55.293298
692,431,,status_changed,job_orders,25,"{""status"": ""inspecting""}","{""status"": ""in_progress""}",2026-07-26 21:53:47.293298
693,,58,rejected,service_tickets,242,"{""status"": ""pending""}","{""status"": ""declined""}",2026-07-16 23:16:05.293298
694,48,,created,payments,413,,"{""id"": 413, ""is_active"": true}",2026-07-29 11:53:33.293298
695,,256,created,users,184,,"{""id"": 184, ""is_active"": true}",2026-07-13 04:47:33.293298
696,,446,approved,service_tickets,314,"{""status"": ""pending""}","{""status"": ""approved""}",2026-07-22 23:45:23.293298
697,314,,rejected,service_tickets,295,"{""status"": ""pending""}","{""status"": ""declined""}",2026-07-17 10:21:09.293298
698,,448,rejected,service_tickets,488,"{""status"": ""pending""}","{""status"": ""declined""}",2026-08-04 07:47:37.293298
699,,128,rejected,service_tickets,424,"{""status"": ""pending""}","{""status"": ""declined""}",2026-07-29 13:50:47.293298
700,,44,logged_in,employees,44,,,2026-07-06 08:00:27.293298
701,,459,approved,service_tickets,268,"{""status"": ""pending""}","{""status"": ""approved""}",2026-07-28 10:48:22.293298
702,456,,rejected,service_tickets,306,"{""status"": ""pending""}","{""status"": ""declined""}",2026-07-12 03:33:40.293298
703,,398,claimed,retention_offers,77,"{""is_claimed"": false}","{""is_claimed"": true, ""claimed_on_job_order_id"": 9}",2026-07-13 01:17:50.293298
704,,499,updated,vehicles,358,"{""amount"": 852.72, ""record_id"": 358}","{""amount"": 2868.97, ""record_id"": 358}",2026-07-31 04:08:48.293298
705,,195,logged_in,employees,195,,,2026-07-25 05:10:47.293298
706,,27,claimed,retention_offers,479,"{""is_claimed"": false}","{""is_claimed"": true, ""claimed_on_job_order_id"": 459}",2026-07-18 14:25:21.293298
707,497,,claimed,retention_offers,65,"{""is_claimed"": false}","{""is_claimed"": true, ""claimed_on_job_order_id"": 407}",2026-07-30 22:17:07.293298
708,,125,created,payments,465,,"{""id"": 465, ""is_active"": true}",2026-07-21 19:03:15.293298
709,,478,created,job_orders,316,,"{""id"": 316, ""is_active"": true}",2026-07-17 17:32:03.293298
710,426,,updated,vehicles,80,"{""amount"": 732.11, ""record_id"": 80}","{""amount"": 3355.10, ""record_id"": 80}",2026-07-25 01:48:09.293298
711,,204,approved,service_tickets,94,"{""status"": ""pending""}","{""status"": ""approved""}",2026-07-18 22:05:47.293298
712,218,,rejected,service_tickets,499,"{""status"": ""pending""}","{""status"": ""declined""}",2026-07-23 08:34:45.293298
713,,10,claimed,retention_offers,329,"{""is_claimed"": false}","{""is_claimed"": true, ""claimed_on_job_order_id"": 308}",2026-08-04 02:16:00.293298
714,430,,created,payments,143,,"{""id"": 143, ""is_active"": true}",2026-07-17 14:16:31.293298
715,,336,status_changed,job_orders,494,"{""status"": ""inspecting""}","{""status"": ""in_progress""}",2026-07-06 09:03:44.293298
716,,51,rejected,service_tickets,294,"{""status"": ""pending""}","{""status"": ""declined""}",2026-07-16 02:29:05.293298
717,,140,status_changed,job_orders,173,"{""status"": ""inspecting""}","{""status"": ""in_progress""}",2026-08-02 21:28:48.293298
718,,200,approved,service_tickets,65,"{""status"": ""pending""}","{""status"": ""approved""}",2026-07-15 23:32:12.293298
719,,347,created,job_orders,27,,"{""id"": 27, ""is_active"": true}",2026-07-20 00:30:14.293298
720,,220,status_changed,job_orders,11,"{""status"": ""inspecting""}","{""status"": ""in_progress""}",2026-07-13 16:18:36.293298
721,,195,deleted,payments,285,"{""id"": 285, ""is_active"": true}",,2026-07-23 19:01:18.293298
722,215,,logged_in,users,215,,,2026-07-27 12:43:11.293298
723,51,,logged_in,users,51,,,2026-07-19 12:38:48.293298
724,99,,rejected,service_tickets,198,"{""status"": ""pending""}","{""status"": ""declined""}",2026-07-14 23:25:57.293298
725,,500,rejected,service_tickets,357,"{""status"": ""pending""}","{""status"": ""declined""}",2026-07-21 12:52:33.293298
726,32,,approved,service_tickets,211,"{""status"": ""pending""}","{""status"": ""approved""}",2026-07-07 21:12:12.293298
727,,415,rejected,service_tickets,321,"{""status"": ""pending""}","{""status"": ""declined""}",2026-08-03 20:08:05.293298
728,,329,updated,job_orders,474,"{""amount"": 1377.31, ""record_id"": 474}","{""amount"": 2391.56, ""record_id"": 474}",2026-07-29 11:48:18.293298
729,,312,deleted,job_orders,265,"{""id"": 265, ""is_active"": true}",,2026-07-06 13:02:32.293298
730,,75,deleted,job_orders,204,"{""id"": 204, ""is_active"": true}",,2026-07-21 14:37:33.293298
731,,245,deleted,vehicles,180,"{""id"": 180, ""is_active"": true}",,2026-07-21 09:37:37.293298
732,,235,created,payments,233,,"{""id"": 233, ""is_active"": true}",2026-07-20 18:30:53.293298
733,,445,rejected,service_tickets,299,"{""status"": ""pending""}","{""status"": ""declined""}",2026-07-06 17:09:10.293298
734,,54,status_changed,job_orders,217,"{""status"": ""inspecting""}","{""status"": ""in_progress""}",2026-07-30 23:44:50.293298
735,476,,rejected,service_tickets,200,"{""status"": ""pending""}","{""status"": ""declined""}",2026-07-23 09:40:32.293298
736,,381,approved,service_tickets,259,"{""status"": ""pending""}","{""status"": ""approved""}",2026-08-04 23:30:15.293298
737,,140,created,users,75,,"{""id"": 75, ""is_active"": true}",2026-08-03 20:10:42.293298
738,,55,approved,service_tickets,408,"{""status"": ""pending""}","{""status"": ""approved""}",2026-07-30 03:05:01.293298
739,,183,updated,users,64,"{""amount"": 579.68, ""record_id"": 64}","{""amount"": 2405.44, ""record_id"": 64}",2026-07-29 13:30:50.293298
740,,323,deleted,payments,498,"{""id"": 498, ""is_active"": true}",,2026-07-13 13:51:50.293298
741,,442,created,vehicles,297,,"{""id"": 297, ""is_active"": true}",2026-07-11 09:23:56.293298
742,,239,rejected,service_tickets,384,"{""status"": ""pending""}","{""status"": ""declined""}",2026-07-12 04:33:57.293298
743,,222,created,payments,418,,"{""id"": 418, ""is_active"": true}",2026-07-31 09:48:51.293298
744,,96,status_changed,job_orders,371,"{""status"": ""inspecting""}","{""status"": ""in_progress""}",2026-07-26 15:24:55.293298
745,,41,logged_in,employees,41,,,2026-08-02 20:50:32.293298
746,,374,rejected,service_tickets,189,"{""status"": ""pending""}","{""status"": ""declined""}",2026-08-03 13:28:43.293298
747,,421,created,payments,358,,"{""id"": 358, ""is_active"": true}",2026-07-09 12:54:35.293298
748,,349,deleted,job_orders,232,"{""id"": 232, ""is_active"": true}",,2026-07-17 22:24:10.293298
749,,247,status_changed,job_orders,239,"{""status"": ""inspecting""}","{""status"": ""in_progress""}",2026-07-16 13:35:47.293298
750,,199,approved,service_tickets,20,"{""status"": ""pending""}","{""status"": ""approved""}",2026-07-18 11:43:50.293298
751,138,,status_changed,job_orders,330,"{""status"": ""inspecting""}","{""status"": ""in_progress""}",2026-07-11 08:53:27.293298
752,,80,claimed,retention_offers,213,"{""is_claimed"": false}","{""is_claimed"": true, ""claimed_on_job_order_id"": 391}",2026-07-23 16:04:00.293298
753,,20,rejected,service_tickets,339,"{""status"": ""pending""}","{""status"": ""declined""}",2026-08-04 10:35:19.293298
754,403,,claimed,retention_offers,119,"{""is_claimed"": false}","{""is_claimed"": true, ""claimed_on_job_order_id"": 87}",2026-07-08 08:27:07.293298
755,279,,logged_in,users,279,,,2026-07-13 19:58:33.293298
756,,416,updated,vehicles,83,"{""amount"": 1324.80, ""record_id"": 83}","{""amount"": 3418.29, ""record_id"": 83}",2026-07-12 09:20:47.293298
757,281,,approved,service_tickets,8,"{""status"": ""pending""}","{""status"": ""approved""}",2026-08-04 02:29:42.293298
758,,162,claimed,retention_offers,351,"{""is_claimed"": false}","{""is_claimed"": true, ""claimed_on_job_order_id"": 5}",2026-07-31 18:19:55.293298
759,,412,created,job_orders,54,,"{""id"": 54, ""is_active"": true}",2026-07-21 15:58:50.293298
760,,393,logged_in,employees,393,,,2026-07-25 08:32:52.293298
761,,325,approved,service_tickets,94,"{""status"": ""pending""}","{""status"": ""approved""}",2026-08-04 10:13:05.293298
762,,11,approved,service_tickets,87,"{""status"": ""pending""}","{""status"": ""approved""}",2026-08-04 05:08:11.293298
763,412,,logged_in,users,412,,,2026-08-01 22:36:30.293298
764,,122,claimed,retention_offers,184,"{""is_claimed"": false}","{""is_claimed"": true, ""claimed_on_job_order_id"": 271}",2026-07-20 16:45:55.293298
765,,5,logged_in,employees,5,,,2026-07-11 10:59:00.293298
766,,224,updated,payments,175,"{""amount"": 1416.42, ""record_id"": 175}","{""amount"": 2284.91, ""record_id"": 175}",2026-07-29 14:54:39.293298
767,224,,updated,users,465,"{""amount"": 563.67, ""record_id"": 465}","{""amount"": 2049.07, ""record_id"": 465}",2026-08-01 03:15:44.293298
768,259,,deleted,users,157,"{""id"": 157, ""is_active"": true}",,2026-07-14 06:43:30.293298
769,,308,created,vehicles,81,,"{""id"": 81, ""is_active"": true}",2026-07-25 02:47:01.293298
770,,68,created,users,9,,"{""id"": 9, ""is_active"": true}",2026-07-23 10:34:46.293298
771,283,,logged_in,users,283,,,2026-07-11 01:05:35.293298
772,159,,claimed,retention_offers,116,"{""is_claimed"": false}","{""is_claimed"": true, ""claimed_on_job_order_id"": 258}",2026-07-27 17:55:22.293298
773,,323,created,users,242,,"{""id"": 242, ""is_active"": true}",2026-07-14 05:32:04.293298
774,,124,deleted,users,415,"{""id"": 415, ""is_active"": true}",,2026-07-30 17:44:21.293298
775,,469,created,payments,193,,"{""id"": 193, ""is_active"": true}",2026-07-21 17:32:30.293298
776,,245,deleted,vehicles,493,"{""id"": 493, ""is_active"": true}",,2026-07-10 03:06:13.293298
777,407,,created,vehicles,161,,"{""id"": 161, ""is_active"": true}",2026-07-07 01:48:37.293298
778,,309,updated,payments,21,"{""amount"": 1214.38, ""record_id"": 21}","{""amount"": 1545.04, ""record_id"": 21}",2026-07-16 17:23:36.293298
779,140,,logged_in,users,140,,,2026-07-09 09:05:26.293298
780,262,,updated,vehicles,340,"{""amount"": 734.70, ""record_id"": 340}","{""amount"": 3430.89, ""record_id"": 340}",2026-07-08 18:47:25.293298
781,,473,claimed,retention_offers,234,"{""is_claimed"": false}","{""is_claimed"": true, ""claimed_on_job_order_id"": 256}",2026-07-08 12:26:46.293298
782,,364,logged_in,employees,364,,,2026-07-29 18:57:25.293298
783,,201,logged_in,employees,201,,,2026-08-01 23:37:33.293298
784,135,,claimed,retention_offers,24,"{""is_claimed"": false}","{""is_claimed"": true, ""claimed_on_job_order_id"": 259}",2026-07-30 11:17:40.293298
785,,254,deleted,users,47,"{""id"": 47, ""is_active"": true}",,2026-07-30 19:18:37.293298
786,,203,updated,job_orders,459,"{""amount"": 607.72, ""record_id"": 459}","{""amount"": 2974.99, ""record_id"": 459}",2026-07-20 09:44:06.293298
787,,161,rejected,service_tickets,151,"{""status"": ""pending""}","{""status"": ""declined""}",2026-07-15 19:09:04.293298
788,,116,rejected,service_tickets,206,"{""status"": ""pending""}","{""status"": ""declined""}",2026-07-13 00:45:34.293298
789,,30,status_changed,job_orders,498,"{""status"": ""inspecting""}","{""status"": ""in_progress""}",2026-07-19 20:11:16.293298
790,181,,claimed,retention_offers,358,"{""is_claimed"": false}","{""is_claimed"": true, ""claimed_on_job_order_id"": 414}",2026-07-15 08:36:59.293298
791,347,,updated,users,465,"{""amount"": 598.39, ""record_id"": 465}","{""amount"": 3205.42, ""record_id"": 465}",2026-07-21 04:41:30.293298
792,,267,updated,vehicles,64,"{""amount"": 662.24, ""record_id"": 64}","{""amount"": 2450.10, ""record_id"": 64}",2026-07-17 22:16:20.293298
793,,32,status_changed,job_orders,360,"{""status"": ""inspecting""}","{""status"": ""in_progress""}",2026-08-01 14:58:57.293298
794,,123,claimed,retention_offers,318,"{""is_claimed"": false}","{""is_claimed"": true, ""claimed_on_job_order_id"": 62}",2026-07-07 04:53:51.293298
795,,447,logged_in,employees,447,,,2026-07-09 22:28:15.293298
796,,141,approved,service_tickets,2,"{""status"": ""pending""}","{""status"": ""approved""}",2026-07-17 15:52:39.293298
797,,235,status_changed,job_orders,462,"{""status"": ""inspecting""}","{""status"": ""in_progress""}",2026-07-20 12:32:30.293298
798,,309,status_changed,job_orders,105,"{""status"": ""inspecting""}","{""status"": ""in_progress""}",2026-07-19 21:50:03.293298
799,,433,deleted,job_orders,61,"{""id"": 61, ""is_active"": true}",,2026-07-15 19:53:50.293298
800,,455,rejected,service_tickets,387,"{""status"": ""pending""}","{""status"": ""declined""}",2026-07-17 18:19:22.293298
801,,318,deleted,job_orders,103,"{""id"": 103, ""is_active"": true}",,2026-08-04 20:07:07.293298
802,,119,rejected,service_tickets,234,"{""status"": ""pending""}","{""status"": ""declined""}",2026-07-09 10:30:40.293298
803,,210,status_changed,job_orders,162,"{""status"": ""inspecting""}","{""status"": ""in_progress""}",2026-07-12 19:28:41.293298
804,216,,status_changed,job_orders,168,"{""status"": ""inspecting""}","{""status"": ""in_progress""}",2026-07-23 09:55:15.293298
805,,385,updated,users,249,"{""amount"": 650.31, ""record_id"": 249}","{""amount"": 1554.64, ""record_id"": 249}",2026-07-26 12:49:43.293298
806,,186,created,users,345,,"{""id"": 345, ""is_active"": true}",2026-07-22 23:33:00.293298
807,,408,updated,vehicles,431,"{""amount"": 1252.53, ""record_id"": 431}","{""amount"": 2730.48, ""record_id"": 431}",2026-07-30 05:51:11.293298
808,,497,status_changed,job_orders,125,"{""status"": ""inspecting""}","{""status"": ""in_progress""}",2026-07-14 12:49:31.293298
809,,345,approved,service_tickets,441,"{""status"": ""pending""}","{""status"": ""approved""}",2026-07-17 00:29:16.293298
810,,11,created,users,319,,"{""id"": 319, ""is_active"": true}",2026-07-11 04:00:02.293298
811,,355,created,users,137,,"{""id"": 137, ""is_active"": true}",2026-08-04 09:30:16.293298
812,317,,created,payments,230,,"{""id"": 230, ""is_active"": true}",2026-07-08 08:35:01.293298
813,350,,deleted,users,118,"{""id"": 118, ""is_active"": true}",,2026-07-09 15:56:18.293298
814,,19,logged_in,employees,19,,,2026-07-29 14:14:40.293298
815,,160,status_changed,job_orders,242,"{""status"": ""inspecting""}","{""status"": ""in_progress""}",2026-08-01 23:55:34.293298
816,,86,updated,job_orders,3,"{""amount"": 1025.56, ""record_id"": 3}","{""amount"": 2597.67, ""record_id"": 3}",2026-07-30 06:56:39.293298
817,,280,claimed,retention_offers,341,"{""is_claimed"": false}","{""is_claimed"": true, ""claimed_on_job_order_id"": 498}",2026-07-07 14:24:40.293298
818,399,,logged_in,users,399,,,2026-07-29 03:32:58.293298
819,,64,logged_in,employees,64,,,2026-07-31 21:07:02.293298
820,,146,status_changed,job_orders,479,"{""status"": ""inspecting""}","{""status"": ""in_progress""}",2026-07-10 02:52:20.293298
821,,21,updated,job_orders,170,"{""amount"": 509.39, ""record_id"": 170}","{""amount"": 3184.33, ""record_id"": 170}",2026-07-25 12:22:53.293298
822,,360,updated,job_orders,341,"{""amount"": 976.91, ""record_id"": 341}","{""amount"": 2852.66, ""record_id"": 341}",2026-07-11 03:05:19.293298
823,,381,deleted,payments,477,"{""id"": 477, ""is_active"": true}",,2026-07-21 09:29:14.293298
824,,270,rejected,service_tickets,16,"{""status"": ""pending""}","{""status"": ""declined""}",2026-07-08 19:43:57.293298
825,,72,claimed,retention_offers,381,"{""is_claimed"": false}","{""is_claimed"": true, ""claimed_on_job_order_id"": 93}",2026-07-15 21:35:50.293298
826,,164,deleted,vehicles,131,"{""id"": 131, ""is_active"": true}",,2026-07-12 11:10:41.293298
827,,127,created,users,260,,"{""id"": 260, ""is_active"": true}",2026-07-28 12:42:07.293298
828,,223,rejected,service_tickets,362,"{""status"": ""pending""}","{""status"": ""declined""}",2026-07-09 01:24:26.293298
829,,243,deleted,vehicles,223,"{""id"": 223, ""is_active"": true}",,2026-08-02 16:48:44.293298
830,,358,created,payments,100,,"{""id"": 100, ""is_active"": true}",2026-07-23 08:14:01.293298
831,,341,approved,service_tickets,438,"{""status"": ""pending""}","{""status"": ""approved""}",2026-08-01 03:06:20.293298
832,,194,rejected,service_tickets,395,"{""status"": ""pending""}","{""status"": ""declined""}",2026-07-24 13:03:22.293298
833,,329,deleted,job_orders,356,"{""id"": 356, ""is_active"": true}",,2026-07-08 05:50:07.293298
834,272,,rejected,service_tickets,306,"{""status"": ""pending""}","{""status"": ""declined""}",2026-07-20 09:08:38.293298
835,,197,deleted,users,394,"{""id"": 394, ""is_active"": true}",,2026-07-29 15:40:13.293298
836,,464,rejected,service_tickets,450,"{""status"": ""pending""}","{""status"": ""declined""}",2026-07-07 02:07:52.293298
837,,91,deleted,payments,352,"{""id"": 352, ""is_active"": true}",,2026-07-10 13:04:10.293298
838,,295,status_changed,job_orders,43,"{""status"": ""inspecting""}","{""status"": ""in_progress""}",2026-07-26 23:11:57.293298
839,168,,status_changed,job_orders,209,"{""status"": ""inspecting""}","{""status"": ""in_progress""}",2026-07-10 05:23:28.293298
840,,327,created,payments,134,,"{""id"": 134, ""is_active"": true}",2026-07-18 00:36:49.293298
841,,347,updated,payments,434,"{""amount"": 1404.55, ""record_id"": 434}","{""amount"": 2878.04, ""record_id"": 434}",2026-07-20 12:50:50.293298
842,,74,rejected,service_tickets,177,"{""status"": ""pending""}","{""status"": ""declined""}",2026-07-30 04:21:07.293298
843,,65,status_changed,job_orders,354,"{""status"": ""inspecting""}","{""status"": ""in_progress""}",2026-07-13 00:37:34.293298
844,447,,logged_in,users,447,,,2026-07-20 08:02:00.293298
845,,431,deleted,job_orders,196,"{""id"": 196, ""is_active"": true}",,2026-08-05 00:49:39.293298
846,,439,status_changed,job_orders,327,"{""status"": ""inspecting""}","{""status"": ""in_progress""}",2026-07-28 13:47:21.293298
847,307,,approved,service_tickets,278,"{""status"": ""pending""}","{""status"": ""approved""}",2026-07-09 14:35:25.293298
848,,86,rejected,service_tickets,376,"{""status"": ""pending""}","{""status"": ""declined""}",2026-08-04 03:00:46.293298
849,,390,claimed,retention_offers,370,"{""is_claimed"": false}","{""is_claimed"": true, ""claimed_on_job_order_id"": 420}",2026-07-07 06:38:22.293298
850,,134,claimed,retention_offers,37,"{""is_claimed"": false}","{""is_claimed"": true, ""claimed_on_job_order_id"": 372}",2026-07-06 22:53:47.293298
851,,62,claimed,retention_offers,144,"{""is_claimed"": false}","{""is_claimed"": true, ""claimed_on_job_order_id"": 210}",2026-07-13 10:44:09.293298
852,82,,logged_in,users,82,,,2026-07-11 07:38:57.293298
853,,341,rejected,service_tickets,486,"{""status"": ""pending""}","{""status"": ""declined""}",2026-07-15 00:52:41.293298
854,,436,rejected,service_tickets,358,"{""status"": ""pending""}","{""status"": ""declined""}",2026-07-26 08:51:48.293298
855,,95,claimed,retention_offers,435,"{""is_claimed"": false}","{""is_claimed"": true, ""claimed_on_job_order_id"": 116}",2026-07-28 09:26:24.293298
856,,238,deleted,job_orders,322,"{""id"": 322, ""is_active"": true}",,2026-08-04 11:03:20.293298
857,,42,deleted,vehicles,284,"{""id"": 284, ""is_active"": true}",,2026-07-20 21:48:01.293298
858,472,,logged_in,users,472,,,2026-07-09 07:47:07.293298
859,,464,status_changed,job_orders,432,"{""status"": ""inspecting""}","{""status"": ""in_progress""}",2026-07-23 15:58:52.293298
860,,473,deleted,payments,179,"{""id"": 179, ""is_active"": true}",,2026-07-16 21:41:14.293298
861,390,,logged_in,users,390,,,2026-07-21 14:31:41.293298
862,56,,claimed,retention_offers,222,"{""is_claimed"": false}","{""is_claimed"": true, ""claimed_on_job_order_id"": 305}",2026-07-14 09:04:57.293298
863,,126,logged_in,employees,126,,,2026-07-27 12:24:06.293298
864,,217,rejected,service_tickets,149,"{""status"": ""pending""}","{""status"": ""declined""}",2026-07-13 04:43:11.293298
865,,91,approved,service_tickets,5,"{""status"": ""pending""}","{""status"": ""approved""}",2026-07-31 18:00:38.293298
866,,251,updated,job_orders,431,"{""amount"": 1199.42, ""record_id"": 431}","{""amount"": 2623.29, ""record_id"": 431}",2026-07-14 12:05:01.293298
867,468,,approved,service_tickets,401,"{""status"": ""pending""}","{""status"": ""approved""}",2026-07-07 17:33:13.293298
868,,156,rejected,service_tickets,441,"{""status"": ""pending""}","{""status"": ""declined""}",2026-07-20 23:42:15.293298
869,,58,rejected,service_tickets,420,"{""status"": ""pending""}","{""status"": ""declined""}",2026-07-06 11:35:23.293298
870,,25,rejected,service_tickets,102,"{""status"": ""pending""}","{""status"": ""declined""}",2026-07-23 15:40:18.293298
871,362,,created,job_orders,328,,"{""id"": 328, ""is_active"": true}",2026-07-13 22:54:38.293298
872,364,,deleted,vehicles,194,"{""id"": 194, ""is_active"": true}",,2026-07-10 16:44:00.293298
873,258,,status_changed,job_orders,138,"{""status"": ""inspecting""}","{""status"": ""in_progress""}",2026-07-17 20:13:52.293298
874,433,,deleted,vehicles,471,"{""id"": 471, ""is_active"": true}",,2026-07-19 14:35:20.293298
875,,352,claimed,retention_offers,118,"{""is_claimed"": false}","{""is_claimed"": true, ""claimed_on_job_order_id"": 414}",2026-08-04 06:58:44.293298
876,,340,updated,payments,10,"{""amount"": 1420.01, ""record_id"": 10}","{""amount"": 1974.51, ""record_id"": 10}",2026-07-27 14:38:46.293298
877,,96,status_changed,job_orders,257,"{""status"": ""inspecting""}","{""status"": ""in_progress""}",2026-07-13 12:31:45.293298
878,192,,rejected,service_tickets,78,"{""status"": ""pending""}","{""status"": ""declined""}",2026-07-20 10:55:40.293298
879,,11,updated,payments,74,"{""amount"": 1091.66, ""record_id"": 74}","{""amount"": 2520.68, ""record_id"": 74}",2026-07-23 16:30:48.293298
880,,264,updated,job_orders,228,"{""amount"": 1481.52, ""record_id"": 228}","{""amount"": 3498.56, ""record_id"": 228}",2026-07-25 11:39:45.293298
881,8,,deleted,payments,196,"{""id"": 196, ""is_active"": true}",,2026-07-21 14:04:27.293298
882,,195,deleted,job_orders,78,"{""id"": 78, ""is_active"": true}",,2026-08-01 07:32:53.293298
883,304,,deleted,payments,365,"{""id"": 365, ""is_active"": true}",,2026-07-26 03:56:18.293298
884,,117,rejected,service_tickets,16,"{""status"": ""pending""}","{""status"": ""declined""}",2026-07-13 03:15:34.293298
885,,483,deleted,payments,322,"{""id"": 322, ""is_active"": true}",,2026-07-18 16:47:10.293298
886,,218,rejected,service_tickets,257,"{""status"": ""pending""}","{""status"": ""declined""}",2026-07-23 09:08:34.293298
887,,273,updated,users,39,"{""amount"": 1085.56, ""record_id"": 39}","{""amount"": 2309.10, ""record_id"": 39}",2026-07-23 08:31:25.293298
888,,273,status_changed,job_orders,5,"{""status"": ""inspecting""}","{""status"": ""in_progress""}",2026-07-25 07:21:31.293298
889,,310,logged_in,employees,310,,,2026-07-26 17:35:41.293298
890,61,,status_changed,job_orders,415,"{""status"": ""inspecting""}","{""status"": ""in_progress""}",2026-07-28 01:36:29.293298
891,317,,claimed,retention_offers,316,"{""is_claimed"": false}","{""is_claimed"": true, ""claimed_on_job_order_id"": 296}",2026-07-27 03:24:58.293298
892,,86,approved,service_tickets,106,"{""status"": ""pending""}","{""status"": ""approved""}",2026-07-25 19:38:06.293298
893,,227,rejected,service_tickets,264,"{""status"": ""pending""}","{""status"": ""declined""}",2026-08-04 20:09:29.293298
894,,474,deleted,vehicles,199,"{""id"": 199, ""is_active"": true}",,2026-07-15 23:07:49.293298
895,,259,logged_in,employees,259,,,2026-07-08 03:24:08.293298
896,,264,claimed,retention_offers,456,"{""is_claimed"": false}","{""is_claimed"": true, ""claimed_on_job_order_id"": 39}",2026-07-06 10:28:46.293298
897,,472,rejected,service_tickets,414,"{""status"": ""pending""}","{""status"": ""declined""}",2026-08-04 23:39:59.293298
898,112,,updated,vehicles,228,"{""amount"": 885.91, ""record_id"": 228}","{""amount"": 3357.71, ""record_id"": 228}",2026-07-22 08:59:38.293298
899,392,,logged_in,users,392,,,2026-07-23 06:34:07.293298
900,488,,created,users,4,,"{""id"": 4, ""is_active"": true}",2026-07-11 16:38:56.293298
901,,409,created,vehicles,467,,"{""id"": 467, ""is_active"": true}",2026-07-21 20:28:52.293298
902,,161,created,payments,472,,"{""id"": 472, ""is_active"": true}",2026-07-06 22:00:03.293298
903,482,,approved,service_tickets,445,"{""status"": ""pending""}","{""status"": ""approved""}",2026-07-14 05:14:15.293298
904,195,,logged_in,users,195,,,2026-07-15 18:57:11.293298
905,,417,rejected,service_tickets,108,"{""status"": ""pending""}","{""status"": ""declined""}",2026-07-14 12:02:59.293298
906,,14,status_changed,job_orders,341,"{""status"": ""inspecting""}","{""status"": ""in_progress""}",2026-07-09 13:43:34.293298
907,425,,logged_in,users,425,,,2026-08-01 11:13:24.293298
908,,421,claimed,retention_offers,393,"{""is_claimed"": false}","{""is_claimed"": true, ""claimed_on_job_order_id"": 424}",2026-07-28 16:49:54.293298
909,,381,updated,job_orders,188,"{""amount"": 1345.69, ""record_id"": 188}","{""amount"": 3117.14, ""record_id"": 188}",2026-08-03 10:04:27.293298
910,,275,updated,job_orders,255,"{""amount"": 650.52, ""record_id"": 255}","{""amount"": 3136.81, ""record_id"": 255}",2026-07-23 23:12:57.293298
911,321,,status_changed,job_orders,404,"{""status"": ""inspecting""}","{""status"": ""in_progress""}",2026-07-10 10:34:15.293298
912,394,,updated,vehicles,229,"{""amount"": 1196.17, ""record_id"": 229}","{""amount"": 1855.00, ""record_id"": 229}",2026-07-17 01:01:16.293298
913,309,,claimed,retention_offers,249,"{""is_claimed"": false}","{""is_claimed"": true, ""claimed_on_job_order_id"": 272}",2026-07-27 01:07:52.293298
914,,426,deleted,payments,389,"{""id"": 389, ""is_active"": true}",,2026-07-12 03:17:01.293298
915,,53,claimed,retention_offers,315,"{""is_claimed"": false}","{""is_claimed"": true, ""claimed_on_job_order_id"": 215}",2026-07-10 06:29:25.293298
916,,374,rejected,service_tickets,3,"{""status"": ""pending""}","{""status"": ""declined""}",2026-07-06 14:55:48.293298
917,192,,created,payments,341,,"{""id"": 341, ""is_active"": true}",2026-08-04 21:44:33.293298
918,,320,updated,job_orders,411,"{""amount"": 1079.55, ""record_id"": 411}","{""amount"": 1646.48, ""record_id"": 411}",2026-07-12 22:40:55.293298
919,,163,created,payments,197,,"{""id"": 197, ""is_active"": true}",2026-07-12 22:02:17.293298
920,,350,deleted,users,352,"{""id"": 352, ""is_active"": true}",,2026-07-22 04:12:27.293298
921,,283,deleted,job_orders,168,"{""id"": 168, ""is_active"": true}",,2026-07-08 18:50:42.293298
922,,312,updated,job_orders,93,"{""amount"": 704.05, ""record_id"": 93}","{""amount"": 2721.73, ""record_id"": 93}",2026-07-19 06:18:54.293298
923,,218,created,job_orders,420,,"{""id"": 420, ""is_active"": true}",2026-07-27 14:16:58.293298
924,,436,claimed,retention_offers,163,"{""is_claimed"": false}","{""is_claimed"": true, ""claimed_on_job_order_id"": 311}",2026-07-22 15:07:51.293298
925,,164,rejected,service_tickets,379,"{""status"": ""pending""}","{""status"": ""declined""}",2026-07-07 03:17:16.293298
926,,73,deleted,users,281,"{""id"": 281, ""is_active"": true}",,2026-07-28 07:03:50.293298
927,,270,claimed,retention_offers,395,"{""is_claimed"": false}","{""is_claimed"": true, ""claimed_on_job_order_id"": 360}",2026-07-21 01:17:01.293298
928,,454,deleted,job_orders,118,"{""id"": 118, ""is_active"": true}",,2026-07-22 20:25:05.293298
929,,368,rejected,service_tickets,48,"{""status"": ""pending""}","{""status"": ""declined""}",2026-07-23 01:15:52.293298
930,,473,updated,vehicles,483,"{""amount"": 957.36, ""record_id"": 483}","{""amount"": 3473.54, ""record_id"": 483}",2026-07-17 04:51:15.293298
931,435,,approved,service_tickets,90,"{""status"": ""pending""}","{""status"": ""approved""}",2026-07-28 09:47:09.293298
932,,15,approved,service_tickets,328,"{""status"": ""pending""}","{""status"": ""approved""}",2026-07-11 08:20:17.293298
933,,460,created,vehicles,230,,"{""id"": 230, ""is_active"": true}",2026-07-30 09:05:40.293298
934,,109,approved,service_tickets,323,"{""status"": ""pending""}","{""status"": ""approved""}",2026-07-15 21:00:26.293298
935,,375,logged_in,employees,375,,,2026-07-25 21:58:47.293298
936,,474,status_changed,job_orders,319,"{""status"": ""inspecting""}","{""status"": ""in_progress""}",2026-07-11 12:39:49.293298
937,,273,deleted,job_orders,424,"{""id"": 424, ""is_active"": true}",,2026-07-25 00:18:06.293298
938,,154,status_changed,job_orders,157,"{""status"": ""inspecting""}","{""status"": ""in_progress""}",2026-07-09 22:20:01.293298
939,,57,logged_in,employees,57,,,2026-07-18 18:48:04.293298
940,,409,approved,service_tickets,221,"{""status"": ""pending""}","{""status"": ""approved""}",2026-07-08 12:46:06.293298
941,,307,updated,users,272,"{""amount"": 915.78, ""record_id"": 272}","{""amount"": 3231.70, ""record_id"": 272}",2026-07-27 02:29:58.293298
942,,159,claimed,retention_offers,356,"{""is_claimed"": false}","{""is_claimed"": true, ""claimed_on_job_order_id"": 40}",2026-07-20 03:55:55.293298
943,449,,claimed,retention_offers,301,"{""is_claimed"": false}","{""is_claimed"": true, ""claimed_on_job_order_id"": 152}",2026-07-16 13:01:14.293298
944,,216,deleted,payments,120,"{""id"": 120, ""is_active"": true}",,2026-07-19 20:04:45.293298
945,7,,updated,vehicles,186,"{""amount"": 672.01, ""record_id"": 186}","{""amount"": 2657.66, ""record_id"": 186}",2026-07-13 13:46:02.293298
946,,277,rejected,service_tickets,445,"{""status"": ""pending""}","{""status"": ""declined""}",2026-07-23 15:01:25.293298
947,,219,deleted,users,153,"{""id"": 153, ""is_active"": true}",,2026-07-26 23:26:38.293298
948,,320,updated,users,357,"{""amount"": 1124.01, ""record_id"": 357}","{""amount"": 2763.09, ""record_id"": 357}",2026-07-21 21:22:42.293298
949,,285,deleted,job_orders,303,"{""id"": 303, ""is_active"": true}",,2026-07-12 09:40:44.293298
950,,121,deleted,payments,426,"{""id"": 426, ""is_active"": true}",,2026-07-10 07:52:28.293298
951,,460,deleted,users,119,"{""id"": 119, ""is_active"": true}",,2026-07-07 06:41:27.293298
952,,382,updated,job_orders,61,"{""amount"": 1344.51, ""record_id"": 61}","{""amount"": 2966.00, ""record_id"": 61}",2026-07-18 13:49:24.293298
953,,489,rejected,service_tickets,286,"{""status"": ""pending""}","{""status"": ""declined""}",2026-07-26 13:43:21.293298
954,,162,created,vehicles,489,,"{""id"": 489, ""is_active"": true}",2026-07-15 08:02:49.293298
955,,59,deleted,job_orders,98,"{""id"": 98, ""is_active"": true}",,2026-07-22 05:32:42.293298
956,331,,rejected,service_tickets,6,"{""status"": ""pending""}","{""status"": ""declined""}",2026-07-10 22:52:24.293298
957,,393,claimed,retention_offers,225,"{""is_claimed"": false}","{""is_claimed"": true, ""claimed_on_job_order_id"": 297}",2026-07-10 05:40:51.293298
958,,54,claimed,retention_offers,120,"{""is_claimed"": false}","{""is_claimed"": true, ""claimed_on_job_order_id"": 187}",2026-07-24 11:05:05.293298
959,,69,approved,service_tickets,401,"{""status"": ""pending""}","{""status"": ""approved""}",2026-07-30 14:35:37.293298
960,,176,logged_in,employees,176,,,2026-08-03 08:33:01.293298
961,,309,deleted,job_orders,324,"{""id"": 324, ""is_active"": true}",,2026-07-10 10:01:35.293298
962,,47,claimed,retention_offers,113,"{""is_claimed"": false}","{""is_claimed"": true, ""claimed_on_job_order_id"": 443}",2026-08-02 00:00:30.293298
963,,207,deleted,vehicles,79,"{""id"": 79, ""is_active"": true}",,2026-07-29 00:03:49.293298
964,,239,status_changed,job_orders,179,"{""status"": ""inspecting""}","{""status"": ""in_progress""}",2026-08-02 01:02:39.293298
965,,115,deleted,payments,422,"{""id"": 422, ""is_active"": true}",,2026-07-29 20:50:27.293298
966,292,,status_changed,job_orders,74,"{""status"": ""inspecting""}","{""status"": ""in_progress""}",2026-07-22 17:32:32.293298
967,,130,created,vehicles,163,,"{""id"": 163, ""is_active"": true}",2026-07-25 10:44:22.293298
968,,89,claimed,retention_offers,203,"{""is_claimed"": false}","{""is_claimed"": true, ""claimed_on_job_order_id"": 35}",2026-07-26 14:17:32.293298
969,,241,logged_in,employees,241,,,2026-07-18 12:29:04.293298
970,360,,created,job_orders,228,,"{""id"": 228, ""is_active"": true}",2026-07-27 23:50:24.293298
971,,298,status_changed,job_orders,442,"{""status"": ""inspecting""}","{""status"": ""in_progress""}",2026-07-25 05:47:11.293298
972,,78,deleted,users,483,"{""id"": 483, ""is_active"": true}",,2026-07-16 15:23:44.293298
973,,169,created,payments,256,,"{""id"": 256, ""is_active"": true}",2026-07-11 07:07:59.293298
974,,307,status_changed,job_orders,15,"{""status"": ""inspecting""}","{""status"": ""in_progress""}",2026-07-31 22:53:52.293298
975,,399,updated,job_orders,456,"{""amount"": 902.47, ""record_id"": 456}","{""amount"": 1799.84, ""record_id"": 456}",2026-07-30 14:48:05.293298
976,,188,status_changed,job_orders,309,"{""status"": ""inspecting""}","{""status"": ""in_progress""}",2026-07-22 01:40:22.293298
977,64,,logged_in,users,64,,,2026-07-18 20:23:12.293298
978,54,,deleted,job_orders,452,"{""id"": 452, ""is_active"": true}",,2026-08-03 03:24:55.293298
979,,459,updated,job_orders,35,"{""amount"": 1470.93, ""record_id"": 35}","{""amount"": 2574.48, ""record_id"": 35}",2026-08-04 15:29:38.293298
980,,364,updated,payments,2,"{""amount"": 568.27, ""record_id"": 2}","{""amount"": 1505.83, ""record_id"": 2}",2026-07-21 21:41:11.293298
981,,415,created,users,116,,"{""id"": 116, ""is_active"": true}",2026-07-11 14:49:24.293298
982,44,,created,users,175,,"{""id"": 175, ""is_active"": true}",2026-07-14 22:06:30.293298
983,112,,created,job_orders,137,,"{""id"": 137, ""is_active"": true}",2026-07-24 01:41:16.293298
984,,118,rejected,service_tickets,11,"{""status"": ""pending""}","{""status"": ""declined""}",2026-08-03 21:35:24.293298
985,,141,status_changed,job_orders,485,"{""status"": ""inspecting""}","{""status"": ""in_progress""}",2026-07-20 14:22:03.293298
986,,448,updated,users,22,"{""amount"": 776.31, ""record_id"": 22}","{""amount"": 2188.49, ""record_id"": 22}",2026-08-02 20:23:10.293298
987,384,,logged_in,users,384,,,2026-07-28 13:14:34.293298
988,,217,status_changed,job_orders,429,"{""status"": ""inspecting""}","{""status"": ""in_progress""}",2026-07-19 02:40:22.293298
989,,494,status_changed,job_orders,190,"{""status"": ""inspecting""}","{""status"": ""in_progress""}",2026-07-12 00:19:41.293298
990,485,,deleted,payments,269,"{""id"": 269, ""is_active"": true}",,2026-07-17 21:54:35.293298
991,35,,created,vehicles,278,,"{""id"": 278, ""is_active"": true}",2026-07-11 22:42:02.293298
992,395,,rejected,service_tickets,249,"{""status"": ""pending""}","{""status"": ""declined""}",2026-07-18 10:48:21.293298
993,,159,deleted,users,313,"{""id"": 313, ""is_active"": true}",,2026-07-31 04:35:57.293298
994,,57,created,payments,314,,"{""id"": 314, ""is_active"": true}",2026-07-09 08:22:50.293298
995,345,,claimed,retention_offers,412,"{""is_claimed"": false}","{""is_claimed"": true, ""claimed_on_job_order_id"": 423}",2026-07-22 17:35:51.293298
996,24,,created,job_orders,414,,"{""id"": 414, ""is_active"": true}",2026-07-06 17:20:36.293298
997,,56,deleted,vehicles,392,"{""id"": 392, ""is_active"": true}",,2026-07-09 09:15:30.293298
998,497,,claimed,retention_offers,216,"{""is_claimed"": false}","{""is_claimed"": true, ""claimed_on_job_order_id"": 184}",2026-07-26 16:30:32.293298
999,302,,updated,vehicles,204,"{""amount"": 1424.23, ""record_id"": 204}","{""amount"": 2875.28, ""record_id"": 204}",2026-07-16 01:25:15.293298
1000,,416,approved,service_tickets,35,"{""status"": ""pending""}","{""status"": ""approved""}",2026-07-20 08:45:37.293298
