id,user_id,vin,plate_number,vehicle_model,vehicle_year,mileage,vehicle_type
1,394,E24936F6190000001,BQK-0001,Mitsubishi Montero Sport,2024,6452.00,Sedan
2,95,1944074A110000002,QRD-0002,Honda CR-V,2026,8414.00,SUV
3,11,AE764A78DA0000003,OCU-0003,Honda Civic,2019,7354.00,Sedan
4,219,4F4B65BB790000004,NGT-0004,Hyundai Accent,2012,10060.00,Sedan
5,493,7B1A418F6D0000005,LNS-0005,Ford Ranger,2014,11126.00,SUV
6,48,EC68CA90740000006,PNA-0006,Suzuki Ertiga,2012,3600.00,Hatchback
7,320,398C6C46D70000007,VPE-0007,Toyota Fortuner,2022,10074.00,Hatchback
8,390,F653B5BCF40000008,CYT-0008,Honda Civic,2013,1864.00,Crossover
9,344,A027884FE70000009,QTE-0009,Mitsubishi Montero Sport,2012,5477.00,Hatchback
10,164,57BD458B7A0000010,CVH-0010,Mitsubishi Montero Sport,2017,3601.00,Pickup
11,238,8F0CE3FF7F0000011,CVF-0011,Toyota Vios,2016,14596.00,Sedan
12,99,76AF6D02710000012,ZBU-0012,Nissan Navara,2010,3731.00,Pickup
13,427,025F1EA4210000013,KWN-0013,Honda Civic,2022,13487.00,SUV
14,129,486925CA990000014,SSM-0014,Mitsubishi Montero Sport,2022,11761.00,Sedan
15,498,068A594D7D0000015,GNQ-0015,Suzuki Ertiga,2023,1299.00,Sedan
16,300,5EB96617F00000016,PIK-0016,Isuzu D-Max,2026,10121.00,Crossover
17,191,EC6DC7751F0000017,ZIX-0017,Hyundai Accent,2013,12367.00,Van
18,114,DD3629237B0000018,QER-0018,Mitsubishi Montero Sport,2018,13604.00,Sedan
19,21,3B96F71F6E0000019,TOB-0019,Hyundai Accent,2022,2458.00,Hatchback
20,477,88E979B1760000020,QSV-0020,Honda Civic,2016,12177.00,Hatchback
21,275,6241BBC5890000021,YOT-0021,Toyota Fortuner,2025,4270.00,Sedan
22,448,2DD94A79380000022,QUM-0022,Honda Civic,2016,8656.00,Pickup
23,490,3E46AB7DCF0000023,GHQ-0023,Toyota Vios,2017,1396.00,Hatchback
24,340,DEE2D7FE620000024,LQU-0024,Honda CR-V,2012,14386.00,Hatchback
25,346,AB34ED5B030000025,VUL-0025,Nissan Navara,2019,2527.00,Hatchback
26,221,5A274CA8100000026,GQK-0026,Honda Civic,2014,1338.00,Crossover
27,416,9EEAFE424E0000027,MAN-0027,Nissan Navara,2018,2820.00,Van
28,348,AB9F478E8F0000028,BTV-0028,Ford Ranger,2011,11078.00,SUV
29,214,3D5F69FC1A0000029,BWU-0029,Ford Ranger,2010,6600.00,Pickup
30,121,932061A1FC0000030,JBY-0030,Toyota Vios,2011,1545.00,SUV
31,323,96A4DB41BB0000031,QKR-0031,Ford Ranger,2013,1755.00,Crossover
32,138,0EAF5AB4E30000032,WQF-0032,Hyundai Accent,2011,9727.00,Crossover
33,282,459231D1DB0000033,VCZ-0033,Nissan Navara,2011,10346.00,Sedan
34,213,34E248DC020000034,TZT-0034,Suzuki Ertiga,2021,1267.00,Pickup
35,189,66038448C00000035,ERS-0035,Toyota Fortuner,2015,7941.00,Pickup
36,144,46840A69630000036,RDR-0036,Ford Ranger,2021,12995.00,SUV
37,52,B086F49C1D0000037,JRX-0037,Toyota Fortuner,2011,13043.00,Pickup
38,40,159C2B14410000038,IQM-0038,Suzuki Ertiga,2016,9917.00,Pickup
39,223,D93AFA24070000039,CUE-0039,Ford Ranger,2024,14922.00,Crossover
40,157,F4FEBDBD380000040,MVT-0040,Honda Civic,2016,12638.00,Sedan
41,336,BFE23CAC260000041,YLH-0041,Mitsubishi Montero Sport,2014,14448.00,SUV
42,49,EA757613270000042,ZUZ-0042,Honda Civic,2010,10498.00,Hatchback
43,43,70F44860880000043,NGK-0043,Hyundai Accent,2020,12143.00,Van
44,151,657AF95BBD0000044,UOQ-0044,Toyota Vios,2023,11328.00,Sedan
45,186,541E9AC57F0000045,KRS-0045,Hyundai Accent,2019,8815.00,Sedan
46,112,AB17EF310B0000046,SXW-0046,Ford Ranger,2020,9625.00,Crossover
47,65,0152FE06290000047,QFP-0047,Nissan Navara,2016,11412.00,Van
48,482,C1F64E51DC0000048,XJO-0048,Ford Ranger,2020,8497.00,Crossover
49,118,D078DF1C920000049,DER-0049,Honda CR-V,2018,12419.00,Hatchback
50,181,8A86F99EFA0000050,ZST-0050,Hyundai Accent,2010,3720.00,Crossover
51,49,778991BF7F0000051,JVM-0051,Honda Civic,2026,8461.00,SUV
52,336,CCC73647C40000052,AKC-0052,Toyota Vios,2024,1850.00,Hatchback
53,403,2C7210D9800000053,YRU-0053,Hyundai Accent,2016,12506.00,Crossover
54,179,24B0873D030000054,SML-0054,Mitsubishi Montero Sport,2019,2901.00,Sedan
55,134,067B71697E0000055,BFD-0055,Honda Civic,2022,9712.00,Hatchback
56,349,96428F70500000056,TCJ-0056,Honda Civic,2018,1442.00,SUV
57,320,4FF51185120000057,MIG-0057,Toyota Fortuner,2021,5920.00,Sedan
58,348,811BAFADB60000058,HVJ-0058,Honda Civic,2024,11098.00,Pickup
59,319,FEADCB329A0000059,GUY-0059,Honda Civic,2024,8243.00,Pickup
60,301,805620AABD0000060,UWT-0060,Ford Ranger,2020,7597.00,Pickup
61,380,7AEC9622750000061,XBI-0061,Suzuki Ertiga,2016,10736.00,Sedan
62,123,1A49A7C9D00000062,JNC-0062,Hyundai Accent,2023,5247.00,Pickup
63,5,625D1F8DED0000063,QQY-0063,Ford Ranger,2023,13893.00,Van
64,449,9B2B8E498B0000064,IOY-0064,Hyundai Accent,2021,1644.00,Pickup
65,137,A1D421F5880000065,TDB-0065,Honda CR-V,2025,10606.00,Crossover
66,278,EDBAA1D4130000066,GEI-0066,Nissan Navara,2014,2821.00,Crossover
67,299,CCBFD469D30000067,MOR-0067,Mitsubishi Montero Sport,2011,1541.00,Pickup
68,142,855ED445180000068,XPY-0068,Hyundai Accent,2014,7947.00,Crossover
69,493,96D2D1269E0000069,IIV-0069,Suzuki Ertiga,2019,4540.00,Van
70,21,ADEBCCA6980000070,VCY-0070,Honda Civic,2018,7081.00,Crossover
71,73,7038E792E70000071,TVQ-0071,Hyundai Accent,2023,14347.00,Crossover
72,315,AEF742048C0000072,LXE-0072,Mitsubishi Montero Sport,2013,13350.00,Crossover
73,456,897790AA140000073,JVT-0073,Nissan Navara,2026,2612.00,Crossover
74,270,3D1E1DB9650000074,KCG-0074,Ford Ranger,2010,3469.00,Crossover
75,161,9385023AAD0000075,PPO-0075,Mitsubishi Montero Sport,2023,13782.00,Crossover
76,110,D2D4C595C80000076,MTV-0076,Isuzu D-Max,2011,9390.00,Crossover
77,199,2B09E85DA60000077,HBV-0077,Nissan Navara,2021,5915.00,Hatchback
78,280,09022238E90000078,ZGK-0078,Ford Ranger,2025,10630.00,Crossover
79,279,2310F2DF960000079,EXB-0079,Nissan Navara,2022,8799.00,Sedan
80,46,D3C95E6D540000080,IPM-0080,Honda Civic,2013,3682.00,Crossover
81,103,958F894B540000081,IMO-0081,Toyota Vios,2017,14173.00,Crossover
82,332,E4468959010000082,IAS-0082,Mitsubishi Montero Sport,2011,4580.00,Sedan
83,34,C96214339D0000083,LJF-0083,Suzuki Ertiga,2021,8912.00,Crossover
84,277,4C27FFC5710000084,LVX-0084,Nissan Navara,2012,12883.00,Pickup
85,65,0CA7A03C300000085,GRM-0085,Mitsubishi Montero Sport,2026,12240.00,Pickup
86,315,A8FA82E04A0000086,GVS-0086,Ford Ranger,2020,14759.00,SUV
87,189,DDE799F4800000087,IBB-0087,Ford Ranger,2026,13927.00,Van
88,406,25CE10523D0000088,QOR-0088,Toyota Fortuner,2011,8461.00,SUV
89,203,AEBCFBEA690000089,DJB-0089,Nissan Navara,2012,7108.00,Crossover
90,491,811C1301750000090,CKR-0090,Honda Civic,2019,8634.00,Crossover
91,366,49DDF7B1620000091,JSA-0091,Honda Civic,2014,12939.00,Van
92,475,7708BECC380000092,VWM-0092,Isuzu D-Max,2010,3218.00,Van
93,7,A69DD39E950000093,EVY-0093,Isuzu D-Max,2012,3022.00,Sedan
94,23,709D0E8A9E0000094,JVE-0094,Mitsubishi Montero Sport,2020,14195.00,Sedan
95,469,85751E16870000095,FXV-0095,Honda CR-V,2015,1374.00,Sedan
96,44,6B7A26B9DE0000096,MRI-0096,Toyota Vios,2013,7474.00,Sedan
97,429,540C78130B0000097,WMS-0097,Honda Civic,2022,3663.00,Van
98,446,1E2101E2700000098,OWL-0098,Honda CR-V,2012,6517.00,Van
99,415,6C020CE6F10000099,INN-0099,Nissan Navara,2022,3665.00,Pickup
100,346,18DC1186B80000100,WMS-0100,Hyundai Accent,2016,9425.00,Sedan
101,404,08993A57F60000101,SLH-0101,Suzuki Ertiga,2024,9414.00,Pickup
102,410,E837EEA83A0000102,WHO-0102,Honda Civic,2015,1782.00,Sedan
103,377,E5D08C91850000103,DIL-0103,Honda CR-V,2021,9429.00,Crossover
104,351,83DC20537F0000104,TLR-0104,Suzuki Ertiga,2017,14970.00,Van
105,21,233AFB33000000105,BOH-0105,Mitsubishi Montero Sport,2019,2498.00,Sedan
106,55,55D3F1CF3E0000106,SUB-0106,Nissan Navara,2010,3753.00,Sedan
107,497,14CAC9CD440000107,HPL-0107,Isuzu D-Max,2017,3210.00,Crossover
108,248,EE495AE56A0000108,EKO-0108,Suzuki Ertiga,2014,1739.00,Van
109,312,D9D1731A1F0000109,FLY-0109,Honda CR-V,2026,7533.00,Crossover
110,452,8F1CC1C01B0000110,NGY-0110,Honda CR-V,2011,7574.00,SUV
111,444,E18F5C2A620000111,BIM-0111,Toyota Vios,2022,5890.00,Van
112,139,F823500B660000112,FBQ-0112,Honda CR-V,2026,6959.00,Pickup
113,87,A768528BE10000113,BDP-0113,Toyota Vios,2015,3560.00,Van
114,432,E22C8E1C220000114,DWI-0114,Hyundai Accent,2010,3020.00,Crossover
115,188,C90DF55FB00000115,OQR-0115,Mitsubishi Montero Sport,2016,4469.00,Sedan
116,269,F615F98DEE0000116,SRF-0116,Honda Civic,2019,14186.00,Pickup
117,222,5247F658D20000117,JGW-0117,Honda Civic,2013,13869.00,SUV
118,58,4E92FF0D850000118,VUY-0118,Nissan Navara,2023,3358.00,Pickup
119,117,DCB106D4700000119,HAD-0119,Suzuki Ertiga,2021,9009.00,Hatchback
120,382,BF990716350000120,URD-0120,Toyota Vios,2019,8272.00,Sedan
121,400,2977311E800000121,BTB-0121,Isuzu D-Max,2017,13887.00,Van
122,427,B1634A50F10000122,UZT-0122,Toyota Fortuner,2015,9565.00,Pickup
123,358,DCB7848D840000123,VHS-0123,Toyota Fortuner,2026,1711.00,Van
124,286,D61801B1660000124,DLM-0124,Mitsubishi Montero Sport,2010,2303.00,Van
125,184,4573CF17E10000125,PDU-0125,Hyundai Accent,2013,11708.00,Pickup
126,259,753E79AA5F0000126,LZG-0126,Mitsubishi Montero Sport,2026,1994.00,Pickup
127,374,024D9A03540000127,LVD-0127,Nissan Navara,2026,10381.00,SUV
128,269,263C13F4FE0000128,OEC-0128,Isuzu D-Max,2022,8236.00,Hatchback
129,239,12C3D36BE00000129,QCW-0129,Isuzu D-Max,2011,10006.00,Van
130,276,7876A18E680000130,NVN-0130,Suzuki Ertiga,2015,5840.00,Hatchback
131,108,CAE1ACAD950000131,FTB-0131,Isuzu D-Max,2018,14974.00,Crossover
132,469,E9CAD192BA0000132,RZD-0132,Honda CR-V,2019,10020.00,Crossover
133,477,6119D805040000133,BMG-0133,Isuzu D-Max,2025,11946.00,Crossover
134,154,1ADD2EF8830000134,AKL-0134,Honda Civic,2012,2498.00,Pickup
135,141,17B661A4FF0000135,MHG-0135,Isuzu D-Max,2026,13685.00,Pickup
136,392,29963CE4260000136,HNA-0136,Isuzu D-Max,2025,7505.00,Pickup
137,356,9038C0F7BF0000137,HJM-0137,Isuzu D-Max,2016,10203.00,Van
138,452,4B7CA859FC0000138,OHP-0138,Toyota Fortuner,2020,13577.00,SUV
139,352,916336012A0000139,LOQ-0139,Toyota Vios,2016,2964.00,Van
140,216,02DAACC87C0000140,FXH-0140,Isuzu D-Max,2010,4184.00,Crossover
141,411,E5F7F0BFFF0000141,IZQ-0141,Toyota Vios,2014,3260.00,Crossover
142,366,D9328A82640000142,TOS-0142,Honda CR-V,2022,5878.00,Crossover
143,275,50EC8B42060000143,ELA-0143,Honda Civic,2021,2581.00,Crossover
144,85,6DD5D1C1890000144,YHC-0144,Toyota Fortuner,2012,14026.00,Sedan
145,415,6DA485C8520000145,QTR-0145,Hyundai Accent,2015,13771.00,SUV
146,222,5E062235E70000146,QYR-0146,Ford Ranger,2016,1431.00,Crossover
147,395,8ACD22B4DC0000147,SAP-0147,Ford Ranger,2012,5388.00,Sedan
148,70,BBCADFFBBB0000148,FNZ-0148,Mitsubishi Montero Sport,2010,7850.00,Sedan
149,213,6FBC5907BD0000149,PTY-0149,Suzuki Ertiga,2010,3153.00,Sedan
150,26,F1338EC2660000150,BDJ-0150,Nissan Navara,2016,11658.00,Sedan
151,378,E8A4EFE9990000151,KET-0151,Isuzu D-Max,2011,7477.00,Hatchback
152,37,E473999A460000152,EQL-0152,Honda CR-V,2018,4823.00,Sedan
153,158,4BAB26149A0000153,JOL-0153,Mitsubishi Montero Sport,2011,10970.00,Sedan
154,471,3CA33E07250000154,XBC-0154,Nissan Navara,2010,10598.00,Crossover
155,67,4BC0CC51180000155,ANK-0155,Honda CR-V,2021,7784.00,Pickup
156,327,99124BADF30000156,ZNI-0156,Nissan Navara,2015,12948.00,Sedan
157,341,77185F8A8B0000157,KGO-0157,Hyundai Accent,2017,8146.00,SUV
158,209,32859DE5B80000158,AIV-0158,Hyundai Accent,2015,13254.00,SUV
159,415,FD015C30BA0000159,ZTG-0159,Suzuki Ertiga,2024,7700.00,Hatchback
160,343,4A461584250000160,BJB-0160,Toyota Vios,2016,7037.00,Hatchback
161,165,0D6562847C0000161,NPO-0161,Hyundai Accent,2026,13365.00,Crossover
162,417,8FACB17BF50000162,DSS-0162,Isuzu D-Max,2020,10195.00,Pickup
163,318,920912564D0000163,RWX-0163,Isuzu D-Max,2022,8173.00,Crossover
164,148,44E3E3B4070000164,IBK-0164,Honda CR-V,2014,8525.00,Van
165,120,6E5CDCBB3D0000165,NFJ-0165,Hyundai Accent,2023,6717.00,Pickup
166,332,B5262BB52E0000166,TLQ-0166,Isuzu D-Max,2025,10510.00,Sedan
167,321,D8C5E5CA010000167,KBS-0167,Nissan Navara,2013,2905.00,Pickup
168,317,E07B13FF5F0000168,JOV-0168,Hyundai Accent,2018,13466.00,Van
169,70,C24C92CCA50000169,QPQ-0169,Ford Ranger,2014,8559.00,Van
170,42,4D72A83F640000170,QNZ-0170,Isuzu D-Max,2020,8737.00,Hatchback
171,462,F838596CBC0000171,PDY-0171,Toyota Fortuner,2015,7931.00,Van
172,21,FD777F88DF0000172,DND-0172,Suzuki Ertiga,2011,5945.00,Sedan
173,291,5B376B56140000173,WXF-0173,Honda CR-V,2017,5994.00,SUV
174,272,38C8F356130000174,YQK-0174,Suzuki Ertiga,2012,11970.00,Hatchback
175,268,112CBC71D50000175,FPY-0175,Nissan Navara,2025,11505.00,Sedan
176,62,D6422BD2CB0000176,TMW-0176,Hyundai Accent,2018,10868.00,Crossover
177,221,776DDFC4280000177,JNZ-0177,Suzuki Ertiga,2020,6302.00,Crossover
178,149,F35EDCBCEB0000178,OYT-0178,Isuzu D-Max,2026,14812.00,Pickup
179,255,A15483519B0000179,MUM-0179,Suzuki Ertiga,2026,3826.00,Van
180,363,10C666122E0000180,XFH-0180,Ford Ranger,2021,4556.00,Hatchback
181,68,ED6FE45D810000181,HEK-0181,Suzuki Ertiga,2026,2992.00,Sedan
182,354,BA94909F6B0000182,SJV-0182,Ford Ranger,2012,4504.00,Van
183,352,DAF2B6F5730000183,SCU-0183,Honda CR-V,2017,2666.00,Hatchback
184,32,D8E04062DA0000184,VPN-0184,Suzuki Ertiga,2021,4511.00,Hatchback
185,283,2BA93C06E70000185,MUM-0185,Suzuki Ertiga,2010,4192.00,Van
186,334,A759D66C070000186,SLE-0186,Nissan Navara,2025,11983.00,Pickup
187,297,DB6BF0093A0000187,YDX-0187,Mitsubishi Montero Sport,2011,13648.00,Van
188,363,9FB43C820C0000188,PVH-0188,Nissan Navara,2024,2617.00,Crossover
189,335,A06756E6080000189,REF-0189,Honda CR-V,2020,14177.00,Sedan
190,293,D9886FAEC50000190,DSL-0190,Suzuki Ertiga,2026,10339.00,Pickup
191,16,167B45D0690000191,AYH-0191,Ford Ranger,2017,5707.00,Sedan
192,24,04F1F733170000192,GRX-0192,Honda CR-V,2023,11375.00,Sedan
193,13,2D2E1EA6BF0000193,JMJ-0193,Ford Ranger,2012,14263.00,Sedan
194,28,E782AD30A40000194,JEI-0194,Toyota Fortuner,2022,14941.00,SUV
195,100,C82A126CC20000195,MHB-0195,Suzuki Ertiga,2023,9833.00,Crossover
196,482,B59C7484650000196,AMM-0196,Suzuki Ertiga,2016,3441.00,Hatchback
197,172,2B8B6C02980000197,WGB-0197,Isuzu D-Max,2019,11227.00,Sedan
198,392,55FD1495870000198,UOW-0198,Mitsubishi Montero Sport,2025,12181.00,Van
199,44,545701D7910000199,YUO-0199,Toyota Vios,2015,10323.00,SUV
200,3,9311566E460000200,HJY-0200,Suzuki Ertiga,2012,13128.00,Hatchback
201,450,F1AECCF79A0000201,DLE-0201,Isuzu D-Max,2015,3248.00,Van
202,11,3A3D1D96A20000202,WQJ-0202,Ford Ranger,2019,4151.00,Crossover
203,307,2B0AD765870000203,ONJ-0203,Nissan Navara,2016,12022.00,SUV
204,485,207BF5A2500000204,FVO-0204,Isuzu D-Max,2020,8730.00,Pickup
205,187,CD91DBB3230000205,GQO-0205,Honda Civic,2011,5532.00,Pickup
206,156,B5B2C7EDC70000206,EYU-0206,Toyota Fortuner,2022,4680.00,Van
207,496,08CF95E2480000207,PEU-0207,Isuzu D-Max,2022,12178.00,SUV
208,290,3CEB7F11CD0000208,GWA-0208,Honda CR-V,2024,7033.00,Crossover
209,353,A6A2F425730000209,VIT-0209,Hyundai Accent,2018,10271.00,Van
210,342,AEC4E6F9C60000210,FOW-0210,Ford Ranger,2010,2330.00,Pickup
211,21,99A4397B240000211,HOX-0211,Honda CR-V,2021,12389.00,SUV
212,63,51959F01650000212,KLQ-0212,Nissan Navara,2025,9018.00,SUV
213,58,D1F39AC71E0000213,FBX-0213,Suzuki Ertiga,2010,14700.00,Crossover
214,496,6CA38670B10000214,UDZ-0214,Toyota Fortuner,2020,13352.00,SUV
215,451,BBAD5357570000215,JXD-0215,Toyota Vios,2021,10558.00,Sedan
216,11,104560B22A0000216,SAV-0216,Mitsubishi Montero Sport,2014,4705.00,Van
217,23,8AB1CFE9500000217,OPJ-0217,Mitsubishi Montero Sport,2017,3127.00,SUV
218,439,C432448E320000218,URK-0218,Honda Civic,2018,6978.00,SUV
219,17,D67847F5670000219,ZSC-0219,Hyundai Accent,2016,2355.00,Hatchback
220,257,A51D82420D0000220,BGE-0220,Suzuki Ertiga,2023,9631.00,Sedan
221,45,3D0FD28C870000221,NTD-0221,Isuzu D-Max,2019,2713.00,Pickup
222,176,953A3AB3F10000222,QPA-0222,Nissan Navara,2013,1525.00,Hatchback
223,429,DFBD7C1C0D0000223,ZGE-0223,Ford Ranger,2020,6563.00,Hatchback
224,146,02F0063FD70000224,YXY-0224,Suzuki Ertiga,2011,11016.00,Sedan
225,427,5AB8686EC80000225,SYC-0225,Nissan Navara,2010,11664.00,Van
226,224,F8D419E9C10000226,YBF-0226,Mitsubishi Montero Sport,2019,13505.00,Van
227,238,5F4AD77B150000227,QQY-0227,Toyota Vios,2020,14059.00,Hatchback
228,322,DDFEEC6DF10000228,KUN-0228,Hyundai Accent,2019,5473.00,Hatchback
229,186,F518230EC30000229,DGJ-0229,Honda CR-V,2015,2024.00,Van
230,217,8BEC25CBDB0000230,ERY-0230,Suzuki Ertiga,2018,10516.00,SUV
231,135,2DA6E8D0FC0000231,LAT-0231,Toyota Vios,2010,3054.00,Sedan
232,433,81DEF87DBC0000232,HPC-0232,Hyundai Accent,2020,6361.00,Hatchback
233,73,C3F79BBA8E0000233,TQI-0233,Toyota Vios,2021,9196.00,Van
234,342,BEE90CCB1D0000234,MZO-0234,Honda Civic,2021,7594.00,SUV
235,356,D9D7FAC5700000235,NTO-0235,Isuzu D-Max,2022,2585.00,Hatchback
236,68,D0941D60260000236,CLU-0236,Hyundai Accent,2020,8435.00,Pickup
237,268,D9B14FBB630000237,YRK-0237,Suzuki Ertiga,2017,7077.00,Sedan
238,70,F457A1A6CD0000238,ZUA-0238,Suzuki Ertiga,2015,3283.00,SUV
239,215,0E9F14EBC00000239,TBM-0239,Honda CR-V,2013,4907.00,Van
240,156,0F1FA33F730000240,GOB-0240,Nissan Navara,2021,9629.00,Hatchback
241,137,A047BBCFCB0000241,CXE-0241,Toyota Vios,2012,4673.00,Van
242,380,058C6EF2D30000242,RUP-0242,Honda Civic,2013,9234.00,Van
243,319,C5450B39400000243,YLM-0243,Hyundai Accent,2022,14166.00,SUV
244,129,4F5B0CD85E0000244,HNP-0244,Nissan Navara,2025,11253.00,Pickup
245,253,D020D09BB40000245,GEP-0245,Toyota Fortuner,2022,4921.00,Sedan
246,84,ADE3CB6D9B0000246,CYU-0246,Toyota Fortuner,2013,6707.00,Sedan
247,437,A077F1C2B90000247,VBL-0247,Hyundai Accent,2012,3804.00,Hatchback
248,194,C45E5A23ED0000248,ATS-0248,Honda CR-V,2024,12143.00,SUV
249,381,E03D22A5650000249,HKR-0249,Suzuki Ertiga,2014,7458.00,Pickup
250,331,0C1EDB4CF30000250,WXH-0250,Nissan Navara,2026,5810.00,Hatchback
251,385,5BC5D21D110000251,KPB-0251,Suzuki Ertiga,2022,11420.00,Van
252,477,75BF8D4C930000252,GOJ-0252,Hyundai Accent,2026,12231.00,Crossover
253,225,D6D00627920000253,SGO-0253,Nissan Navara,2022,5469.00,Hatchback
254,74,834397A9440000254,NYW-0254,Suzuki Ertiga,2014,1615.00,Van
255,173,6B7C75F8F10000255,FEO-0255,Honda Civic,2023,7710.00,Pickup
256,202,DC0E0EF7B50000256,UXZ-0256,Honda Civic,2026,11636.00,Crossover
257,97,313948C8A80000257,CKT-0257,Honda CR-V,2019,7934.00,Hatchback
258,155,82160944AB0000258,TAC-0258,Toyota Fortuner,2015,7930.00,Pickup
259,89,49CCB574920000259,HPG-0259,Isuzu D-Max,2011,8597.00,Hatchback
260,371,E1B76747690000260,OHO-0260,Ford Ranger,2021,5113.00,SUV
261,186,73FD6310340000261,DAP-0261,Hyundai Accent,2012,1769.00,Van
262,67,C2FF0AD1230000262,EUN-0262,Honda Civic,2015,13491.00,Sedan
263,45,35FD526B3B0000263,FRZ-0263,Isuzu D-Max,2010,6053.00,Crossover
264,435,E85F7F55E50000264,DDZ-0264,Suzuki Ertiga,2011,10037.00,Sedan
265,21,6DAA4D56660000265,AJX-0265,Honda Civic,2020,6629.00,SUV
266,476,09D2D3FCE60000266,IBB-0266,Toyota Fortuner,2011,13434.00,Sedan
267,432,47FFA900B80000267,XPE-0267,Hyundai Accent,2024,5118.00,SUV
268,426,2ED7C816020000268,JTK-0268,Nissan Navara,2017,3369.00,Pickup
269,363,BC4FE497010000269,JKI-0269,Isuzu D-Max,2017,14299.00,SUV
270,59,1D306E75540000270,IKK-0270,Honda CR-V,2026,4366.00,Pickup
271,207,E6E4C3404D0000271,HTE-0271,Ford Ranger,2026,3337.00,Sedan
272,436,4DC3ADF4940000272,KCR-0272,Isuzu D-Max,2026,7491.00,Van
273,38,A32357FDD70000273,KFD-0273,Toyota Fortuner,2024,10751.00,Hatchback
274,43,477C923A6A0000274,SZG-0274,Nissan Navara,2019,1206.00,Hatchback
275,125,049401018B0000275,AYY-0275,Nissan Navara,2015,6078.00,Sedan
276,360,4DF139387B0000276,FGD-0276,Ford Ranger,2018,2165.00,Van
277,193,514FE4F0530000277,TGU-0277,Ford Ranger,2025,7869.00,Crossover
278,421,FEBA6E8FFB0000278,UOO-0278,Suzuki Ertiga,2020,10832.00,Sedan
279,425,0B624B095E0000279,OOF-0279,Toyota Fortuner,2024,3579.00,Pickup
280,219,2340557EE00000280,HNB-0280,Toyota Vios,2013,7039.00,Hatchback
281,410,EAD74BCB2A0000281,JRD-0281,Suzuki Ertiga,2024,14749.00,Pickup
282,243,A24217190B0000282,YEX-0282,Mitsubishi Montero Sport,2020,2068.00,SUV
283,239,F4D4D1DF100000283,FET-0283,Nissan Navara,2016,6822.00,Pickup
284,385,19D8C591B80000284,VQD-0284,Mitsubishi Montero Sport,2012,8723.00,Hatchback
285,127,83472303690000285,MHE-0285,Nissan Navara,2014,2513.00,Sedan
286,317,848D40F0B80000286,CZX-0286,Ford Ranger,2022,13982.00,Hatchback
287,149,99BCAE09040000287,IPR-0287,Suzuki Ertiga,2026,10558.00,Pickup
288,376,54C50192B40000288,ZMI-0288,Honda Civic,2012,5567.00,Hatchback
289,347,503393DBC60000289,YTQ-0289,Honda CR-V,2024,12906.00,Sedan
290,52,DD979F6A680000290,CGX-0290,Mitsubishi Montero Sport,2017,13388.00,Van
291,490,1A4AE7CB6F0000291,TEO-0291,Suzuki Ertiga,2012,13705.00,Sedan
292,414,6B2195BFD80000292,TYG-0292,Ford Ranger,2017,4865.00,Sedan
293,23,F62CB486DE0000293,SIJ-0293,Mitsubishi Montero Sport,2024,1337.00,Hatchback
294,82,BE40EE72EF0000294,GIS-0294,Nissan Navara,2018,9571.00,Crossover
295,179,5CE4E612F80000295,TZO-0295,Suzuki Ertiga,2024,14448.00,Pickup
296,312,FCCCABB3A50000296,MUZ-0296,Toyota Vios,2013,10921.00,Pickup
297,428,DC8A0827A50000297,KXY-0297,Suzuki Ertiga,2022,12682.00,Van
298,480,B3DB4416040000298,ODP-0298,Ford Ranger,2014,14190.00,Van
299,285,9BFB91D1420000299,QME-0299,Suzuki Ertiga,2010,12775.00,Pickup
300,14,0E8751D3880000300,EVA-0300,Ford Ranger,2020,1550.00,SUV
301,259,999993E0030000301,FZS-0301,Honda CR-V,2019,13746.00,Van
302,159,A829F92ADB0000302,XJC-0302,Honda Civic,2020,5935.00,Pickup
303,156,311F88BA040000303,BFX-0303,Hyundai Accent,2019,4525.00,SUV
304,72,9F38CAC3A60000304,OBU-0304,Ford Ranger,2024,12835.00,Sedan
305,96,E381B843150000305,GHN-0305,Mitsubishi Montero Sport,2022,11775.00,Crossover
306,476,0637DD48CC0000306,REX-0306,Toyota Fortuner,2011,12415.00,SUV
307,74,DD9C52F2110000307,GNI-0307,Ford Ranger,2018,11935.00,Sedan
308,312,19CD727B3E0000308,AJC-0308,Nissan Navara,2024,8717.00,Pickup
309,283,7A007DD2580000309,ONT-0309,Hyundai Accent,2023,5962.00,SUV
310,51,DFA3B036990000310,VST-0310,Nissan Navara,2010,11030.00,Pickup
311,175,BCCCACBB2A0000311,GYK-0311,Toyota Fortuner,2019,3038.00,Van
312,271,6E6738D9EA0000312,HVY-0312,Honda CR-V,2021,7050.00,Van
313,9,8AC33FB5990000313,WPM-0313,Mitsubishi Montero Sport,2019,1626.00,Sedan
314,330,62F77BAB3C0000314,XMR-0314,Hyundai Accent,2021,8439.00,Sedan
315,291,CC941E39BA0000315,HEG-0315,Ford Ranger,2017,12914.00,Van
316,24,BA6CE153E30000316,UUS-0316,Suzuki Ertiga,2018,10466.00,Pickup
317,358,92D0AF43060000317,SHC-0317,Isuzu D-Max,2014,8334.00,Sedan
318,369,1CD97DFF5A0000318,XEA-0318,Toyota Fortuner,2018,5868.00,Pickup
319,349,7EF436C17E0000319,FBC-0319,Mitsubishi Montero Sport,2011,11920.00,Pickup
320,273,CF9FABF7D70000320,GBL-0320,Honda Civic,2024,7849.00,Hatchback
321,184,6605945E1C0000321,SQJ-0321,Nissan Navara,2010,11588.00,Pickup
322,249,DDCC2F2ADA0000322,SZI-0322,Honda CR-V,2014,12647.00,Hatchback
323,240,A08608F3020000323,XBX-0323,Honda Civic,2010,9605.00,Van
324,358,ED2F2957D60000324,YTD-0324,Ford Ranger,2017,10202.00,Hatchback
325,67,B286E7BDAC0000325,CKH-0325,Suzuki Ertiga,2012,11920.00,SUV
326,230,C571E5672F0000326,GVL-0326,Toyota Fortuner,2023,7649.00,SUV
327,234,DFED65FC850000327,CTK-0327,Nissan Navara,2021,14011.00,SUV
328,161,C1CEBF194C0000328,FVS-0328,Suzuki Ertiga,2019,11340.00,Crossover
329,63,A2F1A9EF0E0000329,FXC-0329,Toyota Fortuner,2011,5423.00,Crossover
330,466,4BF1E9ECC50000330,SER-0330,Toyota Vios,2023,3706.00,Crossover
331,449,719602AFE60000331,ZKL-0331,Nissan Navara,2025,3716.00,Sedan
332,164,B2851543630000332,ZPJ-0332,Suzuki Ertiga,2026,5990.00,Hatchback
333,353,1DBCC2FC4F0000333,VQC-0333,Nissan Navara,2016,9735.00,Sedan
334,245,AD2495E1ED0000334,UJC-0334,Ford Ranger,2020,4239.00,Pickup
335,457,F8B81585BE0000335,QOQ-0335,Honda CR-V,2010,2533.00,Van
336,165,31B96B037C0000336,TCT-0336,Honda CR-V,2021,10773.00,Van
337,380,B37FAAB1010000337,DOG-0337,Toyota Vios,2019,9892.00,Crossover
338,4,9C7842A4C70000338,SYH-0338,Isuzu D-Max,2023,3926.00,Sedan
339,122,B3C7011BDE0000339,CDE-0339,Ford Ranger,2016,8906.00,Crossover
340,195,992E0365DE0000340,VMQ-0340,Hyundai Accent,2023,8308.00,SUV
341,120,7BD1C19EB40000341,XXZ-0341,Honda CR-V,2016,11950.00,Pickup
342,263,A9834562960000342,JBP-0342,Honda CR-V,2018,7180.00,SUV
343,99,4121AC39DC0000343,FIL-0343,Honda Civic,2011,3570.00,Crossover
344,453,6EBF69967A0000344,GJX-0344,Toyota Vios,2010,12904.00,Crossover
345,58,5DFFE241FC0000345,KMF-0345,Isuzu D-Max,2012,4007.00,SUV
346,90,5588F0A2710000346,HFH-0346,Hyundai Accent,2026,3038.00,Pickup
347,238,36A116EF1E0000347,QGH-0347,Toyota Fortuner,2012,10893.00,Van
348,62,283AF691170000348,JQZ-0348,Honda CR-V,2024,5695.00,Hatchback
349,361,1FFE815F7A0000349,CAN-0349,Honda CR-V,2025,6922.00,Hatchback
350,330,1DC7CDDAFF0000350,ZIP-0350,Toyota Fortuner,2021,8094.00,Sedan
351,299,C19E78DBFD0000351,XYH-0351,Isuzu D-Max,2012,2919.00,Crossover
352,99,0C2EF98DED0000352,VNS-0352,Honda Civic,2018,7033.00,Sedan
353,308,7BF07546580000353,SKA-0353,Toyota Vios,2019,14493.00,Van
354,135,B297776CFE0000354,FWN-0354,Suzuki Ertiga,2016,11901.00,Sedan
355,90,64230E1E710000355,FQX-0355,Honda CR-V,2014,8440.00,Crossover
356,169,57CAA8018B0000356,HLB-0356,Ford Ranger,2016,11023.00,Hatchback
357,163,0A10B0EE290000357,FKN-0357,Honda Civic,2017,14180.00,Van
358,35,7B275E58B70000358,RYV-0358,Nissan Navara,2021,7037.00,Crossover
359,421,4EDF8A9EC10000359,QNG-0359,Mitsubishi Montero Sport,2023,10113.00,Sedan
360,342,47310D8A9D0000360,TEZ-0360,Honda CR-V,2021,8306.00,Sedan
361,93,68ADB39E790000361,CUZ-0361,Toyota Vios,2020,9955.00,SUV
362,257,984CF5DE110000362,KLO-0362,Honda CR-V,2025,8816.00,Pickup
363,215,572EF5F7650000363,ASK-0363,Toyota Fortuner,2024,11987.00,SUV
364,316,7EAA1AC26F0000364,ATT-0364,Toyota Vios,2013,9006.00,Hatchback
365,330,A090E806EC0000365,WMA-0365,Ford Ranger,2018,6236.00,SUV
366,378,481B37426A0000366,PFD-0366,Toyota Fortuner,2025,4323.00,Pickup
367,70,AA8A77FD070000367,UWT-0367,Mitsubishi Montero Sport,2019,10260.00,Crossover
368,217,86EFEBA7270000368,JEG-0368,Hyundai Accent,2014,11577.00,Van
369,108,3CA94A59370000369,YEH-0369,Honda CR-V,2014,3765.00,Sedan
370,15,AB93AA42820000370,EWR-0370,Isuzu D-Max,2025,8395.00,Crossover
371,118,CB836CD0A40000371,FRW-0371,Toyota Vios,2011,2824.00,Sedan
372,436,3EFB6389E30000372,YGY-0372,Hyundai Accent,2022,14485.00,Pickup
373,101,C9DEAE032D0000373,XEQ-0373,Hyundai Accent,2022,5866.00,Hatchback
374,474,55DEB773950000374,ZES-0374,Toyota Fortuner,2023,12896.00,Pickup
375,329,5944196EEA0000375,BHJ-0375,Honda Civic,2018,2349.00,Crossover
376,23,B651D6EF190000376,MXG-0376,Toyota Fortuner,2023,2987.00,Pickup
377,445,023ACC83560000377,LIW-0377,Mitsubishi Montero Sport,2011,4496.00,Sedan
378,369,F1A5F918A50000378,HHJ-0378,Toyota Vios,2018,7080.00,Sedan
379,37,17C43430DA0000379,YXM-0379,Mitsubishi Montero Sport,2026,2637.00,Hatchback
380,425,2ED10014C30000380,RLI-0380,Toyota Vios,2010,9292.00,Hatchback
381,17,7FEA7268650000381,LJM-0381,Toyota Vios,2023,2815.00,Crossover
382,253,29245CB67B0000382,FOQ-0382,Ford Ranger,2026,12139.00,Hatchback
383,431,FEA0A7DCFC0000383,YFP-0383,Honda Civic,2025,5449.00,Hatchback
384,218,D3CC3C1C2C0000384,KDP-0384,Toyota Vios,2020,6386.00,Pickup
385,4,462321AE1E0000385,SEX-0385,Suzuki Ertiga,2022,7453.00,SUV
386,1,2CD5797BF60000386,SPL-0386,Toyota Fortuner,2025,6310.00,Pickup
387,93,3EEDDD5D0D0000387,XVL-0387,Honda Civic,2017,2485.00,Hatchback
388,65,1FA1C028930000388,NGO-0388,Mitsubishi Montero Sport,2023,14000.00,Van
389,421,E91F378AB80000389,VNZ-0389,Hyundai Accent,2019,7095.00,SUV
390,19,4AF35379450000390,ZZH-0390,Honda Civic,2025,12257.00,Crossover
391,454,1DBDD5D7D30000391,NBA-0391,Mitsubishi Montero Sport,2026,13656.00,Crossover
392,200,EC508823260000392,AOY-0392,Suzuki Ertiga,2026,11394.00,Hatchback
393,233,15EE13D3F80000393,SWW-0393,Hyundai Accent,2010,4040.00,SUV
394,76,A4AA362C690000394,ATG-0394,Toyota Fortuner,2014,7243.00,Crossover
395,407,600ADF4EBD0000395,TPV-0395,Mitsubishi Montero Sport,2018,3897.00,Hatchback
396,473,E1A44B589E0000396,XHS-0396,Isuzu D-Max,2011,13133.00,Sedan
397,23,15DE3FC13F0000397,ZRA-0397,Hyundai Accent,2023,10997.00,SUV
398,21,4C276B67690000398,UKQ-0398,Ford Ranger,2010,1216.00,Pickup
399,236,4797826CD20000399,CGB-0399,Toyota Fortuner,2018,4433.00,Van
400,444,C165DEB2E00000400,XPZ-0400,Ford Ranger,2018,12290.00,Sedan
401,29,EA6D0264BB0000401,OUV-0401,Nissan Navara,2023,6502.00,Hatchback
402,182,E5ABE072D10000402,LNZ-0402,Hyundai Accent,2010,4056.00,Van
403,275,0D9C33FBF90000403,HGY-0403,Honda Civic,2024,1459.00,Van
404,448,EB3D17886A0000404,FDF-0404,Mitsubishi Montero Sport,2018,9637.00,Van
405,380,ED14D65AC30000405,LBG-0405,Mitsubishi Montero Sport,2019,12504.00,Crossover
406,433,6010F193B60000406,ZTK-0406,Ford Ranger,2011,7779.00,SUV
407,108,1633DDDD7F0000407,TXT-0407,Hyundai Accent,2020,4369.00,SUV
408,472,7A7DA019F80000408,JLU-0408,Isuzu D-Max,2026,8488.00,SUV
409,147,3CC3D1B1C20000409,YSM-0409,Toyota Vios,2026,13770.00,SUV
410,222,6B63F33BE50000410,PFB-0410,Honda CR-V,2012,13633.00,Crossover
411,185,9A97F7020E0000411,ECJ-0411,Suzuki Ertiga,2023,9782.00,Van
412,183,64FC5CA6B40000412,NRH-0412,Nissan Navara,2010,3202.00,Sedan
413,314,A6F73FB5A70000413,BCO-0413,Isuzu D-Max,2019,9027.00,Van
414,354,C0A1CE55A10000414,TXN-0414,Toyota Vios,2020,12311.00,SUV
415,482,CFCE7530B10000415,YUP-0415,Toyota Fortuner,2023,10320.00,Crossover
416,275,B6E65883670000416,OWB-0416,Suzuki Ertiga,2010,8098.00,Hatchback
417,485,7A7028C2DB0000417,EIA-0417,Mitsubishi Montero Sport,2026,3110.00,Crossover
418,338,1E20A11EB10000418,VEV-0418,Toyota Fortuner,2012,7820.00,Van
419,132,C1C17EB3630000419,RNU-0419,Hyundai Accent,2016,6591.00,Van
420,271,A85272DD230000420,CPL-0420,Mitsubishi Montero Sport,2021,1139.00,Hatchback
421,92,78D9E5B0940000421,JJF-0421,Ford Ranger,2016,14880.00,SUV
422,496,4E571712830000422,CJF-0422,Honda Civic,2024,12945.00,Crossover
423,91,110F88F1680000423,GBE-0423,Honda CR-V,2021,8156.00,Van
424,184,03A4F9AD910000424,NUK-0424,Mitsubishi Montero Sport,2018,8754.00,Sedan
425,265,9EDD3798AD0000425,MLT-0425,Mitsubishi Montero Sport,2017,1727.00,Crossover
426,32,1CE569CF710000426,GDJ-0426,Honda Civic,2015,3632.00,SUV
427,18,7B0DDBAB720000427,CAK-0427,Ford Ranger,2020,7284.00,Van
428,121,9A384D49C30000428,XDZ-0428,Honda Civic,2016,5308.00,Pickup
429,121,465F457D440000429,UWE-0429,Isuzu D-Max,2013,9373.00,Sedan
430,63,932967E3B50000430,YEH-0430,Isuzu D-Max,2022,4164.00,Hatchback
431,140,D569C983030000431,HHF-0431,Toyota Fortuner,2018,9450.00,Van
432,221,0F29B6E56B0000432,EWH-0432,Suzuki Ertiga,2024,8061.00,Pickup
433,179,E438C3C70B0000433,XKZ-0433,Toyota Fortuner,2010,2036.00,Pickup
434,473,EC7C773C4D0000434,ZVS-0434,Honda CR-V,2020,4655.00,Hatchback
435,101,A676E9BA960000435,NAP-0435,Nissan Navara,2020,6281.00,Hatchback
436,126,9627C3E19E0000436,UBB-0436,Suzuki Ertiga,2025,1682.00,SUV
437,251,A4F24F25890000437,ENP-0437,Ford Ranger,2011,10708.00,Sedan
438,204,81731D8D720000438,MUU-0438,Suzuki Ertiga,2017,7442.00,Crossover
439,413,782DB23CD70000439,MKF-0439,Suzuki Ertiga,2026,4826.00,Sedan
440,226,B0C7DE9C370000440,SXY-0440,Toyota Vios,2020,13798.00,SUV
441,263,9E69898CA70000441,YXZ-0441,Ford Ranger,2023,3124.00,Sedan
442,170,3D4508A4880000442,OUM-0442,Toyota Fortuner,2024,6768.00,Crossover
443,113,F954CFE7600000443,JRH-0443,Ford Ranger,2021,5079.00,Pickup
444,480,2CFE9038590000444,BNN-0444,Suzuki Ertiga,2022,12854.00,Crossover
445,113,2424602F9C0000445,OXQ-0445,Hyundai Accent,2012,7194.00,Pickup
446,347,A00E29B52D0000446,FAL-0446,Toyota Fortuner,2023,8226.00,Pickup
447,394,CFDA804C420000447,FDK-0447,Hyundai Accent,2015,8463.00,Crossover
448,395,F5A3594A550000448,EXI-0448,Ford Ranger,2012,6563.00,Van
449,409,43B5A4059B0000449,MOK-0449,Isuzu D-Max,2019,3105.00,Sedan
450,238,381B67089C0000450,ZTT-0450,Mitsubishi Montero Sport,2018,14953.00,Sedan
451,34,78A5186AAF0000451,BPI-0451,Toyota Vios,2020,8722.00,Hatchback
452,41,49B96322A20000452,RXB-0452,Isuzu D-Max,2014,8928.00,Van
453,423,0506768FB60000453,MGN-0453,Isuzu D-Max,2018,14985.00,Crossover
454,400,24F25AB8850000454,PSO-0454,Toyota Vios,2019,9313.00,Crossover
455,201,E56D63686C0000455,FVM-0455,Toyota Vios,2021,10967.00,Pickup
456,418,70FA16A4E90000456,DEB-0456,Honda Civic,2020,12856.00,SUV
457,153,237978DEAF0000457,IAY-0457,Toyota Fortuner,2014,1698.00,Hatchback
458,354,08172A051E0000458,CXD-0458,Ford Ranger,2012,6219.00,SUV
459,291,070FE263040000459,SHQ-0459,Hyundai Accent,2026,6159.00,Sedan
460,55,3A867D32BE0000460,JWE-0460,Mitsubishi Montero Sport,2022,10495.00,Van
461,148,200D447C2C0000461,UPY-0461,Suzuki Ertiga,2013,10661.00,Pickup
462,106,CC250F06950000462,PLG-0462,Ford Ranger,2022,13203.00,SUV
463,55,DC3311C5F50000463,OKT-0463,Nissan Navara,2013,10736.00,Sedan
464,197,51472B5B990000464,BIT-0464,Toyota Vios,2012,10907.00,SUV
465,410,C82169934B0000465,IDU-0465,Hyundai Accent,2017,12300.00,Crossover
466,200,844D8BC9330000466,NAE-0466,Ford Ranger,2024,11126.00,Sedan
467,169,EDBC8695A00000467,DTJ-0467,Toyota Fortuner,2013,5546.00,Sedan
468,425,81FC2DFD170000468,YAM-0468,Isuzu D-Max,2014,1629.00,Hatchback
469,318,FDC9F843660000469,ATV-0469,Suzuki Ertiga,2019,8006.00,Sedan
470,20,A59DC3C6430000470,FOS-0470,Honda Civic,2013,14274.00,Crossover
471,407,18CB6927560000471,YJK-0471,Honda CR-V,2019,6537.00,Van
472,264,4E5B70BA100000472,SPC-0472,Toyota Vios,2025,4876.00,Van
473,337,BECE5D532D0000473,GRY-0473,Hyundai Accent,2017,9441.00,Hatchback
474,288,387ADACDCC0000474,GKF-0474,Hyundai Accent,2015,6670.00,SUV
475,107,C26BCD2FB50000475,FTB-0475,Mitsubishi Montero Sport,2013,1883.00,Crossover
476,379,8FE784FD6B0000476,NXH-0476,Ford Ranger,2011,7442.00,Crossover
477,364,1C466B87590000477,LNW-0477,Mitsubishi Montero Sport,2017,6152.00,Pickup
478,262,71BEDB3F900000478,STD-0478,Mitsubishi Montero Sport,2024,12051.00,Crossover
479,5,1DF06B9AA60000479,DEY-0479,Mitsubishi Montero Sport,2021,11441.00,Van
480,217,E539295D940000480,QED-0480,Hyundai Accent,2017,7335.00,Pickup
481,446,9484B8BBA40000481,MQU-0481,Ford Ranger,2017,14749.00,Crossover
482,453,3286FA53890000482,ZHB-0482,Suzuki Ertiga,2019,6750.00,Hatchback
483,398,1CE7CA58200000483,AHN-0483,Isuzu D-Max,2018,3314.00,SUV
484,110,8DB26ADDA50000484,BOL-0484,Mitsubishi Montero Sport,2013,6064.00,Hatchback
485,253,3F7CFF6A780000485,XNY-0485,Ford Ranger,2024,5701.00,Sedan
486,255,06EF0171360000486,QMF-0486,Suzuki Ertiga,2015,1612.00,Crossover
487,223,6EA1D406110000487,DFR-0487,Ford Ranger,2019,3430.00,Sedan
488,360,4EEE3775FD0000488,FCV-0488,Toyota Fortuner,2011,8541.00,Pickup
489,211,EA2D4989E40000489,ZGP-0489,Isuzu D-Max,2015,7944.00,Sedan
490,214,59B40B43DE0000490,TQN-0490,Mitsubishi Montero Sport,2015,3025.00,Pickup
491,493,0A9B30A83C0000491,ZZM-0491,Mitsubishi Montero Sport,2021,9258.00,Hatchback
492,459,0AE17DDF040000492,ZWB-0492,Mitsubishi Montero Sport,2025,3171.00,SUV
493,495,E33247C9AF0000493,DAP-0493,Isuzu D-Max,2014,5875.00,Sedan
494,367,CC12D919AA0000494,JLM-0494,Isuzu D-Max,2017,6261.00,SUV
495,331,7856C142420000495,DXV-0495,Toyota Vios,2025,8928.00,Hatchback
496,286,D121DB9F170000496,GXO-0496,Isuzu D-Max,2024,3106.00,Pickup
497,401,56534DC8660000497,DWT-0497,Suzuki Ertiga,2022,11970.00,Pickup
498,196,3BFAC587960000498,SCL-0498,Toyota Vios,2020,5266.00,Pickup
499,221,4090D882FA0000499,SDL-0499,Suzuki Ertiga,2010,9041.00,Crossover
500,268,8A509800A70000500,GKL-0500,Hyundai Accent,2023,5697.00,Hatchback
501,192,7FAA2AEA150000501,CVV-0501,Honda Civic,2011,9241.00,SUV
502,360,C9D1D3CD9C0000502,GPM-0502,Honda Civic,2017,14376.00,Crossover
503,87,F5EABFDBB20000503,WNG-0503,Isuzu D-Max,2011,4849.00,Crossover
504,57,59AE21D1280000504,ZLB-0504,Suzuki Ertiga,2023,3228.00,SUV
505,217,A052FE121C0000505,ZJJ-0505,Ford Ranger,2025,10573.00,Hatchback
506,387,81321D96190000506,BKH-0506,Mitsubishi Montero Sport,2013,5473.00,Pickup
507,445,C9C92079A70000507,UQC-0507,Suzuki Ertiga,2010,2717.00,Crossover
508,17,2FA6494CD30000508,KZN-0508,Honda CR-V,2021,12999.00,Hatchback
509,314,F99AEFFC7D0000509,CFM-0509,Nissan Navara,2023,13838.00,SUV
510,340,15B7103DF50000510,GGU-0510,Mitsubishi Montero Sport,2023,9326.00,Van
511,403,FE748DA2DF0000511,YGA-0511,Isuzu D-Max,2015,14099.00,SUV
512,98,93E299FC1B0000512,GYX-0512,Toyota Fortuner,2024,7814.00,Van
513,108,0D2964BDBD0000513,DLN-0513,Ford Ranger,2014,4588.00,Crossover
514,500,8210E5A1AF0000514,CJX-0514,Honda CR-V,2013,2056.00,Hatchback
515,337,2987DF1ECD0000515,ERW-0515,Nissan Navara,2019,11661.00,Crossover
516,348,C7B8200FB20000516,UBA-0516,Honda Civic,2023,11202.00,Crossover
517,472,43292E67800000517,JUW-0517,Toyota Fortuner,2022,8983.00,Pickup
518,363,EF162EDDCB0000518,XYE-0518,Hyundai Accent,2020,11033.00,Van
519,215,D0502B9B340000519,ABX-0519,Isuzu D-Max,2016,13768.00,Crossover
520,403,398FBFFC9E0000520,QXX-0520,Toyota Fortuner,2020,14733.00,Hatchback
521,498,1B300CE8250000521,DSJ-0521,Nissan Navara,2017,7423.00,SUV
522,471,B3450009420000522,SPP-0522,Honda CR-V,2012,7511.00,Sedan
523,96,E6C294B3BF0000523,XLV-0523,Honda Civic,2013,9664.00,Van
524,353,267E18D99D0000524,SJL-0524,Nissan Navara,2011,3865.00,Sedan
525,88,7A84AD14B20000525,JVP-0525,Isuzu D-Max,2012,7848.00,Pickup
526,218,569EF92D3D0000526,CTJ-0526,Hyundai Accent,2014,2293.00,SUV
527,50,66DB24C04A0000527,JNW-0527,Honda Civic,2024,13698.00,Van
528,136,4D723FB6CC0000528,AYJ-0528,Honda CR-V,2011,12532.00,Crossover
529,485,376D17F2E40000529,TPA-0529,Honda Civic,2022,9249.00,SUV
530,487,F71F995BCA0000530,XMO-0530,Isuzu D-Max,2017,2087.00,Pickup
531,93,7825DA9A380000531,KWH-0531,Suzuki Ertiga,2014,8386.00,Crossover
532,436,113197DC650000532,JWT-0532,Honda CR-V,2019,13117.00,Crossover
533,336,94ACDF75160000533,EEW-0533,Ford Ranger,2014,13618.00,Sedan
534,101,85983CF94A0000534,IMQ-0534,Nissan Navara,2021,3469.00,Crossover
535,232,5E03247DDA0000535,TZQ-0535,Honda CR-V,2026,9262.00,SUV
536,328,54E64BF1770000536,JIG-0536,Mitsubishi Montero Sport,2016,12334.00,SUV
537,297,0A36316CF50000537,NWO-0537,Nissan Navara,2019,14379.00,Crossover
538,89,04CE96BB240000538,GJB-0538,Ford Ranger,2026,8994.00,Van
539,466,1EADB841440000539,MHW-0539,Honda CR-V,2015,12061.00,Hatchback
540,221,3A08E151D20000540,IBI-0540,Nissan Navara,2011,10086.00,SUV
541,121,113BEDC6960000541,BPP-0541,Hyundai Accent,2021,3482.00,Van
542,466,D95D24049C0000542,NRN-0542,Mitsubishi Montero Sport,2014,3776.00,Pickup
543,43,F3FF20A26C0000543,GAH-0543,Honda Civic,2014,4622.00,Crossover
544,494,5CF1FD996A0000544,TKO-0544,Ford Ranger,2020,4768.00,SUV
545,442,F34DDB586E0000545,UDU-0545,Suzuki Ertiga,2019,4895.00,SUV
546,58,EAE368140C0000546,XQY-0546,Toyota Fortuner,2012,5844.00,SUV
547,70,962B6516800000547,ZYJ-0547,Nissan Navara,2018,4065.00,Pickup
548,121,7152523F8D0000548,FDF-0548,Mitsubishi Montero Sport,2020,13263.00,SUV
549,189,A241AB80BA0000549,GRB-0549,Ford Ranger,2025,2588.00,Sedan
550,72,574DB78B8A0000550,EPA-0550,Nissan Navara,2025,3124.00,Hatchback
551,322,E69EBFC7F70000551,BBI-0551,Honda CR-V,2019,11152.00,Van
552,454,856ED963C20000552,FFW-0552,Ford Ranger,2012,13173.00,Hatchback
553,67,01249A6CA60000553,RXC-0553,Toyota Vios,2026,8675.00,Pickup
554,291,45508CA4B30000554,TWC-0554,Honda CR-V,2021,8257.00,Pickup
555,328,90487932E70000555,QSW-0555,Hyundai Accent,2013,10120.00,Van
556,305,BBF3906FEF0000556,MGE-0556,Toyota Fortuner,2019,13561.00,SUV
557,47,6DF3E73BA90000557,GWK-0557,Toyota Vios,2015,5446.00,Pickup
558,413,7B9461E8EC0000558,RBC-0558,Ford Ranger,2014,4504.00,Sedan
559,453,F7937476320000559,TTS-0559,Isuzu D-Max,2017,2225.00,Crossover
560,188,2C41E3C27C0000560,VKP-0560,Honda Civic,2013,10222.00,Hatchback
561,38,1E69D33EC60000561,ZCS-0561,Hyundai Accent,2011,13686.00,Hatchback
562,152,2A022023630000562,OVZ-0562,Toyota Fortuner,2023,2387.00,Sedan
563,374,837EC524730000563,WIG-0563,Nissan Navara,2019,5048.00,Sedan
564,291,3DA3748EF20000564,ZDJ-0564,Mitsubishi Montero Sport,2025,1202.00,Sedan
565,312,4ED53237050000565,OFZ-0565,Suzuki Ertiga,2025,3958.00,Hatchback
566,457,A0B855BEB60000566,IYS-0566,Toyota Vios,2023,5685.00,Van
567,321,3F8CF595BD0000567,MIN-0567,Nissan Navara,2022,10665.00,Pickup
568,169,4ECAEB85DD0000568,JOM-0568,Mitsubishi Montero Sport,2020,5231.00,Hatchback
569,472,C2037233CB0000569,ZHD-0569,Honda CR-V,2021,8225.00,Hatchback
570,456,725CC6C7520000570,BEU-0570,Honda Civic,2022,12822.00,Van
571,394,980E8E32960000571,FYH-0571,Isuzu D-Max,2015,4627.00,Sedan
572,233,18BFAB19570000572,MJX-0572,Toyota Fortuner,2026,10577.00,Hatchback
573,268,BE76B8DA480000573,QVC-0573,Mitsubishi Montero Sport,2017,5952.00,Van
574,91,2B27FA4EA00000574,DWA-0574,Mitsubishi Montero Sport,2015,13839.00,Van
575,177,7AAEA3CEFE0000575,OEP-0575,Toyota Fortuner,2019,14746.00,Sedan
576,8,E773C9C55E0000576,VOY-0576,Toyota Fortuner,2012,11123.00,Pickup
577,269,B4A6C3D4AB0000577,XHQ-0577,Toyota Fortuner,2019,4927.00,SUV
578,468,89818FF5F00000578,ROW-0578,Honda CR-V,2024,5195.00,Hatchback
579,17,F98B1BA3590000579,FHX-0579,Isuzu D-Max,2023,7597.00,Hatchback
580,289,47D98CC5AA0000580,MNK-0580,Mitsubishi Montero Sport,2024,10505.00,SUV
581,304,0BAAE087480000581,HPK-0581,Hyundai Accent,2016,4966.00,Hatchback
582,272,419ED112BD0000582,VHY-0582,Honda CR-V,2017,14470.00,Hatchback
583,176,342F9E222D0000583,TET-0583,Toyota Fortuner,2014,9649.00,Van
584,171,9C0EE0074E0000584,CAR-0584,Isuzu D-Max,2025,1762.00,Hatchback
585,64,5731D74B9D0000585,YSV-0585,Suzuki Ertiga,2011,6062.00,Crossover
586,492,AF1A1E7C080000586,UEY-0586,Nissan Navara,2010,4147.00,Sedan
587,88,77F3D58C000000587,SEQ-0587,Toyota Vios,2016,4409.00,Crossover
588,446,DF7EA7AE1F0000588,DNA-0588,Nissan Navara,2023,9251.00,SUV
589,116,18B4A261520000589,CWU-0589,Suzuki Ertiga,2024,7277.00,Van
590,30,04E26A821F0000590,HQN-0590,Mitsubishi Montero Sport,2020,10234.00,Crossover
591,281,C8859464C90000591,NLT-0591,Mitsubishi Montero Sport,2011,2604.00,Pickup
592,313,2051E4D31D0000592,WID-0592,Hyundai Accent,2017,5378.00,Hatchback
593,209,8BFA643AF20000593,AVE-0593,Suzuki Ertiga,2020,3927.00,Van
594,31,F9A8E54F620000594,XZB-0594,Mitsubishi Montero Sport,2011,7746.00,Crossover
595,486,1490D5843C0000595,HIX-0595,Nissan Navara,2021,8915.00,Sedan
596,471,DA9DCBDC940000596,WQP-0596,Isuzu D-Max,2026,12314.00,Crossover
597,168,22A9557EB80000597,DSX-0597,Toyota Fortuner,2014,12864.00,Sedan
598,493,492A42291A0000598,VIW-0598,Hyundai Accent,2010,12546.00,Pickup
599,441,B0509AAE6E0000599,WPC-0599,Ford Ranger,2024,2152.00,SUV
600,307,EE56A6936B0000600,KZQ-0600,Toyota Vios,2016,2111.00,Crossover
601,371,8F5D6EED5D0000601,YVP-0601,Mitsubishi Montero Sport,2013,6578.00,Sedan
602,197,71918FDDDF0000602,IUA-0602,Suzuki Ertiga,2022,10961.00,Sedan
603,301,E85DEED6DA0000603,DZR-0603,Toyota Fortuner,2023,11448.00,Hatchback
604,473,568AA8C32D0000604,JEK-0604,Ford Ranger,2015,8624.00,Pickup
605,431,FA52561C3E0000605,KRY-0605,Nissan Navara,2012,9915.00,Crossover
606,245,192ECAD5990000606,TIU-0606,Toyota Vios,2011,9013.00,Hatchback
607,39,EA305816AD0000607,JFW-0607,Honda CR-V,2025,5813.00,Crossover
608,347,D7E9871D740000608,EVY-0608,Honda CR-V,2012,3541.00,Van
609,447,F5F73C05FF0000609,RBG-0609,Toyota Fortuner,2014,3805.00,Van
610,445,AF76A54B820000610,VJQ-0610,Honda Civic,2024,11039.00,SUV
611,14,5ABEAAB9160000611,HCZ-0611,Isuzu D-Max,2019,9773.00,Sedan
612,423,BDF45969AA0000612,SOP-0612,Isuzu D-Max,2023,13297.00,Pickup
613,21,CFE177BBC50000613,IWF-0613,Ford Ranger,2022,11569.00,SUV
614,62,22AB7B99FA0000614,RKT-0614,Isuzu D-Max,2021,4163.00,Sedan
615,411,104DA642B10000615,GFE-0615,Honda Civic,2014,2478.00,Crossover
616,282,AC10C9F3F10000616,HTB-0616,Mitsubishi Montero Sport,2016,12836.00,SUV
617,482,197F9682650000617,RVC-0617,Ford Ranger,2021,6484.00,Sedan
618,382,E29AF118F90000618,NVB-0618,Ford Ranger,2025,9790.00,Pickup
619,464,5003461C1B0000619,ZBP-0619,Honda Civic,2021,8995.00,Hatchback
620,439,E28D38CC150000620,GMB-0620,Mitsubishi Montero Sport,2012,14159.00,Crossover
621,421,D87B82AC550000621,HSD-0621,Toyota Vios,2016,10218.00,Van
622,430,E6A38D13A50000622,KDZ-0622,Honda CR-V,2012,11408.00,SUV
623,470,11EE7423090000623,ZHC-0623,Nissan Navara,2013,6512.00,Sedan
624,219,07E92D46200000624,YML-0624,Honda CR-V,2015,6153.00,SUV
625,452,F9B5358F930000625,JYD-0625,Honda Civic,2021,7263.00,Pickup
626,441,8342E0ABC50000626,JHH-0626,Toyota Fortuner,2014,5269.00,Sedan
627,383,C800BFB13F0000627,NQJ-0627,Hyundai Accent,2016,9517.00,Hatchback
628,358,73115B06940000628,OEI-0628,Honda Civic,2011,8272.00,SUV
629,139,16373F7F540000629,QKJ-0629,Mitsubishi Montero Sport,2022,6141.00,Sedan
630,469,3F9C3B0C5D0000630,CQL-0630,Honda Civic,2016,2884.00,Van
631,106,1A8CCE2C310000631,RQU-0631,Honda Civic,2017,1366.00,Crossover
632,487,49E364A54B0000632,UHJ-0632,Mitsubishi Montero Sport,2011,13228.00,SUV
633,209,72CAF3E0790000633,IPE-0633,Nissan Navara,2020,10561.00,Sedan
634,69,085A01EAC40000634,LCG-0634,Suzuki Ertiga,2016,4443.00,Hatchback
635,382,08D28806760000635,NXC-0635,Mitsubishi Montero Sport,2013,3041.00,Van
636,478,75DD66165C0000636,ZIZ-0636,Honda Civic,2016,9851.00,Van
637,99,1A32DB60680000637,FJB-0637,Hyundai Accent,2014,8549.00,Hatchback
638,431,E6C8799D820000638,OPP-0638,Honda Civic,2016,7597.00,Sedan
639,407,35194ABDE10000639,XEZ-0639,Honda CR-V,2019,7055.00,Van
640,73,D40ABBB9DE0000640,XPF-0640,Isuzu D-Max,2012,11689.00,Van
641,398,941CC70EB90000641,RWX-0641,Nissan Navara,2015,5085.00,Pickup
642,341,BB072BDB6D0000642,UAG-0642,Mitsubishi Montero Sport,2013,1216.00,Van
643,334,12D7FB93860000643,SOR-0643,Isuzu D-Max,2017,4700.00,Crossover
644,237,7B1B5CDE820000644,YDF-0644,Isuzu D-Max,2025,10545.00,Van
645,167,4F896E894A0000645,DGO-0645,Honda Civic,2013,2025.00,SUV
646,355,BC32D8DD940000646,LSW-0646,Ford Ranger,2013,2823.00,Crossover
647,126,E51BD421580000647,GOM-0647,Honda CR-V,2020,7987.00,Sedan
648,349,59E00E6E700000648,ASM-0648,Mitsubishi Montero Sport,2021,11690.00,Hatchback
649,395,FE02259EA50000649,NMV-0649,Ford Ranger,2014,10710.00,Crossover
650,473,F0E953D9460000650,IIF-0650,Mitsubishi Montero Sport,2010,3659.00,Hatchback
651,262,27B76883950000651,ZUH-0651,Honda CR-V,2015,13537.00,Crossover
652,255,BCB07D09460000652,GVC-0652,Honda CR-V,2019,9688.00,Sedan
653,376,13BCA9BF910000653,ISD-0653,Mitsubishi Montero Sport,2012,7094.00,SUV
654,249,C16167FD6B0000654,OTY-0654,Honda CR-V,2011,1523.00,Sedan
655,380,BCCEA332510000655,VWD-0655,Toyota Fortuner,2021,5035.00,Van
656,119,1C78D02AE10000656,JEO-0656,Honda Civic,2010,7653.00,Hatchback
657,310,2BFF67E80A0000657,FMM-0657,Toyota Fortuner,2010,9874.00,Hatchback
658,120,0526AF51D50000658,NBH-0658,Hyundai Accent,2017,3302.00,SUV
659,365,6DB25A37E60000659,PSG-0659,Isuzu D-Max,2022,1422.00,Hatchback
660,57,916FEB5CFD0000660,WBB-0660,Honda Civic,2016,10012.00,Pickup
661,167,4DE1D0BFB80000661,GTP-0661,Nissan Navara,2018,3409.00,Hatchback
662,315,E1D1E60EBF0000662,XHH-0662,Suzuki Ertiga,2013,4088.00,Pickup
663,417,59088ABAFE0000663,OUH-0663,Toyota Vios,2014,6931.00,Hatchback
664,389,307A1362CF0000664,XWK-0664,Honda CR-V,2011,2944.00,Hatchback
665,163,37285B03160000665,TRD-0665,Ford Ranger,2010,2171.00,Crossover
666,192,CD38E10FF60000666,BSA-0666,Toyota Fortuner,2015,5219.00,Pickup
667,93,94CB493FE80000667,JXO-0667,Honda Civic,2026,6214.00,Crossover
668,426,82FA99CAF30000668,CGA-0668,Toyota Fortuner,2016,12127.00,Crossover
669,349,3BE837BC370000669,KHT-0669,Mitsubishi Montero Sport,2022,12540.00,SUV
670,356,3D81ADFD140000670,TYM-0670,Honda Civic,2010,1678.00,Van
671,363,C3851CCA430000671,OVR-0671,Toyota Fortuner,2014,6119.00,Sedan
672,170,08C25295F50000672,UUN-0672,Nissan Navara,2014,14064.00,Hatchback
673,64,A37073E0240000673,MXV-0673,Honda Civic,2011,11007.00,Hatchback
674,438,4CFE7B4E240000674,BXM-0674,Nissan Navara,2013,4373.00,Crossover
675,98,0EAFF80B1C0000675,XJA-0675,Suzuki Ertiga,2022,3246.00,Van
676,93,D568FEFDF60000676,BGS-0676,Nissan Navara,2011,9452.00,Pickup
677,384,A0AB2B390F0000677,JTH-0677,Mitsubishi Montero Sport,2020,14439.00,Hatchback
678,80,DF5F3B9BE30000678,HJF-0678,Mitsubishi Montero Sport,2022,4305.00,Van
679,120,9F019555370000679,WBE-0679,Hyundai Accent,2012,6003.00,Crossover
680,196,50A5A9B3240000680,ZBQ-0680,Nissan Navara,2021,10899.00,Pickup
681,92,17AE5A34370000681,TZU-0681,Honda Civic,2013,2266.00,Hatchback
682,340,A7664C05E20000682,DLD-0682,Toyota Fortuner,2026,11293.00,Pickup
683,277,1590487E960000683,CZN-0683,Isuzu D-Max,2015,9411.00,Van
684,34,DA10136FB20000684,SVU-0684,Ford Ranger,2024,3208.00,Van
685,6,22EDB99AFD0000685,IHG-0685,Nissan Navara,2017,6831.00,Crossover
686,136,53CF66529A0000686,VFI-0686,Mitsubishi Montero Sport,2012,6225.00,Van
687,443,033DBA626F0000687,ZYX-0687,Toyota Fortuner,2016,9146.00,Hatchback
688,175,500EE78FD50000688,RAC-0688,Nissan Navara,2025,6853.00,SUV
689,294,5D7E4A2FCA0000689,RSP-0689,Honda Civic,2016,1181.00,Hatchback
690,137,144A95A2F40000690,SNS-0690,Hyundai Accent,2025,10267.00,Crossover
691,465,EA90848B340000691,IME-0691,Isuzu D-Max,2015,5942.00,Crossover
692,367,C1B857EC6B0000692,MCE-0692,Ford Ranger,2023,12498.00,Pickup
693,278,C90E4F5CB20000693,CDJ-0693,Honda CR-V,2014,8543.00,Sedan
694,411,A94BF25CA20000694,PSN-0694,Honda CR-V,2013,8034.00,Pickup
695,303,4AEF87D35D0000695,WOM-0695,Mitsubishi Montero Sport,2011,7545.00,SUV
696,216,924F4D75EC0000696,OXG-0696,Honda CR-V,2012,13586.00,Hatchback
697,290,75C3DB1D840000697,NIQ-0697,Nissan Navara,2012,3608.00,Hatchback
698,42,97D8DC15CE0000698,TLH-0698,Isuzu D-Max,2023,14067.00,SUV
699,426,0C802C230B0000699,YUU-0699,Suzuki Ertiga,2023,10762.00,SUV
700,82,0AC747FBA00000700,NNR-0700,Mitsubishi Montero Sport,2017,11492.00,Van
701,395,358633D1A20000701,YWV-0701,Toyota Vios,2010,10509.00,Hatchback
702,84,A057E4F0CA0000702,XNE-0702,Isuzu D-Max,2010,8359.00,Pickup
703,428,022CEBDE870000703,OKY-0703,Honda Civic,2013,7617.00,Hatchback
704,328,FADABC51C90000704,RPS-0704,Isuzu D-Max,2020,9448.00,Hatchback
705,125,1EF219D8210000705,ERA-0705,Toyota Vios,2013,4582.00,Sedan
706,45,242AD678DB0000706,AFC-0706,Isuzu D-Max,2026,12450.00,Sedan
707,232,51BED75EFC0000707,HHT-0707,Isuzu D-Max,2026,10695.00,Hatchback
708,414,FD22C5D03C0000708,NYG-0708,Toyota Vios,2016,6992.00,Van
709,418,285A9C29D90000709,VMC-0709,Suzuki Ertiga,2018,1781.00,Hatchback
710,268,E109A196250000710,AQR-0710,Honda Civic,2014,12594.00,Crossover
711,296,A1751BEABB0000711,YYP-0711,Toyota Vios,2010,10692.00,Hatchback
712,402,176DCB92F80000712,SIE-0712,Honda Civic,2025,10445.00,Hatchback
713,7,2489AD31060000713,NAA-0713,Honda Civic,2017,4729.00,Crossover
714,426,DAA21E980F0000714,STN-0714,Honda CR-V,2020,9722.00,Pickup
715,118,173D7834260000715,UJV-0715,Nissan Navara,2019,10299.00,Van
716,436,09222E88DD0000716,MAO-0716,Toyota Vios,2011,7751.00,Sedan
717,77,35EC1246020000717,PRK-0717,Toyota Vios,2025,12590.00,SUV
718,271,EFED728FBD0000718,VDC-0718,Toyota Vios,2020,8092.00,Pickup
719,169,278A9D85FB0000719,GXW-0719,Nissan Navara,2023,6673.00,SUV
720,363,B80DD0B5D00000720,GAO-0720,Honda Civic,2025,13669.00,Crossover
721,274,8DC8ACC4940000721,YNF-0721,Nissan Navara,2013,11946.00,Pickup
722,122,8F268B60B80000722,PWH-0722,Nissan Navara,2011,6397.00,Pickup
723,6,B2FD3A34550000723,NLX-0723,Nissan Navara,2012,1907.00,Crossover
724,258,776C6077E00000724,KGT-0724,Ford Ranger,2012,9521.00,Hatchback
725,36,944538868C0000725,UQZ-0725,Honda Civic,2017,2246.00,Hatchback
726,30,4298EF63B80000726,TLP-0726,Hyundai Accent,2020,3781.00,Hatchback
727,298,DDD13077790000727,PWM-0727,Isuzu D-Max,2012,8238.00,SUV
728,374,0948E652590000728,UJA-0728,Honda Civic,2022,11540.00,Sedan
729,310,E40B6A05780000729,ELZ-0729,Isuzu D-Max,2017,5902.00,Pickup
730,202,9294B18CB10000730,STE-0730,Toyota Fortuner,2011,10266.00,Crossover
731,372,7EB3ECED2E0000731,HMG-0731,Toyota Vios,2025,5528.00,Sedan
732,48,D5CAA191D60000732,NXE-0732,Isuzu D-Max,2010,1498.00,Crossover
733,81,6DFF56823D0000733,EPP-0733,Isuzu D-Max,2011,3989.00,Sedan
734,20,74B417C6990000734,BZQ-0734,Toyota Fortuner,2026,5499.00,Hatchback
735,424,CEE43B91360000735,NNR-0735,Suzuki Ertiga,2022,13969.00,Sedan
736,292,D3DC740D4E0000736,PZH-0736,Isuzu D-Max,2026,6377.00,Hatchback
737,207,196D44A2240000737,PRB-0737,Hyundai Accent,2014,4026.00,Sedan
738,263,878815E6640000738,DJC-0738,Honda CR-V,2019,12616.00,Crossover
739,19,58D50F5BEE0000739,KUR-0739,Mitsubishi Montero Sport,2018,2355.00,SUV
740,304,1CC03953ED0000740,GKZ-0740,Toyota Vios,2018,13106.00,SUV
741,226,91A029BDC30000741,NFC-0741,Nissan Navara,2026,11555.00,Van
742,33,9E4AD917F30000742,WOO-0742,Suzuki Ertiga,2012,14451.00,Sedan
743,3,A903ABB6400000743,YUY-0743,Toyota Vios,2022,7344.00,Crossover
744,267,24F017A6610000744,DSY-0744,Toyota Vios,2015,4440.00,Pickup
745,376,CA9011236E0000745,PTP-0745,Nissan Navara,2017,6154.00,Hatchback
746,45,1B4FF8A3D70000746,LAO-0746,Isuzu D-Max,2011,6079.00,Crossover
747,359,2BB05CB58F0000747,GKL-0747,Mitsubishi Montero Sport,2017,8914.00,Crossover
748,159,166D49A1390000748,XFG-0748,Hyundai Accent,2016,10162.00,Van
749,468,445FDE608F0000749,VXO-0749,Honda CR-V,2021,5801.00,Sedan
750,269,29F7C9F8040000750,USY-0750,Isuzu D-Max,2026,12414.00,Sedan
751,340,E495FEE5410000751,WSA-0751,Suzuki Ertiga,2025,7910.00,Van
752,165,B424C06EC40000752,NAV-0752,Honda CR-V,2011,3272.00,Van
753,128,DEEC47F2E80000753,VUY-0753,Mitsubishi Montero Sport,2026,5668.00,Van
754,61,4B9CE640070000754,BRY-0754,Honda CR-V,2010,2707.00,Hatchback
755,106,5146F10F7C0000755,TGR-0755,Isuzu D-Max,2025,10757.00,Sedan
756,460,B7044B65BE0000756,MBV-0756,Mitsubishi Montero Sport,2025,4603.00,SUV
757,492,0AA9D5E27A0000757,MSP-0757,Mitsubishi Montero Sport,2025,11718.00,Pickup
758,435,04AD7EF1BA0000758,FDP-0758,Honda Civic,2020,4193.00,SUV
759,32,D94BBC8E8C0000759,MJZ-0759,Toyota Vios,2016,3425.00,Pickup
760,213,1637251E860000760,EXJ-0760,Honda CR-V,2019,9404.00,Crossover
761,245,2E104F25220000761,XWC-0761,Honda Civic,2011,5759.00,Van
762,486,F447663BA40000762,LKX-0762,Honda CR-V,2015,2641.00,SUV
763,85,D74E9ACFEF0000763,DDF-0763,Hyundai Accent,2011,10707.00,Van
764,253,1B264811C80000764,XDE-0764,Nissan Navara,2024,11039.00,Crossover
765,230,174E6C98040000765,WWA-0765,Suzuki Ertiga,2018,2904.00,Van
766,322,CA421FDA300000766,NRZ-0766,Isuzu D-Max,2011,9958.00,Hatchback
767,414,D0064D18410000767,FGZ-0767,Toyota Vios,2021,9576.00,Hatchback
768,258,8069CAAC310000768,QJA-0768,Honda Civic,2010,7736.00,Pickup
769,296,E58DF6ECE10000769,ZYG-0769,Nissan Navara,2019,10123.00,Van
770,88,E4D026174A0000770,NIO-0770,Suzuki Ertiga,2014,9260.00,Hatchback
771,484,694502CCBC0000771,FSX-0771,Honda CR-V,2022,5623.00,Van
772,468,423E8205990000772,VJY-0772,Ford Ranger,2013,10741.00,Van
773,444,827F633FA00000773,JZZ-0773,Nissan Navara,2021,10696.00,Sedan
774,406,3A1E4C60860000774,DCJ-0774,Honda CR-V,2026,12722.00,Crossover
775,416,B4819178370000775,LAU-0775,Toyota Vios,2026,1327.00,Crossover
776,360,F4587DFFAC0000776,YMP-0776,Nissan Navara,2015,14148.00,Van
777,43,165DFE21530000777,QGF-0777,Suzuki Ertiga,2021,11740.00,Sedan
778,57,1E822C82660000778,KWF-0778,Honda Civic,2010,2757.00,Crossover
779,192,4600FDEEFC0000779,CYA-0779,Nissan Navara,2014,1177.00,Sedan
780,467,BEB57C44E00000780,DLC-0780,Honda CR-V,2017,1915.00,Pickup
781,379,55B2AA43A90000781,HHF-0781,Nissan Navara,2021,13564.00,Crossover
782,95,F63FAA90290000782,QML-0782,Nissan Navara,2020,2107.00,Pickup
783,474,B0A137DFAF0000783,YSU-0783,Honda CR-V,2010,1499.00,Pickup
784,328,AA1C593C8B0000784,MKV-0784,Hyundai Accent,2016,12748.00,Sedan
785,308,51667C25E60000785,KFA-0785,Toyota Fortuner,2014,6110.00,Crossover
786,390,F7A9DB714F0000786,GCH-0786,Honda Civic,2024,12519.00,Crossover
787,97,01D843F87B0000787,JGJ-0787,Toyota Vios,2010,8120.00,Hatchback
788,32,070B3D9EF60000788,QKI-0788,Ford Ranger,2012,12889.00,Hatchback
789,8,805EBD1ADB0000789,GSY-0789,Suzuki Ertiga,2017,10777.00,Hatchback
790,402,BCBDE05A360000790,IXZ-0790,Suzuki Ertiga,2022,14196.00,Hatchback
791,338,0C30C98E8A0000791,HBP-0791,Suzuki Ertiga,2021,5109.00,Pickup
792,361,9D7C2D81520000792,QRC-0792,Honda Civic,2018,14728.00,Van
793,65,1BB411D6ED0000793,INT-0793,Honda CR-V,2019,9382.00,Crossover
794,135,AF9C6D9E9D0000794,BMB-0794,Mitsubishi Montero Sport,2025,10303.00,Pickup
795,146,20917F4CF40000795,GFV-0795,Mitsubishi Montero Sport,2011,1226.00,SUV
796,199,C8DECC49B30000796,VPV-0796,Honda CR-V,2026,8177.00,Hatchback
797,269,8472B0FBC50000797,IVC-0797,Hyundai Accent,2014,2847.00,Hatchback
798,405,1B662E48350000798,SIX-0798,Nissan Navara,2023,1841.00,Sedan
799,45,3B64B5C2260000799,BXC-0799,Ford Ranger,2016,3022.00,Crossover
800,1,F584CB51030000800,USG-0800,Toyota Vios,2018,11199.00,Hatchback
801,428,69DCFEAE240000801,XHP-0801,Toyota Vios,2022,7278.00,SUV
802,166,7A9800A0D80000802,CKQ-0802,Toyota Vios,2011,5660.00,Hatchback
803,69,2A8F40CE860000803,KJT-0803,Toyota Vios,2017,12016.00,Hatchback
804,488,26E2BC164C0000804,DIO-0804,Suzuki Ertiga,2026,6682.00,Crossover
805,95,FC49A66CE90000805,JTC-0805,Isuzu D-Max,2019,9690.00,Van
806,43,19C2145F100000806,ZWT-0806,Mitsubishi Montero Sport,2023,8230.00,SUV
807,414,D97C1703D30000807,LFA-0807,Nissan Navara,2017,3219.00,Pickup
808,28,971B89A4330000808,ZPO-0808,Ford Ranger,2012,11177.00,Sedan
809,108,8A9A8CF6830000809,ITS-0809,Toyota Fortuner,2022,8167.00,Pickup
810,297,9EF8E7FC4A0000810,KCU-0810,Hyundai Accent,2016,13680.00,Crossover
811,99,FFD79016700000811,BYM-0811,Suzuki Ertiga,2012,3022.00,Crossover
812,156,0FC842ECAB0000812,LWU-0812,Nissan Navara,2017,1803.00,Pickup
813,207,7C85F8712B0000813,ORM-0813,Toyota Fortuner,2015,3760.00,Hatchback
814,373,D45342C4960000814,TMA-0814,Isuzu D-Max,2017,4402.00,Van
815,2,1AE6B30E280000815,RCF-0815,Hyundai Accent,2023,9555.00,Sedan
816,496,177B420E680000816,RML-0816,Nissan Navara,2021,4881.00,Hatchback
817,285,3E49A05FFB0000817,MGQ-0817,Ford Ranger,2025,6410.00,Hatchback
818,475,66388D94BD0000818,GFN-0818,Isuzu D-Max,2011,14857.00,Crossover
819,30,12BB7EB0BB0000819,KLO-0819,Hyundai Accent,2021,3513.00,Pickup
820,43,CAC8EA0A180000820,SKL-0820,Honda CR-V,2015,10607.00,Hatchback
821,415,E25EABBA9B0000821,OLV-0821,Toyota Fortuner,2015,9916.00,Pickup
822,470,79CC3CCB9C0000822,BOJ-0822,Isuzu D-Max,2011,12024.00,Hatchback
823,340,CFED3CB4920000823,PXZ-0823,Isuzu D-Max,2022,9722.00,Hatchback
824,154,BD79C38F660000824,AXB-0824,Hyundai Accent,2012,4105.00,Sedan
825,63,DE04DC42530000825,IOS-0825,Toyota Vios,2015,5153.00,Hatchback
826,239,A840CCE2D80000826,QBO-0826,Suzuki Ertiga,2010,9969.00,Hatchback
827,254,6658E831CD0000827,ZCF-0827,Nissan Navara,2020,3249.00,SUV
828,385,1B771CC4D00000828,AHH-0828,Toyota Fortuner,2020,10085.00,Sedan
829,140,CB5A3D381C0000829,IJK-0829,Mitsubishi Montero Sport,2010,7423.00,Van
830,432,A29F1937430000830,TFV-0830,Toyota Fortuner,2013,1281.00,Hatchback
831,78,7AB8E748340000831,PWV-0831,Toyota Fortuner,2022,2044.00,Sedan
832,364,ED371800920000832,FWV-0832,Ford Ranger,2015,13823.00,Crossover
833,481,1D74A887EB0000833,FQB-0833,Ford Ranger,2012,10303.00,Hatchback
834,164,4DD1270EFF0000834,RLE-0834,Hyundai Accent,2020,9928.00,SUV
835,446,CC8177D5F10000835,EAB-0835,Nissan Navara,2023,6514.00,SUV
836,80,8CCDB8B4F40000836,XYG-0836,Toyota Fortuner,2011,4862.00,Van
837,256,350DBBBD000000837,THC-0837,Mitsubishi Montero Sport,2014,13134.00,SUV
838,140,D44B8643920000838,KFK-0838,Nissan Navara,2016,4506.00,SUV
839,17,ACFEEAF8140000839,SEV-0839,Mitsubishi Montero Sport,2026,2614.00,Pickup
840,177,B73D3C23870000840,HHS-0840,Nissan Navara,2018,13094.00,Pickup
841,221,68180DE42D0000841,ERS-0841,Honda Civic,2017,5180.00,Pickup
842,472,70FEE9948C0000842,MLE-0842,Isuzu D-Max,2018,11917.00,Pickup
843,111,1EBA0561B00000843,QQQ-0843,Toyota Vios,2014,11950.00,Van
844,473,A6B51720880000844,LUQ-0844,Honda CR-V,2020,11545.00,SUV
845,208,3F70101B5C0000845,LYW-0845,Toyota Vios,2014,2835.00,Hatchback
846,240,A8D645725C0000846,DCP-0846,Suzuki Ertiga,2021,10652.00,Sedan
847,370,313606A75B0000847,JWK-0847,Ford Ranger,2016,5518.00,Sedan
848,175,E578DF86230000848,CFS-0848,Nissan Navara,2016,4624.00,Sedan
849,457,11C36537B80000849,PHS-0849,Mitsubishi Montero Sport,2021,9011.00,Crossover
850,219,DBB902FA8C0000850,HDW-0850,Hyundai Accent,2019,13745.00,Pickup
851,285,8A38DABF7B0000851,JFH-0851,Isuzu D-Max,2022,9996.00,Pickup
852,402,9EA3CCB48F0000852,JCQ-0852,Isuzu D-Max,2010,4721.00,Hatchback
853,81,BA008BE43C0000853,FEF-0853,Hyundai Accent,2015,1279.00,Hatchback
854,113,0F1694085E0000854,AHV-0854,Hyundai Accent,2013,11619.00,SUV
855,239,F79113C4BE0000855,WLK-0855,Mitsubishi Montero Sport,2022,1337.00,Van
856,160,1A34C9BCA20000856,UBY-0856,Toyota Vios,2024,7077.00,Hatchback
857,285,4B4F5F5A3B0000857,UBX-0857,Honda CR-V,2018,10332.00,Sedan
858,486,7F4F7E48080000858,QLB-0858,Honda CR-V,2023,1464.00,Pickup
859,154,1F4A137A3B0000859,PHP-0859,Hyundai Accent,2022,10973.00,Hatchback
860,13,601202DDE50000860,TVR-0860,Toyota Vios,2010,10190.00,Pickup
861,186,E08E8E61250000861,EPS-0861,Honda Civic,2018,4692.00,Pickup
862,378,2F6FDEBB8C0000862,RWM-0862,Toyota Fortuner,2015,7799.00,SUV
863,499,795883E8030000863,DEX-0863,Toyota Vios,2023,4843.00,Crossover
864,56,D820D8D75A0000864,YFZ-0864,Nissan Navara,2010,8121.00,Sedan
865,465,42A457AEA30000865,WVO-0865,Mitsubishi Montero Sport,2015,7975.00,Crossover
866,244,FD383CD9CB0000866,FNQ-0866,Nissan Navara,2010,2598.00,Hatchback
867,115,E8A58DA6C90000867,EJA-0867,Suzuki Ertiga,2016,9912.00,Pickup
868,112,568B16B5DC0000868,XSG-0868,Honda CR-V,2023,14727.00,Hatchback
869,192,5BF4BD3C150000869,NIK-0869,Toyota Vios,2021,5021.00,Hatchback
870,5,3FC89AA79B0000870,ACA-0870,Hyundai Accent,2019,9064.00,Van
871,334,BEDD8DD5C50000871,GXX-0871,Nissan Navara,2022,1158.00,Sedan
872,87,6D052325400000872,TES-0872,Honda Civic,2020,11283.00,SUV
873,170,FF915AE3BE0000873,QFH-0873,Honda Civic,2013,2045.00,Crossover
874,313,3E045D17FF0000874,LND-0874,Toyota Fortuner,2019,5602.00,Van
875,108,781F94B6D80000875,HAL-0875,Mitsubishi Montero Sport,2012,10775.00,Sedan
876,445,BE3AF83EEF0000876,UVP-0876,Nissan Navara,2012,7125.00,Sedan
877,241,3FFCB610E60000877,FVH-0877,Mitsubishi Montero Sport,2023,13343.00,SUV
878,458,8B997DF3C20000878,WJG-0878,Ford Ranger,2021,2216.00,Hatchback
879,250,E43022E6FB0000879,AUH-0879,Hyundai Accent,2014,9031.00,Pickup
880,414,C92915C3830000880,UGZ-0880,Honda Civic,2011,4124.00,SUV
881,411,EA09D2F4C60000881,CJG-0881,Toyota Fortuner,2024,7896.00,SUV
882,152,64BCA936240000882,XLZ-0882,Toyota Vios,2020,4215.00,Van
883,214,EF419145130000883,YKV-0883,Nissan Navara,2013,1473.00,SUV
884,276,093555EDF80000884,VWO-0884,Mitsubishi Montero Sport,2019,6672.00,Van
885,322,DC1A68ED490000885,RLG-0885,Ford Ranger,2025,13059.00,Crossover
886,107,087BBB783E0000886,HNJ-0886,Isuzu D-Max,2026,11659.00,Pickup
887,401,67184071D60000887,OKC-0887,Hyundai Accent,2013,13663.00,Hatchback
888,90,0FAD0EB1400000888,TZT-0888,Nissan Navara,2018,2438.00,Van
889,257,BED3F4D7CC0000889,ZLL-0889,Honda CR-V,2026,9211.00,Crossover
890,453,01B589CDD30000890,QHS-0890,Ford Ranger,2015,7116.00,SUV
891,428,B9E41456B30000891,ASV-0891,Mitsubishi Montero Sport,2023,12175.00,SUV
892,365,1E82D66EC30000892,KCX-0892,Suzuki Ertiga,2023,10337.00,Pickup
893,487,AA3E66C5310000893,GRH-0893,Honda CR-V,2019,1633.00,Crossover
894,206,B6496DDD2E0000894,NJN-0894,Ford Ranger,2019,14446.00,Sedan
895,65,32C957FFDF0000895,GQF-0895,Mitsubishi Montero Sport,2016,13624.00,Van
896,316,30FBCC728B0000896,IEF-0896,Hyundai Accent,2010,4521.00,SUV
897,34,F813D8183D0000897,KSA-0897,Hyundai Accent,2017,1356.00,Pickup
898,397,18EB432F140000898,QNU-0898,Toyota Vios,2021,2088.00,Crossover
899,454,A5E6D303380000899,TSA-0899,Toyota Fortuner,2013,4034.00,Van
900,332,996F4CA1B00000900,ZXC-0900,Mitsubishi Montero Sport,2010,12374.00,Pickup
901,195,520DF5E6650000901,JKM-0901,Toyota Fortuner,2025,4307.00,Pickup
902,266,ABAE03A6DB0000902,SUL-0902,Honda Civic,2011,10324.00,Pickup
903,132,C1BC40372D0000903,GSG-0903,Isuzu D-Max,2019,13183.00,Crossover
904,461,34FF50E2070000904,DDD-0904,Isuzu D-Max,2020,10885.00,SUV
905,456,A742274A370000905,OJL-0905,Honda Civic,2011,10377.00,Sedan
906,351,3290CB6B140000906,PNF-0906,Suzuki Ertiga,2018,8620.00,Pickup
907,91,0085EE86A90000907,PYT-0907,Honda Civic,2023,11784.00,Sedan
908,259,50BF9209BB0000908,VKW-0908,Toyota Vios,2023,3436.00,Crossover
909,463,5AA454F7B20000909,DPB-0909,Honda CR-V,2022,13608.00,Van
910,249,2B64A3F88F0000910,XHV-0910,Honda Civic,2025,3133.00,Van
911,419,ABC0BD67150000911,PAY-0911,Hyundai Accent,2015,12765.00,Pickup
912,184,A2B4A1A5800000912,YBQ-0912,Toyota Fortuner,2015,2153.00,SUV
913,490,C4D55140BB0000913,VJG-0913,Toyota Vios,2023,13693.00,Sedan
914,49,B10DAC6A2D0000914,LIM-0914,Toyota Vios,2025,5109.00,Sedan
915,162,97B6D9F4320000915,UME-0915,Suzuki Ertiga,2022,7612.00,Sedan
916,116,A6F7A84BF90000916,XXD-0916,Suzuki Ertiga,2023,7474.00,Pickup
917,404,4984BF5D920000917,YXJ-0917,Nissan Navara,2013,5246.00,SUV
918,177,488B1968EC0000918,EJW-0918,Hyundai Accent,2019,6356.00,SUV
919,344,BBCAC899B00000919,AUO-0919,Nissan Navara,2014,12585.00,Hatchback
920,261,AB5F0F1B990000920,JEE-0920,Nissan Navara,2022,4263.00,Sedan
921,414,4F150811950000921,UTW-0921,Toyota Fortuner,2023,5513.00,Crossover
922,460,1ED26AC0B30000922,TQZ-0922,Nissan Navara,2017,10490.00,Crossover
923,124,0D49BD9DB20000923,YVK-0923,Nissan Navara,2024,6007.00,Van
924,444,EC244DDBBD0000924,TQW-0924,Isuzu D-Max,2018,2559.00,Sedan
925,258,85C6CDDF0D0000925,HQL-0925,Mitsubishi Montero Sport,2016,10066.00,Van
926,365,DB40070E2B0000926,HPF-0926,Isuzu D-Max,2021,2164.00,Van
927,438,5607013DBE0000927,AXU-0927,Ford Ranger,2010,2898.00,Sedan
928,262,0044AD14C10000928,ZTX-0928,Isuzu D-Max,2021,11259.00,Van
929,154,3869CFDED10000929,YYQ-0929,Hyundai Accent,2012,7797.00,SUV
930,170,30DCC4BBA30000930,OLX-0930,Suzuki Ertiga,2018,5116.00,SUV
931,196,8FF8AD1ABB0000931,IAE-0931,Suzuki Ertiga,2025,6975.00,Crossover
932,110,1D2DBA0D7E0000932,DGG-0932,Toyota Fortuner,2017,14180.00,Crossover
933,395,2E2D0CE70F0000933,SQH-0933,Toyota Fortuner,2021,13919.00,Pickup
934,38,34C40234120000934,NUZ-0934,Isuzu D-Max,2019,2980.00,Sedan
935,127,A70F0F57640000935,MWR-0935,Toyota Vios,2018,2332.00,Hatchback
936,86,4F31F945AA0000936,FRV-0936,Hyundai Accent,2022,5286.00,Van
937,134,6EB6DBB1420000937,FJA-0937,Toyota Fortuner,2015,8166.00,Crossover
938,146,48C698CF990000938,SHO-0938,Toyota Fortuner,2018,3498.00,Sedan
939,496,7EFCED8D170000939,QAK-0939,Ford Ranger,2020,14102.00,SUV
940,338,09F3B877E80000940,CPS-0940,Toyota Vios,2019,5935.00,Sedan
941,159,2BDAF1E2710000941,YOW-0941,Toyota Vios,2018,6117.00,Pickup
942,294,D2F97B75130000942,QLL-0942,Isuzu D-Max,2013,10191.00,SUV
943,151,64A225231F0000943,CFT-0943,Mitsubishi Montero Sport,2022,7553.00,SUV
944,253,D1B5FFBDA40000944,CFE-0944,Honda Civic,2023,14234.00,SUV
945,288,F700C8D14D0000945,GQC-0945,Nissan Navara,2025,13405.00,Hatchback
946,134,5E3B847F5D0000946,QRF-0946,Honda Civic,2010,9141.00,Pickup
947,204,3BC5DE66880000947,MJF-0947,Honda Civic,2019,1858.00,Crossover
948,303,EB60E3B2960000948,VEX-0948,Honda Civic,2017,6434.00,SUV
949,119,52DC32D95F0000949,VDS-0949,Suzuki Ertiga,2015,3686.00,Pickup
950,102,D4018E8B3A0000950,AAK-0950,Toyota Fortuner,2020,3712.00,Pickup
951,74,BF3222885D0000951,WGE-0951,Mitsubishi Montero Sport,2020,10187.00,Crossover
952,59,0186B6E0220000952,PMQ-0952,Mitsubishi Montero Sport,2015,6662.00,Sedan
953,254,47421FAC3C0000953,KDU-0953,Suzuki Ertiga,2026,4597.00,Sedan
954,70,2054464CA20000954,NZD-0954,Hyundai Accent,2023,5814.00,Sedan
955,364,55B31D42A20000955,KOJ-0955,Suzuki Ertiga,2025,14271.00,Van
956,66,B781667A670000956,XPN-0956,Ford Ranger,2026,11624.00,Pickup
957,242,E815262A6D0000957,ZYB-0957,Suzuki Ertiga,2011,6360.00,Pickup
958,486,C4FFDF9D530000958,OMG-0958,Toyota Fortuner,2025,14802.00,Sedan
959,496,969B520C0A0000959,MBA-0959,Honda CR-V,2024,2395.00,Sedan
960,376,09936ACA750000960,QOK-0960,Hyundai Accent,2023,9252.00,Pickup
961,103,B0B14712F60000961,NHV-0961,Hyundai Accent,2021,4031.00,Hatchback
962,110,9C52CA70140000962,FAG-0962,Mitsubishi Montero Sport,2016,8321.00,Crossover
963,372,1C700E53D90000963,MNY-0963,Honda CR-V,2024,3956.00,Crossover
964,49,FE1D21D8E20000964,BYJ-0964,Suzuki Ertiga,2025,10632.00,Van
965,125,1A117F97AF0000965,IZI-0965,Mitsubishi Montero Sport,2018,7322.00,Crossover
966,458,20A7FE4D270000966,DCQ-0966,Suzuki Ertiga,2010,13499.00,Pickup
967,66,D15C5A4D260000967,WHV-0967,Ford Ranger,2022,11264.00,Sedan
968,359,D3B1D452BB0000968,IRU-0968,Hyundai Accent,2026,9271.00,Van
969,7,6B0A3FE5EB0000969,NGE-0969,Ford Ranger,2010,8818.00,SUV
970,351,DB36BC4FF80000970,JMI-0970,Hyundai Accent,2021,2313.00,Hatchback
971,375,CC9C0A529F0000971,POM-0971,Ford Ranger,2022,7890.00,Pickup
972,230,0063BD40DE0000972,OYA-0972,Mitsubishi Montero Sport,2022,13625.00,Van
973,300,DDAE192A3E0000973,LWU-0973,Suzuki Ertiga,2016,13092.00,Van
974,232,E4C60CA7D00000974,VZD-0974,Ford Ranger,2012,5062.00,SUV
975,122,75A7509EF00000975,DJM-0975,Ford Ranger,2012,3794.00,Sedan
976,314,F8B33856440000976,HDF-0976,Honda Civic,2019,8792.00,SUV
977,387,CA56E4E3B60000977,BGY-0977,Nissan Navara,2011,4869.00,Crossover
978,404,0474910F340000978,NDM-0978,Toyota Vios,2015,3427.00,SUV
979,76,BAE81D2B450000979,MIS-0979,Isuzu D-Max,2024,12401.00,Sedan
980,171,0E6F5162DF0000980,UPC-0980,Mitsubishi Montero Sport,2023,1174.00,Crossover
981,36,26835ECECC0000981,ETM-0981,Mitsubishi Montero Sport,2012,12069.00,SUV
982,129,DA0742CF9F0000982,PMJ-0982,Toyota Fortuner,2012,7767.00,Sedan
983,235,679F0B4E2C0000983,GPE-0983,Ford Ranger,2010,2679.00,Crossover
984,367,80DE3F00A70000984,ANG-0984,Toyota Fortuner,2017,1648.00,Hatchback
985,256,A26B47D01E0000985,WOK-0985,Suzuki Ertiga,2012,13387.00,SUV
986,243,8C641173260000986,IEM-0986,Nissan Navara,2015,14429.00,SUV
987,449,301BB5D4E60000987,IQI-0987,Toyota Fortuner,2018,2501.00,Crossover
988,154,A998BEDFBC0000988,HCN-0988,Toyota Fortuner,2018,10058.00,SUV
989,490,30D8B013C00000989,GDQ-0989,Nissan Navara,2024,6795.00,Hatchback
990,63,A4F9DB25710000990,OZO-0990,Toyota Fortuner,2023,8818.00,SUV
991,46,D19A0B024A0000991,CRY-0991,Ford Ranger,2014,7280.00,Sedan
992,155,4A9B6E92AE0000992,JVF-0992,Honda Civic,2010,13385.00,Van
993,58,4AFFED9ACB0000993,AMW-0993,Honda CR-V,2025,6748.00,SUV
994,222,835E1FFFB30000994,IFA-0994,Isuzu D-Max,2014,12644.00,SUV
995,333,954068F86E0000995,IZT-0995,Honda CR-V,2015,11006.00,Pickup
996,321,D1C0CE1FE50000996,AYY-0996,Mitsubishi Montero Sport,2013,9097.00,Hatchback
997,93,AB3312324C0000997,LML-0997,Isuzu D-Max,2026,9602.00,Pickup
998,211,5D37033C780000998,BGT-0998,Hyundai Accent,2026,11030.00,Pickup
999,130,6D924164910000999,DAX-0999,Hyundai Accent,2024,4935.00,SUV
1000,312,1E8DA0A3BB0001000,YOI-1000,Nissan Navara,2019,3499.00,Van
1001,501,SA0342C9A7B001501,HTB-1003,Toyota Land Cruiser,2013,98924.08,Sedan
1002,501,SAF0873A91B002501,HTC-1004,Toyota Land Cruiser,2016,80982.55,Sedan
1003,502,SA2FD5D41EC001502,ITB-1005,Honda CR-V,2012,88392.88,Hatchback
1004,502,SAE36258B3C002502,ITC-1006,Isuzu D-Max,2012,134003.08,Van
1005,503,SAE327B1649001503,JTB-1007,Hyundai Tucson,2013,105838.68,SUV
1006,503,SAA7971ABB4002503,JTC-1008,Mitsubishi Pajero,2013,128436.63,Hatchback
1007,504,SAC7502C55F001504,KTB-1009,Isuzu D-Max,2013,51039.36,Sedan
1008,504,SABA6D843EB002504,KTC-1010,Chevrolet Trailblazer,2013,124805.82,SUV
1009,505,SA744878FBD001505,LTB-1011,Chevrolet Trailblazer,2014,91294.53,Hatchback
1010,505,SA86B48B560002505,LTC-1012,Chevrolet Trailblazer,2015,70403.91,Sedan
1011,506,SAF466E84E4001506,MTB-1013,Chevrolet Trailblazer,2011,75435.68,Sedan
1012,506,SA05C7AC946002506,MTC-1014,Nissan Patrol,2013,109402.66,Van
1013,507,SA785736838001507,NTB-1015,Isuzu D-Max,2015,78734.06,Hatchback
1014,507,SAA6E8AD490002507,NTC-1016,Kia Sorento,2010,125170.05,Sedan
1015,508,SAA4BD4D2B1001508,OTB-1017,Mitsubishi Pajero,2012,59661.01,Sedan
1016,508,SAFE663A72B002508,OTC-1018,Kia Sorento,2015,149455.80,SUV
1017,509,SA237168031001509,PTB-1019,Mazda CX-5,2016,104972.80,Van
1018,509,SA73D915C91002509,PTC-1020,Ford Ranger,2015,75182.40,Pickup
1019,510,SA48F7D3043001510,QTB-1021,Ford Ranger,2014,54509.77,Pickup
1020,510,SA2C26F9A59002510,QTC-1022,Toyota Land Cruiser,2014,112565.76,Van
1021,511,SA250B164D8001511,RTB-1023,Isuzu D-Max,2010,64488.84,Hatchback
1022,511,SA9A0EE0A9E002511,RTC-1024,Toyota Fortuner,2015,70831.88,Hatchback
1023,512,SA70F250E2D001512,STB-1025,Hyundai Tucson,2015,97776.23,Sedan
1024,512,SA5516ADB14002512,STC-1026,Isuzu D-Max,2015,110055.58,SUV
1025,513,SA8744CF92C001513,TTB-1027,Nissan Patrol,2013,100679.89,Pickup
1026,513,SA0EBB145BD002513,TTC-1028,Honda CR-V,2013,91239.43,Pickup
1027,514,SA130EA9388001514,UTB-1029,Honda CR-V,2012,61204.59,Pickup
1028,514,SA58155FC7F002514,UTC-1030,Isuzu D-Max,2016,112816.75,Pickup
1029,515,SA717D8B3D6001515,VTB-1031,Mitsubishi Pajero,2014,141048.30,Hatchback
1030,515,SA876E1C590002515,VTC-1032,Toyota Fortuner,2010,100725.44,Hatchback
1031,516,SA8452A95C4001516,WTB-1033,Ford Ranger,2010,67135.86,Crossover
1032,516,SAC6C61ABDA002516,WTC-1034,Chevrolet Trailblazer,2015,124611.69,Hatchback
1033,517,SA9161AB7A1001517,XTB-1035,Hyundai Tucson,2010,118159.64,SUV
1034,517,SA08FC80DE8002517,XTC-1036,Mazda CX-5,2016,53538.48,Pickup
1035,518,SA3B7D09DAC001518,YTB-1037,Toyota Land Cruiser,2014,115902.11,Crossover
1036,518,SA5CDE6DEDE002518,YTC-1038,Chevrolet Trailblazer,2015,149294.13,Sedan
1037,519,SA9B523B0C9001519,ZTB-1039,Nissan Patrol,2016,100378.27,Sedan
1038,519,SA9D0333318002519,ZTC-1040,Isuzu D-Max,2013,123354.48,Van
1039,520,SAF50C7035E001520,AUB-1041,Kia Sorento,2013,108612.48,Crossover
1040,520,SA4FBE073F1002520,AUC-1042,Toyota Land Cruiser,2010,100789.61,SUV
1041,521,SA8EF0327D2001521,BUB-1043,Nissan Patrol,2010,85733.44,Hatchback
1042,521,SAC5D215777002521,BUC-1044,Kia Sorento,2011,72381.52,Pickup
1043,522,SA3FF31B217001522,CUB-1045,Mazda CX-5,2011,69150.73,Van
1044,522,SA23E846638002522,CUC-1046,Toyota Land Cruiser,2015,110353.79,SUV
1045,523,SAA24281A03001523,DUB-1047,Kia Sorento,2011,149103.66,Van
1046,523,SA067EE197A002523,DUC-1048,Hyundai Tucson,2011,55563.99,Hatchback
1047,524,SAD14FE370B001524,EUB-1049,Ford Expedition,2014,130577.95,SUV
1048,524,SA009A5510A002524,EUC-1050,Ford Expedition,2010,85685.56,Pickup
1049,525,SA6FE432699001525,FUB-1051,Mitsubishi Pajero,2015,75607.47,Crossover
1050,525,SA5553CFAF7002525,FUC-1052,Toyota Fortuner,2011,72827.41,Van
1051,526,SAC6943E764001526,GUB-1053,Chevrolet Trailblazer,2011,109286.34,Sedan
1052,526,SA04DA4AEA8002526,GUC-1054,Hyundai Tucson,2016,112037.73,Pickup
1053,527,SA08AAC6AC9001527,HUB-1055,Honda CR-V,2015,134873.23,Pickup
1054,527,SAE8855B352002527,HUC-1056,Ford Expedition,2013,128830.05,Crossover
1055,528,SA980B2E71A001528,IUB-1057,Honda CR-V,2011,83312.70,SUV
1056,528,SA91E82999C002528,IUC-1058,Ford Ranger,2010,93704.97,SUV
1057,529,SABE3087E74001529,JUB-1059,Ford Ranger,2015,147936.05,Sedan
1058,529,SA7E8750D4A002529,JUC-1060,Nissan Patrol,2015,86631.58,Sedan
1059,530,SAB27D5296B001530,KUB-1061,Chevrolet Trailblazer,2014,72568.84,Hatchback
1060,530,SAB7046757C002530,KUC-1062,Toyota Land Cruiser,2011,71644.72,SUV
1061,531,SABE3B0B544001531,LUB-1063,Hyundai Tucson,2011,84365.18,Sedan
1062,531,SA5E0F17D9E002531,LUC-1064,Toyota Land Cruiser,2014,134316.94,SUV
1063,532,SA8DA57FAC3001532,MUB-1065,Nissan Patrol,2015,129793.26,Hatchback
1064,532,SAA4A8A3175002532,MUC-1066,Ford Ranger,2013,122971.40,Hatchback
1065,533,SA78DAAB4F4001533,NUB-1067,Toyota Fortuner,2013,91745.88,Pickup
1066,533,SA7070F9088002533,NUC-1068,Honda CR-V,2016,118124.12,SUV
1067,534,SACF5530D9E001534,OUB-1069,Toyota Fortuner,2011,143460.66,Sedan
1068,534,SA4F714C73D002534,OUC-1070,Ford Expedition,2011,136550.01,Sedan
1069,535,SAB5C24AB1D001535,PUB-1071,Ford Expedition,2013,147797.21,Pickup
1070,535,SA726192597002535,PUC-1072,Mazda CX-5,2011,58240.10,Crossover
1071,536,SAA64A034C3001536,QUB-1073,Chevrolet Trailblazer,2011,128710.05,Sedan
1072,536,SA32F6C513B002536,QUC-1074,Toyota Land Cruiser,2015,131704.80,SUV
1073,537,SA78719F11F001537,RUB-1075,Chevrolet Trailblazer,2013,83423.76,Crossover
1074,537,SAE7A0AC723002537,RUC-1076,Mitsubishi Pajero,2016,65729.48,SUV
1075,538,SA484A231D0001538,SUB-1077,Chevrolet Trailblazer,2010,94266.48,Hatchback
1076,538,SA6B5CE5A5A002538,SUC-1078,Toyota Land Cruiser,2011,76536.79,Hatchback
1077,539,SA783600913001539,TUB-1079,Ford Expedition,2016,95510.35,Pickup
1078,539,SA2A1066552002539,TUC-1080,Chevrolet Trailblazer,2014,90350.62,SUV
1079,540,SA3AB6BE46E001540,UUB-1081,Mitsubishi Pajero,2014,84739.92,Sedan
1080,540,SAD1359F993002540,UUC-1082,Mitsubishi Pajero,2015,99633.13,Van
1081,541,SA3BC71FAEB001541,VUB-1083,Toyota Land Cruiser,2011,147667.53,Van
1082,541,SA56DC0997D002541,VUC-1084,Honda CR-V,2013,69672.42,Crossover
1083,542,SA07DBD9A18001542,WUB-1085,Nissan Patrol,2011,143781.75,Sedan
1084,542,SACEB059511002542,WUC-1086,Kia Sorento,2014,107150.88,Pickup
1085,543,SAF18224A1A001543,XUB-1087,Chevrolet Trailblazer,2012,68677.93,SUV
1086,543,SA2E92962C0002543,XUC-1088,Ford Expedition,2010,118710.28,Van
1087,544,SAD96EED180001544,YUB-1089,Mitsubishi Pajero,2013,53365.76,Crossover
1088,544,SAA0DC078CA002544,YUC-1090,Toyota Land Cruiser,2015,126840.59,SUV
1089,545,SA95A7E4252001545,ZUB-1091,Ford Expedition,2011,86511.76,Pickup
1090,545,SAFEBEFE1CC002545,ZUC-1092,Toyota Fortuner,2011,74449.85,Sedan
1091,546,SAB9009BEB8001546,AVB-1093,Nissan Patrol,2014,99605.05,Crossover
1092,546,SAD63C4A5E9002546,AVC-1094,Chevrolet Trailblazer,2010,80630.09,Sedan
1093,547,SA82836CA59001547,BVB-1095,Isuzu D-Max,2011,91793.75,Pickup
1094,547,SA64C26B2A2002547,BVC-1096,Chevrolet Trailblazer,2016,114447.65,Hatchback
1095,548,SA24F2F931F001548,CVB-1097,Honda CR-V,2016,60164.66,Sedan
1096,548,SAF4F691AC9002548,CVC-1098,Honda CR-V,2016,98999.59,Hatchback
1097,549,SA1BC2029A8001549,DVB-1099,Toyota Land Cruiser,2013,68525.67,Hatchback
1098,549,SAF01ACD85B002549,DVC-1100,Toyota Land Cruiser,2011,101699.05,SUV
1099,550,SA48DB71587001550,EVB-1101,Ford Expedition,2016,143757.08,Sedan
1100,550,SA13D4635DE002550,EVC-1102,Kia Sorento,2015,129128.54,Van
1101,551,SA3CC697419001551,FVB-1103,Mazda CX-5,2015,114048.58,Crossover
1102,551,SA517F24C02002551,FVC-1104,Mitsubishi Pajero,2014,138670.55,SUV
1103,552,SA8A94ECFA5001552,GVB-1105,Toyota Fortuner,2013,86557.16,Van
1104,552,SA132D6C140002552,GVC-1106,Honda CR-V,2016,96027.17,Crossover
1105,553,SAD5A28F818001553,HVB-1107,Chevrolet Trailblazer,2010,73370.72,Sedan
1106,553,SA378FB9F58002553,HVC-1108,Chevrolet Trailblazer,2010,109729.03,SUV
1107,554,SA1C63926EB001554,IVB-1109,Kia Sorento,2016,118439.43,Crossover
1108,554,SABD4D08CD7002554,IVC-1110,Toyota Land Cruiser,2011,97688.01,Van
1109,555,SA386854131001555,JVB-1111,Toyota Land Cruiser,2012,62919.59,Van
1110,555,SA4502591A3002555,JVC-1112,Mazda CX-5,2012,53315.12,Sedan
1111,556,SA5CB22B6AD001556,KVB-1113,Toyota Land Cruiser,2012,116421.52,SUV
1112,556,SAE84401AD2002556,KVC-1114,Nissan Patrol,2016,106145.87,Van
1113,557,SA3366297A6001557,LVB-1115,Kia Sorento,2014,113731.67,SUV
1114,557,SA30BA10575002557,LVC-1116,Ford Expedition,2011,113441.18,Sedan
1115,558,SAA084F26F6001558,MVB-1117,Chevrolet Trailblazer,2014,58330.60,Van
1116,558,SAC2368D3D4002558,MVC-1118,Chevrolet Trailblazer,2012,99155.08,SUV
1117,559,SA217B4C718001559,NVB-1119,Ford Expedition,2010,118291.56,Hatchback
1118,559,SA94F4EDE62002559,NVC-1120,Mitsubishi Pajero,2015,105877.25,Sedan
1119,560,SA832635D69001560,OVB-1121,Chevrolet Trailblazer,2010,102885.60,Sedan
1120,560,SA1A3650AED002560,OVC-1122,Nissan Patrol,2011,112633.61,Sedan
1121,561,SA01846AE47001561,PVB-1123,Ford Expedition,2011,80207.02,Crossover
1122,561,SA6E8404C3B002561,PVC-1124,Isuzu D-Max,2014,57784.29,Sedan
1123,562,SA249338E60001562,QVB-1125,Ford Expedition,2010,68740.98,Sedan
1124,562,SAB4681A619002562,QVC-1126,Mitsubishi Pajero,2012,131384.93,SUV
1125,563,SACACBF64B8001563,RVB-1127,Mitsubishi Pajero,2015,103556.89,Hatchback
1126,563,SAA2232B5B6002563,RVC-1128,Mitsubishi Pajero,2014,133944.77,Crossover
1127,564,SA48FBAB000001564,SVB-1129,Toyota Fortuner,2016,68967.44,Van
1128,564,SA754C32EB3002564,SVC-1130,Ford Ranger,2015,119047.00,Van
1129,565,SA9B2E035E5001565,TVB-1131,Ford Ranger,2011,111672.24,Pickup
1130,565,SAB4F1EC9F4002565,TVC-1132,Nissan Patrol,2012,69598.64,Hatchback
1131,566,SA0C4B1EEB4001566,UVB-1133,Toyota Land Cruiser,2011,97034.52,Hatchback
1132,566,SA887CAADC3002566,UVC-1134,Chevrolet Trailblazer,2010,97712.82,Van
1133,567,SA63A8F9E30001567,VVB-1135,Honda CR-V,2011,100302.33,SUV
1134,567,SAE7C573C14002567,VVC-1136,Chevrolet Trailblazer,2011,63959.91,Pickup
1135,568,SAB47682899001568,WVB-1137,Ford Ranger,2012,129357.73,Hatchback
1136,568,SA2F8914853002568,WVC-1138,Chevrolet Trailblazer,2012,149506.59,Sedan
1137,569,SA87784ECA6001569,XVB-1139,Chevrolet Trailblazer,2016,57012.16,Hatchback
1138,569,SAB597460C5002569,XVC-1140,Ford Expedition,2013,108385.86,Van
1139,570,SABAC49B876001570,YVB-1141,Mazda CX-5,2010,69569.32,SUV
1140,570,SABA500F040002570,YVC-1142,Isuzu D-Max,2014,118707.61,Sedan
1141,571,SAC10F48884001571,ZVB-1143,Toyota Land Cruiser,2010,139866.02,Van
1142,571,SAA6B8DEB77002571,ZVC-1144,Isuzu D-Max,2013,76089.29,Crossover
1143,572,SA5A66B9200001572,AWB-1145,Nissan Patrol,2014,119146.66,Van
1144,572,SAC94A589BD002572,AWC-1146,Ford Expedition,2015,89799.43,Sedan
1145,573,SA164BF317E001573,BWB-1147,Kia Sorento,2016,108312.55,Van
1146,573,SAC19AF480C002573,BWC-1148,Hyundai Tucson,2011,84405.74,Hatchback
1147,574,SAEDEA29844001574,CWB-1149,Honda CR-V,2016,79709.80,Crossover
1148,574,SAC7BE03F5D002574,CWC-1150,Mazda CX-5,2016,55919.94,Sedan
1149,575,SAA4C42BFD5001575,DWB-1151,Chevrolet Trailblazer,2011,125371.32,Hatchback
1150,575,SAC7B3F097F002575,DWC-1152,Honda CR-V,2013,75667.45,Crossover
1151,576,SA81CACBB44001576,EWB-1153,Mazda CX-5,2014,126360.22,Pickup
1152,576,SAD384DEC9F002576,EWC-1154,Mitsubishi Pajero,2010,63857.06,Hatchback
1153,577,SAD156D4836001577,FWB-1155,Toyota Land Cruiser,2010,116291.43,Pickup
1154,577,SAF6A8DD1C9002577,FWC-1156,Isuzu D-Max,2013,55279.83,Hatchback
1155,578,SA8E2C381D4001578,GWB-1157,Mitsubishi Pajero,2011,144947.07,Van
1156,578,SACF9DC5E4E002578,GWC-1158,Honda CR-V,2012,99347.02,Hatchback
1157,579,SA05B0AFD26001579,HWB-1159,Ford Ranger,2015,130432.50,Van
1158,579,SA89B9C689A002579,HWC-1160,Nissan Patrol,2012,81753.30,Pickup
1159,580,SA1CE4FE042001580,IWB-1161,Toyota Land Cruiser,2014,135090.39,Crossover
1160,580,SA077B83AF5002580,IWC-1162,Isuzu D-Max,2010,100941.58,Crossover
1161,581,SABDC8B08CA001581,JWB-1163,Toyota Fortuner,2016,67246.32,Van
1162,581,SAB1BC40D05002581,JWC-1164,Chevrolet Trailblazer,2010,62696.76,Pickup
1163,582,SA926C11CC0001582,KWB-1165,Honda CR-V,2014,147210.63,Hatchback
1164,582,SAFD2AE8EC9002582,KWC-1166,Toyota Fortuner,2013,97445.36,Van
1165,583,SA228669109001583,LWB-1167,Mitsubishi Pajero,2010,89825.99,Sedan
1166,583,SA677FA4059002583,LWC-1168,Chevrolet Trailblazer,2012,147070.29,Van
1167,584,SA5FC34ED30001584,MWB-1169,Hyundai Tucson,2013,104375.39,Crossover
1168,584,SAFB3EA77A2002584,MWC-1170,Kia Sorento,2015,65358.61,SUV
1169,585,SA2AEC405D4001585,NWB-1171,Chevrolet Trailblazer,2014,121344.08,SUV
1170,585,SA805163A0F002585,NWC-1172,Ford Expedition,2016,138464.35,Van
1171,586,SACCDF3864E001586,OWB-1173,Kia Sorento,2014,53767.73,Sedan
1172,586,SAECB287FF7002586,OWC-1174,Ford Ranger,2013,74218.52,Crossover
1173,587,SA07BBA581A001587,PWB-1175,Honda CR-V,2014,110434.01,Sedan
1174,587,SA94F192DEE002587,PWC-1176,Honda CR-V,2015,55910.49,Van
1175,588,SA6D378765F001588,QWB-1177,Ford Ranger,2012,108204.32,Crossover
1176,588,SADFFAC38DF002588,QWC-1178,Nissan Patrol,2013,94777.01,Crossover
1177,589,SA3D9DABE52001589,RWB-1179,Chevrolet Trailblazer,2010,62939.10,Sedan
1178,589,SAF1DAF122C002589,RWC-1180,Ford Expedition,2014,145448.13,Sedan
1179,590,SAF4661398C001590,SWB-1181,Toyota Fortuner,2012,120106.76,Hatchback
1180,590,SA70A32110F002590,SWC-1182,Honda CR-V,2014,105808.88,Sedan
1181,591,SA84A955D5F001591,TWB-1183,Nissan Patrol,2012,149083.20,Sedan
1182,591,SAEDDEB82DF002591,TWC-1184,Mitsubishi Pajero,2012,134072.92,Van
1183,592,SAB59442085001592,UWB-1185,Nissan Patrol,2012,58935.02,Van
1184,592,SAD76D8DEEA002592,UWC-1186,Mitsubishi Pajero,2014,73248.33,SUV
1185,593,SAAA1B6B26D001593,VWB-1187,Ford Ranger,2015,90230.48,Pickup
1186,593,SA3D191EF6E002593,VWC-1188,Isuzu D-Max,2012,108383.12,Pickup
1187,594,SAE0B60D939001594,WWB-1189,Ford Expedition,2016,121460.46,Van
1188,594,SAB0DD033CB002594,WWC-1190,Mitsubishi Pajero,2014,136835.27,SUV
1189,595,SA800B03685001595,XWB-1191,Nissan Patrol,2015,130105.42,Sedan
1190,595,SA761EFC843002595,XWC-1192,Honda CR-V,2012,121509.58,Hatchback
1191,596,SA094366EAA001596,YWB-1193,Toyota Fortuner,2011,97532.98,Crossover
1192,596,SABAEABB8FF002596,YWC-1194,Nissan Patrol,2011,74566.05,Pickup
1193,597,SA73983C019001597,ZWB-1195,Honda CR-V,2014,55388.95,Van
1194,597,SAD8A3A3C32002597,ZWC-1196,Ford Ranger,2015,123365.69,Van
1195,598,SAABB9D15B3001598,AXB-1197,Isuzu D-Max,2010,120159.23,SUV
1196,598,SAC23497BD6002598,AXC-1198,Ford Ranger,2011,125675.46,Pickup
1197,599,SAC0356641F001599,BXB-1199,Kia Sorento,2010,102752.50,Van
1198,599,SA675F98206002599,BXC-1200,Isuzu D-Max,2011,112355.92,Van
1199,600,SAEA1818CBE001600,CXB-1201,Kia Sorento,2016,83535.05,Sedan
1200,600,SA4B01078E9002600,CXC-1202,Mazda CX-5,2016,93763.56,Hatchback
1201,601,SAE3B80D30A001601,DXB-1203,Mitsubishi Pajero,2015,107371.38,Van
1202,601,SA4C4C937B6002601,DXC-1204,Isuzu D-Max,2015,56533.20,Hatchback
1203,602,SAB075703BB001602,EXB-1205,Mazda CX-5,2013,103539.48,SUV
1204,602,SADA54DD5A0002602,EXC-1206,Honda CR-V,2010,84927.25,SUV
1205,603,SAB56EA7B6A001603,FXB-1207,Isuzu D-Max,2015,71517.91,SUV
1206,603,SAFB3A30A2E002603,FXC-1208,Toyota Fortuner,2015,137201.39,Sedan
1207,604,SA58EE2794C001604,GXB-1209,Mitsubishi Pajero,2012,84747.38,SUV
1208,604,SA838AAC83E002604,GXC-1210,Hyundai Tucson,2011,121714.70,Pickup
1209,605,SA1D0932D7F001605,HXB-1211,Honda CR-V,2013,86075.18,Van
1210,605,SAD2A10B0BD002605,HXC-1212,Toyota Land Cruiser,2014,63906.87,Hatchback
1211,606,SAA775361D1001606,IXB-1213,Chevrolet Trailblazer,2010,97262.85,Pickup
1212,606,SA09CCF3183002606,IXC-1214,Honda CR-V,2014,118748.04,Pickup
1213,607,SA7FA1575CB001607,JXB-1215,Honda CR-V,2015,66613.13,Hatchback
1214,607,SA3FFEBB08D002607,JXC-1216,Honda CR-V,2014,71465.62,Van
1215,608,SAADF854F41001608,KXB-1217,Hyundai Tucson,2013,105931.86,Van
1216,608,SAA6E38981E002608,KXC-1218,Ford Ranger,2015,130206.66,Sedan
1217,609,SAA4E858C15001609,LXB-1219,Ford Ranger,2014,66047.57,Hatchback
1218,609,SA265C2B6A2002609,LXC-1220,Toyota Land Cruiser,2013,127658.47,Pickup
1219,610,SA2CFA47A65001610,MXB-1221,Mitsubishi Pajero,2010,115623.68,Pickup
1220,610,SA7BEC7E63A002610,MXC-1222,Ford Ranger,2014,115519.27,Pickup
1221,611,SA721E049E9001611,NXB-1223,Ford Expedition,2016,129386.54,SUV
1222,611,SA0B6A27E2B002611,NXC-1224,Toyota Land Cruiser,2012,77342.93,Crossover
1223,612,SA03FCD68E5001612,OXB-1225,Toyota Land Cruiser,2010,63590.55,Crossover
1224,612,SA8AA2C95DC002612,OXC-1226,Ford Ranger,2011,111956.83,Crossover
1225,613,SA392526094001613,PXB-1227,Toyota Land Cruiser,2010,123886.44,Hatchback
1226,613,SA36D5EF2A0002613,PXC-1228,Nissan Patrol,2013,104779.55,Van
1227,614,SA13D2B7361001614,QXB-1229,Ford Expedition,2010,117024.82,Van
1228,614,SA7D4BA7006002614,QXC-1230,Toyota Fortuner,2015,65745.18,Sedan
1229,615,SA761B42CFF001615,RXB-1231,Hyundai Tucson,2016,136379.33,Crossover
1230,615,SA92AE5CFEF002615,RXC-1232,Ford Ranger,2010,149643.03,SUV
1231,616,SA5BF73BC6C001616,SXB-1233,Isuzu D-Max,2014,76219.52,Hatchback
1232,616,SA6AABA9A12002616,SXC-1234,Chevrolet Trailblazer,2014,133852.36,Van
1233,617,SAB5D3AD899001617,TXB-1235,Hyundai Tucson,2011,109035.89,Sedan
1234,617,SAC5EF831F5002617,TXC-1236,Ford Expedition,2011,148861.02,Sedan
1235,618,SA7873B66CA001618,UXB-1237,Nissan Patrol,2016,117455.12,Pickup
1236,618,SA4C5A99856002618,UXC-1238,Mitsubishi Pajero,2016,109439.61,Sedan
1237,619,SA9D4C03631001619,VXB-1239,Ford Ranger,2011,101444.79,Hatchback
1238,619,SAF91CEB5AF002619,VXC-1240,Toyota Fortuner,2010,100682.24,Hatchback
1239,620,SAE0CD3F16F001620,WXB-1241,Toyota Fortuner,2015,112743.88,Pickup
1240,620,SA38CCDF8D5002620,WXC-1242,Mazda CX-5,2012,77605.36,SUV
1241,621,SA0F34132B1001621,XXB-1243,Toyota Fortuner,2013,65563.99,Sedan
1242,621,SA9A83EABFB002621,XXC-1244,Nissan Patrol,2016,66206.84,Hatchback
1243,622,SAABD987257001622,YXB-1245,Nissan Patrol,2012,135464.38,Van
1244,622,SA1A260649D002622,YXC-1246,Hyundai Tucson,2010,128758.90,Van
1245,623,SA0A17AD0FA001623,ZXB-1247,Nissan Patrol,2013,115736.59,Hatchback
1246,623,SA575425A3F002623,ZXC-1248,Nissan Patrol,2013,103108.14,Crossover
1247,624,SA154F596A0001624,AYB-1249,Honda CR-V,2010,85425.52,Pickup
1248,624,SAD82A1853D002624,AYC-1250,Ford Ranger,2013,128792.75,Van
1249,625,SA9AC1382FD001625,BYB-1251,Isuzu D-Max,2014,102634.98,SUV
1250,625,SAFE7407459002625,BYC-1252,Mitsubishi Pajero,2016,146868.57,Van
1251,626,SAAFF82E881001626,CYB-1253,Toyota Land Cruiser,2015,122080.84,Van
1252,626,SA481FBFA59002626,CYC-1254,Hyundai Tucson,2010,117959.11,Crossover
1253,627,SAA1B63B36B001627,DYB-1255,Nissan Patrol,2011,146047.80,Pickup
1254,627,SA146389F11002627,DYC-1256,Nissan Patrol,2014,144237.99,Van
1255,628,SAF86890095001628,EYB-1257,Toyota Fortuner,2013,126338.67,Hatchback
1256,628,SAC2073FFA7002628,EYC-1258,Chevrolet Trailblazer,2013,65320.37,Crossover
1257,629,SAC9F029A6A001629,FYB-1259,Mitsubishi Pajero,2013,121222.56,Crossover
1258,629,SA89D3D7800002629,FYC-1260,Mitsubishi Pajero,2010,138941.43,Sedan
1259,630,SA1DFFEFA65001630,GYB-1261,Mazda CX-5,2016,142061.41,SUV
1260,630,SAA06087436002630,GYC-1262,Kia Sorento,2012,63441.22,Sedan
1261,631,SAC00193E70001631,HYB-1263,Mitsubishi Pajero,2013,89363.67,Crossover
1262,631,SA6467C327E002631,HYC-1264,Toyota Land Cruiser,2016,132059.20,Crossover
1263,632,SA7CB36E235001632,IYB-1265,Hyundai Tucson,2012,114660.31,Crossover
1264,632,SAFE1F9C70B002632,IYC-1266,Hyundai Tucson,2010,105980.95,Van
1265,633,SA5CC4BB753001633,JYB-1267,Mitsubishi Pajero,2015,73586.52,Sedan
1266,633,SA53B354612002633,JYC-1268,Toyota Land Cruiser,2010,142674.63,Sedan
1267,634,SA0ACA829C0001634,KYB-1269,Ford Expedition,2011,60385.77,Sedan
1268,634,SAADAD9E1C9002634,KYC-1270,Ford Ranger,2016,112798.45,Crossover
1269,635,SAC6862D63B001635,LYB-1271,Mitsubishi Pajero,2014,136880.49,Crossover
1270,635,SA9F16B57BD002635,LYC-1272,Ford Ranger,2015,52675.56,Crossover
1271,636,SA38EB982EE001636,MYB-1273,Ford Expedition,2014,86128.69,Crossover
1272,636,SA7F687767C002636,MYC-1274,Mitsubishi Pajero,2014,146307.18,Van
1273,637,SA15825AEE1001637,NYB-1275,Ford Ranger,2015,133491.41,Van
1274,637,SA5EF78F63B002637,NYC-1276,Toyota Fortuner,2012,85097.87,Hatchback
1275,638,SABD4302570001638,OYB-1277,Toyota Fortuner,2016,89267.48,Hatchback
1276,638,SAFE04E05FB002638,OYC-1278,Ford Ranger,2010,114368.05,Hatchback
1277,639,SAF73A9F957001639,PYB-1279,Toyota Land Cruiser,2012,92601.72,Pickup
1278,639,SA3001EF257002639,PYC-1280,Mitsubishi Pajero,2012,62980.47,Sedan
1279,640,SA012D9FE15001640,QYB-1281,Ford Ranger,2014,58896.37,Sedan
1280,640,SA72C25197B002640,QYC-1282,Toyota Land Cruiser,2015,93442.39,Sedan
1281,641,SA8091588A3001641,RYB-1283,Toyota Land Cruiser,2012,79936.56,Hatchback
1282,641,SACDF66A6A7002641,RYC-1284,Hyundai Tucson,2012,57901.47,Hatchback
1283,642,SAEBBDFEA21001642,SYB-1285,Hyundai Tucson,2010,116505.23,Van
1284,642,SAEE0C1616B002642,SYC-1286,Isuzu D-Max,2016,57459.91,SUV
1285,643,SAE1DC4BF1F001643,TYB-1287,Chevrolet Trailblazer,2014,144433.08,Hatchback
1286,643,SAA0AFDF1AC002643,TYC-1288,Kia Sorento,2016,106566.28,Van
1287,644,SA0B07C4AAB001644,UYB-1289,Toyota Land Cruiser,2015,85436.46,Crossover
1288,644,SACEBD648F9002644,UYC-1290,Toyota Land Cruiser,2012,75591.63,Crossover
1289,645,SA022E0EE51001645,VYB-1291,Toyota Land Cruiser,2012,131386.02,Hatchback
1290,645,SA2FCD5CF1E002645,VYC-1292,Toyota Land Cruiser,2015,83001.00,Hatchback
1291,646,SADEAD35FA1001646,WYB-1293,Isuzu D-Max,2011,73385.76,Hatchback
1292,646,SADCA49D1A5002646,WYC-1294,Nissan Patrol,2010,121699.50,SUV
1293,647,SAA274315E1001647,XYB-1295,Toyota Fortuner,2013,136020.08,Sedan
1294,647,SA832353270002647,XYC-1296,Isuzu D-Max,2015,67388.94,Pickup
1295,648,SA959AB9A06001648,YYB-1297,Kia Sorento,2015,97474.50,Van
1296,648,SA889091FF7002648,YYC-1298,Mazda CX-5,2010,105733.02,Hatchback
1297,649,SACD17D3CE3001649,ZYB-1299,Toyota Fortuner,2016,102972.98,Crossover
1298,649,SAAA8FDBB7D002649,ZYC-1300,Hyundai Tucson,2016,60772.61,SUV
1299,650,SA692BAEBEC001650,AZB-1301,Toyota Fortuner,2014,85257.24,SUV
1300,650,SA4B97B5AD9002650,AZC-1302,Ford Ranger,2013,61495.77,SUV
1301,651,SAFC2E6A440001651,BZB-1303,Ford Expedition,2014,118817.46,Sedan
1302,651,SAABD1C7828002651,BZC-1304,Toyota Land Cruiser,2010,126128.70,Hatchback
1303,652,SA5B80DC308001652,CZB-1305,Toyota Land Cruiser,2012,132796.75,Sedan
1304,652,SAC900FE928002652,CZC-1306,Honda CR-V,2012,103654.68,SUV
1305,653,SA0A7D83F08001653,DZB-1307,Isuzu D-Max,2012,82093.55,Hatchback
1306,653,SAB9A25E422002653,DZC-1308,Chevrolet Trailblazer,2012,98695.60,Sedan
1307,654,SA751F915C2001654,EZB-1309,Chevrolet Trailblazer,2011,91218.58,Crossover
1308,654,SAF56D81839002654,EZC-1310,Mitsubishi Pajero,2015,73490.52,SUV
1309,655,SA01922CBEA001655,FZB-1311,Hyundai Tucson,2011,104380.62,Van
1310,655,SABA5451D3C002655,FZC-1312,Hyundai Tucson,2012,83374.55,Van
1311,656,SA118BD5580001656,GZB-1313,Mazda CX-5,2016,81050.17,SUV
1312,656,SA22F7E8345002656,GZC-1314,Mazda CX-5,2013,90090.36,SUV
1313,657,SAAD0F7A252001657,HZB-1315,Kia Sorento,2012,71769.39,Crossover
1314,657,SA44A6A9FEE002657,HZC-1316,Mazda CX-5,2014,90944.23,Pickup
1315,658,SA7AEE5D5DF001658,IZB-1317,Nissan Patrol,2010,141012.62,Crossover
1316,658,SAA14185BF0002658,IZC-1318,Honda CR-V,2013,108027.30,SUV
1317,659,SA486FBD761001659,JZB-1319,Hyundai Tucson,2012,59068.07,Pickup
1318,659,SA71DD9B48F002659,JZC-1320,Hyundai Tucson,2011,98564.07,SUV
1319,660,SA7A576629F001660,KZB-1321,Honda CR-V,2011,85963.80,Van
1320,660,SAAB6B331E9002660,KZC-1322,Ford Expedition,2015,102185.39,Hatchback
1321,661,SA11704817E001661,LZB-1323,Ford Ranger,2013,140649.37,Van
1322,661,SAD37EB50D8002661,LZC-1324,Ford Ranger,2010,140453.36,SUV
1323,662,SAD4DF7B623001662,MZB-1325,Mitsubishi Pajero,2011,100126.53,Hatchback
1324,662,SA4D0505284002662,MZC-1326,Kia Sorento,2016,145737.83,Sedan
1325,663,SA524F141E1001663,NZB-1327,Isuzu D-Max,2010,92033.12,Hatchback
1326,663,SA44E65D3E9002663,NZC-1328,Toyota Fortuner,2014,135273.46,Sedan
1327,664,SAFCF55A303001664,OZB-1329,Chevrolet Trailblazer,2014,51450.21,Van
1328,664,SA58E16DC76002664,OZC-1330,Chevrolet Trailblazer,2016,115585.89,Van
1329,665,SA06CCC6FAC001665,PZB-1331,Kia Sorento,2010,112948.32,Crossover
1330,665,SAE1AB840A0002665,PZC-1332,Toyota Fortuner,2014,69572.73,Hatchback
1331,666,SAD1AC549DB001666,QZB-1333,Ford Ranger,2015,125541.92,Van
1332,666,SA0E2DB0CB2002666,QZC-1334,Toyota Land Cruiser,2015,84611.77,Sedan
1333,667,SAA1E865A9B001667,RZB-1335,Isuzu D-Max,2011,113119.53,Van
1334,667,SAB9B852AC7002667,RZC-1336,Isuzu D-Max,2010,59836.31,Hatchback
1335,668,SA65586803F001668,SZB-1337,Ford Ranger,2016,122246.99,Hatchback
1336,668,SAC46489A2D002668,SZC-1338,Kia Sorento,2012,149076.82,Van
1337,669,SA1E7875CF3001669,TZB-1339,Kia Sorento,2016,68664.04,SUV
1338,669,SAB154E7B21002669,TZC-1340,Toyota Fortuner,2016,96526.99,Hatchback
1339,670,SAE987EFF4A001670,UZB-1341,Ford Expedition,2010,61395.27,SUV
1340,670,SA9823C9091002670,UZC-1342,Chevrolet Trailblazer,2012,73274.25,Hatchback
1341,671,SA50982FB2F001671,VZB-1343,Ford Ranger,2011,94872.58,Hatchback
1342,671,SA5726DAF2C002671,VZC-1344,Chevrolet Trailblazer,2013,145527.30,Pickup
1343,672,SAA0D3973AD001672,WZB-1345,Hyundai Tucson,2016,93381.76,Sedan
1344,672,SAA2802CADE002672,WZC-1346,Toyota Land Cruiser,2016,147448.21,Hatchback
1345,673,SA0E915DB63001673,XZB-1347,Ford Ranger,2010,50703.30,Van
1346,673,SA5DB30D43F002673,XZC-1348,Honda CR-V,2010,149449.42,Van
1347,674,SAC9E37C28C001674,YZB-1349,Kia Sorento,2013,67741.76,Sedan
1348,674,SA325EAEAC5002674,YZC-1350,Toyota Fortuner,2016,52963.01,SUV
1349,675,SAF77ECC171001675,ZZB-1351,Mazda CX-5,2016,98769.79,Van
1350,675,SA751F6B6B0002675,ZZC-1352,Kia Sorento,2015,109258.06,Sedan
1351,676,SA8AB70731B001676,AAB-1353,Toyota Land Cruiser,2014,81193.76,Crossover
1352,676,SA01DED4259002676,AAC-1354,Mazda CX-5,2011,100988.34,Pickup
1353,677,SA195F15384001677,BAB-1355,Mazda CX-5,2014,120614.78,Van
1354,677,SA2639C6BD2002677,BAC-1356,Toyota Fortuner,2014,117805.49,Sedan
1355,678,SA2A845D4D2001678,CAB-1357,Ford Expedition,2012,135846.98,Crossover
1356,678,SA128AC9C42002678,CAC-1358,Chevrolet Trailblazer,2015,141337.12,Sedan
1357,679,SA35B50410D001679,DAB-1359,Toyota Fortuner,2016,76960.98,Van
1358,679,SA5E98D23AF002679,DAC-1360,Hyundai Tucson,2013,84973.60,Crossover
1359,680,SA1FB333BC3001680,EAB-1361,Kia Sorento,2015,129015.58,SUV
1360,680,SADBB240D23002680,EAC-1362,Mitsubishi Pajero,2016,75555.31,Crossover
1361,681,SA2ADCFC392001681,FAB-1363,Mitsubishi Pajero,2010,101956.76,Pickup
1362,681,SA92B70A527002681,FAC-1364,Nissan Patrol,2014,143495.88,Crossover
1363,682,SABA0A4D6EC001682,GAB-1365,Isuzu D-Max,2015,58813.41,Pickup
1364,682,SAE6BE4C22A002682,GAC-1366,Honda CR-V,2015,82701.53,Van
1365,683,SA4D0B954F0001683,HAB-1367,Mazda CX-5,2012,92844.03,Sedan
1366,683,SA349F36AA7002683,HAC-1368,Chevrolet Trailblazer,2014,60392.55,Pickup
1367,684,SA9559FC73B001684,IAB-1369,Toyota Land Cruiser,2013,94875.51,Sedan
1368,684,SA74961657A002684,IAC-1370,Toyota Fortuner,2014,99809.75,SUV
1369,685,SA478D04447001685,JAB-1371,Nissan Patrol,2011,50469.30,Van
1370,685,SA6E96BE832002685,JAC-1372,Toyota Fortuner,2012,128183.34,Crossover
1371,686,SAA957AA962001686,KAB-1373,Toyota Land Cruiser,2015,119087.36,Van
1372,686,SA55ED523B2002686,KAC-1374,Hyundai Tucson,2014,66199.57,Pickup
1373,687,SA7EA25C95B001687,LAB-1375,Mitsubishi Pajero,2011,56147.14,Crossover
1374,687,SA83715FD47002687,LAC-1376,Toyota Fortuner,2013,69914.25,Sedan
1375,688,SA5F6ECC968001688,MAB-1377,Ford Ranger,2011,91204.35,Sedan
1376,688,SA5317B6799002688,MAC-1378,Kia Sorento,2011,54244.18,Hatchback
1377,689,SA83DA7C539001689,NAB-1379,Hyundai Tucson,2014,103650.04,Van
1378,689,SAF2F446980002689,NAC-1380,Toyota Land Cruiser,2010,94669.68,Crossover
1379,690,SA84B64E537001690,OAB-1381,Ford Ranger,2013,124353.31,Sedan
1380,690,SAE2459AE2C002690,OAC-1382,Toyota Land Cruiser,2013,118501.52,Hatchback
1381,691,SAED77EAB0B001691,PAB-1383,Isuzu D-Max,2011,98076.81,Van
1382,691,SA15756C350002691,PAC-1384,Honda CR-V,2016,116437.08,SUV
1383,692,SA39E98420B001692,QAB-1385,Mazda CX-5,2011,75520.62,Van
1384,692,SA29FDFF891002692,QAC-1386,Kia Sorento,2010,77385.09,Crossover
1385,693,SAC70341DE2001693,RAB-1387,Isuzu D-Max,2012,104698.74,SUV
1386,693,SACAAA29EAB002693,RAC-1388,Mazda CX-5,2016,73295.24,SUV
1387,694,SAAAD64398A001694,SAB-1389,Ford Expedition,2016,81365.05,Sedan
1388,694,SAC236337B0002694,SAC-1390,Mazda CX-5,2014,141181.31,Van
1389,695,SAF5CFBC876001695,TAB-1391,Toyota Fortuner,2014,124772.36,SUV
1390,695,SAA61F27AB2002695,TAC-1392,Toyota Fortuner,2011,116388.70,SUV
1391,696,SA09779BB79001696,UAB-1393,Ford Expedition,2012,87414.43,Hatchback
1392,696,SA5F1D3986F002696,UAC-1394,Mazda CX-5,2016,128184.22,Hatchback
1393,697,SA1C280E54C001697,VAB-1395,Mazda CX-5,2016,58921.84,Van
1394,697,SA566F0EA4F002697,VAC-1396,Chevrolet Trailblazer,2011,122539.27,Sedan
1395,698,SA4B0091F82001698,WAB-1397,Hyundai Tucson,2016,121196.42,Van
1396,698,SA0EA711391002698,WAC-1398,Toyota Land Cruiser,2016,78193.32,SUV
1397,699,SA0394EA689001699,XAB-1399,Toyota Fortuner,2014,108702.86,SUV
1398,699,SA9BCB182AB002699,XAC-1400,Hyundai Tucson,2016,83846.27,SUV
1399,700,SA5E9D17E41001700,YAB-1401,Nissan Patrol,2014,66660.96,SUV
1400,700,SA14B85B075002700,YAC-1402,Kia Sorento,2014,130283.99,SUV
1401,701,SA970627414001701,ZAB-1403,Toyota Land Cruiser,2014,65626.79,Crossover
1402,701,SA55FD13681002701,ZAC-1404,Mazda CX-5,2016,139016.53,Crossover
1403,702,SACF866614B001702,ABB-1405,Honda CR-V,2016,125701.44,Sedan
1404,702,SA1F33D7CF6002702,ABC-1406,Kia Sorento,2015,142467.04,SUV
1405,703,SAB91F5A1E5001703,BBB-1407,Honda CR-V,2012,102446.54,Van
1406,703,SA6AF97D7DE002703,BBC-1408,Chevrolet Trailblazer,2014,80162.48,Crossover
1407,704,SA7C93EBE87001704,CBB-1409,Hyundai Tucson,2013,113495.90,Sedan
1408,704,SA8C66BB198002704,CBC-1410,Nissan Patrol,2010,140135.30,Pickup
1409,705,SABA3C73666001705,DBB-1411,Ford Ranger,2012,53900.68,Hatchback
1410,705,SA0428BE749002705,DBC-1412,Ford Expedition,2014,116522.48,Hatchback
1411,706,SA6495CF7CA001706,EBB-1413,Hyundai Tucson,2012,95524.59,Sedan
1412,706,SA6CF75A28E002706,EBC-1414,Mazda CX-5,2016,59955.40,SUV
1413,707,SA059D9E011001707,FBB-1415,Toyota Land Cruiser,2012,138289.49,Hatchback
1414,707,SA29E11EA8E002707,FBC-1416,Chevrolet Trailblazer,2015,132242.54,Hatchback
1415,708,SADF438E520001708,GBB-1417,Honda CR-V,2016,148652.87,Hatchback
1416,708,SA3BF29F384002708,GBC-1418,Ford Expedition,2016,75399.43,Pickup
1417,709,SA328347805001709,HBB-1419,Toyota Fortuner,2012,82134.65,Sedan
1418,709,SAD4A932970002709,HBC-1420,Toyota Land Cruiser,2012,62048.50,Van
1419,710,SAB33128CB0001710,IBB-1421,Ford Ranger,2016,65993.63,Pickup
1420,710,SAC9D9EDBF9002710,IBC-1422,Ford Ranger,2010,65247.97,Van
1421,711,SA1AB60B5E8001711,JBB-1423,Ford Expedition,2015,74177.65,Hatchback
1422,711,SABA7609EE5002711,JBC-1424,Ford Expedition,2013,68439.86,Hatchback
1423,712,SA738A6457B001712,KBB-1425,Hyundai Tucson,2010,137068.64,Pickup
1424,712,SADF334B223002712,KBC-1426,Nissan Patrol,2011,59641.26,Van
1425,713,SA50E207AB6001713,LBB-1427,Isuzu D-Max,2016,68631.65,SUV
1426,713,SA32B127307002713,LBC-1428,Honda CR-V,2015,84473.00,Hatchback
1427,714,SA817C99C48001714,MBB-1429,Toyota Fortuner,2016,98143.32,Sedan
1428,714,SA914101EC4002714,MBC-1430,Honda CR-V,2015,92132.46,SUV
1429,715,SAFC394E993001715,NBB-1431,Isuzu D-Max,2014,87588.31,Van
1430,715,SA185E48A43002715,NBC-1432,Chevrolet Trailblazer,2013,78704.58,Van
1431,716,SA8860A4E27001716,OBB-1433,Toyota Fortuner,2014,76856.56,Crossover
1432,716,SA7DD3ED2E1002716,OBC-1434,Mazda CX-5,2015,141566.17,SUV
1433,717,SAA35F4223B001717,PBB-1435,Nissan Patrol,2015,63026.03,Pickup
1434,717,SA1D0832C49002717,PBC-1436,Isuzu D-Max,2013,143491.96,Hatchback
1435,718,SA99C83C904001718,QBB-1437,Toyota Fortuner,2012,108654.19,Sedan
1436,718,SAEF70E26A0002718,QBC-1438,Kia Sorento,2015,135697.08,Sedan
1437,719,SAF06048518001719,RBB-1439,Nissan Patrol,2014,124344.66,Crossover
1438,719,SA73EFCFE5F002719,RBC-1440,Mazda CX-5,2013,69932.59,Hatchback
1439,720,SAF9AB16852001720,SBB-1441,Honda CR-V,2011,55814.57,Crossover
1440,720,SAF862D1345002720,SBC-1442,Ford Expedition,2015,91942.07,Hatchback
1441,721,SAF10F2DA9A001721,TBB-1443,Hyundai Tucson,2016,138542.70,Sedan
1442,721,SAE14E58299002721,TBC-1444,Isuzu D-Max,2015,98063.24,Pickup
1443,722,SA5ECF33FD9001722,UBB-1445,Mitsubishi Pajero,2010,127687.61,Pickup
1444,722,SA3C5BE6328002722,UBC-1446,Nissan Patrol,2014,134668.64,Crossover
1445,723,SAB52225971001723,VBB-1447,Nissan Patrol,2010,68523.95,Hatchback
1446,723,SAD8EA5F53C002723,VBC-1448,Isuzu D-Max,2012,53754.08,Pickup
1447,724,SA040D45CCC001724,WBB-1449,Honda CR-V,2010,117898.00,Hatchback
1448,724,SAA09B68ADA002724,WBC-1450,Isuzu D-Max,2011,139830.51,Sedan
1449,725,SA3472AB80B001725,XBB-1451,Honda CR-V,2016,134051.20,Van
1450,725,SA201D54699002725,XBC-1452,Honda CR-V,2015,124803.10,Pickup
1451,726,SA8346DB44A001726,YBB-1453,Ford Expedition,2014,128893.84,Van
1452,726,SA9773D3352002726,YBC-1454,Toyota Fortuner,2010,65675.27,Pickup
1453,727,SA52FC2AEE8001727,ZBB-1455,Kia Sorento,2015,104157.29,SUV
1454,727,SAD2A1E34D8002727,ZBC-1456,Chevrolet Trailblazer,2012,131273.46,Sedan
1455,728,SA701D80454001728,ACB-1457,Mitsubishi Pajero,2011,103254.96,SUV
1456,728,SA21C2C2548002728,ACC-1458,Nissan Patrol,2011,123916.55,Sedan
1457,729,SA3000311CA001729,BCB-1459,Hyundai Tucson,2011,127996.78,Hatchback
1458,729,SAF0E6BE4CE002729,BCC-1460,Isuzu D-Max,2015,72369.79,Pickup
1459,730,SA9C779F56F001730,CCB-1461,Honda CR-V,2016,127329.52,Crossover
1460,730,SAD9437926C002730,CCC-1462,Ford Ranger,2010,77652.09,Pickup
1461,731,SAC7B037829001731,DCB-1463,Isuzu D-Max,2011,113651.80,Crossover
1462,731,SAFC2022C89002731,DCC-1464,Ford Ranger,2016,112827.76,Pickup
1463,732,SAC2C701FE3001732,ECB-1465,Isuzu D-Max,2012,89116.28,Crossover
1464,732,SA182BD81EA002732,ECC-1466,Mitsubishi Pajero,2013,111189.22,Hatchback
1465,733,SAAC64504CC001733,FCB-1467,Mitsubishi Pajero,2010,70313.61,SUV
1466,733,SA3D1296C4B002733,FCC-1468,Honda CR-V,2011,99954.18,Sedan
1467,734,SA40F6992C3001734,GCB-1469,Toyota Fortuner,2014,76086.12,Pickup
1468,734,SA8612C55D2002734,GCC-1470,Ford Ranger,2015,73299.70,Sedan
1469,735,SAA18AD9F9B001735,HCB-1471,Toyota Land Cruiser,2011,93159.02,Sedan
1470,735,SAAB73F542B002735,HCC-1472,Chevrolet Trailblazer,2012,144212.05,Sedan
1471,736,SA3E9F7C16B001736,ICB-1473,Ford Expedition,2014,68452.01,SUV
1472,736,SA1E9B64527002736,ICC-1474,Toyota Fortuner,2016,60887.14,Pickup
1473,737,SA0D46839F6001737,JCB-1475,Honda CR-V,2011,72477.84,Sedan
1474,737,SA8F91C9C26002737,JCC-1476,Ford Ranger,2016,66247.35,Sedan
1475,738,SA64DE16663001738,KCB-1477,Mitsubishi Pajero,2010,77212.87,Pickup
1476,738,SAC9DD73F5C002738,KCC-1478,Mazda CX-5,2010,148228.06,Crossover
1477,739,SA88CF91A1A001739,LCB-1479,Mitsubishi Pajero,2011,91304.04,Crossover
1478,739,SA7A1D9028A002739,LCC-1480,Toyota Fortuner,2010,88489.18,Sedan
1479,740,SA9B91D245C001740,MCB-1481,Isuzu D-Max,2011,75557.82,Van
1480,740,SAB6846B018002740,MCC-1482,Toyota Land Cruiser,2011,106438.55,Pickup
1481,741,SA8BE6ADAE5001741,NCB-1483,Honda CR-V,2015,94085.03,Pickup
1482,741,SAE13748298002741,NCC-1484,Hyundai Tucson,2016,84656.68,Sedan
1483,742,SAB9ACB4AE6001742,OCB-1485,Toyota Fortuner,2012,68189.47,Van
1484,742,SA52AAA62E7002742,OCC-1486,Mazda CX-5,2010,119414.52,Hatchback
1485,743,SA51C68DC08001743,PCB-1487,Mitsubishi Pajero,2014,58291.47,SUV
1486,743,SA48BEA99C8002743,PCC-1488,Honda CR-V,2011,109018.38,Crossover
1487,744,SAE35D7A576001744,QCB-1489,Ford Ranger,2015,106551.47,Crossover
1488,744,SAE41990B12002744,QCC-1490,Toyota Fortuner,2013,57212.85,Crossover
1489,745,SAD11509055001745,RCB-1491,Hyundai Tucson,2015,56864.05,Hatchback
1490,745,SA71CC107D2002745,RCC-1492,Toyota Land Cruiser,2016,115379.45,Van
1491,746,SAC5AD7D5C8001746,SCB-1493,Toyota Fortuner,2013,146602.14,Hatchback
1492,746,SAB8102D1FA002746,SCC-1494,Ford Ranger,2011,101565.21,Sedan
1493,747,SA1E591403F001747,TCB-1495,Isuzu D-Max,2016,139565.98,SUV
1494,747,SAE5E6851E7002747,TCC-1496,Isuzu D-Max,2013,93457.74,SUV
1495,748,SA8860E834A001748,UCB-1497,Hyundai Tucson,2013,108965.69,Pickup
1496,748,SA34F5297EF002748,UCC-1498,Toyota Land Cruiser,2014,125920.65,Crossover
1497,749,SAA46B6B588001749,VCB-1499,Honda CR-V,2013,132197.04,Pickup
1498,749,SAC82B01331002749,VCC-1500,Isuzu D-Max,2011,81670.11,Hatchback
1499,750,SA21E8CADBA001750,WCB-1501,Honda CR-V,2012,80124.11,Pickup
1500,750,SA475CC020A002750,WCC-1502,Toyota Land Cruiser,2016,64325.14,Crossover
1501,751,SA1E44FDF9C001751,XCB-1503,Isuzu D-Max,2014,54303.31,Crossover
1502,751,SA161C5C5AD002751,XCC-1504,Mazda CX-5,2012,83818.41,Sedan
1503,752,SAE1E1F667C001752,YCB-1505,Nissan Patrol,2011,143600.79,Crossover
1504,752,SA67E235E7F002752,YCC-1506,Ford Ranger,2010,70137.16,Crossover
1505,753,SA021F6DD88001753,ZCB-1507,Isuzu D-Max,2014,123897.29,Crossover
1506,753,SAAEECC5A9C002753,ZCC-1508,Mazda CX-5,2010,71849.79,Van
1507,754,SA8900FAAAF001754,ADB-1509,Mitsubishi Pajero,2015,95072.38,SUV
1508,754,SA2A8A8BDE5002754,ADC-1510,Honda CR-V,2012,102863.62,Hatchback
1509,755,SA44E76E99B001755,BDB-1511,Nissan Patrol,2013,65239.38,SUV
1510,755,SA626FBE83F002755,BDC-1512,Ford Expedition,2010,110850.65,Crossover
1511,756,SA17256F049001756,CDB-1513,Mitsubishi Pajero,2011,55195.31,Van
1512,756,SAEB46C61F9002756,CDC-1514,Isuzu D-Max,2015,118103.30,Crossover
1513,757,SA25702D423001757,DDB-1515,Kia Sorento,2015,53207.46,SUV
1514,757,SA9B8EF2722002757,DDC-1516,Hyundai Tucson,2012,147970.80,Hatchback
1515,758,SA0B794A037001758,EDB-1517,Nissan Patrol,2012,137306.80,Sedan
1516,758,SA48C4A756D002758,EDC-1518,Ford Expedition,2010,106944.95,Sedan
1517,759,SA274231193001759,FDB-1519,Toyota Land Cruiser,2011,137120.78,Pickup
1518,759,SAFC9812127002759,FDC-1520,Isuzu D-Max,2015,83720.84,Crossover
1519,760,SA43207FD5E001760,GDB-1521,Hyundai Tucson,2012,87731.71,Van
1520,760,SAB3D6E130A002760,GDC-1522,Hyundai Tucson,2012,119910.76,Crossover
1521,761,SAF12A6A747001761,HDB-1523,Chevrolet Trailblazer,2015,149321.97,Crossover
1522,761,SACE5D75028002761,HDC-1524,Honda CR-V,2013,143517.49,SUV
1523,762,SA9F4E3847F001762,IDB-1525,Hyundai Tucson,2013,108991.49,Hatchback
1524,762,SA2175F8C5C002762,IDC-1526,Toyota Fortuner,2010,146174.26,Crossover
1525,763,SA312ECFDFA001763,JDB-1527,Isuzu D-Max,2016,114115.48,Van
1526,763,SA20754AEB1002763,JDC-1528,Nissan Patrol,2014,86481.49,Crossover
1527,764,SABC3EA2161001764,KDB-1529,Toyota Fortuner,2011,54135.40,Crossover
1528,764,SA60A0DD962002764,KDC-1530,Toyota Fortuner,2013,108107.13,Pickup
1529,765,SA83DECBC20001765,LDB-1531,Toyota Land Cruiser,2013,144499.00,Sedan
1530,765,SA341CD4053002765,LDC-1532,Toyota Fortuner,2016,101733.12,Sedan
1531,766,SA2EC0274C1001766,MDB-1533,Ford Expedition,2015,97081.57,Sedan
1532,766,SADE8AA43E5002766,MDC-1534,Hyundai Tucson,2012,54427.39,Van
1533,767,SA06FB3CBA8001767,NDB-1535,Toyota Fortuner,2016,88502.67,SUV
1534,767,SA7EC2442AA002767,NDC-1536,Isuzu D-Max,2010,84056.78,Crossover
1535,768,SAD367EEF13001768,ODB-1537,Mazda CX-5,2016,128657.88,Sedan
1536,768,SA159210403002768,ODC-1538,Kia Sorento,2011,114882.53,Van
1537,769,SAC74C4BF0D001769,PDB-1539,Toyota Land Cruiser,2014,50219.52,SUV
1538,769,SA15BB63B28002769,PDC-1540,Ford Expedition,2010,149254.57,Crossover
1539,770,SA350A7F5EE001770,QDB-1541,Mazda CX-5,2015,99975.81,Van
1540,770,SA8FC4BC380002770,QDC-1542,Kia Sorento,2014,54129.91,Van
1541,771,SA2794F6A20001771,RDB-1543,Isuzu D-Max,2013,138966.82,Pickup
1542,771,SAC5EEE1896002771,RDC-1544,Isuzu D-Max,2010,55459.02,Crossover
1543,772,SA5513C36E7001772,SDB-1545,Toyota Land Cruiser,2011,143246.34,Van
1544,772,SABE26ABE76002772,SDC-1546,Honda CR-V,2010,113275.90,Pickup
1545,773,SA507373BA5001773,TDB-1547,Chevrolet Trailblazer,2014,107465.27,Pickup
1546,773,SA9B07F5014002773,TDC-1548,Kia Sorento,2011,142969.95,Crossover
1547,774,SA0DEFD533D001774,UDB-1549,Ford Expedition,2013,137651.39,Pickup
1548,774,SAE43739BBA002774,UDC-1550,Ford Expedition,2015,134504.22,Van
1549,775,SAA4EE59DD8001775,VDB-1551,Chevrolet Trailblazer,2016,124101.73,Sedan
1550,775,SA804741413002775,VDC-1552,Mazda CX-5,2010,125010.85,Sedan
1551,776,SA7F367281B001776,WDB-1553,Mazda CX-5,2011,111047.00,Pickup
1552,776,SA02709600F002776,WDC-1554,Honda CR-V,2016,74014.87,Crossover
1553,777,SACD81CFD0A001777,XDB-1555,Kia Sorento,2010,70416.83,SUV
1554,777,SA36E51F22C002777,XDC-1556,Ford Expedition,2015,128784.26,Hatchback
1555,778,SA0DFD8A39E001778,YDB-1557,Chevrolet Trailblazer,2013,122404.65,SUV
1556,778,SAAC5C48227002778,YDC-1558,Mazda CX-5,2013,86774.44,Hatchback
1557,779,SAC024D58AD001779,ZDB-1559,Mazda CX-5,2011,115614.96,Hatchback
1558,779,SA33866F3A2002779,ZDC-1560,Toyota Fortuner,2014,122103.10,Crossover
1559,780,SAC28F6AE14001780,AEB-1561,Hyundai Tucson,2010,113926.07,Sedan
1560,780,SAAD551FD8C002780,AEC-1562,Isuzu D-Max,2010,84806.63,Sedan
1561,781,SADDD1DF443001781,BEB-1563,Kia Sorento,2014,67996.66,Hatchback
1562,781,SAEEFC7BFE8002781,BEC-1564,Mitsubishi Pajero,2013,52478.40,Sedan
1563,782,SA2D5D4CF93001782,CEB-1565,Toyota Land Cruiser,2011,79707.32,Hatchback
1564,782,SA1E669A61F002782,CEC-1566,Mazda CX-5,2012,116364.96,Crossover
1565,783,SAEF48E3EF0001783,DEB-1567,Toyota Fortuner,2014,52460.94,Sedan
1566,783,SAED0E6F99C002783,DEC-1568,Honda CR-V,2011,66294.31,Sedan
1567,784,SA2A2107D1B001784,EEB-1569,Isuzu D-Max,2012,60247.52,Sedan
1568,784,SA881CB5534002784,EEC-1570,Kia Sorento,2016,111952.62,Van
1569,785,SA47951A40E001785,FEB-1571,Isuzu D-Max,2015,98113.67,Crossover
1570,785,SAB16574C54002785,FEC-1572,Nissan Patrol,2011,67717.69,Hatchback
1571,786,SAAA78C3DB4001786,GEB-1573,Nissan Patrol,2014,96806.39,Pickup
1572,786,SAA6B964C0B002786,GEC-1574,Chevrolet Trailblazer,2013,102364.92,SUV
1573,787,SAE46709AA5001787,HEB-1575,Hyundai Tucson,2010,98005.08,Hatchback
1574,787,SAB543376B5002787,HEC-1576,Hyundai Tucson,2012,110703.54,Hatchback
1575,788,SA7C9E9AFA5001788,IEB-1577,Ford Ranger,2012,91148.60,Van
1576,788,SA3DDE11A76002788,IEC-1578,Isuzu D-Max,2012,122068.54,Hatchback
1577,789,SAEFB3D8BE0001789,JEB-1579,Isuzu D-Max,2013,110884.61,Hatchback
1578,789,SAF880D0D6A002789,JEC-1580,Hyundai Tucson,2013,51135.31,Hatchback
1579,790,SA3E883840F001790,KEB-1581,Hyundai Tucson,2016,99211.93,Van
1580,790,SA66FE2BCC7002790,KEC-1582,Hyundai Tucson,2011,50118.91,Crossover
1581,791,SA11833D4B4001791,LEB-1583,Kia Sorento,2011,134988.69,Sedan
1582,791,SA5C7A3B81A002791,LEC-1584,Mitsubishi Pajero,2015,115564.42,Hatchback
1583,792,SAAD62CFD33001792,MEB-1585,Nissan Patrol,2016,72720.58,Pickup
1584,792,SA2CD2915E6002792,MEC-1586,Ford Expedition,2016,97874.39,Sedan
1585,793,SA36DCD5249001793,NEB-1587,Honda CR-V,2012,84293.98,Hatchback
1586,793,SA7FC346397002793,NEC-1588,Toyota Fortuner,2013,106634.41,Sedan
1587,794,SA46C7CB50B001794,OEB-1589,Honda CR-V,2014,137249.97,Pickup
1588,794,SA0F541ECCC002794,OEC-1590,Isuzu D-Max,2011,109141.02,SUV
1589,795,SA416E5CF0A001795,PEB-1591,Kia Sorento,2011,135543.44,Sedan
1590,795,SAF316E3FE3002795,PEC-1592,Hyundai Tucson,2015,65441.49,Van
1591,796,SAAC8A91435001796,QEB-1593,Mitsubishi Pajero,2015,105727.95,Van
1592,796,SAEBB87FAA7002796,QEC-1594,Chevrolet Trailblazer,2016,139584.78,Van
1593,797,SACC225865B001797,REB-1595,Mazda CX-5,2016,130679.61,Van
1594,797,SAB5507F51B002797,REC-1596,Mazda CX-5,2013,143055.10,Van
1595,798,SA7F2111CBE001798,SEB-1597,Toyota Fortuner,2015,71440.64,Crossover
1596,798,SA4EFA8B668002798,SEC-1598,Ford Expedition,2012,121193.31,Hatchback
1597,799,SAEF7BE8C57001799,TEB-1599,Nissan Patrol,2012,128122.00,SUV
1598,799,SAE02AF5824002799,TEC-1600,Ford Ranger,2015,67508.51,Pickup
1599,800,SABC3C4A633001800,UEB-1601,Honda CR-V,2014,135053.07,Pickup
1600,800,SAD9FBED9DA002800,UEC-1602,Isuzu D-Max,2015,107993.60,Hatchback
