id,ticket_id,user_id,vehicle_id,jo_date,date_arrived,date_promised,started_at,completed_at,released_at,estimated_duration,actual_duration,estimated_grand_total,actual_grand_total,partial_payment,balance,status,quotation_notes,quotation_approved
1,1,200,1,2026-09-08T16:00:00.000Z,2026-09-09T15:33:01.968Z,2026-09-09T21:41:00.618Z,2026-09-09T16:32:02.900Z,2026-09-10T00:07:57.016Z,2026-09-10T05:26:43.917Z,02:00:00,07:35:54,33750.00,33750.00,0.00,33750.00,released,[real-extract] src: 001.jpg,true
2,2,201,2,2026-09-08T16:00:00.000Z,2026-09-09T15:36:25.348Z,2026-09-09T23:16:48.632Z,2026-09-09T17:05:35.682Z,2026-09-09T21:22:35.546Z,2026-09-10T17:47:18.322Z,01:00:00,04:17:00,12900.00,12900.00,0.00,12900.00,released,[real-extract] src: 002.jpg,true
3,3,202,3,2026-09-08T16:00:00.000Z,2026-09-09T15:44:40.947Z,2026-09-10T00:53:22.723Z,2026-09-09T17:10:40.484Z,2026-09-09T21:27:30.327Z,2026-09-10T05:16:23.673Z,01:00:00,04:16:50,1800.00,1800.00,0.00,1800.00,released,[real-extract] src: 003.jpg,true
4,4,203,4,2026-09-08T16:00:00.000Z,2026-09-09T15:54:05.899Z,2026-09-10T02:11:22.650Z,2026-09-09T17:06:26.439Z,2026-09-09T20:10:11.210Z,2026-09-10T03:07:34.577Z,03:41:28,03:03:45,21650.00,21650.00,0.00,21650.00,released,[real-extract] src: 005.jpg,true
5,5,204,5,2026-09-09T16:00:00.000Z,2026-09-09T16:01:24.530Z,2026-09-10T02:12:42.604Z,2026-09-09T17:23:07.284Z,2026-09-09T22:38:55.397Z,2026-09-10T21:02:55.506Z,04:00:00,05:15:48,12000.00,12000.00,0.00,12000.00,released,[real-extract] src: 006.jpg,true
6,6,205,6,2026-09-09T16:00:00.000Z,2026-09-09T16:04:15.076Z,2026-09-09T21:51:45.488Z,2026-09-09T17:28:40.917Z,2026-09-10T01:13:55.031Z,2026-09-10T11:01:19.616Z,03:00:00,07:45:14,7250.00,7250.00,0.00,7250.00,released,[real-extract] src: 007.jpg,true
7,7,206,7,2026-09-09T16:00:00.000Z,2026-09-09T16:07:19.297Z,2026-09-10T04:26:00.414Z,2026-09-09T16:38:44.217Z,2026-09-09T19:35:47.077Z,2026-09-10T09:37:48.599Z,02:00:00,02:57:03,120800.00,120800.00,0.00,120800.00,released,[real-extract] src: 008.jpg,true
8,8,207,8,2026-09-09T16:00:00.000Z,2026-09-09T16:37:38.794Z,2026-09-10T05:40:56.381Z,2026-09-09T17:55:31.258Z,2026-09-09T23:23:15.206Z,2026-09-10T18:33:40.543Z,02:00:00,05:27:44,15500.00,15500.00,0.00,15500.00,released,[real-extract] src: 011.jpg,true
9,9,208,9,2026-09-09T16:00:00.000Z,2026-09-09T16:39:01.287Z,2026-09-09T22:37:27.332Z,2026-09-09T17:42:28.683Z,2026-09-09T20:00:48.618Z,2026-09-10T00:49:40.060Z,01:00:00,02:18:20,7800.00,7800.00,0.00,7800.00,released,[real-extract] src: 012.jpg,true
10,10,209,10,2026-09-09T16:00:00.000Z,2026-09-10T09:43:19.798Z,2026-09-10T21:44:53.814Z,2026-09-10T10:45:59.445Z,2026-09-10T17:28:52.923Z,2026-09-11T10:44:31.250Z,01:00:00,06:42:53,26750.00,26750.00,0.00,26750.00,released,[real-extract] src: 013.jpg,true
11,11,210,11,2026-09-09T16:00:00.000Z,2026-09-10T09:53:43.960Z,2026-09-10T18:20:13.414Z,2026-09-10T11:15:18.333Z,2026-09-10T15:32:45.956Z,2026-09-11T12:38:49.622Z,01:00:00,04:17:28,13100.00,13100.00,0.00,13100.00,released,[real-extract] src: 014.jpg,true
12,12,211,12,2026-09-09T16:00:00.000Z,2026-09-10T10:02:33.202Z,2026-09-10T19:06:05.722Z,2026-09-10T11:14:51.809Z,2026-09-10T15:33:02.447Z,2026-09-10T23:45:38.666Z,01:00:00,04:18:11,12850.00,12850.00,0.00,12850.00,released,[real-extract] src: 016.jpg,true
13,13,212,13,2026-09-09T16:00:00.000Z,2026-09-10T10:04:35.048Z,2026-09-10T15:42:03.157Z,2026-09-10T11:09:53.611Z,2026-09-10T16:47:54.839Z,2026-09-11T09:17:08.479Z,03:00:00,05:38:01,650.00,650.00,0.00,650.00,released,[real-extract] src: 017.jpg,true
14,14,213,14,2026-09-09T16:00:00.000Z,2026-09-10T10:08:37.205Z,2026-09-10T18:51:16.089Z,2026-09-10T10:59:41.952Z,2026-09-10T18:15:41.878Z,2026-09-11T01:07:24.851Z,04:00:00,07:16:00,5450.00,5450.00,0.00,5450.00,released,[real-extract] src: 018.jpg,true
15,15,214,15,2026-09-09T16:00:00.000Z,2026-09-10T10:11:33.006Z,2026-09-10T21:41:09.427Z,2026-09-10T10:56:46.469Z,2026-09-10T16:48:08.699Z,2026-09-11T04:09:36.721Z,01:00:00,05:51:22,7500.00,7500.00,0.00,7500.00,released,[real-extract] src: 019.jpg,true
16,16,215,16,2026-09-09T16:00:00.000Z,2026-09-10T10:16:42.269Z,2026-09-10T19:03:51.235Z,2026-09-10T11:35:23.481Z,2026-09-10T14:18:08.345Z,2026-09-11T10:22:58.167Z,01:00:00,02:42:45,3500.00,3500.00,0.00,3500.00,released,[real-extract] src: 020.jpg,true
17,17,216,17,2026-09-09T16:00:00.000Z,2026-09-10T10:18:28.801Z,2026-09-10T18:21:04.837Z,2026-09-10T11:08:56.414Z,2026-09-10T13:27:28.062Z,2026-09-11T12:11:55.679Z,01:00:00,02:18:32,650.00,650.00,0.00,650.00,released,[real-extract] src: 021.jpg,true
18,18,217,18,2026-09-09T16:00:00.000Z,2026-09-10T10:34:59.646Z,2026-09-10T21:17:19.083Z,2026-09-10T12:03:12.607Z,2026-09-10T17:25:49.056Z,2026-09-10T18:41:54.279Z,09:00:00,05:22:36,13150.00,13150.00,0.00,13150.00,released,[real-extract] src: 022.jpg,true
19,19,218,19,2026-09-09T16:00:00.000Z,2026-09-10T10:41:11.676Z,2026-09-10T18:37:17.897Z,2026-09-10T11:35:05.663Z,2026-09-10T17:41:09.626Z,2026-09-11T12:43:53.708Z,03:00:00,06:06:04,6400.00,6400.00,0.00,6400.00,released,[real-extract] src: 025.jpg,true
20,20,219,20,2026-09-09T16:00:00.000Z,2026-09-10T10:54:05.125Z,2026-09-10T19:02:53.910Z,2026-09-10T12:09:59.518Z,2026-09-10T17:45:28.212Z,2026-09-10T22:14:58.839Z,03:00:00,05:35:29,3000.00,3000.00,0.00,3000.00,released,[real-extract] src: 026.jpg,true
21,21,220,21,2026-09-09T16:00:00.000Z,2026-09-10T10:55:19.167Z,2026-09-10T21:26:45.336Z,2026-09-10T11:46:52.721Z,2026-09-10T18:31:08.972Z,2026-09-11T09:30:55.960Z,03:32:20,06:44:16,4150.00,4150.00,0.00,4150.00,released,[real-extract] src: 027.jpg,true
22,22,221,22,2026-09-09T16:00:00.000Z,2026-09-10T10:56:10.015Z,2026-09-10T17:48:09.869Z,2026-09-10T12:11:24.225Z,2026-09-10T16:53:21.961Z,2026-09-11T11:56:39.301Z,01:59:29,04:41:58,11100.00,11100.00,0.00,11100.00,released,[real-extract] src: 028.jpg,true
23,23,222,23,2026-09-09T16:00:00.000Z,2026-09-10T10:59:02.084Z,2026-09-10T19:10:10.578Z,2026-09-10T11:42:52.839Z,2026-09-10T18:55:41.707Z,2026-09-11T17:33:03.405Z,02:00:00,07:12:49,18800.00,18800.00,0.00,18800.00,released,[real-extract] src: 029.jpg,true
24,24,223,24,2026-09-09T16:00:00.000Z,2026-09-10T11:08:31.854Z,2026-09-10T20:45:39.150Z,2026-09-10T11:59:40.024Z,2026-09-10T19:25:16.169Z,2026-09-11T10:01:02.663Z,09:00:00,07:25:36,13450.00,13450.00,0.00,13450.00,released,[real-extract] src: 030.jpg,true
25,25,224,25,2026-09-09T16:00:00.000Z,2026-09-10T11:09:52.467Z,2026-09-10T18:06:11.091Z,2026-09-10T11:51:44.640Z,2026-09-10T18:31:01.000Z,2026-09-11T11:58:54.487Z,02:00:00,06:39:16,15500.00,15500.00,0.00,15500.00,released,[real-extract] src: 031.jpg,true
26,26,225,26,2026-09-09T16:00:00.000Z,2026-09-10T11:11:44.982Z,2026-09-10T19:15:13.446Z,2026-09-10T12:27:19.150Z,2026-09-10T15:53:47.952Z,2026-09-10T19:07:27.874Z,03:00:00,03:26:29,2800.00,2800.00,0.00,2800.00,released,[real-extract] src: 033.jpg,true
27,27,226,27,2026-09-09T16:00:00.000Z,2026-09-10T11:22:58.519Z,2026-09-10T19:54:50.352Z,2026-09-10T12:42:52.770Z,2026-09-10T18:35:48.436Z,2026-09-11T01:15:39.984Z,04:00:00,05:52:56,10650.00,10650.00,0.00,10650.00,released,[real-extract] src: 035.jpg,true
28,28,227,28,2026-09-09T16:00:00.000Z,2026-09-10T11:26:47.832Z,2026-09-10T18:15:19.020Z,2026-09-10T12:14:04.788Z,2026-09-10T16:06:16.099Z,2026-09-11T14:27:09.459Z,03:00:00,03:52:11,3200.00,3200.00,0.00,3200.00,released,[real-extract] src: 036.jpg,true
29,29,228,29,2026-09-09T16:00:00.000Z,2026-09-10T11:33:19.166Z,2026-09-10T18:54:11.736Z,2026-09-10T12:31:03.200Z,2026-09-10T20:06:32.772Z,2026-09-10T22:17:49.786Z,05:00:00,07:35:30,4250.00,4250.00,0.00,4250.00,released,[real-extract] src: 037.jpg,true
30,30,229,30,2026-09-09T16:00:00.000Z,2026-09-10T11:43:27.458Z,2026-09-10T21:56:26.997Z,2026-09-10T12:52:07.833Z,2026-09-10T19:13:11.323Z,2026-09-11T00:05:25.403Z,04:00:00,06:21:03,4150.00,4150.00,0.00,4150.00,released,[real-extract] src: 038.jpg,true
31,31,230,31,2026-09-09T16:00:00.000Z,2026-09-10T11:55:11.623Z,2026-09-10T23:43:29.832Z,2026-09-10T13:22:15.253Z,2026-09-10T17:24:18.157Z,2026-09-11T09:21:17.069Z,03:00:00,04:02:03,2100.00,2100.00,0.00,2100.00,released,[real-extract] src: 039.jpg,true
32,32,231,32,2026-09-09T16:00:00.000Z,2026-09-10T12:03:38.576Z,2026-09-10T16:53:12.680Z,2026-09-10T12:38:02.450Z,2026-09-10T15:13:16.819Z,2026-09-11T15:05:52.072Z,04:00:00,02:35:14,6750.00,6750.00,0.00,6750.00,released,[real-extract] src: 040.jpg,true
33,33,232,33,2026-09-09T16:00:00.000Z,2026-09-10T12:21:07.768Z,2026-09-10T18:32:51.710Z,2026-09-10T12:54:46.971Z,2026-09-10T20:49:49.055Z,2026-09-11T08:00:09.838Z,02:00:00,07:55:02,1800.00,1800.00,0.00,1800.00,released,[real-extract] src: 041.jpg,true
34,34,233,34,2026-09-09T16:00:00.000Z,2026-09-10T12:22:07.005Z,2026-09-10T22:52:51.065Z,2026-09-10T13:15:12.671Z,2026-09-10T16:45:31.891Z,2026-09-11T12:31:39.551Z,05:00:00,03:30:19,2000.00,2000.00,0.00,2000.00,released,[real-extract] src: 042.jpg,true
35,35,234,35,2026-09-09T16:00:00.000Z,2026-09-10T12:29:40.853Z,2026-09-10T18:20:43.921Z,2026-09-10T13:40:49.815Z,2026-09-10T16:47:53.422Z,2026-09-10T22:46:19.516Z,01:00:00,03:07:04,4500.00,4500.00,0.00,4500.00,released,[real-extract] src: 043.jpg,true
36,36,235,36,2026-09-09T16:00:00.000Z,2026-09-10T13:48:58.143Z,2026-09-11T01:18:21.149Z,2026-09-10T14:55:28.502Z,2026-09-10T20:14:19.952Z,2026-09-11T19:05:43.150Z,04:00:00,05:18:51,5800.00,5800.00,0.00,5800.00,released,[real-extract] src: 044.jpg,true
37,37,236,37,2026-09-09T16:00:00.000Z,2026-09-10T13:55:31.055Z,2026-09-11T00:00:30.198Z,2026-09-10T15:10:23.373Z,2026-09-10T17:20:53.815Z,2026-09-11T11:42:39.014Z,04:00:00,02:10:30,5700.00,5700.00,0.00,5700.00,released,[real-extract] src: 045.jpg,true
38,38,237,38,2026-09-09T16:00:00.000Z,2026-09-10T13:58:50.487Z,2026-09-11T01:57:25.040Z,2026-09-10T15:25:55.651Z,2026-09-10T21:37:23.787Z,2026-09-11T18:59:50.205Z,01:00:00,06:11:28,12000.00,12000.00,0.00,12000.00,released,[real-extract] src: 046.jpg,true
39,39,238,39,2026-09-10T16:00:00.000Z,2026-09-10T18:02:17.297Z,2026-09-11T02:18:05.745Z,2026-09-10T19:27:08.312Z,2026-09-11T02:25:00.699Z,2026-09-11T16:44:28.249Z,02:26:51,06:57:52,6200.00,6200.00,0.00,6200.00,released,[real-extract] src: 047.jpg,true
40,40,239,40,2026-09-10T16:00:00.000Z,2026-09-10T18:05:37.577Z,2026-09-11T04:41:30.494Z,2026-09-10T19:33:17.127Z,2026-09-11T00:48:52.119Z,2026-09-11T13:59:47.314Z,02:00:00,05:15:35,1200.00,1200.00,0.00,1200.00,released,[real-extract] src: 050.jpg,true
41,41,240,41,2026-09-10T16:00:00.000Z,2026-09-10T18:07:40.849Z,2026-09-11T01:26:50.657Z,2026-09-10T19:33:11.342Z,2026-09-11T02:12:55.038Z,2026-09-11T10:39:41.721Z,03:00:00,06:39:44,8500.00,8500.00,0.00,8500.00,released,[real-extract] src: 052.jpg,true
42,42,241,42,2026-09-10T16:00:00.000Z,2026-09-10T18:08:13.172Z,2026-09-11T05:06:05.816Z,2026-09-10T18:45:23.496Z,2026-09-10T22:18:46.744Z,2026-09-11T14:59:55.419Z,01:00:00,03:33:23,1500.00,1500.00,0.00,1500.00,released,[real-extract] src: 053.jpg,true
43,43,242,43,2026-09-10T16:00:00.000Z,2026-09-10T18:09:56.779Z,2026-09-11T01:13:09.527Z,2026-09-10T18:50:11.021Z,2026-09-11T01:39:15.603Z,2026-09-11T17:47:52.266Z,01:00:00,06:49:05,4000.00,4000.00,0.00,4000.00,released,[real-extract] src: 055.jpg,true
44,44,243,44,2026-09-10T16:00:00.000Z,2026-09-10T18:12:49.998Z,2026-09-11T02:39:46.479Z,2026-09-10T18:49:07.031Z,2026-09-10T23:50:09.768Z,2026-09-11T12:53:33.693Z,03:00:00,05:01:03,6700.00,6700.00,0.00,6700.00,released,[real-extract] src: 056.jpg,true
45,45,244,45,2026-09-10T16:00:00.000Z,2026-09-10T18:16:33.853Z,2026-09-11T00:11:57.812Z,2026-09-10T19:21:21.049Z,2026-09-10T22:44:51.909Z,2026-09-11T15:18:59.734Z,01:00:00,03:23:31,2800.00,2800.00,0.00,2800.00,released,[real-extract] src: 057.jpg,true
46,46,245,46,2026-09-10T16:00:00.000Z,2026-09-10T18:17:31.020Z,2026-09-11T03:04:47.025Z,2026-09-10T19:10:06.569Z,2026-09-11T00:21:44.416Z,2026-09-11T17:08:59.587Z,01:00:00,05:11:38,1200.00,1200.00,0.00,1200.00,released,[real-extract] src: 058.jpg,true
47,47,246,47,2026-09-10T16:00:00.000Z,2026-09-10T18:21:52.455Z,2026-09-11T02:54:43.641Z,2026-09-10T19:46:51.570Z,2026-09-11T03:10:10.313Z,2026-09-11T09:31:00.492Z,03:00:00,07:23:19,4400.00,4400.00,0.00,4400.00,released,[real-extract] src: 059.jpg,true
48,48,247,48,2026-09-10T16:00:00.000Z,2026-09-10T18:26:53.230Z,2026-09-11T07:16:09.818Z,2026-09-10T19:27:24.068Z,2026-09-10T23:14:24.696Z,2026-09-11T02:19:27.107Z,01:00:00,03:47:01,4500.00,4500.00,0.00,4500.00,released,[real-extract] src: 060.jpg,true
49,49,248,49,2026-09-10T16:00:00.000Z,2026-09-10T18:32:57.857Z,2026-09-11T01:42:57.390Z,2026-09-10T19:40:03.820Z,2026-09-11T02:28:41.736Z,2026-09-11T19:12:58.435Z,04:00:00,06:48:38,6050.00,6050.00,0.00,6050.00,released,[real-extract] src: 061.jpg,true
50,50,249,50,2026-09-10T16:00:00.000Z,2026-09-10T18:37:44.601Z,2026-09-11T01:44:12.350Z,2026-09-10T19:15:54.849Z,2026-09-11T00:35:12.420Z,2026-09-11T23:04:18.945Z,06:00:00,05:19:18,11600.00,11600.00,0.00,11600.00,released,[real-extract] src: 062.jpg,true
51,51,250,51,2026-09-10T16:00:00.000Z,2026-09-10T18:40:01.661Z,2026-09-11T02:32:13.662Z,2026-09-10T19:22:59.962Z,2026-09-10T22:02:26.080Z,2026-09-11T11:23:08.232Z,05:00:00,02:39:26,10900.00,10900.00,0.00,10900.00,released,[real-extract] src: 064.jpg,true
52,52,251,52,2026-09-10T16:00:00.000Z,2026-09-10T18:45:51.280Z,2026-09-11T04:53:31.468Z,2026-09-10T19:19:49.985Z,2026-09-10T21:52:30.350Z,2026-09-11T07:59:07.950Z,12:00:00,02:32:40,48500.00,48500.00,0.00,48500.00,released,[real-extract] src: 066.jpg,true
53,53,252,53,2026-09-10T16:00:00.000Z,2026-09-10T18:53:47.239Z,2026-09-11T01:18:26.052Z,2026-09-10T19:41:02.555Z,2026-09-10T22:21:04.110Z,2026-09-11T18:05:51.370Z,07:00:00,02:40:02,6500.00,6500.00,0.00,6500.00,released,[real-extract] src: 067.jpg,true
54,54,253,54,2026-09-10T16:00:00.000Z,2026-09-10T18:57:47.055Z,2026-09-11T05:59:34.741Z,2026-09-10T20:02:34.523Z,2026-09-11T03:37:19.529Z,2026-09-11T18:21:52.831Z,03:00:00,07:34:45,4200.00,4200.00,0.00,4200.00,released,[real-extract] src: 068.jpg,true
55,55,254,55,2026-09-10T16:00:00.000Z,2026-09-10T18:59:10.706Z,2026-09-11T04:09:14.197Z,2026-09-10T20:20:29.840Z,2026-09-11T00:03:04.379Z,2026-09-11T21:23:04.296Z,04:00:00,03:42:35,2450.00,2450.00,0.00,2450.00,released,[real-extract] src: 069.jpg,true
56,56,255,56,2026-09-10T16:00:00.000Z,2026-09-10T19:02:25.607Z,2026-09-11T03:26:00.690Z,2026-09-10T20:28:39.208Z,2026-09-10T23:07:49.437Z,2026-09-11T01:55:18.711Z,07:00:00,02:39:10,16150.00,16150.00,0.00,16150.00,released,[real-extract] src: 070.jpg,true
57,57,256,57,2026-09-10T16:00:00.000Z,2026-09-10T19:05:02.576Z,2026-09-11T00:27:56.887Z,2026-09-10T20:02:07.159Z,2026-09-10T22:52:39.148Z,2026-09-11T01:00:27.438Z,01:00:00,02:50:32,4000.00,4000.00,0.00,4000.00,released,[real-extract] src: 071.jpg,true
58,58,257,58,2026-09-10T16:00:00.000Z,2026-09-10T19:07:01.976Z,2026-09-11T07:08:35.352Z,2026-09-10T20:28:09.209Z,2026-09-11T00:56:43.224Z,2026-09-11T21:38:56.848Z,02:00:00,04:28:34,2500.00,2500.00,0.00,2500.00,released,[real-extract] src: 072.jpg,true
59,59,258,59,2026-09-10T16:00:00.000Z,2026-09-10T19:08:40.692Z,2026-09-11T01:38:41.784Z,2026-09-10T20:12:20.202Z,2026-09-10T22:28:36.796Z,2026-09-11T06:37:36.508Z,01:23:10,02:16:17,4100.00,4100.00,0.00,4100.00,released,[real-extract] src: 073.jpg,true
60,60,259,60,2026-09-10T16:00:00.000Z,2026-09-10T19:10:28.399Z,2026-09-11T03:45:55.881Z,2026-09-10T19:41:29.016Z,2026-09-10T21:42:09.257Z,2026-09-11T15:51:01.271Z,02:00:00,02:00:40,8000.00,8000.00,0.00,8000.00,released,[real-extract] src: 074.jpg,true
61,61,260,61,2026-09-10T16:00:00.000Z,2026-09-10T19:13:42.207Z,2026-09-11T00:59:20.762Z,2026-09-10T19:51:29.132Z,2026-09-10T23:31:36.410Z,2026-09-11T07:45:30.100Z,05:00:00,03:40:07,7550.00,7550.00,0.00,7550.00,released,[real-extract] src: 078.jpg,true
62,62,261,62,2026-09-10T16:00:00.000Z,2026-09-10T19:21:29.768Z,2026-09-11T04:24:30.255Z,2026-09-10T20:07:59.192Z,2026-09-10T22:20:05.006Z,2026-09-11T17:20:11.036Z,05:00:00,02:12:06,4700.00,4700.00,0.00,4700.00,released,[real-extract] src: 079.jpg,true
63,63,262,63,2026-09-10T16:00:00.000Z,2026-09-10T19:22:56.993Z,2026-09-11T03:04:24.859Z,2026-09-10T19:58:05.904Z,2026-09-10T23:39:09.965Z,2026-09-11T20:48:34.242Z,01:00:04,03:41:04,6200.00,6200.00,0.00,6200.00,released,[real-extract] src: 080.jpg,true
64,64,263,64,2026-09-10T16:00:00.000Z,2026-09-10T19:25:41.270Z,2026-09-11T05:06:51.341Z,2026-09-10T20:32:34.989Z,2026-09-10T22:58:37.748Z,2026-09-11T16:20:27.437Z,06:00:00,02:26:03,26600.00,26600.00,0.00,26600.00,released,[real-extract] src: 081.jpg,true
65,65,264,65,2026-09-10T16:00:00.000Z,2026-09-10T19:28:16.805Z,2026-09-11T00:46:34.868Z,2026-09-10T20:32:55.433Z,2026-09-10T23:16:11.341Z,2026-09-11T22:08:07.335Z,01:00:00,02:43:16,1800.00,1800.00,0.00,1800.00,released,[real-extract] src: 082.jpg,true
66,66,265,66,2026-09-10T16:00:00.000Z,2026-09-10T19:32:39.882Z,2026-09-11T01:48:42.026Z,2026-09-10T20:08:51.891Z,2026-09-11T02:19:17.922Z,2026-09-12T00:52:21.754Z,04:00:00,06:10:26,3400.00,3400.00,0.00,3400.00,released,[real-extract] src: 083.jpg,true
67,67,266,67,2026-09-10T16:00:00.000Z,2026-09-10T19:41:23.304Z,2026-09-11T04:18:16.410Z,2026-09-10T20:17:06.526Z,2026-09-11T01:37:14.787Z,2026-09-11T10:51:15.697Z,01:45:37,05:20:08,20350.00,20350.00,0.00,20350.00,released,[real-extract] src: 084.jpg,true
68,68,267,68,2026-09-10T16:00:00.000Z,2026-09-10T19:45:17.640Z,2026-09-11T06:29:12.116Z,2026-09-10T20:55:09.246Z,2026-09-11T03:35:57.235Z,2026-09-11T11:55:57.349Z,04:00:00,06:40:48,5900.00,5900.00,0.00,5900.00,released,[real-extract] src: 086.jpg,true
69,69,268,69,2026-09-10T16:00:00.000Z,2026-09-10T19:59:45.441Z,2026-09-11T06:25:29.367Z,2026-09-10T21:15:40.232Z,2026-09-11T04:51:34.811Z,2026-09-11T16:23:14.833Z,02:00:00,07:35:55,10000.00,10000.00,0.00,10000.00,released,[real-extract] src: 090.jpg,true
70,70,269,70,2026-09-10T16:00:00.000Z,2026-09-10T20:05:03.345Z,2026-09-11T07:52:44.930Z,2026-09-10T21:14:01.903Z,2026-09-10T23:53:22.804Z,2026-09-11T01:33:33.510Z,04:00:00,02:39:21,7700.00,7700.00,0.00,7700.00,released,[real-extract] src: 091.jpg,true
71,71,270,71,2026-09-10T16:00:00.000Z,2026-09-10T20:06:04.653Z,2026-09-11T02:32:01.458Z,2026-09-10T21:11:24.972Z,2026-09-11T03:08:32.785Z,2026-09-11T13:30:29.637Z,02:36:19,05:57:08,1750.00,1750.00,0.00,1750.00,released,[real-extract] src: 092.jpg,true
72,72,271,72,2026-09-10T16:00:00.000Z,2026-09-10T20:09:05.745Z,2026-09-11T05:39:30.787Z,2026-09-10T20:54:42.847Z,2026-09-10T23:48:13.450Z,2026-09-11T23:08:00.220Z,05:00:00,02:53:31,16100.00,16100.00,0.00,16100.00,released,[real-extract] src: 094.jpg,true
73,73,272,73,2026-09-10T16:00:00.000Z,2026-09-10T20:25:58.569Z,2026-09-11T07:26:12.480Z,2026-09-10T21:12:58.376Z,2026-09-10T23:23:30.520Z,2026-09-11T07:54:54.779Z,01:00:00,02:10:32,12000.00,12000.00,0.00,12000.00,released,[real-extract] src: 096.jpg,true
74,74,273,74,2026-09-10T16:00:00.000Z,2026-09-10T20:27:29.518Z,2026-09-11T06:59:28.306Z,2026-09-10T21:06:58.471Z,2026-09-11T00:03:29.694Z,2026-09-11T16:25:44.114Z,05:00:00,02:56:31,5000.00,5000.00,0.00,5000.00,released,[real-extract] src: 097.jpg,true
75,75,274,75,2026-09-10T16:00:00.000Z,2026-09-10T20:29:57.601Z,2026-09-11T07:19:02.738Z,2026-09-10T21:15:08.002Z,2026-09-11T01:40:05.676Z,2026-09-11T13:16:58.682Z,01:52:52,04:24:58,13450.00,13450.00,0.00,13450.00,released,[real-extract] src: 100.jpg,true
76,76,275,76,2026-09-10T16:00:00.000Z,2026-09-11T03:26:11.679Z,2026-09-11T12:43:56.995Z,2026-09-11T04:47:02.609Z,2026-09-11T08:46:19.796Z,2026-09-11T15:16:04.074Z,05:00:00,03:59:17,10350.00,10350.00,0.00,10350.00,released,[real-extract] src: 105.jpg,true
77,77,276,77,2026-09-10T16:00:00.000Z,2026-09-11T03:26:50.312Z,2026-09-11T15:52:20.289Z,2026-09-11T04:50:40.889Z,2026-09-11T11:49:43.843Z,2026-09-11T20:47:42.778Z,01:33:07,06:59:03,3300.00,3300.00,0.00,3300.00,released,[real-extract] src: 106.jpg,true
78,78,277,78,2026-09-10T16:00:00.000Z,2026-09-11T03:29:50.545Z,2026-09-11T14:27:25.252Z,2026-09-11T04:10:26.236Z,2026-09-11T07:04:11.136Z,2026-09-11T10:33:15.129Z,01:00:00,02:53:45,25000.00,25000.00,0.00,25000.00,released,[real-extract] src: 107.jpg,true
79,79,278,79,2026-09-10T16:00:00.000Z,2026-09-11T03:34:08.423Z,2026-09-11T10:28:45.344Z,2026-09-11T04:45:55.191Z,2026-09-11T09:56:46.854Z,2026-09-12T04:17:45.992Z,02:00:00,05:10:52,800.00,800.00,0.00,800.00,released,[real-extract] src: 108.jpg,true
80,80,279,80,2026-09-10T16:00:00.000Z,2026-09-11T03:56:33.021Z,2026-09-11T16:23:51.280Z,2026-09-11T04:35:07.973Z,2026-09-11T10:14:25.062Z,2026-09-12T00:06:26.026Z,06:00:00,05:39:17,12400.00,12400.00,0.00,12400.00,released,[real-extract] src: 109.jpg,true
81,81,280,81,2026-09-10T16:00:00.000Z,2026-09-11T03:58:30.973Z,2026-09-11T09:41:37.974Z,2026-09-11T05:07:19.415Z,2026-09-11T07:18:27.937Z,2026-09-12T07:17:33.632Z,01:00:00,02:11:09,6500.00,6500.00,0.00,6500.00,released,[real-extract] src: 110.jpg,true
82,82,281,82,2026-09-10T16:00:00.000Z,2026-09-11T04:00:30.280Z,2026-09-11T16:53:58.063Z,2026-09-11T04:56:36.463Z,2026-09-11T12:35:32.697Z,2026-09-12T06:43:06.955Z,05:00:00,07:38:56,4900.00,4900.00,0.00,4900.00,released,[real-extract] src: 111.jpg,true
83,83,282,83,2026-09-10T16:00:00.000Z,2026-09-11T04:01:12.953Z,2026-09-11T10:16:49.783Z,2026-09-11T04:35:56.205Z,2026-09-11T07:02:16.162Z,2026-09-11T13:57:47.987Z,01:00:00,02:26:20,3500.00,3500.00,0.00,3500.00,released,[real-extract] src: 112.jpg,true
84,84,283,84,2026-09-10T16:00:00.000Z,2026-09-11T04:04:28.311Z,2026-09-11T10:21:22.590Z,2026-09-11T04:38:06.527Z,2026-09-11T06:54:04.984Z,2026-09-11T19:23:22.311Z,05:00:00,02:15:58,4900.00,4900.00,0.00,4900.00,released,[real-extract] src: 117.jpg,true
85,85,284,85,2026-09-10T16:00:00.000Z,2026-09-11T04:06:04.548Z,2026-09-11T10:43:03.782Z,2026-09-11T04:53:55.344Z,2026-09-11T11:48:02.909Z,2026-09-11T13:30:03.433Z,01:23:15,06:54:08,3650.00,3650.00,0.00,3650.00,released,[real-extract] src: 118.jpg,true
86,86,285,86,2026-09-10T16:00:00.000Z,2026-09-11T04:08:54.759Z,2026-09-11T14:11:41.732Z,2026-09-11T05:20:44.227Z,2026-09-11T07:47:52.935Z,2026-09-11T19:21:31.349Z,03:00:00,02:27:09,2150.00,2150.00,0.00,2150.00,released,[real-extract] src: 119.jpg,true
87,87,286,87,2026-09-10T16:00:00.000Z,2026-09-11T04:33:08.638Z,2026-09-11T12:56:47.234Z,2026-09-11T05:50:00.370Z,2026-09-11T12:42:36.780Z,2026-09-11T23:44:55.170Z,04:00:00,06:52:36,2650.00,2650.00,0.00,2650.00,released,[real-extract] src: 120.jpg,true
88,88,287,88,2026-09-10T16:00:00.000Z,2026-09-11T06:55:50.337Z,2026-09-11T19:54:14.422Z,2026-09-11T07:56:49.461Z,2026-09-11T13:15:00.396Z,2026-09-12T03:42:45.874Z,04:00:00,05:18:11,2650.00,2650.00,0.00,2650.00,released,[real-extract] src: 121.jpg,true
89,89,288,89,2026-09-10T16:00:00.000Z,2026-09-11T06:58:51.473Z,2026-09-11T14:06:43.728Z,2026-09-11T07:34:57.130Z,2026-09-11T09:56:50.982Z,2026-09-11T17:30:44.931Z,01:00:00,02:21:54,8000.00,8000.00,0.00,8000.00,released,[real-extract] src: 122.jpg,true
90,90,289,90,2026-09-10T16:00:00.000Z,2026-09-11T07:03:10.819Z,2026-09-11T16:30:33.828Z,2026-09-11T07:45:52.636Z,2026-09-11T14:29:36.039Z,2026-09-12T03:41:00.929Z,01:00:00,06:43:43,4500.00,4500.00,0.00,4500.00,released,[real-extract] src: 123.jpg,true
91,91,290,91,2026-09-10T16:00:00.000Z,2026-09-11T07:05:03.311Z,2026-09-11T17:58:27.604Z,2026-09-11T08:07:02.528Z,2026-09-11T15:24:49.389Z,2026-09-12T06:21:13.280Z,02:00:00,07:17:47,2000.00,2000.00,0.00,2000.00,released,[real-extract] src: 124.jpg,true
92,92,291,92,2026-09-10T16:00:00.000Z,2026-09-11T07:11:24.615Z,2026-09-11T15:25:57.383Z,2026-09-11T08:18:13.752Z,2026-09-11T10:57:18.448Z,2026-09-12T09:37:20.279Z,08:00:00,02:39:05,10850.00,10850.00,0.00,10850.00,released,[real-extract] src: 126.jpg,true
93,93,292,93,2026-09-10T16:00:00.000Z,2026-09-11T07:14:35.595Z,2026-09-11T19:56:21.009Z,2026-09-11T08:03:09.775Z,2026-09-11T11:39:29.915Z,2026-09-12T06:12:35.305Z,02:00:00,03:36:20,2000.00,2000.00,0.00,2000.00,released,[real-extract] src: 127.jpg,true
94,94,293,94,2026-09-10T16:00:00.000Z,2026-09-11T07:16:18.590Z,2026-09-11T13:08:06.987Z,2026-09-11T08:08:13.789Z,2026-09-11T11:07:19.862Z,2026-09-12T08:04:01.246Z,02:00:00,02:59:06,5000.00,5000.00,0.00,5000.00,released,[real-extract] src: 128.jpg,true
95,95,294,95,2026-09-10T16:00:00.000Z,2026-09-11T07:16:52.475Z,2026-09-11T18:33:15.165Z,2026-09-11T08:15:11.681Z,2026-09-11T13:22:31.462Z,2026-09-12T11:44:06.734Z,01:00:00,05:07:20,3500.00,3500.00,0.00,3500.00,released,[real-extract] src: 130.jpg,true
96,96,295,96,2026-09-10T16:00:00.000Z,2026-09-11T07:19:23.734Z,2026-09-11T15:17:39.971Z,2026-09-11T08:43:48.887Z,2026-09-11T12:59:00.784Z,2026-09-11T21:11:39.810Z,01:00:00,04:15:12,3500.00,3500.00,0.00,3500.00,released,[real-extract] src: 131.jpg,true
97,97,296,97,2026-09-10T16:00:00.000Z,2026-09-11T07:23:03.954Z,2026-09-11T13:58:31.499Z,2026-09-11T08:30:01.463Z,2026-09-11T13:38:40.646Z,2026-09-12T13:38:02.297Z,05:00:00,05:08:39,7550.00,7550.00,0.00,7550.00,released,[real-extract] src: 133.jpg,true
98,98,297,98,2026-09-10T16:00:00.000Z,2026-09-11T07:29:37.206Z,2026-09-11T13:58:23.624Z,2026-09-11T08:27:20.443Z,2026-09-11T14:06:13.372Z,2026-09-11T23:22:59.711Z,02:00:00,05:38:53,2750.00,2750.00,0.00,2750.00,released,[real-extract] src: 134.jpg,true
99,99,298,99,2026-09-10T16:00:00.000Z,2026-09-11T07:33:52.220Z,2026-09-11T13:19:16.002Z,2026-09-11T08:43:42.964Z,2026-09-11T13:22:12.571Z,2026-09-12T12:40:34.864Z,01:00:00,04:38:30,8000.00,8000.00,0.00,8000.00,released,[real-extract] src: 135.jpg,true
100,100,299,100,2026-09-10T16:00:00.000Z,2026-09-11T07:36:02.670Z,2026-09-11T19:44:11.503Z,2026-09-11T08:36:26.468Z,2026-09-11T12:34:31.555Z,2026-09-12T07:47:27.808Z,04:00:00,03:58:05,4900.00,4900.00,0.00,4900.00,released,[real-extract] src: 136.jpg,true
101,101,300,101,2026-09-10T16:00:00.000Z,2026-09-11T07:39:10.699Z,2026-09-11T15:12:43.929Z,2026-09-11T08:32:14.356Z,2026-09-11T11:20:44.062Z,2026-09-11T13:41:57.855Z,06:00:00,02:48:30,6200.00,6200.00,0.00,6200.00,released,[real-extract] src: 137.jpg,true
102,102,301,102,2026-09-10T16:00:00.000Z,2026-09-11T07:40:53.424Z,2026-09-11T13:01:07.700Z,2026-09-11T08:30:23.296Z,2026-09-11T15:49:50.210Z,2026-09-11T22:51:13.511Z,02:00:00,07:19:27,2350.00,2350.00,0.00,2350.00,released,[real-extract] src: 139.jpg,true
103,103,302,103,2026-09-10T16:00:00.000Z,2026-09-11T07:44:25.123Z,2026-09-11T14:49:44.883Z,2026-09-11T08:18:51.487Z,2026-09-11T13:10:22.494Z,2026-09-12T09:21:27.748Z,02:00:00,04:51:31,2350.00,2350.00,0.00,2350.00,released,[real-extract] src: 140.jpg,true
104,104,303,104,2026-09-10T16:00:00.000Z,2026-09-11T07:45:07.026Z,2026-09-11T18:15:31.412Z,2026-09-11T08:56:01.616Z,2026-09-11T16:52:25.954Z,2026-09-12T05:27:55.746Z,01:00:00,07:56:24,3500.00,3500.00,0.00,3500.00,released,[real-extract] src: 141.jpg,true
105,105,304,105,2026-09-10T16:00:00.000Z,2026-09-11T07:47:24.964Z,2026-09-11T13:49:58.396Z,2026-09-11T08:22:34.174Z,2026-09-11T15:05:17.591Z,2026-09-12T04:55:16.339Z,02:00:00,06:42:43,8000.00,8000.00,0.00,8000.00,released,[real-extract] src: 142.jpg,true
106,106,305,106,2026-09-10T16:00:00.000Z,2026-09-11T07:47:39.613Z,2026-09-11T15:07:04.465Z,2026-09-11T09:04:55.832Z,2026-09-11T15:20:53.960Z,2026-09-12T07:09:11.548Z,01:00:00,06:15:58,650.00,650.00,0.00,650.00,released,[real-extract] src: 143.jpg,true
107,107,306,107,2026-09-10T16:00:00.000Z,2026-09-11T07:48:45.205Z,2026-09-11T20:02:52.017Z,2026-09-11T08:23:48.756Z,2026-09-11T12:53:17.652Z,2026-09-12T10:51:48.943Z,02:00:00,04:29:29,7000.00,7000.00,0.00,7000.00,released,[real-extract] src: 144.jpg,true
108,108,307,108,2026-09-10T16:00:00.000Z,2026-09-11T07:52:01.954Z,2026-09-11T17:08:33.817Z,2026-09-11T08:51:23.308Z,2026-09-11T15:23:42.378Z,2026-09-12T11:37:44.854Z,04:00:00,06:32:19,2600.00,2600.00,0.00,2600.00,released,[real-extract] src: 145.jpg,true
109,109,308,109,2026-09-10T16:00:00.000Z,2026-09-11T07:53:05.986Z,2026-09-11T14:30:07.038Z,2026-09-11T08:53:26.881Z,2026-09-11T14:12:28.344Z,2026-09-12T04:27:06.539Z,02:00:00,05:19:01,3000.00,3000.00,0.00,3000.00,released,[real-extract] src: 146.jpg,true
110,110,309,110,2026-09-10T16:00:00.000Z,2026-09-11T07:57:20.346Z,2026-09-11T17:13:47.807Z,2026-09-11T09:19:35.429Z,2026-09-11T15:15:02.951Z,2026-09-11T20:56:53.766Z,02:00:00,05:55:28,2150.00,2150.00,0.00,2150.00,released,[real-extract] src: 147.jpg,true
111,111,310,111,2026-09-10T16:00:00.000Z,2026-09-11T07:58:29.206Z,2026-09-11T14:29:46.560Z,2026-09-11T08:41:20.788Z,2026-09-11T12:08:21.453Z,2026-09-12T05:02:37.784Z,03:46:57,03:27:01,11000.00,11000.00,0.00,11000.00,released,[real-extract] src: 148.jpg,true
112,112,311,112,2026-09-10T16:00:00.000Z,2026-09-11T07:59:29.008Z,2026-09-11T12:52:18.368Z,2026-09-11T08:51:11.802Z,2026-09-11T12:50:49.215Z,2026-09-11T16:15:01.415Z,02:00:00,03:59:37,9000.00,9000.00,0.00,9000.00,released,[real-extract] src: 149.jpg,true
113,113,312,113,2026-09-10T16:00:00.000Z,2026-09-11T07:59:57.099Z,2026-09-11T12:42:39.404Z,2026-09-11T08:40:23.349Z,2026-09-11T13:15:06.368Z,2026-09-12T01:28:59.877Z,02:05:21,04:34:43,2800.00,2800.00,0.00,2800.00,released,[real-extract] src: 151.jpg,true
114,114,313,114,2026-09-10T16:00:00.000Z,2026-09-11T08:01:26.952Z,2026-09-11T14:15:42.639Z,2026-09-11T09:01:15.579Z,2026-09-11T15:04:18.236Z,2026-09-11T16:13:31.625Z,02:00:00,06:03:03,1450.00,1450.00,0.00,1450.00,released,[real-extract] src: 152.jpg,true
115,115,314,115,2026-09-10T16:00:00.000Z,2026-09-11T08:03:20.349Z,2026-09-11T16:20:39.704Z,2026-09-11T08:50:56.518Z,2026-09-11T15:57:34.185Z,2026-09-11T20:55:51.574Z,03:00:00,07:06:38,2350.00,2350.00,0.00,2350.00,released,[real-extract] src: 153.jpg,true
116,116,315,116,2026-09-10T16:00:00.000Z,2026-09-11T08:04:47.758Z,2026-09-11T18:55:17.389Z,2026-09-11T08:48:50.724Z,2026-09-11T11:03:47.663Z,2026-09-12T01:36:00.268Z,05:00:00,02:14:57,12200.00,12200.00,0.00,12200.00,released,[real-extract] src: 154.jpg,true
117,117,316,117,2026-09-10T16:00:00.000Z,2026-09-11T08:07:48.451Z,2026-09-11T15:49:41.546Z,2026-09-11T09:29:49.684Z,2026-09-11T11:48:03.589Z,2026-09-11T20:09:15.839Z,04:00:00,02:18:14,2950.00,2950.00,0.00,2950.00,released,[real-extract] src: 156.jpg,true
118,118,317,118,2026-09-10T16:00:00.000Z,2026-09-11T08:10:14.067Z,2026-09-11T16:50:17.567Z,2026-09-11T08:45:07.029Z,2026-09-11T15:23:45.854Z,2026-09-12T04:37:57.812Z,04:00:00,06:38:39,2950.00,2950.00,0.00,2950.00,released,[real-extract] src: 157.jpg,true
119,119,318,119,2026-09-10T16:00:00.000Z,2026-09-11T08:10:38.242Z,2026-09-11T14:32:50.836Z,2026-09-11T09:22:47.310Z,2026-09-11T16:40:36.814Z,2026-09-11T17:56:05.949Z,02:56:10,07:17:50,2500.00,2500.00,0.00,2500.00,released,[real-extract] src: 158.jpg,true
120,120,319,120,2026-09-10T16:00:00.000Z,2026-09-11T08:18:44.615Z,2026-09-11T15:58:59.640Z,2026-09-11T09:31:45.108Z,2026-09-11T11:47:26.089Z,2026-09-11T18:59:23.424Z,09:00:00,02:15:41,12900.00,12900.00,0.00,12900.00,released,[real-extract] src: 159.jpg,true
121,121,320,121,2026-09-10T16:00:00.000Z,2026-09-11T08:19:52.767Z,2026-09-11T13:54:21.382Z,2026-09-11T08:55:18.225Z,2026-09-11T14:09:25.664Z,2026-09-12T09:00:20.640Z,01:00:00,05:14:07,650.00,650.00,0.00,650.00,released,[real-extract] src: 160.jpg,true
122,122,321,122,2026-09-10T16:00:00.000Z,2026-09-11T08:23:50.370Z,2026-09-11T14:07:52.828Z,2026-09-11T09:40:59.040Z,2026-09-11T14:41:06.765Z,2026-09-12T01:23:10.218Z,10:00:00,05:00:08,13750.00,13750.00,0.00,13750.00,released,[real-extract] src: 161.jpg,true
123,123,322,123,2026-09-10T16:00:00.000Z,2026-09-11T08:24:38.228Z,2026-09-11T18:21:38.187Z,2026-09-11T09:51:57.728Z,2026-09-11T17:14:44.581Z,2026-09-12T15:14:19.609Z,01:00:00,07:22:47,1500.00,1500.00,0.00,1500.00,released,[real-extract] src: 162.jpg,true
124,124,323,124,2026-09-10T16:00:00.000Z,2026-09-11T08:28:02.548Z,2026-09-11T19:45:50.144Z,2026-09-11T09:50:13.780Z,2026-09-11T17:31:47.791Z,2026-09-12T16:26:38.704Z,02:00:00,07:41:34,2450.00,2450.00,0.00,2450.00,released,[real-extract] src: 163.jpg,true
125,125,324,125,2026-09-10T16:00:00.000Z,2026-09-11T08:32:31.372Z,2026-09-11T20:50:56.221Z,2026-09-11T09:59:33.551Z,2026-09-11T14:47:55.274Z,2026-09-12T00:51:52.503Z,09:00:00,04:48:22,13750.00,13750.00,0.00,13750.00,released,[real-extract] src: 164.jpg,true
126,126,325,126,2026-09-10T16:00:00.000Z,2026-09-11T08:37:13.304Z,2026-09-11T15:22:03.580Z,2026-09-11T09:26:30.108Z,2026-09-11T15:16:36.722Z,2026-09-12T09:52:43.231Z,02:00:00,05:50:07,2450.00,2450.00,0.00,2450.00,released,[real-extract] src: 165.jpg,true
127,127,326,127,2026-09-10T16:00:00.000Z,2026-09-11T08:54:05.068Z,2026-09-11T13:51:14.238Z,2026-09-11T09:42:17.408Z,2026-09-11T15:22:44.092Z,2026-09-12T07:20:34.069Z,04:00:00,05:40:27,2800.00,2800.00,0.00,2800.00,released,[real-extract] src: 166.jpg,true
128,128,327,128,2026-09-10T16:00:00.000Z,2026-09-11T08:58:59.801Z,2026-09-11T21:00:16.941Z,2026-09-11T09:53:09.551Z,2026-09-11T15:34:06.568Z,2026-09-12T12:50:28.955Z,03:00:00,05:40:57,2900.00,2900.00,0.00,2900.00,released,[real-extract] src: 167.jpg,true
129,129,328,129,2026-09-10T16:00:00.000Z,2026-09-11T09:03:56.310Z,2026-09-11T15:23:34.276Z,2026-09-11T09:59:40.690Z,2026-09-11T16:51:27.464Z,2026-09-12T07:14:42.259Z,06:00:00,06:51:47,6550.00,6550.00,0.00,6550.00,released,[real-extract] src: 169.jpg,true
130,130,329,130,2026-09-10T16:00:00.000Z,2026-09-11T09:08:03.762Z,2026-09-11T19:51:58.085Z,2026-09-11T10:32:29.010Z,2026-09-11T16:10:59.075Z,2026-09-12T15:53:09.944Z,04:00:00,05:38:30,51850.00,51850.00,0.00,51850.00,released,[real-extract] src: 170.jpg,true
131,131,330,131,2026-09-10T16:00:00.000Z,2026-09-11T09:16:08.122Z,2026-09-11T20:20:22.085Z,2026-09-11T10:27:42.964Z,2026-09-11T14:21:56.180Z,2026-09-11T17:49:01.923Z,03:00:00,03:54:13,10800.00,10800.00,0.00,10800.00,released,[real-extract] src: 171.jpg,true
132,132,331,132,2026-09-10T16:00:00.000Z,2026-09-11T09:17:26.428Z,2026-09-11T17:10:27.280Z,2026-09-11T09:53:58.732Z,2026-09-11T17:22:48.424Z,2026-09-11T22:31:09.170Z,03:00:00,07:28:50,6350.00,6350.00,0.00,6350.00,released,[real-extract] src: 172.jpg,true
133,133,332,133,2026-09-10T16:00:00.000Z,2026-09-11T09:18:25.030Z,2026-09-11T20:20:50.863Z,2026-09-11T10:30:22.154Z,2026-09-11T15:37:40.187Z,2026-09-12T08:09:55.938Z,02:00:00,05:07:18,1700.00,1700.00,0.00,1700.00,released,[real-extract] src: 173.jpg,true
134,134,333,134,2026-09-10T16:00:00.000Z,2026-09-11T09:20:35.126Z,2026-09-11T17:30:09.989Z,2026-09-11T10:06:55.208Z,2026-09-11T14:44:34.746Z,2026-09-12T05:56:22.585Z,04:00:00,04:37:40,2600.00,2600.00,0.00,2600.00,released,[real-extract] src: 174.jpg,true
135,135,334,135,2026-09-10T16:00:00.000Z,2026-09-11T09:24:05.247Z,2026-09-11T16:48:58.820Z,2026-09-11T10:22:02.489Z,2026-09-11T17:44:11.046Z,2026-09-11T19:54:47.029Z,01:00:00,07:22:09,8500.00,8500.00,0.00,8500.00,released,[real-extract] src: 175.jpg,true
136,136,335,136,2026-09-10T16:00:00.000Z,2026-09-11T09:25:48.134Z,2026-09-11T19:26:22.353Z,2026-09-11T09:56:32.963Z,2026-09-11T12:35:28.789Z,2026-09-11T23:27:32.650Z,03:00:00,02:38:56,2200.00,2200.00,0.00,2200.00,released,[real-extract] src: 177.jpg,true
137,137,336,137,2026-09-10T16:00:00.000Z,2026-09-11T10:49:20.500Z,2026-09-11T21:46:37.304Z,2026-09-11T12:17:15.720Z,2026-09-11T17:05:59.492Z,2026-09-11T20:08:44.728Z,02:00:00,04:48:44,60000.00,60000.00,0.00,60000.00,released,[real-extract] src: 178.jpg,true
138,138,337,138,2026-09-10T16:00:00.000Z,2026-09-11T10:54:54.473Z,2026-09-11T21:31:56.396Z,2026-09-11T11:37:51.126Z,2026-09-11T18:00:03.572Z,2026-09-12T06:46:35.205Z,07:00:00,06:22:12,21600.00,21600.00,0.00,21600.00,released,[real-extract] src: 179.jpg,true
139,139,338,139,2026-09-10T16:00:00.000Z,2026-09-11T10:56:34.986Z,2026-09-11T17:12:31.716Z,2026-09-11T11:45:55.339Z,2026-09-11T19:16:40.341Z,2026-09-11T21:24:47.842Z,01:00:00,07:30:45,1500.00,1500.00,0.00,1500.00,released,[real-extract] src: 180.jpg,true
140,140,339,140,2026-09-10T16:00:00.000Z,2026-09-11T10:58:41.198Z,2026-09-11T22:42:13.946Z,2026-09-11T11:29:42.784Z,2026-09-11T13:35:08.471Z,2026-09-11T15:45:31.764Z,01:00:00,02:05:26,4500.00,4500.00,0.00,4500.00,released,[real-extract] src: 181.jpg,true
141,141,340,141,2026-09-10T16:00:00.000Z,2026-09-11T11:01:36.675Z,2026-09-11T20:49:58.815Z,2026-09-11T12:05:48.202Z,2026-09-11T14:18:54.322Z,2026-09-12T05:06:32.826Z,06:00:00,02:13:06,9700.00,9700.00,0.00,9700.00,released,[real-extract] src: 183.jpg,true
142,142,341,142,2026-09-10T16:00:00.000Z,2026-09-11T11:05:50.269Z,2026-09-11T16:42:34.362Z,2026-09-11T12:14:32.578Z,2026-09-11T17:26:27.477Z,2026-09-12T11:32:47.434Z,03:09:09,05:11:55,14850.00,14850.00,0.00,14850.00,released,[real-extract] src: 184.jpg,true
143,143,342,143,2026-09-10T16:00:00.000Z,2026-09-11T11:10:24.973Z,2026-09-11T18:41:04.613Z,2026-09-11T12:18:44.096Z,2026-09-11T19:17:46.492Z,2026-09-12T10:35:07.425Z,02:00:00,06:59:02,5000.00,5000.00,0.00,5000.00,released,[real-extract] src: 185.jpg,true
144,144,343,144,2026-09-10T16:00:00.000Z,2026-09-11T11:13:41.697Z,2026-09-11T17:39:36.207Z,2026-09-11T12:28:35.172Z,2026-09-11T16:13:57.698Z,2026-09-12T13:50:51.483Z,03:00:00,03:45:23,4300.00,4300.00,0.00,4300.00,released,[real-extract] src: 186.jpg,true
145,145,344,145,2026-09-10T16:00:00.000Z,2026-09-11T11:14:05.134Z,2026-09-11T18:07:27.683Z,2026-09-11T12:06:28.134Z,2026-09-11T17:31:55.965Z,2026-09-12T13:29:03.126Z,01:00:00,05:25:28,1800.00,1800.00,0.00,1800.00,released,[real-extract] src: 187.jpg,true
146,146,345,146,2026-09-10T16:00:00.000Z,2026-09-11T11:15:14.332Z,2026-09-11T21:48:27.925Z,2026-09-11T11:50:41.893Z,2026-09-11T14:28:11.359Z,2026-09-12T03:12:52.625Z,02:00:00,02:37:29,2300.00,2300.00,0.00,2300.00,released,[real-extract] src: 189.jpg,true
147,147,346,147,2026-09-10T16:00:00.000Z,2026-09-11T11:15:45.987Z,2026-09-11T18:20:02.733Z,2026-09-11T11:53:40.981Z,2026-09-11T15:23:57.309Z,2026-09-12T11:26:41.762Z,01:00:00,03:30:16,5500.00,5500.00,0.00,5500.00,released,[real-extract] src: 190.jpg,true
148,148,347,148,2026-09-10T16:00:00.000Z,2026-09-11T11:18:07.059Z,2026-09-11T23:50:47.588Z,2026-09-11T12:20:04.164Z,2026-09-11T14:50:19.786Z,2026-09-12T10:46:39.640Z,03:00:00,02:30:16,28000.00,28000.00,0.00,28000.00,released,[real-extract] src: 191.jpg,true
149,149,348,149,2026-09-10T16:00:00.000Z,2026-09-11T11:18:39.996Z,2026-09-11T18:22:52.791Z,2026-09-11T12:21:36.858Z,2026-09-11T17:48:49.760Z,2026-09-12T08:01:19.292Z,02:00:00,05:27:13,2300.00,2300.00,0.00,2300.00,released,[real-extract] src: 192.jpg,true
150,150,349,150,2026-09-10T16:00:00.000Z,2026-09-11T11:23:04.500Z,2026-09-11T18:55:18.455Z,2026-09-11T12:52:22.900Z,2026-09-11T19:21:36.413Z,2026-09-12T15:50:53.366Z,04:00:00,06:29:14,4600.00,4600.00,0.00,4600.00,released,[real-extract] src: 194.jpg,true
151,151,350,151,2026-09-10T16:00:00.000Z,2026-09-11T11:25:08.312Z,2026-09-11T16:42:18.507Z,2026-09-11T12:18:23.156Z,2026-09-11T17:27:58.956Z,2026-09-11T19:08:36.047Z,01:00:00,05:09:36,800.00,800.00,0.00,800.00,released,[real-extract] src: 195.jpg,true
152,152,351,152,2026-09-10T16:00:00.000Z,2026-09-11T11:26:29.990Z,2026-09-11T17:09:33.783Z,2026-09-11T11:58:10.073Z,2026-09-11T16:06:44.442Z,2026-09-12T00:16:27.854Z,03:00:00,04:08:34,28000.00,28000.00,0.00,28000.00,released,[real-extract] src: 196.jpg,true
153,153,352,153,2026-09-11T16:00:00.000Z,2026-09-11T21:29:09.838Z,2026-09-12T09:02:01.093Z,2026-09-11T22:36:48.596Z,2026-09-12T01:04:55.752Z,2026-09-12T07:35:16.510Z,02:00:00,02:28:07,1650.00,1650.00,0.00,1650.00,released,[real-extract] src: 197.jpg,true
154,154,353,154,2026-09-11T16:00:00.000Z,2026-09-11T21:31:13.823Z,2026-09-12T09:12:33.100Z,2026-09-11T22:40:37.885Z,2026-09-12T00:46:39.516Z,2026-09-12T04:15:50.602Z,05:00:00,02:06:02,10250.00,10250.00,0.00,10250.00,released,[real-extract] src: 198.jpg,true
155,155,354,155,2026-09-11T16:00:00.000Z,2026-09-11T21:38:27.153Z,2026-09-12T09:26:41.857Z,2026-09-11T22:51:33.037Z,2026-09-12T03:03:53.818Z,2026-09-13T02:24:35.986Z,08:00:00,04:12:21,9300.00,9300.00,0.00,9300.00,released,[real-extract] src: 199.jpg,true
156,156,355,156,2026-09-11T16:00:00.000Z,2026-09-11T21:39:20.253Z,2026-09-12T03:16:38.483Z,2026-09-11T22:33:37.629Z,2026-09-12T02:37:02.881Z,2026-09-12T08:51:46.852Z,03:00:00,04:03:25,1200.00,1200.00,0.00,1200.00,released,[real-extract] src: 200.jpg,true
157,157,356,157,2026-09-11T16:00:00.000Z,2026-09-11T21:42:34.735Z,2026-09-12T07:22:48.222Z,2026-09-11T22:37:43.951Z,2026-09-12T06:27:31.473Z,2026-09-12T11:37:23.757Z,04:00:00,07:49:48,4600.00,4600.00,0.00,4600.00,released,[real-extract] src: 201.jpg,true
158,158,357,158,2026-09-11T16:00:00.000Z,2026-09-11T21:45:27.646Z,2026-09-12T04:28:19.919Z,2026-09-11T22:25:47.568Z,2026-09-12T01:10:19.655Z,2026-09-12T20:44:00.215Z,05:00:00,02:44:32,6000.00,6000.00,0.00,6000.00,released,[real-extract] src: 202.jpg,true
159,159,358,159,2026-09-11T16:00:00.000Z,2026-09-11T21:46:25.174Z,2026-09-12T05:29:24.494Z,2026-09-11T22:50:33.489Z,2026-09-12T04:41:01.549Z,2026-09-12T14:52:03.343Z,02:00:00,05:50:28,7500.00,7500.00,0.00,7500.00,released,[real-extract] src: 203.jpg,true
160,160,359,160,2026-09-11T16:00:00.000Z,2026-09-11T21:48:03.449Z,2026-09-12T05:34:26.573Z,2026-09-11T22:48:22.982Z,2026-09-12T06:03:14.048Z,2026-09-13T01:45:43.951Z,02:00:00,07:14:51,3300.00,3300.00,0.00,3300.00,released,[real-extract] src: 204.jpg,true
161,161,360,161,2026-09-11T16:00:00.000Z,2026-09-11T21:49:03.987Z,2026-09-12T08:37:00.720Z,2026-09-11T22:22:17.842Z,2026-09-12T05:07:06.715Z,2026-09-12T14:17:24.108Z,01:00:00,06:44:49,2800.00,2800.00,0.00,2800.00,released,[real-extract] src: 205.jpg,true
162,162,361,162,2026-09-11T16:00:00.000Z,2026-09-11T21:49:47.125Z,2026-09-12T09:56:59.302Z,2026-09-11T23:04:16.899Z,2026-09-12T01:06:49.511Z,2026-09-12T07:25:55.105Z,01:00:00,02:02:33,2800.00,2800.00,0.00,2800.00,released,[real-extract] src: 206.jpg,true
163,163,362,163,2026-09-11T16:00:00.000Z,2026-09-11T21:52:20.510Z,2026-09-12T04:20:22.964Z,2026-09-11T22:57:22.013Z,2026-09-12T03:36:16.525Z,2026-09-12T14:26:59.359Z,01:00:00,04:38:55,3500.00,3500.00,0.00,3500.00,released,[real-extract] src: 207.jpg,true
164,164,363,164,2026-09-11T16:00:00.000Z,2026-09-11T21:53:25.676Z,2026-09-12T09:11:14.503Z,2026-09-11T22:24:55.314Z,2026-09-12T01:51:20.777Z,2026-09-12T10:57:39.318Z,02:00:00,03:26:25,1500.00,1500.00,0.00,1500.00,released,[real-extract] src: 208.jpg,true
165,165,364,165,2026-09-11T16:00:00.000Z,2026-09-11T21:55:21.251Z,2026-09-12T08:37:10.261Z,2026-09-11T22:26:22.179Z,2026-09-12T06:04:24.980Z,2026-09-13T05:50:25.531Z,03:00:00,07:38:03,1800.00,1800.00,0.00,1800.00,released,[real-extract] src: 211.jpg,true
166,166,365,166,2026-09-11T16:00:00.000Z,2026-09-11T21:57:07.481Z,2026-09-12T05:19:50.281Z,2026-09-11T22:57:07.898Z,2026-09-12T05:50:57.906Z,2026-09-12T17:05:37.392Z,01:00:00,06:53:50,25000.00,25000.00,0.00,25000.00,released,[real-extract] src: 212.jpg,true
167,167,366,167,2026-09-11T16:00:00.000Z,2026-09-11T21:58:21.639Z,2026-09-12T08:55:37.758Z,2026-09-11T22:37:03.299Z,2026-09-12T00:50:53.257Z,2026-09-12T03:26:41.283Z,01:00:00,02:13:50,500.00,500.00,0.00,500.00,released,[real-extract] src: 213.jpg,true
168,168,367,168,2026-09-11T16:00:00.000Z,2026-09-11T22:07:56.799Z,2026-09-12T10:37:37.502Z,2026-09-11T23:00:25.885Z,2026-09-12T05:01:00.153Z,2026-09-13T02:37:20.200Z,06:00:00,06:00:34,13550.00,13550.00,0.00,13550.00,released,[real-extract] src: 214.jpg,true
169,169,368,169,2026-09-11T16:00:00.000Z,2026-09-11T22:10:54.499Z,2026-09-12T03:19:34.739Z,2026-09-11T22:50:30.026Z,2026-09-12T01:14:43.250Z,2026-09-12T03:12:17.661Z,01:00:00,02:24:13,5000.00,5000.00,0.00,5000.00,released,[real-extract] src: 215.jpg,true
170,170,369,170,2026-09-11T16:00:00.000Z,2026-09-11T22:13:21.629Z,2026-09-12T08:28:59.247Z,2026-09-11T23:06:26.551Z,2026-09-12T02:13:08.741Z,2026-09-12T23:00:30.801Z,06:00:00,03:06:42,6550.00,6550.00,0.00,6550.00,released,[real-extract] src: 216.jpg,true
171,171,370,171,2026-09-11T16:00:00.000Z,2026-09-11T22:15:44.327Z,2026-09-12T08:00:53.144Z,2026-09-11T23:07:35.618Z,2026-09-12T06:56:47.998Z,2026-09-12T15:58:55.528Z,05:00:00,07:49:12,13300.00,13300.00,0.00,13300.00,released,[real-extract] src: 217.jpg,true
172,172,371,172,2026-09-11T16:00:00.000Z,2026-09-11T22:20:08.564Z,2026-09-12T06:55:27.489Z,2026-09-11T23:46:42.903Z,2026-09-12T07:23:59.555Z,2026-09-12T19:49:15.327Z,02:00:00,07:37:17,58000.00,58000.00,0.00,58000.00,released,[real-extract] src: 218.jpg,true
173,173,372,173,2026-09-11T16:00:00.000Z,2026-09-11T22:21:26.468Z,2026-09-12T09:40:05.316Z,2026-09-11T23:08:15.129Z,2026-09-12T05:09:48.126Z,2026-09-12T07:31:59.638Z,02:00:00,06:01:33,4000.00,4000.00,0.00,4000.00,released,[real-extract] src: 219.jpg,true
174,174,373,174,2026-09-11T16:00:00.000Z,2026-09-11T22:24:41.630Z,2026-09-12T08:08:43.125Z,2026-09-11T23:45:24.516Z,2026-09-12T02:20:23.694Z,2026-09-12T08:28:47.441Z,05:00:00,02:34:59,7850.00,7850.00,0.00,7850.00,released,[real-extract] src: 220.jpg,true
175,175,374,175,2026-09-11T16:00:00.000Z,2026-09-11T22:27:23.787Z,2026-09-12T04:20:33.534Z,2026-09-11T23:30:42.695Z,2026-09-12T07:27:48.941Z,2026-09-13T07:18:54.101Z,02:00:00,07:57:06,4000.00,4000.00,0.00,4000.00,released,[real-extract] src: 221.jpg,true
176,176,375,176,2026-09-11T16:00:00.000Z,2026-09-11T22:36:16.854Z,2026-09-12T04:00:28.383Z,2026-09-11T23:28:47.116Z,2026-09-12T04:01:29.192Z,2026-09-12T10:37:58.630Z,02:00:00,04:32:42,40000.00,40000.00,0.00,40000.00,released,[real-extract] src: 222.jpg,true
177,177,376,177,2026-09-11T16:00:00.000Z,2026-09-11T22:38:30.310Z,2026-09-12T03:54:13.912Z,2026-09-11T23:28:27.184Z,2026-09-12T02:05:27.277Z,2026-09-12T11:27:34.551Z,05:00:00,02:37:00,5400.00,5400.00,0.00,5400.00,released,[real-extract] src: 224.jpg,true
178,178,377,178,2026-09-11T16:00:00.000Z,2026-09-11T22:39:28.498Z,2026-09-12T06:51:55.336Z,2026-09-12T00:00:54.008Z,2026-09-12T04:00:24.472Z,2026-09-12T17:06:30.708Z,02:00:00,03:59:30,1100.00,1100.00,0.00,1100.00,released,[real-extract] src: 225.jpg,true
179,179,378,179,2026-09-11T16:00:00.000Z,2026-09-11T22:41:30.584Z,2026-09-12T11:47:49.419Z,2026-09-11T23:48:25.969Z,2026-09-12T06:15:56.857Z,2026-09-12T08:22:43.622Z,01:00:00,06:27:31,500.00,500.00,0.00,500.00,released,[real-extract] src: 226.jpg,true
180,180,379,180,2026-09-11T16:00:00.000Z,2026-09-11T22:44:03.160Z,2026-09-12T06:05:19.699Z,2026-09-11T23:51:16.438Z,2026-09-12T05:10:45.448Z,2026-09-12T07:45:10.095Z,02:00:00,05:19:29,2500.00,2500.00,0.00,2500.00,released,[real-extract] src: 227.jpg,true
181,181,380,181,2026-09-11T16:00:00.000Z,2026-09-11T22:44:55.650Z,2026-09-12T03:41:29.331Z,2026-09-11T23:25:47.155Z,2026-09-12T06:00:55.046Z,2026-09-12T07:04:06.898Z,03:00:00,06:35:08,2000.00,2000.00,0.00,2000.00,released,[real-extract] src: 228.jpg,true
182,182,381,182,2026-09-11T16:00:00.000Z,2026-09-11T22:46:35.807Z,2026-09-12T10:36:29.131Z,2026-09-12T00:07:10.815Z,2026-09-12T05:51:36.458Z,2026-09-13T01:37:00.862Z,01:00:00,05:44:26,500.00,500.00,0.00,500.00,released,[real-extract] src: 229.jpg,true
183,183,382,183,2026-09-11T16:00:00.000Z,2026-09-11T22:48:15.810Z,2026-09-12T04:18:22.248Z,2026-09-11T23:18:18.261Z,2026-09-12T04:29:14.411Z,2026-09-13T01:32:20.081Z,06:00:00,05:10:56,4150.00,4150.00,0.00,4150.00,released,[real-extract] src: 230.jpg,true
184,184,383,184,2026-09-11T16:00:00.000Z,2026-09-11T22:49:10.156Z,2026-09-12T04:59:45.529Z,2026-09-11T23:36:34.286Z,2026-09-12T02:30:05.086Z,2026-09-12T04:59:17.572Z,03:00:00,02:53:31,2700.00,2700.00,0.00,2700.00,released,[real-extract] src: 231.jpg,true
185,185,384,185,2026-09-11T16:00:00.000Z,2026-09-11T22:51:56.885Z,2026-09-12T10:56:48.680Z,2026-09-11T23:54:46.873Z,2026-09-12T05:01:12.715Z,2026-09-12T15:23:03.033Z,02:00:00,05:06:26,9000.00,9000.00,0.00,9000.00,released,[real-extract] src: 232.jpg,true
186,186,385,186,2026-09-11T16:00:00.000Z,2026-09-11T22:53:09.035Z,2026-09-12T04:14:39.509Z,2026-09-11T23:57:23.354Z,2026-09-12T02:01:24.324Z,2026-09-12T09:34:42.250Z,01:00:00,02:04:01,3500.00,3500.00,0.00,3500.00,released,[real-extract] src: 233.jpg,true
187,187,386,187,2026-09-11T16:00:00.000Z,2026-09-11T22:53:44.166Z,2026-09-12T07:17:25.039Z,2026-09-12T00:17:13.884Z,2026-09-12T03:02:48.141Z,2026-09-12T06:03:21.736Z,01:00:00,02:45:34,3500.00,3500.00,0.00,3500.00,released,[real-extract] src: 234.jpg,true
188,188,387,188,2026-09-11T16:00:00.000Z,2026-09-11T22:57:25.829Z,2026-09-12T06:15:19.297Z,2026-09-12T00:07:20.576Z,2026-09-12T06:06:10.548Z,2026-09-12T11:44:32.649Z,08:00:00,05:58:50,19900.00,19900.00,0.00,19900.00,released,[real-extract] src: 235.jpg,true
189,189,388,189,2026-09-11T16:00:00.000Z,2026-09-11T22:58:59.676Z,2026-09-12T11:04:58.656Z,2026-09-11T23:43:26.848Z,2026-09-12T02:50:50.016Z,2026-09-12T19:54:40.860Z,04:00:00,03:07:23,2250.00,2250.00,0.00,2250.00,released,[real-extract] src: 236.jpg,true
190,190,389,190,2026-09-11T16:00:00.000Z,2026-09-11T23:01:40.233Z,2026-09-12T10:56:58.921Z,2026-09-11T23:53:37.658Z,2026-09-12T05:06:55.427Z,2026-09-12T13:10:00.992Z,03:00:00,05:13:18,5100.00,5100.00,0.00,5100.00,released,[real-extract] src: 237.jpg,true
191,191,390,191,2026-09-11T16:00:00.000Z,2026-09-11T23:02:29.410Z,2026-09-12T08:53:20.447Z,2026-09-11T23:33:40.935Z,2026-09-12T04:27:52.037Z,2026-09-13T00:35:50.451Z,05:00:00,04:54:11,5500.00,5500.00,0.00,5500.00,released,[real-extract] src: 238.jpg,true
192,192,391,192,2026-09-11T16:00:00.000Z,2026-09-11T23:03:26.330Z,2026-09-12T07:30:12.548Z,2026-09-11T23:47:18.185Z,2026-09-12T05:50:57.842Z,2026-09-12T16:12:30.113Z,01:00:00,06:03:40,3500.00,3500.00,0.00,3500.00,released,[real-extract] src: 239.jpg,true
193,193,392,193,2026-09-11T16:00:00.000Z,2026-09-11T23:04:54.231Z,2026-09-12T07:09:48.175Z,2026-09-12T00:33:58.892Z,2026-09-12T03:50:57.052Z,2026-09-12T07:56:04.821Z,07:00:00,03:16:58,11650.00,11650.00,0.00,11650.00,released,[real-extract] src: 240.jpg,true
194,194,393,194,2026-09-11T16:00:00.000Z,2026-09-11T23:05:16.427Z,2026-09-12T11:18:00.360Z,2026-09-11T23:56:43.604Z,2026-09-12T03:44:34.006Z,2026-09-13T01:07:46.621Z,01:00:00,03:47:50,2500.00,2500.00,0.00,2500.00,released,[real-extract] src: 241.jpg,true
195,195,394,195,2026-09-11T16:00:00.000Z,2026-09-11T23:07:27.702Z,2026-09-12T05:21:57.953Z,2026-09-12T00:23:01.703Z,2026-09-12T03:14:56.898Z,2026-09-12T16:34:46.853Z,01:13:12,02:51:55,6400.00,6400.00,0.00,6400.00,released,[real-extract] src: 242.jpg,true
196,196,395,196,2026-09-11T16:00:00.000Z,2026-09-11T23:08:39.008Z,2026-09-12T04:21:31.247Z,2026-09-11T23:47:52.131Z,2026-09-12T01:57:58.563Z,2026-09-12T09:47:07.688Z,05:00:00,02:10:06,3300.00,3300.00,0.00,3300.00,released,[real-extract] src: 243.jpg,true
197,197,396,197,2026-09-11T16:00:00.000Z,2026-09-11T23:09:33.241Z,2026-09-12T07:53:06.300Z,2026-09-11T23:58:40.073Z,2026-09-12T06:54:52.258Z,2026-09-12T10:41:39.144Z,01:00:00,06:56:12,1000.00,1000.00,0.00,1000.00,released,[real-extract] src: 244.jpg,true
198,198,397,198,2026-09-11T16:00:00.000Z,2026-09-11T23:10:21.551Z,2026-09-12T09:47:08.114Z,2026-09-11T23:42:32.641Z,2026-09-12T05:30:40.763Z,2026-09-13T02:50:40.916Z,03:00:00,05:48:08,3000.00,3000.00,0.00,3000.00,released,[real-extract] src: 245.jpg,true
199,199,398,199,2026-09-11T16:00:00.000Z,2026-09-11T23:11:31.071Z,2026-09-12T05:41:32.348Z,2026-09-12T00:04:49.633Z,2026-09-12T06:15:39.861Z,2026-09-13T01:21:36.695Z,03:00:00,06:10:50,3000.00,3000.00,0.00,3000.00,released,[real-extract] src: 246.jpg,true
200,200,399,200,2026-09-11T16:00:00.000Z,2026-09-11T23:14:25.365Z,2026-09-12T10:35:44.604Z,2026-09-12T00:22:19.094Z,2026-09-12T08:11:56.091Z,2026-09-13T04:55:38.106Z,06:00:00,07:49:37,8700.00,8700.00,0.00,8700.00,released,[real-extract] src: 247.jpg,true
201,201,400,201,2026-09-11T16:00:00.000Z,2026-09-11T23:16:23.298Z,2026-09-12T09:26:08.833Z,2026-09-12T00:15:47.572Z,2026-09-12T08:05:12.601Z,2026-09-13T07:04:06.029Z,03:00:00,07:49:25,3450.00,3450.00,0.00,3450.00,released,[real-extract] src: 248.jpg,true
202,202,401,202,2026-09-11T16:00:00.000Z,2026-09-11T23:17:21.680Z,2026-09-12T06:44:14.828Z,2026-09-12T00:18:39.070Z,2026-09-12T02:41:24.367Z,2026-09-12T14:33:18.786Z,02:00:00,02:22:45,2400.00,2400.00,0.00,2400.00,released,[real-extract] src: 249.jpg,true
203,203,402,203,2026-09-11T16:00:00.000Z,2026-09-11T23:19:12.595Z,2026-09-12T10:27:36.328Z,2026-09-11T23:54:05.204Z,2026-09-12T06:36:59.684Z,2026-09-12T19:26:14.806Z,09:00:00,06:42:54,9000.00,9000.00,0.00,9000.00,released,[real-extract] src: 251.jpg,true
204,204,403,204,2026-09-11T16:00:00.000Z,2026-09-11T23:21:03.909Z,2026-09-12T07:19:37.532Z,2026-09-12T00:23:50.811Z,2026-09-12T02:38:19.371Z,2026-09-12T04:09:02.272Z,01:00:00,02:14:29,2500.00,2500.00,0.00,2500.00,released,[real-extract] src: 253.jpg,true
205,205,404,205,2026-09-11T16:00:00.000Z,2026-09-11T23:21:27.185Z,2026-09-12T08:08:44.870Z,2026-09-12T00:31:01.337Z,2026-09-12T08:07:07.052Z,2026-09-12T22:52:18.493Z,01:00:00,07:36:06,15000.00,15000.00,0.00,15000.00,released,[real-extract] src: 254.jpg,true
206,206,405,206,2026-09-11T16:00:00.000Z,2026-09-11T23:23:12.031Z,2026-09-12T11:28:12.748Z,2026-09-12T00:47:41.733Z,2026-09-12T06:05:15.139Z,2026-09-12T10:29:19.049Z,01:00:00,05:17:33,1500.00,1500.00,0.00,1500.00,released,[real-extract] src: 255.jpg,true
207,207,406,207,2026-09-11T16:00:00.000Z,2026-09-11T23:24:19.923Z,2026-09-12T05:09:31.936Z,2026-09-12T00:13:48.473Z,2026-09-12T06:44:49.945Z,2026-09-12T20:07:59.893Z,04:00:00,06:31:01,4150.00,4150.00,0.00,4150.00,released,[real-extract] src: 256.jpg,true
208,208,407,208,2026-09-11T16:00:00.000Z,2026-09-11T23:25:02.886Z,2026-09-12T07:40:11.105Z,2026-09-11T23:55:54.723Z,2026-09-12T06:35:30.254Z,2026-09-13T04:47:53.587Z,03:58:52,06:39:36,3900.00,3900.00,0.00,3900.00,released,[real-extract] src: 257.jpg,true
209,209,408,209,2026-09-11T16:00:00.000Z,2026-09-11T23:26:12.026Z,2026-09-12T08:41:55.848Z,2026-09-12T00:11:28.946Z,2026-09-12T04:36:02.725Z,2026-09-12T09:30:48.770Z,03:00:00,04:24:34,2400.00,2400.00,0.00,2400.00,released,[real-extract] src: 258.jpg,true
210,210,409,210,2026-09-11T16:00:00.000Z,2026-09-11T23:28:05.382Z,2026-09-12T06:20:58.171Z,2026-09-12T00:26:47.463Z,2026-09-12T02:32:12.645Z,2026-09-12T10:21:34.521Z,03:00:00,02:05:25,3200.00,3200.00,0.00,3200.00,released,[real-extract] src: 259.jpg,true
211,211,410,211,2026-09-11T16:00:00.000Z,2026-09-11T23:29:54.359Z,2026-09-12T11:23:27.132Z,2026-09-12T00:59:13.151Z,2026-09-12T06:39:41.674Z,2026-09-12T22:18:05.125Z,01:00:00,05:40:29,1500.00,1500.00,0.00,1500.00,released,[real-extract] src: 260.jpg,true
212,212,411,212,2026-09-11T16:00:00.000Z,2026-09-11T23:31:20.986Z,2026-09-12T04:52:44.509Z,2026-09-12T00:08:30.268Z,2026-09-12T06:20:52.162Z,2026-09-12T17:33:57.125Z,01:00:00,06:12:22,15000.00,15000.00,0.00,15000.00,released,[real-extract] src: 261.jpg,true
213,213,412,213,2026-09-11T16:00:00.000Z,2026-09-11T23:34:21.441Z,2026-09-12T06:12:58.636Z,2026-09-12T00:43:34.145Z,2026-09-12T08:24:07.600Z,2026-09-13T00:59:00.395Z,04:00:00,07:40:33,4300.00,4300.00,0.00,4300.00,released,[real-extract] src: 262.jpg,true
214,214,413,214,2026-09-11T16:00:00.000Z,2026-09-11T23:36:24.793Z,2026-09-12T05:26:55.382Z,2026-09-12T00:21:22.257Z,2026-09-12T05:10:28.361Z,2026-09-12T19:30:58.749Z,03:00:00,04:49:06,1450.00,1450.00,0.00,1450.00,released,[real-extract] src: 265.jpg,true
215,215,414,215,2026-09-11T16:00:00.000Z,2026-09-11T23:37:56.980Z,2026-09-12T06:14:16.653Z,2026-09-12T00:28:06.362Z,2026-09-12T06:13:06.459Z,2026-09-12T16:22:35.088Z,05:00:00,05:45:00,4100.00,4100.00,0.00,4100.00,released,[real-extract] src: 267.jpg,true
216,216,415,216,2026-09-11T16:00:00.000Z,2026-09-11T23:39:40.421Z,2026-09-12T10:21:25.791Z,2026-09-12T01:06:41.571Z,2026-09-12T06:03:43.444Z,2026-09-12T16:13:32.567Z,02:00:00,04:57:02,23400.00,23400.00,0.00,23400.00,released,[real-extract] src: 269.jpg,true
217,217,416,217,2026-09-11T16:00:00.000Z,2026-09-11T23:42:04.330Z,2026-09-12T09:31:40.460Z,2026-09-12T01:08:08.918Z,2026-09-12T08:56:07.615Z,2026-09-12T12:00:40.830Z,01:00:00,07:47:59,4500.00,4500.00,0.00,4500.00,released,[real-extract] src: 270.jpg,true
218,218,417,218,2026-09-11T16:00:00.000Z,2026-09-11T23:42:56.115Z,2026-09-12T10:48:09.248Z,2026-09-12T01:00:50.103Z,2026-09-12T04:45:51.528Z,2026-09-12T08:19:55.531Z,05:00:00,03:45:01,3900.00,3900.00,0.00,3900.00,released,[real-extract] src: 271.jpg,true
219,219,418,219,2026-09-11T16:00:00.000Z,2026-09-11T23:47:26.522Z,2026-09-12T06:13:42.257Z,2026-09-12T01:03:12.040Z,2026-09-12T06:02:18.687Z,2026-09-12T09:18:51.528Z,02:00:00,04:59:07,7000.00,7000.00,0.00,7000.00,released,[real-extract] src: 272.jpg,true
220,220,419,220,2026-09-11T16:00:00.000Z,2026-09-11T23:48:57.586Z,2026-09-12T08:52:15.332Z,2026-09-12T01:17:19.264Z,2026-09-12T05:18:51.197Z,2026-09-12T16:17:05.749Z,07:00:00,04:01:32,14000.00,14000.00,0.00,14000.00,released,[real-extract] src: 273.jpg,true
221,221,420,221,2026-09-11T16:00:00.000Z,2026-09-11T23:52:07.664Z,2026-09-12T12:50:45.459Z,2026-09-12T01:19:49.205Z,2026-09-12T09:11:30.373Z,2026-09-12T20:03:19.250Z,07:00:00,07:51:41,13850.00,13850.00,0.00,13850.00,released,[real-extract] src: 275.jpg,true
222,222,421,222,2026-09-11T16:00:00.000Z,2026-09-11T23:53:33.991Z,2026-09-12T11:59:35.847Z,2026-09-12T00:24:54.445Z,2026-09-12T03:35:40.254Z,2026-09-12T18:34:48.132Z,04:00:00,03:10:46,4300.00,4300.00,0.00,4300.00,released,[real-extract] src: 277.jpg,true
223,223,422,223,2026-09-11T16:00:00.000Z,2026-09-11T23:54:52.403Z,2026-09-12T05:36:29.342Z,2026-09-12T00:52:16.611Z,2026-09-12T06:08:31.237Z,2026-09-12T20:01:45.373Z,03:00:00,05:16:15,3000.00,3000.00,0.00,3000.00,released,[real-extract] src: 278.jpg,true
224,224,423,224,2026-09-11T16:00:00.000Z,2026-09-11T23:58:36.866Z,2026-09-12T12:20:40.138Z,2026-09-12T01:10:22.372Z,2026-09-12T05:52:02.520Z,2026-09-12T07:26:32.002Z,04:00:00,04:41:40,3150.00,3150.00,0.00,3150.00,released,[real-extract] src: 279.jpg,true
225,225,424,225,2026-09-11T16:00:00.000Z,2026-09-12T00:00:47.938Z,2026-09-12T12:57:44.148Z,2026-09-12T01:10:23.176Z,2026-09-12T07:19:18.405Z,2026-09-12T14:20:52.767Z,05:00:00,06:08:55,4600.00,4600.00,0.00,4600.00,released,[real-extract] src: 280.jpg,true
226,226,425,226,2026-09-11T16:00:00.000Z,2026-09-12T00:02:29.873Z,2026-09-12T10:25:07.304Z,2026-09-12T00:53:45.859Z,2026-09-12T08:51:07.403Z,2026-09-12T22:38:33.087Z,01:00:00,07:57:22,25000.00,25000.00,0.00,25000.00,released,[real-extract] src: 281.jpg,true
227,227,426,227,2026-09-11T16:00:00.000Z,2026-09-12T00:03:00.132Z,2026-09-12T06:23:03.609Z,2026-09-12T01:13:45.753Z,2026-09-12T04:31:11.985Z,2026-09-12T12:16:11.508Z,01:00:00,03:17:26,4500.00,4500.00,0.00,4500.00,released,[real-extract] src: 283.jpg,true
228,228,427,228,2026-09-11T16:00:00.000Z,2026-09-12T00:04:40.599Z,2026-09-12T07:34:24.381Z,2026-09-12T00:57:07.138Z,2026-09-12T03:20:38.935Z,2026-09-12T04:24:21.271Z,04:00:00,02:23:32,4450.00,4450.00,0.00,4450.00,released,[real-extract] src: 284.jpg,true
229,229,428,229,2026-09-11T16:00:00.000Z,2026-09-12T00:06:47.111Z,2026-09-12T08:07:50.185Z,2026-09-12T01:25:22.506Z,2026-09-12T09:19:09.939Z,2026-09-13T05:21:49.992Z,04:00:00,07:53:47,10000.00,10000.00,0.00,10000.00,released,[real-extract] src: 285.jpg,true
230,230,429,230,2026-09-11T16:00:00.000Z,2026-09-12T00:08:24.560Z,2026-09-12T10:42:45.982Z,2026-09-12T01:21:24.945Z,2026-09-12T05:28:18.430Z,2026-09-13T00:58:53.218Z,04:00:00,04:06:53,10000.00,10000.00,0.00,10000.00,released,[real-extract] src: 286.jpg,true
231,231,430,231,2026-09-11T16:00:00.000Z,2026-09-12T00:09:47.345Z,2026-09-12T06:47:28.710Z,2026-09-12T01:34:28.023Z,2026-09-12T09:05:42.748Z,2026-09-12T20:58:28.765Z,07:00:00,07:31:15,13850.00,13850.00,0.00,13850.00,released,[real-extract] src: 287.jpg,true
232,232,431,232,2026-09-11T16:00:00.000Z,2026-09-12T00:11:26.646Z,2026-09-12T06:41:33.341Z,2026-09-12T01:27:12.698Z,2026-09-12T03:40:04.921Z,2026-09-12T18:43:49.506Z,04:00:00,02:12:52,10000.00,10000.00,0.00,10000.00,released,[real-extract] src: 288.jpg,true
233,233,432,233,2026-09-11T16:00:00.000Z,2026-09-12T00:11:59.937Z,2026-09-12T08:21:36.267Z,2026-09-12T01:17:26.165Z,2026-09-12T08:25:33.874Z,2026-09-12T20:38:08.359Z,01:40:55,07:08:08,3250.00,3250.00,0.00,3250.00,released,[real-extract] src: 289.jpg,true
234,234,433,234,2026-09-11T16:00:00.000Z,2026-09-12T00:14:38.256Z,2026-09-12T06:45:31.733Z,2026-09-12T01:25:07.838Z,2026-09-12T06:45:23.314Z,2026-09-13T02:21:54.101Z,04:00:00,05:20:15,10150.00,10150.00,0.00,10150.00,released,[real-extract] src: 290.jpg,true
235,235,434,235,2026-09-11T16:00:00.000Z,2026-09-12T00:17:00.878Z,2026-09-12T13:25:16.353Z,2026-09-12T01:37:08.958Z,2026-09-12T04:09:44.354Z,2026-09-12T09:47:06.164Z,04:00:00,02:32:35,8450.00,8450.00,0.00,8450.00,released,[real-extract] src: 291.jpg,true
236,236,435,236,2026-09-11T16:00:00.000Z,2026-09-12T00:18:05.048Z,2026-09-12T09:16:26.924Z,2026-09-12T01:45:19.343Z,2026-09-12T09:19:06.669Z,2026-09-12T13:06:29.468Z,01:21:42,07:33:47,10500.00,10500.00,0.00,10500.00,released,[real-extract] src: 292.jpg,true
237,237,436,237,2026-09-11T16:00:00.000Z,2026-09-12T00:20:24.720Z,2026-09-12T10:25:23.069Z,2026-09-12T00:56:09.402Z,2026-09-12T04:41:54.890Z,2026-09-12T16:41:52.838Z,02:00:00,03:45:45,900.00,900.00,0.00,900.00,released,[real-extract] src: 293.jpg,true
238,238,437,238,2026-09-11T16:00:00.000Z,2026-09-12T00:21:51.417Z,2026-09-12T11:53:01.619Z,2026-09-12T01:46:06.277Z,2026-09-12T05:01:28.139Z,2026-09-12T20:37:40.506Z,03:00:00,03:15:22,2550.00,2550.00,0.00,2550.00,released,[real-extract] src: 295.jpg,true
239,239,438,239,2026-09-11T16:00:00.000Z,2026-09-12T00:23:07.203Z,2026-09-12T11:19:56.368Z,2026-09-12T01:06:32.423Z,2026-09-12T05:22:14.719Z,2026-09-12T18:08:37.111Z,04:00:00,04:15:42,3850.00,3850.00,0.00,3850.00,released,[real-extract] src: 296.jpg,true
240,240,439,240,2026-09-11T16:00:00.000Z,2026-09-12T00:26:09.187Z,2026-09-12T10:30:31.690Z,2026-09-12T01:43:51.564Z,2026-09-12T04:06:11.746Z,2026-09-12T14:28:19.765Z,02:00:00,02:22:20,1600.00,1600.00,0.00,1600.00,released,[real-extract] src: 298.jpg,true
241,241,440,241,2026-09-11T16:00:00.000Z,2026-09-12T00:27:17.233Z,2026-09-12T06:19:25.828Z,2026-09-12T01:10:21.976Z,2026-09-12T05:40:26.672Z,2026-09-13T03:29:37.871Z,03:34:55,04:30:05,55150.00,55150.00,0.00,55150.00,released,[real-extract] src: 299.jpg,true
242,242,441,242,2026-09-11T16:00:00.000Z,2026-09-12T00:29:10.667Z,2026-09-12T09:57:12.230Z,2026-09-12T01:21:54.249Z,2026-09-12T04:47:35.259Z,2026-09-12T14:21:44.798Z,04:00:00,03:25:41,5300.00,5300.00,0.00,5300.00,released,[real-extract] src: 300.jpg,true
243,243,442,243,2026-09-11T16:00:00.000Z,2026-09-12T07:01:32.985Z,2026-09-12T13:18:56.702Z,2026-09-12T08:24:35.359Z,2026-09-12T14:53:41.881Z,2026-09-13T04:21:27.037Z,01:00:00,06:29:07,15000.00,15000.00,0.00,15000.00,released,[real-extract] src: 302.jpg,true
244,244,443,244,2026-09-11T16:00:00.000Z,2026-09-12T07:05:27.684Z,2026-09-12T19:22:02.870Z,2026-09-12T07:38:15.430Z,2026-09-12T12:27:33.738Z,2026-09-13T11:00:11.121Z,03:00:00,04:49:18,4200.00,4200.00,0.00,4200.00,released,[real-extract] src: 303.jpg,true
245,245,444,245,2026-09-11T16:00:00.000Z,2026-09-12T07:11:13.309Z,2026-09-12T16:22:20.687Z,2026-09-12T07:51:36.029Z,2026-09-12T09:56:46.057Z,2026-09-12T14:49:45.628Z,01:00:00,02:05:10,800.00,800.00,0.00,800.00,released,[real-extract] src: 305.jpg,true
246,246,445,246,2026-09-11T16:00:00.000Z,2026-09-12T07:20:38.718Z,2026-09-12T18:45:21.836Z,2026-09-12T08:49:47.355Z,2026-09-12T16:27:29.731Z,2026-09-13T03:38:18.132Z,06:00:00,07:37:42,4750.00,4750.00,0.00,4750.00,released,[real-extract] src: 307.jpg,true
247,247,446,247,2026-09-11T16:00:00.000Z,2026-09-12T07:23:22.447Z,2026-09-12T17:30:21.856Z,2026-09-12T07:56:22.366Z,2026-09-12T11:43:31.355Z,2026-09-12T22:32:25.995Z,01:26:31,03:47:09,45850.00,45850.00,0.00,45850.00,released,[real-extract] src: 308.jpg,true
248,248,447,248,2026-09-11T16:00:00.000Z,2026-09-12T07:24:05.322Z,2026-09-12T16:04:55.472Z,2026-09-12T08:05:30.876Z,2026-09-12T11:13:20.170Z,2026-09-13T05:27:01.637Z,01:00:00,03:07:49,1200.00,1200.00,0.00,1200.00,released,[real-extract] src: 309.jpg,true
249,249,448,249,2026-09-11T16:00:00.000Z,2026-09-12T07:24:27.875Z,2026-09-12T13:25:55.345Z,2026-09-12T08:16:12.512Z,2026-09-12T15:49:07.629Z,2026-09-13T07:35:11.839Z,02:00:00,07:32:55,5800.00,5800.00,0.00,5800.00,released,[real-extract] src: 310.jpg,true
250,250,449,250,2026-09-11T16:00:00.000Z,2026-09-12T07:27:01.655Z,2026-09-12T18:44:02.958Z,2026-09-12T08:28:39.134Z,2026-09-12T11:48:55.238Z,2026-09-13T04:33:34.600Z,03:00:00,03:20:16,2150.00,2150.00,0.00,2150.00,released,[real-extract] src: 311.jpg,true
251,251,450,251,2026-09-11T16:00:00.000Z,2026-09-12T07:28:37.994Z,2026-09-12T13:58:31.501Z,2026-09-12T08:52:24.817Z,2026-09-12T12:15:42.484Z,2026-09-12T22:28:52.352Z,06:00:00,03:23:18,4800.00,4800.00,0.00,4800.00,released,[real-extract] src: 312.jpg,true
252,252,451,252,2026-09-11T16:00:00.000Z,2026-09-12T07:29:23.056Z,2026-09-12T17:40:15.333Z,2026-09-12T08:04:39.333Z,2026-09-12T10:55:17.081Z,2026-09-13T04:34:04.908Z,02:00:00,02:50:38,3550.00,3550.00,0.00,3550.00,released,[real-extract] src: 313.jpg,true
253,253,452,253,2026-09-11T16:00:00.000Z,2026-09-12T07:36:12.024Z,2026-09-12T13:32:39.119Z,2026-09-12T08:12:58.022Z,2026-09-12T14:27:01.258Z,2026-09-12T17:48:05.993Z,04:00:00,06:14:03,5300.00,5300.00,0.00,5300.00,released,[real-extract] src: 317.jpg,true
254,254,453,254,2026-09-11T16:00:00.000Z,2026-09-12T07:39:14.432Z,2026-09-12T15:53:33.621Z,2026-09-12T08:58:01.277Z,2026-09-12T15:20:07.926Z,2026-09-12T19:41:09.952Z,02:00:00,06:22:07,7100.00,7100.00,0.00,7100.00,released,[real-extract] src: 320.jpg,true
255,255,454,255,2026-09-11T16:00:00.000Z,2026-09-12T07:50:14.144Z,2026-09-12T16:47:51.550Z,2026-09-12T08:25:17.721Z,2026-09-12T14:38:13.974Z,2026-09-13T08:22:47.660Z,03:00:00,06:12:56,2200.00,2200.00,0.00,2200.00,released,[real-extract] src: 321.jpg,true
256,256,455,256,2026-09-11T16:00:00.000Z,2026-09-12T07:52:15.200Z,2026-09-12T19:00:51.774Z,2026-09-12T09:16:02.248Z,2026-09-12T14:04:52.817Z,2026-09-13T07:40:02.225Z,03:00:00,04:48:51,37400.00,37400.00,0.00,37400.00,released,[real-extract] src: 322.jpg,true
257,257,456,257,2026-09-11T16:00:00.000Z,2026-09-12T07:53:28.220Z,2026-09-12T12:52:59.464Z,2026-09-12T08:26:42.189Z,2026-09-12T11:24:31.300Z,2026-09-13T11:21:44.950Z,01:00:00,02:57:49,5500.00,5500.00,0.00,5500.00,released,[real-extract] src: 323.jpg,true
258,258,457,258,2026-09-11T16:00:00.000Z,2026-09-12T07:54:29.370Z,2026-09-12T13:56:59.501Z,2026-09-12T09:18:04.415Z,2026-09-12T15:25:43.801Z,2026-09-13T05:48:38.673Z,01:00:00,06:07:39,5500.00,5500.00,0.00,5500.00,released,[real-extract] src: 324.jpg,true
259,259,458,259,2026-09-11T16:00:00.000Z,2026-09-12T07:55:08.128Z,2026-09-12T17:53:18.491Z,2026-09-12T08:31:34.472Z,2026-09-12T13:28:31.500Z,2026-09-13T13:22:23.029Z,02:00:00,04:56:57,63000.00,63000.00,0.00,63000.00,released,[real-extract] src: 325.jpg,true
260,260,459,260,2026-09-11T16:00:00.000Z,2026-09-12T07:57:35.556Z,2026-09-12T17:29:06.217Z,2026-09-12T08:35:48.657Z,2026-09-12T13:40:35.079Z,2026-09-12T17:13:53.876Z,05:00:00,05:04:46,15750.00,15750.00,0.00,15750.00,released,[real-extract] src: 326.jpg,true
261,261,460,261,2026-09-11T16:00:00.000Z,2026-09-12T07:58:56.152Z,2026-09-12T17:42:44.624Z,2026-09-12T08:45:57.559Z,2026-09-12T15:34:01.697Z,2026-09-13T04:58:20.472Z,04:00:00,06:48:04,13750.00,13750.00,0.00,13750.00,released,[real-extract] src: 327.jpg,true
262,262,461,262,2026-09-11T16:00:00.000Z,2026-09-12T08:00:51.212Z,2026-09-12T15:11:05.990Z,2026-09-12T08:31:19.968Z,2026-09-12T11:45:08.872Z,2026-09-12T14:25:54.325Z,05:00:00,03:13:49,15150.00,15150.00,0.00,15150.00,released,[real-extract] src: 328.jpg,true
263,263,462,263,2026-09-11T16:00:00.000Z,2026-09-12T08:02:17.431Z,2026-09-12T15:52:18.724Z,2026-09-12T09:07:21.006Z,2026-09-12T15:36:22.941Z,2026-09-13T02:11:28.872Z,02:00:00,06:29:02,2050.00,2050.00,0.00,2050.00,released,[real-extract] src: 329.jpg,true
264,264,463,264,2026-09-11T16:00:00.000Z,2026-09-12T08:11:18.222Z,2026-09-12T12:57:56.407Z,2026-09-12T08:49:25.211Z,2026-09-12T16:37:18.553Z,2026-09-13T00:29:20.009Z,03:00:00,07:47:53,5900.00,5900.00,0.00,5900.00,released,[real-extract] src: 330.jpg,true
265,265,464,265,2026-09-11T16:00:00.000Z,2026-09-12T08:14:56.444Z,2026-09-12T20:07:24.508Z,2026-09-12T08:59:29.568Z,2026-09-12T16:45:41.011Z,2026-09-13T03:45:18.158Z,02:00:00,07:46:11,40000.00,40000.00,0.00,40000.00,released,[real-extract] src: 331.jpg,true
266,266,465,266,2026-09-11T16:00:00.000Z,2026-09-12T08:18:08.284Z,2026-09-12T16:21:21.894Z,2026-09-12T09:10:30.191Z,2026-09-12T11:32:51.487Z,2026-09-12T14:46:13.715Z,07:00:00,02:22:21,8900.00,8900.00,0.00,8900.00,released,[real-extract] src: 332.jpg,true
267,267,466,267,2026-09-11T16:00:00.000Z,2026-09-12T08:18:57.220Z,2026-09-12T18:41:40.047Z,2026-09-12T09:43:37.297Z,2026-09-12T15:41:52.080Z,2026-09-13T05:54:23.332Z,03:00:00,05:58:15,14500.00,14500.00,0.00,14500.00,released,[real-extract] src: 333.jpg,true
268,268,467,268,2026-09-11T16:00:00.000Z,2026-09-12T08:20:14.526Z,2026-09-12T14:09:25.288Z,2026-09-12T09:20:48.807Z,2026-09-12T14:46:58.846Z,2026-09-12T21:52:58.111Z,01:00:00,05:26:10,350.00,350.00,0.00,350.00,released,[real-extract] src: 334.jpg,true
269,269,468,269,2026-09-11T16:00:00.000Z,2026-09-12T08:23:20.260Z,2026-09-12T19:37:02.053Z,2026-09-12T09:18:39.956Z,2026-09-12T11:54:42.031Z,2026-09-13T10:16:29.745Z,05:00:00,02:36:02,10000.00,10000.00,0.00,10000.00,released,[real-extract] src: 335.jpg,true
270,270,469,270,2026-09-11T16:00:00.000Z,2026-09-12T08:25:11.425Z,2026-09-12T19:43:20.546Z,2026-09-12T09:01:33.537Z,2026-09-12T16:06:46.375Z,2026-09-13T03:02:39.915Z,04:00:00,07:05:13,3850.00,3850.00,0.00,3850.00,released,[real-extract] src: 336.jpg,true
271,271,470,271,2026-09-11T16:00:00.000Z,2026-09-12T08:28:41.930Z,2026-09-12T15:54:45.633Z,2026-09-12T09:00:36.707Z,2026-09-12T12:05:59.766Z,2026-09-12T14:46:37.353Z,04:00:00,03:05:23,3850.00,3850.00,0.00,3850.00,released,[real-extract] src: 337.jpg,true
272,272,471,272,2026-09-11T16:00:00.000Z,2026-09-12T08:35:50.447Z,2026-09-12T15:18:30.328Z,2026-09-12T09:44:30.759Z,2026-09-12T15:13:26.522Z,2026-09-12T17:42:43.644Z,04:00:00,05:28:56,9300.00,9300.00,0.00,9300.00,released,[real-extract] src: 338.jpg,true
273,273,472,273,2026-09-11T16:00:00.000Z,2026-09-12T08:43:28.401Z,2026-09-12T17:38:45.847Z,2026-09-12T09:31:16.153Z,2026-09-12T14:13:34.782Z,2026-09-12T17:06:29.618Z,08:00:00,04:42:19,10400.00,10400.00,0.00,10400.00,released,[real-extract] src: 340.jpg,true
274,274,473,274,2026-09-11T16:00:00.000Z,2026-09-12T08:53:34.458Z,2026-09-12T19:21:00.445Z,2026-09-12T09:45:01.810Z,2026-09-12T15:18:20.347Z,2026-09-12T16:49:57.016Z,03:00:00,05:33:19,6950.00,6950.00,0.00,6950.00,released,[real-extract] src: 341.jpg,true
275,275,474,275,2026-09-11T16:00:00.000Z,2026-09-12T09:02:21.816Z,2026-09-12T22:25:19.200Z,2026-09-12T10:27:13.441Z,2026-09-12T16:50:33.690Z,2026-09-13T04:11:22.621Z,04:00:00,06:23:20,2450.00,2450.00,0.00,2450.00,released,[real-extract] src: 342.jpg,true
276,276,475,276,2026-09-11T16:00:00.000Z,2026-09-12T09:02:54.035Z,2026-09-12T14:48:27.021Z,2026-09-12T10:01:06.650Z,2026-09-12T13:10:00.066Z,2026-09-12T23:05:03.707Z,02:00:19,03:08:53,1500.00,1500.00,0.00,1500.00,released,[real-extract] src: 343.jpg,true
277,277,476,277,2026-09-11T16:00:00.000Z,2026-09-12T09:07:00.610Z,2026-09-12T16:11:28.628Z,2026-09-12T09:39:56.822Z,2026-09-12T16:02:47.922Z,2026-09-13T01:03:03.746Z,03:00:00,06:22:51,1650.00,1650.00,0.00,1650.00,released,[real-extract] src: 344.jpg,true
278,278,477,278,2026-09-11T16:00:00.000Z,2026-09-12T09:09:43.451Z,2026-09-12T19:43:16.653Z,2026-09-12T09:41:33.592Z,2026-09-12T16:36:31.808Z,2026-09-13T13:54:07.061Z,03:00:00,06:54:58,7950.00,7950.00,0.00,7950.00,released,[real-extract] src: 345.jpg,true
279,279,478,279,2026-09-11T16:00:00.000Z,2026-09-12T09:15:55.175Z,2026-09-12T18:47:41.244Z,2026-09-12T10:10:47.963Z,2026-09-12T13:03:10.444Z,2026-09-12T22:16:06.804Z,03:00:00,02:52:22,7500.00,7500.00,0.00,7500.00,released,[real-extract] src: 346.jpg,true
280,280,479,280,2026-09-11T16:00:00.000Z,2026-09-12T09:27:04.259Z,2026-09-12T20:54:19.614Z,2026-09-12T10:05:22.356Z,2026-09-12T13:33:40.729Z,2026-09-12T23:11:19.202Z,06:00:00,03:28:18,7650.00,7650.00,0.00,7650.00,released,[real-extract] src: 347.jpg,true
281,281,480,281,2026-09-11T16:00:00.000Z,2026-09-12T09:31:15.959Z,2026-09-12T19:14:44.510Z,2026-09-12T10:17:10.085Z,2026-09-12T17:41:52.502Z,2026-09-13T05:24:11.162Z,07:00:00,07:24:42,8800.00,8800.00,0.00,8800.00,released,[real-extract] src: 348.jpg,true
282,282,481,282,2026-09-11T16:00:00.000Z,2026-09-12T09:32:16.647Z,2026-09-12T21:57:01.558Z,2026-09-12T10:23:04.721Z,2026-09-12T16:48:02.418Z,2026-09-13T08:36:49.711Z,02:00:00,06:24:58,50000.00,50000.00,0.00,50000.00,released,[real-extract] src: 349.jpg,true
283,283,482,283,2026-09-11T16:00:00.000Z,2026-09-12T09:39:07.663Z,2026-09-12T18:37:26.413Z,2026-09-12T10:37:45.664Z,2026-09-12T15:22:23.143Z,2026-09-13T10:39:56.172Z,02:00:00,04:44:37,70000.00,70000.00,0.00,70000.00,released,[real-extract] src: 350.jpg,true
284,284,483,284,2026-09-11T16:00:00.000Z,2026-09-12T09:43:50.376Z,2026-09-12T18:12:34.228Z,2026-09-12T10:30:30.914Z,2026-09-12T13:22:57.731Z,2026-09-13T03:27:26.148Z,02:23:11,02:52:27,43390.00,43390.00,0.00,43390.00,released,[real-extract] src: 351.jpg,true
285,285,484,285,2026-09-11T16:00:00.000Z,2026-09-12T09:50:46.903Z,2026-09-12T20:09:06.965Z,2026-09-12T10:51:00.558Z,2026-09-12T15:03:30.089Z,2026-09-13T14:04:17.460Z,02:49:13,04:12:30,77075.00,77075.00,0.00,77075.00,released,[real-extract] src: 352.jpg,true
286,286,485,286,2026-09-11T16:00:00.000Z,2026-09-12T09:52:48.146Z,2026-09-12T20:13:15.487Z,2026-09-12T10:33:17.213Z,2026-09-12T16:34:22.424Z,2026-09-12T19:09:19.659Z,03:00:00,06:01:05,58500.00,58500.00,0.00,58500.00,released,[real-extract] src: 354.jpg,true
287,287,486,287,2026-09-11T16:00:00.000Z,2026-09-12T09:55:08.591Z,2026-09-12T16:38:20.839Z,2026-09-12T10:38:02.566Z,2026-09-12T17:49:01.905Z,2026-09-12T18:52:19.216Z,03:06:25,07:10:59,18650.00,18650.00,0.00,18650.00,released,[real-extract] src: 355.jpg,true
288,288,487,288,2026-09-11T16:00:00.000Z,2026-09-12T09:58:23.683Z,2026-09-12T21:14:44.669Z,2026-09-12T10:36:51.511Z,2026-09-12T12:45:13.977Z,2026-09-13T01:51:45.724Z,01:00:00,02:08:22,1800.00,1800.00,0.00,1800.00,released,[real-extract] src: 356.jpg,true
289,289,488,289,2026-09-11T16:00:00.000Z,2026-09-12T10:02:11.432Z,2026-09-12T21:31:18.174Z,2026-09-12T11:16:05.187Z,2026-09-12T16:36:51.634Z,2026-09-13T12:21:13.604Z,04:00:00,05:20:46,6600.00,6600.00,0.00,6600.00,released,[real-extract] src: 357.jpg,true
290,290,489,290,2026-09-11T16:00:00.000Z,2026-09-12T10:10:08.998Z,2026-09-12T20:52:20.668Z,2026-09-12T11:07:09.472Z,2026-09-12T14:35:58.182Z,2026-09-13T10:21:57.469Z,03:00:19,03:28:49,5950.00,5950.00,0.00,5950.00,released,[real-extract] src: 358.jpg,true
291,291,490,291,2026-09-11T16:00:00.000Z,2026-09-12T10:13:40.329Z,2026-09-12T16:22:41.444Z,2026-09-12T11:27:32.758Z,2026-09-12T13:47:42.548Z,2026-09-13T09:00:19.192Z,01:01:56,02:20:10,6250.00,6250.00,0.00,6250.00,released,[real-extract] src: 359.jpg,true
292,292,491,292,2026-09-11T16:00:00.000Z,2026-09-12T10:14:46.283Z,2026-09-12T20:58:55.612Z,2026-09-12T11:06:40.040Z,2026-09-12T17:34:35.222Z,2026-09-13T11:32:41.946Z,01:51:23,06:27:55,9600.00,9600.00,0.00,9600.00,released,[real-extract] src: 360.jpg,true
293,293,492,293,2026-09-11T16:00:00.000Z,2026-09-12T10:16:42.694Z,2026-09-12T23:01:52.825Z,2026-09-12T11:31:32.074Z,2026-09-12T14:09:35.696Z,2026-09-13T06:47:31.718Z,02:00:00,02:38:04,7000.00,7000.00,0.00,7000.00,released,[real-extract] src: 361.jpg,true
294,294,493,294,2026-09-11T16:00:00.000Z,2026-09-12T10:19:27.327Z,2026-09-12T17:53:45.970Z,2026-09-12T11:30:03.073Z,2026-09-12T17:02:44.416Z,2026-09-12T18:41:36.182Z,03:00:00,05:32:41,3450.00,3450.00,0.00,3450.00,released,[real-extract] src: 362.jpg,true
295,295,494,295,2026-09-11T16:00:00.000Z,2026-09-12T10:24:29.509Z,2026-09-12T22:34:54.899Z,2026-09-12T11:28:43.535Z,2026-09-12T17:04:18.872Z,2026-09-13T12:17:15.427Z,02:34:24,05:35:35,5350.00,5350.00,0.00,5350.00,released,[real-extract] src: 363.jpg,true
296,296,495,296,2026-09-11T16:00:00.000Z,2026-09-12T10:30:28.943Z,2026-09-12T19:04:25.302Z,2026-09-12T11:21:05.786Z,2026-09-12T15:23:47.840Z,2026-09-12T20:00:32.549Z,05:00:00,04:02:42,11450.00,11450.00,0.00,11450.00,released,[real-extract] src: 365.jpg,true
297,297,496,297,2026-09-11T16:00:00.000Z,2026-09-12T10:33:15.497Z,2026-09-12T21:11:04.491Z,2026-09-12T11:31:14.395Z,2026-09-12T17:23:47.658Z,2026-09-13T00:07:22.134Z,06:00:00,05:52:33,10450.00,10450.00,0.00,10450.00,released,[real-extract] src: 366.jpg,true
298,298,497,298,2026-09-11T16:00:00.000Z,2026-09-12T10:36:45.058Z,2026-09-12T22:30:11.220Z,2026-09-12T11:13:34.701Z,2026-09-12T15:56:43.444Z,2026-09-13T14:47:49.405Z,02:00:00,04:43:09,5500.00,5500.00,0.00,5500.00,released,[real-extract] src: 367.jpg,true
299,299,498,299,2026-09-11T16:00:00.000Z,2026-09-12T10:40:00.833Z,2026-09-13T00:07:09.552Z,2026-09-12T12:07:49.606Z,2026-09-12T17:29:34.926Z,2026-09-12T19:09:10.411Z,01:00:00,05:21:45,3500.00,3500.00,0.00,3500.00,released,[real-extract] src: 368.jpg,true
300,300,499,300,2026-09-11T16:00:00.000Z,2026-09-12T10:40:54.725Z,2026-09-12T23:05:16.538Z,2026-09-12T11:54:58.502Z,2026-09-12T19:48:06.884Z,2026-09-12T23:56:41.919Z,01:00:00,07:53:08,3500.00,3500.00,0.00,3500.00,released,[real-extract] src: 369.jpg,true
301,301,500,301,2026-09-11T16:00:00.000Z,2026-09-12T10:44:24.479Z,2026-09-12T22:50:16.107Z,2026-09-12T11:20:02.707Z,2026-09-12T17:31:16.945Z,2026-09-12T18:39:44.602Z,06:00:00,06:11:14,17800.00,17800.00,0.00,17800.00,released,[real-extract] src: 370.jpg,true
302,302,501,302,2026-09-11T16:00:00.000Z,2026-09-12T10:46:20.205Z,2026-09-12T19:43:58.994Z,2026-09-12T11:48:34.446Z,2026-09-12T18:48:22.273Z,2026-09-13T04:58:25.425Z,02:00:00,06:59:48,2300.00,2300.00,0.00,2300.00,released,[real-extract] src: 371.jpg,true
303,303,502,303,2026-09-11T16:00:00.000Z,2026-09-12T10:48:22.283Z,2026-09-12T18:04:32.934Z,2026-09-12T12:03:36.446Z,2026-09-12T19:40:45.314Z,2026-09-13T16:17:48.446Z,05:00:00,07:37:09,16300.00,16300.00,0.00,16300.00,released,[real-extract] src: 373.jpg,true
304,304,503,304,2026-09-11T16:00:00.000Z,2026-09-12T10:51:04.736Z,2026-09-12T20:13:51.793Z,2026-09-12T11:28:56.008Z,2026-09-12T15:00:16.699Z,2026-09-13T08:48:17.841Z,06:00:00,03:31:21,18450.00,18450.00,0.00,18450.00,released,[real-extract] src: 374.jpg,true
305,305,504,305,2026-09-11T16:00:00.000Z,2026-09-12T10:51:40.875Z,2026-09-12T22:34:43.955Z,2026-09-12T11:48:12.055Z,2026-09-12T16:13:43.338Z,2026-09-13T02:35:34.516Z,01:16:17,04:25:31,44000.00,44000.00,0.00,44000.00,released,[real-extract] src: 375.jpg,true
306,306,505,306,2026-09-11T16:00:00.000Z,2026-09-12T11:04:16.332Z,2026-09-12T16:46:41.496Z,2026-09-12T12:31:40.812Z,2026-09-12T16:07:52.688Z,2026-09-12T21:46:25.759Z,04:00:00,03:36:12,5350.00,5350.00,0.00,5350.00,released,[real-extract] src: 376.jpg,true
307,307,506,307,2026-09-11T16:00:00.000Z,2026-09-12T11:07:48.201Z,2026-09-12T16:31:06.969Z,2026-09-12T11:50:41.500Z,2026-09-12T19:17:47.079Z,2026-09-13T11:46:07.594Z,08:00:00,07:27:06,16450.00,16450.00,0.00,16450.00,released,[real-extract] src: 377.jpg,true
308,308,507,308,2026-09-11T16:00:00.000Z,2026-09-12T11:11:03.753Z,2026-09-12T17:31:32.072Z,2026-09-12T11:43:40.891Z,2026-09-12T18:14:25.097Z,2026-09-13T07:15:06.990Z,08:00:00,06:30:44,8550.00,8550.00,0.00,8550.00,released,[real-extract] src: 378.jpg,true
309,309,508,309,2026-09-11T16:00:00.000Z,2026-09-12T11:13:14.455Z,2026-09-12T23:11:07.642Z,2026-09-12T12:40:29.901Z,2026-09-12T19:22:40.273Z,2026-09-13T01:32:22.472Z,01:48:32,06:42:10,16950.00,16950.00,0.00,16950.00,released,[real-extract] src: 379.jpg,true
310,310,509,310,2026-09-11T16:00:00.000Z,2026-09-12T11:14:35.784Z,2026-09-12T17:42:14.750Z,2026-09-12T12:15:21.849Z,2026-09-12T19:54:36.123Z,2026-09-13T05:33:19.975Z,03:00:00,07:39:14,1900.00,1900.00,0.00,1900.00,released,[real-extract] src: 380.jpg,true
311,311,510,311,2026-09-11T16:00:00.000Z,2026-09-12T11:27:57.686Z,2026-09-12T23:45:31.096Z,2026-09-12T12:08:43.977Z,2026-09-12T15:24:39.229Z,2026-09-13T11:12:14.637Z,02:00:00,03:15:55,19500.00,19500.00,0.00,19500.00,released,[real-extract] src: 381.jpg,true
312,312,511,312,2026-09-11T16:00:00.000Z,2026-09-12T11:31:34.414Z,2026-09-12T16:38:31.666Z,2026-09-12T12:32:48.281Z,2026-09-12T17:38:11.538Z,2026-09-13T12:24:31.328Z,04:00:00,05:05:23,3300.00,3300.00,0.00,3300.00,released,[real-extract] src: 384.jpg,true
313,313,512,313,2026-09-11T16:00:00.000Z,2026-09-12T11:32:28.796Z,2026-09-12T19:59:24.476Z,2026-09-12T12:23:29.665Z,2026-09-12T16:14:58.216Z,2026-09-13T03:36:13.927Z,01:00:00,03:51:29,800.00,800.00,0.00,800.00,released,[real-extract] src: 388.jpg,true
314,314,513,314,2026-09-11T16:00:00.000Z,2026-09-12T11:33:37.029Z,2026-09-12T23:11:14.656Z,2026-09-12T13:02:00.867Z,2026-09-12T17:23:28.314Z,2026-09-12T21:12:03.676Z,03:19:18,04:21:27,44590.00,44590.00,0.00,44590.00,released,[real-extract] src: 389.jpg,true
315,315,514,315,2026-09-11T16:00:00.000Z,2026-09-12T11:35:22.292Z,2026-09-13T00:21:12.919Z,2026-09-12T12:44:18.532Z,2026-09-12T17:23:52.212Z,2026-09-13T07:40:42.884Z,03:00:00,04:39:34,10300.00,10300.00,0.00,10300.00,released,[real-extract] src: 386.jpg,true
316,316,515,316,2026-09-11T16:00:00.000Z,2026-09-12T11:48:08.741Z,2026-09-12T20:51:39.079Z,2026-09-12T12:56:00.204Z,2026-09-12T16:25:31.732Z,2026-09-13T07:24:08.768Z,04:00:00,03:29:32,22500.00,22500.00,0.00,22500.00,released,[real-extract] src: 387.jpg,true
317,317,516,317,2026-09-11T16:00:00.000Z,2026-09-12T11:49:16.618Z,2026-09-12T23:30:28.699Z,2026-09-12T12:40:58.912Z,2026-09-12T17:31:20.379Z,2026-09-13T16:47:48.181Z,03:00:00,04:50:21,7000.00,7000.00,0.00,7000.00,released,[real-extract] src: 390.jpg,true
318,318,517,318,2026-09-11T16:00:00.000Z,2026-09-12T11:49:25.630Z,2026-09-12T21:09:05.887Z,2026-09-12T12:38:16.255Z,2026-09-12T15:28:04.354Z,2026-09-12T21:51:31.258Z,01:17:41,02:49:48,0.00,0.00,0.00,0.00,released,[real-extract] src: 391.jpg,true
319,319,518,319,2026-09-11T16:00:00.000Z,2026-09-12T11:52:31.963Z,2026-09-12T16:32:21.224Z,2026-09-12T12:30:35.960Z,2026-09-12T18:30:11.030Z,2026-09-13T13:08:43.170Z,08:00:00,05:59:35,9700.00,9700.00,0.00,9700.00,released,[real-extract] src: 392.jpg,true
320,320,519,320,2026-09-11T16:00:00.000Z,2026-09-12T11:53:21.981Z,2026-09-12T17:14:54.902Z,2026-09-12T12:41:36.817Z,2026-09-12T15:02:50.456Z,2026-09-13T07:16:44.877Z,03:00:00,02:21:14,6100.00,6100.00,0.00,6100.00,released,[real-extract] src: 394.jpg,true
321,321,520,321,2026-09-11T16:00:00.000Z,2026-09-12T11:57:15.946Z,2026-09-12T22:32:09.788Z,2026-09-12T13:00:48.345Z,2026-09-12T19:48:32.253Z,2026-09-13T02:19:53.724Z,07:00:00,06:47:44,13400.00,13400.00,0.00,13400.00,released,[real-extract] src: 395.jpg,true
322,322,521,322,2026-09-11T16:00:00.000Z,2026-09-12T11:59:14.450Z,2026-09-12T22:49:32.291Z,2026-09-12T13:22:25.239Z,2026-09-12T17:52:17.131Z,2026-09-13T09:32:32.794Z,02:00:00,04:29:52,1450.00,1450.00,0.00,1450.00,released,[real-extract] src: 396.jpg,true
323,323,522,323,2026-09-11T16:00:00.000Z,2026-09-12T12:03:50.438Z,2026-09-12T18:38:41.346Z,2026-09-12T12:59:56.793Z,2026-09-12T18:29:54.164Z,2026-09-13T07:44:54.912Z,06:00:00,05:29:57,13450.00,13450.00,0.00,13450.00,released,[real-extract] src: 397.jpg,true
324,324,523,324,2026-09-11T16:00:00.000Z,2026-09-12T12:06:22.419Z,2026-09-12T21:23:31.444Z,2026-09-12T12:48:41.909Z,2026-09-12T15:25:04.953Z,2026-09-13T08:36:35.053Z,01:00:00,02:36:23,2500.00,2500.00,0.00,2500.00,released,[real-extract] src: 398.jpg,true
325,325,524,325,2026-06-12T16:00:00.000Z,2026-06-12T17:16:00.000Z,2026-06-12T22:34:02.611Z,2026-06-12T18:29:09.583Z,2026-06-12T22:20:30.012Z,2026-06-13T11:22:47.364Z,02:30:00,03:51:20,2250.00,2250.00,0.00,2250.00,released,[synthetic] src: synthetic_0001.json,true
326,326,525,326,2026-11-21T16:00:00.000Z,2026-11-22T09:38:00.000Z,2026-11-22T21:39:20.566Z,2026-11-22T10:25:30.370Z,2026-11-22T15:26:27.406Z,2026-11-22T22:44:34.674Z,01:30:00,05:00:57,1050.00,1050.00,0.00,1050.00,released,[synthetic] src: synthetic_0002.json,true
327,327,526,327,2026-09-17T16:00:00.000Z,2026-09-18T12:47:00.000Z,2026-09-18T19:58:42.801Z,2026-09-18T14:01:18.134Z,2026-09-18T18:27:23.106Z,2026-09-19T05:16:18.729Z,01:30:00,04:26:05,1300.00,1300.00,0.00,1300.00,released,[synthetic] src: synthetic_0003.json,true
328,328,527,328,2026-07-09T16:00:00.000Z,2026-07-10T10:29:00.000Z,2026-07-10T22:15:11.189Z,2026-07-10T11:58:27.396Z,2026-07-10T18:14:22.528Z,2026-07-11T08:02:55.535Z,02:15:00,06:15:55,1500.00,1500.00,0.00,1500.00,released,[synthetic] src: synthetic_0004.json,true
329,329,528,329,2026-03-17T16:00:00.000Z,2026-03-18T12:33:00.000Z,2026-03-18T23:50:09.545Z,2026-03-18T13:41:02.170Z,2026-03-18T20:54:53.361Z,2026-03-19T10:49:34.778Z,05:00:00,07:13:51,3950.00,3950.00,0.00,3950.00,released,[synthetic] src: synthetic_0005.json,true
330,330,529,330,2026-03-18T16:00:00.000Z,2026-03-18T17:36:00.000Z,2026-03-19T02:43:06.400Z,2026-03-18T18:49:47.006Z,2026-03-18T21:09:07.859Z,2026-03-19T05:51:28.555Z,02:45:00,02:19:21,2650.00,2650.00,0.00,2650.00,released,[synthetic] src: synthetic_0006.json,true
331,331,530,331,2026-01-31T16:00:00.000Z,2026-02-01T11:10:00.000Z,2026-02-01T21:48:11.278Z,2026-02-01T12:25:45.208Z,2026-02-01T16:13:17.107Z,2026-02-02T07:34:55.346Z,03:15:00,03:47:32,2850.00,2850.00,0.00,2850.00,released,[synthetic] src: synthetic_0007.json,true
332,332,531,332,2026-08-19T16:00:00.000Z,2026-08-19T16:58:00.000Z,2026-08-20T05:06:05.565Z,2026-08-19T17:58:36.904Z,2026-08-19T23:49:55.458Z,2026-08-20T09:51:43.929Z,03:00:00,05:51:19,2100.00,2100.00,0.00,2100.00,released,[synthetic] src: synthetic_0008.json,true
333,333,532,333,2026-11-26T16:00:00.000Z,2026-11-26T16:00:00.000Z,2026-11-27T01:36:51.720Z,2026-11-26T17:16:01.962Z,2026-11-26T19:34:55.072Z,2026-11-27T01:28:59.896Z,14:45:00,02:18:53,12050.00,12050.00,0.00,12050.00,released,[synthetic] src: synthetic_0009.json,true
334,334,533,334,2026-07-23T16:00:00.000Z,2026-07-23T16:00:00.000Z,2026-07-24T04:01:34.605Z,2026-07-23T16:31:27.614Z,2026-07-23T20:27:01.763Z,2026-07-24T07:09:40.460Z,01:30:00,03:55:34,1300.00,1300.00,0.00,1300.00,released,[synthetic] src: synthetic_0010.json,true
335,335,534,335,2026-12-21T16:00:00.000Z,2026-12-22T11:17:00.000Z,2026-12-22T22:00:57.916Z,2026-12-22T12:11:23.854Z,2026-12-22T19:53:54.781Z,2026-12-22T22:39:13.040Z,03:30:00,07:42:31,2500.00,2500.00,0.00,2500.00,released,[synthetic] src: synthetic_0011.json,true
336,336,535,336,2026-01-10T16:00:00.000Z,2026-01-11T09:56:00.000Z,2026-01-11T21:33:14.619Z,2026-01-11T11:05:54.930Z,2026-01-11T16:13:07.532Z,2026-01-12T01:04:59.826Z,03:15:00,05:07:13,2700.00,2700.00,0.00,2700.00,released,[synthetic] src: synthetic_0012.json,true
337,337,536,337,2026-07-10T16:00:00.000Z,2026-07-10T16:53:00.000Z,2026-07-11T04:04:46.369Z,2026-07-10T17:51:54.779Z,2026-07-10T22:28:27.170Z,2026-07-11T06:46:55.686Z,14:45:00,04:36:32,17250.00,17250.00,0.00,17250.00,released,[synthetic] src: synthetic_0013.json,true
338,338,537,338,2026-10-15T16:00:00.000Z,2026-10-16T09:29:00.000Z,2026-10-16T21:34:57.749Z,2026-10-16T10:37:39.813Z,2026-10-16T14:50:40.363Z,2026-10-16T18:30:20.204Z,02:15:00,04:13:01,1750.00,1750.00,0.00,1750.00,released,[synthetic] src: synthetic_0014.json,true
339,339,538,339,2026-08-23T16:00:00.000Z,2026-08-24T15:16:00.000Z,2026-08-24T22:01:58.365Z,2026-08-24T16:13:49.925Z,2026-08-24T18:28:23.049Z,2026-08-25T05:35:33.030Z,01:30:00,02:14:33,1150.00,1150.00,0.00,1150.00,released,[synthetic] src: synthetic_0015.json,true
340,340,539,340,2026-07-14T16:00:00.000Z,2026-07-14T17:44:00.000Z,2026-07-15T04:19:03.832Z,2026-07-14T18:17:20.977Z,2026-07-15T02:12:25.325Z,2026-07-15T22:00:53.721Z,03:00:00,07:55:04,2250.00,2250.00,0.00,2250.00,released,[synthetic] src: synthetic_0016.json,true
341,341,540,341,2026-01-17T16:00:00.000Z,2026-01-18T14:37:00.000Z,2026-01-19T01:54:21.605Z,2026-01-18T15:08:50.515Z,2026-01-18T17:18:44.730Z,2026-01-18T20:47:34.342Z,03:15:00,02:09:54,2850.00,2850.00,0.00,2850.00,released,[synthetic] src: synthetic_0017.json,true
342,342,541,342,2026-11-15T16:00:00.000Z,2026-11-16T09:36:00.000Z,2026-11-16T15:43:23.846Z,2026-11-16T10:24:15.694Z,2026-11-16T15:34:42.728Z,2026-11-16T19:31:19.144Z,07:00:00,05:10:27,4650.00,4650.00,0.00,4650.00,released,[synthetic] src: synthetic_0018.json,true
343,343,542,343,2026-06-02T16:00:00.000Z,2026-06-02T16:27:00.000Z,2026-06-02T22:28:26.915Z,2026-06-02T17:33:26.304Z,2026-06-02T23:11:50.104Z,2026-06-03T07:52:22.880Z,02:30:00,05:38:24,2100.00,2100.00,0.00,2100.00,released,[synthetic] src: synthetic_0019.json,true
344,344,543,344,2026-01-10T16:00:00.000Z,2026-01-11T15:54:00.000Z,2026-01-12T00:36:02.112Z,2026-01-11T17:17:01.589Z,2026-01-11T21:03:32.019Z,2026-01-12T13:55:38.576Z,07:00:00,03:46:30,5900.00,5900.00,0.00,5900.00,released,[synthetic] src: synthetic_0020.json,true
345,345,544,345,2026-12-14T16:00:00.000Z,2026-12-14T16:21:00.000Z,2026-12-15T02:48:53.678Z,2026-12-14T17:41:51.944Z,2026-12-15T00:41:25.060Z,2026-12-15T07:26:33.008Z,03:15:00,06:59:33,2950.00,2950.00,0.00,2950.00,released,[synthetic] src: synthetic_0021.json,true
346,346,545,346,2026-01-04T16:00:00.000Z,2026-01-04T17:18:00.000Z,2026-01-05T05:02:51.881Z,2026-01-04T18:45:23.995Z,2026-01-05T00:19:55.706Z,2026-01-05T09:57:22.282Z,04:15:00,05:34:32,5800.00,5800.00,0.00,5800.00,released,[synthetic] src: synthetic_0022.json,true
347,347,546,347,2026-05-14T16:00:00.000Z,2026-05-14T17:39:00.000Z,2026-05-15T00:59:24.542Z,2026-05-14T18:42:50.233Z,2026-05-15T02:27:52.528Z,2026-05-15T06:16:31.266Z,03:30:00,07:45:02,2650.00,2650.00,0.00,2650.00,released,[synthetic] src: synthetic_0023.json,true
348,348,547,348,2026-05-06T16:00:00.000Z,2026-05-06T17:47:00.000Z,2026-05-07T01:26:49.760Z,2026-05-06T19:12:54.879Z,2026-05-07T00:09:50.858Z,2026-05-07T20:56:02.538Z,03:30:00,04:56:56,2500.00,2500.00,0.00,2500.00,released,[synthetic] src: synthetic_0024.json,true
349,349,548,349,2026-03-09T16:00:00.000Z,2026-03-09T17:27:00.000Z,2026-03-09T22:39:13.566Z,2026-03-09T18:07:46.078Z,2026-03-09T22:10:06.027Z,2026-03-10T21:41:22.390Z,01:30:00,04:02:20,1400.00,1400.00,0.00,1400.00,released,[synthetic] src: synthetic_0025.json,true
350,350,549,350,2026-07-14T16:00:00.000Z,2026-07-15T08:12:00.000Z,2026-07-15T17:49:24.706Z,2026-07-15T09:04:07.017Z,2026-07-15T16:23:06.646Z,2026-07-16T16:19:59.779Z,02:15:00,07:19:00,1450.00,1450.00,0.00,1450.00,released,[synthetic] src: synthetic_0026.json,true
351,351,550,351,2026-02-14T16:00:00.000Z,2026-02-15T10:31:00.000Z,2026-02-15T21:44:30.905Z,2026-02-15T11:09:02.156Z,2026-02-15T18:34:37.065Z,2026-02-15T23:27:31.897Z,02:15:00,07:25:35,1350.00,1350.00,0.00,1350.00,released,[synthetic] src: synthetic_0027.json,true
352,352,551,352,2026-09-11T16:00:00.000Z,2026-09-11T16:24:00.000Z,2026-09-12T01:22:21.477Z,2026-09-11T17:53:35.701Z,2026-09-12T00:19:03.136Z,2026-09-12T03:07:30.710Z,05:00:00,06:25:27,3700.00,3700.00,0.00,3700.00,released,[synthetic] src: synthetic_0028.json,true
353,353,552,353,2026-02-04T16:00:00.000Z,2026-02-05T15:50:00.000Z,2026-02-05T20:49:49.919Z,2026-02-05T16:49:36.952Z,2026-02-05T19:19:25.396Z,2026-02-05T23:36:26.917Z,01:30:00,02:29:48,1200.00,1200.00,0.00,1200.00,released,[synthetic] src: synthetic_0029.json,true
354,354,553,354,2026-06-01T16:00:00.000Z,2026-06-02T08:18:00.000Z,2026-06-02T16:38:54.688Z,2026-06-02T08:54:26.741Z,2026-06-02T15:53:37.936Z,2026-06-03T09:08:37.142Z,05:00:00,06:59:11,4750.00,4750.00,0.00,4750.00,released,[synthetic] src: synthetic_0030.json,true
355,355,554,355,2026-04-09T16:00:00.000Z,2026-04-10T14:54:00.000Z,2026-04-11T01:54:37.055Z,2026-04-10T16:18:12.890Z,2026-04-10T20:43:45.164Z,2026-04-11T18:37:05.146Z,01:30:00,04:25:32,1200.00,1200.00,0.00,1200.00,released,[synthetic] src: synthetic_0031.json,true
356,356,555,356,2026-04-11T16:00:00.000Z,2026-04-12T11:39:00.000Z,2026-04-12T19:47:41.739Z,2026-04-12T12:37:27.004Z,2026-04-12T16:39:48.826Z,2026-04-13T14:07:25.999Z,04:30:00,04:02:22,5300.00,5300.00,0.00,5300.00,released,[synthetic] src: synthetic_0032.json,true
357,357,556,357,2026-04-24T16:00:00.000Z,2026-04-25T14:54:00.000Z,2026-04-26T00:45:37.253Z,2026-04-25T15:30:26.579Z,2026-04-25T21:03:07.435Z,2026-04-25T22:42:33.406Z,05:00:00,05:32:41,3150.00,3150.00,0.00,3150.00,released,[synthetic] src: synthetic_0033.json,true
358,358,557,358,2026-04-04T16:00:00.000Z,2026-04-04T16:08:00.000Z,2026-04-05T00:06:40.151Z,2026-04-04T16:41:40.967Z,2026-04-04T21:25:51.952Z,2026-04-05T02:56:06.786Z,03:45:00,04:44:11,3200.00,3200.00,0.00,3200.00,released,[synthetic] src: synthetic_0034.json,true
359,359,558,359,2026-11-07T16:00:00.000Z,2026-11-07T17:01:00.000Z,2026-11-08T03:10:07.151Z,2026-11-07T18:28:15.214Z,2026-11-08T00:23:59.006Z,2026-11-08T23:29:52.309Z,02:45:00,05:55:44,2450.00,2450.00,0.00,2450.00,released,[synthetic] src: synthetic_0035.json,true
360,360,559,360,2026-09-12T16:00:00.000Z,2026-09-12T17:06:00.000Z,2026-09-12T23:32:47.421Z,2026-09-12T17:56:34.577Z,2026-09-13T01:06:08.741Z,2026-09-13T04:47:38.793Z,14:00:00,07:09:34,13300.00,13300.00,0.00,13300.00,released,[synthetic] src: synthetic_0036.json,true
361,361,560,361,2026-08-10T16:00:00.000Z,2026-08-10T16:38:00.000Z,2026-08-11T01:04:23.059Z,2026-08-10T17:41:16.022Z,2026-08-10T19:43:18.628Z,2026-08-11T12:41:06.775Z,01:30:00,02:02:03,1350.00,1350.00,0.00,1350.00,released,[synthetic] src: synthetic_0037.json,true
362,362,561,362,2026-06-23T16:00:00.000Z,2026-06-24T10:35:00.000Z,2026-06-24T20:30:11.649Z,2026-06-24T11:38:53.342Z,2026-06-24T17:05:20.821Z,2026-06-24T22:15:32.219Z,01:30:00,05:26:27,1400.00,1400.00,0.00,1400.00,released,[synthetic] src: synthetic_0038.json,true
363,363,562,363,2026-05-22T16:00:00.000Z,2026-05-23T08:11:00.000Z,2026-05-23T16:30:28.243Z,2026-05-23T09:07:37.735Z,2026-05-23T15:14:01.738Z,2026-05-24T00:13:07.626Z,03:15:00,06:06:24,3150.00,3150.00,0.00,3150.00,released,[synthetic] src: synthetic_0039.json,true
364,364,563,364,2026-02-13T16:00:00.000Z,2026-02-14T12:43:00.000Z,2026-02-15T00:57:17.479Z,2026-02-14T13:59:02.406Z,2026-02-14T17:37:19.063Z,2026-02-15T03:59:24.005Z,03:30:00,03:38:17,3400.00,3400.00,0.00,3400.00,released,[synthetic] src: synthetic_0040.json,true
365,365,564,365,2026-05-13T16:00:00.000Z,2026-05-14T09:25:00.000Z,2026-05-14T21:50:34.039Z,2026-05-14T10:39:31.361Z,2026-05-14T15:36:29.843Z,2026-05-15T07:54:58.334Z,07:00:00,04:56:58,6200.00,6200.00,0.00,6200.00,released,[synthetic] src: synthetic_0041.json,true
366,366,565,366,2026-11-26T16:00:00.000Z,2026-11-27T10:15:00.000Z,2026-11-27T20:47:22.916Z,2026-11-27T11:02:39.836Z,2026-11-27T17:44:07.738Z,2026-11-28T08:49:47.115Z,03:00:00,06:41:28,3100.00,3100.00,0.00,3100.00,released,[synthetic] src: synthetic_0042.json,true
367,367,566,367,2026-01-14T16:00:00.000Z,2026-01-15T08:23:00.000Z,2026-01-15T15:44:33.992Z,2026-01-15T09:04:03.541Z,2026-01-15T16:06:46.300Z,2026-01-16T14:54:35.477Z,02:30:00,07:02:43,2250.00,2250.00,0.00,2250.00,released,[synthetic] src: synthetic_0043.json,true
368,368,567,368,2026-04-01T16:00:00.000Z,2026-04-02T15:28:00.000Z,2026-04-03T02:52:53.373Z,2026-04-02T16:22:40.242Z,2026-04-02T20:28:47.654Z,2026-04-03T05:54:54.183Z,03:00:00,04:06:07,2750.00,2750.00,0.00,2750.00,released,[synthetic] src: synthetic_0044.json,true
369,369,568,369,2026-09-09T16:00:00.000Z,2026-09-10T14:41:00.000Z,2026-09-11T03:42:30.328Z,2026-09-10T15:55:56.761Z,2026-09-10T20:44:40.884Z,2026-09-11T18:11:04.308Z,02:15:00,04:48:44,1750.00,1750.00,0.00,1750.00,released,[synthetic] src: synthetic_0045.json,true
370,370,569,370,2026-10-22T16:00:00.000Z,2026-10-23T10:46:00.000Z,2026-10-23T19:45:25.840Z,2026-10-23T11:56:11.920Z,2026-10-23T15:55:38.068Z,2026-10-24T13:26:20.820Z,05:00:00,03:59:26,4900.00,4900.00,0.00,4900.00,released,[synthetic] src: synthetic_0046.json,true
371,371,570,371,2026-01-08T16:00:00.000Z,2026-01-09T15:55:00.000Z,2026-01-09T23:30:30.635Z,2026-01-09T17:20:50.008Z,2026-01-10T01:03:15.410Z,2026-01-10T15:33:58.162Z,07:00:00,07:42:25,5450.00,5450.00,0.00,5450.00,released,[synthetic] src: synthetic_0047.json,true
372,372,571,372,2026-11-22T16:00:00.000Z,2026-11-23T13:50:00.000Z,2026-11-23T22:41:48.293Z,2026-11-23T14:59:11.474Z,2026-11-23T21:01:33.245Z,2026-11-24T00:34:07.253Z,03:00:00,06:02:22,2300.00,2300.00,0.00,2300.00,released,[synthetic] src: synthetic_0048.json,true
373,373,572,373,2026-04-12T16:00:00.000Z,2026-04-12T17:26:00.000Z,2026-04-13T01:45:49.634Z,2026-04-12T18:04:40.435Z,2026-04-12T21:29:34.380Z,2026-04-13T16:52:42.583Z,02:45:00,03:24:54,2850.00,2850.00,0.00,2850.00,released,[synthetic] src: synthetic_0049.json,true
374,374,573,374,2026-08-21T16:00:00.000Z,2026-08-22T15:40:00.000Z,2026-08-22T23:38:19.592Z,2026-08-22T16:53:38.057Z,2026-08-22T20:29:54.212Z,2026-08-23T17:16:57.948Z,05:15:00,03:36:16,4250.00,4250.00,0.00,4250.00,released,[synthetic] src: synthetic_0050.json,true
375,375,574,375,2026-09-25T16:00:00.000Z,2026-09-26T12:51:00.000Z,2026-09-27T00:44:23.045Z,2026-09-26T13:55:20.675Z,2026-09-26T17:14:17.486Z,2026-09-27T04:27:36.890Z,05:00:00,03:18:57,3200.00,3200.00,0.00,3200.00,released,[synthetic] src: synthetic_0051.json,true
376,376,575,376,2026-11-02T16:00:00.000Z,2026-11-03T14:23:00.000Z,2026-11-03T22:13:33.577Z,2026-11-03T15:42:59.020Z,2026-11-03T19:44:15.921Z,2026-11-04T12:53:43.030Z,02:15:00,04:01:17,1450.00,1450.00,0.00,1450.00,released,[synthetic] src: synthetic_0052.json,true
377,377,576,377,2026-03-23T16:00:00.000Z,2026-03-24T15:33:00.000Z,2026-03-25T01:28:13.384Z,2026-03-24T16:57:53.127Z,2026-03-24T21:20:57.007Z,2026-03-25T10:19:57.418Z,01:30:00,04:23:04,1150.00,1150.00,0.00,1150.00,released,[synthetic] src: synthetic_0053.json,true
378,378,577,378,2026-03-20T16:00:00.000Z,2026-03-21T13:32:00.000Z,2026-03-21T20:06:29.872Z,2026-03-21T14:04:30.966Z,2026-03-21T21:51:01.912Z,2026-03-22T12:02:42.357Z,03:30:00,07:46:31,3050.00,3050.00,0.00,3050.00,released,[synthetic] src: synthetic_0054.json,true
379,379,578,379,2026-09-27T16:00:00.000Z,2026-09-27T17:11:00.000Z,2026-09-27T22:18:10.303Z,2026-09-27T17:50:23.228Z,2026-09-27T23:52:10.933Z,2026-09-28T08:51:00.024Z,01:30:00,06:01:48,1100.00,1100.00,0.00,1100.00,released,[synthetic] src: synthetic_0055.json,true
380,380,579,380,2026-10-23T16:00:00.000Z,2026-10-24T13:53:00.000Z,2026-10-24T21:31:48.188Z,2026-10-24T15:17:51.620Z,2026-10-24T20:35:00.096Z,2026-10-25T10:04:47.321Z,04:30:00,05:17:08,4500.00,4500.00,0.00,4500.00,released,[synthetic] src: synthetic_0056.json,true
381,381,580,381,2026-12-10T16:00:00.000Z,2026-12-11T13:46:00.000Z,2026-12-11T22:11:22.920Z,2026-12-11T15:10:18.657Z,2026-12-11T17:11:23.064Z,2026-12-12T04:33:24.803Z,03:45:00,02:01:04,3550.00,3550.00,0.00,3550.00,released,[synthetic] src: synthetic_0057.json,true
382,382,581,382,2026-09-12T16:00:00.000Z,2026-09-13T15:15:00.000Z,2026-09-13T22:02:55.577Z,2026-09-13T16:11:34.940Z,2026-09-13T18:51:51.721Z,2026-09-14T07:25:45.434Z,02:30:00,02:40:17,2050.00,2050.00,0.00,2050.00,released,[synthetic] src: synthetic_0058.json,true
383,383,582,383,2026-11-20T16:00:00.000Z,2026-11-20T17:07:00.000Z,2026-11-21T05:06:14.817Z,2026-11-20T18:36:34.141Z,2026-11-21T02:02:51.296Z,2026-11-21T15:19:51.963Z,01:30:00,07:26:17,1400.00,1400.00,0.00,1400.00,released,[synthetic] src: synthetic_0059.json,true
384,384,583,384,2026-09-16T16:00:00.000Z,2026-09-17T15:45:00.000Z,2026-09-18T00:05:12.859Z,2026-09-17T16:55:10.002Z,2026-09-17T23:37:02.518Z,2026-09-18T15:56:43.956Z,02:15:00,06:41:53,1700.00,1700.00,0.00,1700.00,released,[synthetic] src: synthetic_0060.json,true
385,385,584,385,2026-10-24T16:00:00.000Z,2026-10-25T15:55:00.000Z,2026-10-26T01:54:50.108Z,2026-10-25T16:43:56.341Z,2026-10-26T00:30:22.269Z,2026-10-26T20:28:50.165Z,02:30:00,07:46:26,2650.00,2650.00,0.00,2650.00,released,[synthetic] src: synthetic_0061.json,true
386,386,585,386,2026-12-25T16:00:00.000Z,2026-12-26T12:18:00.000Z,2026-12-26T21:37:37.357Z,2026-12-26T13:10:33.749Z,2026-12-26T17:30:17.585Z,2026-12-27T14:27:57.503Z,03:30:00,04:19:44,3050.00,3050.00,0.00,3050.00,released,[synthetic] src: synthetic_0062.json,true
387,387,586,387,2026-04-07T16:00:00.000Z,2026-04-08T08:42:00.000Z,2026-04-08T17:15:17.547Z,2026-04-08T10:01:23.614Z,2026-04-08T17:42:58.200Z,2026-04-09T00:38:45.315Z,02:15:00,07:41:35,2200.00,2200.00,0.00,2200.00,released,[synthetic] src: synthetic_0063.json,true
388,388,587,388,2026-12-17T16:00:00.000Z,2026-12-18T08:58:00.000Z,2026-12-18T21:16:14.749Z,2026-12-18T10:09:08.310Z,2026-12-18T14:35:14.241Z,2026-12-19T12:41:55.056Z,03:30:00,04:26:06,3100.00,3100.00,0.00,3100.00,released,[synthetic] src: synthetic_0064.json,true
389,389,588,389,2026-09-04T16:00:00.000Z,2026-09-05T15:17:00.000Z,2026-09-06T02:09:04.013Z,2026-09-05T16:45:33.760Z,2026-09-05T22:48:41.875Z,2026-09-06T01:52:12.207Z,03:00:00,06:03:08,1800.00,1800.00,0.00,1800.00,released,[synthetic] src: synthetic_0065.json,true
390,390,589,390,2026-10-10T16:00:00.000Z,2026-10-10T17:00:00.000Z,2026-10-11T03:11:40.296Z,2026-10-10T17:54:57.707Z,2026-10-10T22:55:20.567Z,2026-10-11T02:45:18.007Z,01:30:00,05:00:23,1100.00,1100.00,0.00,1100.00,released,[synthetic] src: synthetic_0066.json,true
391,391,590,391,2026-09-15T16:00:00.000Z,2026-09-16T11:48:00.000Z,2026-09-16T22:26:48.042Z,2026-09-16T13:17:42.800Z,2026-09-16T15:33:50.641Z,2026-09-17T09:52:21.536Z,01:30:00,02:16:08,1100.00,1100.00,0.00,1100.00,released,[synthetic] src: synthetic_0067.json,true
392,392,591,392,2026-01-26T16:00:00.000Z,2026-01-27T11:37:00.000Z,2026-01-27T16:57:16.973Z,2026-01-27T12:22:00.935Z,2026-01-27T14:34:47.648Z,2026-01-28T09:47:55.996Z,03:30:00,02:12:47,3100.00,3100.00,0.00,3100.00,released,[synthetic] src: synthetic_0068.json,true
393,393,592,393,2026-09-05T16:00:00.000Z,2026-09-06T14:33:00.000Z,2026-09-06T20:28:04.886Z,2026-09-06T15:30:04.596Z,2026-09-06T19:03:28.285Z,2026-09-07T06:28:27.523Z,05:00:00,03:33:24,3900.00,3900.00,0.00,3900.00,released,[synthetic] src: synthetic_0069.json,true
394,394,593,394,2026-01-06T16:00:00.000Z,2026-01-07T10:32:00.000Z,2026-01-07T21:25:06.050Z,2026-01-07T11:53:41.409Z,2026-01-07T18:01:20.897Z,2026-01-08T10:21:48.410Z,03:30:00,06:07:39,2850.00,2850.00,0.00,2850.00,released,[synthetic] src: synthetic_0070.json,true
395,395,594,395,2026-08-25T16:00:00.000Z,2026-08-26T08:35:00.000Z,2026-08-26T21:11:08.366Z,2026-08-26T09:54:15.560Z,2026-08-26T12:01:29.986Z,2026-08-27T01:43:46.418Z,02:45:00,02:07:14,2600.00,2600.00,0.00,2600.00,released,[synthetic] src: synthetic_0071.json,true
396,396,595,396,2026-05-10T16:00:00.000Z,2026-05-11T08:13:00.000Z,2026-05-11T18:42:23.724Z,2026-05-11T09:24:17.826Z,2026-05-11T15:29:20.977Z,2026-05-12T14:52:40.884Z,05:15:00,06:05:03,4000.00,4000.00,0.00,4000.00,released,[synthetic] src: synthetic_0072.json,true
397,397,596,397,2026-12-07T16:00:00.000Z,2026-12-08T10:01:00.000Z,2026-12-08T21:06:55.083Z,2026-12-08T11:17:24.315Z,2026-12-08T14:00:02.510Z,2026-12-09T05:40:25.914Z,05:00:00,02:42:38,4600.00,4600.00,0.00,4600.00,released,[synthetic] src: synthetic_0073.json,true
398,398,597,398,2026-11-02T16:00:00.000Z,2026-11-03T08:48:00.000Z,2026-11-03T16:56:49.228Z,2026-11-03T10:10:38.913Z,2026-11-03T12:48:03.714Z,2026-11-04T05:34:41.871Z,07:00:00,02:37:25,5200.00,5200.00,0.00,5200.00,released,[synthetic] src: synthetic_0074.json,true
399,399,598,399,2026-05-11T16:00:00.000Z,2026-05-12T14:05:00.000Z,2026-05-12T23:50:38.334Z,2026-05-12T15:29:28.425Z,2026-05-12T19:34:14.929Z,2026-05-13T00:24:08.199Z,07:00:00,04:04:47,4600.00,4600.00,0.00,4600.00,released,[synthetic] src: synthetic_0075.json,true
400,400,599,400,2026-01-16T16:00:00.000Z,2026-01-17T11:13:00.000Z,2026-01-17T23:52:25.874Z,2026-01-17T12:14:16.904Z,2026-01-17T17:13:09.600Z,2026-01-18T05:42:30.014Z,04:30:00,04:58:53,3300.00,3300.00,0.00,3300.00,released,[synthetic] src: synthetic_0076.json,true
401,401,600,401,2026-02-26T16:00:00.000Z,2026-02-27T13:38:00.000Z,2026-02-27T23:32:59.567Z,2026-02-27T14:29:21.924Z,2026-02-27T22:10:13.834Z,2026-02-28T01:18:09.520Z,03:30:00,07:40:52,2550.00,2550.00,0.00,2550.00,released,[synthetic] src: synthetic_0077.json,true
402,402,601,402,2026-03-03T16:00:00.000Z,2026-03-04T09:11:00.000Z,2026-03-04T19:28:09.978Z,2026-03-04T10:29:40.703Z,2026-03-04T17:25:33.501Z,2026-03-05T12:09:59.455Z,02:15:00,06:55:53,1850.00,1850.00,0.00,1850.00,released,[synthetic] src: synthetic_0078.json,true
403,403,602,403,2026-05-11T16:00:00.000Z,2026-05-12T11:46:00.000Z,2026-05-12T18:34:34.406Z,2026-05-12T12:20:57.464Z,2026-05-12T17:54:43.859Z,2026-05-12T20:05:33.057Z,05:15:00,05:33:46,4100.00,4100.00,0.00,4100.00,released,[synthetic] src: synthetic_0079.json,true
404,404,603,404,2026-07-08T16:00:00.000Z,2026-07-09T13:07:00.000Z,2026-07-09T20:45:05.779Z,2026-07-09T14:08:32.939Z,2026-07-09T16:09:39.961Z,2026-07-10T02:06:52.548Z,03:30:00,02:01:07,3050.00,3050.00,0.00,3050.00,released,[synthetic] src: synthetic_0080.json,true
405,405,604,405,2026-10-17T16:00:00.000Z,2026-10-18T09:06:00.000Z,2026-10-18T18:57:52.259Z,2026-10-18T10:07:47.727Z,2026-10-18T16:18:41.509Z,2026-10-18T23:43:07.341Z,14:45:00,06:10:54,22150.00,22150.00,0.00,22150.00,released,[synthetic] src: synthetic_0081.json,true
406,406,605,406,2026-09-06T16:00:00.000Z,2026-09-07T15:22:00.000Z,2026-09-07T22:49:26.212Z,2026-09-07T16:21:50.828Z,2026-09-08T00:12:49.842Z,2026-09-08T11:17:23.463Z,07:00:00,07:50:59,5750.00,5750.00,0.00,5750.00,released,[synthetic] src: synthetic_0082.json,true
407,407,606,407,2026-05-06T16:00:00.000Z,2026-05-07T09:36:00.000Z,2026-05-07T19:53:07.567Z,2026-05-07T10:40:40.530Z,2026-05-07T14:54:28.482Z,2026-05-08T02:35:50.938Z,07:00:00,04:13:48,4550.00,4550.00,0.00,4550.00,released,[synthetic] src: synthetic_0083.json,true
408,408,607,408,2026-07-12T16:00:00.000Z,2026-07-13T10:31:00.000Z,2026-07-13T19:56:36.751Z,2026-07-13T11:17:00.516Z,2026-07-13T16:01:32.102Z,2026-07-13T22:57:52.432Z,04:15:00,04:44:32,4800.00,4800.00,0.00,4800.00,released,[synthetic] src: synthetic_0084.json,true
409,409,608,409,2026-08-25T16:00:00.000Z,2026-08-25T16:32:00.000Z,2026-08-26T04:34:47.690Z,2026-08-25T17:51:55.742Z,2026-08-25T23:20:21.351Z,2026-08-26T10:18:04.657Z,02:30:00,05:28:26,1950.00,1950.00,0.00,1950.00,released,[synthetic] src: synthetic_0085.json,true
410,410,609,410,2026-12-26T16:00:00.000Z,2026-12-26T17:44:00.000Z,2026-12-27T04:53:21.619Z,2026-12-26T19:09:04.685Z,2026-12-27T00:05:47.004Z,2026-12-27T22:47:46.807Z,03:00:00,04:56:42,2400.00,2400.00,0.00,2400.00,released,[synthetic] src: synthetic_0086.json,true
411,411,610,411,2026-12-04T16:00:00.000Z,2026-12-05T10:15:00.000Z,2026-12-05T20:11:31.501Z,2026-12-05T11:27:32.127Z,2026-12-05T15:56:24.120Z,2026-12-06T06:53:21.002Z,07:00:00,04:28:52,6050.00,6050.00,0.00,6050.00,released,[synthetic] src: synthetic_0087.json,true
412,412,611,412,2026-04-13T16:00:00.000Z,2026-04-14T15:17:00.000Z,2026-04-15T01:55:46.955Z,2026-04-14T16:00:00.397Z,2026-04-14T21:18:46.693Z,2026-04-15T17:29:51.717Z,01:30:00,05:18:46,1100.00,1100.00,0.00,1100.00,released,[synthetic] src: synthetic_0088.json,true
413,413,612,413,2026-11-11T16:00:00.000Z,2026-11-12T10:03:00.000Z,2026-11-12T16:43:13.799Z,2026-11-12T11:11:18.077Z,2026-11-12T15:41:17.112Z,2026-11-13T11:14:45.315Z,05:15:00,04:29:59,5150.00,5150.00,0.00,5150.00,released,[synthetic] src: synthetic_0089.json,true
414,414,613,414,2026-09-03T16:00:00.000Z,2026-09-03T17:00:00.000Z,2026-09-04T01:58:31.517Z,2026-09-03T17:38:23.000Z,2026-09-03T22:55:14.564Z,2026-09-04T07:14:51.697Z,07:00:00,05:16:52,4700.00,4700.00,0.00,4700.00,released,[synthetic] src: synthetic_0090.json,true
415,415,614,415,2026-11-27T16:00:00.000Z,2026-11-28T12:13:00.000Z,2026-11-28T23:21:36.395Z,2026-11-28T13:09:04.149Z,2026-11-28T17:17:49.892Z,2026-11-28T23:58:00.241Z,04:15:00,04:08:46,5000.00,5000.00,0.00,5000.00,released,[synthetic] src: synthetic_0091.json,true
416,416,615,416,2026-04-08T16:00:00.000Z,2026-04-09T08:59:00.000Z,2026-04-09T20:32:14.969Z,2026-04-09T09:45:16.922Z,2026-04-09T17:38:03.978Z,2026-04-10T12:03:57.609Z,07:00:00,07:52:47,5600.00,5600.00,0.00,5600.00,released,[synthetic] src: synthetic_0092.json,true
417,417,616,417,2026-07-02T16:00:00.000Z,2026-07-03T09:29:00.000Z,2026-07-03T16:51:58.529Z,2026-07-03T10:43:28.132Z,2026-07-03T15:09:21.302Z,2026-07-04T10:41:35.891Z,04:30:00,04:25:53,3750.00,3750.00,0.00,3750.00,released,[synthetic] src: synthetic_0093.json,true
418,418,617,418,2026-11-18T16:00:00.000Z,2026-11-19T09:31:00.000Z,2026-11-19T18:49:11.411Z,2026-11-19T10:21:52.445Z,2026-11-19T15:52:43.111Z,2026-11-20T08:31:57.094Z,05:00:00,05:30:51,2850.00,2850.00,0.00,2850.00,released,[synthetic] src: synthetic_0094.json,true
419,419,618,419,2026-06-23T16:00:00.000Z,2026-06-24T12:52:00.000Z,2026-06-25T00:52:16.362Z,2026-06-24T14:20:31.702Z,2026-06-24T20:24:59.436Z,2026-06-24T22:09:29.220Z,02:15:00,06:04:28,1550.00,1550.00,0.00,1550.00,released,[synthetic] src: synthetic_0095.json,true
420,420,619,420,2026-08-07T16:00:00.000Z,2026-08-08T13:37:00.000Z,2026-08-08T20:08:09.643Z,2026-08-08T14:50:06.753Z,2026-08-08T19:29:48.636Z,2026-08-09T17:04:34.835Z,04:30:00,04:39:42,3250.00,3250.00,0.00,3250.00,released,[synthetic] src: synthetic_0096.json,true
421,421,620,421,2026-06-22T16:00:00.000Z,2026-06-23T15:47:00.000Z,2026-06-24T03:28:42.644Z,2026-06-23T16:38:06.954Z,2026-06-23T19:55:38.669Z,2026-06-23T21:28:06.671Z,01:30:00,03:17:32,1250.00,1250.00,0.00,1250.00,released,[synthetic] src: synthetic_0097.json,true
422,422,621,422,2026-02-14T16:00:00.000Z,2026-02-14T16:22:00.000Z,2026-02-14T22:03:29.006Z,2026-02-14T16:53:39.175Z,2026-02-14T23:06:19.537Z,2026-02-15T09:59:27.333Z,01:30:00,06:12:40,1150.00,1150.00,0.00,1150.00,released,[synthetic] src: synthetic_0098.json,true
423,423,622,423,2026-06-30T16:00:00.000Z,2026-07-01T15:35:00.000Z,2026-07-02T00:05:44.348Z,2026-07-01T16:32:20.346Z,2026-07-01T20:00:17.080Z,2026-07-02T05:32:50.402Z,04:15:00,03:27:57,4300.00,4300.00,0.00,4300.00,released,[synthetic] src: synthetic_0099.json,true
424,424,623,424,2026-08-01T16:00:00.000Z,2026-08-02T08:10:00.000Z,2026-08-02T19:19:02.242Z,2026-08-02T08:59:20.648Z,2026-08-02T15:48:26.695Z,2026-08-03T00:52:10.875Z,02:15:00,06:49:06,1250.00,1250.00,0.00,1250.00,released,[synthetic] src: synthetic_0100.json,true
425,425,624,425,2026-08-17T16:00:00.000Z,2026-08-18T13:58:00.000Z,2026-08-18T20:19:50.198Z,2026-08-18T15:18:05.327Z,2026-08-18T18:42:17.197Z,2026-08-18T21:00:19.764Z,05:00:00,03:24:12,3500.00,3500.00,0.00,3500.00,released,[synthetic] src: synthetic_0101.json,true
426,426,625,426,2026-04-02T16:00:00.000Z,2026-04-02T17:54:00.000Z,2026-04-03T05:21:37.265Z,2026-04-02T18:29:44.435Z,2026-04-02T20:39:47.734Z,2026-04-03T04:16:21.388Z,02:30:00,02:10:03,2050.00,2050.00,0.00,2050.00,released,[synthetic] src: synthetic_0102.json,true
427,427,626,427,2026-03-06T16:00:00.000Z,2026-03-07T13:45:00.000Z,2026-03-07T23:12:00.494Z,2026-03-07T14:37:24.299Z,2026-03-07T19:00:39.076Z,2026-03-07T22:40:06.438Z,02:45:00,04:23:15,1950.00,1950.00,0.00,1950.00,released,[synthetic] src: synthetic_0103.json,true
428,428,627,428,2026-06-20T16:00:00.000Z,2026-06-21T10:45:00.000Z,2026-06-21T21:20:53.715Z,2026-06-21T11:55:32.637Z,2026-06-21T16:28:10.190Z,2026-06-22T05:34:19.675Z,03:45:00,04:32:38,3500.00,3500.00,0.00,3500.00,released,[synthetic] src: synthetic_0104.json,true
429,429,628,429,2026-06-07T16:00:00.000Z,2026-06-08T13:10:00.000Z,2026-06-09T01:38:39.014Z,2026-06-08T14:10:56.067Z,2026-06-08T19:18:23.903Z,2026-06-09T19:11:44.452Z,02:45:00,05:07:28,2200.00,2200.00,0.00,2200.00,released,[synthetic] src: synthetic_0105.json,true
430,430,629,430,2026-01-27T16:00:00.000Z,2026-01-28T12:01:00.000Z,2026-01-28T17:17:05.654Z,2026-01-28T13:12:20.207Z,2026-01-28T17:08:18.749Z,2026-01-29T16:16:38.317Z,05:00:00,03:55:59,4150.00,4150.00,0.00,4150.00,released,[synthetic] src: synthetic_0106.json,true
431,431,630,431,2026-01-03T16:00:00.000Z,2026-01-04T14:36:00.000Z,2026-01-04T21:56:22.331Z,2026-01-04T15:18:11.804Z,2026-01-04T19:17:46.829Z,2026-01-05T10:26:54.157Z,02:15:00,03:59:35,1350.00,1350.00,0.00,1350.00,released,[synthetic] src: synthetic_0107.json,true
432,432,631,432,2026-08-08T16:00:00.000Z,2026-08-09T15:16:00.000Z,2026-08-09T23:02:05.792Z,2026-08-09T16:22:15.191Z,2026-08-09T19:18:33.612Z,2026-08-10T01:53:32.689Z,02:30:00,02:56:18,2250.00,2250.00,0.00,2250.00,released,[synthetic] src: synthetic_0108.json,true
433,433,632,433,2026-01-23T16:00:00.000Z,2026-01-23T16:36:00.000Z,2026-01-24T03:21:01.817Z,2026-01-23T17:12:00.036Z,2026-01-24T00:09:42.255Z,2026-01-24T06:27:36.746Z,01:30:00,06:57:42,1150.00,1150.00,0.00,1150.00,released,[synthetic] src: synthetic_0109.json,true
434,434,633,434,2026-07-16T16:00:00.000Z,2026-07-17T09:26:00.000Z,2026-07-17T14:24:07.440Z,2026-07-17T10:20:42.184Z,2026-07-17T14:27:33.994Z,2026-07-17T18:09:29.389Z,02:45:00,04:06:52,2650.00,2650.00,0.00,2650.00,released,[synthetic] src: synthetic_0110.json,true
435,435,634,435,2026-04-22T16:00:00.000Z,2026-04-23T08:47:00.000Z,2026-04-23T15:03:03.474Z,2026-04-23T09:39:54.522Z,2026-04-23T12:18:42.530Z,2026-04-24T11:12:33.417Z,04:30:00,02:38:48,3050.00,3050.00,0.00,3050.00,released,[synthetic] src: synthetic_0111.json,true
436,436,635,436,2026-01-27T16:00:00.000Z,2026-01-27T16:50:00.000Z,2026-01-27T22:26:22.620Z,2026-01-27T17:42:21.606Z,2026-01-28T00:58:51.960Z,2026-01-28T21:47:48.568Z,03:15:00,07:16:30,3050.00,3050.00,0.00,3050.00,released,[synthetic] src: synthetic_0112.json,true
437,437,636,437,2026-09-18T16:00:00.000Z,2026-09-19T13:22:00.000Z,2026-09-19T21:13:43.011Z,2026-09-19T14:41:58.518Z,2026-09-19T21:26:13.558Z,2026-09-20T04:40:08.385Z,05:15:00,06:44:15,4000.00,4000.00,0.00,4000.00,released,[synthetic] src: synthetic_0113.json,true
438,438,637,438,2026-03-15T16:00:00.000Z,2026-03-16T10:38:00.000Z,2026-03-16T18:18:37.841Z,2026-03-16T11:46:09.375Z,2026-03-16T14:38:15.278Z,2026-03-17T03:06:44.419Z,03:45:00,02:52:06,3000.00,3000.00,0.00,3000.00,released,[synthetic] src: synthetic_0114.json,true
439,439,638,439,2026-08-03T16:00:00.000Z,2026-08-04T09:21:00.000Z,2026-08-04T16:54:38.151Z,2026-08-04T10:15:55.336Z,2026-08-04T15:21:08.129Z,2026-08-05T09:53:52.055Z,04:30:00,05:05:13,4200.00,4200.00,0.00,4200.00,released,[synthetic] src: synthetic_0115.json,true
440,440,639,440,2026-11-17T16:00:00.000Z,2026-11-18T15:58:00.000Z,2026-11-19T01:49:03.090Z,2026-11-18T17:05:52.338Z,2026-11-19T00:58:10.186Z,2026-11-19T07:30:32.982Z,01:30:00,07:52:18,1450.00,1450.00,0.00,1450.00,released,[synthetic] src: synthetic_0116.json,true
441,441,640,441,2026-10-19T16:00:00.000Z,2026-10-19T17:04:00.000Z,2026-10-20T03:02:55.247Z,2026-10-19T18:33:42.926Z,2026-10-20T00:45:48.303Z,2026-10-20T14:21:43.895Z,04:15:00,06:12:05,5050.00,5050.00,0.00,5050.00,released,[synthetic] src: synthetic_0117.json,true
442,442,641,442,2026-03-20T16:00:00.000Z,2026-03-21T13:40:00.000Z,2026-03-21T19:11:53.917Z,2026-03-21T14:15:35.305Z,2026-03-21T17:15:19.423Z,2026-03-22T04:56:47.067Z,01:30:00,02:59:44,1200.00,1200.00,0.00,1200.00,released,[synthetic] src: synthetic_0118.json,true
443,443,642,443,2026-04-23T16:00:00.000Z,2026-04-24T11:44:00.000Z,2026-04-24T21:23:21.548Z,2026-04-24T12:49:11.873Z,2026-04-24T16:46:51.323Z,2026-04-25T08:46:49.734Z,01:30:00,03:57:39,1150.00,1150.00,0.00,1150.00,released,[synthetic] src: synthetic_0119.json,true
444,444,643,444,2026-01-12T16:00:00.000Z,2026-01-13T11:14:00.000Z,2026-01-13T18:56:44.232Z,2026-01-13T12:41:40.484Z,2026-01-13T15:33:45.067Z,2026-01-14T08:18:23.969Z,01:30:00,02:52:05,1050.00,1050.00,0.00,1050.00,released,[synthetic] src: synthetic_0120.json,true
445,445,644,445,2026-09-21T16:00:00.000Z,2026-09-22T12:39:00.000Z,2026-09-23T01:12:04.716Z,2026-09-22T13:33:02.299Z,2026-09-22T19:30:06.780Z,2026-09-23T16:16:44.970Z,05:00:00,05:57:04,3450.00,3450.00,0.00,3450.00,released,[synthetic] src: synthetic_0121.json,true
446,446,645,446,2026-02-05T16:00:00.000Z,2026-02-05T16:04:00.000Z,2026-02-05T21:00:29.771Z,2026-02-05T16:55:53.689Z,2026-02-05T19:51:56.251Z,2026-02-06T17:08:39.302Z,03:45:00,02:56:03,3050.00,3050.00,0.00,3050.00,released,[synthetic] src: synthetic_0122.json,true
447,447,646,447,2026-08-12T16:00:00.000Z,2026-08-12T17:17:00.000Z,2026-08-13T00:35:13.921Z,2026-08-12T18:18:34.457Z,2026-08-13T00:35:21.316Z,2026-08-13T21:47:43.087Z,03:30:00,06:16:47,3000.00,3000.00,0.00,3000.00,released,[synthetic] src: synthetic_0123.json,true
448,448,647,448,2026-10-25T16:00:00.000Z,2026-10-26T15:11:00.000Z,2026-10-26T21:47:14.978Z,2026-10-26T16:09:07.619Z,2026-10-26T19:37:47.495Z,2026-10-27T14:02:14.522Z,03:45:00,03:28:40,3100.00,3100.00,0.00,3100.00,released,[synthetic] src: synthetic_0124.json,true
449,449,648,449,2026-06-15T16:00:00.000Z,2026-06-16T14:09:00.000Z,2026-06-16T18:47:53.525Z,2026-06-16T14:39:49.588Z,2026-06-16T21:56:14.067Z,2026-06-17T16:20:19.918Z,01:30:00,07:16:24,1500.00,1500.00,0.00,1500.00,released,[synthetic] src: synthetic_0125.json,true
450,450,649,450,2026-06-14T16:00:00.000Z,2026-06-15T13:52:00.000Z,2026-06-15T23:38:44.987Z,2026-06-15T14:44:26.926Z,2026-06-15T21:55:00.267Z,2026-06-16T17:03:27.401Z,14:45:00,07:10:33,16500.00,16500.00,0.00,16500.00,released,[synthetic] src: synthetic_0126.json,true
451,451,650,451,2026-02-06T16:00:00.000Z,2026-02-07T14:13:00.000Z,2026-02-08T00:35:32.427Z,2026-02-07T15:39:03.205Z,2026-02-07T22:03:04.604Z,2026-02-08T15:11:13.121Z,02:15:00,06:24:01,1750.00,1750.00,0.00,1750.00,released,[synthetic] src: synthetic_0127.json,true
452,452,651,452,2026-07-16T16:00:00.000Z,2026-07-17T14:38:00.000Z,2026-07-18T01:26:32.864Z,2026-07-17T15:12:57.837Z,2026-07-17T20:03:57.081Z,2026-07-18T14:12:09.495Z,07:00:00,04:50:59,4550.00,4550.00,0.00,4550.00,released,[synthetic] src: synthetic_0128.json,true
453,453,652,453,2026-09-16T16:00:00.000Z,2026-09-17T13:45:00.000Z,2026-09-17T18:43:30.227Z,2026-09-17T14:20:08.071Z,2026-09-17T19:14:51.140Z,2026-09-18T12:17:51.814Z,03:15:00,04:54:43,2450.00,2450.00,0.00,2450.00,released,[synthetic] src: synthetic_0129.json,true
454,454,653,454,2026-08-11T16:00:00.000Z,2026-08-12T09:39:00.000Z,2026-08-12T21:10:23.420Z,2026-08-12T10:15:06.661Z,2026-08-12T15:32:52.493Z,2026-08-12T23:31:33.235Z,02:15:00,05:17:46,1800.00,1800.00,0.00,1800.00,released,[synthetic] src: synthetic_0130.json,true
455,455,654,455,2026-05-17T16:00:00.000Z,2026-05-18T10:10:00.000Z,2026-05-18T19:30:14.710Z,2026-05-18T10:54:23.545Z,2026-05-18T17:05:13.751Z,2026-05-19T00:39:28.787Z,07:00:00,06:10:50,5100.00,5100.00,0.00,5100.00,released,[synthetic] src: synthetic_0131.json,true
456,456,655,456,2026-10-25T16:00:00.000Z,2026-10-25T16:30:00.000Z,2026-10-26T02:19:37.770Z,2026-10-25T17:34:56.138Z,2026-10-26T01:34:06.387Z,2026-10-26T12:50:06.801Z,02:15:00,07:59:10,1400.00,1400.00,0.00,1400.00,released,[synthetic] src: synthetic_0132.json,true
457,457,656,457,2026-03-04T16:00:00.000Z,2026-03-04T16:34:00.000Z,2026-03-05T00:05:16.147Z,2026-03-04T17:38:55.567Z,2026-03-05T00:17:18.345Z,2026-03-05T02:25:07.898Z,05:00:00,06:38:23,4450.00,4450.00,0.00,4450.00,released,[synthetic] src: synthetic_0133.json,true
458,458,657,458,2026-07-12T16:00:00.000Z,2026-07-13T13:01:00.000Z,2026-07-14T00:17:45.580Z,2026-07-13T14:25:00.875Z,2026-07-13T21:51:07.783Z,2026-07-14T08:29:47.304Z,05:00:00,07:26:07,4050.00,4050.00,0.00,4050.00,released,[synthetic] src: synthetic_0134.json,true
459,459,658,459,2026-11-09T16:00:00.000Z,2026-11-10T10:19:00.000Z,2026-11-10T18:15:06.801Z,2026-11-10T11:06:24.782Z,2026-11-10T14:30:38.055Z,2026-11-10T17:44:55.638Z,01:30:00,03:24:13,1200.00,1200.00,0.00,1200.00,released,[synthetic] src: synthetic_0135.json,true
460,460,659,460,2026-08-18T16:00:00.000Z,2026-08-18T16:04:00.000Z,2026-08-19T01:11:57.485Z,2026-08-18T17:20:33.817Z,2026-08-18T19:48:30.013Z,2026-08-18T20:52:42.598Z,04:30:00,02:27:56,3100.00,3100.00,0.00,3100.00,released,[synthetic] src: synthetic_0136.json,true
461,461,660,461,2026-12-21T16:00:00.000Z,2026-12-22T13:56:00.000Z,2026-12-23T02:29:51.575Z,2026-12-22T14:47:43.532Z,2026-12-22T20:46:54.875Z,2026-12-23T03:42:31.916Z,01:30:00,05:59:11,1150.00,1150.00,0.00,1150.00,released,[synthetic] src: synthetic_0137.json,true
462,462,661,462,2026-08-17T16:00:00.000Z,2026-08-18T10:23:00.000Z,2026-08-18T20:24:32.090Z,2026-08-18T11:15:57.370Z,2026-08-18T16:52:19.535Z,2026-08-18T19:01:50.504Z,03:00:00,05:36:22,2000.00,2000.00,0.00,2000.00,released,[synthetic] src: synthetic_0138.json,true
463,463,662,463,2026-01-11T16:00:00.000Z,2026-01-12T11:48:00.000Z,2026-01-12T21:19:50.290Z,2026-01-12T12:20:06.234Z,2026-01-12T18:22:10.069Z,2026-01-13T05:46:45.495Z,07:00:00,06:02:04,4350.00,4350.00,0.00,4350.00,released,[synthetic] src: synthetic_0139.json,true
464,464,663,464,2026-02-27T16:00:00.000Z,2026-02-27T16:16:00.000Z,2026-02-27T23:57:23.509Z,2026-02-27T17:35:02.015Z,2026-02-28T01:32:14.089Z,2026-02-28T19:59:42.777Z,04:15:00,07:57:12,4700.00,4700.00,0.00,4700.00,released,[synthetic] src: synthetic_0140.json,true
465,465,664,465,2026-01-13T16:00:00.000Z,2026-01-14T11:02:00.000Z,2026-01-14T23:31:41.520Z,2026-01-14T11:37:03.235Z,2026-01-14T17:40:42.909Z,2026-01-15T11:29:53.166Z,02:15:00,06:03:40,1750.00,1750.00,0.00,1750.00,released,[synthetic] src: synthetic_0141.json,true
466,466,665,466,2026-12-05T16:00:00.000Z,2026-12-06T13:59:00.000Z,2026-12-07T01:27:39.103Z,2026-12-06T15:22:22.724Z,2026-12-06T19:33:05.654Z,2026-12-07T13:20:36.693Z,01:30:00,04:10:43,1250.00,1250.00,0.00,1250.00,released,[synthetic] src: synthetic_0142.json,true
467,467,666,467,2026-12-02T16:00:00.000Z,2026-12-02T16:27:00.000Z,2026-12-03T00:17:48.558Z,2026-12-02T17:07:54.070Z,2026-12-02T21:49:13.203Z,2026-12-03T09:16:54.327Z,02:30:00,04:41:19,2350.00,2350.00,0.00,2350.00,released,[synthetic] src: synthetic_0143.json,true
468,468,667,468,2026-06-25T16:00:00.000Z,2026-06-26T14:23:00.000Z,2026-06-26T23:20:19.309Z,2026-06-26T14:57:22.486Z,2026-06-26T18:41:39.766Z,2026-06-26T20:55:45.347Z,03:45:00,03:44:17,3100.00,3100.00,0.00,3100.00,released,[synthetic] src: synthetic_0144.json,true
469,469,668,469,2026-02-21T16:00:00.000Z,2026-02-22T11:28:00.000Z,2026-02-22T16:35:23.395Z,2026-02-22T12:22:34.726Z,2026-02-22T17:04:52.106Z,2026-02-22T23:20:53.719Z,05:15:00,04:42:17,4600.00,4600.00,0.00,4600.00,released,[synthetic] src: synthetic_0145.json,true
470,470,669,470,2026-01-14T16:00:00.000Z,2026-01-15T11:54:00.000Z,2026-01-15T20:07:52.902Z,2026-01-15T13:16:16.842Z,2026-01-15T18:42:56.628Z,2026-01-15T21:09:34.481Z,01:30:00,05:26:40,1200.00,1200.00,0.00,1200.00,released,[synthetic] src: synthetic_0146.json,true
471,471,670,471,2026-10-17T16:00:00.000Z,2026-10-18T13:22:00.000Z,2026-10-18T21:59:31.289Z,2026-10-18T14:10:31.041Z,2026-10-18T21:06:46.091Z,2026-10-19T19:55:37.318Z,01:30:00,06:56:15,1150.00,1150.00,0.00,1150.00,released,[synthetic] src: synthetic_0147.json,true
472,472,671,472,2026-01-27T16:00:00.000Z,2026-01-28T15:07:00.000Z,2026-01-28T23:27:34.021Z,2026-01-28T16:19:06.805Z,2026-01-28T18:57:44.005Z,2026-01-28T22:44:40.526Z,05:15:00,02:38:37,4550.00,4550.00,0.00,4550.00,released,[synthetic] src: synthetic_0148.json,true
473,473,672,473,2026-12-15T16:00:00.000Z,2026-12-16T11:15:00.000Z,2026-12-16T22:21:37.509Z,2026-12-16T12:23:09.066Z,2026-12-16T15:18:09.705Z,2026-12-17T11:06:18.145Z,03:45:00,02:55:01,3700.00,3700.00,0.00,3700.00,released,[synthetic] src: synthetic_0149.json,true
474,474,673,474,2026-05-18T16:00:00.000Z,2026-05-19T15:11:00.000Z,2026-05-19T22:46:12.864Z,2026-05-19T15:52:38.270Z,2026-05-19T23:08:28.584Z,2026-05-20T05:28:06.557Z,01:30:00,07:15:50,1300.00,1300.00,0.00,1300.00,released,[synthetic] src: synthetic_0150.json,true
475,475,674,475,2026-03-09T16:00:00.000Z,2026-03-09T16:16:00.000Z,2026-03-10T03:28:11.407Z,2026-03-09T17:11:20.989Z,2026-03-09T19:37:17.000Z,2026-03-09T21:20:25.096Z,02:15:00,02:25:56,1550.00,1550.00,0.00,1550.00,released,[synthetic] src: synthetic_0151.json,true
476,476,675,476,2026-11-28T16:00:00.000Z,2026-11-28T16:34:00.000Z,2026-11-29T04:03:05.847Z,2026-11-28T18:00:59.966Z,2026-11-28T22:00:06.561Z,2026-11-29T02:00:31.121Z,03:15:00,03:59:07,2600.00,2600.00,0.00,2600.00,released,[synthetic] src: synthetic_0152.json,true
477,477,676,477,2026-12-15T16:00:00.000Z,2026-12-16T15:56:00.000Z,2026-12-16T23:15:10.614Z,2026-12-16T16:44:19.702Z,2026-12-16T21:54:04.650Z,2026-12-17T19:23:42.899Z,01:30:00,05:09:45,950.00,950.00,0.00,950.00,released,[synthetic] src: synthetic_0153.json,true
478,478,677,478,2026-02-28T16:00:00.000Z,2026-03-01T11:42:00.000Z,2026-03-01T23:10:25.341Z,2026-03-01T12:17:06.070Z,2026-03-01T18:53:30.928Z,2026-03-02T04:51:32.095Z,02:15:00,06:36:25,2050.00,2050.00,0.00,2050.00,released,[synthetic] src: synthetic_0154.json,true
479,479,678,479,2026-05-18T16:00:00.000Z,2026-05-18T16:28:00.000Z,2026-05-18T22:56:57.367Z,2026-05-18T17:41:37.670Z,2026-05-18T20:47:14.315Z,2026-05-19T07:06:06.338Z,07:00:00,03:05:37,4800.00,4800.00,0.00,4800.00,released,[synthetic] src: synthetic_0155.json,true
480,480,679,480,2026-05-14T16:00:00.000Z,2026-05-14T17:14:00.000Z,2026-05-15T01:32:46.764Z,2026-05-14T18:10:49.299Z,2026-05-14T23:01:06.704Z,2026-05-15T15:47:20.533Z,01:30:00,04:50:17,1300.00,1300.00,0.00,1300.00,released,[synthetic] src: synthetic_0156.json,true
481,481,680,481,2026-12-09T16:00:00.000Z,2026-12-09T17:31:00.000Z,2026-12-10T03:37:29.866Z,2026-12-09T18:56:33.600Z,2026-12-09T22:29:04.672Z,2026-12-10T15:54:54.766Z,01:30:00,03:32:31,1150.00,1150.00,0.00,1150.00,released,[synthetic] src: synthetic_0157.json,true
482,482,681,482,2026-07-08T16:00:00.000Z,2026-07-09T08:07:00.000Z,2026-07-09T16:45:49.200Z,2026-07-09T08:53:40.931Z,2026-07-09T15:24:29.126Z,2026-07-10T10:02:10.797Z,01:30:00,06:30:48,1050.00,1050.00,0.00,1050.00,released,[synthetic] src: synthetic_0158.json,true
483,483,682,483,2026-04-21T16:00:00.000Z,2026-04-22T09:15:00.000Z,2026-04-22T16:18:55.431Z,2026-04-22T10:29:03.435Z,2026-04-22T17:41:48.632Z,2026-04-23T15:36:49.838Z,03:00:00,07:12:45,2900.00,2900.00,0.00,2900.00,released,[synthetic] src: synthetic_0159.json,true
484,484,683,484,2026-11-25T16:00:00.000Z,2026-11-26T13:51:00.000Z,2026-11-26T20:06:35.261Z,2026-11-26T15:08:04.841Z,2026-11-26T19:29:17.337Z,2026-11-27T04:50:32.927Z,02:30:00,04:21:12,2550.00,2550.00,0.00,2550.00,released,[synthetic] src: synthetic_0160.json,true
485,485,684,485,2026-04-19T16:00:00.000Z,2026-04-20T13:46:00.000Z,2026-04-20T20:45:11.229Z,2026-04-20T14:29:44.017Z,2026-04-20T18:48:04.784Z,2026-04-20T21:34:25.965Z,07:00:00,04:18:21,4850.00,4850.00,0.00,4850.00,released,[synthetic] src: synthetic_0161.json,true
486,486,685,486,2026-10-22T16:00:00.000Z,2026-10-23T12:03:00.000Z,2026-10-23T18:54:28.511Z,2026-10-23T12:55:55.170Z,2026-10-23T18:10:19.591Z,2026-10-24T04:16:12.677Z,02:15:00,05:14:24,1750.00,1750.00,0.00,1750.00,released,[synthetic] src: synthetic_0162.json,true
487,487,686,487,2026-11-18T16:00:00.000Z,2026-11-19T10:35:00.000Z,2026-11-19T22:54:00.099Z,2026-11-19T11:42:44.109Z,2026-11-19T16:25:47.327Z,2026-11-19T17:33:57.870Z,01:30:00,04:43:03,1150.00,1150.00,0.00,1150.00,released,[synthetic] src: synthetic_0163.json,true
488,488,687,488,2026-06-24T16:00:00.000Z,2026-06-24T17:15:00.000Z,2026-06-25T00:16:07.394Z,2026-06-24T18:24:42.497Z,2026-06-24T23:03:31.125Z,2026-06-25T17:36:21.180Z,01:30:00,04:38:49,1200.00,1200.00,0.00,1200.00,released,[synthetic] src: synthetic_0164.json,true
489,489,688,489,2026-05-04T16:00:00.000Z,2026-05-05T13:56:00.000Z,2026-05-05T21:19:02.539Z,2026-05-05T15:22:34.340Z,2026-05-05T18:21:56.871Z,2026-05-06T14:44:32.572Z,05:00:00,02:59:23,3900.00,3900.00,0.00,3900.00,released,[synthetic] src: synthetic_0165.json,true
490,490,689,490,2026-02-13T16:00:00.000Z,2026-02-14T11:47:00.000Z,2026-02-15T00:12:26.902Z,2026-02-14T13:04:20.325Z,2026-02-14T19:21:30.680Z,2026-02-15T04:01:51.955Z,03:45:00,06:17:10,3250.00,3250.00,0.00,3250.00,released,[synthetic] src: synthetic_0166.json,true
491,491,690,491,2026-03-12T16:00:00.000Z,2026-03-13T10:21:00.000Z,2026-03-13T20:05:56.182Z,2026-03-13T10:58:21.665Z,2026-03-13T18:26:46.338Z,2026-03-14T08:23:43.637Z,03:45:00,07:28:25,3200.00,3200.00,0.00,3200.00,released,[synthetic] src: synthetic_0167.json,true
492,492,691,492,2026-04-30T16:00:00.000Z,2026-05-01T10:22:00.000Z,2026-05-01T22:21:12.752Z,2026-05-01T11:38:02.123Z,2026-05-01T18:16:48.355Z,2026-05-02T09:24:04.794Z,02:30:00,06:38:46,2300.00,2300.00,0.00,2300.00,released,[synthetic] src: synthetic_0168.json,true
493,493,692,493,2026-12-22T16:00:00.000Z,2026-12-23T08:24:00.000Z,2026-12-23T18:41:21.041Z,2026-12-23T09:12:10.457Z,2026-12-23T12:11:14.782Z,2026-12-23T15:01:39.293Z,02:30:00,02:59:04,2300.00,2300.00,0.00,2300.00,released,[synthetic] src: synthetic_0169.json,true
494,494,693,494,2026-09-14T16:00:00.000Z,2026-09-15T08:02:00.000Z,2026-09-15T18:25:21.692Z,2026-09-15T09:17:55.963Z,2026-09-15T12:05:41.292Z,2026-09-16T04:33:33.606Z,02:30:00,02:47:45,2150.00,2150.00,0.00,2150.00,released,[synthetic] src: synthetic_0170.json,true
495,495,694,495,2026-07-10T16:00:00.000Z,2026-07-11T10:05:00.000Z,2026-07-11T21:04:01.394Z,2026-07-11T11:04:09.384Z,2026-07-11T17:43:28.034Z,2026-07-12T08:40:36.937Z,04:15:00,06:39:19,4250.00,4250.00,0.00,4250.00,released,[synthetic] src: synthetic_0171.json,true
496,496,695,496,2026-03-03T16:00:00.000Z,2026-03-04T13:53:00.000Z,2026-03-04T22:37:06.064Z,2026-03-04T14:28:41.106Z,2026-03-04T17:53:08.696Z,2026-03-04T19:33:44.635Z,03:30:00,03:24:28,3000.00,3000.00,0.00,3000.00,released,[synthetic] src: synthetic_0172.json,true
497,497,696,497,2026-12-15T16:00:00.000Z,2026-12-16T13:11:00.000Z,2026-12-17T02:04:21.313Z,2026-12-16T14:06:13.604Z,2026-12-16T17:26:22.676Z,2026-12-16T23:54:50.090Z,02:15:00,03:20:09,2000.00,2000.00,0.00,2000.00,released,[synthetic] src: synthetic_0173.json,true
498,498,697,498,2026-10-19T16:00:00.000Z,2026-10-19T16:33:00.000Z,2026-10-19T23:42:13.519Z,2026-10-19T17:23:42.964Z,2026-10-19T22:29:34.978Z,2026-10-20T09:49:20.328Z,02:30:00,05:05:52,2700.00,2700.00,0.00,2700.00,released,[synthetic] src: synthetic_0174.json,true
499,499,698,499,2026-11-14T16:00:00.000Z,2026-11-15T15:05:00.000Z,2026-11-16T00:17:05.195Z,2026-11-15T15:49:48.331Z,2026-11-15T22:11:06.322Z,2026-11-16T04:57:22.530Z,01:30:00,06:21:18,1500.00,1500.00,0.00,1500.00,released,[synthetic] src: synthetic_0175.json,true
500,500,699,500,2026-05-02T16:00:00.000Z,2026-05-03T13:44:00.000Z,2026-05-04T00:22:45.926Z,2026-05-03T15:06:59.953Z,2026-05-03T18:23:51.414Z,2026-05-04T00:30:06.350Z,03:00:00,03:16:51,2850.00,2850.00,0.00,2850.00,released,[synthetic] src: synthetic_0176.json,true
501,501,200,1,2026-01-07T16:00:00.000Z,2026-01-07T17:48:00.000Z,2026-01-08T03:55:50.475Z,2026-01-07T18:53:01.258Z,2026-01-08T00:02:11.282Z,2026-01-08T16:48:16.099Z,07:00:00,05:09:10,5450.00,5450.00,0.00,5450.00,released,[synthetic] src: synthetic_0177.json,true
502,502,201,2,2026-10-22T16:00:00.000Z,2026-10-22T17:19:00.000Z,2026-10-22T23:32:52.215Z,2026-10-22T18:45:31.973Z,2026-10-22T23:17:18.696Z,2026-10-23T17:39:32.232Z,03:00:00,04:31:47,1600.00,1600.00,0.00,1600.00,released,[synthetic] src: synthetic_0178.json,true
503,503,202,3,2026-12-06T16:00:00.000Z,2026-12-07T11:39:00.000Z,2026-12-07T21:45:22.400Z,2026-12-07T12:49:39.596Z,2026-12-07T20:18:49.940Z,2026-12-08T19:21:10.592Z,01:30:00,07:29:10,1050.00,1050.00,0.00,1050.00,released,[synthetic] src: synthetic_0179.json,true
504,504,203,4,2026-09-16T16:00:00.000Z,2026-09-17T13:49:00.000Z,2026-09-17T21:37:36.753Z,2026-09-17T15:14:49.145Z,2026-09-17T20:47:11.810Z,2026-09-18T03:09:48.018Z,14:00:00,05:32:23,11800.00,11800.00,0.00,11800.00,released,[synthetic] src: synthetic_0180.json,true
505,505,204,5,2026-07-14T16:00:00.000Z,2026-07-15T08:53:00.000Z,2026-07-15T16:31:57.279Z,2026-07-15T10:22:58.217Z,2026-07-15T17:00:32.278Z,2026-07-16T12:49:56.115Z,02:15:00,06:37:34,1550.00,1550.00,0.00,1550.00,released,[synthetic] src: synthetic_0181.json,true
506,506,205,6,2026-08-11T16:00:00.000Z,2026-08-12T12:13:00.000Z,2026-08-12T18:33:21.379Z,2026-08-12T12:53:33.036Z,2026-08-12T15:12:11.022Z,2026-08-13T08:36:29.118Z,05:00:00,02:18:38,3100.00,3100.00,0.00,3100.00,released,[synthetic] src: synthetic_0182.json,true
507,507,206,7,2026-10-27T16:00:00.000Z,2026-10-28T09:21:00.000Z,2026-10-28T21:16:02.791Z,2026-10-28T10:04:19.423Z,2026-10-28T12:55:39.206Z,2026-10-28T16:04:46.387Z,04:15:00,02:51:20,3900.00,3900.00,0.00,3900.00,released,[synthetic] src: synthetic_0183.json,true
508,508,207,8,2026-05-23T16:00:00.000Z,2026-05-23T17:15:00.000Z,2026-05-23T22:10:42.040Z,2026-05-23T18:05:21.595Z,2026-05-23T21:48:44.303Z,2026-05-24T16:12:33.717Z,04:30:00,03:43:23,3450.00,3450.00,0.00,3450.00,released,[synthetic] src: synthetic_0184.json,true
509,509,208,9,2026-10-04T16:00:00.000Z,2026-10-05T12:58:00.000Z,2026-10-05T20:44:35.510Z,2026-10-05T13:45:58.340Z,2026-10-05T19:03:53.144Z,2026-10-06T13:39:51.735Z,02:45:00,05:17:55,1600.00,1600.00,0.00,1600.00,released,[synthetic] src: synthetic_0185.json,true
510,510,209,10,2026-07-14T16:00:00.000Z,2026-07-14T17:50:00.000Z,2026-07-14T23:57:11.238Z,2026-07-14T18:56:43.785Z,2026-07-15T00:34:16.476Z,2026-07-15T19:57:48.911Z,03:30:00,05:37:33,2650.00,2650.00,0.00,2650.00,released,[synthetic] src: synthetic_0186.json,true
511,511,210,11,2026-02-28T16:00:00.000Z,2026-03-01T10:28:00.000Z,2026-03-01T23:02:31.907Z,2026-03-01T11:44:40.778Z,2026-03-01T18:45:43.138Z,2026-03-02T13:08:30.239Z,01:30:00,07:01:02,1350.00,1350.00,0.00,1350.00,released,[synthetic] src: synthetic_0187.json,true
512,512,211,12,2026-06-17T16:00:00.000Z,2026-06-18T09:55:00.000Z,2026-06-18T21:58:57.644Z,2026-06-18T11:24:52.308Z,2026-06-18T18:30:52.668Z,2026-06-19T04:38:57.068Z,05:15:00,07:06:00,4200.00,4200.00,0.00,4200.00,released,[synthetic] src: synthetic_0188.json,true
513,513,212,13,2026-02-04T16:00:00.000Z,2026-02-05T10:41:00.000Z,2026-02-05T18:16:38.695Z,2026-02-05T11:59:06.805Z,2026-02-05T18:24:14.715Z,2026-02-06T06:57:07.251Z,02:15:00,06:25:08,1850.00,1850.00,0.00,1850.00,released,[synthetic] src: synthetic_0189.json,true
514,514,213,14,2026-12-15T16:00:00.000Z,2026-12-16T13:07:00.000Z,2026-12-16T23:14:00.870Z,2026-12-16T14:18:41.034Z,2026-12-16T17:34:08.977Z,2026-12-17T00:06:35.359Z,03:00:00,03:15:28,2500.00,2500.00,0.00,2500.00,released,[synthetic] src: synthetic_0190.json,true
515,515,214,15,2026-12-19T16:00:00.000Z,2026-12-20T12:46:00.000Z,2026-12-20T20:48:08.868Z,2026-12-20T14:09:12.472Z,2026-12-20T20:39:28.647Z,2026-12-21T05:14:05.474Z,05:00:00,06:30:16,4300.00,4300.00,0.00,4300.00,released,[synthetic] src: synthetic_0191.json,true
516,516,215,16,2026-12-25T16:00:00.000Z,2026-12-26T11:31:00.000Z,2026-12-26T18:31:58.361Z,2026-12-26T12:15:40.206Z,2026-12-26T18:21:37.540Z,2026-12-27T04:49:59.102Z,05:00:00,06:05:57,3800.00,3800.00,0.00,3800.00,released,[synthetic] src: synthetic_0192.json,true
517,517,216,17,2026-05-15T16:00:00.000Z,2026-05-16T10:33:00.000Z,2026-05-16T17:52:18.042Z,2026-05-16T11:50:47.890Z,2026-05-16T19:30:32.647Z,2026-05-17T06:52:18.630Z,01:30:00,07:39:45,1450.00,1450.00,0.00,1450.00,released,[synthetic] src: synthetic_0193.json,true
518,518,217,18,2026-01-31T16:00:00.000Z,2026-02-01T08:26:00.000Z,2026-02-01T13:56:35.234Z,2026-02-01T09:41:07.409Z,2026-02-01T12:35:22.109Z,2026-02-02T10:52:53.292Z,02:45:00,02:54:15,2950.00,2950.00,0.00,2950.00,released,[synthetic] src: synthetic_0194.json,true
519,519,218,19,2026-07-08T16:00:00.000Z,2026-07-09T13:16:00.000Z,2026-07-09T20:30:21.626Z,2026-07-09T13:52:47.647Z,2026-07-09T16:50:27.209Z,2026-07-10T00:13:09.459Z,03:15:00,02:57:40,2400.00,2400.00,0.00,2400.00,released,[synthetic] src: synthetic_0195.json,true
520,520,219,20,2026-02-03T16:00:00.000Z,2026-02-03T17:46:00.000Z,2026-02-04T05:05:48.538Z,2026-02-03T19:05:41.721Z,2026-02-04T02:17:09.415Z,2026-02-05T02:00:01.290Z,03:45:00,07:11:28,4300.00,4300.00,0.00,4300.00,released,[synthetic] src: synthetic_0196.json,true
521,521,220,21,2026-02-20T16:00:00.000Z,2026-02-21T13:34:00.000Z,2026-02-21T23:08:42.088Z,2026-02-21T14:33:19.795Z,2026-02-21T19:16:18.209Z,2026-02-22T04:37:47.454Z,03:30:00,04:42:58,3550.00,3550.00,0.00,3550.00,released,[synthetic] src: synthetic_0197.json,true
522,522,221,22,2026-08-07T16:00:00.000Z,2026-08-08T14:04:00.000Z,2026-08-08T20:14:26.131Z,2026-08-08T15:01:53.277Z,2026-08-08T18:04:00.696Z,2026-08-09T09:48:49.613Z,03:00:00,03:02:07,2300.00,2300.00,0.00,2300.00,released,[synthetic] src: synthetic_0198.json,true
523,523,222,23,2026-03-20T16:00:00.000Z,2026-03-21T08:11:00.000Z,2026-03-21T17:26:51.871Z,2026-03-21T09:11:18.553Z,2026-03-21T14:05:09.088Z,2026-03-21T23:10:17.057Z,04:30:00,04:53:51,3700.00,3700.00,0.00,3700.00,released,[synthetic] src: synthetic_0199.json,true
524,524,223,24,2026-03-17T16:00:00.000Z,2026-03-18T13:53:00.000Z,2026-03-18T22:06:03.905Z,2026-03-18T14:44:52.266Z,2026-03-18T20:34:26.913Z,2026-03-19T02:59:29.585Z,03:00:00,05:49:35,2150.00,2150.00,0.00,2150.00,released,[synthetic] src: synthetic_0200.json,true
525,525,224,25,2026-05-21T16:00:00.000Z,2026-05-21T16:28:00.000Z,2026-05-22T05:05:07.032Z,2026-05-21T17:50:31.008Z,2026-05-21T20:12:19.006Z,2026-05-22T01:10:55.396Z,02:30:00,02:21:48,1950.00,1950.00,0.00,1950.00,released,[synthetic] src: synthetic_0201.json,true
526,526,225,26,2026-08-27T16:00:00.000Z,2026-08-28T15:11:00.000Z,2026-08-28T21:18:34.265Z,2026-08-28T16:00:36.752Z,2026-08-28T18:20:42.497Z,2026-08-29T03:20:22.463Z,05:00:00,02:20:06,3900.00,3900.00,0.00,3900.00,released,[synthetic] src: synthetic_0202.json,true
527,527,226,27,2026-07-23T16:00:00.000Z,2026-07-24T11:24:00.000Z,2026-07-24T17:56:38.377Z,2026-07-24T12:32:53.971Z,2026-07-24T15:55:09.176Z,2026-07-25T07:03:28.997Z,07:00:00,03:22:15,5250.00,5250.00,0.00,5250.00,released,[synthetic] src: synthetic_0203.json,true
528,528,227,28,2026-11-26T16:00:00.000Z,2026-11-26T17:57:00.000Z,2026-11-27T07:02:13.103Z,2026-11-26T19:11:21.098Z,2026-11-27T00:01:51.731Z,2026-11-27T11:26:32.299Z,05:15:00,04:50:31,3950.00,3950.00,0.00,3950.00,released,[synthetic] src: synthetic_0204.json,true
529,529,228,29,2026-02-26T16:00:00.000Z,2026-02-27T15:31:00.000Z,2026-02-28T04:13:39.571Z,2026-02-27T16:18:02.009Z,2026-02-27T20:37:40.845Z,2026-02-27T23:40:06.870Z,01:30:00,04:19:39,1350.00,1350.00,0.00,1350.00,released,[synthetic] src: synthetic_0205.json,true
530,530,229,30,2026-09-10T16:00:00.000Z,2026-09-11T08:18:00.000Z,2026-09-11T18:04:07.707Z,2026-09-11T08:57:48.437Z,2026-09-11T11:17:21.391Z,2026-09-12T05:42:48.622Z,01:30:00,02:19:33,1250.00,1250.00,0.00,1250.00,released,[synthetic] src: synthetic_0206.json,true
531,531,230,31,2026-12-16T16:00:00.000Z,2026-12-16T17:55:00.000Z,2026-12-17T00:03:52.065Z,2026-12-16T19:22:18.258Z,2026-12-17T01:02:44.440Z,2026-12-17T14:14:39.667Z,02:45:00,05:40:26,2800.00,2800.00,0.00,2800.00,released,[synthetic] src: synthetic_0207.json,true
532,532,231,32,2026-04-05T16:00:00.000Z,2026-04-05T16:40:00.000Z,2026-04-06T02:27:41.055Z,2026-04-05T17:14:52.823Z,2026-04-05T23:08:46.587Z,2026-04-06T18:19:38.712Z,07:00:00,05:53:54,5350.00,5350.00,0.00,5350.00,released,[synthetic] src: synthetic_0208.json,true
533,533,232,33,2026-04-08T16:00:00.000Z,2026-04-09T15:23:00.000Z,2026-04-10T04:23:32.345Z,2026-04-09T16:25:31.699Z,2026-04-09T20:40:12.953Z,2026-04-10T03:58:54.087Z,05:15:00,04:14:41,4400.00,4400.00,0.00,4400.00,released,[synthetic] src: synthetic_0209.json,true
534,534,233,34,2026-06-04T16:00:00.000Z,2026-06-05T15:34:00.000Z,2026-06-05T22:54:38.294Z,2026-06-05T16:23:06.207Z,2026-06-05T22:49:23.670Z,2026-06-06T13:33:59.346Z,03:30:00,06:26:17,2850.00,2850.00,0.00,2850.00,released,[synthetic] src: synthetic_0210.json,true
535,535,234,35,2026-06-14T16:00:00.000Z,2026-06-15T09:46:00.000Z,2026-06-15T22:51:23.694Z,2026-06-15T10:55:39.297Z,2026-06-15T14:07:15.473Z,2026-06-16T04:34:18.967Z,03:30:00,03:11:36,3650.00,3650.00,0.00,3650.00,released,[synthetic] src: synthetic_0211.json,true
536,536,235,36,2026-07-11T16:00:00.000Z,2026-07-12T13:00:00.000Z,2026-07-12T21:29:38.660Z,2026-07-12T14:27:47.659Z,2026-07-12T18:46:14.481Z,2026-07-13T07:51:16.608Z,07:00:00,04:18:27,5000.00,5000.00,0.00,5000.00,released,[synthetic] src: synthetic_0212.json,true
537,537,236,37,2026-10-22T16:00:00.000Z,2026-10-23T10:12:00.000Z,2026-10-23T22:20:26.792Z,2026-10-23T11:11:15.559Z,2026-10-23T15:12:43.291Z,2026-10-23T21:33:13.964Z,14:00:00,04:01:28,11800.00,11800.00,0.00,11800.00,released,[synthetic] src: synthetic_0213.json,true
538,538,237,38,2026-10-11T16:00:00.000Z,2026-10-12T15:36:00.000Z,2026-10-13T01:26:38.411Z,2026-10-12T16:51:36.441Z,2026-10-12T22:18:51.900Z,2026-10-13T02:24:52.501Z,05:15:00,05:27:15,5150.00,5150.00,0.00,5150.00,released,[synthetic] src: synthetic_0214.json,true
539,539,238,39,2026-02-06T16:00:00.000Z,2026-02-06T17:48:00.000Z,2026-02-07T03:07:05.339Z,2026-02-06T18:24:04.766Z,2026-02-06T20:26:57.711Z,2026-02-06T22:08:51.489Z,05:00:00,02:02:53,4300.00,4300.00,0.00,4300.00,released,[synthetic] src: synthetic_0215.json,true
540,540,239,40,2026-03-03T16:00:00.000Z,2026-03-04T08:30:00.000Z,2026-03-04T14:48:08.453Z,2026-03-04T09:26:15.567Z,2026-03-04T15:36:27.471Z,2026-03-05T00:10:46.236Z,02:15:00,06:10:12,1800.00,1800.00,0.00,1800.00,released,[synthetic] src: synthetic_0216.json,true
541,541,240,41,2026-09-22T16:00:00.000Z,2026-09-22T17:03:00.000Z,2026-09-23T01:03:57.203Z,2026-09-22T18:17:38.354Z,2026-09-22T23:03:47.527Z,2026-09-23T17:15:56.771Z,01:30:00,04:46:09,1400.00,1400.00,0.00,1400.00,released,[synthetic] src: synthetic_0217.json,true
542,542,241,42,2026-03-10T16:00:00.000Z,2026-03-10T16:00:00.000Z,2026-03-10T23:06:43.419Z,2026-03-10T17:04:45.663Z,2026-03-10T23:38:21.189Z,2026-03-11T11:32:34.074Z,01:30:00,06:33:36,1400.00,1400.00,0.00,1400.00,released,[synthetic] src: synthetic_0218.json,true
543,543,242,43,2026-11-09T16:00:00.000Z,2026-11-10T15:14:00.000Z,2026-11-11T01:40:00.533Z,2026-11-10T16:17:15.000Z,2026-11-11T00:04:57.561Z,2026-11-11T19:19:22.082Z,02:45:00,07:47:43,2500.00,2500.00,0.00,2500.00,released,[synthetic] src: synthetic_0219.json,true
544,544,243,44,2026-02-12T16:00:00.000Z,2026-02-13T11:53:00.000Z,2026-02-13T20:43:53.799Z,2026-02-13T13:22:53.671Z,2026-02-13T16:16:17.868Z,2026-02-14T07:39:57.193Z,02:15:00,02:53:24,2100.00,2100.00,0.00,2100.00,released,[synthetic] src: synthetic_0220.json,true
545,545,244,45,2026-05-05T16:00:00.000Z,2026-05-05T17:39:00.000Z,2026-05-05T23:13:06.900Z,2026-05-05T18:34:51.985Z,2026-05-06T00:47:14.149Z,2026-05-06T03:21:41.538Z,05:00:00,06:12:22,4200.00,4200.00,0.00,4200.00,released,[synthetic] src: synthetic_0221.json,true
546,546,245,46,2026-12-09T16:00:00.000Z,2026-12-10T10:31:00.000Z,2026-12-10T20:52:10.015Z,2026-12-10T11:13:25.986Z,2026-12-10T17:16:35.795Z,2026-12-11T13:16:35.771Z,05:00:00,06:03:10,4100.00,4100.00,0.00,4100.00,released,[synthetic] src: synthetic_0222.json,true
547,547,246,47,2026-12-26T16:00:00.000Z,2026-12-26T17:01:00.000Z,2026-12-27T05:19:14.700Z,2026-12-26T18:28:14.875Z,2026-12-26T23:11:42.737Z,2026-12-27T02:06:58.331Z,02:15:00,04:43:28,1700.00,1700.00,0.00,1700.00,released,[synthetic] src: synthetic_0223.json,true
548,548,247,48,2026-02-18T16:00:00.000Z,2026-02-19T15:06:00.000Z,2026-02-20T04:03:32.547Z,2026-02-19T16:08:50.082Z,2026-02-19T20:22:01.976Z,2026-02-20T17:21:01.137Z,03:30:00,04:13:12,2500.00,2500.00,0.00,2500.00,released,[synthetic] src: synthetic_0224.json,true
549,549,248,49,2026-09-18T16:00:00.000Z,2026-09-19T15:27:00.000Z,2026-09-19T20:50:01.406Z,2026-09-19T16:38:13.080Z,2026-09-19T22:00:32.327Z,2026-09-20T10:53:32.716Z,02:15:00,05:22:19,1700.00,1700.00,0.00,1700.00,released,[synthetic] src: synthetic_0225.json,true
550,550,249,50,2026-06-06T16:00:00.000Z,2026-06-07T15:09:00.000Z,2026-06-08T01:27:35.315Z,2026-06-07T15:53:23.204Z,2026-06-07T20:54:32.949Z,2026-06-08T17:54:25.907Z,07:00:00,05:01:10,4950.00,4950.00,0.00,4950.00,released,[synthetic] src: synthetic_0226.json,true
551,551,250,51,2026-01-27T16:00:00.000Z,2026-01-28T15:50:00.000Z,2026-01-29T04:42:36.888Z,2026-01-28T17:10:25.354Z,2026-01-28T23:23:16.448Z,2026-01-29T07:18:18.639Z,05:00:00,06:12:51,4200.00,4200.00,0.00,4200.00,released,[synthetic] src: synthetic_0227.json,true
552,552,251,52,2026-06-11T16:00:00.000Z,2026-06-11T17:47:00.000Z,2026-06-11T23:54:25.821Z,2026-06-11T18:52:12.362Z,2026-06-12T01:57:02.770Z,2026-06-12T07:55:50.458Z,04:30:00,07:04:50,4750.00,4750.00,0.00,4750.00,released,[synthetic] src: synthetic_0228.json,true
553,553,252,53,2026-08-11T16:00:00.000Z,2026-08-12T13:52:00.000Z,2026-08-12T20:59:21.421Z,2026-08-12T14:48:59.441Z,2026-08-12T19:30:37.333Z,2026-08-13T16:08:24.891Z,01:30:00,04:41:38,1050.00,1050.00,0.00,1050.00,released,[synthetic] src: synthetic_0229.json,true
554,554,253,54,2026-04-24T16:00:00.000Z,2026-04-25T12:13:00.000Z,2026-04-25T20:33:07.406Z,2026-04-25T12:48:00.622Z,2026-04-25T20:23:31.251Z,2026-04-26T13:38:08.483Z,04:30:00,07:35:31,4100.00,4100.00,0.00,4100.00,released,[synthetic] src: synthetic_0230.json,true
555,555,254,55,2026-01-04T16:00:00.000Z,2026-01-05T14:12:00.000Z,2026-01-05T21:10:24.294Z,2026-01-05T15:14:06.749Z,2026-01-05T21:02:02.000Z,2026-01-06T19:49:22.837Z,05:00:00,05:47:55,3850.00,3850.00,0.00,3850.00,released,[synthetic] src: synthetic_0231.json,true
556,556,255,56,2026-03-22T16:00:00.000Z,2026-03-23T08:25:00.000Z,2026-03-23T18:55:06.283Z,2026-03-23T09:02:53.783Z,2026-03-23T11:30:28.149Z,2026-03-23T19:19:14.622Z,02:30:00,02:27:34,2550.00,2550.00,0.00,2550.00,released,[synthetic] src: synthetic_0232.json,true
557,557,256,57,2026-12-09T16:00:00.000Z,2026-12-10T11:26:00.000Z,2026-12-10T20:38:04.392Z,2026-12-10T12:35:37.395Z,2026-12-10T17:55:37.800Z,2026-12-11T00:22:37.826Z,01:30:00,05:20:00,1150.00,1150.00,0.00,1150.00,released,[synthetic] src: synthetic_0233.json,true
558,558,257,58,2026-12-19T16:00:00.000Z,2026-12-20T08:00:00.000Z,2026-12-20T14:22:25.564Z,2026-12-20T09:00:26.306Z,2026-12-20T16:52:08.770Z,2026-12-21T03:49:38.009Z,01:30:00,07:51:42,1150.00,1150.00,0.00,1150.00,released,[synthetic] src: synthetic_0234.json,true
559,559,258,59,2026-05-26T16:00:00.000Z,2026-05-27T13:59:00.000Z,2026-05-27T21:07:18.323Z,2026-05-27T14:52:05.977Z,2026-05-27T21:24:29.046Z,2026-05-28T18:08:59.742Z,03:15:00,06:32:23,2550.00,2550.00,0.00,2550.00,released,[synthetic] src: synthetic_0235.json,true
560,560,259,60,2026-12-05T16:00:00.000Z,2026-12-06T15:27:00.000Z,2026-12-07T02:07:24.194Z,2026-12-06T16:27:15.951Z,2026-12-06T20:04:28.786Z,2026-12-06T23:59:21.285Z,03:00:00,03:37:13,2600.00,2600.00,0.00,2600.00,released,[synthetic] src: synthetic_0236.json,true
561,561,260,61,2026-06-03T16:00:00.000Z,2026-06-04T08:18:00.000Z,2026-06-04T15:07:34.693Z,2026-06-04T09:04:09.484Z,2026-06-04T16:14:43.486Z,2026-06-04T22:43:49.219Z,02:15:00,07:10:34,1700.00,1700.00,0.00,1700.00,released,[synthetic] src: synthetic_0237.json,true
562,562,261,62,2026-05-20T16:00:00.000Z,2026-05-21T13:51:00.000Z,2026-05-22T00:11:22.039Z,2026-05-21T14:37:14.801Z,2026-05-21T21:01:34.162Z,2026-05-22T07:28:02.545Z,02:15:00,06:24:19,1400.00,1400.00,0.00,1400.00,released,[synthetic] src: synthetic_0238.json,true
563,563,262,63,2026-11-14T16:00:00.000Z,2026-11-15T11:41:00.000Z,2026-11-15T19:59:20.566Z,2026-11-15T12:27:46.819Z,2026-11-15T18:35:26.651Z,2026-11-16T14:15:22.412Z,14:30:00,06:07:40,14100.00,14100.00,0.00,14100.00,released,[synthetic] src: synthetic_0239.json,true
564,564,263,64,2026-02-19T16:00:00.000Z,2026-02-19T16:01:00.000Z,2026-02-19T22:36:27.071Z,2026-02-19T17:25:34.929Z,2026-02-19T20:38:59.619Z,2026-02-20T00:59:39.394Z,04:30:00,03:13:25,3000.00,3000.00,0.00,3000.00,released,[synthetic] src: synthetic_0240.json,true
565,565,264,65,2026-07-23T16:00:00.000Z,2026-07-23T17:46:00.000Z,2026-07-24T00:21:47.859Z,2026-07-23T18:30:25.479Z,2026-07-23T23:40:21.959Z,2026-07-24T21:03:24.539Z,03:30:00,05:09:56,2900.00,2900.00,0.00,2900.00,released,[synthetic] src: synthetic_0241.json,true
566,566,265,66,2026-12-20T16:00:00.000Z,2026-12-21T14:26:00.000Z,2026-12-21T20:13:01.674Z,2026-12-21T15:43:17.702Z,2026-12-21T18:11:23.906Z,2026-12-22T14:34:48.377Z,14:30:00,02:28:06,19100.00,19100.00,0.00,19100.00,released,[synthetic] src: synthetic_0242.json,true
567,567,266,67,2026-03-14T16:00:00.000Z,2026-03-15T12:46:00.000Z,2026-03-15T18:16:19.676Z,2026-03-15T14:02:49.294Z,2026-03-15T19:31:22.015Z,2026-03-16T06:28:58.886Z,03:30:00,05:28:33,2150.00,2150.00,0.00,2150.00,released,[synthetic] src: synthetic_0243.json,true
568,568,267,68,2026-02-08T16:00:00.000Z,2026-02-08T16:14:00.000Z,2026-02-09T03:12:14.499Z,2026-02-08T17:09:33.007Z,2026-02-09T00:28:37.249Z,2026-02-09T05:16:41.174Z,02:45:00,07:19:04,2250.00,2250.00,0.00,2250.00,released,[synthetic] src: synthetic_0244.json,true
569,569,268,69,2026-04-03T16:00:00.000Z,2026-04-04T13:10:00.000Z,2026-04-04T18:48:34.497Z,2026-04-04T14:30:58.321Z,2026-04-04T19:57:14.170Z,2026-04-05T04:27:19.928Z,03:15:00,05:26:16,3400.00,3400.00,0.00,3400.00,released,[synthetic] src: synthetic_0245.json,true
570,570,269,70,2026-04-21T16:00:00.000Z,2026-04-22T10:48:00.000Z,2026-04-22T18:28:09.202Z,2026-04-22T11:31:50.948Z,2026-04-22T16:14:00.953Z,2026-04-23T13:34:15.807Z,04:30:00,04:42:10,3050.00,3050.00,0.00,3050.00,released,[synthetic] src: synthetic_0246.json,true
571,571,270,71,2026-03-21T16:00:00.000Z,2026-03-21T17:03:00.000Z,2026-03-22T03:19:23.014Z,2026-03-21T17:55:09.148Z,2026-03-21T23:56:34.970Z,2026-03-22T09:51:07.236Z,01:30:00,06:01:26,1200.00,1200.00,0.00,1200.00,released,[synthetic] src: synthetic_0247.json,true
572,572,271,72,2026-12-12T16:00:00.000Z,2026-12-13T10:33:00.000Z,2026-12-13T23:39:52.244Z,2026-12-13T11:40:18.935Z,2026-12-13T14:01:09.288Z,2026-12-13T18:25:17.535Z,02:15:00,02:20:50,2000.00,2000.00,0.00,2000.00,released,[synthetic] src: synthetic_0248.json,true
573,573,272,73,2026-12-19T16:00:00.000Z,2026-12-19T16:54:00.000Z,2026-12-20T00:11:50.888Z,2026-12-19T17:33:37.935Z,2026-12-20T00:45:33.758Z,2026-12-20T14:10:29.256Z,01:30:00,07:11:56,1300.00,1300.00,0.00,1300.00,released,[synthetic] src: synthetic_0249.json,true
574,574,273,74,2026-10-13T16:00:00.000Z,2026-10-13T16:33:00.000Z,2026-10-14T01:52:12.585Z,2026-10-13T17:15:03.670Z,2026-10-13T20:45:15.696Z,2026-10-14T06:06:01.410Z,01:30:00,03:30:12,1300.00,1300.00,0.00,1300.00,released,[synthetic] src: synthetic_0250.json,true
575,575,274,75,2026-09-05T16:00:00.000Z,2026-09-06T13:58:00.000Z,2026-09-06T22:03:15.705Z,2026-09-06T14:57:23.411Z,2026-09-06T22:45:45.220Z,2026-09-07T18:31:35.798Z,02:15:00,07:48:22,1900.00,1900.00,0.00,1900.00,released,[synthetic] src: synthetic_0251.json,true
576,576,275,76,2026-01-02T16:00:00.000Z,2026-01-03T14:30:00.000Z,2026-01-03T20:27:57.878Z,2026-01-03T15:16:51.619Z,2026-01-03T20:34:53.646Z,2026-01-04T18:35:35.006Z,03:15:00,05:18:02,2250.00,2250.00,0.00,2250.00,released,[synthetic] src: synthetic_0252.json,true
577,577,276,77,2026-02-17T16:00:00.000Z,2026-02-18T11:39:00.000Z,2026-02-18T22:47:37.142Z,2026-02-18T12:50:03.298Z,2026-02-18T20:08:09.285Z,2026-02-19T05:05:31.340Z,02:45:00,07:18:06,2500.00,2500.00,0.00,2500.00,released,[synthetic] src: synthetic_0253.json,true
578,578,277,78,2026-07-10T16:00:00.000Z,2026-07-11T12:05:00.000Z,2026-07-11T22:52:55.981Z,2026-07-11T13:25:12.314Z,2026-07-11T17:08:41.676Z,2026-07-12T08:49:39.980Z,04:30:00,03:43:29,3750.00,3750.00,0.00,3750.00,released,[synthetic] src: synthetic_0254.json,true
579,579,278,79,2026-09-16T16:00:00.000Z,2026-09-16T16:24:00.000Z,2026-09-17T01:16:23.789Z,2026-09-16T17:24:41.929Z,2026-09-16T21:02:14.087Z,2026-09-17T08:37:54.410Z,03:30:00,03:37:32,3450.00,3450.00,0.00,3450.00,released,[synthetic] src: synthetic_0255.json,true
580,580,279,80,2026-09-13T16:00:00.000Z,2026-09-14T15:02:00.000Z,2026-09-14T21:01:33.751Z,2026-09-14T16:23:09.664Z,2026-09-14T21:13:14.110Z,2026-09-15T09:28:41.169Z,02:15:00,04:50:04,1250.00,1250.00,0.00,1250.00,released,[synthetic] src: synthetic_0256.json,true
581,581,280,81,2026-08-22T16:00:00.000Z,2026-08-23T12:15:00.000Z,2026-08-23T23:41:51.522Z,2026-08-23T13:22:58.643Z,2026-08-23T17:09:49.892Z,2026-08-24T08:06:10.097Z,05:00:00,03:46:51,3400.00,3400.00,0.00,3400.00,released,[synthetic] src: synthetic_0257.json,true
582,582,281,82,2026-11-26T16:00:00.000Z,2026-11-27T15:43:00.000Z,2026-11-28T03:31:35.435Z,2026-11-27T17:06:07.883Z,2026-11-27T23:27:15.602Z,2026-11-28T17:15:55.506Z,01:30:00,06:21:08,1300.00,1300.00,0.00,1300.00,released,[synthetic] src: synthetic_0258.json,true
583,583,282,83,2026-11-26T16:00:00.000Z,2026-11-27T14:07:00.000Z,2026-11-27T21:49:06.823Z,2026-11-27T15:13:38.112Z,2026-11-27T19:42:41.249Z,2026-11-28T01:23:30.160Z,05:15:00,04:29:03,3750.00,3750.00,0.00,3750.00,released,[synthetic] src: synthetic_0259.json,true
584,584,283,84,2026-07-10T16:00:00.000Z,2026-07-11T14:17:00.000Z,2026-07-11T20:30:31.511Z,2026-07-11T15:12:36.180Z,2026-07-11T18:57:27.944Z,2026-07-12T09:20:34.857Z,04:30:00,03:44:52,3900.00,3900.00,0.00,3900.00,released,[synthetic] src: synthetic_0260.json,true
585,585,284,85,2026-07-15T16:00:00.000Z,2026-07-16T08:37:00.000Z,2026-07-16T15:37:53.125Z,2026-07-16T09:37:52.828Z,2026-07-16T16:49:49.991Z,2026-07-16T22:40:49.283Z,02:15:00,07:11:57,1500.00,1500.00,0.00,1500.00,released,[synthetic] src: synthetic_0261.json,true
586,586,285,86,2026-01-17T16:00:00.000Z,2026-01-18T12:54:00.000Z,2026-01-19T01:41:52.124Z,2026-01-18T14:22:31.428Z,2026-01-18T22:15:56.476Z,2026-01-19T03:07:45.287Z,02:30:00,07:53:25,2700.00,2700.00,0.00,2700.00,released,[synthetic] src: synthetic_0262.json,true
587,587,286,87,2026-09-13T16:00:00.000Z,2026-09-14T13:19:00.000Z,2026-09-15T01:11:52.655Z,2026-09-14T14:45:07.341Z,2026-09-14T21:42:00.217Z,2026-09-15T10:33:22.899Z,07:00:00,06:56:53,5250.00,5250.00,0.00,5250.00,released,[synthetic] src: synthetic_0263.json,true
588,588,287,88,2026-02-05T16:00:00.000Z,2026-02-06T15:56:00.000Z,2026-02-07T02:21:52.545Z,2026-02-06T17:11:10.391Z,2026-02-07T01:02:22.663Z,2026-02-07T09:29:11.567Z,01:30:00,07:51:12,1200.00,1200.00,0.00,1200.00,released,[synthetic] src: synthetic_0264.json,true
589,589,288,89,2026-05-07T16:00:00.000Z,2026-05-08T10:21:00.000Z,2026-05-08T18:21:58.350Z,2026-05-08T10:51:14.747Z,2026-05-08T15:59:06.316Z,2026-05-09T05:10:30.185Z,02:30:00,05:07:52,2150.00,2150.00,0.00,2150.00,released,[synthetic] src: synthetic_0265.json,true
590,590,289,90,2026-10-10T16:00:00.000Z,2026-10-11T14:40:00.000Z,2026-10-12T01:42:39.616Z,2026-10-11T15:40:22.179Z,2026-10-11T21:45:38.317Z,2026-10-12T21:08:47.218Z,03:30:00,06:05:16,3050.00,3050.00,0.00,3050.00,released,[synthetic] src: synthetic_0266.json,true
591,591,290,91,2026-12-16T16:00:00.000Z,2026-12-17T15:45:00.000Z,2026-12-17T23:39:52.128Z,2026-12-17T17:07:48.393Z,2026-12-17T23:03:36.075Z,2026-12-18T08:54:55.822Z,05:15:00,05:55:48,5050.00,5050.00,0.00,5050.00,released,[synthetic] src: synthetic_0267.json,true
592,592,291,92,2026-07-14T16:00:00.000Z,2026-07-15T14:23:00.000Z,2026-07-15T19:48:21.702Z,2026-07-15T15:02:20.053Z,2026-07-15T20:14:22.537Z,2026-07-16T04:41:17.102Z,04:30:00,05:12:02,4400.00,4400.00,0.00,4400.00,released,[synthetic] src: synthetic_0268.json,true
593,593,292,93,2026-12-05T16:00:00.000Z,2026-12-05T16:58:00.000Z,2026-12-06T02:00:49.117Z,2026-12-05T18:07:35.475Z,2026-12-06T00:15:36.995Z,2026-12-06T03:57:24.571Z,04:15:00,06:08:02,5250.00,5250.00,0.00,5250.00,released,[synthetic] src: synthetic_0269.json,true
594,594,293,94,2026-03-12T16:00:00.000Z,2026-03-12T17:55:00.000Z,2026-03-13T01:34:20.413Z,2026-03-12T18:38:04.556Z,2026-03-13T02:22:44.778Z,2026-03-13T14:28:45.642Z,03:30:00,07:44:40,3400.00,3400.00,0.00,3400.00,released,[synthetic] src: synthetic_0270.json,true
595,595,294,95,2026-07-17T16:00:00.000Z,2026-07-18T11:30:00.000Z,2026-07-18T16:50:46.642Z,2026-07-18T12:12:46.176Z,2026-07-18T18:47:18.293Z,2026-07-19T15:16:14.307Z,02:15:00,06:34:32,1500.00,1500.00,0.00,1500.00,released,[synthetic] src: synthetic_0271.json,true
596,596,295,96,2026-04-27T16:00:00.000Z,2026-04-28T10:55:00.000Z,2026-04-28T22:26:32.643Z,2026-04-28T12:07:10.711Z,2026-04-28T18:16:02.244Z,2026-04-28T23:26:35.387Z,07:00:00,06:08:52,4800.00,4800.00,0.00,4800.00,released,[synthetic] src: synthetic_0272.json,true
597,597,296,97,2026-03-27T16:00:00.000Z,2026-03-28T14:15:00.000Z,2026-03-28T21:11:50.620Z,2026-03-28T15:07:05.547Z,2026-03-28T20:48:03.385Z,2026-03-29T07:04:32.657Z,05:00:00,05:40:58,4250.00,4250.00,0.00,4250.00,released,[synthetic] src: synthetic_0273.json,true
598,598,297,98,2026-09-06T16:00:00.000Z,2026-09-07T08:29:00.000Z,2026-09-07T16:50:05.477Z,2026-09-07T09:20:03.293Z,2026-09-07T14:45:52.582Z,2026-09-08T06:52:30.424Z,04:15:00,05:25:49,5000.00,5000.00,0.00,5000.00,released,[synthetic] src: synthetic_0274.json,true
599,599,298,99,2026-10-31T16:00:00.000Z,2026-11-01T12:09:00.000Z,2026-11-01T18:49:13.162Z,2026-11-01T13:03:45.563Z,2026-11-01T17:01:20.954Z,2026-11-02T03:47:55.247Z,05:00:00,03:57:35,3400.00,3400.00,0.00,3400.00,released,[synthetic] src: synthetic_0275.json,true
600,600,299,100,2026-02-21T16:00:00.000Z,2026-02-22T11:56:00.000Z,2026-02-22T19:34:21.333Z,2026-02-22T12:27:40.307Z,2026-02-22T16:20:30.161Z,2026-02-23T00:20:25.724Z,05:00:00,03:52:50,3550.00,3550.00,0.00,3550.00,released,[synthetic] src: synthetic_0276.json,true
601,601,300,101,2026-10-27T16:00:00.000Z,2026-10-28T10:16:00.000Z,2026-10-28T18:14:37.053Z,2026-10-28T10:51:47.774Z,2026-10-28T14:12:57.654Z,2026-10-28T20:19:51.048Z,07:00:00,03:21:10,5750.00,5750.00,0.00,5750.00,released,[synthetic] src: synthetic_0277.json,true
602,602,301,102,2026-03-06T16:00:00.000Z,2026-03-07T14:13:00.000Z,2026-03-08T02:49:36.868Z,2026-03-07T15:15:20.951Z,2026-03-07T17:47:31.200Z,2026-03-08T07:21:49.265Z,14:00:00,02:32:10,17400.00,17400.00,0.00,17400.00,released,[synthetic] src: synthetic_0278.json,true
603,603,302,103,2026-12-22T16:00:00.000Z,2026-12-23T11:38:00.000Z,2026-12-23T18:06:27.447Z,2026-12-23T12:49:00.846Z,2026-12-23T18:52:27.276Z,2026-12-24T04:50:11.552Z,04:30:00,06:03:26,4250.00,4250.00,0.00,4250.00,released,[synthetic] src: synthetic_0279.json,true
604,604,303,104,2026-06-02T16:00:00.000Z,2026-06-03T14:24:00.000Z,2026-06-04T01:46:40.473Z,2026-06-03T15:32:55.727Z,2026-06-03T20:09:59.349Z,2026-06-04T07:55:38.567Z,03:15:00,04:37:04,2450.00,2450.00,0.00,2450.00,released,[synthetic] src: synthetic_0280.json,true
605,605,304,105,2026-01-06T16:00:00.000Z,2026-01-07T08:55:00.000Z,2026-01-07T19:24:39.282Z,2026-01-07T09:56:02.681Z,2026-01-07T16:11:20.709Z,2026-01-08T02:56:39.117Z,04:30:00,06:15:18,4300.00,4300.00,0.00,4300.00,released,[synthetic] src: synthetic_0281.json,true
606,606,305,106,2026-04-23T16:00:00.000Z,2026-04-24T11:30:00.000Z,2026-04-24T18:48:12.076Z,2026-04-24T12:57:51.845Z,2026-04-24T17:28:27.368Z,2026-04-25T01:16:06.320Z,02:15:00,04:30:36,1800.00,1800.00,0.00,1800.00,released,[synthetic] src: synthetic_0282.json,true
607,607,306,107,2026-05-23T16:00:00.000Z,2026-05-23T16:34:00.000Z,2026-05-24T01:20:13.723Z,2026-05-23T17:31:30.594Z,2026-05-23T21:28:36.977Z,2026-05-24T02:59:53.806Z,07:00:00,03:57:06,4900.00,4900.00,0.00,4900.00,released,[synthetic] src: synthetic_0283.json,true
608,608,307,108,2026-03-11T16:00:00.000Z,2026-03-12T10:12:00.000Z,2026-03-12T21:47:15.072Z,2026-03-12T11:29:38.300Z,2026-03-12T16:43:05.254Z,2026-03-12T20:06:00.309Z,02:15:00,05:13:27,2050.00,2050.00,0.00,2050.00,released,[synthetic] src: synthetic_0284.json,true
609,609,308,109,2026-05-01T16:00:00.000Z,2026-05-02T08:42:00.000Z,2026-05-02T17:20:20.324Z,2026-05-02T09:31:24.882Z,2026-05-02T17:20:39.038Z,2026-05-02T21:37:34.619Z,02:15:00,07:49:14,1300.00,1300.00,0.00,1300.00,released,[synthetic] src: synthetic_0285.json,true
610,610,309,110,2026-01-05T16:00:00.000Z,2026-01-05T17:07:00.000Z,2026-01-06T02:55:40.610Z,2026-01-05T18:23:53.614Z,2026-01-05T21:49:19.905Z,2026-01-06T05:27:18.854Z,01:30:00,03:25:26,1200.00,1200.00,0.00,1200.00,released,[synthetic] src: synthetic_0286.json,true
611,611,310,111,2026-10-23T16:00:00.000Z,2026-10-24T09:22:00.000Z,2026-10-24T19:21:13.657Z,2026-10-24T09:53:12.729Z,2026-10-24T15:16:19.017Z,2026-10-24T21:38:40.700Z,07:00:00,05:23:06,5450.00,5450.00,0.00,5450.00,released,[synthetic] src: synthetic_0287.json,true
612,612,311,112,2026-04-07T16:00:00.000Z,2026-04-08T10:48:00.000Z,2026-04-08T17:08:46.893Z,2026-04-08T12:08:09.011Z,2026-04-08T17:23:10.826Z,2026-04-09T03:30:55.113Z,03:00:00,05:15:02,2900.00,2900.00,0.00,2900.00,released,[synthetic] src: synthetic_0288.json,true
613,613,312,113,2026-10-18T16:00:00.000Z,2026-10-19T09:41:00.000Z,2026-10-19T21:41:05.488Z,2026-10-19T10:25:55.525Z,2026-10-19T16:57:36.454Z,2026-10-20T11:45:23.771Z,01:30:00,06:31:41,1200.00,1200.00,0.00,1200.00,released,[synthetic] src: synthetic_0289.json,true
614,614,313,114,2026-03-10T16:00:00.000Z,2026-03-11T12:53:00.000Z,2026-03-11T23:57:35.311Z,2026-03-11T13:58:44.927Z,2026-03-11T20:55:05.726Z,2026-03-12T04:54:42.988Z,07:00:00,06:56:21,4950.00,4950.00,0.00,4950.00,released,[synthetic] src: synthetic_0290.json,true
615,615,314,115,2026-11-26T16:00:00.000Z,2026-11-27T10:01:00.000Z,2026-11-27T20:34:45.083Z,2026-11-27T11:11:20.374Z,2026-11-27T16:50:19.823Z,2026-11-28T04:13:08.681Z,02:30:00,05:38:59,2650.00,2650.00,0.00,2650.00,released,[synthetic] src: synthetic_0291.json,true
616,616,315,116,2026-10-23T16:00:00.000Z,2026-10-24T09:43:00.000Z,2026-10-24T18:03:48.501Z,2026-10-24T10:35:48.062Z,2026-10-24T16:56:13.046Z,2026-10-25T00:02:51.066Z,05:00:00,06:20:25,4050.00,4050.00,0.00,4050.00,released,[synthetic] src: synthetic_0292.json,true
617,617,316,117,2026-06-14T16:00:00.000Z,2026-06-15T08:07:00.000Z,2026-06-15T13:02:55.375Z,2026-06-15T09:01:25.633Z,2026-06-15T12:44:04.876Z,2026-06-15T19:08:59.803Z,14:00:00,03:42:39,19400.00,19400.00,0.00,19400.00,released,[synthetic] src: synthetic_0293.json,true
618,618,317,118,2026-02-21T16:00:00.000Z,2026-02-22T10:55:00.000Z,2026-02-22T16:45:25.211Z,2026-02-22T12:09:35.399Z,2026-02-22T16:16:36.890Z,2026-02-23T03:28:19.836Z,05:00:00,04:07:01,3900.00,3900.00,0.00,3900.00,released,[synthetic] src: synthetic_0294.json,true
619,619,318,119,2026-06-17T16:00:00.000Z,2026-06-17T17:34:00.000Z,2026-06-17T23:59:24.504Z,2026-06-17T18:42:28.020Z,2026-06-18T02:08:43.385Z,2026-06-18T13:09:38.465Z,04:30:00,07:26:15,3100.00,3100.00,0.00,3100.00,released,[synthetic] src: synthetic_0295.json,true
620,620,319,120,2026-09-04T16:00:00.000Z,2026-09-05T11:04:00.000Z,2026-09-05T19:59:58.494Z,2026-09-05T12:14:56.469Z,2026-09-05T18:57:56.292Z,2026-09-06T02:38:29.709Z,03:45:00,06:43:00,2800.00,2800.00,0.00,2800.00,released,[synthetic] src: synthetic_0296.json,true
621,621,320,121,2026-04-12T16:00:00.000Z,2026-04-13T14:06:00.000Z,2026-04-14T02:58:52.994Z,2026-04-13T15:05:02.496Z,2026-04-13T19:00:51.433Z,2026-04-14T04:00:40.661Z,07:00:00,03:55:49,5100.00,5100.00,0.00,5100.00,released,[synthetic] src: synthetic_0297.json,true
622,622,321,122,2026-03-22T16:00:00.000Z,2026-03-23T10:09:00.000Z,2026-03-23T19:33:24.541Z,2026-03-23T11:15:22.168Z,2026-03-23T18:21:33.879Z,2026-03-24T05:46:39.364Z,04:30:00,07:06:12,3950.00,3950.00,0.00,3950.00,released,[synthetic] src: synthetic_0298.json,true
623,623,322,123,2026-04-26T16:00:00.000Z,2026-04-27T12:40:00.000Z,2026-04-27T23:13:09.020Z,2026-04-27T13:12:16.306Z,2026-04-27T16:05:25.250Z,2026-04-28T08:50:52.587Z,01:30:00,02:53:09,1450.00,1450.00,0.00,1450.00,released,[synthetic] src: synthetic_0299.json,true
624,624,323,124,2026-12-26T16:00:00.000Z,2026-12-27T08:45:00.000Z,2026-12-27T15:11:22.121Z,2026-12-27T09:43:48.907Z,2026-12-27T16:09:19.909Z,2026-12-27T21:32:46.544Z,03:00:00,06:25:31,2750.00,2750.00,0.00,2750.00,released,[synthetic] src: synthetic_0300.json,true
625,625,324,125,2026-02-11T16:00:00.000Z,2026-02-12T13:58:00.000Z,2026-02-12T23:06:45.351Z,2026-02-12T15:22:30.389Z,2026-02-12T22:34:48.377Z,2026-02-13T09:57:41.973Z,02:15:00,07:12:18,2000.00,2000.00,0.00,2000.00,released,[synthetic] src: synthetic_0301.json,true
626,626,325,126,2026-06-12T16:00:00.000Z,2026-06-13T08:06:00.000Z,2026-06-13T14:30:03.762Z,2026-06-13T08:37:51.617Z,2026-06-13T11:43:33.435Z,2026-06-13T22:27:22.188Z,02:30:00,03:05:42,2000.00,2000.00,0.00,2000.00,released,[synthetic] src: synthetic_0302.json,true
627,627,326,127,2026-12-27T16:00:00.000Z,2026-12-28T11:07:00.000Z,2026-12-28T19:50:21.231Z,2026-12-28T12:09:06.054Z,2026-12-28T15:58:10.852Z,2026-12-29T06:27:55.721Z,04:30:00,03:49:05,3600.00,3600.00,0.00,3600.00,released,[synthetic] src: synthetic_0303.json,true
628,628,327,128,2026-11-24T16:00:00.000Z,2026-11-25T11:03:00.000Z,2026-11-25T16:39:13.332Z,2026-11-25T11:36:44.649Z,2026-11-25T14:07:38.321Z,2026-11-25T15:14:59.386Z,02:15:00,02:30:54,1850.00,1850.00,0.00,1850.00,released,[synthetic] src: synthetic_0304.json,true
629,629,328,129,2026-05-16T16:00:00.000Z,2026-05-17T11:14:00.000Z,2026-05-17T16:56:59.605Z,2026-05-17T11:50:00.488Z,2026-05-17T15:17:28.216Z,2026-05-18T11:53:38.205Z,14:00:00,03:27:28,15250.00,15250.00,0.00,15250.00,released,[synthetic] src: synthetic_0305.json,true
630,630,329,130,2026-06-15T16:00:00.000Z,2026-06-16T13:19:00.000Z,2026-06-16T22:09:11.738Z,2026-06-16T13:59:07.166Z,2026-06-16T17:09:26.393Z,2026-06-17T12:00:01.791Z,04:30:00,03:10:19,3450.00,3450.00,0.00,3450.00,released,[synthetic] src: synthetic_0306.json,true
631,631,330,131,2026-09-03T16:00:00.000Z,2026-09-03T17:21:00.000Z,2026-09-04T04:47:01.502Z,2026-09-03T18:06:07.684Z,2026-09-03T22:31:34.965Z,2026-09-04T21:02:43.860Z,05:00:00,04:25:27,3500.00,3500.00,0.00,3500.00,released,[synthetic] src: synthetic_0307.json,true
632,632,331,132,2026-05-04T16:00:00.000Z,2026-05-05T08:36:00.000Z,2026-05-05T19:47:27.559Z,2026-05-05T09:15:06.384Z,2026-05-05T15:59:50.458Z,2026-05-05T19:57:32.285Z,01:30:00,06:44:44,1000.00,1000.00,0.00,1000.00,released,[synthetic] src: synthetic_0308.json,true
633,633,332,133,2026-03-08T16:00:00.000Z,2026-03-09T12:55:00.000Z,2026-03-09T19:03:32.004Z,2026-03-09T13:25:37.401Z,2026-03-09T17:50:38.578Z,2026-03-09T23:39:41.633Z,07:00:00,04:25:01,5250.00,5250.00,0.00,5250.00,released,[synthetic] src: synthetic_0309.json,true
634,634,333,134,2026-05-21T16:00:00.000Z,2026-05-21T17:35:00.000Z,2026-05-22T04:06:26.072Z,2026-05-21T18:10:18.630Z,2026-05-21T22:12:39.071Z,2026-05-22T02:08:08.491Z,03:30:00,04:02:20,3000.00,3000.00,0.00,3000.00,released,[synthetic] src: synthetic_0310.json,true
635,635,334,135,2026-02-04T16:00:00.000Z,2026-02-05T14:15:00.000Z,2026-02-06T01:44:00.187Z,2026-02-05T14:57:04.638Z,2026-02-05T21:02:22.306Z,2026-02-06T20:29:35.513Z,03:15:00,06:05:18,2550.00,2550.00,0.00,2550.00,released,[synthetic] src: synthetic_0311.json,true
636,636,335,136,2026-01-08T16:00:00.000Z,2026-01-08T16:44:00.000Z,2026-01-09T01:03:49.427Z,2026-01-08T17:50:00.321Z,2026-01-08T20:03:30.497Z,2026-01-09T15:54:02.602Z,01:30:00,02:13:30,1350.00,1350.00,0.00,1350.00,released,[synthetic] src: synthetic_0312.json,true
637,637,336,137,2026-06-17T16:00:00.000Z,2026-06-17T17:11:00.000Z,2026-06-18T04:09:34.366Z,2026-06-17T17:59:01.472Z,2026-06-17T22:37:26.202Z,2026-06-18T10:41:34.231Z,03:30:00,04:38:25,2850.00,2850.00,0.00,2850.00,released,[synthetic] src: synthetic_0313.json,true
638,638,337,138,2026-05-23T16:00:00.000Z,2026-05-24T10:05:00.000Z,2026-05-24T17:19:39.987Z,2026-05-24T10:42:38.007Z,2026-05-24T14:14:10.806Z,2026-05-25T03:40:24.828Z,07:00:00,03:31:33,5250.00,5250.00,0.00,5250.00,released,[synthetic] src: synthetic_0314.json,true
639,639,338,139,2026-02-04T16:00:00.000Z,2026-02-05T08:58:00.000Z,2026-02-05T21:02:38.948Z,2026-02-05T10:00:12.117Z,2026-02-05T13:24:49.848Z,2026-02-05T19:11:06.083Z,07:00:00,03:24:38,5450.00,5450.00,0.00,5450.00,released,[synthetic] src: synthetic_0315.json,true
640,640,339,140,2026-04-02T16:00:00.000Z,2026-04-03T09:00:00.000Z,2026-04-03T20:57:36.187Z,2026-04-03T10:00:25.500Z,2026-04-03T12:25:25.594Z,2026-04-04T06:50:22.023Z,01:30:00,02:25:00,1350.00,1350.00,0.00,1350.00,released,[synthetic] src: synthetic_0316.json,true
641,641,340,141,2026-05-16T16:00:00.000Z,2026-05-17T11:27:00.000Z,2026-05-17T19:13:38.674Z,2026-05-17T12:35:30.258Z,2026-05-17T17:50:40.529Z,2026-05-18T02:21:23.296Z,05:00:00,05:15:10,3700.00,3700.00,0.00,3700.00,released,[synthetic] src: synthetic_0317.json,true
642,642,341,142,2026-02-03T16:00:00.000Z,2026-02-04T09:23:00.000Z,2026-02-04T18:47:29.506Z,2026-02-04T10:11:51.664Z,2026-02-04T16:02:11.764Z,2026-02-05T16:01:16.282Z,04:30:00,05:50:20,3100.00,3100.00,0.00,3100.00,released,[synthetic] src: synthetic_0318.json,true
643,643,342,143,2026-12-12T16:00:00.000Z,2026-12-13T13:08:00.000Z,2026-12-13T18:26:32.564Z,2026-12-13T13:51:14.021Z,2026-12-13T16:32:02.388Z,2026-12-14T05:12:39.823Z,02:30:00,02:40:48,2300.00,2300.00,0.00,2300.00,released,[synthetic] src: synthetic_0319.json,true
644,644,343,144,2026-12-24T16:00:00.000Z,2026-12-25T10:32:00.000Z,2026-12-25T22:21:49.333Z,2026-12-25T11:22:55.247Z,2026-12-25T16:58:15.057Z,2026-12-26T03:55:21.126Z,02:15:00,05:35:20,1600.00,1600.00,0.00,1600.00,released,[synthetic] src: synthetic_0320.json,true
645,645,344,145,2026-02-17T16:00:00.000Z,2026-02-18T15:06:00.000Z,2026-02-19T00:38:34.713Z,2026-02-18T15:40:01.035Z,2026-02-18T20:28:34.585Z,2026-02-19T15:37:55.153Z,04:30:00,04:48:34,3700.00,3700.00,0.00,3700.00,released,[synthetic] src: synthetic_0321.json,true
646,646,345,146,2026-06-19T16:00:00.000Z,2026-06-20T13:05:00.000Z,2026-06-20T23:12:41.077Z,2026-06-20T13:42:29.843Z,2026-06-20T17:18:36.580Z,2026-06-21T13:12:30.332Z,03:30:00,03:36:07,3000.00,3000.00,0.00,3000.00,released,[synthetic] src: synthetic_0322.json,true
647,647,346,147,2026-08-19T16:00:00.000Z,2026-08-20T11:44:00.000Z,2026-08-20T23:04:50.225Z,2026-08-20T12:23:00.539Z,2026-08-20T16:13:03.827Z,2026-08-21T05:15:40.856Z,02:45:00,03:50:03,2350.00,2350.00,0.00,2350.00,released,[synthetic] src: synthetic_0323.json,true
648,648,347,148,2026-11-06T16:00:00.000Z,2026-11-07T12:11:00.000Z,2026-11-08T01:27:10.464Z,2026-11-07T13:35:13.678Z,2026-11-07T18:04:43.276Z,2026-11-08T06:11:50.669Z,02:15:00,04:29:30,1900.00,1900.00,0.00,1900.00,released,[synthetic] src: synthetic_0324.json,true
649,649,348,149,2026-08-04T16:00:00.000Z,2026-08-05T13:07:00.000Z,2026-08-05T18:10:34.119Z,2026-08-05T13:45:44.422Z,2026-08-05T19:46:11.207Z,2026-08-05T23:34:17.639Z,03:30:00,06:00:27,2650.00,2650.00,0.00,2650.00,released,[synthetic] src: synthetic_0325.json,true
650,650,349,150,2026-08-20T16:00:00.000Z,2026-08-21T14:26:00.000Z,2026-08-22T00:59:56.364Z,2026-08-21T15:19:27.099Z,2026-08-21T21:07:23.768Z,2026-08-22T13:30:57.367Z,05:15:00,05:47:57,5700.00,5700.00,0.00,5700.00,released,[synthetic] src: synthetic_0326.json,true
651,651,350,151,2026-10-16T16:00:00.000Z,2026-10-17T08:42:00.000Z,2026-10-17T15:10:49.993Z,2026-10-17T09:41:04.039Z,2026-10-17T14:26:15.276Z,2026-10-18T02:59:30.806Z,04:30:00,04:45:11,3100.00,3100.00,0.00,3100.00,released,[synthetic] src: synthetic_0327.json,true
652,652,351,152,2026-01-01T16:00:00.000Z,2026-01-02T08:09:00.000Z,2026-01-02T15:00:38.213Z,2026-01-02T09:36:30.979Z,2026-01-02T16:26:07.343Z,2026-01-02T23:15:08.968Z,01:30:00,06:49:36,1150.00,1150.00,0.00,1150.00,released,[synthetic] src: synthetic_0328.json,true
653,653,352,153,2026-01-14T16:00:00.000Z,2026-01-14T17:09:00.000Z,2026-01-15T02:39:47.132Z,2026-01-14T18:19:40.146Z,2026-01-14T20:38:46.525Z,2026-01-15T15:47:20.649Z,07:00:00,02:19:06,7000.00,7000.00,0.00,7000.00,released,[synthetic] src: synthetic_0329.json,true
654,654,353,154,2026-02-03T16:00:00.000Z,2026-02-04T10:18:00.000Z,2026-02-04T16:19:18.035Z,2026-02-04T11:26:06.783Z,2026-02-04T14:37:27.272Z,2026-02-05T12:01:55.490Z,03:30:00,03:11:20,2850.00,2850.00,0.00,2850.00,released,[synthetic] src: synthetic_0330.json,true
655,655,354,155,2026-10-22T16:00:00.000Z,2026-10-22T17:54:00.000Z,2026-10-23T01:06:36.420Z,2026-10-22T19:16:37.986Z,2026-10-23T00:34:05.525Z,2026-10-23T13:25:18.546Z,01:30:00,05:17:28,1300.00,1300.00,0.00,1300.00,released,[synthetic] src: synthetic_0331.json,true
656,656,355,156,2026-05-04T16:00:00.000Z,2026-05-05T12:30:00.000Z,2026-05-05T20:50:57.897Z,2026-05-05T13:18:28.233Z,2026-05-05T15:18:45.768Z,2026-05-06T06:00:19.317Z,02:15:00,02:00:18,1600.00,1600.00,0.00,1600.00,released,[synthetic] src: synthetic_0332.json,true
657,657,356,157,2026-06-27T16:00:00.000Z,2026-06-27T17:06:00.000Z,2026-06-28T04:20:06.494Z,2026-06-27T17:57:40.765Z,2026-06-27T21:03:10.735Z,2026-06-28T16:19:14.258Z,05:00:00,03:05:30,3850.00,3850.00,0.00,3850.00,released,[synthetic] src: synthetic_0333.json,true
658,658,357,158,2026-01-22T16:00:00.000Z,2026-01-23T13:13:00.000Z,2026-01-23T22:46:42.575Z,2026-01-23T14:26:57.784Z,2026-01-23T18:25:28.808Z,2026-01-24T11:05:45.458Z,05:15:00,03:58:31,4500.00,4500.00,0.00,4500.00,released,[synthetic] src: synthetic_0334.json,true
659,659,358,159,2026-10-07T16:00:00.000Z,2026-10-08T08:18:00.000Z,2026-10-08T15:58:43.195Z,2026-10-08T08:54:50.544Z,2026-10-08T13:33:37.471Z,2026-10-09T06:19:31.965Z,02:45:00,04:38:47,2300.00,2300.00,0.00,2300.00,released,[synthetic] src: synthetic_0335.json,true
660,660,359,160,2026-06-24T16:00:00.000Z,2026-06-25T15:39:00.000Z,2026-06-26T02:51:36.260Z,2026-06-25T16:25:32.793Z,2026-06-25T21:48:47.095Z,2026-06-26T11:10:17.452Z,05:15:00,05:23:14,4150.00,4150.00,0.00,4150.00,released,[synthetic] src: synthetic_0336.json,true
661,661,360,161,2026-03-11T16:00:00.000Z,2026-03-11T17:56:00.000Z,2026-03-12T06:57:13.190Z,2026-03-11T18:59:04.727Z,2026-03-12T02:41:44.408Z,2026-03-12T21:57:55.837Z,14:00:00,07:42:40,17050.00,17050.00,0.00,17050.00,released,[synthetic] src: synthetic_0337.json,true
662,662,361,162,2026-02-15T16:00:00.000Z,2026-02-16T13:13:00.000Z,2026-02-17T01:43:03.262Z,2026-02-16T14:04:17.345Z,2026-02-16T19:35:31.974Z,2026-02-16T22:14:27.901Z,04:15:00,05:31:15,6000.00,6000.00,0.00,6000.00,released,[synthetic] src: synthetic_0338.json,true
663,663,362,163,2026-11-05T16:00:00.000Z,2026-11-06T12:55:00.000Z,2026-11-07T00:37:24.804Z,2026-11-06T13:55:02.656Z,2026-11-06T18:17:51.356Z,2026-11-07T16:10:29.898Z,03:00:00,04:22:49,2350.00,2350.00,0.00,2350.00,released,[synthetic] src: synthetic_0339.json,true
664,664,363,164,2026-10-05T16:00:00.000Z,2026-10-06T12:33:00.000Z,2026-10-07T00:42:09.966Z,2026-10-06T13:52:03.338Z,2026-10-06T20:52:51.127Z,2026-10-07T20:11:57.648Z,04:15:00,07:00:48,4250.00,4250.00,0.00,4250.00,released,[synthetic] src: synthetic_0340.json,true
665,665,364,165,2026-12-15T16:00:00.000Z,2026-12-16T12:54:00.000Z,2026-12-16T20:32:59.739Z,2026-12-16T14:13:24.093Z,2026-12-16T17:06:11.085Z,2026-12-17T05:53:21.937Z,02:30:00,02:52:47,2150.00,2150.00,0.00,2150.00,released,[synthetic] src: synthetic_0341.json,true
666,666,365,166,2026-02-04T16:00:00.000Z,2026-02-05T09:19:00.000Z,2026-02-05T19:04:30.404Z,2026-02-05T10:18:51.773Z,2026-02-05T17:56:26.345Z,2026-02-06T05:02:57.535Z,04:15:00,07:37:35,5700.00,5700.00,0.00,5700.00,released,[synthetic] src: synthetic_0342.json,true
667,667,366,167,2026-07-06T16:00:00.000Z,2026-07-07T09:17:00.000Z,2026-07-07T16:40:53.271Z,2026-07-07T10:05:32.429Z,2026-07-07T13:28:01.939Z,2026-07-08T00:31:38.698Z,03:15:00,03:22:30,2700.00,2700.00,0.00,2700.00,released,[synthetic] src: synthetic_0343.json,true
668,668,367,168,2026-07-31T16:00:00.000Z,2026-08-01T10:29:00.000Z,2026-08-01T16:00:14.039Z,2026-08-01T11:31:28.101Z,2026-08-01T18:34:58.478Z,2026-08-02T00:01:57.058Z,05:15:00,07:03:30,5350.00,5350.00,0.00,5350.00,released,[synthetic] src: synthetic_0344.json,true
669,669,368,169,2026-12-04T16:00:00.000Z,2026-12-05T11:27:00.000Z,2026-12-06T00:03:52.105Z,2026-12-05T12:53:27.333Z,2026-12-05T18:41:37.858Z,2026-12-05T19:57:08.464Z,05:15:00,05:48:11,4200.00,4200.00,0.00,4200.00,released,[synthetic] src: synthetic_0345.json,true
670,670,369,170,2026-11-18T16:00:00.000Z,2026-11-19T15:34:00.000Z,2026-11-20T01:22:26.693Z,2026-11-19T16:49:24.763Z,2026-11-19T23:11:18.579Z,2026-11-20T05:43:54.797Z,01:30:00,06:21:54,1300.00,1300.00,0.00,1300.00,released,[synthetic] src: synthetic_0346.json,true
671,671,370,171,2026-09-20T16:00:00.000Z,2026-09-20T17:56:00.000Z,2026-09-20T23:35:44.266Z,2026-09-20T19:05:23.023Z,2026-09-20T21:30:58.781Z,2026-09-21T11:17:21.788Z,03:45:00,02:25:36,3500.00,3500.00,0.00,3500.00,released,[synthetic] src: synthetic_0347.json,true
672,672,371,172,2026-12-17T16:00:00.000Z,2026-12-18T15:08:00.000Z,2026-12-18T20:53:33.239Z,2026-12-18T16:30:31.570Z,2026-12-18T21:05:55.518Z,2026-12-19T18:14:53.123Z,02:15:00,04:35:24,1500.00,1500.00,0.00,1500.00,released,[synthetic] src: synthetic_0348.json,true
673,673,372,173,2026-04-06T16:00:00.000Z,2026-04-06T16:16:00.000Z,2026-04-07T03:20:07.721Z,2026-04-06T17:36:22.101Z,2026-04-06T21:37:55.082Z,2026-04-07T15:14:39.396Z,03:45:00,04:01:33,3700.00,3700.00,0.00,3700.00,released,[synthetic] src: synthetic_0349.json,true
674,674,373,174,2026-10-21T16:00:00.000Z,2026-10-22T15:02:00.000Z,2026-10-23T03:37:50.326Z,2026-10-22T16:24:47.466Z,2026-10-22T20:26:10.032Z,2026-10-22T23:10:11.558Z,07:00:00,04:01:23,5500.00,5500.00,0.00,5500.00,released,[synthetic] src: synthetic_0350.json,true
675,675,374,175,2026-07-15T16:00:00.000Z,2026-07-16T15:38:00.000Z,2026-07-17T01:17:38.332Z,2026-07-16T16:47:26.970Z,2026-07-17T00:36:14.810Z,2026-07-18T00:10:32.378Z,02:15:00,07:48:48,1900.00,1900.00,0.00,1900.00,released,[synthetic] src: synthetic_0351.json,true
676,676,375,176,2026-08-02T16:00:00.000Z,2026-08-03T13:38:00.000Z,2026-08-03T21:48:19.727Z,2026-08-03T14:35:47.214Z,2026-08-03T19:16:12.836Z,2026-08-04T06:05:04.073Z,05:00:00,04:40:26,4100.00,4100.00,0.00,4100.00,released,[synthetic] src: synthetic_0352.json,true
677,677,376,177,2026-10-14T16:00:00.000Z,2026-10-14T16:55:00.000Z,2026-10-15T00:16:49.960Z,2026-10-14T17:59:26.462Z,2026-10-14T20:18:35.403Z,2026-10-15T13:10:48.406Z,02:15:00,02:19:09,1950.00,1950.00,0.00,1950.00,released,[synthetic] src: synthetic_0353.json,true
678,678,377,178,2026-01-10T16:00:00.000Z,2026-01-11T11:52:00.000Z,2026-01-11T18:19:39.931Z,2026-01-11T13:08:30.193Z,2026-01-11T17:21:39.402Z,2026-01-11T20:44:03.613Z,05:00:00,04:13:09,4100.00,4100.00,0.00,4100.00,released,[synthetic] src: synthetic_0354.json,true
679,679,378,179,2026-08-07T16:00:00.000Z,2026-08-08T09:51:00.000Z,2026-08-08T18:40:49.536Z,2026-08-08T11:18:40.806Z,2026-08-08T14:01:12.630Z,2026-08-09T07:06:41.821Z,07:00:00,02:42:32,6100.00,6100.00,0.00,6100.00,released,[synthetic] src: synthetic_0355.json,true
680,680,379,180,2026-04-25T16:00:00.000Z,2026-04-25T16:38:00.000Z,2026-04-26T01:02:16.888Z,2026-04-25T17:37:56.671Z,2026-04-26T00:21:46.648Z,2026-04-26T12:53:43.023Z,03:00:00,06:43:50,2400.00,2400.00,0.00,2400.00,released,[synthetic] src: synthetic_0356.json,true
681,681,380,181,2026-01-26T16:00:00.000Z,2026-01-27T09:03:00.000Z,2026-01-27T13:50:55.196Z,2026-01-27T09:47:52.292Z,2026-01-27T14:55:32.871Z,2026-01-27T20:06:00.263Z,03:15:00,05:07:41,2750.00,2750.00,0.00,2750.00,released,[synthetic] src: synthetic_0357.json,true
682,682,381,182,2026-04-21T16:00:00.000Z,2026-04-21T16:57:00.000Z,2026-04-22T04:46:21.972Z,2026-04-21T18:22:15.224Z,2026-04-21T21:01:46.440Z,2026-04-22T03:38:35.201Z,02:30:00,02:39:31,2300.00,2300.00,0.00,2300.00,released,[synthetic] src: synthetic_0358.json,true
683,683,382,183,2026-05-12T16:00:00.000Z,2026-05-13T09:03:00.000Z,2026-05-13T17:47:24.374Z,2026-05-13T09:34:04.260Z,2026-05-13T14:32:45.149Z,2026-05-14T08:25:29.525Z,05:15:00,04:58:41,4850.00,4850.00,0.00,4850.00,released,[synthetic] src: synthetic_0359.json,true
684,684,383,184,2026-01-24T16:00:00.000Z,2026-01-25T09:35:00.000Z,2026-01-25T18:05:13.976Z,2026-01-25T10:31:34.318Z,2026-01-25T12:59:24.532Z,2026-01-26T01:15:41.321Z,02:15:00,02:27:50,1400.00,1400.00,0.00,1400.00,released,[synthetic] src: synthetic_0360.json,true
685,685,384,185,2026-10-25T16:00:00.000Z,2026-10-26T08:07:00.000Z,2026-10-26T19:11:09.489Z,2026-10-26T09:21:44.489Z,2026-10-26T17:03:20.911Z,2026-10-27T09:12:57.681Z,01:30:00,07:41:36,1200.00,1200.00,0.00,1200.00,released,[synthetic] src: synthetic_0361.json,true
686,686,385,186,2026-05-25T16:00:00.000Z,2026-05-26T12:55:00.000Z,2026-05-27T01:16:58.765Z,2026-05-26T13:32:14.856Z,2026-05-26T17:01:12.061Z,2026-05-27T08:50:19.907Z,03:00:00,03:28:57,2500.00,2500.00,0.00,2500.00,released,[synthetic] src: synthetic_0362.json,true
687,687,386,187,2026-10-31T16:00:00.000Z,2026-11-01T13:34:00.000Z,2026-11-02T00:27:27.660Z,2026-11-01T14:50:10.147Z,2026-11-01T16:55:36.202Z,2026-11-02T08:27:01.780Z,01:30:00,02:05:26,1200.00,1200.00,0.00,1200.00,released,[synthetic] src: synthetic_0363.json,true
688,688,387,188,2026-10-04T16:00:00.000Z,2026-10-05T08:06:00.000Z,2026-10-05T14:02:11.321Z,2026-10-05T09:27:09.062Z,2026-10-05T12:56:33.009Z,2026-10-05T21:02:33.303Z,01:30:00,03:29:24,1000.00,1000.00,0.00,1000.00,released,[synthetic] src: synthetic_0364.json,true
689,689,388,189,2026-01-17T16:00:00.000Z,2026-01-17T17:30:00.000Z,2026-01-17T22:05:10.822Z,2026-01-17T18:03:04.139Z,2026-01-17T20:47:06.721Z,2026-01-18T02:53:30.899Z,05:00:00,02:44:03,4600.00,4600.00,0.00,4600.00,released,[synthetic] src: synthetic_0365.json,true
690,690,389,190,2026-08-21T16:00:00.000Z,2026-08-21T17:14:00.000Z,2026-08-21T23:33:36.431Z,2026-08-21T18:15:20.982Z,2026-08-22T00:12:17.510Z,2026-08-22T06:06:57.375Z,01:30:00,05:56:57,1100.00,1100.00,0.00,1100.00,released,[synthetic] src: synthetic_0366.json,true
691,691,390,191,2026-09-24T16:00:00.000Z,2026-09-25T15:47:00.000Z,2026-09-26T00:59:09.489Z,2026-09-25T17:06:32.483Z,2026-09-25T22:35:06.781Z,2026-09-26T04:11:39.895Z,04:30:00,05:28:34,3100.00,3100.00,0.00,3100.00,released,[synthetic] src: synthetic_0367.json,true
692,692,391,192,2026-07-14T16:00:00.000Z,2026-07-15T15:47:00.000Z,2026-07-15T22:39:21.484Z,2026-07-15T16:24:48.783Z,2026-07-16T00:24:28.056Z,2026-07-16T12:07:07.077Z,02:15:00,07:59:39,2000.00,2000.00,0.00,2000.00,released,[synthetic] src: synthetic_0368.json,true
693,693,392,193,2026-04-23T16:00:00.000Z,2026-04-24T14:33:00.000Z,2026-04-25T02:19:45.181Z,2026-04-24T15:49:50.642Z,2026-04-24T18:47:58.372Z,2026-04-25T04:41:26.608Z,04:15:00,02:58:08,5450.00,5450.00,0.00,5450.00,released,[synthetic] src: synthetic_0369.json,true
694,694,393,194,2026-05-31T16:00:00.000Z,2026-06-01T11:18:00.000Z,2026-06-01T21:54:36.443Z,2026-06-01T12:44:02.245Z,2026-06-01T20:00:20.128Z,2026-06-02T16:54:46.268Z,02:30:00,07:16:18,2050.00,2050.00,0.00,2050.00,released,[synthetic] src: synthetic_0370.json,true
695,695,394,195,2026-07-01T16:00:00.000Z,2026-07-02T09:59:00.000Z,2026-07-02T21:46:26.956Z,2026-07-02T10:46:51.144Z,2026-07-02T17:42:51.353Z,2026-07-03T16:26:01.948Z,05:00:00,06:56:00,3950.00,3950.00,0.00,3950.00,released,[synthetic] src: synthetic_0371.json,true
696,696,395,196,2026-11-06T16:00:00.000Z,2026-11-07T09:33:00.000Z,2026-11-07T20:26:16.689Z,2026-11-07T10:24:01.004Z,2026-11-07T15:41:52.028Z,2026-11-08T02:28:27.163Z,03:00:00,05:17:51,3200.00,3200.00,0.00,3200.00,released,[synthetic] src: synthetic_0372.json,true
697,697,396,197,2026-05-24T16:00:00.000Z,2026-05-25T14:28:00.000Z,2026-05-25T21:08:00.376Z,2026-05-25T15:00:56.628Z,2026-05-25T18:02:50.173Z,2026-05-26T14:15:23.948Z,02:15:00,03:01:54,1850.00,1850.00,0.00,1850.00,released,[synthetic] src: synthetic_0373.json,true
698,698,397,198,2026-07-13T16:00:00.000Z,2026-07-14T12:58:00.000Z,2026-07-15T01:20:08.733Z,2026-07-14T13:47:06.649Z,2026-07-14T15:56:45.618Z,2026-07-14T19:56:30.310Z,01:30:00,02:09:39,1050.00,1050.00,0.00,1050.00,released,[synthetic] src: synthetic_0374.json,true
699,699,398,199,2026-09-05T16:00:00.000Z,2026-09-06T14:55:00.000Z,2026-09-07T00:32:13.332Z,2026-09-06T15:39:26.906Z,2026-09-06T21:37:32.671Z,2026-09-07T12:08:48.494Z,01:30:00,05:58:06,1050.00,1050.00,0.00,1050.00,released,[synthetic] src: synthetic_0375.json,true
700,700,399,200,2026-12-22T16:00:00.000Z,2026-12-23T14:01:00.000Z,2026-12-23T21:06:44.607Z,2026-12-23T15:16:31.459Z,2026-12-23T17:38:00.712Z,2026-12-24T05:13:26.477Z,03:30:00,02:21:29,3450.00,3450.00,0.00,3450.00,released,[synthetic] src: synthetic_0376.json,true
701,701,400,201,2026-04-12T16:00:00.000Z,2026-04-13T15:23:00.000Z,2026-04-13T20:37:27.935Z,2026-04-13T16:25:24.289Z,2026-04-13T22:07:37.376Z,2026-04-14T20:21:09.465Z,03:30:00,05:42:13,2750.00,2750.00,0.00,2750.00,released,[synthetic] src: synthetic_0377.json,true
702,702,401,202,2026-12-08T16:00:00.000Z,2026-12-09T11:48:00.000Z,2026-12-10T00:12:48.977Z,2026-12-09T12:48:45.814Z,2026-12-09T17:46:29.548Z,2026-12-10T03:55:31.438Z,04:15:00,04:57:44,5100.00,5100.00,0.00,5100.00,released,[synthetic] src: synthetic_0378.json,true
703,703,402,203,2026-07-13T16:00:00.000Z,2026-07-14T08:18:00.000Z,2026-07-14T18:27:53.424Z,2026-07-14T09:21:18.504Z,2026-07-14T15:30:19.521Z,2026-07-15T10:08:16.508Z,02:15:00,06:09:01,1550.00,1550.00,0.00,1550.00,released,[synthetic] src: synthetic_0379.json,true
704,704,403,204,2026-12-06T16:00:00.000Z,2026-12-07T09:34:00.000Z,2026-12-07T18:00:21.867Z,2026-12-07T10:07:29.743Z,2026-12-07T12:11:05.552Z,2026-12-07T21:17:05.704Z,02:45:00,02:03:36,2450.00,2450.00,0.00,2450.00,released,[synthetic] src: synthetic_0380.json,true
705,705,404,205,2026-04-23T16:00:00.000Z,2026-04-24T12:11:00.000Z,2026-04-24T22:09:22.591Z,2026-04-24T12:41:14.940Z,2026-04-24T16:43:24.522Z,2026-04-25T11:03:27.158Z,05:00:00,04:02:10,3600.00,3600.00,0.00,3600.00,released,[synthetic] src: synthetic_0381.json,true
706,706,405,206,2026-10-02T16:00:00.000Z,2026-10-03T10:09:00.000Z,2026-10-03T22:25:55.706Z,2026-10-03T10:40:08.467Z,2026-10-03T15:51:10.141Z,2026-10-03T18:15:22.287Z,03:00:00,05:11:02,2950.00,2950.00,0.00,2950.00,released,[synthetic] src: synthetic_0382.json,true
707,707,406,207,2026-05-25T16:00:00.000Z,2026-05-26T09:35:00.000Z,2026-05-26T16:50:05.720Z,2026-05-26T10:32:13.203Z,2026-05-26T17:10:40.380Z,2026-05-27T10:23:47.106Z,01:30:00,06:38:27,1200.00,1200.00,0.00,1200.00,released,[synthetic] src: synthetic_0383.json,true
708,708,407,208,2026-09-08T16:00:00.000Z,2026-09-09T08:38:00.000Z,2026-09-09T14:09:49.819Z,2026-09-09T09:25:19.408Z,2026-09-09T14:08:02.258Z,2026-09-10T08:25:53.876Z,03:30:00,04:42:43,2900.00,2900.00,0.00,2900.00,released,[synthetic] src: synthetic_0384.json,true
709,709,408,209,2026-02-11T16:00:00.000Z,2026-02-11T16:17:00.000Z,2026-02-12T05:16:05.721Z,2026-02-11T17:28:13.588Z,2026-02-11T19:55:59.902Z,2026-02-12T06:08:44.394Z,07:00:00,02:27:46,4200.00,4200.00,0.00,4200.00,released,[synthetic] src: synthetic_0385.json,true
710,710,409,210,2026-06-17T16:00:00.000Z,2026-06-18T09:21:00.000Z,2026-06-18T21:40:13.914Z,2026-06-18T10:03:48.971Z,2026-06-18T17:27:57.402Z,2026-06-19T14:06:44.047Z,05:15:00,07:24:08,5300.00,5300.00,0.00,5300.00,released,[synthetic] src: synthetic_0386.json,true
711,711,410,211,2026-05-22T16:00:00.000Z,2026-05-23T10:17:00.000Z,2026-05-23T15:09:57.009Z,2026-05-23T11:04:00.032Z,2026-05-23T15:45:45.501Z,2026-05-24T02:02:06.252Z,04:30:00,04:41:45,3100.00,3100.00,0.00,3100.00,released,[synthetic] src: synthetic_0387.json,true
712,712,411,212,2026-04-09T16:00:00.000Z,2026-04-10T13:44:00.000Z,2026-04-10T21:56:32.447Z,2026-04-10T14:36:11.388Z,2026-04-10T21:44:43.618Z,2026-04-11T20:58:04.448Z,02:30:00,07:08:32,2200.00,2200.00,0.00,2200.00,released,[synthetic] src: synthetic_0388.json,true
713,713,412,213,2026-08-20T16:00:00.000Z,2026-08-20T17:36:00.000Z,2026-08-21T03:11:21.654Z,2026-08-20T18:54:01.077Z,2026-08-21T00:04:33.157Z,2026-08-21T04:08:48.676Z,07:00:00,05:10:32,4450.00,4450.00,0.00,4450.00,released,[synthetic] src: synthetic_0389.json,true
714,714,413,214,2026-10-06T16:00:00.000Z,2026-10-07T10:08:00.000Z,2026-10-07T15:14:12.341Z,2026-10-07T10:58:28.235Z,2026-10-07T18:44:45.018Z,2026-10-08T00:10:36.736Z,03:45:00,07:46:17,3350.00,3350.00,0.00,3350.00,released,[synthetic] src: synthetic_0390.json,true
715,715,414,215,2026-07-21T16:00:00.000Z,2026-07-22T15:45:00.000Z,2026-07-22T22:00:37.170Z,2026-07-22T17:07:26.064Z,2026-07-22T20:08:55.231Z,2026-07-23T00:07:36.193Z,02:15:00,03:01:29,1850.00,1850.00,0.00,1850.00,released,[synthetic] src: synthetic_0391.json,true
716,716,415,216,2026-04-20T16:00:00.000Z,2026-04-21T10:31:00.000Z,2026-04-21T20:25:25.959Z,2026-04-21T11:27:37.050Z,2026-04-21T17:27:07.027Z,2026-04-21T19:46:15.391Z,01:30:00,05:59:30,1200.00,1200.00,0.00,1200.00,released,[synthetic] src: synthetic_0392.json,true
717,717,416,217,2026-07-21T16:00:00.000Z,2026-07-22T14:49:00.000Z,2026-07-23T01:08:36.514Z,2026-07-22T16:17:18.240Z,2026-07-22T20:51:01.846Z,2026-07-23T11:27:38.422Z,04:15:00,04:33:44,4450.00,4450.00,0.00,4450.00,released,[synthetic] src: synthetic_0393.json,true
718,718,417,218,2026-11-19T16:00:00.000Z,2026-11-20T13:16:00.000Z,2026-11-20T21:58:18.599Z,2026-11-20T14:32:52.991Z,2026-11-20T21:33:57.807Z,2026-11-21T00:33:04.504Z,07:00:00,07:01:05,5850.00,5850.00,0.00,5850.00,released,[synthetic] src: synthetic_0394.json,true
719,719,418,219,2026-09-27T16:00:00.000Z,2026-09-27T17:29:00.000Z,2026-09-28T01:44:07.845Z,2026-09-27T18:27:13.069Z,2026-09-27T23:54:17.950Z,2026-09-28T21:08:57.269Z,07:00:00,05:27:05,4500.00,4500.00,0.00,4500.00,released,[synthetic] src: synthetic_0395.json,true
720,720,419,220,2026-04-25T16:00:00.000Z,2026-04-26T08:23:00.000Z,2026-04-26T15:26:38.639Z,2026-04-26T09:15:12.924Z,2026-04-26T14:41:14.775Z,2026-04-27T13:01:31.577Z,01:30:00,05:26:02,1350.00,1350.00,0.00,1350.00,released,[synthetic] src: synthetic_0396.json,true
721,721,420,221,2026-01-17T16:00:00.000Z,2026-01-18T13:21:00.000Z,2026-01-18T20:39:01.226Z,2026-01-18T14:46:46.254Z,2026-01-18T21:06:24.614Z,2026-01-19T10:39:06.755Z,03:30:00,06:19:38,3000.00,3000.00,0.00,3000.00,released,[synthetic] src: synthetic_0397.json,true
722,722,421,222,2026-06-20T16:00:00.000Z,2026-06-20T17:27:00.000Z,2026-06-20T23:52:34.187Z,2026-06-20T18:16:06.125Z,2026-06-20T23:05:37.502Z,2026-06-21T14:59:48.710Z,02:15:00,04:49:31,1650.00,1650.00,0.00,1650.00,released,[synthetic] src: synthetic_0398.json,true
723,723,422,223,2026-11-21T16:00:00.000Z,2026-11-22T13:32:00.000Z,2026-11-22T21:54:21.576Z,2026-11-22T14:10:21.016Z,2026-11-22T18:12:30.844Z,2026-11-23T14:13:04.976Z,07:00:00,04:02:10,6050.00,6050.00,0.00,6050.00,released,[synthetic] src: synthetic_0399.json,true
724,724,423,224,2026-09-19T16:00:00.000Z,2026-09-20T09:38:00.000Z,2026-09-20T21:43:46.029Z,2026-09-20T10:28:14.575Z,2026-09-20T13:52:11.111Z,2026-09-20T19:37:47.527Z,03:00:00,03:23:57,2550.00,2550.00,0.00,2550.00,released,[synthetic] src: synthetic_0400.json,true
725,725,424,225,2026-04-01T16:00:00.000Z,2026-04-01T17:29:00.000Z,2026-04-02T04:45:29.527Z,2026-04-01T18:43:23.038Z,2026-04-01T21:42:44.718Z,2026-04-02T04:34:05.857Z,03:15:00,02:59:22,2900.00,2900.00,0.00,2900.00,released,[synthetic] src: synthetic_0401.json,true
726,726,425,226,2026-05-01T16:00:00.000Z,2026-05-02T14:53:00.000Z,2026-05-02T21:43:38.512Z,2026-05-02T15:58:18.884Z,2026-05-02T20:29:29.172Z,2026-05-03T08:10:03.369Z,04:15:00,04:31:10,4400.00,4400.00,0.00,4400.00,released,[synthetic] src: synthetic_0402.json,true
727,727,426,227,2026-05-10T16:00:00.000Z,2026-05-11T15:21:00.000Z,2026-05-12T00:18:22.725Z,2026-05-11T15:58:59.736Z,2026-05-11T23:48:48.076Z,2026-05-12T08:26:03.019Z,02:15:00,07:49:48,1750.00,1750.00,0.00,1750.00,released,[synthetic] src: synthetic_0403.json,true
728,728,427,228,2026-09-23T16:00:00.000Z,2026-09-24T14:30:00.000Z,2026-09-24T21:52:51.190Z,2026-09-24T15:19:27.040Z,2026-09-24T18:27:28.481Z,2026-09-25T03:15:19.053Z,02:30:00,03:08:01,1950.00,1950.00,0.00,1950.00,released,[synthetic] src: synthetic_0404.json,true
729,729,428,229,2026-12-01T16:00:00.000Z,2026-12-01T16:57:00.000Z,2026-12-02T05:54:20.556Z,2026-12-01T18:08:04.694Z,2026-12-02T00:07:18.139Z,2026-12-02T14:25:48.631Z,05:00:00,05:59:13,3700.00,3700.00,0.00,3700.00,released,[synthetic] src: synthetic_0405.json,true
730,730,429,230,2026-09-08T16:00:00.000Z,2026-09-09T12:05:00.000Z,2026-09-10T00:42:42.820Z,2026-09-09T13:02:45.534Z,2026-09-09T18:24:39.712Z,2026-09-09T22:43:59.860Z,07:00:00,05:21:54,6400.00,6400.00,0.00,6400.00,released,[synthetic] src: synthetic_0406.json,true
731,731,430,231,2026-08-24T16:00:00.000Z,2026-08-25T08:16:00.000Z,2026-08-25T19:20:41.594Z,2026-08-25T09:28:32.005Z,2026-08-25T16:28:44.494Z,2026-08-26T00:38:35.606Z,02:45:00,07:00:12,1800.00,1800.00,0.00,1800.00,released,[synthetic] src: synthetic_0407.json,true
732,732,431,232,2026-03-17T16:00:00.000Z,2026-03-18T11:49:00.000Z,2026-03-18T23:18:37.739Z,2026-03-18T13:10:28.664Z,2026-03-18T20:51:56.902Z,2026-03-19T06:17:06.814Z,07:00:00,07:41:28,5900.00,5900.00,0.00,5900.00,released,[synthetic] src: synthetic_0408.json,true
733,733,432,233,2026-05-15T16:00:00.000Z,2026-05-16T13:09:00.000Z,2026-05-16T18:35:33.160Z,2026-05-16T14:33:59.695Z,2026-05-16T20:04:46.301Z,2026-05-17T08:31:45.117Z,03:15:00,05:30:47,2450.00,2450.00,0.00,2450.00,released,[synthetic] src: synthetic_0409.json,true
734,734,433,234,2026-06-13T16:00:00.000Z,2026-06-13T16:35:00.000Z,2026-06-14T01:42:23.242Z,2026-06-13T17:18:52.668Z,2026-06-13T21:57:47.548Z,2026-06-14T08:07:26.478Z,03:45:00,04:38:55,3150.00,3150.00,0.00,3150.00,released,[synthetic] src: synthetic_0410.json,true
735,735,434,235,2026-06-20T16:00:00.000Z,2026-06-21T12:34:00.000Z,2026-06-21T21:11:49.019Z,2026-06-21T13:58:24.740Z,2026-06-21T19:37:53.479Z,2026-06-22T08:42:42.348Z,04:30:00,05:39:29,3050.00,3050.00,0.00,3050.00,released,[synthetic] src: synthetic_0411.json,true
736,736,435,236,2026-04-23T16:00:00.000Z,2026-04-24T10:20:00.000Z,2026-04-24T20:43:10.966Z,2026-04-24T11:05:46.396Z,2026-04-24T13:44:51.650Z,2026-04-24T15:46:30.634Z,02:15:00,02:39:05,1750.00,1750.00,0.00,1750.00,released,[synthetic] src: synthetic_0412.json,true
737,737,436,237,2026-02-24T16:00:00.000Z,2026-02-24T17:05:00.000Z,2026-02-25T01:44:08.639Z,2026-02-24T17:52:32.677Z,2026-02-24T23:56:15.198Z,2026-02-25T06:55:50.424Z,02:15:00,06:03:43,1750.00,1750.00,0.00,1750.00,released,[synthetic] src: synthetic_0413.json,true
738,738,437,238,2026-07-19T16:00:00.000Z,2026-07-20T08:00:00.000Z,2026-07-20T19:54:33.908Z,2026-07-20T09:10:44.956Z,2026-07-20T11:18:09.549Z,2026-07-20T14:53:05.136Z,01:30:00,02:07:25,1350.00,1350.00,0.00,1350.00,released,[synthetic] src: synthetic_0414.json,true
739,739,438,239,2026-06-10T16:00:00.000Z,2026-06-11T11:42:00.000Z,2026-06-11T18:02:23.224Z,2026-06-11T13:04:32.399Z,2026-06-11T19:33:01.347Z,2026-06-12T17:38:20.114Z,03:30:00,06:28:29,2650.00,2650.00,0.00,2650.00,released,[synthetic] src: synthetic_0415.json,true
740,740,439,240,2026-09-06T16:00:00.000Z,2026-09-06T17:46:00.000Z,2026-09-07T05:20:03.500Z,2026-09-06T18:59:04.855Z,2026-09-06T22:54:37.979Z,2026-09-07T10:36:10.037Z,04:15:00,03:55:33,5400.00,5400.00,0.00,5400.00,released,[synthetic] src: synthetic_0416.json,true
741,741,440,241,2026-04-09T16:00:00.000Z,2026-04-10T09:41:00.000Z,2026-04-10T21:30:58.435Z,2026-04-10T10:21:22.246Z,2026-04-10T12:58:55.041Z,2026-04-11T02:33:47.560Z,01:30:00,02:37:33,1300.00,1300.00,0.00,1300.00,released,[synthetic] src: synthetic_0417.json,true
742,742,441,242,2026-03-13T16:00:00.000Z,2026-03-14T10:59:00.000Z,2026-03-14T21:54:08.758Z,2026-03-14T12:09:57.137Z,2026-03-14T15:25:07.975Z,2026-03-14T20:29:28.086Z,02:15:00,03:15:11,1650.00,1650.00,0.00,1650.00,released,[synthetic] src: synthetic_0418.json,true
743,743,442,243,2026-12-20T16:00:00.000Z,2026-12-20T16:10:00.000Z,2026-12-21T04:46:00.537Z,2026-12-20T16:52:49.637Z,2026-12-20T22:31:37.968Z,2026-12-21T08:26:22.535Z,03:00:00,05:38:48,2400.00,2400.00,0.00,2400.00,released,[synthetic] src: synthetic_0419.json,true
744,744,443,244,2026-02-19T16:00:00.000Z,2026-02-20T11:14:00.000Z,2026-02-20T17:32:52.588Z,2026-02-20T12:09:05.850Z,2026-02-20T20:06:29.558Z,2026-02-20T23:06:58.067Z,03:30:00,07:57:24,2850.00,2850.00,0.00,2850.00,released,[synthetic] src: synthetic_0420.json,true
745,745,444,245,2026-02-28T16:00:00.000Z,2026-03-01T08:53:00.000Z,2026-03-01T14:45:49.338Z,2026-03-01T10:22:52.241Z,2026-03-01T14:12:49.055Z,2026-03-02T11:27:07.727Z,02:15:00,03:49:57,1700.00,1700.00,0.00,1700.00,released,[synthetic] src: synthetic_0421.json,true
746,746,445,246,2026-09-10T16:00:00.000Z,2026-09-11T12:04:00.000Z,2026-09-11T19:01:56.465Z,2026-09-11T13:32:39.173Z,2026-09-11T19:29:45.757Z,2026-09-12T17:25:36.199Z,02:15:00,05:57:07,1600.00,1600.00,0.00,1600.00,released,[synthetic] src: synthetic_0422.json,true
747,747,446,247,2026-06-24T16:00:00.000Z,2026-06-24T16:38:00.000Z,2026-06-24T22:55:31.661Z,2026-06-24T17:36:27.748Z,2026-06-24T21:11:40.960Z,2026-06-25T11:14:15.725Z,01:30:00,03:35:13,1300.00,1300.00,0.00,1300.00,released,[synthetic] src: synthetic_0423.json,true
748,748,447,248,2026-07-10T16:00:00.000Z,2026-07-10T16:26:00.000Z,2026-07-10T23:34:53.978Z,2026-07-10T17:18:16.282Z,2026-07-10T20:38:50.672Z,2026-07-11T03:21:59.207Z,01:30:00,03:20:34,1250.00,1250.00,0.00,1250.00,released,[synthetic] src: synthetic_0424.json,true
749,749,448,249,2026-12-24T16:00:00.000Z,2026-12-24T17:43:00.000Z,2026-12-25T00:44:58.557Z,2026-12-24T18:21:55.437Z,2026-12-24T23:01:17.050Z,2026-12-25T02:12:39.144Z,01:30:00,04:39:22,950.00,950.00,0.00,950.00,released,[synthetic] src: synthetic_0425.json,true
750,750,449,250,2026-02-04T16:00:00.000Z,2026-02-04T17:38:00.000Z,2026-02-05T01:08:05.169Z,2026-02-04T18:52:02.990Z,2026-02-05T02:25:29.771Z,2026-02-05T10:54:21.519Z,05:00:00,07:33:27,2700.00,2700.00,0.00,2700.00,released,[synthetic] src: synthetic_0426.json,true
751,751,450,251,2026-08-18T16:00:00.000Z,2026-08-19T11:37:00.000Z,2026-08-20T00:44:00.577Z,2026-08-19T12:53:27.957Z,2026-08-19T19:29:34.929Z,2026-08-20T16:09:14.572Z,03:00:00,06:36:07,2850.00,2850.00,0.00,2850.00,released,[synthetic] src: synthetic_0427.json,true
752,752,451,252,2026-02-10T16:00:00.000Z,2026-02-11T12:58:00.000Z,2026-02-11T19:17:23.735Z,2026-02-11T14:20:59.063Z,2026-02-11T19:56:42.331Z,2026-02-12T17:03:27.485Z,14:00:00,05:35:43,15700.00,15700.00,0.00,15700.00,released,[synthetic] src: synthetic_0428.json,true
753,753,452,253,2026-09-19T16:00:00.000Z,2026-09-20T11:20:00.000Z,2026-09-20T23:52:22.563Z,2026-09-20T12:23:16.527Z,2026-09-20T17:59:35.762Z,2026-09-21T02:33:14.666Z,02:15:00,05:36:19,1700.00,1700.00,0.00,1700.00,released,[synthetic] src: synthetic_0429.json,true
754,754,453,254,2026-11-19T16:00:00.000Z,2026-11-20T14:54:00.000Z,2026-11-20T20:56:52.910Z,2026-11-20T16:00:29.298Z,2026-11-20T18:05:10.271Z,2026-11-21T10:40:40.103Z,01:30:00,02:04:41,1300.00,1300.00,0.00,1300.00,released,[synthetic] src: synthetic_0430.json,true
755,755,454,255,2026-08-07T16:00:00.000Z,2026-08-08T11:09:00.000Z,2026-08-08T22:35:17.250Z,2026-08-08T12:31:10.141Z,2026-08-08T20:28:36.507Z,2026-08-09T09:14:01.006Z,05:15:00,07:57:26,3900.00,3900.00,0.00,3900.00,released,[synthetic] src: synthetic_0431.json,true
756,756,455,256,2026-05-23T16:00:00.000Z,2026-05-24T13:51:00.000Z,2026-05-24T22:59:56.250Z,2026-05-24T15:14:16.690Z,2026-05-24T20:31:34.661Z,2026-05-25T00:49:05.092Z,03:00:00,05:17:18,2500.00,2500.00,0.00,2500.00,released,[synthetic] src: synthetic_0432.json,true
757,757,456,257,2026-12-07T16:00:00.000Z,2026-12-08T13:45:00.000Z,2026-12-08T21:18:00.450Z,2026-12-08T14:38:42.053Z,2026-12-08T19:15:07.479Z,2026-12-09T00:51:32.615Z,02:15:00,04:36:25,1600.00,1600.00,0.00,1600.00,released,[synthetic] src: synthetic_0433.json,true
758,758,457,258,2026-12-17T16:00:00.000Z,2026-12-18T12:21:00.000Z,2026-12-18T19:34:46.603Z,2026-12-18T13:14:36.958Z,2026-12-18T19:00:26.440Z,2026-12-19T01:54:39.372Z,01:30:00,05:45:49,1200.00,1200.00,0.00,1200.00,released,[synthetic] src: synthetic_0434.json,true
759,759,458,259,2026-02-10T16:00:00.000Z,2026-02-11T09:25:00.000Z,2026-02-11T19:25:52.339Z,2026-02-11T10:48:47.681Z,2026-02-11T15:27:04.366Z,2026-02-11T23:32:19.692Z,04:30:00,04:38:17,4300.00,4300.00,0.00,4300.00,released,[synthetic] src: synthetic_0435.json,true
760,760,459,260,2026-11-01T16:00:00.000Z,2026-11-02T13:06:00.000Z,2026-11-03T02:00:02.770Z,2026-11-02T14:21:27.460Z,2026-11-02T16:22:28.068Z,2026-11-03T13:19:32.825Z,02:15:00,02:01:01,1450.00,1450.00,0.00,1450.00,released,[synthetic] src: synthetic_0436.json,true
761,761,460,261,2026-05-03T16:00:00.000Z,2026-05-04T12:06:00.000Z,2026-05-04T20:24:29.983Z,2026-05-04T12:46:29.430Z,2026-05-04T18:36:08.998Z,2026-05-05T12:24:23.992Z,02:30:00,05:49:40,2300.00,2300.00,0.00,2300.00,released,[synthetic] src: synthetic_0437.json,true
762,762,461,262,2026-11-04T16:00:00.000Z,2026-11-04T16:04:00.000Z,2026-11-05T00:41:00.572Z,2026-11-04T17:05:11.838Z,2026-11-04T23:50:25.738Z,2026-11-05T22:45:43.794Z,04:30:00,06:45:14,3750.00,3750.00,0.00,3750.00,released,[synthetic] src: synthetic_0438.json,true
763,763,462,263,2026-06-09T16:00:00.000Z,2026-06-10T10:28:00.000Z,2026-06-10T19:01:43.989Z,2026-06-10T11:08:19.768Z,2026-06-10T17:01:09.119Z,2026-06-11T15:43:18.438Z,01:30:00,05:52:49,1150.00,1150.00,0.00,1150.00,released,[synthetic] src: synthetic_0439.json,true
764,764,463,264,2026-01-17T16:00:00.000Z,2026-01-18T08:19:00.000Z,2026-01-18T21:22:08.041Z,2026-01-18T09:37:20.797Z,2026-01-18T16:46:02.955Z,2026-01-19T14:04:07.678Z,02:15:00,07:08:42,1200.00,1200.00,0.00,1200.00,released,[synthetic] src: synthetic_0440.json,true
765,765,464,265,2026-02-22T16:00:00.000Z,2026-02-23T12:00:00.000Z,2026-02-23T19:40:54.357Z,2026-02-23T13:20:28.506Z,2026-02-23T20:08:13.654Z,2026-02-24T12:20:54.419Z,01:30:00,06:47:45,1450.00,1450.00,0.00,1450.00,released,[synthetic] src: synthetic_0441.json,true
766,766,465,266,2026-03-14T16:00:00.000Z,2026-03-15T11:04:00.000Z,2026-03-15T17:09:01.397Z,2026-03-15T12:10:21.618Z,2026-03-15T16:29:58.166Z,2026-03-16T03:19:06.964Z,14:00:00,04:19:37,14800.00,14800.00,0.00,14800.00,released,[synthetic] src: synthetic_0442.json,true
767,767,466,267,2026-02-15T16:00:00.000Z,2026-02-16T09:14:00.000Z,2026-02-16T20:50:13.890Z,2026-02-16T10:38:35.819Z,2026-02-16T17:04:18.554Z,2026-02-17T01:43:24.950Z,02:45:00,06:25:43,2000.00,2000.00,0.00,2000.00,released,[synthetic] src: synthetic_0443.json,true
768,768,467,268,2026-09-09T16:00:00.000Z,2026-09-10T09:14:00.000Z,2026-09-10T18:42:53.395Z,2026-09-10T10:29:49.005Z,2026-09-10T16:50:45.918Z,2026-09-10T19:35:47.672Z,01:30:00,06:20:57,1100.00,1100.00,0.00,1100.00,released,[synthetic] src: synthetic_0444.json,true
769,769,468,269,2026-11-07T16:00:00.000Z,2026-11-08T08:36:00.000Z,2026-11-08T16:34:17.570Z,2026-11-08T09:21:05.776Z,2026-11-08T16:08:14.296Z,2026-11-09T01:52:23.094Z,05:00:00,06:47:09,3900.00,3900.00,0.00,3900.00,released,[synthetic] src: synthetic_0445.json,true
770,770,469,270,2026-03-07T16:00:00.000Z,2026-03-08T12:40:00.000Z,2026-03-08T22:14:28.232Z,2026-03-08T13:54:51.379Z,2026-03-08T17:44:36.569Z,2026-03-09T01:55:27.324Z,03:00:00,03:49:45,2650.00,2650.00,0.00,2650.00,released,[synthetic] src: synthetic_0446.json,true
771,771,470,271,2026-06-11T16:00:00.000Z,2026-06-12T13:42:00.000Z,2026-06-13T00:49:00.591Z,2026-06-12T14:49:27.731Z,2026-06-12T20:12:01.641Z,2026-06-13T01:10:44.342Z,03:30:00,05:22:34,2700.00,2700.00,0.00,2700.00,released,[synthetic] src: synthetic_0447.json,true
772,772,471,272,2026-03-13T16:00:00.000Z,2026-03-14T15:01:00.000Z,2026-03-14T22:06:45.835Z,2026-03-14T16:24:56.718Z,2026-03-14T23:43:37.459Z,2026-03-15T15:42:54.851Z,02:30:00,07:18:41,2550.00,2550.00,0.00,2550.00,released,[synthetic] src: synthetic_0448.json,true
773,773,472,273,2026-08-18T16:00:00.000Z,2026-08-19T15:21:00.000Z,2026-08-19T23:55:55.672Z,2026-08-19T16:16:03.188Z,2026-08-19T21:14:06.728Z,2026-08-20T10:45:29.853Z,07:00:00,04:58:04,5350.00,5350.00,0.00,5350.00,released,[synthetic] src: synthetic_0449.json,true
774,774,473,274,2026-06-26T16:00:00.000Z,2026-06-27T15:37:00.000Z,2026-06-27T22:22:57.084Z,2026-06-27T16:42:33.381Z,2026-06-28T00:04:41.714Z,2026-06-28T03:31:20.959Z,01:30:00,07:22:08,1250.00,1250.00,0.00,1250.00,released,[synthetic] src: synthetic_0450.json,true
775,775,474,275,2026-03-13T16:00:00.000Z,2026-03-14T13:54:00.000Z,2026-03-14T19:52:09.044Z,2026-03-14T14:37:37.343Z,2026-03-14T16:57:33.876Z,2026-03-15T02:27:01.566Z,01:30:00,02:19:57,1250.00,1250.00,0.00,1250.00,released,[synthetic] src: synthetic_0451.json,true
776,776,475,276,2026-05-21T16:00:00.000Z,2026-05-22T14:21:00.000Z,2026-05-23T00:19:04.289Z,2026-05-22T15:46:33.973Z,2026-05-22T18:46:15.473Z,2026-05-23T05:45:47.478Z,14:00:00,02:59:42,10450.00,10450.00,0.00,10450.00,released,[synthetic] src: synthetic_0452.json,true
777,777,476,277,2026-03-03T16:00:00.000Z,2026-03-03T17:40:00.000Z,2026-03-04T02:58:17.986Z,2026-03-03T19:03:18.165Z,2026-03-03T22:12:24.753Z,2026-03-04T21:11:04.201Z,14:00:00,03:09:07,17700.00,17700.00,0.00,17700.00,released,[synthetic] src: synthetic_0453.json,true
778,778,477,278,2026-01-18T16:00:00.000Z,2026-01-19T15:11:00.000Z,2026-01-20T00:12:59.815Z,2026-01-19T16:05:42.783Z,2026-01-19T22:49:07.516Z,2026-01-20T12:57:17.864Z,02:45:00,06:43:25,1800.00,1800.00,0.00,1800.00,released,[synthetic] src: synthetic_0454.json,true
779,779,478,279,2026-02-21T16:00:00.000Z,2026-02-22T13:37:00.000Z,2026-02-22T22:00:22.171Z,2026-02-22T14:19:11.127Z,2026-02-22T16:59:59.134Z,2026-02-23T06:54:58.393Z,14:45:00,02:40:48,18350.00,18350.00,0.00,18350.00,released,[synthetic] src: synthetic_0455.json,true
780,780,479,280,2026-03-14T16:00:00.000Z,2026-03-15T10:47:00.000Z,2026-03-15T19:55:52.585Z,2026-03-15T12:12:59.881Z,2026-03-15T15:49:04.966Z,2026-03-15T23:10:09.848Z,05:00:00,03:36:05,3250.00,3250.00,0.00,3250.00,released,[synthetic] src: synthetic_0456.json,true
781,781,480,281,2026-07-13T16:00:00.000Z,2026-07-14T10:31:00.000Z,2026-07-14T22:25:26.660Z,2026-07-14T11:35:32.254Z,2026-07-14T19:33:42.591Z,2026-07-14T23:43:20.964Z,02:45:00,07:58:10,2550.00,2550.00,0.00,2550.00,released,[synthetic] src: synthetic_0457.json,true
782,782,481,282,2026-08-20T16:00:00.000Z,2026-08-21T12:35:00.000Z,2026-08-21T23:44:12.293Z,2026-08-21T13:22:11.952Z,2026-08-21T18:33:58.026Z,2026-08-22T06:44:44.089Z,14:30:00,05:11:46,18100.00,18100.00,0.00,18100.00,released,[synthetic] src: synthetic_0458.json,true
783,783,482,283,2026-01-24T16:00:00.000Z,2026-01-25T15:15:00.000Z,2026-01-25T20:35:22.570Z,2026-01-25T16:22:48.309Z,2026-01-25T22:12:43.184Z,2026-01-26T00:30:38.479Z,05:00:00,05:49:55,4800.00,4800.00,0.00,4800.00,released,[synthetic] src: synthetic_0459.json,true
784,784,483,284,2026-01-22T16:00:00.000Z,2026-01-23T12:16:00.000Z,2026-01-23T23:57:47.636Z,2026-01-23T13:09:18.058Z,2026-01-23T17:43:48.549Z,2026-01-24T16:35:28.074Z,02:15:00,04:34:30,1850.00,1850.00,0.00,1850.00,released,[synthetic] src: synthetic_0460.json,true
785,785,484,285,2026-01-03T16:00:00.000Z,2026-01-04T13:35:00.000Z,2026-01-05T01:22:21.620Z,2026-01-04T15:04:34.457Z,2026-01-04T19:51:53.614Z,2026-01-05T03:18:04.679Z,01:30:00,04:47:19,1200.00,1200.00,0.00,1200.00,released,[synthetic] src: synthetic_0461.json,true
786,786,485,286,2026-02-07T16:00:00.000Z,2026-02-08T13:22:00.000Z,2026-02-09T00:45:04.813Z,2026-02-08T14:23:41.909Z,2026-02-08T20:14:09.388Z,2026-02-09T10:52:22.544Z,03:45:00,05:50:27,3450.00,3450.00,0.00,3450.00,released,[synthetic] src: synthetic_0462.json,true
787,787,486,287,2026-11-12T16:00:00.000Z,2026-11-13T14:01:00.000Z,2026-11-14T00:08:32.577Z,2026-11-13T14:31:47.050Z,2026-11-13T17:39:59.236Z,2026-11-14T17:28:27.843Z,05:00:00,03:08:12,3900.00,3900.00,0.00,3900.00,released,[synthetic] src: synthetic_0463.json,true
788,788,487,288,2026-03-12T16:00:00.000Z,2026-03-13T11:48:00.000Z,2026-03-13T22:25:06.290Z,2026-03-13T12:49:43.561Z,2026-03-13T19:37:26.071Z,2026-03-14T12:37:38.306Z,01:30:00,06:47:43,1100.00,1100.00,0.00,1100.00,released,[synthetic] src: synthetic_0464.json,true
789,789,488,289,2026-04-09T16:00:00.000Z,2026-04-09T16:01:00.000Z,2026-04-09T23:41:58.156Z,2026-04-09T17:15:47.978Z,2026-04-09T21:15:50.752Z,2026-04-10T11:44:57.809Z,04:15:00,04:00:03,4700.00,4700.00,0.00,4700.00,released,[synthetic] src: synthetic_0465.json,true
790,790,489,290,2026-01-08T16:00:00.000Z,2026-01-09T12:28:00.000Z,2026-01-09T18:38:39.780Z,2026-01-09T13:09:25.061Z,2026-01-09T16:30:26.935Z,2026-01-09T20:53:39.952Z,03:30:00,03:21:02,2900.00,2900.00,0.00,2900.00,released,[synthetic] src: synthetic_0466.json,true
791,791,490,291,2026-11-03T16:00:00.000Z,2026-11-04T08:56:00.000Z,2026-11-04T13:29:30.046Z,2026-11-04T09:29:07.755Z,2026-11-04T13:44:05.647Z,2026-11-05T02:40:28.483Z,02:30:00,04:14:58,2450.00,2450.00,0.00,2450.00,released,[synthetic] src: synthetic_0467.json,true
792,792,491,292,2026-05-06T16:00:00.000Z,2026-05-07T08:42:00.000Z,2026-05-07T17:12:38.391Z,2026-05-07T09:15:09.181Z,2026-05-07T13:36:44.200Z,2026-05-08T04:19:47.434Z,02:30:00,04:21:35,2450.00,2450.00,0.00,2450.00,released,[synthetic] src: synthetic_0468.json,true
793,793,492,293,2026-03-14T16:00:00.000Z,2026-03-14T17:25:00.000Z,2026-03-15T02:52:43.394Z,2026-03-14T18:47:01.080Z,2026-03-14T23:02:07.784Z,2026-03-15T15:13:48.263Z,05:00:00,04:15:07,4500.00,4500.00,0.00,4500.00,released,[synthetic] src: synthetic_0469.json,true
794,794,493,294,2026-10-05T16:00:00.000Z,2026-10-06T10:52:00.000Z,2026-10-06T23:16:01.537Z,2026-10-06T12:11:14.098Z,2026-10-06T14:12:18.182Z,2026-10-06T20:52:49.110Z,01:30:00,02:01:04,1300.00,1300.00,0.00,1300.00,released,[synthetic] src: synthetic_0470.json,true
795,795,494,295,2026-07-21T16:00:00.000Z,2026-07-22T11:36:00.000Z,2026-07-22T22:25:09.144Z,2026-07-22T12:52:23.797Z,2026-07-22T16:47:27.804Z,2026-07-23T15:58:10.419Z,03:00:00,03:55:04,3650.00,3650.00,0.00,3650.00,released,[synthetic] src: synthetic_0471.json,true
796,796,495,296,2026-04-03T16:00:00.000Z,2026-04-04T10:52:00.000Z,2026-04-04T16:52:59.622Z,2026-04-04T12:03:38.952Z,2026-04-04T18:53:44.954Z,2026-04-05T00:38:26.065Z,07:00:00,06:50:06,5250.00,5250.00,0.00,5250.00,released,[synthetic] src: synthetic_0472.json,true
797,797,496,297,2026-09-12T16:00:00.000Z,2026-09-13T09:27:00.000Z,2026-09-13T19:41:20.404Z,2026-09-13T10:01:12.508Z,2026-09-13T14:53:12.791Z,2026-09-13T16:37:15.007Z,01:30:00,04:52:00,1200.00,1200.00,0.00,1200.00,released,[synthetic] src: synthetic_0473.json,true
798,798,497,298,2026-08-31T16:00:00.000Z,2026-09-01T15:04:00.000Z,2026-09-02T00:24:21.220Z,2026-09-01T16:23:03.058Z,2026-09-01T22:57:12.088Z,2026-09-02T05:16:38.860Z,04:15:00,06:34:09,4400.00,4400.00,0.00,4400.00,released,[synthetic] src: synthetic_0474.json,true
799,799,498,299,2026-04-05T16:00:00.000Z,2026-04-06T13:55:00.000Z,2026-04-07T01:23:40.041Z,2026-04-06T15:16:31.492Z,2026-04-06T19:56:53.197Z,2026-04-07T10:51:47.674Z,07:00:00,04:40:22,4450.00,4450.00,0.00,4450.00,released,[synthetic] src: synthetic_0475.json,true
800,800,499,300,2026-06-21T16:00:00.000Z,2026-06-22T15:25:00.000Z,2026-06-22T20:36:13.660Z,2026-06-22T16:24:03.670Z,2026-06-22T20:48:28.771Z,2026-06-23T01:32:14.311Z,05:00:00,04:24:25,4100.00,4100.00,0.00,4100.00,released,[synthetic] src: synthetic_0476.json,true
801,801,500,301,2026-11-16T16:00:00.000Z,2026-11-17T12:37:00.000Z,2026-11-17T23:04:23.501Z,2026-11-17T14:06:18.117Z,2026-11-17T16:48:18.035Z,2026-11-17T22:01:40.414Z,02:30:00,02:42:00,2300.00,2300.00,0.00,2300.00,released,[synthetic] src: synthetic_0477.json,true
802,802,501,302,2026-10-02T16:00:00.000Z,2026-10-03T10:15:00.000Z,2026-10-03T20:35:07.016Z,2026-10-03T11:19:44.529Z,2026-10-03T14:12:34.971Z,2026-10-04T03:04:54.472Z,03:45:00,02:52:50,3900.00,3900.00,0.00,3900.00,released,[synthetic] src: synthetic_0478.json,true
803,803,502,303,2026-01-19T16:00:00.000Z,2026-01-20T14:04:00.000Z,2026-01-21T02:33:42.942Z,2026-01-20T15:27:27.013Z,2026-01-20T23:00:54.169Z,2026-01-21T06:14:06.118Z,05:00:00,07:33:27,4300.00,4300.00,0.00,4300.00,released,[synthetic] src: synthetic_0479.json,true
804,804,503,304,2026-04-09T16:00:00.000Z,2026-04-10T13:33:00.000Z,2026-04-10T23:28:37.757Z,2026-04-10T14:16:09.226Z,2026-04-10T18:56:52.981Z,2026-04-11T05:30:20.899Z,07:00:00,04:40:44,5400.00,5400.00,0.00,5400.00,released,[synthetic] src: synthetic_0480.json,true
805,805,504,305,2026-08-20T16:00:00.000Z,2026-08-21T13:15:00.000Z,2026-08-21T22:25:36.529Z,2026-08-21T13:56:51.254Z,2026-08-21T19:48:30.370Z,2026-08-22T15:09:39.293Z,04:30:00,05:51:39,3250.00,3250.00,0.00,3250.00,released,[synthetic] src: synthetic_0481.json,true
806,806,505,306,2026-03-04T16:00:00.000Z,2026-03-05T09:23:00.000Z,2026-03-05T20:47:26.080Z,2026-03-05T10:18:44.947Z,2026-03-05T13:54:36.667Z,2026-03-06T12:39:03.121Z,02:45:00,03:35:52,2150.00,2150.00,0.00,2150.00,released,[synthetic] src: synthetic_0482.json,true
807,807,506,307,2026-04-10T16:00:00.000Z,2026-04-11T10:51:00.000Z,2026-04-11T19:15:37.906Z,2026-04-11T11:29:30.872Z,2026-04-11T17:19:03.953Z,2026-04-12T07:01:47.398Z,03:45:00,05:49:33,2600.00,2600.00,0.00,2600.00,released,[synthetic] src: synthetic_0483.json,true
808,808,507,308,2026-02-07T16:00:00.000Z,2026-02-08T09:26:00.000Z,2026-02-08T20:40:15.550Z,2026-02-08T10:41:05.352Z,2026-02-08T16:18:53.918Z,2026-02-09T04:29:57.969Z,05:15:00,05:37:49,3750.00,3750.00,0.00,3750.00,released,[synthetic] src: synthetic_0484.json,true
809,809,508,309,2026-04-09T16:00:00.000Z,2026-04-10T14:38:00.000Z,2026-04-11T01:45:15.400Z,2026-04-10T16:07:43.794Z,2026-04-10T23:01:41.378Z,2026-04-11T11:47:05.266Z,07:00:00,06:53:58,4800.00,4800.00,0.00,4800.00,released,[synthetic] src: synthetic_0485.json,true
810,810,509,310,2026-08-08T16:00:00.000Z,2026-08-09T10:18:00.000Z,2026-08-09T17:52:58.016Z,2026-08-09T11:37:42.007Z,2026-08-09T14:10:29.073Z,2026-08-10T00:19:56.923Z,03:30:00,02:32:47,3200.00,3200.00,0.00,3200.00,released,[synthetic] src: synthetic_0486.json,true
811,811,510,311,2026-03-27T16:00:00.000Z,2026-03-28T12:32:00.000Z,2026-03-28T20:42:39.389Z,2026-03-28T13:26:03.773Z,2026-03-28T19:36:16.982Z,2026-03-29T18:42:57.674Z,03:30:00,06:10:13,2800.00,2800.00,0.00,2800.00,released,[synthetic] src: synthetic_0487.json,true
812,812,511,312,2026-12-26T16:00:00.000Z,2026-12-27T14:48:00.000Z,2026-12-27T20:42:54.714Z,2026-12-27T16:16:57.911Z,2026-12-27T23:14:46.707Z,2026-12-28T01:58:29.811Z,03:30:00,06:57:49,2250.00,2250.00,0.00,2250.00,released,[synthetic] src: synthetic_0488.json,true
813,813,512,313,2026-07-09T16:00:00.000Z,2026-07-10T11:09:00.000Z,2026-07-10T19:11:38.959Z,2026-07-10T11:57:26.151Z,2026-07-10T14:59:32.122Z,2026-07-10T19:10:55.646Z,04:30:00,03:02:06,4400.00,4400.00,0.00,4400.00,released,[synthetic] src: synthetic_0489.json,true
814,814,513,314,2026-07-27T16:00:00.000Z,2026-07-28T09:38:00.000Z,2026-07-28T20:49:07.311Z,2026-07-28T11:04:06.805Z,2026-07-28T18:02:22.583Z,2026-07-28T21:29:54.099Z,02:15:00,06:58:16,1650.00,1650.00,0.00,1650.00,released,[synthetic] src: synthetic_0490.json,true
815,815,514,315,2026-01-17T16:00:00.000Z,2026-01-17T16:46:00.000Z,2026-01-18T03:04:34.075Z,2026-01-17T17:52:18.722Z,2026-01-17T23:24:28.011Z,2026-01-18T11:06:36.826Z,02:15:00,05:32:09,1950.00,1950.00,0.00,1950.00,released,[synthetic] src: synthetic_0491.json,true
816,816,515,316,2026-11-05T16:00:00.000Z,2026-11-06T15:07:00.000Z,2026-11-06T23:54:52.786Z,2026-11-06T16:12:04.217Z,2026-11-06T22:22:52.369Z,2026-11-07T17:57:50.688Z,03:30:00,06:10:48,3200.00,3200.00,0.00,3200.00,released,[synthetic] src: synthetic_0492.json,true
817,817,516,317,2026-04-07T16:00:00.000Z,2026-04-08T15:57:00.000Z,2026-04-09T01:14:41.563Z,2026-04-08T17:24:55.560Z,2026-04-09T01:23:02.745Z,2026-04-09T03:27:40.619Z,02:45:00,07:58:07,3250.00,3250.00,0.00,3250.00,released,[synthetic] src: synthetic_0493.json,true
818,818,517,318,2026-10-12T16:00:00.000Z,2026-10-13T11:25:00.000Z,2026-10-13T19:45:27.240Z,2026-10-13T12:19:02.270Z,2026-10-13T16:29:06.697Z,2026-10-13T20:44:03.689Z,05:15:00,04:10:04,4300.00,4300.00,0.00,4300.00,released,[synthetic] src: synthetic_0494.json,true
819,819,518,319,2026-06-23T16:00:00.000Z,2026-06-23T17:05:00.000Z,2026-06-24T02:32:22.387Z,2026-06-23T18:30:00.861Z,2026-06-23T21:56:19.629Z,2026-06-24T04:37:35.813Z,01:30:00,03:26:19,1200.00,1200.00,0.00,1200.00,released,[synthetic] src: synthetic_0495.json,true
820,820,519,320,2026-07-01T16:00:00.000Z,2026-07-02T13:42:00.000Z,2026-07-03T01:22:39.014Z,2026-07-02T14:20:13.023Z,2026-07-02T17:11:08.835Z,2026-07-03T17:04:08.083Z,01:30:00,02:50:56,950.00,950.00,0.00,950.00,released,[synthetic] src: synthetic_0496.json,true
821,821,520,321,2026-06-09T16:00:00.000Z,2026-06-10T13:37:00.000Z,2026-06-10T19:51:34.187Z,2026-06-10T14:15:53.685Z,2026-06-10T17:53:40.662Z,2026-06-10T21:44:13.513Z,02:15:00,03:37:47,1700.00,1700.00,0.00,1700.00,released,[synthetic] src: synthetic_0497.json,true
822,822,521,322,2026-03-14T16:00:00.000Z,2026-03-15T13:47:00.000Z,2026-03-15T22:06:44.561Z,2026-03-15T14:27:02.257Z,2026-03-15T20:32:21.527Z,2026-03-16T12:38:07.300Z,02:15:00,06:05:19,1900.00,1900.00,0.00,1900.00,released,[synthetic] src: synthetic_0498.json,true
823,823,522,323,2026-10-25T16:00:00.000Z,2026-10-26T13:21:00.000Z,2026-10-26T22:23:21.036Z,2026-10-26T14:32:35.055Z,2026-10-26T18:16:12.781Z,2026-10-27T04:39:12.570Z,02:15:00,03:43:38,1800.00,1800.00,0.00,1800.00,released,[synthetic] src: synthetic_0499.json,true
824,824,523,324,2026-01-25T16:00:00.000Z,2026-01-26T15:46:00.000Z,2026-01-27T00:25:03.761Z,2026-01-26T16:32:57.858Z,2026-01-26T22:18:54.229Z,2026-01-27T12:19:05.080Z,03:00:00,05:45:56,2200.00,2200.00,0.00,2200.00,released,[synthetic] src: synthetic_0500.json,true
825,825,524,325,2026-02-01T16:00:00.000Z,2026-02-02T12:34:00.000Z,2026-02-02T18:57:17.923Z,2026-02-02T13:26:55.359Z,2026-02-02T18:55:33.677Z,2026-02-03T14:22:28.324Z,14:00:00,05:28:38,14050.00,14050.00,0.00,14050.00,released,[synthetic] src: synthetic_0501.json,true
826,826,525,326,2026-01-15T16:00:00.000Z,2026-01-16T09:08:00.000Z,2026-01-16T15:35:31.573Z,2026-01-16T10:19:13.617Z,2026-01-16T12:22:41.217Z,2026-01-16T19:47:11.692Z,01:30:00,02:03:28,1400.00,1400.00,0.00,1400.00,released,[synthetic] src: synthetic_0502.json,true
827,827,526,327,2026-05-19T16:00:00.000Z,2026-05-20T09:22:00.000Z,2026-05-20T17:51:20.802Z,2026-05-20T10:44:46.674Z,2026-05-20T16:30:11.679Z,2026-05-20T21:58:34.244Z,05:00:00,05:45:25,3850.00,3850.00,0.00,3850.00,released,[synthetic] src: synthetic_0503.json,true
828,828,527,328,2026-04-06T16:00:00.000Z,2026-04-06T17:40:00.000Z,2026-04-07T01:17:56.913Z,2026-04-06T19:09:19.409Z,2026-04-07T01:24:50.726Z,2026-04-07T22:59:48.953Z,03:15:00,06:15:31,3100.00,3100.00,0.00,3100.00,released,[synthetic] src: synthetic_0504.json,true
829,829,528,329,2026-09-17T16:00:00.000Z,2026-09-18T13:07:00.000Z,2026-09-18T21:29:47.144Z,2026-09-18T13:40:58.613Z,2026-09-18T19:33:37.894Z,2026-09-19T07:22:06.837Z,05:00:00,05:52:39,4600.00,4600.00,0.00,4600.00,released,[synthetic] src: synthetic_0505.json,true
830,830,529,330,2026-02-11T16:00:00.000Z,2026-02-12T15:19:00.000Z,2026-02-13T00:03:10.373Z,2026-02-12T16:19:43.049Z,2026-02-12T23:42:50.549Z,2026-02-13T16:27:44.537Z,03:45:00,07:23:08,3250.00,3250.00,0.00,3250.00,released,[synthetic] src: synthetic_0506.json,true
831,831,530,331,2026-12-26T16:00:00.000Z,2026-12-26T16:59:00.000Z,2026-12-27T03:06:29.722Z,2026-12-26T17:46:40.023Z,2026-12-26T21:57:19.658Z,2026-12-27T19:08:59.066Z,02:30:00,04:10:40,2700.00,2700.00,0.00,2700.00,released,[synthetic] src: synthetic_0507.json,true
832,832,531,332,2026-12-06T16:00:00.000Z,2026-12-07T10:10:00.000Z,2026-12-07T18:58:22.314Z,2026-12-07T10:55:46.209Z,2026-12-07T14:13:27.245Z,2026-12-08T05:26:25.059Z,02:45:00,03:17:41,1950.00,1950.00,0.00,1950.00,released,[synthetic] src: synthetic_0508.json,true
833,833,532,333,2026-12-08T16:00:00.000Z,2026-12-09T10:36:00.000Z,2026-12-09T22:05:42.547Z,2026-12-09T11:39:28.463Z,2026-12-09T18:24:08.322Z,2026-12-10T03:13:29.416Z,01:30:00,06:44:40,1250.00,1250.00,0.00,1250.00,released,[synthetic] src: synthetic_0509.json,true
834,834,533,334,2026-09-21T16:00:00.000Z,2026-09-22T12:28:00.000Z,2026-09-22T22:30:51.399Z,2026-09-22T13:45:40.702Z,2026-09-22T18:38:57.652Z,2026-09-23T01:15:00.854Z,01:30:00,04:53:17,950.00,950.00,0.00,950.00,released,[synthetic] src: synthetic_0510.json,true
835,835,534,335,2026-10-02T16:00:00.000Z,2026-10-03T15:22:00.000Z,2026-10-03T23:48:17.119Z,2026-10-03T16:16:12.677Z,2026-10-03T18:46:22.211Z,2026-10-03T21:04:30.184Z,04:15:00,02:30:10,4950.00,4950.00,0.00,4950.00,released,[synthetic] src: synthetic_0511.json,true
836,836,535,336,2026-05-25T16:00:00.000Z,2026-05-26T14:01:00.000Z,2026-05-27T00:04:10.343Z,2026-05-26T15:26:03.466Z,2026-05-26T23:19:36.375Z,2026-05-27T05:33:08.805Z,01:30:00,07:53:33,1500.00,1500.00,0.00,1500.00,released,[synthetic] src: synthetic_0512.json,true
837,837,536,337,2026-04-06T16:00:00.000Z,2026-04-07T13:02:00.000Z,2026-04-07T22:38:44.212Z,2026-04-07T13:42:47.246Z,2026-04-07T16:29:20.227Z,2026-04-08T10:53:53.298Z,03:30:00,02:46:33,3400.00,3400.00,0.00,3400.00,released,[synthetic] src: synthetic_0513.json,true
838,838,537,338,2026-02-13T16:00:00.000Z,2026-02-14T12:41:00.000Z,2026-02-14T23:01:09.105Z,2026-02-14T13:39:24.153Z,2026-02-14T17:21:22.269Z,2026-02-14T20:59:05.364Z,05:00:00,03:41:58,3750.00,3750.00,0.00,3750.00,released,[synthetic] src: synthetic_0514.json,true
839,839,538,339,2026-08-12T16:00:00.000Z,2026-08-12T16:44:00.000Z,2026-08-13T02:15:36.122Z,2026-08-12T18:11:13.255Z,2026-08-12T20:54:45.020Z,2026-08-13T05:09:25.008Z,02:30:00,02:43:32,2050.00,2050.00,0.00,2050.00,released,[synthetic] src: synthetic_0515.json,true
840,840,539,340,2026-03-24T16:00:00.000Z,2026-03-25T11:04:00.000Z,2026-03-25T16:48:18.801Z,2026-03-25T11:58:59.185Z,2026-03-25T19:02:12.099Z,2026-03-26T07:21:33.838Z,14:00:00,07:03:13,17300.00,17300.00,0.00,17300.00,released,[synthetic] src: synthetic_0516.json,true
841,841,540,341,2026-08-25T16:00:00.000Z,2026-08-26T12:20:00.000Z,2026-08-26T20:10:06.909Z,2026-08-26T12:55:23.009Z,2026-08-26T19:16:38.184Z,2026-08-27T03:04:08.302Z,01:30:00,06:21:15,1150.00,1150.00,0.00,1150.00,released,[synthetic] src: synthetic_0517.json,true
842,842,541,342,2026-12-22T16:00:00.000Z,2026-12-23T10:03:00.000Z,2026-12-23T20:00:18.030Z,2026-12-23T10:47:20.366Z,2026-12-23T17:52:21.576Z,2026-12-24T02:17:56.187Z,03:00:00,07:05:01,2150.00,2150.00,0.00,2150.00,released,[synthetic] src: synthetic_0518.json,true
843,843,542,343,2026-02-17T16:00:00.000Z,2026-02-18T13:29:00.000Z,2026-02-18T20:52:14.644Z,2026-02-18T14:06:39.350Z,2026-02-18T20:50:03.290Z,2026-02-19T14:18:53.336Z,02:30:00,06:43:24,2500.00,2500.00,0.00,2500.00,released,[synthetic] src: synthetic_0519.json,true
844,844,543,344,2026-09-25T16:00:00.000Z,2026-09-26T12:48:00.000Z,2026-09-26T22:08:34.492Z,2026-09-26T14:08:38.404Z,2026-09-26T21:04:36.354Z,2026-09-27T00:23:57.956Z,04:15:00,06:55:58,5350.00,5350.00,0.00,5350.00,released,[synthetic] src: synthetic_0520.json,true
845,845,544,345,2026-07-13T16:00:00.000Z,2026-07-13T17:07:00.000Z,2026-07-14T01:06:15.028Z,2026-07-13T17:39:03.254Z,2026-07-13T20:27:25.338Z,2026-07-14T10:52:17.442Z,05:15:00,02:48:22,4150.00,4150.00,0.00,4150.00,released,[synthetic] src: synthetic_0521.json,true
846,846,545,346,2026-09-17T16:00:00.000Z,2026-09-18T08:16:00.000Z,2026-09-18T16:08:54.405Z,2026-09-18T09:24:45.283Z,2026-09-18T17:17:53.849Z,2026-09-19T05:19:21.807Z,03:30:00,07:53:09,2600.00,2600.00,0.00,2600.00,released,[synthetic] src: synthetic_0522.json,true
847,847,546,347,2026-12-24T16:00:00.000Z,2026-12-24T16:27:00.000Z,2026-12-25T03:13:39.448Z,2026-12-24T17:06:23.884Z,2026-12-24T23:16:05.233Z,2026-12-25T04:26:21.789Z,05:00:00,06:09:41,3900.00,3900.00,0.00,3900.00,released,[synthetic] src: synthetic_0523.json,true
848,848,547,348,2026-09-16T16:00:00.000Z,2026-09-17T08:49:00.000Z,2026-09-17T19:15:33.273Z,2026-09-17T09:33:26.758Z,2026-09-17T17:26:26.708Z,2026-09-18T02:26:14.221Z,01:30:00,07:53:00,1050.00,1050.00,0.00,1050.00,released,[synthetic] src: synthetic_0524.json,true
849,849,548,349,2026-02-04T16:00:00.000Z,2026-02-05T09:06:00.000Z,2026-02-05T17:20:38.425Z,2026-02-05T10:16:40.482Z,2026-02-05T13:48:30.628Z,2026-02-05T15:12:45.148Z,01:30:00,03:31:50,1300.00,1300.00,0.00,1300.00,released,[synthetic] src: synthetic_0525.json,true
850,850,549,350,2026-07-28T16:00:00.000Z,2026-07-28T16:46:00.000Z,2026-07-29T02:47:57.271Z,2026-07-28T17:46:46.743Z,2026-07-28T22:52:34.850Z,2026-07-29T19:50:19.101Z,02:15:00,05:05:48,1300.00,1300.00,0.00,1300.00,released,[synthetic] src: synthetic_0526.json,true
851,851,550,351,2026-09-28T16:00:00.000Z,2026-09-28T17:18:00.000Z,2026-09-28T23:12:49.143Z,2026-09-28T18:28:49.898Z,2026-09-28T22:01:28.552Z,2026-09-29T05:11:50.110Z,03:30:00,03:32:39,3300.00,3300.00,0.00,3300.00,released,[synthetic] src: synthetic_0527.json,true
852,852,551,352,2026-05-31T16:00:00.000Z,2026-06-01T11:31:00.000Z,2026-06-01T19:38:41.765Z,2026-06-01T12:25:13.269Z,2026-06-01T15:51:13.999Z,2026-06-02T15:40:36.872Z,01:30:00,03:26:01,1050.00,1050.00,0.00,1050.00,released,[synthetic] src: synthetic_0528.json,true
853,853,552,353,2026-08-03T16:00:00.000Z,2026-08-04T15:27:00.000Z,2026-08-04T23:30:24.924Z,2026-08-04T16:38:45.887Z,2026-08-04T22:03:14.083Z,2026-08-05T03:54:45.056Z,14:00:00,05:24:28,15950.00,15950.00,0.00,15950.00,released,[synthetic] src: synthetic_0529.json,true
854,854,553,354,2026-10-12T16:00:00.000Z,2026-10-12T17:45:00.000Z,2026-10-13T06:35:19.085Z,2026-10-12T19:11:06.051Z,2026-10-13T01:37:05.852Z,2026-10-13T09:56:30.242Z,01:30:00,06:26:00,1250.00,1250.00,0.00,1250.00,released,[synthetic] src: synthetic_0530.json,true
855,855,554,355,2026-10-11T16:00:00.000Z,2026-10-12T14:40:00.000Z,2026-10-13T01:31:54.739Z,2026-10-12T15:29:32.388Z,2026-10-12T21:50:46.874Z,2026-10-13T15:05:08.235Z,04:30:00,06:21:14,4200.00,4200.00,0.00,4200.00,released,[synthetic] src: synthetic_0531.json,true
856,856,555,356,2026-10-13T16:00:00.000Z,2026-10-13T16:03:00.000Z,2026-10-14T00:48:35.229Z,2026-10-13T17:11:47.083Z,2026-10-13T20:57:11.608Z,2026-10-13T22:52:18.313Z,04:15:00,03:45:25,5200.00,5200.00,0.00,5200.00,released,[synthetic] src: synthetic_0532.json,true
857,857,556,357,2026-10-18T16:00:00.000Z,2026-10-19T14:21:00.000Z,2026-10-20T02:41:40.591Z,2026-10-19T15:16:40.046Z,2026-10-19T19:05:41.527Z,2026-10-20T14:04:47.666Z,14:00:00,03:49:01,15000.00,15000.00,0.00,15000.00,released,[synthetic] src: synthetic_0533.json,true
858,858,557,358,2026-04-05T16:00:00.000Z,2026-04-05T16:20:00.000Z,2026-04-06T01:08:38.779Z,2026-04-05T17:47:19.663Z,2026-04-06T01:10:08.108Z,2026-04-06T05:21:56.791Z,03:00:00,07:22:48,2950.00,2950.00,0.00,2950.00,released,[synthetic] src: synthetic_0534.json,true
859,859,558,359,2026-07-19T16:00:00.000Z,2026-07-20T14:04:00.000Z,2026-07-20T21:38:26.825Z,2026-07-20T15:24:35.713Z,2026-07-20T18:30:55.104Z,2026-07-21T09:12:48.113Z,03:00:00,03:06:19,2450.00,2450.00,0.00,2450.00,released,[synthetic] src: synthetic_0535.json,true
860,860,559,360,2026-12-01T16:00:00.000Z,2026-12-02T15:56:00.000Z,2026-12-03T04:05:42.448Z,2026-12-02T17:25:35.987Z,2026-12-03T00:12:03.688Z,2026-12-03T13:11:45.019Z,14:45:00,06:46:28,12300.00,12300.00,0.00,12300.00,released,[synthetic] src: synthetic_0536.json,true
861,861,560,361,2026-04-06T16:00:00.000Z,2026-04-07T11:29:00.000Z,2026-04-07T19:15:45.041Z,2026-04-07T12:30:11.221Z,2026-04-07T18:06:33.113Z,2026-04-07T20:10:14.893Z,03:00:00,05:36:22,2700.00,2700.00,0.00,2700.00,released,[synthetic] src: synthetic_0537.json,true
862,862,561,362,2026-02-15T16:00:00.000Z,2026-02-15T16:18:00.000Z,2026-02-16T04:35:33.015Z,2026-02-15T17:10:00.023Z,2026-02-15T23:32:23.930Z,2026-02-16T02:46:53.926Z,02:15:00,06:22:24,1800.00,1800.00,0.00,1800.00,released,[synthetic] src: synthetic_0538.json,true
863,863,562,363,2026-02-05T16:00:00.000Z,2026-02-06T08:53:00.000Z,2026-02-06T16:47:22.868Z,2026-02-06T10:06:43.156Z,2026-02-06T13:08:42.356Z,2026-02-07T06:46:29.881Z,07:00:00,03:01:59,4350.00,4350.00,0.00,4350.00,released,[synthetic] src: synthetic_0539.json,true
864,864,563,364,2026-08-18T16:00:00.000Z,2026-08-19T08:31:00.000Z,2026-08-19T21:01:53.277Z,2026-08-19T09:56:33.535Z,2026-08-19T17:39:50.355Z,2026-08-20T14:21:16.594Z,02:15:00,07:43:17,1600.00,1600.00,0.00,1600.00,released,[synthetic] src: synthetic_0540.json,true
865,865,564,365,2026-11-10T16:00:00.000Z,2026-11-11T10:05:00.000Z,2026-11-11T21:19:33.646Z,2026-11-11T11:05:32.521Z,2026-11-11T17:12:43.543Z,2026-11-11T20:12:26.397Z,05:00:00,06:07:11,4200.00,4200.00,0.00,4200.00,released,[synthetic] src: synthetic_0541.json,true
866,866,565,366,2026-05-21T16:00:00.000Z,2026-05-22T11:27:00.000Z,2026-05-22T17:02:27.025Z,2026-05-22T12:10:29.272Z,2026-05-22T17:00:04.117Z,2026-05-22T18:26:09.210Z,03:00:00,04:49:35,2500.00,2500.00,0.00,2500.00,released,[synthetic] src: synthetic_0542.json,true
867,867,566,367,2026-05-05T16:00:00.000Z,2026-05-05T17:21:00.000Z,2026-05-06T03:55:16.479Z,2026-05-05T18:27:09.686Z,2026-05-06T01:53:48.113Z,2026-05-06T03:46:20.034Z,03:00:00,07:26:38,3450.00,3450.00,0.00,3450.00,released,[synthetic] src: synthetic_0543.json,true
868,868,567,368,2026-08-15T16:00:00.000Z,2026-08-15T17:34:00.000Z,2026-08-16T06:19:21.332Z,2026-08-15T18:38:23.395Z,2026-08-16T01:50:46.120Z,2026-08-16T07:18:16.789Z,05:00:00,07:12:23,3550.00,3550.00,0.00,3550.00,released,[synthetic] src: synthetic_0544.json,true
869,869,568,369,2026-10-31T16:00:00.000Z,2026-11-01T13:48:00.000Z,2026-11-02T00:11:14.868Z,2026-11-01T14:58:30.268Z,2026-11-01T20:40:22.487Z,2026-11-02T16:01:22.177Z,03:00:00,05:41:52,2500.00,2500.00,0.00,2500.00,released,[synthetic] src: synthetic_0545.json,true
870,870,569,370,2026-03-21T16:00:00.000Z,2026-03-21T16:47:00.000Z,2026-03-22T01:51:12.172Z,2026-03-21T18:11:56.563Z,2026-03-21T22:32:59.837Z,2026-03-22T01:27:25.062Z,04:30:00,04:21:03,3900.00,3900.00,0.00,3900.00,released,[synthetic] src: synthetic_0546.json,true
871,871,570,371,2026-06-05T16:00:00.000Z,2026-06-06T14:10:00.000Z,2026-06-07T02:28:51.457Z,2026-06-06T14:53:00.684Z,2026-06-06T18:43:26.861Z,2026-06-07T08:00:56.383Z,02:15:00,03:50:26,1850.00,1850.00,0.00,1850.00,released,[synthetic] src: synthetic_0547.json,true
872,872,571,372,2026-11-24T16:00:00.000Z,2026-11-25T12:52:00.000Z,2026-11-26T01:00:05.218Z,2026-11-25T13:50:01.699Z,2026-11-25T21:34:34.458Z,2026-11-26T18:17:16.183Z,03:30:00,07:44:33,3050.00,3050.00,0.00,3050.00,released,[synthetic] src: synthetic_0548.json,true
873,873,572,373,2026-02-06T16:00:00.000Z,2026-02-07T11:46:00.000Z,2026-02-07T19:11:42.831Z,2026-02-07T12:19:25.646Z,2026-02-07T15:14:30.689Z,2026-02-08T14:06:33.971Z,02:15:00,02:55:05,2200.00,2200.00,0.00,2200.00,released,[synthetic] src: synthetic_0549.json,true
874,874,573,374,2026-10-23T16:00:00.000Z,2026-10-23T16:30:00.000Z,2026-10-23T21:35:52.207Z,2026-10-23T17:07:54.573Z,2026-10-23T21:36:42.023Z,2026-10-24T19:43:14.808Z,01:30:00,04:28:47,1500.00,1500.00,0.00,1500.00,released,[synthetic] src: synthetic_0550.json,true
875,875,574,375,2026-10-28T16:00:00.000Z,2026-10-28T16:26:00.000Z,2026-10-29T02:40:09.412Z,2026-10-28T17:04:41.407Z,2026-10-29T00:34:32.713Z,2026-10-29T06:59:54.546Z,03:00:00,07:29:51,1600.00,1600.00,0.00,1600.00,released,[synthetic] src: synthetic_0551.json,true
876,876,575,376,2026-02-03T16:00:00.000Z,2026-02-04T14:21:00.000Z,2026-02-04T20:59:30.248Z,2026-02-04T15:02:39.356Z,2026-02-04T18:43:31.677Z,2026-02-04T22:15:37.429Z,04:15:00,03:40:52,4650.00,4650.00,0.00,4650.00,released,[synthetic] src: synthetic_0552.json,true
877,877,576,377,2026-07-19T16:00:00.000Z,2026-07-20T14:37:00.000Z,2026-07-20T20:42:07.282Z,2026-07-20T15:47:11.584Z,2026-07-20T20:05:10.060Z,2026-07-21T16:31:58.565Z,03:30:00,04:17:58,2950.00,2950.00,0.00,2950.00,released,[synthetic] src: synthetic_0553.json,true
878,878,577,378,2026-12-06T16:00:00.000Z,2026-12-06T16:51:00.000Z,2026-12-07T00:10:49.222Z,2026-12-06T17:30:40.282Z,2026-12-06T21:01:30.088Z,2026-12-07T16:33:11.478Z,02:15:00,03:30:50,2050.00,2050.00,0.00,2050.00,released,[synthetic] src: synthetic_0554.json,true
879,879,578,379,2026-08-21T16:00:00.000Z,2026-08-22T10:50:00.000Z,2026-08-22T17:22:56.446Z,2026-08-22T11:46:04.764Z,2026-08-22T16:19:31.347Z,2026-08-23T04:16:32.893Z,03:45:00,04:33:27,3900.00,3900.00,0.00,3900.00,released,[synthetic] src: synthetic_0555.json,true
880,880,579,380,2026-08-06T16:00:00.000Z,2026-08-07T11:59:00.000Z,2026-08-07T19:23:41.361Z,2026-08-07T13:15:00.866Z,2026-08-07T19:05:32.101Z,2026-08-08T12:21:15.629Z,03:15:00,05:50:31,2500.00,2500.00,0.00,2500.00,released,[synthetic] src: synthetic_0556.json,true
881,881,580,381,2026-08-20T16:00:00.000Z,2026-08-21T15:14:00.000Z,2026-08-22T00:52:22.103Z,2026-08-21T15:56:50.449Z,2026-08-21T18:52:45.099Z,2026-08-21T23:42:19.039Z,14:00:00,02:55:55,14400.00,14400.00,0.00,14400.00,released,[synthetic] src: synthetic_0557.json,true
882,882,581,382,2026-06-22T16:00:00.000Z,2026-06-23T10:37:00.000Z,2026-06-23T17:40:34.855Z,2026-06-23T11:17:40.005Z,2026-06-23T14:50:24.521Z,2026-06-23T20:13:08.687Z,03:30:00,03:32:45,3100.00,3100.00,0.00,3100.00,released,[synthetic] src: synthetic_0558.json,true
883,883,582,383,2026-12-23T16:00:00.000Z,2026-12-24T13:42:00.000Z,2026-12-24T19:29:13.041Z,2026-12-24T14:48:28.974Z,2026-12-24T22:47:06.892Z,2026-12-25T15:49:10.998Z,02:30:00,07:58:38,2250.00,2250.00,0.00,2250.00,released,[synthetic] src: synthetic_0559.json,true
884,884,583,384,2026-10-23T16:00:00.000Z,2026-10-24T13:42:00.000Z,2026-10-24T21:50:29.470Z,2026-10-24T15:10:46.233Z,2026-10-24T17:49:27.073Z,2026-10-24T19:49:55.360Z,07:00:00,02:38:41,6450.00,6450.00,0.00,6450.00,released,[synthetic] src: synthetic_0560.json,true
885,885,584,385,2026-08-22T16:00:00.000Z,2026-08-23T14:29:00.000Z,2026-08-24T03:25:57.991Z,2026-08-23T15:44:23.698Z,2026-08-23T21:39:02.220Z,2026-08-24T19:20:15.446Z,02:15:00,05:54:39,1700.00,1700.00,0.00,1700.00,released,[synthetic] src: synthetic_0561.json,true
886,886,585,386,2026-11-14T16:00:00.000Z,2026-11-15T12:49:00.000Z,2026-11-15T22:19:44.247Z,2026-11-15T13:29:42.651Z,2026-11-15T18:49:21.337Z,2026-11-16T05:58:10.258Z,01:30:00,05:19:39,1150.00,1150.00,0.00,1150.00,released,[synthetic] src: synthetic_0562.json,true
887,887,586,387,2026-12-02T16:00:00.000Z,2026-12-03T08:51:00.000Z,2026-12-03T15:00:06.621Z,2026-12-03T09:21:24.884Z,2026-12-03T15:00:42.565Z,2026-12-04T07:02:11.932Z,03:45:00,05:39:18,3050.00,3050.00,0.00,3050.00,released,[synthetic] src: synthetic_0563.json,true
888,888,587,388,2026-01-15T16:00:00.000Z,2026-01-16T14:07:00.000Z,2026-01-16T20:22:44.747Z,2026-01-16T15:25:41.220Z,2026-01-16T20:30:35.583Z,2026-01-16T23:47:55.289Z,03:00:00,05:04:54,3050.00,3050.00,0.00,3050.00,released,[synthetic] src: synthetic_0564.json,true
889,889,588,389,2026-11-26T16:00:00.000Z,2026-11-27T08:14:00.000Z,2026-11-27T20:26:46.798Z,2026-11-27T08:47:46.799Z,2026-11-27T12:09:30.494Z,2026-11-28T01:56:56.844Z,01:30:00,03:21:44,1100.00,1100.00,0.00,1100.00,released,[synthetic] src: synthetic_0565.json,true
890,890,589,390,2026-09-01T16:00:00.000Z,2026-09-02T08:49:00.000Z,2026-09-02T13:43:35.741Z,2026-09-02T09:32:17.850Z,2026-09-02T11:42:59.456Z,2026-09-02T18:43:05.901Z,03:30:00,02:10:42,3050.00,3050.00,0.00,3050.00,released,[synthetic] src: synthetic_0566.json,true
891,891,590,391,2026-09-06T16:00:00.000Z,2026-09-07T08:26:00.000Z,2026-09-07T18:23:16.544Z,2026-09-07T09:02:41.486Z,2026-09-07T11:37:08.700Z,2026-09-07T22:20:15.080Z,03:30:00,02:34:27,2750.00,2750.00,0.00,2750.00,released,[synthetic] src: synthetic_0567.json,true
892,892,591,392,2026-05-31T16:00:00.000Z,2026-06-01T11:42:00.000Z,2026-06-01T17:04:03.616Z,2026-06-01T12:51:27.559Z,2026-06-01T18:31:37.046Z,2026-06-02T03:06:40.542Z,04:15:00,05:40:09,4900.00,4900.00,0.00,4900.00,released,[synthetic] src: synthetic_0568.json,true
893,893,592,393,2026-02-02T16:00:00.000Z,2026-02-03T08:28:00.000Z,2026-02-03T18:28:21.397Z,2026-02-03T09:47:30.186Z,2026-02-03T17:17:42.789Z,2026-02-04T04:31:46.940Z,02:15:00,07:30:13,2000.00,2000.00,0.00,2000.00,released,[synthetic] src: synthetic_0569.json,true
894,894,593,394,2026-02-21T16:00:00.000Z,2026-02-22T14:24:00.000Z,2026-02-22T23:06:32.771Z,2026-02-22T15:31:08.644Z,2026-02-22T22:51:34.357Z,2026-02-23T10:55:24.656Z,03:30:00,07:20:26,3250.00,3250.00,0.00,3250.00,released,[synthetic] src: synthetic_0570.json,true
895,895,594,395,2026-03-08T16:00:00.000Z,2026-03-09T14:54:00.000Z,2026-03-09T21:48:58.699Z,2026-03-09T16:14:07.030Z,2026-03-09T19:56:58.867Z,2026-03-10T07:47:53.914Z,04:15:00,03:42:52,5550.00,5550.00,0.00,5550.00,released,[synthetic] src: synthetic_0571.json,true
896,896,595,396,2026-10-20T16:00:00.000Z,2026-10-20T16:38:00.000Z,2026-10-21T00:15:56.204Z,2026-10-20T18:03:32.437Z,2026-10-21T01:37:36.040Z,2026-10-21T19:51:21.060Z,03:30:00,07:34:04,2700.00,2700.00,0.00,2700.00,released,[synthetic] src: synthetic_0572.json,true
897,897,596,397,2026-09-12T16:00:00.000Z,2026-09-12T16:47:00.000Z,2026-09-13T05:45:25.002Z,2026-09-12T18:04:06.896Z,2026-09-12T22:07:20.654Z,2026-09-13T06:09:23.850Z,02:45:00,04:03:14,1950.00,1950.00,0.00,1950.00,released,[synthetic] src: synthetic_0573.json,true
898,898,597,398,2026-08-17T16:00:00.000Z,2026-08-17T17:17:00.000Z,2026-08-17T23:47:24.207Z,2026-08-17T18:13:25.626Z,2026-08-18T00:45:55.280Z,2026-08-18T01:52:06.458Z,02:15:00,06:32:30,1500.00,1500.00,0.00,1500.00,released,[synthetic] src: synthetic_0574.json,true
899,899,598,399,2026-08-04T16:00:00.000Z,2026-08-04T17:51:00.000Z,2026-08-05T06:33:14.425Z,2026-08-04T18:41:37.155Z,2026-08-05T02:02:05.265Z,2026-08-05T09:55:37.119Z,03:30:00,07:20:28,3750.00,3750.00,0.00,3750.00,released,[synthetic] src: synthetic_0575.json,true
900,900,599,400,2026-09-01T16:00:00.000Z,2026-09-01T17:50:00.000Z,2026-09-01T23:39:59.579Z,2026-09-01T18:27:52.683Z,2026-09-02T02:15:29.629Z,2026-09-02T03:47:51.416Z,03:30:00,07:47:37,2950.00,2950.00,0.00,2950.00,released,[synthetic] src: synthetic_0576.json,true
901,901,600,401,2026-10-03T16:00:00.000Z,2026-10-04T11:22:00.000Z,2026-10-04T16:52:52.800Z,2026-10-04T12:40:43.557Z,2026-10-04T18:14:35.041Z,2026-10-05T00:16:48.174Z,02:15:00,05:33:51,1350.00,1350.00,0.00,1350.00,released,[synthetic] src: synthetic_0577.json,true
902,902,601,402,2026-04-27T16:00:00.000Z,2026-04-28T12:17:00.000Z,2026-04-28T22:32:04.740Z,2026-04-28T12:51:23.017Z,2026-04-28T20:28:41.158Z,2026-04-29T02:45:31.074Z,02:45:00,07:37:18,1850.00,1850.00,0.00,1850.00,released,[synthetic] src: synthetic_0578.json,true
903,903,602,403,2026-03-19T16:00:00.000Z,2026-03-20T14:40:00.000Z,2026-03-21T03:32:13.760Z,2026-03-20T16:03:21.374Z,2026-03-20T18:36:37.766Z,2026-03-21T14:14:00.435Z,03:15:00,02:33:16,3000.00,3000.00,0.00,3000.00,released,[synthetic] src: synthetic_0579.json,true
904,904,603,404,2026-11-01T16:00:00.000Z,2026-11-02T15:23:00.000Z,2026-11-02T20:25:47.872Z,2026-11-02T16:24:39.350Z,2026-11-02T21:17:58.536Z,2026-11-03T17:26:18.394Z,02:15:00,04:53:19,2000.00,2000.00,0.00,2000.00,released,[synthetic] src: synthetic_0580.json,true
905,905,604,405,2026-11-12T16:00:00.000Z,2026-11-13T12:50:00.000Z,2026-11-13T21:24:40.907Z,2026-11-13T13:37:02.610Z,2026-11-13T20:38:23.489Z,2026-11-14T03:08:46.696Z,07:00:00,07:01:21,5050.00,5050.00,0.00,5050.00,released,[synthetic] src: synthetic_0581.json,true
906,906,605,406,2026-06-25T16:00:00.000Z,2026-06-26T12:51:00.000Z,2026-06-26T19:23:47.219Z,2026-06-26T14:05:28.813Z,2026-06-26T19:32:52.034Z,2026-06-27T11:04:20.072Z,02:15:00,05:27:23,1550.00,1550.00,0.00,1550.00,released,[synthetic] src: synthetic_0582.json,true
907,907,606,407,2026-10-10T16:00:00.000Z,2026-10-11T09:24:00.000Z,2026-10-11T16:14:57.134Z,2026-10-11T10:28:52.198Z,2026-10-11T17:10:57.977Z,2026-10-12T14:11:48.896Z,01:30:00,06:42:06,1250.00,1250.00,0.00,1250.00,released,[synthetic] src: synthetic_0583.json,true
908,908,607,408,2026-04-30T16:00:00.000Z,2026-05-01T15:08:00.000Z,2026-05-01T23:22:43.467Z,2026-05-01T16:37:26.754Z,2026-05-02T00:01:38.030Z,2026-05-02T16:13:23.776Z,01:30:00,07:24:11,1250.00,1250.00,0.00,1250.00,released,[synthetic] src: synthetic_0584.json,true
909,909,608,409,2026-03-16T16:00:00.000Z,2026-03-17T12:08:00.000Z,2026-03-18T00:25:51.501Z,2026-03-17T12:54:46.947Z,2026-03-17T15:03:04.102Z,2026-03-17T20:28:12.635Z,03:30:00,02:08:17,3350.00,3350.00,0.00,3350.00,released,[synthetic] src: synthetic_0585.json,true
910,910,609,410,2026-02-26T16:00:00.000Z,2026-02-27T15:28:00.000Z,2026-02-28T01:20:25.344Z,2026-02-27T16:57:49.137Z,2026-02-27T19:33:26.369Z,2026-02-28T13:39:58.257Z,05:00:00,02:35:37,4400.00,4400.00,0.00,4400.00,released,[synthetic] src: synthetic_0586.json,true
911,911,610,411,2026-11-22T16:00:00.000Z,2026-11-23T11:02:00.000Z,2026-11-23T23:29:05.280Z,2026-11-23T12:16:39.226Z,2026-11-23T19:35:27.588Z,2026-11-24T19:12:13.806Z,01:30:00,07:18:48,1300.00,1300.00,0.00,1300.00,released,[synthetic] src: synthetic_0587.json,true
912,912,611,412,2026-09-26T16:00:00.000Z,2026-09-27T11:52:00.000Z,2026-09-27T19:30:18.732Z,2026-09-27T12:25:44.386Z,2026-09-27T19:15:22.311Z,2026-09-28T13:19:07.951Z,02:15:00,06:49:38,1850.00,1850.00,0.00,1850.00,released,[synthetic] src: synthetic_0588.json,true
913,913,612,413,2026-12-25T16:00:00.000Z,2026-12-25T17:03:00.000Z,2026-12-25T22:52:04.504Z,2026-12-25T18:02:56.961Z,2026-12-26T01:47:16.636Z,2026-12-26T18:24:58.515Z,01:30:00,07:44:20,1200.00,1200.00,0.00,1200.00,released,[synthetic] src: synthetic_0589.json,true
914,914,613,414,2026-11-21T16:00:00.000Z,2026-11-21T16:31:00.000Z,2026-11-21T23:53:39.275Z,2026-11-21T17:58:12.258Z,2026-11-21T23:54:18.324Z,2026-11-22T12:37:44.675Z,05:15:00,05:56:06,3800.00,3800.00,0.00,3800.00,released,[synthetic] src: synthetic_0590.json,true
915,915,614,415,2026-01-04T16:00:00.000Z,2026-01-04T16:05:00.000Z,2026-01-05T01:26:27.241Z,2026-01-04T16:49:24.834Z,2026-01-04T21:42:29.432Z,2026-01-05T00:35:38.029Z,04:30:00,04:53:05,3800.00,3800.00,0.00,3800.00,released,[synthetic] src: synthetic_0591.json,true
916,916,615,416,2026-01-24T16:00:00.000Z,2026-01-25T15:53:00.000Z,2026-01-26T00:20:10.849Z,2026-01-25T16:41:21.631Z,2026-01-25T22:50:07.214Z,2026-01-26T19:33:50.272Z,04:15:00,06:08:46,5000.00,5000.00,0.00,5000.00,released,[synthetic] src: synthetic_0592.json,true
917,917,616,417,2026-02-22T16:00:00.000Z,2026-02-23T11:18:00.000Z,2026-02-23T19:07:12.654Z,2026-02-23T12:16:18.188Z,2026-02-23T14:18:40.067Z,2026-02-24T13:37:54.475Z,02:15:00,02:02:22,2350.00,2350.00,0.00,2350.00,released,[synthetic] src: synthetic_0593.json,true
918,918,617,418,2026-11-21T16:00:00.000Z,2026-11-22T15:50:00.000Z,2026-11-23T00:16:37.796Z,2026-11-22T17:00:12.157Z,2026-11-22T21:36:18.053Z,2026-11-23T06:40:58.868Z,03:15:00,04:36:06,2850.00,2850.00,0.00,2850.00,released,[synthetic] src: synthetic_0594.json,true
919,919,618,419,2026-06-18T16:00:00.000Z,2026-06-19T10:04:00.000Z,2026-06-19T19:58:07.418Z,2026-06-19T11:10:26.359Z,2026-06-19T17:41:51.419Z,2026-06-20T11:00:09.540Z,02:15:00,06:31:25,1500.00,1500.00,0.00,1500.00,released,[synthetic] src: synthetic_0595.json,true
920,920,619,420,2026-06-16T16:00:00.000Z,2026-06-16T16:37:00.000Z,2026-06-17T00:22:21.227Z,2026-06-16T17:26:28.057Z,2026-06-16T20:50:37.891Z,2026-06-17T12:52:33.400Z,04:30:00,03:24:10,3100.00,3100.00,0.00,3100.00,released,[synthetic] src: synthetic_0596.json,true
921,921,620,421,2026-06-22T16:00:00.000Z,2026-06-23T14:17:00.000Z,2026-06-23T22:22:06.185Z,2026-06-23T15:31:01.957Z,2026-06-23T20:24:58.871Z,2026-06-23T21:34:01.984Z,05:00:00,04:53:57,4400.00,4400.00,0.00,4400.00,released,[synthetic] src: synthetic_0597.json,true
922,922,621,422,2026-04-14T16:00:00.000Z,2026-04-15T09:08:00.000Z,2026-04-15T16:02:49.075Z,2026-04-15T10:37:19.660Z,2026-04-15T17:23:41.130Z,2026-04-16T05:47:52.821Z,03:30:00,06:46:21,3550.00,3550.00,0.00,3550.00,released,[synthetic] src: synthetic_0598.json,true
923,923,622,423,2026-01-06T16:00:00.000Z,2026-01-07T08:29:00.000Z,2026-01-07T19:27:17.100Z,2026-01-07T09:46:05.082Z,2026-01-07T17:27:10.761Z,2026-01-08T15:43:05.715Z,02:45:00,07:41:06,3000.00,3000.00,0.00,3000.00,released,[synthetic] src: synthetic_0599.json,true
924,924,623,424,2026-02-24T16:00:00.000Z,2026-02-24T17:50:00.000Z,2026-02-25T04:26:31.331Z,2026-02-24T18:54:40.235Z,2026-02-24T23:15:50.361Z,2026-02-25T22:55:56.076Z,03:15:00,04:21:10,3050.00,3050.00,0.00,3050.00,released,[synthetic] src: synthetic_0600.json,true
925,925,624,425,2026-06-07T16:00:00.000Z,2026-06-08T10:26:00.000Z,2026-06-08T18:04:26.333Z,2026-06-08T11:16:23.447Z,2026-06-08T19:03:36.544Z,2026-06-09T14:45:59.891Z,02:30:00,07:47:13,2400.00,2400.00,0.00,2400.00,released,[synthetic] src: synthetic_0601.json,true
926,926,625,426,2026-06-01T16:00:00.000Z,2026-06-02T13:03:00.000Z,2026-06-03T01:05:22.980Z,2026-06-02T13:49:59.957Z,2026-06-02T19:47:38.797Z,2026-06-03T03:40:45.005Z,01:30:00,05:57:39,1050.00,1050.00,0.00,1050.00,released,[synthetic] src: synthetic_0602.json,true
927,927,626,427,2026-02-13T16:00:00.000Z,2026-02-13T17:43:00.000Z,2026-02-14T01:14:51.604Z,2026-02-13T19:03:21.926Z,2026-02-13T21:49:00.488Z,2026-02-14T02:53:28.477Z,07:00:00,02:45:39,5200.00,5200.00,0.00,5200.00,released,[synthetic] src: synthetic_0603.json,true
928,928,627,428,2026-10-25T16:00:00.000Z,2026-10-26T13:55:00.000Z,2026-10-26T20:19:25.680Z,2026-10-26T15:09:32.769Z,2026-10-26T18:33:28.404Z,2026-10-27T18:05:02.978Z,01:30:00,03:23:56,1100.00,1100.00,0.00,1100.00,released,[synthetic] src: synthetic_0604.json,true
929,929,628,429,2026-03-06T16:00:00.000Z,2026-03-07T15:38:00.000Z,2026-03-08T03:05:38.845Z,2026-03-07T16:23:17.894Z,2026-03-07T18:30:19.130Z,2026-03-08T05:26:51.920Z,03:00:00,02:07:01,2850.00,2850.00,0.00,2850.00,released,[synthetic] src: synthetic_0605.json,true
930,930,629,430,2026-01-14T16:00:00.000Z,2026-01-14T16:39:00.000Z,2026-01-14T23:19:55.787Z,2026-01-14T17:44:58.919Z,2026-01-15T00:33:16.487Z,2026-01-15T20:39:34.102Z,05:00:00,06:48:18,4300.00,4300.00,0.00,4300.00,released,[synthetic] src: synthetic_0606.json,true
931,931,630,431,2026-10-18T16:00:00.000Z,2026-10-19T08:41:00.000Z,2026-10-19T21:12:56.869Z,2026-10-19T09:41:55.422Z,2026-10-19T15:32:19.858Z,2026-10-20T08:26:38.053Z,02:30:00,05:50:24,2550.00,2550.00,0.00,2550.00,released,[synthetic] src: synthetic_0607.json,true
932,932,631,432,2025-12-31T16:00:00.000Z,2026-01-01T14:31:00.000Z,2026-01-02T00:57:16.588Z,2026-01-01T15:04:23.798Z,2026-01-01T22:49:29.998Z,2026-01-02T09:08:37.455Z,02:45:00,07:45:06,2150.00,2150.00,0.00,2150.00,released,[synthetic] src: synthetic_0608.json,true
933,933,632,433,2026-02-10T16:00:00.000Z,2026-02-11T09:00:00.000Z,2026-02-11T18:19:05.311Z,2026-02-11T09:59:22.464Z,2026-02-11T13:55:36.225Z,2026-02-12T04:19:13.747Z,03:45:00,03:56:14,2900.00,2900.00,0.00,2900.00,released,[synthetic] src: synthetic_0609.json,true
934,934,633,434,2026-06-15T16:00:00.000Z,2026-06-15T17:35:00.000Z,2026-06-16T00:22:21.853Z,2026-06-15T18:11:19.591Z,2026-06-16T01:50:38.933Z,2026-06-16T10:21:48.905Z,01:30:00,07:39:19,1250.00,1250.00,0.00,1250.00,released,[synthetic] src: synthetic_0610.json,true
935,935,634,435,2026-02-14T16:00:00.000Z,2026-02-15T09:51:00.000Z,2026-02-15T16:35:58.828Z,2026-02-15T10:30:44.258Z,2026-02-15T17:23:20.065Z,2026-02-16T16:07:10.553Z,02:15:00,06:52:36,1400.00,1400.00,0.00,1400.00,released,[synthetic] src: synthetic_0611.json,true
936,936,635,436,2026-09-17T16:00:00.000Z,2026-09-18T09:46:00.000Z,2026-09-18T19:10:18.949Z,2026-09-18T11:06:15.927Z,2026-09-18T15:08:38.234Z,2026-09-19T05:00:15.171Z,05:00:00,04:02:22,3700.00,3700.00,0.00,3700.00,released,[synthetic] src: synthetic_0612.json,true
937,937,636,437,2026-09-25T16:00:00.000Z,2026-09-26T12:21:00.000Z,2026-09-26T21:52:03.995Z,2026-09-26T13:20:52.791Z,2026-09-26T15:57:29.523Z,2026-09-26T21:53:14.230Z,05:00:00,02:36:37,3700.00,3700.00,0.00,3700.00,released,[synthetic] src: synthetic_0613.json,true
938,938,637,438,2026-02-23T16:00:00.000Z,2026-02-24T09:26:00.000Z,2026-02-24T15:09:51.963Z,2026-02-24T10:06:33.006Z,2026-02-24T12:28:45.465Z,2026-02-25T02:20:17.700Z,02:30:00,02:22:12,2050.00,2050.00,0.00,2050.00,released,[synthetic] src: synthetic_0614.json,true
939,939,638,439,2026-06-13T16:00:00.000Z,2026-06-14T08:26:00.000Z,2026-06-14T18:00:38.966Z,2026-06-14T09:33:13.530Z,2026-06-14T13:54:01.410Z,2026-06-15T13:12:13.881Z,05:15:00,04:20:48,4850.00,4850.00,0.00,4850.00,released,[synthetic] src: synthetic_0615.json,true
940,940,639,440,2026-02-06T16:00:00.000Z,2026-02-07T08:16:00.000Z,2026-02-07T15:31:32.995Z,2026-02-07T09:09:05.776Z,2026-02-07T13:11:48.661Z,2026-02-07T18:25:13.935Z,05:00:00,04:02:43,3700.00,3700.00,0.00,3700.00,released,[synthetic] src: synthetic_0616.json,true
941,941,640,441,2026-08-12T16:00:00.000Z,2026-08-13T08:24:00.000Z,2026-08-13T13:07:07.603Z,2026-08-13T08:57:41.547Z,2026-08-13T15:02:11.689Z,2026-08-14T01:03:46.218Z,03:45:00,06:04:30,3000.00,3000.00,0.00,3000.00,released,[synthetic] src: synthetic_0617.json,true
942,942,641,442,2026-02-26T16:00:00.000Z,2026-02-27T09:18:00.000Z,2026-02-27T15:30:55.416Z,2026-02-27T10:12:12.147Z,2026-02-27T13:26:18.896Z,2026-02-28T11:41:50.732Z,01:30:00,03:14:07,1200.00,1200.00,0.00,1200.00,released,[synthetic] src: synthetic_0618.json,true
943,943,642,443,2026-11-04T16:00:00.000Z,2026-11-05T11:46:00.000Z,2026-11-05T22:28:38.761Z,2026-11-05T12:35:26.610Z,2026-11-05T19:20:45.681Z,2026-11-05T22:45:38.897Z,03:00:00,06:45:19,3300.00,3300.00,0.00,3300.00,released,[synthetic] src: synthetic_0619.json,true
944,944,643,444,2026-12-11T16:00:00.000Z,2026-12-12T12:23:00.000Z,2026-12-12T17:56:20.563Z,2026-12-12T13:50:39.168Z,2026-12-12T17:48:27.750Z,2026-12-13T15:42:14.313Z,05:00:00,03:57:49,3500.00,3500.00,0.00,3500.00,released,[synthetic] src: synthetic_0620.json,true
945,945,644,445,2026-09-19T16:00:00.000Z,2026-09-20T14:51:00.000Z,2026-09-21T02:15:56.404Z,2026-09-20T16:00:09.525Z,2026-09-20T22:19:46.885Z,2026-09-21T20:59:06.011Z,05:15:00,06:19:37,5050.00,5050.00,0.00,5050.00,released,[synthetic] src: synthetic_0621.json,true
946,946,645,446,2026-10-22T16:00:00.000Z,2026-10-23T09:17:00.000Z,2026-10-23T21:46:45.116Z,2026-10-23T10:00:37.460Z,2026-10-23T15:02:03.209Z,2026-10-23T19:26:24.751Z,03:30:00,05:01:26,2850.00,2850.00,0.00,2850.00,released,[synthetic] src: synthetic_0622.json,true
947,947,646,447,2026-02-23T16:00:00.000Z,2026-02-24T15:33:00.000Z,2026-02-25T00:35:12.400Z,2026-02-24T16:57:24.018Z,2026-02-24T23:34:16.304Z,2026-02-25T21:03:55.289Z,01:30:00,06:36:52,1450.00,1450.00,0.00,1450.00,released,[synthetic] src: synthetic_0623.json,true
948,948,647,448,2026-01-22T16:00:00.000Z,2026-01-22T16:26:00.000Z,2026-01-23T02:29:47.012Z,2026-01-22T17:28:34.931Z,2026-01-22T21:34:28.361Z,2026-01-23T16:19:08.511Z,03:30:00,04:05:53,3000.00,3000.00,0.00,3000.00,released,[synthetic] src: synthetic_0624.json,true
949,949,648,449,2026-11-15T16:00:00.000Z,2026-11-16T10:46:00.000Z,2026-11-16T19:02:59.986Z,2026-11-16T12:08:51.416Z,2026-11-16T16:23:46.916Z,2026-11-17T11:01:02.215Z,02:45:00,04:14:56,2000.00,2000.00,0.00,2000.00,released,[synthetic] src: synthetic_0625.json,true
950,950,649,450,2026-01-24T16:00:00.000Z,2026-01-24T17:41:00.000Z,2026-01-25T02:39:54.792Z,2026-01-24T18:49:02.107Z,2026-01-24T22:48:20.704Z,2026-01-25T02:43:11.456Z,02:15:00,03:59:19,1900.00,1900.00,0.00,1900.00,released,[synthetic] src: synthetic_0626.json,true
951,951,650,451,2026-12-15T16:00:00.000Z,2026-12-16T11:50:00.000Z,2026-12-16T20:36:04.031Z,2026-12-16T12:45:45.559Z,2026-12-16T17:50:20.077Z,2026-12-16T20:05:58.969Z,03:00:00,05:04:35,2400.00,2400.00,0.00,2400.00,released,[synthetic] src: synthetic_0627.json,true
952,952,651,452,2026-09-27T16:00:00.000Z,2026-09-28T11:57:00.000Z,2026-09-28T17:48:22.132Z,2026-09-28T12:49:20.237Z,2026-09-28T16:37:08.389Z,2026-09-29T09:32:42.933Z,03:15:00,03:47:48,2950.00,2950.00,0.00,2950.00,released,[synthetic] src: synthetic_0628.json,true
953,953,652,453,2026-05-09T16:00:00.000Z,2026-05-10T10:22:00.000Z,2026-05-10T21:01:26.577Z,2026-05-10T11:43:50.008Z,2026-05-10T14:12:57.733Z,2026-05-11T04:35:49.008Z,07:00:00,02:29:08,6350.00,6350.00,0.00,6350.00,released,[synthetic] src: synthetic_0629.json,true
954,954,653,454,2026-05-15T16:00:00.000Z,2026-05-16T09:52:00.000Z,2026-05-16T20:32:32.315Z,2026-05-16T11:17:12.830Z,2026-05-16T17:11:43.773Z,2026-05-17T09:09:16.530Z,05:00:00,05:54:31,4050.00,4050.00,0.00,4050.00,released,[synthetic] src: synthetic_0630.json,true
955,955,654,455,2026-05-11T16:00:00.000Z,2026-05-11T17:04:00.000Z,2026-05-11T23:21:35.427Z,2026-05-11T18:21:02.900Z,2026-05-12T00:33:28.252Z,2026-05-12T21:16:29.938Z,02:15:00,06:12:25,2200.00,2200.00,0.00,2200.00,released,[synthetic] src: synthetic_0631.json,true
956,956,655,456,2026-07-05T16:00:00.000Z,2026-07-06T10:42:00.000Z,2026-07-06T21:22:06.089Z,2026-07-06T12:05:17.213Z,2026-07-06T15:07:14.671Z,2026-07-06T16:40:07.294Z,01:30:00,03:01:57,1050.00,1050.00,0.00,1050.00,released,[synthetic] src: synthetic_0632.json,true
957,957,656,457,2026-03-05T16:00:00.000Z,2026-03-06T15:41:00.000Z,2026-03-07T02:10:21.180Z,2026-03-06T16:15:24.989Z,2026-03-06T22:36:49.382Z,2026-03-07T07:47:07.398Z,07:00:00,06:21:24,4200.00,4200.00,0.00,4200.00,released,[synthetic] src: synthetic_0633.json,true
958,958,657,458,2026-10-09T16:00:00.000Z,2026-10-10T15:51:00.000Z,2026-10-11T01:11:49.878Z,2026-10-10T16:55:46.114Z,2026-10-10T22:29:34.775Z,2026-10-11T17:35:30.264Z,03:15:00,05:33:49,2650.00,2650.00,0.00,2650.00,released,[synthetic] src: synthetic_0634.json,true
959,959,658,459,2026-06-30T16:00:00.000Z,2026-07-01T11:22:00.000Z,2026-07-02T00:02:14.682Z,2026-07-01T12:06:43.663Z,2026-07-01T14:18:43.857Z,2026-07-01T21:32:08.718Z,07:00:00,02:12:00,6000.00,6000.00,0.00,6000.00,released,[synthetic] src: synthetic_0635.json,true
960,960,659,460,2026-05-13T16:00:00.000Z,2026-05-14T11:05:00.000Z,2026-05-14T17:15:13.108Z,2026-05-14T12:04:12.876Z,2026-05-14T15:47:30.995Z,2026-05-15T07:13:29.318Z,01:30:00,03:43:18,1150.00,1150.00,0.00,1150.00,released,[synthetic] src: synthetic_0636.json,true
961,961,660,461,2026-10-07T16:00:00.000Z,2026-10-08T12:56:00.000Z,2026-10-09T01:02:18.271Z,2026-10-08T13:53:13.444Z,2026-10-08T21:17:51.512Z,2026-10-09T10:41:26.146Z,05:00:00,07:24:38,3650.00,3650.00,0.00,3650.00,released,[synthetic] src: synthetic_0637.json,true
962,962,661,462,2026-10-24T16:00:00.000Z,2026-10-25T15:08:00.000Z,2026-10-26T02:30:10.712Z,2026-10-25T16:12:20.069Z,2026-10-26T00:08:54.824Z,2026-10-26T17:00:48.626Z,05:00:00,07:56:35,3700.00,3700.00,0.00,3700.00,released,[synthetic] src: synthetic_0638.json,true
963,963,662,463,2026-05-10T16:00:00.000Z,2026-05-10T17:27:00.000Z,2026-05-10T23:51:22.508Z,2026-05-10T18:44:56.719Z,2026-05-10T23:30:45.063Z,2026-05-11T01:29:00.846Z,03:00:00,04:45:48,2550.00,2550.00,0.00,2550.00,released,[synthetic] src: synthetic_0639.json,true
964,964,663,464,2026-11-20T16:00:00.000Z,2026-11-21T15:00:00.000Z,2026-11-22T01:59:12.867Z,2026-11-21T16:06:02.400Z,2026-11-21T19:02:31.318Z,2026-11-22T10:15:36.607Z,01:30:00,02:56:29,1350.00,1350.00,0.00,1350.00,released,[synthetic] src: synthetic_0640.json,true
965,965,664,465,2026-04-07T16:00:00.000Z,2026-04-08T12:29:00.000Z,2026-04-08T23:02:23.585Z,2026-04-08T13:38:57.942Z,2026-04-08T17:00:53.415Z,2026-04-09T11:32:04.352Z,01:30:00,03:21:55,1050.00,1050.00,0.00,1050.00,released,[synthetic] src: synthetic_0641.json,true
966,966,665,466,2026-11-02T16:00:00.000Z,2026-11-03T15:28:00.000Z,2026-11-04T04:11:30.852Z,2026-11-03T16:23:37.343Z,2026-11-04T00:12:04.985Z,2026-11-04T05:34:30.509Z,03:30:00,07:48:28,2900.00,2900.00,0.00,2900.00,released,[synthetic] src: synthetic_0642.json,true
967,967,666,467,2026-07-11T16:00:00.000Z,2026-07-11T17:06:00.000Z,2026-07-12T01:46:46.812Z,2026-07-11T17:37:29.698Z,2026-07-11T23:10:20.763Z,2026-07-12T06:34:12.960Z,01:30:00,05:32:51,1250.00,1250.00,0.00,1250.00,released,[synthetic] src: synthetic_0643.json,true
968,968,667,468,2026-12-08T16:00:00.000Z,2026-12-08T17:35:00.000Z,2026-12-09T05:39:50.876Z,2026-12-08T18:10:00.253Z,2026-12-08T23:20:33.551Z,2026-12-09T10:08:41.956Z,03:30:00,05:10:33,2950.00,2950.00,0.00,2950.00,released,[synthetic] src: synthetic_0644.json,true
969,969,668,469,2026-06-15T16:00:00.000Z,2026-06-16T12:26:00.000Z,2026-06-16T22:21:16.907Z,2026-06-16T13:03:31.269Z,2026-06-16T19:02:13.538Z,2026-06-17T10:53:04.794Z,02:30:00,05:58:42,2050.00,2050.00,0.00,2050.00,released,[synthetic] src: synthetic_0645.json,true
970,970,669,470,2026-09-24T16:00:00.000Z,2026-09-25T12:45:00.000Z,2026-09-25T20:51:21.062Z,2026-09-25T14:08:35.237Z,2026-09-25T16:38:46.775Z,2026-09-26T08:33:39.387Z,04:30:00,02:30:12,4850.00,4850.00,0.00,4850.00,released,[synthetic] src: synthetic_0646.json,true
971,971,670,471,2026-08-02T16:00:00.000Z,2026-08-03T08:55:00.000Z,2026-08-03T16:27:45.867Z,2026-08-03T09:35:23.476Z,2026-08-03T13:47:14.919Z,2026-08-04T13:06:23.588Z,05:00:00,04:11:51,3800.00,3800.00,0.00,3800.00,released,[synthetic] src: synthetic_0647.json,true
972,972,671,472,2026-12-12T16:00:00.000Z,2026-12-13T12:15:00.000Z,2026-12-13T19:42:18.035Z,2026-12-13T13:03:17.484Z,2026-12-13T20:11:50.445Z,2026-12-14T09:30:41.578Z,01:30:00,07:08:33,1050.00,1050.00,0.00,1050.00,released,[synthetic] src: synthetic_0648.json,true
973,973,672,473,2026-03-25T16:00:00.000Z,2026-03-26T08:55:00.000Z,2026-03-26T18:38:24.224Z,2026-03-26T09:51:28.130Z,2026-03-26T16:58:21.208Z,2026-03-27T02:08:19.936Z,03:30:00,07:06:53,2400.00,2400.00,0.00,2400.00,released,[synthetic] src: synthetic_0649.json,true
974,974,673,474,2026-01-04T16:00:00.000Z,2026-01-05T14:05:00.000Z,2026-01-05T21:56:06.985Z,2026-01-05T15:15:02.498Z,2026-01-05T19:03:02.631Z,2026-01-05T22:16:54.951Z,05:00:00,03:48:00,3350.00,3350.00,0.00,3350.00,released,[synthetic] src: synthetic_0650.json,true
975,975,674,475,2026-11-25T16:00:00.000Z,2026-11-25T17:25:00.000Z,2026-11-26T02:59:12.312Z,2026-11-25T18:53:32.756Z,2026-11-25T22:06:20.920Z,2026-11-26T15:30:27.654Z,01:30:00,03:12:48,1150.00,1150.00,0.00,1150.00,released,[synthetic] src: synthetic_0651.json,true
976,976,675,476,2026-12-07T16:00:00.000Z,2026-12-08T10:04:00.000Z,2026-12-08T22:17:45.755Z,2026-12-08T11:08:49.113Z,2026-12-08T16:20:39.692Z,2026-12-09T15:46:28.249Z,05:00:00,05:11:51,3750.00,3750.00,0.00,3750.00,released,[synthetic] src: synthetic_0652.json,true
977,977,676,477,2026-06-16T16:00:00.000Z,2026-06-17T12:35:00.000Z,2026-06-17T18:18:32.670Z,2026-06-17T13:46:00.318Z,2026-06-17T20:55:11.188Z,2026-06-18T00:42:34.919Z,03:45:00,07:09:11,3650.00,3650.00,0.00,3650.00,released,[synthetic] src: synthetic_0653.json,true
978,978,677,478,2026-02-05T16:00:00.000Z,2026-02-06T11:11:00.000Z,2026-02-06T23:56:37.530Z,2026-02-06T12:03:49.005Z,2026-02-06T14:43:18.356Z,2026-02-06T20:33:55.902Z,14:00:00,02:39:29,19300.00,19300.00,0.00,19300.00,released,[synthetic] src: synthetic_0654.json,true
979,979,678,479,2026-02-07T16:00:00.000Z,2026-02-07T16:01:00.000Z,2026-02-08T01:12:34.224Z,2026-02-07T16:41:11.181Z,2026-02-07T19:15:33.337Z,2026-02-08T14:49:44.150Z,03:30:00,02:34:22,2600.00,2600.00,0.00,2600.00,released,[synthetic] src: synthetic_0655.json,true
980,980,679,480,2026-12-17T16:00:00.000Z,2026-12-18T08:59:00.000Z,2026-12-18T18:33:06.161Z,2026-12-18T09:53:45.001Z,2026-12-18T13:38:18.518Z,2026-12-18T20:21:22.264Z,02:15:00,03:44:34,1950.00,1950.00,0.00,1950.00,released,[synthetic] src: synthetic_0656.json,true
981,981,680,481,2026-09-20T16:00:00.000Z,2026-09-21T14:11:00.000Z,2026-09-21T22:10:42.530Z,2026-09-21T15:39:14.847Z,2026-09-21T21:28:37.461Z,2026-09-22T03:07:13.048Z,02:45:00,05:49:23,2550.00,2550.00,0.00,2550.00,released,[synthetic] src: synthetic_0657.json,true
982,982,681,482,2026-07-15T16:00:00.000Z,2026-07-16T09:41:00.000Z,2026-07-16T20:56:56.525Z,2026-07-16T10:54:30.137Z,2026-07-16T15:58:57.444Z,2026-07-16T18:44:39.518Z,04:15:00,05:04:27,3500.00,3500.00,0.00,3500.00,released,[synthetic] src: synthetic_0658.json,true
983,983,682,483,2026-11-23T16:00:00.000Z,2026-11-24T08:45:00.000Z,2026-11-24T20:44:55.195Z,2026-11-24T10:01:37.053Z,2026-11-24T14:28:26.817Z,2026-11-24T16:24:57.448Z,05:00:00,04:26:50,3800.00,3800.00,0.00,3800.00,released,[synthetic] src: synthetic_0659.json,true
984,984,683,484,2026-10-04T16:00:00.000Z,2026-10-05T14:27:00.000Z,2026-10-06T00:21:32.280Z,2026-10-05T15:40:40.369Z,2026-10-05T19:10:59.521Z,2026-10-06T01:15:23.472Z,03:15:00,03:30:19,2900.00,2900.00,0.00,2900.00,released,[synthetic] src: synthetic_0660.json,true
985,985,684,485,2026-04-30T16:00:00.000Z,2026-05-01T12:20:00.000Z,2026-05-01T22:44:38.020Z,2026-05-01T13:10:06.985Z,2026-05-01T19:58:27.049Z,2026-05-02T09:58:07.948Z,05:00:00,06:48:20,3100.00,3100.00,0.00,3100.00,released,[synthetic] src: synthetic_0661.json,true
986,986,685,486,2026-10-18T16:00:00.000Z,2026-10-18T16:12:00.000Z,2026-10-19T01:22:35.345Z,2026-10-18T17:31:25.294Z,2026-10-18T22:06:52.437Z,2026-10-19T06:44:08.065Z,05:00:00,04:35:27,3600.00,3600.00,0.00,3600.00,released,[synthetic] src: synthetic_0662.json,true
987,987,686,487,2026-10-18T16:00:00.000Z,2026-10-19T13:41:00.000Z,2026-10-19T23:07:42.858Z,2026-10-19T14:25:19.798Z,2026-10-19T19:34:16.085Z,2026-10-19T21:58:49.543Z,02:15:00,05:08:56,1600.00,1600.00,0.00,1600.00,released,[synthetic] src: synthetic_0663.json,true
988,988,687,488,2026-05-09T16:00:00.000Z,2026-05-10T12:08:00.000Z,2026-05-10T20:33:32.702Z,2026-05-10T13:22:23.888Z,2026-05-10T16:56:45.231Z,2026-05-11T04:54:39.683Z,01:30:00,03:34:21,1250.00,1250.00,0.00,1250.00,released,[synthetic] src: synthetic_0664.json,true
989,989,688,489,2026-04-10T16:00:00.000Z,2026-04-11T11:59:00.000Z,2026-04-11T17:04:09.596Z,2026-04-11T12:42:06.133Z,2026-04-11T20:04:40.705Z,2026-04-12T00:06:28.428Z,02:15:00,07:22:35,2100.00,2100.00,0.00,2100.00,released,[synthetic] src: synthetic_0665.json,true
990,990,689,490,2026-02-06T16:00:00.000Z,2026-02-07T10:44:00.000Z,2026-02-07T19:04:13.223Z,2026-02-07T12:11:15.238Z,2026-02-07T15:52:25.176Z,2026-02-08T02:29:36.962Z,03:45:00,03:41:10,3200.00,3200.00,0.00,3200.00,released,[synthetic] src: synthetic_0666.json,true
991,991,690,491,2026-12-04T16:00:00.000Z,2026-12-05T13:06:00.000Z,2026-12-05T19:08:35.862Z,2026-12-05T14:15:39.452Z,2026-12-05T21:12:02.638Z,2026-12-06T07:22:39.300Z,07:00:00,06:56:23,6300.00,6300.00,0.00,6300.00,released,[synthetic] src: synthetic_0667.json,true
992,992,691,492,2026-02-14T16:00:00.000Z,2026-02-15T13:37:00.000Z,2026-02-15T18:52:29.852Z,2026-02-15T14:40:48.159Z,2026-02-15T21:20:26.544Z,2026-02-16T16:56:33.688Z,02:15:00,06:39:38,1450.00,1450.00,0.00,1450.00,released,[synthetic] src: synthetic_0668.json,true
993,993,692,493,2026-01-14T16:00:00.000Z,2026-01-14T16:30:00.000Z,2026-01-15T00:45:46.191Z,2026-01-14T17:07:09.750Z,2026-01-14T23:10:10.809Z,2026-01-15T15:55:38.764Z,04:15:00,06:03:01,4350.00,4350.00,0.00,4350.00,released,[synthetic] src: synthetic_0669.json,true
994,994,693,494,2026-12-14T16:00:00.000Z,2026-12-15T14:59:00.000Z,2026-12-15T23:22:54.272Z,2026-12-15T15:36:59.279Z,2026-12-15T21:01:58.588Z,2026-12-16T20:26:54.124Z,03:30:00,05:24:59,2850.00,2850.00,0.00,2850.00,released,[synthetic] src: synthetic_0670.json,true
995,995,694,495,2026-12-21T16:00:00.000Z,2026-12-22T13:10:00.000Z,2026-12-22T19:17:39.334Z,2026-12-22T14:09:23.959Z,2026-12-22T18:18:50.364Z,2026-12-23T18:10:02.378Z,05:15:00,04:09:26,4050.00,4050.00,0.00,4050.00,released,[synthetic] src: synthetic_0671.json,true
996,996,695,496,2026-11-11T16:00:00.000Z,2026-11-11T17:22:00.000Z,2026-11-12T04:24:04.376Z,2026-11-11T18:06:09.515Z,2026-11-11T20:44:36.040Z,2026-11-12T17:22:16.335Z,04:30:00,02:38:27,3450.00,3450.00,0.00,3450.00,released,[synthetic] src: synthetic_0672.json,true
997,997,696,497,2026-03-16T16:00:00.000Z,2026-03-16T16:25:00.000Z,2026-03-16T21:39:24.200Z,2026-03-16T16:57:48.235Z,2026-03-16T22:09:59.551Z,2026-03-17T07:01:28.446Z,05:00:00,05:12:11,3000.00,3000.00,0.00,3000.00,released,[synthetic] src: synthetic_0673.json,true
998,998,697,498,2026-10-13T16:00:00.000Z,2026-10-14T11:14:00.000Z,2026-10-14T19:22:21.635Z,2026-10-14T12:00:08.836Z,2026-10-14T19:57:13.388Z,2026-10-15T08:19:59.655Z,02:30:00,07:57:05,2300.00,2300.00,0.00,2300.00,released,[synthetic] src: synthetic_0674.json,true
999,999,698,499,2026-06-10T16:00:00.000Z,2026-06-11T09:15:00.000Z,2026-06-11T17:33:42.573Z,2026-06-11T10:44:37.234Z,2026-06-11T17:23:14.754Z,2026-06-12T10:45:30.968Z,05:00:00,06:38:38,3850.00,3850.00,0.00,3850.00,released,[synthetic] src: synthetic_0675.json,true
1000,1000,699,500,2026-04-02T16:00:00.000Z,2026-04-03T13:32:00.000Z,2026-04-04T02:38:49.056Z,2026-04-03T14:51:07.348Z,2026-04-03T21:47:31.021Z,2026-04-04T02:45:15.487Z,01:30:00,06:56:24,1400.00,1400.00,0.00,1400.00,released,[synthetic] src: synthetic_0676.json,true
1001,1001,200,1,2026-09-15T16:00:00.000Z,2026-09-16T10:33:37.766Z,,,,,,,0.00,0.00,0.00,0.00,pending_customer_approval,,false