id,job_order_id,job_order_service_id,purchase_order_id,status,part_number,description,quantity,retail_unit_price,total_retail_amount,supplier_unit_cost,is_oem,tier
1,1,2,,received,,Synchronizer Gear,1,6000.00,6000.00,4200.00,false,replacement
2,1,2,,received,,Third Gear,1,6000.00,6000.00,4200.00,false,replacement
3,1,2,,received,,"Shaft Fork, Third Gear",1,6500.00,6500.00,4550.00,false,replacement
4,1,2,,received,,Gear / Differential Oil,5,650.00,3250.00,455.00,false,standard
5,2,3,,received,,Pressure Plate,1,3500.00,3500.00,2450.00,false,replacement
6,2,3,,received,,Clutch Disc,1,4200.00,4200.00,2940.00,false,replacement
7,2,3,,received,,Release Brng.,1,1200.00,1200.00,840.00,false,replacement
8,4,,,received,,Timing Chain,1,13500.00,13500.00,9450.00,false,replacement
9,4,,,received,,Injector Damper,1,350.00,350.00,245.00,false,replacement
10,4,,,received,,Crankshaft Pulley,1,3500.00,3500.00,2450.00,false,replacement
11,4,,,received,,Tensioner,1,2500.00,2500.00,1750.00,false,replacement
12,4,,,received,,Valve Cover Gasket,1,1800.00,1800.00,1260.00,false,replacement
13,5,8,,received,,Valve Seal,16,120.00,1920.00,84.00,false,replacement
14,5,8,,received,,Cylinder Head Gasket,1,1800.00,1800.00,1260.00,false,replacement
15,5,8,,received,,Engine Coolant,8,175.00,1400.00,122.50,false,standard
16,5,8,,received,,Rack and Pinion Kit,1,3500.00,3500.00,2450.00,false,replacement
17,5,8,,received,,Steering Pump Kit,1,1200.00,1200.00,840.00,false,replacement
18,5,8,,received,,Sealing Fluid,1,450.00,450.00,315.00,false,replacement
19,6,11,,received,,Silicone,1,250.00,250.00,175.00,false,replacement
20,7,13,,received,,Aircon Parts,1,21600.00,21600.00,15120.00,false,replacement
21,7,13,,received,,Mechanical Parts,1,71000.00,71000.00,49700.00,false,replacement
22,8,15,,received,,Carbon Brush,1,1000.00,1000.00,700.00,false,replacement
23,8,15,,received,,Solenoid Switch,1,2200.00,2200.00,1540.00,false,replacement
24,9,16,,received,,Intercooler Hose (oil),1,6800.00,6800.00,4760.00,false,replacement
25,10,17,,received,,Timing Belt,1,3000.00,3000.00,2100.00,false,replacement
26,10,17,,received,,Tensioner Timing Belt,1,3300.00,3300.00,2310.00,false,replacement
27,10,17,,received,,Tensioner Adjuster,1,2450.00,2450.00,1715.00,false,replacement
28,10,17,,received,,Crankshaft Oil Seal,1,450.00,450.00,315.00,false,replacement
29,10,17,,received,,Camshaft Oil Seal,1,450.00,450.00,315.00,false,replacement
30,10,17,,received,,Drive / Fan Belt,1,1250.00,1250.00,875.00,false,replacement
31,10,17,,received,,Water Pump,1,3500.00,3500.00,2450.00,false,replacement
32,10,17,,received,,Water Coolant,6,175.00,1050.00,122.50,false,replacement
33,10,17,,received,,Coolant Bypass Hose / Tube,1,2800.00,2800.00,1960.00,false,replacement
34,10,17,,received,,Alternator,1,1000.00,1000.00,700.00,false,replacement
35,11,18,,received,,Pressure Plate,1,3300.00,3300.00,2310.00,false,replacement
36,11,18,,received,,Clutch Disc,1,3100.00,3100.00,2170.00,false,replacement
37,11,18,,received,,Release Bearing,1,1250.00,1250.00,875.00,false,replacement
38,11,18,,received,,Set Oil Seal,1,1700.00,1700.00,1190.00,false,replacement
39,11,18,,received,,Pilot Bearing,1,250.00,250.00,175.00,false,replacement
40,12,19,,received,,Pressure Plate,1,3500.00,3500.00,2450.00,false,replacement
41,12,19,,received,,Clutch Disc,1,3300.00,3300.00,2310.00,false,replacement
42,12,19,,received,,Release Bearing,1,1250.00,1250.00,875.00,false,replacement
43,12,19,,received,,Oil Seal,1,1300.00,1300.00,910.00,false,replacement
44,14,26,,received,,Wheel Bearing,2,1800.00,3600.00,1260.00,false,replacement
45,14,26,,received,,Oil Filter,1,350.00,350.00,245.00,false,replacement
46,14,26,,received,,Cabin Filter,1,450.00,450.00,315.00,false,replacement
47,14,26,,received,,Air Filter,1,450.00,450.00,315.00,false,replacement
48,14,26,,received,,Brake Cleaner,1,250.00,250.00,175.00,false,standard
49,14,26,,received,,Suspension Bushing,2,650.00,1300.00,455.00,false,replacement
50,14,26,,received,,Brake Pads,1,1700.00,1700.00,1190.00,false,replacement
51,15,27,,received,,Timing Belt,1,3000.00,3000.00,2100.00,false,replacement
52,15,27,,received,,Tensioner Timing Belt,1,3300.00,3300.00,2310.00,false,replacement
53,15,27,,received,,Transmission Adjuster,1,450.00,450.00,315.00,false,replacement
54,15,27,,received,,Camshaft,1,450.00,450.00,315.00,false,replacement
55,15,27,,received,,Drive / Fan Belt,1,1250.00,1250.00,875.00,false,replacement
56,15,27,,received,,Water Pump,1,3500.00,3500.00,2450.00,false,replacement
57,15,27,,received,,Engine Coolant,6,175.00,1050.00,122.50,false,standard
58,16,28,,received,,Pressure Plate,1,5800.00,5800.00,4060.00,false,replacement
59,16,28,,received,,Clutch Disc,1,4600.00,4600.00,3220.00,false,replacement
60,16,28,,received,,Release Bearing,1,2550.00,2550.00,1785.00,false,replacement
61,16,28,,received,,Md Canl Cat,1,2000.00,2000.00,1400.00,false,replacement
62,16,28,,received,,Pilot Bearing,1,350.00,350.00,245.00,false,replacement
63,17,29,,received,,Engine Oil,4,400.00,1600.00,280.00,false,standard
64,17,29,,received,,Oil Filter,1,350.00,350.00,245.00,false,replacement
65,18,38,,received,,Engine Oil,8,450.00,3600.00,315.00,false,standard
66,18,38,,received,,Tie Rod End,2,1200.00,2400.00,840.00,false,replacement
67,18,38,,received,,Tie Rod End,2,1250.00,2500.00,875.00,false,replacement
68,18,38,,received,,Clutch Slave Cylinder,1,500.00,500.00,350.00,false,replacement
69,18,38,,received,,Brake Pads,1,2000.00,2000.00,1400.00,false,replacement
70,18,38,,received,,Brake Shoe,1,2500.00,2500.00,1750.00,false,replacement
71,18,38,,received,,Cabin Filter,1,550.00,550.00,385.00,false,replacement
72,18,38,,received,,Air Filter,1,750.00,750.00,525.00,false,replacement
73,18,38,,received,,Fuel Filter,1,850.00,850.00,595.00,false,replacement
74,18,38,,received,,Oil Filter,1,650.00,650.00,455.00,false,replacement
75,18,38,,received,,Engine Coolant,8,175.00,1400.00,122.50,false,standard
76,18,38,,received,,Brake Fluid,1,300.00,300.00,210.00,false,standard
77,18,38,,received,,Power Steering Fluid,1,400.00,400.00,280.00,false,standard
78,18,38,,received,,Steering Boots,2,500.00,1000.00,350.00,false,replacement
79,19,41,,received,,Brake Pads,1,1800.00,1800.00,1260.00,false,replacement
80,19,41,,received,,Brake Cleaner,1,200.00,200.00,140.00,false,standard
81,19,41,,received,,Brake Fluid,1,300.00,300.00,210.00,false,standard
82,19,41,,received,,Replace Kit,1,950.00,950.00,665.00,false,replacement
83,19,41,,received,,Shock Absorber,2,4000.00,8000.00,2800.00,false,replacement
84,20,44,,received,,Fuel Pump Assy,1,6800.00,6800.00,4760.00,false,replacement
85,20,44,,received,,Ignition Coil,1,2200.00,2200.00,1540.00,false,replacement
86,20,44,,received,,Socket,4,250.00,1000.00,175.00,false,replacement
87,21,,,received,,Engine Oil,7,350.00,2450.00,245.00,false,standard
88,21,,,received,,Brake Cleaner,1,250.00,250.00,175.00,false,standard
89,21,,,received,,Oil,1,350.00,350.00,245.00,false,replacement
90,21,,,received,,Air Filter,1,650.00,650.00,455.00,false,replacement
91,21,,,received,,Fuel Filter,1,450.00,450.00,315.00,false,replacement
92,22,,,received,,Lower Suspension,1,3800.00,3800.00,2660.00,false,replacement
93,22,,,received,,Upper Suspension,1,2500.00,2500.00,1750.00,false,replacement
94,22,,,received,,Tie Rod End,2,1200.00,2400.00,840.00,false,replacement
95,22,,,received,,Tie Rod End,2,1200.00,2400.00,840.00,false,replacement
96,23,46,,received,,Oil Pump,1,9500.00,9500.00,6650.00,false,replacement
97,23,46,,received,,Engine Oil,8,400.00,3200.00,280.00,false,standard
98,23,46,,received,,Oil Filter,1,450.00,450.00,315.00,false,replacement
99,23,46,,received,,Air Filter,1,550.00,550.00,385.00,false,replacement
100,23,46,,received,,Fuel Filter,1,750.00,750.00,525.00,false,replacement
101,23,46,,received,,Cabin Filter,1,450.00,450.00,315.00,false,replacement
102,24,55,,received,,Engine Oil,8,450.00,3600.00,315.00,false,standard
103,24,55,,received,,Tie Rod End,2,1200.00,2400.00,840.00,false,replacement
104,24,55,,received,,Tie Rod End,2,1250.00,2500.00,875.00,false,replacement
105,24,55,,received,,Air Filter,1,650.00,650.00,455.00,false,replacement
106,24,55,,received,,Fuel Filter,1,850.00,850.00,595.00,false,replacement
107,24,55,,received,,Oil Filter,1,650.00,650.00,455.00,false,replacement
108,24,55,,received,,Cabin Filter,1,550.00,550.00,385.00,false,replacement
109,24,55,,received,,Brake Shoe,1,2500.00,2500.00,1750.00,false,replacement
110,24,55,,received,,Brake Caliper Repair Kit,1,750.00,750.00,525.00,false,replacement
111,24,55,,received,,Engine Coolant,8,175.00,1400.00,122.50,false,standard
112,24,55,,received,,Brake Fluid,1,300.00,300.00,210.00,false,standard
113,24,55,,received,,Power Steering Fluid,1,350.00,350.00,245.00,false,standard
114,24,55,,received,,Steering Boots,2,550.00,1100.00,385.00,false,replacement
115,24,55,,received,,Wheel Cylinder,2,1000.00,2000.00,700.00,false,replacement
116,24,55,,received,,Brake Pads,1,2000.00,2000.00,1400.00,false,replacement
117,25,57,,received,,Cylinder Head Gasket,1,3500.00,3500.00,2450.00,false,replacement
118,25,57,,received,,Valve Seal,16,120.00,1920.00,84.00,false,replacement
119,25,57,,received,,Engine Coolant,8,200.00,1600.00,140.00,false,standard
120,25,57,,received,,Silicone,1,250.00,250.00,175.00,false,replacement
121,26,60,,received,,Wheel Bearing,1,3500.00,3500.00,2450.00,false,replacement
122,27,64,,received,,Radiator,1,5500.00,5500.00,3850.00,false,replacement
123,27,64,,received,,Engine Coolant,8,200.00,1600.00,140.00,false,standard
124,27,64,,received,,Transmission Oil Seal,1,2200.00,2200.00,1540.00,false,replacement
125,27,64,,received,,Crankshaft Oil Seal,1,2500.00,2500.00,1750.00,false,replacement
126,27,64,,received,,Automatic Transmission Fluid (ATF),6,500.00,3000.00,350.00,false,standard
127,27,64,,received,,Drive / Fan Belt,1,2500.00,2500.00,1750.00,false,replacement
128,27,64,,received,,N70 Battery (amaron),1,7200.00,7200.00,5040.00,false,replacement
129,27,64,,received,,Engine Oil,8,400.00,3200.00,280.00,false,standard
130,27,64,,received,,Cabin Filter,1,350.00,350.00,245.00,false,replacement
131,27,64,,received,,Fuel Filter,1,450.00,450.00,315.00,false,replacement
132,27,64,,received,,Air Filter,1,450.00,450.00,315.00,false,replacement
133,27,64,,received,,Oil Filter,1,250.00,250.00,175.00,false,replacement
134,29,72,,received,,Tie Rod End,2,950.00,1900.00,665.00,false,replacement
135,29,72,,received,,Tie Rod End,2,950.00,1900.00,665.00,false,replacement
136,29,72,,received,,Stab Clamp Bushing,2,500.00,1000.00,350.00,false,replacement
137,29,72,,received,,Shock Upper,2,350.00,700.00,245.00,false,replacement
138,29,72,,received,,Engine Oil,4,400.00,1600.00,280.00,false,standard
139,29,72,,received,,Oil Filter,1,350.00,350.00,245.00,false,replacement
140,29,72,,received,,Cabin Filter,1,450.00,450.00,315.00,false,replacement
141,30,76,,received,,Shock,2,2200.00,4400.00,1540.00,false,replacement
142,30,76,,received,,Brake Pads,1,1300.00,1300.00,910.00,false,replacement
143,30,76,,received,,Engine Oil,4,450.00,1800.00,315.00,false,standard
144,30,76,,received,,Oil Filter,1,350.00,350.00,245.00,false,replacement
145,30,76,,received,,Cabin Filter,1,350.00,350.00,245.00,false,replacement
146,30,76,,received,,Air Filter,1,450.00,450.00,315.00,false,replacement
147,30,76,,received,,Brake Cleaner,1,250.00,250.00,175.00,false,standard
148,30,76,,received,,Sparkplug,3,1250.00,3750.00,875.00,false,replacement
149,31,79,,received,,Brake Master Cylinder,1,4000.00,4000.00,2800.00,false,replacement
150,31,79,,received,,Brake Fluid,1,300.00,300.00,210.00,false,standard
151,31,79,,received,,Brake Cleaner,1,200.00,200.00,140.00,false,standard
152,32,83,,received,,Engine Oil,8,500.00,4000.00,350.00,false,standard
153,32,83,,received,,Oil Filter,1,650.00,650.00,455.00,false,replacement
154,32,83,,received,,Cabin Filter,1,500.00,500.00,350.00,false,replacement
155,32,83,,received,,Fuel Filter,1,450.00,450.00,315.00,false,replacement
156,32,83,,received,,Brake Cleaner,1,250.00,250.00,175.00,false,standard
157,32,83,,received,,Air Filter,1,500.00,500.00,350.00,false,replacement
158,32,83,,received,,Wheel Cylinder,2,900.00,1800.00,630.00,false,replacement
159,33,85,,received,,Shock KYB,2,4200.00,8400.00,2940.00,false,replacement
160,33,85,,received,,Stabilizer Link,2,1200.00,2400.00,840.00,false,replacement
161,33,85,,received,,Auxiliary Fan / Blower Motor,1,6000.00,6000.00,4200.00,false,replacement
162,34,90,,received,,Spark Plug,4,280.00,1120.00,196.00,false,replacement
163,35,91,,received,,Transmission Assy,1,28000.00,28000.00,19600.00,false,replacement
164,35,91,,received,,Dexron 3,6,300.00,1800.00,210.00,false,replacement
165,35,91,,received,,Gear / Differential Oil,2,250.00,500.00,175.00,false,standard
166,35,91,,received,,Crankshaft Oil Seal,1,3000.00,3000.00,2100.00,false,replacement
167,36,95,,received,,Toyota Gear Oil,4,400.00,1600.00,280.00,false,replacement
168,36,95,,received,,Oil Filter,1,250.00,250.00,175.00,false,replacement
169,36,95,,received,,Air Filter,1,350.00,350.00,245.00,false,replacement
170,36,95,,received,,Cabin Filter,1,350.00,350.00,245.00,false,replacement
171,36,95,,received,,Suspension Bushing,2,450.00,900.00,315.00,false,replacement
172,36,95,,received,,Valve Cover Gasket,1,650.00,650.00,455.00,false,replacement
173,36,95,,received,,Brake Shoe,1,1500.00,1500.00,1050.00,false,replacement
174,37,99,,received,,Stabilizer Link,8,80.00,640.00,56.00,false,replacement
175,37,99,,received,,Stab Clamp Bushing,1,200.00,200.00,140.00,false,replacement
176,37,99,,received,,Tie Rod End,2,950.00,1900.00,665.00,false,replacement
177,37,99,,received,,Tie Rod End,2,900.00,1800.00,630.00,false,replacement
178,37,99,,received,,Clutch Set,1,6000.00,6000.00,4200.00,false,replacement
179,38,100,,received,,Axle Oil Seal,2,1600.00,3200.00,1120.00,false,replacement
180,38,100,,received,,Inner Oil Seal,1,1500.00,1500.00,1050.00,false,replacement
181,38,100,,received,,Crankshaft Oil Seal,1,2000.00,2000.00,1400.00,false,replacement
182,38,100,,received,,Automatic Transmission Fluid (ATF),8,900.00,7200.00,630.00,false,standard
183,38,100,,received,,Transmission Filter,1,3000.00,3000.00,2100.00,false,replacement
184,39,,,received,,Cabin Filter,1,1000.00,1000.00,700.00,false,replacement
185,39,,,received,,Air Filter,1,1500.00,1500.00,1050.00,false,replacement
186,39,,,received,,Oil Filter,1,1300.00,1300.00,910.00,false,replacement
187,39,,,received,,Engine Oil,4,600.00,2400.00,420.00,false,standard
188,40,102,,received,,Fuel Filter,1,750.00,750.00,525.00,false,replacement
189,40,102,,received,,Valve Cover Gasket,1,950.00,950.00,665.00,false,replacement
190,42,106,,received,,Auxiliary Fan / Blower Motor,1,3500.00,3500.00,2450.00,false,replacement
191,43,107,,received,,Shock,2,4200.00,8400.00,2940.00,false,replacement
192,43,107,,received,,CV Joint,2,3200.00,6400.00,2240.00,false,replacement
193,43,107,,received,,Suspension Bushing,2,550.00,1100.00,385.00,false,replacement
194,43,107,,received,,Shock Boot,2,400.00,800.00,280.00,false,replacement
195,43,107,,received,,Inner Boot,2,350.00,700.00,245.00,false,replacement
196,44,110,,received,,Starter Motor,1,2200.00,2200.00,1540.00,false,replacement
197,44,110,,received,,Automotive Light Bulb,2,120.00,240.00,84.00,false,replacement
198,45,111,,received,,Clutch Disc,1,4000.00,4000.00,2800.00,false,replacement
199,45,111,,received,,Pressure Plate,1,5500.00,5500.00,3850.00,false,replacement
200,45,111,,received,,Release Bearing,1,1200.00,1200.00,840.00,false,replacement
201,45,111,,received,,Pilot Bearing,1,350.00,350.00,245.00,false,replacement
202,46,112,,received,,Engine Oil,3,350.00,1050.00,245.00,false,standard
203,46,112,,received,,Valve Cover Gasket,1,1250.00,1250.00,875.00,false,replacement
204,46,112,,received,,Silicone,1,250.00,250.00,175.00,false,replacement
205,47,115,,received,,Brake Caliper Repair Kit,1,850.00,850.00,595.00,false,replacement
206,47,115,,received,,Rack End,1,9000.00,9000.00,6300.00,false,replacement
207,47,115,,received,,Brake Fluid,1,350.00,350.00,245.00,false,standard
208,48,116,,received,,Transmission Assy,1,2800.00,2800.00,1960.00,false,replacement
209,48,116,,received,,Differencial Gear Oil,2,250.00,500.00,175.00,false,replacement
210,48,116,,received,,Crankshaft Oil Seal,1,3000.00,3000.00,2100.00,false,replacement
211,48,116,,received,,Rack in Pinion Kit,1,3500.00,3500.00,2450.00,false,replacement
212,48,116,,received,,Dextron 3,6,300.00,1800.00,210.00,false,replacement
213,49,120,,received,,Pressure Plate,1,3200.00,3200.00,2240.00,false,replacement
214,49,120,,received,,Clutch Disc,1,2500.00,2500.00,1750.00,false,replacement
215,49,120,,received,,Release Bearing,1,1200.00,1200.00,840.00,false,replacement
216,49,120,,received,,Crankshaft Oil Seal,1,1100.00,1100.00,770.00,false,replacement
217,49,120,,received,,Axle Oil Seal,2,600.00,1200.00,420.00,false,replacement
218,49,120,,received,,Camshaft Bushings,1,1100.00,1100.00,770.00,false,replacement
219,49,120,,received,,Suspension Bushing,2,450.00,900.00,315.00,false,replacement
220,49,120,,received,,Axle Boot,2,450.00,900.00,315.00,false,replacement
221,49,120,,received,,Engine / Transmission Support,1,2800.00,2800.00,1960.00,false,replacement
222,49,120,,received,,Valve Cover Gasket,1,2500.00,2500.00,1750.00,false,replacement
223,49,120,,received,,Brake Pads,1,1500.00,1500.00,1050.00,false,replacement
224,49,120,,received,,Gear / Differential Oil,1,400.00,400.00,280.00,false,standard
225,50,126,,received,,Engine / Transmission Support,1,2200.00,2200.00,1540.00,false,replacement
226,50,126,,received,,Drive / Fan Belt,1,3000.00,3000.00,2100.00,false,replacement
227,50,126,,received,,Shock Rr KYB,2,2800.00,5600.00,1960.00,false,replacement
228,50,126,,received,,Silicone,1,250.00,250.00,175.00,false,replacement
229,50,126,,received,,Engine / Transmission Support,2,1600.00,3200.00,1120.00,false,replacement
230,50,126,,received,,Cross Joint,3,850.00,2550.00,595.00,false,replacement
231,50,126,,received,,Trans Oil Seal,1,450.00,450.00,315.00,false,replacement
232,50,126,,received,,Brake Cleaner,1,250.00,250.00,175.00,false,standard
233,52,143,,received,,Suspension Arm,1,1900.00,1900.00,1330.00,false,replacement
234,52,143,,received,,Tie Rod End,1,1500.00,1500.00,1050.00,false,replacement
235,52,143,,received,,Replace RH Support,1,800.00,800.00,560.00,false,replacement
236,52,143,,received,,Support Rear Lower,1,800.00,800.00,560.00,false,replacement
237,52,143,,received,,Replace LH Support,1,1800.00,1800.00,1260.00,false,replacement
238,53,150,,received,,Engine Oil,8,350.00,2800.00,245.00,false,standard
239,53,150,,received,,Oil Filter,1,450.00,450.00,315.00,false,replacement
240,53,150,,received,,Air Filter,1,650.00,650.00,455.00,false,replacement
241,53,150,,received,,Cabin Filter,1,450.00,450.00,315.00,false,replacement
242,53,150,,received,,Fuel Filter,1,450.00,450.00,315.00,false,replacement
243,53,150,,received,,Spiral Cable,1,3500.00,3500.00,2450.00,false,replacement
244,53,150,,received,,Headlight Bulbs,1,450.00,450.00,315.00,false,replacement
245,53,150,,received,,Stud Bolt,2,250.00,500.00,175.00,false,replacement
246,53,150,,received,,Stud Nut,2,250.00,500.00,175.00,false,replacement
247,53,150,,received,,Brake Cleaner,1,250.00,250.00,175.00,false,standard
248,53,150,,received,,Brake Shoe,1,2800.00,2800.00,1960.00,false,replacement
249,54,153,,received,,Engine Oil,3,450.00,1350.00,315.00,false,standard
250,54,153,,received,,Cabin Filter,1,350.00,350.00,245.00,false,replacement
251,54,153,,received,,Oil Filter,1,350.00,350.00,245.00,false,replacement
252,54,153,,received,,Pressure Plate,1,3800.00,3800.00,2660.00,false,replacement
253,54,153,,received,,Pressure Plate,1,4800.00,4800.00,3360.00,true,original
254,54,153,,received,,Clutch Disc,1,2800.00,2800.00,1960.00,false,replacement
255,54,153,,received,,Clutch Disc,1,5200.00,5200.00,3640.00,true,original
256,54,153,,received,,Release Bearing,1,950.00,950.00,665.00,true,original
257,54,153,,received,,Release Bearing,1,2000.00,2000.00,1400.00,false,replacement
258,54,153,,received,,Wheel Cylinder,1,950.00,950.00,665.00,false,replacement
259,55,157,,received,,Engine Oil,4,450.00,1800.00,315.00,false,standard
260,55,157,,received,,Oil Filter,1,450.00,450.00,315.00,false,replacement
261,55,157,,received,,Brake Cleaner,1,250.00,250.00,175.00,false,standard
262,55,157,,received,,Carb / Throttle Cleaner,1,250.00,250.00,175.00,false,standard
263,56,164,,received,,Valve Cover Gasket,1,1500.00,1500.00,1050.00,false,replacement
264,56,164,,received,,Injector Washer,4,250.00,1000.00,175.00,false,replacement
265,56,164,,received,,Injector O-ring,4,150.00,600.00,105.00,false,replacement
266,56,164,,received,,Power Steering Fluid,2,450.00,900.00,315.00,false,standard
267,56,164,,received,,Pressurized Hose,1,3500.00,3500.00,2450.00,false,replacement
268,56,164,,received,,Silicone,1,250.00,250.00,175.00,false,replacement
269,56,164,,received,,Engine Oil,8,450.00,3600.00,315.00,false,standard
270,56,164,,received,,Oil Filter,1,550.00,550.00,385.00,false,replacement
271,56,164,,received,,Air Filter,1,650.00,650.00,455.00,false,replacement
272,56,164,,received,,Cabin Filter,1,550.00,550.00,385.00,false,replacement
273,56,164,,received,,Fuel Filter,1,1200.00,1200.00,840.00,false,replacement
274,57,165,,received,,Transmission,1,65000.00,65000.00,45500.00,false,replacement
275,57,165,,received,,Automatic Transmission Fluid (ATF),8,450.00,3600.00,315.00,false,standard
276,58,167,,received,,Rack End,1,8500.00,8500.00,5950.00,false,replacement
277,58,167,,received,,Brake Caliper Repair Kit,1,850.00,850.00,595.00,false,replacement
278,58,167,,received,,Brake Fluid,1,300.00,300.00,210.00,false,standard
279,59,,,received,,Drive / Fan Belt,1,750.00,750.00,525.00,false,replacement
280,59,,,received,,Ignition Coil,2,800.00,1600.00,560.00,false,replacement
281,59,,,received,,Spark Plug,3,250.00,750.00,175.00,false,replacement
282,59,,,received,,Engine Coolant,1,1000.00,1000.00,700.00,false,standard
283,60,169,,received,,Silicone,1,250.00,250.00,175.00,false,replacement
284,60,169,,received,,Oil Filter,1,250.00,250.00,175.00,false,replacement
285,60,169,,received,,Engine Oil,3,350.00,1050.00,245.00,false,standard
286,60,169,,received,,Valve Seal,12,100.00,1200.00,70.00,false,replacement
287,61,174,,received,,Engine Oil,8,450.00,3600.00,315.00,false,standard
288,61,174,,received,,Oil Filter,1,450.00,450.00,315.00,false,replacement
289,61,174,,received,,Cabin Filter,1,450.00,450.00,315.00,false,replacement
290,61,174,,received,,Brake Cleaner,1,250.00,250.00,175.00,false,standard
291,61,174,,received,,Air Filter,1,750.00,750.00,525.00,false,replacement
292,61,174,,received,,Fuel Filter,1,650.00,650.00,455.00,false,replacement
293,61,174,,received,,EGR,1,13500.00,13500.00,9450.00,false,replacement
294,62,179,,received,,Stabilizer Link,8,800.00,6400.00,560.00,false,replacement
295,62,179,,received,,Stab Clamp Bushing,2,250.00,500.00,175.00,false,replacement
296,62,179,,received,,Tie Rod End,2,950.00,1900.00,665.00,false,replacement
297,62,179,,received,,Tie Rod End,2,650.00,1300.00,455.00,false,replacement
298,63,,,received,,Cabin Filter,1,1000.00,1000.00,700.00,false,replacement
299,63,,,received,,Air Filter,1,1500.00,1500.00,1050.00,false,replacement
300,63,,,received,,Oil Filter,1,1300.00,1300.00,910.00,false,replacement
301,63,,,received,,Engine Oil,4,600.00,2400.00,420.00,false,standard
302,65,186,,received,,Returned Hose,3,1100.00,3300.00,770.00,false,replacement
303,65,186,,received,,Pressurized Hose,1,3200.00,3200.00,2240.00,false,replacement
304,65,186,,received,,Power Steering Fluid,1,350.00,350.00,245.00,false,standard
305,66,190,,received,,Valve Cover Gasket,1,650.00,650.00,455.00,false,replacement
306,66,190,,received,,Brake Pads,1,1300.00,1300.00,910.00,false,replacement
307,66,190,,received,,Oil Filter,1,350.00,350.00,245.00,false,replacement
308,66,190,,received,,Air Filter,1,450.00,450.00,315.00,false,replacement
309,66,190,,received,,Engine Oil,4,400.00,1600.00,280.00,false,standard
310,66,190,,received,,Shock Mounting,2,750.00,1500.00,525.00,false,replacement
311,66,190,,received,,Brake Cleaner,1,250.00,250.00,175.00,false,standard
312,66,190,,received,,Cabin Filter,1,350.00,350.00,245.00,false,replacement
313,67,,,received,,Connecting Rod Bearing,1,1200.00,1200.00,840.00,false,replacement
314,67,,,received,,Main Bearing (min),1,2000.00,2000.00,1400.00,false,replacement
315,67,,,received,,Thrust Washer Daido,1,600.00,600.00,420.00,false,replacement
316,67,,,received,,Piston Ring,1,3500.00,3500.00,2450.00,false,replacement
317,67,,,received,,Overhauling Gasket Set,1,4500.00,4500.00,3150.00,false,replacement
318,67,,,received,,Engine Oil,6,400.00,2400.00,280.00,false,standard
319,67,,,received,,Oil Filter,1,350.00,350.00,245.00,false,replacement
320,67,,,received,,Engine Coolant,7,150.00,1050.00,105.00,false,standard
321,67,,,received,,Silicone,1,250.00,250.00,175.00,false,replacement
322,67,,,received,,Liner,1,4500.00,4500.00,3150.00,false,replacement
323,68,194,,received,,Air Filter,1,550.00,550.00,385.00,false,replacement
324,68,194,,received,,Oil Filter,1,450.00,450.00,315.00,false,replacement
325,68,194,,received,,Tie Rod End,2,850.00,1700.00,595.00,false,replacement
326,68,194,,received,,Tie Rod End,2,850.00,1700.00,595.00,false,replacement
327,68,194,,received,,Brake Pads,1,1800.00,1800.00,1260.00,false,replacement
328,68,194,,received,,Engine Oil,5,450.00,2250.00,315.00,false,standard
329,68,194,,received,,Steering Boots,2,350.00,700.00,245.00,false,replacement
330,69,196,,received,,Shocking Bearing,3,450.00,1350.00,315.00,false,replacement
331,69,196,,received,,Brake Cleaner,1,250.00,250.00,175.00,false,standard
332,70,200,,received,,Shock,2,5500.00,11000.00,3850.00,false,replacement
333,70,200,,received,,Rack End,2,1700.00,3400.00,1190.00,false,replacement
334,70,200,,received,,Tier Rod Bar,2,1800.00,3600.00,1260.00,false,replacement
335,70,200,,received,,Suspension Arm,2,5000.00,10000.00,3500.00,false,replacement
336,71,,,received,,Brake Cleaner,1,250.00,250.00,175.00,false,standard
337,71,,,received,,Ball Joint,2,750.00,1500.00,525.00,false,replacement
338,72,205,,received,,Shock Front - KYB,2,3500.00,7000.00,2450.00,false,replacement
339,72,205,,received,,Shock Mounting,2,750.00,1500.00,525.00,false,replacement
340,73,206,,received,,Transmission Filter,1,5000.00,5000.00,3500.00,false,replacement
341,73,206,,received,,Engine / Transmission Support,1,5000.00,5000.00,3500.00,false,replacement
342,73,206,,received,,Transmission Oil Seal,1,1200.00,1200.00,840.00,false,replacement
343,73,206,,received,,Inhibitor Oil Seal,1,350.00,350.00,245.00,false,replacement
344,74,211,,received,,Brake Pads,1,1400.00,1400.00,980.00,false,replacement
345,74,211,,received,,Brake Shoe,1,1500.00,1500.00,1050.00,false,replacement
346,74,211,,received,,Shock Mounting,2,950.00,1900.00,665.00,false,replacement
347,74,211,,received,,Air Filter,1,450.00,450.00,315.00,false,replacement
348,74,211,,received,,Cabin Filter,1,350.00,350.00,245.00,false,replacement
349,74,211,,received,,Oil Filter,1,350.00,350.00,245.00,false,replacement
350,74,211,,received,,Engine Oil,3,450.00,1350.00,315.00,false,standard
351,75,,,received,,Cylinder Head Gasket,1,2200.00,2200.00,1540.00,false,replacement
352,75,,,received,,Thermostat,1,800.00,800.00,560.00,false,replacement
353,75,,,received,,Valve Cover Gasket,1,750.00,750.00,525.00,false,replacement
354,75,,,received,,Engine Coolant,8,200.00,1600.00,140.00,false,standard
355,75,,,received,,Engine Oil,6,550.00,3300.00,385.00,false,standard
356,75,,,received,,Air Filter,1,650.00,650.00,455.00,false,replacement
357,75,,,received,,Oil Filter,1,450.00,450.00,315.00,false,replacement
358,75,,,received,,Cabin Filter,1,550.00,550.00,385.00,false,replacement
359,75,,,received,,Silicone,2,250.00,500.00,175.00,false,replacement
360,75,,,received,,Copper Spray,1,1200.00,1200.00,840.00,false,replacement
361,75,,,received,,Intake Gasket,1,550.00,550.00,385.00,false,replacement
362,75,,,received,,Valve Seal,6,150.00,900.00,105.00,false,replacement
363,77,,,received,,Engine Oil,5,400.00,2000.00,280.00,false,standard
364,77,,,received,,Oil Filter,1,450.00,450.00,315.00,false,replacement
365,77,,,received,,Air Filter,1,450.00,450.00,315.00,false,replacement
366,77,,,received,,Cabin Filter,1,400.00,400.00,280.00,false,replacement
367,79,219,,received,,Injector Seal,4,350.00,1400.00,245.00,false,replacement
368,79,219,,received,,Injector Seal,4,350.00,1400.00,245.00,false,replacement
369,79,219,,received,,Oil Filter,1,450.00,450.00,315.00,false,replacement
370,79,219,,received,,Fuel Filter,1,350.00,350.00,245.00,false,replacement
371,79,219,,received,,Air Filter,1,450.00,450.00,315.00,false,replacement
372,79,219,,received,,Brake Pads,1,1350.00,1350.00,945.00,false,replacement
373,79,219,,received,,Injector O-ring,4,550.00,2200.00,385.00,false,replacement
374,79,219,,received,,Injector Washer,4,450.00,1800.00,315.00,false,replacement
375,79,219,,received,,Timing Belt,1,2700.00,2700.00,1890.00,false,replacement
376,79,219,,received,,Timing Belt,1,1500.00,1500.00,1050.00,false,replacement
377,80,225,,received,,Brake Cleaner,1,250.00,250.00,175.00,false,standard
378,80,225,,received,,Engine Oil,8,400.00,3200.00,280.00,false,standard
379,80,225,,received,,Cabin Filter,1,450.00,450.00,315.00,false,replacement
380,80,225,,received,,Oil Filter,1,350.00,350.00,245.00,false,replacement
381,80,225,,received,,Fuel Filter,1,450.00,450.00,315.00,false,replacement
382,80,225,,received,,Ws ATF,1,2200.00,2200.00,1540.00,false,replacement
383,80,225,,received,,Silacone,1,250.00,250.00,175.00,false,replacement
384,80,225,,received,,Transmission Filter,1,2500.00,2500.00,1750.00,false,replacement
385,81,226,,received,,Pressure Plate,1,6000.00,6000.00,4200.00,false,replacement
386,81,226,,received,,Clutch Disc,1,4200.00,4200.00,2940.00,false,replacement
387,81,226,,received,,Release Bearing,1,1250.00,1250.00,875.00,false,replacement
388,81,226,,received,,Pivot,1,250.00,250.00,175.00,false,replacement
389,81,226,,received,,Crankshaft Oil Seal,1,850.00,850.00,595.00,false,replacement
390,82,231,,received,,Tie Rod End,2,1200.00,2400.00,840.00,false,replacement
391,82,231,,received,,Stabilizer Link,2,1200.00,2400.00,840.00,false,replacement
392,82,231,,received,,Engine Oil,8,350.00,2800.00,245.00,false,standard
393,82,231,,received,,Oil Filter,1,250.00,250.00,175.00,false,replacement
394,82,231,,received,,Cabin Filter,1,350.00,350.00,245.00,false,replacement
395,82,231,,received,,Air Filter,1,2200.00,2200.00,1540.00,true,original
396,82,231,,received,,Fuel Filter,1,450.00,450.00,315.00,false,replacement
397,82,231,,received,,Brake Cleaner,1,250.00,250.00,175.00,false,standard
398,83,232,,received,,Silicone,1,250.00,250.00,175.00,false,replacement
399,83,232,,received,,Valve Gasket,1,1500.00,1500.00,1050.00,true,original
400,85,,,received,,Engine Oil,4,400.00,1600.00,280.00,false,standard
401,85,,,received,,Cvtf,1,1800.00,1800.00,1260.00,false,replacement
402,85,,,received,,Brake Cleaner,1,250.00,250.00,175.00,false,standard
403,86,240,,received,,Pitman Arm,1,900.00,900.00,630.00,false,replacement
404,86,240,,received,,Suspension Bushing,1,800.00,800.00,560.00,false,replacement
405,86,240,,received,,Handbrake Cable,1,2500.00,2500.00,1750.00,false,replacement
406,87,244,,received,,Engine Oil,4,350.00,1400.00,245.00,false,standard
407,87,244,,received,,Cvtf,1,2200.00,2200.00,1540.00,false,replacement
408,87,244,,received,,Brake Cleaner,1,250.00,250.00,175.00,false,standard
409,87,244,,received,,Oil Filter,1,350.00,350.00,245.00,false,replacement
410,87,244,,received,,Air Filter,1,650.00,650.00,455.00,false,replacement
411,87,244,,received,,Cabin Filter,1,450.00,450.00,315.00,false,replacement
412,88,248,,received,,Engine Oil,4,400.00,1600.00,280.00,false,standard
413,88,248,,received,,Cvtf,1,3500.00,3500.00,2450.00,false,replacement
414,88,248,,received,,Brake Cleaner,1,250.00,250.00,175.00,false,standard
415,88,248,,received,,Air Filter,1,650.00,650.00,455.00,false,replacement
416,88,248,,received,,Cabin Filter,1,450.00,450.00,315.00,false,replacement
417,88,248,,received,,Oil Filter,1,350.00,350.00,245.00,false,replacement
418,90,250,,received,,Timing Belt,1,4500.00,4500.00,3150.00,false,replacement
419,90,250,,received,,Belt Tensioner,1,800.00,800.00,560.00,false,replacement
420,90,250,,received,,Tensioner Adjuster,1,2700.00,2700.00,1890.00,false,replacement
421,90,250,,received,,Water Pump,1,3000.00,3000.00,2100.00,false,replacement
422,90,250,,received,,Water Inlet,1,2500.00,2500.00,1750.00,false,replacement
423,90,250,,received,,Engine Coolant,4,200.00,800.00,140.00,false,standard
424,90,250,,received,,Axle Oil Seal,1,850.00,850.00,595.00,false,replacement
425,90,250,,received,,Oil Filter,1,450.00,450.00,315.00,false,replacement
426,90,250,,received,,Cabin Filter,1,550.00,550.00,385.00,false,replacement
427,90,250,,received,,Air Filter,1,750.00,750.00,525.00,false,replacement
428,90,250,,received,,Tie Rod End,2,1200.00,2400.00,840.00,false,replacement
429,90,250,,received,,Tie Rod End,2,1200.00,2400.00,840.00,false,replacement
430,90,250,,received,,Stabilizer Link,2,1200.00,2400.00,840.00,false,replacement
431,90,250,,received,,Valve Cover Gasket,1,750.00,750.00,525.00,false,replacement
432,91,252,,received,,Engine Oil,8,450.00,3600.00,315.00,false,standard
433,91,252,,received,,Oil Filter,1,700.00,700.00,490.00,false,replacement
434,91,252,,received,,Air Filter,1,1700.00,1700.00,1190.00,true,original
435,91,252,,received,,Fuel Filter,1,750.00,750.00,525.00,false,replacement
436,91,252,,received,,Brake Cleaner,1,250.00,250.00,175.00,false,standard
437,92,260,,received,,Timing Belt,1,4350.00,4350.00,3045.00,false,replacement
438,92,260,,received,,Belt Tensioner,1,650.00,650.00,455.00,false,replacement
439,92,260,,received,,Water Pump,1,3000.00,3000.00,2100.00,false,replacement
440,92,260,,received,,Water Inlet,1,2500.00,2500.00,1750.00,false,replacement
441,92,260,,received,,Engine Coolant,4,175.00,700.00,122.50,false,standard
442,92,260,,received,,Axle Oil Seal,1,850.00,850.00,595.00,false,replacement
443,92,260,,received,,Oil Filter,1,450.00,450.00,315.00,false,replacement
444,92,260,,received,,Cabin Filter,1,550.00,550.00,385.00,false,replacement
445,92,260,,received,,Air Filter,1,750.00,750.00,525.00,false,replacement
446,92,260,,received,,Tier Rod Bar,2,1200.00,2400.00,840.00,false,replacement
447,92,260,,received,,Tier Rod End,2,1200.00,2400.00,840.00,false,replacement
448,92,260,,received,,Stabilizer Link,2,1250.00,2500.00,875.00,false,replacement
449,92,260,,received,,Valve Cover Gasket,1,750.00,750.00,525.00,false,replacement
450,93,262,,received,,Oil Filter,1,750.00,750.00,525.00,false,replacement
451,93,262,,received,,Engine Oil,8,350.00,2800.00,245.00,false,standard
452,93,262,,received,,Fuel Filter,1,1800.00,1800.00,1260.00,false,replacement
453,93,262,,received,,Brake Cleaner,1,250.00,250.00,175.00,false,standard
454,93,262,,received,,Air Filter,1,850.00,850.00,595.00,false,replacement
455,94,264,,received,,A/C Evaporator,1,11500.00,11500.00,8050.00,false,replacement
456,94,264,,received,,A/C Expansion Valve,1,2500.00,2500.00,1750.00,false,replacement
457,94,264,,received,,A/C Filter Drier,1,800.00,800.00,560.00,false,replacement
458,95,265,,received,,Valve Cover Gasket,1,650.00,650.00,455.00,false,replacement
459,96,266,,received,,Suspension Bushing,2,550.00,1100.00,385.00,false,replacement
460,96,266,,received,,Suspension Arm Assy,2,1800.00,3600.00,1260.00,false,replacement
461,97,271,,received,,Engine Oil,8,450.00,3600.00,315.00,false,standard
462,97,271,,received,,Oil Filter,1,450.00,450.00,315.00,false,replacement
463,97,271,,received,,Air Filter,1,750.00,750.00,525.00,false,replacement
464,97,271,,received,,Cabin Filter,1,450.00,450.00,315.00,false,replacement
465,97,271,,received,,Brake Cleaner,1,250.00,250.00,175.00,false,standard
466,97,271,,received,,Fuel Filter,1,650.00,650.00,455.00,false,replacement
467,97,271,,received,,EGR,1,12500.00,12500.00,8750.00,false,replacement
468,98,273,,received,,Pressure Plat,1,4200.00,4200.00,2940.00,false,replacement
469,98,273,,received,,Clutch Disc,1,2900.00,2900.00,2030.00,false,replacement
470,98,273,,received,,Merge Bearing,1,1200.00,1200.00,840.00,false,replacement
471,98,273,,received,,Pivot,1,300.00,300.00,210.00,false,replacement
472,98,273,,received,,Valve Cover,1,650.00,650.00,455.00,false,replacement
473,98,273,,received,,Gear / Differential Oil,2,500.00,1000.00,350.00,false,standard
474,99,274,,received,,Overhauling Gasket Set,1,2000.00,2000.00,1400.00,false,replacement
475,99,274,,received,,Timing Belt,1,1250.00,1250.00,875.00,false,replacement
476,99,274,,received,,Balancer,1,1500.00,1500.00,1050.00,false,replacement
477,99,274,,received,,Tensioner,1,1500.00,1500.00,1050.00,false,replacement
478,99,274,,received,,Engine Oil,4,400.00,1600.00,280.00,false,standard
479,99,274,,received,,Oil Filter,1,250.00,250.00,175.00,false,replacement
480,99,274,,received,,Thermostat,1,1200.00,1200.00,840.00,false,replacement
481,100,278,,received,,Spark Plug,4,450.00,1800.00,315.00,false,replacement
482,100,278,,received,,Shock Mounting,2,950.00,1900.00,665.00,false,replacement
483,100,278,,received,,CV Joint,2,1750.00,3500.00,1225.00,false,replacement
484,100,278,,received,,Engine / Transmission Support,2,1550.00,3100.00,1085.00,false,replacement
485,101,284,,received,,Upper Suspension,2,1600.00,3200.00,1120.00,false,replacement
486,101,284,,received,,Tie Rod End,2,1100.00,2200.00,770.00,false,replacement
487,101,284,,received,,Tie Rod End,2,900.00,1800.00,630.00,false,replacement
488,101,284,,received,,Stabilizer Link,2,900.00,1800.00,630.00,false,replacement
489,101,284,,received,,Lateral Link,2,950.00,1900.00,665.00,false,replacement
490,101,284,,received,,Stabilizer Clamp,2,450.00,900.00,315.00,false,replacement
491,102,286,,received,,Engine Coolant,6,175.00,1050.00,122.50,false,standard
492,103,288,,received,,Engine Coolant,6,175.00,1050.00,122.50,false,standard
493,104,289,,received,,Rack in Pinion Assy,1,9000.00,9000.00,6300.00,false,replacement
494,105,291,,received,,Rack and Pinion Assy,1,9000.00,9000.00,6300.00,false,replacement
495,107,294,,received,,Rack N Pinion Assy,1,9000.00,9000.00,6300.00,false,replacement
496,107,294,,received,,Rebushing Rack N Pinion,1,4500.00,4500.00,3150.00,false,replacement
497,108,298,,received,,Air Filter,1,2650.00,2650.00,1855.00,true,original
498,108,298,,received,,Brake Pads,1,13200.00,13200.00,9240.00,false,replacement
499,108,298,,received,,Engine Oil,7,400.00,2800.00,280.00,false,standard
500,108,298,,received,,Oil Filter,1,350.00,350.00,245.00,false,replacement
501,108,298,,received,,Cabin Filter,1,350.00,350.00,245.00,false,replacement
502,108,298,,received,,Fuel Filter,1,450.00,450.00,315.00,false,replacement
503,108,298,,received,,Fender Liner,1,1800.00,1800.00,1260.00,false,replacement
504,109,300,,received,,Steering Pump,1,4800.00,4800.00,3360.00,false,replacement
505,109,300,,received,,Power Steering Fluid,1,400.00,400.00,280.00,false,standard
506,110,302,,received,,Brake Pads,1,4700.00,4700.00,3290.00,false,replacement
507,110,302,,received,,Automatic Transmission Fluid (ATF),1,1000.00,1000.00,700.00,false,standard
508,110,302,,received,,Cabin Filter,1,350.00,350.00,245.00,false,replacement
509,110,302,,received,,Oil Filter,1,550.00,550.00,385.00,false,replacement
510,111,,,received,,Shock Mounting,2,2000.00,4000.00,1400.00,false,replacement
511,111,,,received,,Shock Absorber,2,3500.00,7000.00,2450.00,false,replacement
512,112,304,,received,,Assy. Differential,1,55000.00,55000.00,38500.00,false,replacement
513,112,304,,received,,Gear / Differential Oil,3,400.00,1200.00,280.00,false,standard
514,113,,,received,,Water Pump,1,2800.00,2800.00,1960.00,false,replacement
515,115,309,,received,,Cabin Filter,1,600.00,600.00,420.00,false,replacement
516,115,309,,received,,Oil Filter,1,600.00,600.00,420.00,false,replacement
517,115,309,,received,,Brake Pads,1,1450.00,1450.00,1015.00,false,replacement
518,115,309,,received,,Engine Oil,8,450.00,3600.00,315.00,false,standard
519,115,309,,received,,Brake Cleaner,1,250.00,250.00,175.00,false,standard
520,115,309,,received,,Air Filter,1,650.00,650.00,455.00,false,replacement
521,117,318,,received,,Engine Oil,5,400.00,2000.00,280.00,false,standard
522,117,318,,received,,Oil Filter,1,350.00,350.00,245.00,false,replacement
523,117,318,,received,,Cabin Filter,1,650.00,650.00,455.00,false,replacement
524,117,318,,received,,Air Filter,1,750.00,750.00,525.00,false,replacement
525,117,318,,received,,Brake Cleaner,1,250.00,250.00,175.00,false,standard
526,117,318,,received,,Spark Plug,4,400.00,1600.00,280.00,false,replacement
527,117,318,,received,,Brake Fluid,1,300.00,300.00,210.00,false,standard
528,118,322,,received,,Engine Oil,5,400.00,2000.00,280.00,false,standard
529,118,322,,received,,Oil Filter,1,350.00,350.00,245.00,false,replacement
530,118,322,,received,,Cabin Filter,1,650.00,650.00,455.00,false,replacement
531,118,322,,received,,Air Filter,1,750.00,750.00,525.00,false,replacement
532,118,322,,received,,Brake Cleaner,1,250.00,250.00,175.00,false,standard
533,118,322,,received,,Sparkplug,4,400.00,1600.00,280.00,false,replacement
534,118,322,,received,,Brake Fluid,1,300.00,300.00,210.00,false,standard
535,118,322,,received,,Brake Pads,1,1500.00,1500.00,1050.00,false,replacement
536,118,322,,received,,Engine Coolant,1,350.00,350.00,245.00,false,standard
537,119,,,received,,Drive / Fan Belt,2,550.00,1100.00,385.00,false,replacement
538,119,,,received,,Drive / Fan Belt,1,450.00,450.00,315.00,false,replacement
539,119,,,received,,Reverse Switch,1,950.00,950.00,665.00,false,replacement
540,120,331,,received,,Upper Suspension,1,4500.00,4500.00,3150.00,false,replacement
541,120,331,,received,,Tie Rod End,2,1200.00,2400.00,840.00,false,replacement
542,120,331,,received,,Pitman Bar,2,1200.00,2400.00,840.00,false,replacement
543,120,331,,received,,Brake Pads,1,1500.00,1500.00,1050.00,false,replacement
544,120,331,,received,,Fuel Filter,1,450.00,450.00,315.00,false,replacement
545,120,331,,received,,Air Filter,1,750.00,750.00,525.00,false,replacement
546,120,331,,received,,Cabin Filter,1,350.00,350.00,245.00,false,replacement
547,120,331,,received,,Oil Filter,1,350.00,350.00,245.00,false,replacement
548,120,331,,received,,Engine Oil,9,400.00,3600.00,280.00,false,standard
549,120,331,,received,,Brake Shoe,1,2500.00,2500.00,1750.00,false,replacement
550,120,331,,received,,Brake Cleaner,1,250.00,250.00,175.00,false,standard
551,121,332,,received,,Cabin Filter,1,350.00,350.00,245.00,false,replacement
552,121,332,,received,,Air Filter,1,450.00,450.00,315.00,false,replacement
553,122,342,,received,,Upper Suspension,1,4300.00,4300.00,3010.00,false,replacement
554,122,342,,received,,Tie Rod End,2,1100.00,2200.00,770.00,false,replacement
555,122,342,,received,,Tie Rod End,2,1150.00,2300.00,805.00,false,replacement
556,122,342,,received,,Brake Pads,1,1400.00,1400.00,980.00,false,replacement
557,122,342,,received,,Fuel Filter,1,500.00,500.00,350.00,false,replacement
558,122,342,,received,,Air Filter,1,700.00,700.00,490.00,false,replacement
559,122,342,,received,,Cabin Filter,1,350.00,350.00,245.00,false,replacement
560,122,342,,received,,Oil Filter,1,350.00,350.00,245.00,false,replacement
561,122,342,,received,,Brake Shoe,1,2300.00,2300.00,1610.00,false,replacement
562,122,342,,received,,Brake Cleaner,1,250.00,250.00,175.00,false,standard
563,122,342,,received,,Engine Oil,9,370.00,3330.00,259.00,false,standard
564,122,342,,received,,Drive / Fan Belt,1,2300.00,2300.00,1610.00,false,replacement
565,123,343,,received,,Auxiliary Fan / Blower Motor,1,2800.00,2800.00,1960.00,false,replacement
566,124,345,,received,,Steering Pump,1,4800.00,4800.00,3360.00,false,replacement
567,124,345,,received,,Power Steering Fluid,1,400.00,400.00,280.00,false,standard
568,124,345,,received,,Engine Oil,9,450.00,4050.00,315.00,false,standard
569,124,345,,received,,Air Filter,1,750.00,750.00,525.00,false,replacement
570,124,345,,received,,Oil Filter,1,650.00,650.00,455.00,false,replacement
571,125,354,,received,,Upper Suspension,1,4300.00,4300.00,3010.00,false,replacement
572,125,354,,received,,Tie Rod End,2,1100.00,2200.00,770.00,false,replacement
573,125,354,,received,,Tie Rod End,2,1150.00,2300.00,805.00,false,replacement
574,125,354,,received,,Brake Pads,1,1400.00,1400.00,980.00,false,replacement
575,125,354,,received,,Fuel Filter,1,500.00,500.00,350.00,false,replacement
576,125,354,,received,,Air Filter,1,700.00,700.00,490.00,false,replacement
577,125,354,,received,,Cabin Filter,1,350.00,350.00,245.00,false,replacement
578,125,354,,received,,Oil Filter,1,350.00,350.00,245.00,false,replacement
579,125,354,,received,,Brake Shoe,1,2200.00,2200.00,1540.00,false,replacement
580,125,354,,received,,Brake Cleaner,1,250.00,250.00,175.00,false,standard
581,125,354,,received,,Engine Oil,9,370.00,3330.00,259.00,false,standard
582,126,356,,received,,Steering Pump,1,4800.00,4800.00,3360.00,false,replacement
583,126,356,,received,,Power Steering Fluid,1,400.00,400.00,280.00,false,standard
584,126,356,,received,,Engine Oil,9,450.00,4050.00,315.00,false,standard
585,126,356,,received,,Air Filter,1,750.00,750.00,525.00,false,replacement
586,126,356,,received,,Oil Filter,1,650.00,650.00,455.00,false,replacement
587,127,360,,received,,Wheel Bearing,1,2300.00,2300.00,1610.00,false,replacement
588,127,360,,received,,Engine Oil,7,400.00,2800.00,280.00,false,standard
589,127,360,,received,,Oil Filter,1,350.00,350.00,245.00,false,replacement
590,127,360,,received,,Air Filter,1,650.00,650.00,455.00,false,replacement
591,127,360,,received,,Cabin Filter,1,350.00,350.00,245.00,false,replacement
592,127,360,,received,,Fuel Filter,1,550.00,550.00,385.00,false,replacement
593,127,360,,received,,Brake Cleaner,1,250.00,250.00,175.00,false,standard
594,128,363,,received,,Stabilizer Bar Bushing,2,700.00,1400.00,490.00,false,replacement
595,128,363,,received,,Suspension Bushing,1,1700.00,1700.00,1190.00,false,replacement
596,128,363,,received,,Axle Oil Seal,2,750.00,1500.00,525.00,false,replacement
597,128,363,,received,,Automatic Transmission Fluid (ATF),7,1050.00,7350.00,735.00,false,standard
598,129,369,,received,,Stabilizer Bar Bushing,2,700.00,1400.00,490.00,false,replacement
599,129,369,,received,,Suspension Bushing,1,1700.00,1700.00,1190.00,false,replacement
600,129,369,,received,,Axle Oil Seal,2,750.00,1500.00,525.00,false,replacement
601,129,369,,received,,Automatic Transmission Fluid (ATF),7,1050.00,7350.00,735.00,false,standard
602,129,369,,received,,Wheel Hubs,2,14000.00,28000.00,9800.00,false,replacement
603,129,369,,received,,Brake Pads,1,1800.00,1800.00,1260.00,false,replacement
604,129,369,,received,,Brake Pads,1,2000.00,2000.00,1400.00,false,replacement
605,129,369,,received,,Axle Boot,1,450.00,450.00,315.00,false,replacement
606,130,373,,received,,Oil Seal,1,350.00,350.00,245.00,false,replacement
607,130,373,,received,,Glanding,3,200.00,600.00,140.00,false,replacement
608,130,373,,received,,Gas,1,500.00,500.00,350.00,false,replacement
609,130,373,,received,,Alternator,1,1100.00,1100.00,770.00,false,replacement
610,130,373,,received,,Drive / Fan Belt,1,450.00,450.00,315.00,false,replacement
611,130,373,,received,,Reverse Switch,1,950.00,950.00,665.00,false,replacement
612,131,376,,received,,Tie Rod End,2,1800.00,3600.00,1260.00,false,replacement
613,131,376,,received,,Rack End,1,1200.00,1200.00,840.00,false,replacement
614,131,376,,received,,Stabilizer Link,1,1850.00,1850.00,1295.00,false,replacement
615,131,376,,received,,Suspension Bushing,1,3200.00,3200.00,2240.00,false,replacement
616,131,376,,received,,Stab Clamp,1,250.00,250.00,175.00,false,replacement
617,132,379,,received,,Oil Filter,1,250.00,250.00,175.00,false,replacement
618,132,379,,received,,Air Filter,1,450.00,450.00,315.00,false,replacement
619,132,379,,received,,Engine Oil,4,400.00,1600.00,280.00,false,standard
620,132,379,,received,,Crankshaft Oil Seal,1,1200.00,1200.00,840.00,false,replacement
621,132,379,,received,,Wiper Motor,1,4500.00,4500.00,3150.00,false,replacement
622,133,381,,received,,Side Mirror,2,2200.00,4400.00,1540.00,false,replacement
623,134,385,,received,,Air Filter,1,650.00,650.00,455.00,false,replacement
624,134,385,,received,,Drive / Fan Belt,1,1700.00,1700.00,1190.00,false,replacement
625,134,385,,received,,Spark Plug,4,320.00,1280.00,224.00,false,replacement
626,134,385,,received,,Brake Cleaner,2,250.00,500.00,175.00,false,standard
627,134,385,,received,,Engine Oil,4,380.00,1520.00,266.00,false,standard
628,134,385,,received,,Valve Cover Gasket,1,650.00,650.00,455.00,false,replacement
629,135,386,,received,,Pressure Plate,1,4800.00,4800.00,3360.00,false,replacement
630,135,386,,received,,Clutch Disc,1,8800.00,8800.00,6160.00,false,replacement
631,135,386,,received,,Crankshaft Oil Seal,1,2500.00,2500.00,1750.00,false,replacement
632,135,386,,received,,Flywheel,1,68000.00,68000.00,47600.00,false,replacement
633,135,386,,received,,Main Bearing,1,6600.00,6600.00,4620.00,false,replacement
634,136,389,,received,,Air Filter,1,750.00,750.00,525.00,false,replacement
635,136,389,,received,,Cabin Filter,1,750.00,750.00,525.00,false,replacement
636,136,389,,received,,Oil Filter,1,550.00,550.00,385.00,false,replacement
637,136,389,,received,,Fuel Filter,1,750.00,750.00,525.00,false,replacement
638,136,389,,received,,Engine Oil,8,450.00,3600.00,315.00,false,standard
639,136,389,,received,,Brake Cleaner,1,250.00,250.00,175.00,false,standard
640,137,391,,received,,Overhauling Gasket Set,1,3500.00,3500.00,2450.00,false,replacement
641,137,391,,received,,Engine Oil,5,400.00,2000.00,280.00,false,standard
642,137,391,,received,,Silicone,2,250.00,500.00,175.00,false,replacement
643,137,391,,received,,Piston Ring,1,2800.00,2800.00,1960.00,false,replacement
644,137,391,,received,,Oil Filter,1,250.00,250.00,175.00,false,replacement
645,137,391,,received,,Cabin Filter,1,350.00,350.00,245.00,false,replacement
646,137,391,,received,,Air Filter,1,650.00,650.00,455.00,false,replacement
647,137,391,,received,,Spark Plug,4,350.00,1400.00,245.00,false,replacement
648,137,391,,received,,Main Bearing,1,2500.00,2500.00,1750.00,false,replacement
649,137,391,,received,,Con Rod,1,2200.00,2200.00,1540.00,false,replacement
650,137,391,,received,,4 Set Piston Pin Bushing,1,1000.00,1000.00,700.00,false,replacement
651,137,391,,received,,Liner,4,1375.00,5500.00,962.50,false,replacement
652,138,398,,received,,Overhauling Gasket Set,1,3500.00,3500.00,2450.00,false,replacement
653,138,398,,received,,Engine Oil,5,400.00,2000.00,280.00,false,standard
654,138,398,,received,,Silicone,2,250.00,500.00,175.00,false,replacement
655,138,398,,received,,Piston Ring,1,2800.00,2800.00,1960.00,false,replacement
656,138,398,,received,,Oil Filter,1,250.00,250.00,175.00,false,replacement
657,138,398,,received,,Cabin Filter,1,350.00,350.00,245.00,false,replacement
658,138,398,,received,,Air Filter,1,650.00,650.00,455.00,false,replacement
659,138,398,,received,,Spark Plug,4,350.00,1400.00,245.00,false,replacement
660,138,398,,received,,Liner,1,5500.00,5500.00,3850.00,false,replacement
661,138,398,,received,,Main Bearing,1,2500.00,2500.00,1750.00,false,replacement
662,138,398,,received,,Con Rod Bearing,1,2200.00,2200.00,1540.00,false,replacement
663,138,398,,received,,Piston Pin Bushing.,1,1000.00,1000.00,700.00,false,replacement
664,138,398,,received,,Copper Spray,1,1200.00,1200.00,840.00,false,replacement
665,138,398,,received,,Fuel Filter,1,750.00,750.00,525.00,false,replacement
666,139,399,,received,,Spool O-ring,1,650.00,650.00,455.00,false,replacement
667,139,399,,received,,Valve Cover Gasket,1,750.00,750.00,525.00,false,replacement
668,139,399,,received,,Crankshaft Cap Front,1,650.00,650.00,455.00,false,replacement
669,139,399,,received,,Crankshaft O-ring Rear,1,750.00,750.00,525.00,false,replacement
670,139,399,,received,,Silicone,1,250.00,250.00,175.00,false,replacement
671,140,400,,received,,A/C Evaporator,1,4500.00,4500.00,3150.00,false,replacement
672,140,400,,received,,A/C Evaporator,1,7500.00,7500.00,5250.00,true,original
673,141,406,,received,,Engine Oil,5,400.00,2000.00,280.00,false,standard
674,141,406,,received,,Oil Filter,1,350.00,350.00,245.00,false,replacement
675,141,406,,received,,Cabin Filter,1,350.00,350.00,245.00,false,replacement
676,141,406,,received,,Air Filter,1,450.00,450.00,315.00,false,replacement
677,141,406,,received,,Fuel Filter,1,450.00,450.00,315.00,false,replacement
678,142,,,received,,A/C Evaporator,1,7500.00,7500.00,5250.00,true,original
679,142,,,received,,A/C Evaporator,1,4000.00,4000.00,2800.00,false,replacement
680,142,,,received,,A/C Filter Drier,1,850.00,850.00,595.00,false,replacement
681,142,,,received,,Comp - Oil,1,200.00,200.00,140.00,false,replacement
682,142,,,received,,Carb / Throttle Cleaner,1,600.00,600.00,420.00,false,standard
683,142,,,received,,Freon (R134a),1,1200.00,1200.00,840.00,false,standard
684,142,,,received,,Flushing,1,500.00,500.00,350.00,false,replacement
685,143,408,,received,,A/C Evaporator,1,7500.00,7500.00,5250.00,true,original
686,143,408,,received,,A/C Evaporator,1,11500.00,11500.00,8050.00,false,replacement
687,143,408,,received,,A/C Filter Drier,1,850.00,850.00,595.00,false,replacement
688,143,408,,received,,A/C Compressor,1,200.00,200.00,140.00,false,replacement
689,143,408,,received,,Aircon Cleaner,2,300.00,600.00,210.00,false,replacement
690,143,408,,received,,Freon (R134a),1,1200.00,1200.00,840.00,false,standard
691,143,408,,received,,Flushing,1,500.00,500.00,350.00,false,replacement
692,143,408,,received,,A/C Compressor,1,21000.00,21000.00,14700.00,false,replacement
693,144,411,,received,,Return Hose,1,650.00,650.00,455.00,false,replacement
694,144,411,,received,,O-ring,2,150.00,300.00,105.00,false,replacement
695,144,411,,received,,Power Steering Fluid,1,400.00,400.00,280.00,false,standard
696,146,414,,received,,Oxygen Sensor,2,3500.00,7000.00,2450.00,false,replacement
697,148,418,,received,,Transmission Asm.,1,55000.00,55000.00,38500.00,false,replacement
698,148,418,,received,,Automatic Transmission Fluid (ATF),9,500.00,4500.00,350.00,false,standard
699,148,418,,received,,Immobilizer,1,7500.00,7500.00,5250.00,false,replacement
700,148,418,,received,,Intercooler Hose,2,3600.00,7200.00,2520.00,false,replacement
701,149,420,,received,,Oxygen Sensor,2,3500.00,7000.00,2450.00,false,replacement
702,150,424,,received,,Belt Tensioner,1,4500.00,4500.00,3150.00,false,replacement
703,150,424,,received,,Drive / Fan Belt,1,2800.00,2800.00,1960.00,false,replacement
704,150,424,,received,,Silicone,1,200.00,200.00,140.00,false,replacement
705,151,425,,received,,Auxiliary Fan / Blower Motor,1,4500.00,4500.00,3150.00,false,replacement
706,152,428,,received,,Transmission Assy,1,55000.00,55000.00,38500.00,false,replacement
707,152,428,,received,,Automatic Transmission Fluid (ATF),9,500.00,4500.00,350.00,false,standard
708,152,428,,received,,Immobilizer,1,7500.00,7500.00,5250.00,false,replacement
709,152,428,,received,,Intercooler Hose,2,3600.00,7200.00,2520.00,false,replacement
710,153,430,,received,,Engine Oil,8,450.00,3600.00,315.00,false,standard
711,153,430,,received,,Cabin Filter,1,650.00,650.00,455.00,false,replacement
712,153,430,,received,,Oil Filter,1,450.00,450.00,315.00,false,replacement
713,153,430,,received,,Air Filter,1,750.00,750.00,525.00,false,replacement
714,153,430,,received,,Brake Cleaner,1,250.00,250.00,175.00,false,standard
715,154,435,,received,,Spark Plug,4,350.00,1400.00,245.00,false,replacement
716,154,435,,received,,Cabin Filter,1,350.00,350.00,245.00,false,replacement
717,154,435,,received,,Oil Filter,1,250.00,250.00,175.00,false,replacement
718,154,435,,received,,Air Filter,1,450.00,450.00,315.00,false,replacement
719,154,435,,received,,Engine Oil,4,400.00,1600.00,280.00,false,standard
720,154,435,,received,,Brake Cleaner,1,250.00,250.00,175.00,false,standard
721,155,443,,received,,Tie Rod End,2,1350.00,2700.00,945.00,false,replacement
722,155,443,,received,,Shock Absorber,2,2500.00,5000.00,1750.00,false,replacement
723,155,443,,received,,Pressure Plate,2,6800.00,13600.00,4760.00,false,replacement
724,155,443,,received,,Suspension Arm,2,5600.00,11200.00,3920.00,false,replacement
725,155,443,,received,,Stabilizer Link,2,1200.00,2400.00,840.00,false,replacement
726,155,443,,received,,Stab Clamp,2,450.00,900.00,315.00,false,replacement
727,155,443,,received,,Shock Boots,2,500.00,1000.00,350.00,false,replacement
728,155,443,,received,,Tie Rod End,2,1300.00,2600.00,910.00,false,replacement
729,155,443,,received,,Steering Boots,2,1500.00,3000.00,1050.00,false,replacement
730,155,443,,received,,Power Window Motor,1,7000.00,7000.00,4900.00,false,replacement
731,155,443,,received,,Axle Boot,1,950.00,950.00,665.00,false,replacement
732,156,446,,received,,Engine / Transmission Support,1,3000.00,3000.00,2100.00,false,replacement
733,156,446,,received,,Engine Oil,3,450.00,1350.00,315.00,false,standard
734,156,446,,received,,Air Filter,1,350.00,350.00,245.00,false,replacement
735,156,446,,received,,Chain Filter,1,350.00,350.00,245.00,false,replacement
736,156,446,,received,,Oil Filter,1,350.00,350.00,245.00,false,replacement
737,157,450,,received,,Valve Cover Gasket,1,850.00,850.00,595.00,false,replacement
738,157,450,,received,,Transmission Oil,2,250.00,500.00,175.00,false,replacement
739,157,450,,received,,Gas,1,200.00,200.00,140.00,false,replacement
740,158,455,,received,,Automotive Light Bulb,3,100.00,300.00,70.00,false,replacement
741,158,455,,received,,Wheel Cylinder,2,950.00,1900.00,665.00,false,replacement
742,158,455,,received,,Wiper Motor,1,3500.00,3500.00,2450.00,false,replacement
743,158,455,,received,,Brake Pads,1,1400.00,1400.00,980.00,false,replacement
744,159,457,,received,,Lower Suspension Bushing,4,1200.00,4800.00,840.00,false,replacement
745,160,459,,received,,Support Kit,1,1700.00,1700.00,1190.00,false,replacement
746,160,459,,received,,Support Kit,1,2200.00,2200.00,1540.00,false,replacement
747,161,460,,received,,Auxiliary Fan / Blower Motor,1,6800.00,6800.00,4760.00,false,replacement
748,162,461,,received,,Auxiliary Fan / Blower Motor,1,6800.00,6800.00,4760.00,false,replacement
749,162,461,,received,,Engine Coolant,6,175.00,1050.00,122.50,false,standard
750,163,462,,received,,Water Pump,1,3500.00,3500.00,2450.00,false,replacement
751,163,462,,received,,Injector Oil Seal,4,550.00,2200.00,385.00,false,replacement
752,163,462,,received,,Injector Grommet,4,450.00,1800.00,315.00,false,replacement
753,163,462,,received,,Valve Cover Gasket,1,850.00,850.00,595.00,false,replacement
754,163,462,,received,,Engine Coolant,6,175.00,1050.00,122.50,false,standard
755,163,462,,received,,Camshaft Oil Seal,1,850.00,850.00,595.00,false,replacement
756,163,462,,received,,Slilicone,1,250.00,250.00,175.00,false,replacement
757,163,462,,received,,Engine Coolant,2,175.00,350.00,122.50,false,standard
758,164,464,,received,,Accelerator Pedal,1,1200.00,1200.00,840.00,false,replacement
759,165,467,,received,,Automotive Light Bulb,3,100.00,300.00,70.00,false,replacement
760,165,467,,received,,Wheel Cylinder,2,950.00,1900.00,665.00,false,replacement
761,165,467,,received,,Automotive Light Bulb,1,250.00,250.00,175.00,false,replacement
762,165,467,,received,,Wiper Motor,1,3500.00,3500.00,2450.00,false,replacement
763,166,468,,received,,Cylinder Head Gasket,1,2200.00,2200.00,1540.00,false,replacement
764,166,468,,received,,Engine Oil,5,400.00,2000.00,280.00,false,standard
765,166,468,,received,,Oil Filter,1,250.00,250.00,175.00,false,replacement
766,166,468,,received,,Ignition Coil,2,1800.00,3600.00,1260.00,false,replacement
767,166,468,,received,,Engine Coolant,6,175.00,1050.00,122.50,false,standard
768,166,468,,received,,Radiator,2,150.00,300.00,105.00,false,replacement
769,166,468,,received,,Gas,1,290.00,290.00,203.00,false,replacement
770,167,469,,received,,Piston,1,1800.00,1800.00,1260.00,false,replacement
771,167,469,,received,,Brake Caliper Repair Kit,1,1250.00,1250.00,875.00,false,replacement
772,169,476,,received,,A/C Evaporator,1,7500.00,7500.00,5250.00,false,replacement
773,169,476,,received,,A/C Expansion Valve,1,2500.00,2500.00,1750.00,false,replacement
774,169,476,,received,,A/C Filter Drier,1,850.00,850.00,595.00,false,replacement
775,169,476,,received,,A/C Compressor,1,200.00,200.00,140.00,false,replacement
776,169,476,,received,,Aircon Cleaner,2,300.00,600.00,210.00,false,replacement
777,169,476,,received,,Freon (R134a),1,1200.00,1200.00,840.00,false,standard
778,169,476,,received,,Flushing,1,500.00,500.00,350.00,false,replacement
779,170,482,,received,,Stab. Bar Bushing,2,700.00,1400.00,490.00,false,replacement
780,170,482,,received,,Suspension Bushing,1,1700.00,1700.00,1190.00,false,replacement
781,170,482,,received,,Axle Oil Seal,2,750.00,1500.00,525.00,false,replacement
782,170,482,,received,,Automatic Transmission Fluid (ATF),7,1050.00,7350.00,735.00,false,standard
783,170,482,,received,,Wheel Hub,2,14000.00,28000.00,9800.00,false,replacement
784,170,482,,received,,Brake Pads,1,1800.00,1800.00,1260.00,false,replacement
785,170,482,,received,,Brake Pads,1,2300.00,2300.00,1610.00,false,replacement
786,170,482,,received,,Cafe Promo,1,450.00,450.00,315.00,false,replacement
787,171,487,,received,,Engine Oil,5,400.00,2000.00,280.00,false,standard
788,171,487,,received,,Oil Filter,1,350.00,350.00,245.00,false,replacement
789,171,487,,received,,Cabin Filter,1,450.00,450.00,315.00,false,replacement
790,171,487,,received,,Air Filter,1,650.00,650.00,455.00,false,replacement
791,171,487,,received,,Fuel Filter,1,550.00,550.00,385.00,false,replacement
792,172,489,,received,,Overhauling Gasket Set,1,4500.00,4500.00,3150.00,false,replacement
793,172,489,,received,,Liner Set,1,8500.00,8500.00,5950.00,false,replacement
794,172,489,,received,,Main Bearing,1,2500.00,2500.00,1750.00,false,replacement
795,172,489,,received,,Con Rod Bearing,1,1500.00,1500.00,1050.00,false,replacement
796,172,489,,received,,Thrust Washer,1,650.00,650.00,455.00,false,replacement
797,172,489,,received,,Piston Assy,1,8000.00,8000.00,5600.00,false,replacement
798,172,489,,received,,Piston Ring,1,4300.00,4300.00,3010.00,false,replacement
799,172,489,,received,,Engine Oil,5,450.00,2250.00,315.00,false,standard
800,172,489,,received,,Oil Filter,1,450.00,450.00,315.00,false,replacement
801,172,489,,received,,Distilled Water,1,100.00,100.00,70.00,false,replacement
802,172,489,,received,,Engine Coolant,4,175.00,700.00,122.50,false,standard
803,172,489,,received,,Air Filter,1,450.00,450.00,315.00,false,replacement
804,172,489,,received,,Cabin Filter,1,350.00,350.00,245.00,false,replacement
805,172,489,,received,,Silicone,1,250.00,250.00,175.00,false,replacement
806,172,489,,received,,Copper Spray,1,1200.00,1200.00,840.00,false,replacement
807,173,491,,received,,A/C Expansion Valve,2,2500.00,5000.00,1750.00,false,replacement
808,173,491,,received,,A/C Filter Drier,1,850.00,850.00,595.00,false,replacement
809,173,491,,received,,Freon (R134a),1,1800.00,1800.00,1260.00,false,standard
810,173,491,,received,,A/C Compressor,1,200.00,200.00,140.00,false,replacement
811,173,491,,received,,Aircon Cleaner,2,300.00,600.00,210.00,false,replacement
812,173,491,,received,,A/C Evaporator,1,4500.00,4500.00,3150.00,false,replacement
813,174,496,,received,,Valve Cover Gasket,1,680.00,680.00,476.00,false,replacement
814,174,496,,received,,Half Moon,1,650.00,650.00,455.00,false,replacement
815,174,496,,received,,Valve Cover Seal,2,550.00,1100.00,385.00,false,replacement
816,174,496,,received,,Silicone,2,250.00,500.00,175.00,false,replacement
817,174,496,,received,,Clutch Disc,1,3200.00,3200.00,2240.00,false,replacement
818,174,496,,received,,Pressure Plate,1,3200.00,3200.00,2240.00,false,replacement
819,174,496,,received,,Pilot Bearing,1,350.00,350.00,245.00,false,replacement
820,174,496,,received,,Release Bearing,1,1200.00,1200.00,840.00,false,replacement
821,174,496,,received,,Engine Oil,6,450.00,2700.00,315.00,false,standard
822,174,496,,received,,Air Filter,1,650.00,650.00,455.00,false,replacement
823,174,496,,received,,Oil Filter,1,750.00,750.00,525.00,false,replacement
824,174,496,,received,,Brake Cleaner,1,250.00,250.00,175.00,false,standard
825,174,496,,received,,Fuel Filter,1,950.00,950.00,665.00,false,replacement
826,175,498,,received,,A/C Expansion Valve,2,2500.00,5000.00,1750.00,false,replacement
827,175,498,,received,,A/C Filter Drier,1,850.00,850.00,595.00,false,replacement
828,175,498,,received,,Freon (R134a),1,1800.00,1800.00,1260.00,false,standard
829,175,498,,received,,A/C Compressor,1,200.00,200.00,140.00,false,replacement
830,175,498,,received,,Aircon Cleaner,2,300.00,600.00,210.00,false,replacement
831,175,498,,received,,A/C Evaporator,1,4500.00,4500.00,3150.00,false,replacement
832,176,500,,received,,Main Bearing,1,1200.00,1200.00,840.00,false,replacement
833,176,500,,received,,Con Rod Bearing,1,950.00,950.00,665.00,false,replacement
834,176,500,,received,,Overhauling Gasket Set,1,2500.00,2500.00,1750.00,false,replacement
835,176,500,,received,,Engine Oil,4,350.00,1400.00,245.00,false,standard
836,176,500,,received,,Oil Filter,1,450.00,450.00,315.00,false,replacement
837,176,500,,received,,Copper Spray,1,1200.00,1200.00,840.00,false,replacement
838,176,500,,received,,Distilled Water,1,100.00,100.00,70.00,false,replacement
839,176,500,,received,,Engine Coolant,1,300.00,300.00,210.00,false,standard
840,176,500,,received,,Kit Liner,1,8000.00,8000.00,5600.00,false,replacement
841,176,500,,received,,Piston Ring,1,2000.00,2000.00,1400.00,false,replacement
842,176,500,,received,,Water Jacket,8,100.00,800.00,70.00,false,replacement
843,176,500,,received,,Clutch Disc,1,1800.00,1800.00,1260.00,false,replacement
844,176,500,,received,,Pressure Plate,1,2500.00,2500.00,1750.00,false,replacement
845,176,500,,received,,Bearing,1,950.00,950.00,665.00,false,replacement
846,177,505,,received,,Valve Cover Gasket,1,850.00,850.00,595.00,false,replacement
847,177,505,,received,,Transmission O-ring,2,250.00,500.00,175.00,false,replacement
848,177,505,,received,,CV Joint,2,2300.00,4600.00,1610.00,false,replacement
849,177,505,,received,,Engine / Transmission Support,1,3500.00,3500.00,2450.00,false,replacement
850,177,505,,received,,Axle Grease / Lubricant,4,150.00,600.00,105.00,false,standard
851,177,505,,received,,Engine / Transmission Support,1,3500.00,3500.00,2450.00,false,replacement
852,178,507,,received,,Oil Filter,1,650.00,650.00,455.00,false,replacement
853,178,507,,received,,Spark Plug,4,350.00,1400.00,245.00,false,replacement
854,178,507,,received,,Engine Oil,5,400.00,2000.00,280.00,false,standard
855,178,507,,received,,Air Filter,1,550.00,550.00,385.00,false,replacement
856,179,508,,received,,Drive / Fan Belt,1,2000.00,2000.00,1400.00,false,replacement
857,179,508,,received,,H11 Bulb,1,3000.00,3000.00,2100.00,false,replacement
858,179,508,,received,,Wiper Blade,2,300.00,600.00,210.00,false,replacement
859,180,510,,received,,A/C Expansion Valve,2,2500.00,5000.00,1750.00,false,replacement
860,180,510,,received,,A/C Filter Drier,1,800.00,800.00,560.00,false,replacement
861,180,510,,received,,Freon (R134a),1,1200.00,1200.00,840.00,false,standard
862,180,510,,received,,Aircon Cleaner,2,300.00,600.00,210.00,false,replacement
863,180,510,,received,,Oil,1,200.00,200.00,140.00,false,replacement
864,180,510,,received,,A/C Evaporator,1,4500.00,4500.00,3150.00,false,replacement
865,181,513,,received,,Engine Oil,4,450.00,1800.00,315.00,false,standard
866,181,513,,received,,Automatic Transmission Fluid (ATF),4,450.00,1800.00,315.00,false,standard
867,181,513,,received,,Cabin Filter,1,650.00,650.00,455.00,false,replacement
868,181,513,,received,,Oil Filter,1,300.00,300.00,210.00,false,replacement
869,181,513,,received,,Air Filter,1,650.00,650.00,455.00,false,replacement
870,181,513,,received,,Brake Cleaner,1,250.00,250.00,175.00,false,standard
871,182,514,,received,,Drive / Fan Belt,1,2000.00,2000.00,1400.00,false,replacement
872,182,514,,received,,LED Bulb (lumina),1,3500.00,3500.00,2450.00,false,replacement
873,182,514,,received,,Fog Lamp,1,3000.00,3000.00,2100.00,false,replacement
874,182,514,,received,,Wiper Blade,2,300.00,600.00,210.00,false,replacement
875,183,520,,received,,Brake Pads,1,1500.00,1500.00,1050.00,false,replacement
876,183,520,,received,,Brake Caliper Repair Kit,1,850.00,850.00,595.00,false,replacement
877,183,520,,received,,Brake Cleaner,1,250.00,250.00,175.00,false,standard
878,183,520,,received,,Engine Oil,4,400.00,1600.00,280.00,false,standard
879,183,520,,received,,Air Filter,1,450.00,450.00,315.00,false,replacement
880,183,520,,received,,Oil Filter,1,350.00,350.00,245.00,false,replacement
881,183,520,,received,,Cabin Filter,1,350.00,350.00,245.00,false,replacement
882,183,520,,received,,Brake Fluid,1,350.00,350.00,245.00,false,standard
883,183,520,,received,,Socket Coil,4,250.00,1000.00,175.00,false,replacement
884,184,523,,received,,Brake Master Cylinder,1,4500.00,4500.00,3150.00,false,replacement
885,184,523,,received,,Wheel Cylinder,2,850.00,1700.00,595.00,false,replacement
886,184,523,,received,,Brake Fluid,1,350.00,350.00,245.00,false,standard
887,185,525,,received,,Valve Cover Gasket,1,750.00,750.00,525.00,false,replacement
888,185,525,,received,,Cylinder Head Gasket,1,1000.00,1000.00,700.00,false,replacement
889,185,525,,received,,Engine Oil,1,450.00,450.00,315.00,false,standard
890,185,525,,received,,Oil Filter,1,350.00,350.00,245.00,false,replacement
891,185,525,,received,,Silicone,1,250.00,250.00,175.00,false,replacement
892,186,526,,received,,Solenoid Valve,3,6500.00,19500.00,4550.00,false,replacement
893,186,526,,received,,Solenoid Valve,3,8500.00,25500.00,5950.00,false,replacement
894,186,526,,received,,Solenoid Valve,1,2500.00,2500.00,1750.00,false,replacement
895,187,527,,received,,Solenoid Valve,7,9500.00,66500.00,6650.00,false,replacement
896,188,535,,received,,Engine Oil,7,400.00,2800.00,280.00,false,standard
897,188,535,,received,,Oil Filter,1,250.00,250.00,175.00,false,replacement
898,188,535,,received,,Air Filter,1,450.00,450.00,315.00,false,replacement
899,188,535,,received,,Fuel Filter,1,450.00,450.00,315.00,false,replacement
900,188,535,,received,,Cabin Filter,1,350.00,350.00,245.00,false,replacement
901,188,535,,received,,Brake Pads,1,1450.00,1450.00,1015.00,false,replacement
902,188,535,,received,,Brake Shoe,1,2800.00,2800.00,1960.00,false,replacement
903,188,535,,received,,Rr Back Door Stay,1,2500.00,2500.00,1750.00,false,replacement
904,188,535,,received,,Clutch Disc,1,3500.00,3500.00,2450.00,false,replacement
905,188,535,,received,,Pressure Plate,1,3800.00,3800.00,2660.00,false,replacement
906,188,535,,received,,Release Bearing,1,2500.00,2500.00,1750.00,false,replacement
907,188,535,,received,,Pilot Bearing,1,950.00,950.00,665.00,false,replacement
908,189,539,,received,,Brake Pads,1,1600.00,1600.00,1120.00,false,replacement
909,189,539,,received,,Engine Oil,4,450.00,1800.00,315.00,false,standard
910,189,539,,received,,Cabin Filter,1,450.00,450.00,315.00,false,replacement
911,189,539,,received,,Air Filter,1,650.00,650.00,455.00,false,replacement
912,189,539,,received,,Oil Filter,1,350.00,350.00,245.00,false,replacement
913,189,539,,received,,Brake Cleaner,1,250.00,250.00,175.00,false,standard
914,190,542,,received,,Brake Pads,1,2200.00,2200.00,1540.00,false,replacement
915,190,542,,received,,CV Joint,1,4300.00,4300.00,3010.00,false,replacement
916,191,547,,received,,Valve Cover Gasket,1,950.00,950.00,665.00,false,replacement
917,192,548,,received,,A/C Compressor,1,16000.00,16000.00,11200.00,true,original
918,192,548,,received,,A/C Compressor,1,12500.00,12500.00,8750.00,false,replacement
919,192,548,,received,,Condenser,1,6500.00,6500.00,4550.00,false,replacement
920,194,556,,received,,Alternator,1,6000.00,6000.00,4200.00,false,replacement
921,195,,,received,,A/C Evaporator,1,5000.00,5000.00,3500.00,false,replacement
922,195,,,received,,A/C Compressor,1,200.00,200.00,140.00,false,replacement
923,195,,,received,,Freon (R134a),1,1200.00,1200.00,840.00,false,standard
924,196,561,,received,,Engine Oil,4,450.00,1800.00,315.00,false,standard
925,196,561,,received,,Automatic Transmission Fluid (ATF),4,450.00,1800.00,315.00,false,standard
926,196,561,,received,,Cabin Filter,1,650.00,650.00,455.00,false,replacement
927,196,561,,received,,Oil Filter,1,300.00,300.00,210.00,false,replacement
928,196,561,,received,,Air Filter,1,650.00,650.00,455.00,false,replacement
929,196,561,,received,,Brake Cleaner,1,250.00,250.00,175.00,false,standard
930,196,561,,received,,Drive / Fan Belt,1,2000.00,2000.00,1400.00,false,replacement
931,196,561,,received,,LED Set Lumina,1,3500.00,3500.00,2450.00,false,replacement
932,196,561,,received,,Fog Lamp,1,3000.00,3000.00,2100.00,false,replacement
933,196,561,,received,,Wiper Blade,2,300.00,600.00,210.00,false,replacement
934,197,562,,received,,Brake Cleaner,1,250.00,250.00,175.00,false,standard
935,197,562,,received,,Brake Pads,1,2500.00,2500.00,1750.00,false,replacement
936,198,565,,received,,Brake Cleaner,1,250.00,250.00,175.00,false,standard
937,199,568,,received,,Engine Oil,8,400.00,3200.00,280.00,false,standard
938,199,568,,received,,Oil Filter,1,350.00,350.00,245.00,false,replacement
939,199,568,,received,,Air Filter,1,450.00,450.00,315.00,false,replacement
940,199,568,,received,,Cabin Filter,1,350.00,350.00,245.00,false,replacement
941,199,568,,received,,Brake Cleaner,1,250.00,250.00,175.00,false,standard
942,199,568,,received,,Fuel Filter,1,450.00,450.00,315.00,false,replacement
943,200,574,,received,,Upper Suspension Bushing,2,650.00,1300.00,455.00,false,replacement
944,200,574,,received,,Ball Joint,2,650.00,1300.00,455.00,false,replacement
945,200,574,,received,,Lower Ball Joint,2,1200.00,2400.00,840.00,false,replacement
946,200,574,,received,,Lower Suspension Bushing,2,1300.00,2600.00,910.00,false,replacement
947,200,574,,received,,Tie Rod End,2,1200.00,2400.00,840.00,false,replacement
948,200,574,,received,,Tie Rod End,2,1200.00,2400.00,840.00,false,replacement
949,200,574,,received,,Front Shock,2,3000.00,6000.00,2100.00,false,replacement
950,200,574,,received,,Stabilizer Link,2,750.00,1500.00,525.00,false,replacement
951,201,577,,received,,Injector Seal,4,450.00,1800.00,315.00,false,replacement
952,201,577,,received,,Injector Oil Seal,4,450.00,1800.00,315.00,false,replacement
953,201,577,,received,,Valve Cover Gasket,1,650.00,650.00,455.00,false,replacement
954,201,577,,received,,Injector Washer,4,650.00,2600.00,455.00,false,replacement
955,201,577,,received,,Silicone,1,200.00,200.00,140.00,false,replacement
956,201,577,,received,,Fuel Filter,1,450.00,450.00,315.00,false,replacement
957,202,579,,received,,Stabilizer Link,2,1450.00,2900.00,1015.00,false,replacement
958,202,579,,received,,Engine / Transmission Support,1,3500.00,3500.00,2450.00,false,replacement
959,202,579,,received,,Engine / Transmission Support,1,3300.00,3300.00,2310.00,false,replacement
960,204,589,,received,,Shock Front,2,5200.00,10400.00,3640.00,false,replacement
961,204,589,,received,,Shock Rear,2,5200.00,10400.00,3640.00,false,replacement
962,204,589,,received,,Shock Stopper,2,350.00,700.00,245.00,false,replacement
963,206,591,,received,,Shock,2,4800.00,9600.00,3360.00,false,replacement
964,206,591,,received,,Shock Stopper,2,250.00,500.00,175.00,false,replacement
965,207,595,,received,,Shock Front KYB,2,4500.00,9000.00,3150.00,false,replacement
966,207,595,,received,,Brake Pads,1,1200.00,1200.00,840.00,false,replacement
967,207,595,,received,,Engine Oil,4,450.00,1800.00,315.00,false,standard
968,207,595,,received,,Oil Filter,1,350.00,350.00,245.00,false,replacement
969,207,595,,received,,Cabin Filter,1,350.00,350.00,245.00,false,replacement
970,207,595,,received,,Air Filter,1,450.00,450.00,315.00,false,replacement
971,207,595,,received,,Brake Cleaner,1,250.00,250.00,175.00,false,standard
972,208,,,received,,Engine Oil,6,450.00,2700.00,315.00,false,standard
973,208,,,received,,Oil Filter,1,550.00,550.00,385.00,false,replacement
974,208,,,received,,Air Filter,1,650.00,650.00,455.00,false,replacement
975,209,598,,received,,Engine Oil,6,450.00,2700.00,315.00,false,standard
976,209,598,,received,,Brake Fluid,1,300.00,300.00,210.00,false,standard
977,209,598,,received,,Steering Belt,1,1200.00,1200.00,840.00,false,replacement
978,209,598,,received,,Wheel Cylinder,2,1500.00,3000.00,1050.00,false,replacement
979,210,601,,received,,Engine Oil,4,450.00,1800.00,315.00,false,standard
980,210,601,,received,,Oil Filter,1,350.00,350.00,245.00,false,replacement
981,210,601,,received,,Air Filter,1,450.00,450.00,315.00,false,replacement
982,210,601,,received,,Valve Cover Gasket,1,950.00,950.00,665.00,false,replacement
983,210,601,,received,,Brake Cleaner,1,250.00,250.00,175.00,false,standard
984,210,601,,received,,Spark Plug,4,350.00,1400.00,245.00,false,replacement
985,211,602,,received,,Shock Stopper,2,350.00,700.00,245.00,false,replacement
986,211,602,,received,,Shock Mounting,2,2500.00,5000.00,1750.00,false,replacement
987,211,602,,received,,Shock Front,1,5200.00,5200.00,3640.00,false,replacement
988,211,602,,received,,Shock Rear,1,5200.00,5200.00,3640.00,false,replacement
989,212,603,,received,,Valve Seal,12,100.00,1200.00,70.00,false,replacement
990,212,603,,received,,Cylinder Head Gasket,1,2500.00,2500.00,1750.00,false,replacement
991,212,603,,received,,Engine Oil,4,450.00,1800.00,315.00,false,standard
992,212,603,,received,,Oil Filter,1,350.00,350.00,245.00,false,replacement
993,212,603,,received,,Engine Coolant,5,200.00,1000.00,140.00,false,standard
994,212,603,,received,,Silicone,1,250.00,250.00,175.00,false,replacement
995,212,603,,received,,Copper Spray,1,1200.00,1200.00,840.00,false,replacement
996,213,607,,received,,Rack End,2,1200.00,2400.00,840.00,false,replacement
997,213,607,,received,,Tie Rod End,2,1200.00,2400.00,840.00,false,replacement
998,213,607,,received,,Wheel Bearing,1,3800.00,3800.00,2660.00,false,replacement
999,213,607,,received,,Brake Pads,1,1500.00,1500.00,1050.00,false,replacement
1000,213,607,,received,,Brake Cleaner,1,250.00,250.00,175.00,false,standard
1001,213,607,,received,,Brake Caliper Repair Kit,1,2200.00,2200.00,1540.00,false,replacement
1002,214,610,,received,,Ignition Coil,2,2200.00,4400.00,1540.00,false,replacement
1003,214,610,,received,,Carb / Throttle Cleaner,1,250.00,250.00,175.00,false,standard
1004,215,615,,received,,Cabin Filter,1,600.00,600.00,420.00,false,replacement
1005,215,615,,received,,Oil Filter,1,600.00,600.00,420.00,false,replacement
1006,215,615,,received,,Engine Oil,8,450.00,3600.00,315.00,false,standard
1007,215,615,,received,,Brake Cleaner,1,250.00,250.00,175.00,false,standard
1008,215,615,,received,,Air Filter,1,650.00,650.00,455.00,false,replacement
1009,215,615,,received,,Automatic Transmission Fluid (ATF),5,450.00,2250.00,315.00,false,standard
1010,215,615,,received,,Brake Pads,1,1450.00,1450.00,1015.00,false,replacement
1011,216,617,,received,,Valve Guide,1,1200.00,1200.00,840.00,false,replacement
1012,216,617,,received,,Engine Valve,1,4000.00,4000.00,2800.00,false,replacement
1013,216,617,,received,,Steering Kit,1,2500.00,2500.00,1750.00,false,replacement
1014,216,617,,received,,Power Steering Fluid,1,250.00,250.00,175.00,false,standard
1015,217,618,,received,,Transmission Assy,1,32000.00,32000.00,22400.00,false,replacement
1016,217,618,,received,,Automatic Transmission Fluid (ATF),6,500.00,3000.00,350.00,false,standard
1017,217,618,,received,,Suspension Bushing,2,550.00,1100.00,385.00,false,replacement
1018,217,618,,received,,Suspension Bushing,2,450.00,900.00,315.00,false,replacement
1019,217,618,,received,,Crankshaft Oil Seal,1,950.00,950.00,665.00,false,replacement
1020,218,623,,received,,Cabin Filter,1,600.00,600.00,420.00,false,replacement
1021,218,623,,received,,Oil Filter,1,600.00,600.00,420.00,false,replacement
1022,218,623,,received,,Engine Oil,8,450.00,3600.00,315.00,false,standard
1023,218,623,,received,,Brake Cleaner,1,250.00,250.00,175.00,false,standard
1024,218,623,,received,,Automatic Transmission Fluid (ATF),1,650.00,650.00,455.00,false,standard
1025,218,623,,received,,Automatic Transmission Fluid (ATF),5,450.00,2250.00,315.00,false,standard
1026,218,623,,received,,Brake Adj,1,1450.00,1450.00,1015.00,false,replacement
1027,219,625,,received,,Transmission Assy,1,32000.00,32000.00,22400.00,false,replacement
1028,219,625,,received,,Automatic Transmission Fluid (ATF),6,500.00,3000.00,350.00,false,standard
1029,219,625,,received,,Engine / Transmission Support,1,1500.00,1500.00,1050.00,false,replacement
1030,219,625,,received,,Engine / Transmission Support,1,1900.00,1900.00,1330.00,false,replacement
1031,219,625,,received,,Engine / Transmission Support,1,2200.00,2200.00,1540.00,false,replacement
1032,219,625,,received,,Engine / Transmission Support,1,2800.00,2800.00,1960.00,false,replacement
1033,219,625,,received,,Suspension Bushing,2,550.00,1100.00,385.00,false,replacement
1034,219,625,,received,,Suppression Bushing (small),2,450.00,900.00,315.00,false,replacement
1035,219,625,,received,,Crankshaft Oil Seal,1,950.00,950.00,665.00,false,replacement
1036,219,625,,received,,Vacuum Hose,1,250.00,250.00,175.00,false,replacement
1037,220,632,,received,,Engine Oil,8,450.00,3600.00,315.00,false,standard
1038,220,632,,received,,Oil Filter,1,350.00,350.00,245.00,false,replacement
1039,220,632,,received,,Cabin Filter,1,400.00,400.00,280.00,false,replacement
1040,220,632,,received,,Automatic Transmission Fluid (ATF),1,650.00,650.00,455.00,false,standard
1041,220,632,,received,,Brake Cleaner,1,250.00,250.00,175.00,false,standard
1042,220,632,,received,,Fuel Filter,1,450.00,450.00,315.00,false,replacement
1043,221,639,,received,,Valve Cover Gasket,1,750.00,750.00,525.00,false,replacement
1044,221,639,,received,,Injector Seal,4,450.00,1800.00,315.00,false,replacement
1045,221,639,,received,,Injector Oil Seal,4,450.00,1800.00,315.00,false,replacement
1046,221,639,,received,,Valve Cover O-ring,4,350.00,1400.00,245.00,false,replacement
1047,221,639,,received,,Coolant Bypass Hose / Tube,1,4500.00,4500.00,3150.00,false,replacement
1048,221,639,,received,,Engine Oil,8,450.00,3600.00,315.00,false,standard
1049,221,639,,received,,Oil Filter,1,350.00,350.00,245.00,false,replacement
1050,221,639,,received,,Air Filter,1,650.00,650.00,455.00,false,replacement
1051,221,639,,received,,Cabin Filter,1,400.00,400.00,280.00,false,replacement
1052,221,639,,received,,Engine Coolant,6,175.00,1050.00,122.50,false,standard
1053,221,639,,received,,Fuel Filter,1,750.00,750.00,525.00,false,replacement
1054,221,639,,received,,Silicone,1,200.00,200.00,140.00,false,replacement
1055,221,639,,received,,Auxiliary Fan / Blower Motor,1,7500.00,7500.00,5250.00,false,replacement
1056,221,639,,received,,Thermostat,1,1300.00,1300.00,910.00,false,replacement
1057,221,639,,received,,Injector Washer,4,450.00,1800.00,315.00,false,replacement
1058,221,639,,received,,Injector O Ring,4,300.00,1200.00,210.00,false,replacement
1059,222,643,,received,,Engine Oil,8,400.00,3200.00,280.00,false,standard
1060,222,643,,received,,Oil Filter,1,350.00,350.00,245.00,false,replacement
1061,222,643,,received,,Air Filter,1,450.00,450.00,315.00,false,replacement
1062,222,643,,received,,Cabin Filter,1,400.00,400.00,280.00,false,replacement
1063,222,643,,received,,Fuel Filter,1,750.00,750.00,525.00,false,replacement
1064,222,643,,received,,Brake Pads,2,1800.00,3600.00,1260.00,false,replacement
1065,222,643,,received,,Brake Cleaner,1,250.00,250.00,175.00,false,standard
1066,223,646,,received,,Brake Pads,1,1800.00,1800.00,1260.00,false,replacement
1067,223,646,,received,,Engine Oil,6,450.00,2700.00,315.00,false,standard
1068,223,646,,received,,Oil Filter,1,650.00,650.00,455.00,false,replacement
1069,223,646,,received,,Air Filter,1,750.00,750.00,525.00,false,replacement
1070,223,646,,received,,Brake Cleaner,1,250.00,250.00,175.00,false,standard
1071,223,646,,received,,Fuel Filter,1,850.00,850.00,595.00,false,replacement
1072,223,646,,received,,Brake Pads,1,1800.00,1800.00,1260.00,false,replacement
1073,224,650,,received,,Brake Pads,1,1800.00,1800.00,1260.00,false,replacement
1074,224,650,,received,,Engine Oil,6,450.00,2700.00,315.00,false,standard
1075,224,650,,received,,Air Filter,1,750.00,750.00,525.00,false,replacement
1076,224,650,,received,,Brake Cleaner,1,250.00,250.00,175.00,false,standard
1077,224,650,,received,,Fuel Filter,1,850.00,850.00,595.00,false,replacement
1078,224,650,,received,,Brake Pads,1,1800.00,1800.00,1260.00,false,replacement
1079,224,650,,received,,Oil Filter,1,750.00,750.00,525.00,false,replacement
1080,225,655,,received,,Engine Oil,4,500.00,2000.00,350.00,false,standard
1081,225,655,,received,,Oil Filter,1,850.00,850.00,595.00,false,replacement
1082,225,655,,received,,Cabin Filter,1,850.00,850.00,595.00,false,replacement
1083,225,655,,received,,Shock KYB,2,5000.00,10000.00,3500.00,false,replacement
1084,225,655,,received,,Spark Plug,3,1200.00,3600.00,840.00,false,replacement
1085,225,655,,received,,Brake Pads,1,2000.00,2000.00,1400.00,false,replacement
1086,225,655,,received,,Brake Cleaner,1,250.00,250.00,175.00,false,standard
1087,225,655,,received,,Carb / Throttle Cleaner,1,250.00,250.00,175.00,false,standard
1088,225,655,,received,,Automatic Transmission Fluid (ATF),4,550.00,2200.00,385.00,false,standard
1089,226,656,,received,,Overhauling Gasket Set,1,13000.00,13000.00,9100.00,false,replacement
1090,226,656,,received,,Engine Oil,8,450.00,3600.00,315.00,false,standard
1091,226,656,,received,,Oil Filter,1,350.00,350.00,245.00,false,replacement
1092,226,656,,received,,Cabin Filter,1,400.00,400.00,280.00,false,replacement
1093,226,656,,received,,Engine Coolant,6,175.00,1050.00,122.50,false,standard
1094,226,656,,received,,Fuel Filter,1,750.00,750.00,525.00,false,replacement
1095,226,656,,received,,Silicone,1,200.00,200.00,140.00,false,replacement
1096,226,656,,received,,Thermostat,1,1300.00,1300.00,910.00,false,replacement
1097,226,656,,received,,Coolant Bypass Hose / Tube,1,4500.00,4500.00,3150.00,false,replacement
1098,226,656,,received,,Auxiliary Fan / Blower Motor,1,7500.00,7500.00,5250.00,false,replacement
1099,226,656,,received,,Water Jacket,1,1500.00,1500.00,1050.00,false,replacement
1100,226,656,,received,,Bearing,1,250.00,250.00,175.00,false,replacement
1101,226,656,,received,,Vacuum Hose,1,250.00,250.00,175.00,false,replacement
1102,228,661,,received,,Tie Rod End,2,1200.00,2400.00,840.00,false,replacement
1103,228,661,,received,,Base Joint,2,1250.00,2500.00,875.00,false,replacement
1104,228,661,,received,,Suspension Bushing,2,750.00,1500.00,525.00,false,replacement
1105,228,661,,received,,Shock Mounting,2,1100.00,2200.00,770.00,false,replacement
1106,229,665,,received,,Rack N Pinion,1,13000.00,13000.00,9100.00,false,replacement
1107,229,665,,received,,Stabilizer Link,8,200.00,1600.00,140.00,false,replacement
1108,229,665,,received,,Valve Cover Gasket,1,1250.00,1250.00,875.00,false,replacement
1109,229,665,,received,,Suspension Bushing,2,650.00,1300.00,455.00,false,replacement
1110,229,665,,received,,Suspension Bushing,2,750.00,1500.00,525.00,false,replacement
1111,230,669,,received,,Rack N Pinion Assy,1,9500.00,9500.00,6650.00,false,replacement
1112,230,669,,received,,Stabilizer Link,1,1600.00,1600.00,1120.00,false,replacement
1113,230,669,,received,,Value Cover Gasket,1,1250.00,1250.00,875.00,false,replacement
1114,230,669,,received,,Suspension Bushing,2,750.00,1500.00,525.00,false,replacement
1115,230,669,,received,,Suspension Bushing,2,650.00,1300.00,455.00,false,replacement
1116,232,680,,received,,Rack End,1,8500.00,8500.00,5950.00,false,replacement
1117,232,680,,received,,Stabilizer Link,1,1450.00,1450.00,1015.00,false,replacement
1118,232,680,,received,,Valve Cover Gasket,1,1250.00,1250.00,875.00,false,replacement
1119,232,680,,received,,Suspension Bushing,2,750.00,1500.00,525.00,false,replacement
1120,232,680,,received,,Suspension Bushing,2,650.00,1300.00,455.00,false,replacement
1121,233,,,received,,Oil Filter,1,750.00,750.00,525.00,false,replacement
1122,233,,,received,,Engine Oil,5,500.00,2500.00,350.00,false,standard
1123,234,684,,received,,Rack End,2,1200.00,2400.00,840.00,false,replacement
1124,234,684,,received,,Tie Rod End,2,1200.00,2400.00,840.00,false,replacement
1125,234,684,,received,,Ball Joint,2,1250.00,2500.00,875.00,false,replacement
1126,234,684,,received,,Stabilizer Link,2,1200.00,2400.00,840.00,false,replacement
1127,234,684,,received,,Shock Mounting,2,1100.00,2200.00,770.00,false,replacement
1128,234,684,,received,,Air Filter,1,750.00,750.00,525.00,false,replacement
1129,234,684,,received,,Cabin Filter,1,750.00,750.00,525.00,false,replacement
1130,234,684,,received,,Oil Filter,1,650.00,650.00,455.00,false,replacement
1131,234,684,,received,,Spark Plug,4,900.00,3600.00,630.00,false,replacement
1132,234,684,,received,,Engine Oil,4,500.00,2000.00,350.00,false,standard
1133,236,,,received,,Stabilizer,2,850.00,1700.00,595.00,false,replacement
1134,236,,,received,,Engine / Transmission Support,1,3500.00,3500.00,2450.00,false,replacement
1135,236,,,received,,Suspension Bushing,2,650.00,1300.00,455.00,false,replacement
1136,236,,,received,,Shock,1,4000.00,4000.00,2800.00,false,replacement
1137,237,690,,received,,Spark Plug,4,500.00,2000.00,350.00,false,replacement
1138,237,690,,received,,Brake Pads,1,3200.00,3200.00,2240.00,false,replacement
1139,237,690,,received,,Oil Filter,1,350.00,350.00,245.00,false,replacement
1140,237,690,,received,,Engine Oil,4,500.00,2000.00,350.00,false,standard
1141,237,690,,received,,Air Filter,1,950.00,950.00,665.00,false,replacement
1142,237,690,,received,,Brake Cleaner,1,250.00,250.00,175.00,false,standard
1143,238,693,,received,,Tie Rod End,2,1200.00,2400.00,840.00,false,replacement
1144,238,693,,received,,Rack End,2,1200.00,2400.00,840.00,false,replacement
1145,238,693,,received,,Rubber Boot,2,550.00,1100.00,385.00,false,replacement
1146,238,693,,received,,Stabilizer,2,1250.00,2500.00,875.00,false,replacement
1147,239,697,,received,,Stabilizer Link,2,850.00,1700.00,595.00,false,replacement
1148,239,697,,received,,Engine / Transmission Support,1,3500.00,3500.00,2450.00,false,replacement
1149,239,697,,received,,Suspension Bushing,2,650.00,1300.00,455.00,false,replacement
1150,239,697,,received,,Shock Absorber,2,4000.00,8000.00,2800.00,false,replacement
1151,240,699,,received,,Cabin Filter,1,600.00,600.00,420.00,false,replacement
1152,240,699,,received,,Oil Filter,1,600.00,600.00,420.00,false,replacement
1153,240,699,,received,,Engine Oil,8,450.00,3600.00,315.00,false,standard
1154,240,699,,received,,Brake Cleaner,1,250.00,250.00,175.00,false,standard
1155,240,699,,received,,Air Filter,1,650.00,650.00,455.00,false,replacement
1156,241,,,received,,Air Filter,1,650.00,650.00,455.00,false,replacement
1157,241,,,received,,Clutch Solenoid,1,4500.00,4500.00,3150.00,false,replacement
1158,241,,,received,,Dry Clutch Set,1,50000.00,50000.00,35000.00,false,replacement
1159,242,703,,received,,Tire Mounting,2,500.00,1000.00,350.00,false,replacement
1160,242,703,,received,,Tire,1,4200.00,4200.00,2940.00,false,replacement
1161,243,704,,received,,Cylinder Head Gasket,1,3500.00,3500.00,2450.00,true,original
1162,243,704,,received,,Axle Boot,2,750.00,1500.00,525.00,false,replacement
1163,243,704,,received,,Axle Boot,2,750.00,1500.00,525.00,false,replacement
1164,243,704,,received,,Engine Oil,4,450.00,1800.00,315.00,false,standard
1165,243,704,,received,,Engine Coolant,7,175.00,1225.00,122.50,false,standard
1166,243,704,,received,,Socket Injector,4,200.00,800.00,140.00,false,replacement
1167,244,707,,received,,Wheel Cylinder,1,950.00,950.00,665.00,false,replacement
1168,244,707,,received,,Cabin Filter,1,350.00,350.00,245.00,false,replacement
1169,244,707,,received,,Oil Filter,1,350.00,350.00,245.00,false,replacement
1170,244,707,,received,,Pressure Plate,1,4800.00,4800.00,3360.00,false,replacement
1171,244,707,,received,,Release Bearing,1,2000.00,2000.00,1400.00,false,replacement
1172,244,707,,received,,Clutch Disc,1,5200.00,5200.00,3640.00,false,replacement
1173,245,708,,received,,Crankshaft Oil Seal,1,2400.00,2400.00,1680.00,true,original
1174,245,708,,received,,Crankshaft Oil Seal,1,1800.00,1800.00,1260.00,false,replacement
1175,245,708,,received,,Valve Cover Gasket,1,950.00,950.00,665.00,true,original
1176,245,708,,received,,Valve Cover Gasket,1,550.00,550.00,385.00,false,replacement
1177,245,708,,received,,Engine / Transmission Support,1,4200.00,4200.00,2940.00,true,original
1178,245,708,,received,,Engine / Transmission Support,1,2300.00,2300.00,1610.00,false,replacement
1179,245,708,,received,,Water Plug,1,250.00,250.00,175.00,false,replacement
1180,245,708,,received,,Axle Oil Seal,1,750.00,750.00,525.00,false,replacement
1181,247,,,received,,Overhauling Gasket Set,1,4200.00,4200.00,2940.00,false,replacement
1182,247,,,received,,Piston Ring OEM,1,4500.00,4500.00,3150.00,false,replacement
1183,247,,,received,,Liner,1,6500.00,6500.00,4550.00,false,replacement
1184,247,,,received,,Main Bearing Std,1,2500.00,2500.00,1750.00,false,replacement
1185,247,,,received,,Con Rod Bearing Std,1,2500.00,2500.00,1750.00,false,replacement
1186,247,,,received,,Oil Cooler Hose,2,1250.00,2500.00,875.00,false,replacement
1187,247,,,received,,Heater Hose Orig,2,1250.00,2500.00,875.00,false,replacement
1188,247,,,received,,Oil Cooler Assy Orig,1,4500.00,4500.00,3150.00,false,replacement
1189,247,,,received,,Thrust Washer Std,1,450.00,450.00,315.00,false,replacement
1190,247,,,received,,Main Drive Pulley Orig,1,5700.00,5700.00,3990.00,false,replacement
1191,247,,,received,,Crankshaft Oil Seal,1,5600.00,5600.00,3920.00,false,replacement
1192,247,,,received,,Automatic Transmission Fluid (ATF),8,500.00,4000.00,350.00,false,standard
1193,247,,,received,,Engine Oil,8,50.00,400.00,35.00,false,standard
1194,248,715,,received,,Alternator,1,4500.00,4500.00,3150.00,false,replacement
1195,250,720,,received,,Pitman,1,900.00,900.00,630.00,false,replacement
1196,250,720,,received,,Center Post,1,800.00,800.00,560.00,false,replacement
1197,250,720,,received,,Handbrake Cable,1,2500.00,2500.00,1750.00,false,replacement
1198,251,726,,received,,Spark Plug,3,250.00,750.00,175.00,false,replacement
1199,251,726,,received,,Shock Mounting,2,1050.00,2100.00,735.00,false,replacement
1200,251,726,,received,,Tie Rod End,2,1200.00,2400.00,840.00,false,replacement
1201,251,726,,received,,Tie Rod End,2,1200.00,2400.00,840.00,false,replacement
1202,251,726,,received,,Air Filter,1,450.00,450.00,315.00,false,replacement
1203,251,726,,received,,Cabin Filter,1,450.00,450.00,315.00,false,replacement
1204,251,726,,received,,Oil Filter,1,350.00,350.00,245.00,false,replacement
1205,252,728,,received,,Drive / Fan Belt,1,1800.00,1800.00,1260.00,false,replacement
1206,252,728,,received,,Pulley Belt,2,1200.00,2400.00,840.00,false,replacement
1207,252,728,,received,,Alternator,1,7500.00,7500.00,5250.00,false,replacement
1208,253,732,,received,,Tensioner,1,2500.00,2500.00,1750.00,false,replacement
1209,253,732,,received,,Drive / Fan Belt,1,1800.00,1800.00,1260.00,false,replacement
1210,253,732,,received,,Air Filter,1,600.00,600.00,420.00,false,replacement
1211,253,732,,received,,Water Pump,1,2500.00,2500.00,1750.00,false,replacement
1212,253,732,,received,,Engine Coolant,4,150.00,600.00,105.00,false,standard
1213,253,732,,received,,Brake Cleaner,1,250.00,250.00,175.00,false,standard
1214,253,732,,received,,Automatic Transmission Fluid (ATF),4,450.00,1800.00,315.00,false,standard
1215,253,732,,received,,Brake Pads,1,1200.00,1200.00,840.00,false,replacement
1216,254,734,,received,,Automotive Light Bulb,2,350.00,700.00,245.00,false,replacement
1217,254,734,,received,,Socket,2,200.00,400.00,140.00,false,replacement
1218,255,737,,received,,Air Filter,1,700.00,700.00,490.00,false,replacement
1219,255,737,,received,,Oil Filter,1,650.00,650.00,455.00,false,replacement
1220,255,737,,received,,Engine Flusher,1,700.00,700.00,490.00,false,replacement
1221,255,737,,received,,Daphine Oil,8,450.00,3600.00,315.00,false,replacement
1222,256,740,,received,,Engine / Transmission Support,1,2500.00,2500.00,1750.00,false,replacement
1223,256,740,,received,,Psf,1,450.00,450.00,315.00,false,replacement
1224,256,740,,received,,Transmission Oil Seal,1,1200.00,1200.00,840.00,false,replacement
1225,256,740,,received,,Brake Fluid,1,350.00,350.00,245.00,false,standard
1226,257,741,,received,,Clutch Set,1,15500.00,15500.00,10850.00,false,replacement
1227,257,741,,received,,Release Bearing,1,1200.00,1200.00,840.00,false,replacement
1228,257,741,,received,,Gear / Differential Oil,3,650.00,1950.00,455.00,false,standard
1229,257,741,,received,,Plywheel,1,32000.00,32000.00,22400.00,false,replacement
1230,257,741,,received,,Pilot Bearing,1,300.00,300.00,210.00,false,replacement
1231,258,742,,received,,Clutch Disc,1,15500.00,15500.00,10850.00,false,replacement
1232,258,742,,received,,Release Bearing,1,1200.00,1200.00,840.00,false,replacement
1233,258,742,,received,,Gear / Differential Oil,3,650.00,1950.00,455.00,false,standard
1234,258,742,,received,,Plywheel,1,32000.00,32000.00,22400.00,false,replacement
1235,260,749,,received,,Engine Oil,4,350.00,1400.00,245.00,false,standard
1236,260,749,,received,,Air Filter,1,500.00,500.00,350.00,false,replacement
1237,260,749,,received,,Oil Filter,1,350.00,350.00,245.00,false,replacement
1238,260,749,,received,,Brake Cleaner,1,300.00,300.00,210.00,false,standard
1239,261,753,,received,,Engine Oil,4,350.00,1400.00,245.00,false,standard
1240,261,753,,received,,Air Filter,1,500.00,500.00,350.00,false,replacement
1241,261,753,,received,,Oil Filter,1,350.00,350.00,245.00,false,replacement
1242,261,753,,received,,Brake Cleaner,1,300.00,300.00,210.00,false,standard
1243,262,758,,received,,Automatic Transmission Fluid (ATF),6,380.00,2280.00,266.00,false,standard
1244,262,758,,received,,Psf,1,380.00,380.00,266.00,false,replacement
1245,262,758,,received,,Engine / Transmission Support,1,1800.00,1800.00,1260.00,false,replacement
1246,262,758,,received,,Transmission Oil Seal,1,850.00,850.00,595.00,false,replacement
1247,263,760,,received,,Air Filter,1,650.00,650.00,455.00,false,replacement
1248,263,760,,received,,Oil Filter,1,400.00,400.00,280.00,false,replacement
1249,263,760,,received,,Cabin Filter,1,750.00,750.00,525.00,false,replacement
1250,263,760,,received,,Engine Oil,8,450.00,3600.00,315.00,false,standard
1251,263,760,,received,,Brake Cleaner,1,250.00,250.00,175.00,false,standard
1252,264,763,,received,,Engine / Transmission Support,1,2500.00,2500.00,1750.00,false,replacement
1253,264,763,,received,,Automatic Transmission Fluid (ATF),6,450.00,2700.00,315.00,false,standard
1254,264,763,,received,,Psf,1,450.00,450.00,315.00,false,replacement
1255,264,763,,received,,Transmission Oil Seal,1,1200.00,1200.00,840.00,false,replacement
1256,265,765,,received,,Main Bearing,1,1200.00,1200.00,840.00,false,replacement
1257,265,765,,received,,Conrod Bearing,1,950.00,950.00,665.00,false,replacement
1258,265,765,,received,,Overhauling Gasket Set,1,2500.00,2500.00,1750.00,false,replacement
1259,265,765,,received,,Oil,4,350.00,1400.00,245.00,false,replacement
1260,265,765,,received,,Oil Filter,1,450.00,450.00,315.00,false,replacement
1261,265,765,,received,,RTV Silicone Gasket Maker,1,250.00,250.00,175.00,false,standard
1262,265,765,,received,,Copper Spray,1,1200.00,1200.00,840.00,false,replacement
1263,265,765,,received,,Distilled Water,1,100.00,100.00,70.00,false,replacement
1264,265,765,,received,,Engine Coolant,1,300.00,300.00,210.00,false,standard
1265,265,765,,received,,Liner,1,8000.00,8000.00,5600.00,false,replacement
1266,266,772,,received,,Brake Pads,1,2500.00,2500.00,1750.00,false,replacement
1267,266,772,,received,,Engine Oil,5,450.00,2250.00,315.00,false,standard
1268,266,772,,received,,Oil Filter,1,250.00,250.00,175.00,false,replacement
1269,266,772,,received,,Automatic Transmission Fluid (ATF),6,380.00,2280.00,266.00,false,standard
1270,266,772,,received,,Air Filter,1,300.00,300.00,210.00,false,replacement
1271,266,772,,received,,Spark Plug,4,200.00,800.00,140.00,false,replacement
1272,266,772,,received,,Carb / Throttle Cleaner,1,250.00,250.00,175.00,false,standard
1273,266,772,,received,,Brake Fluid,1,250.00,250.00,175.00,false,standard
1274,266,772,,received,,Right Engine Support,1,2200.00,2200.00,1540.00,false,replacement
1275,267,775,,received,,Crankshaft Oil Seal,1,1800.00,1800.00,1260.00,false,replacement
1276,267,775,,received,,Silicone,1,250.00,250.00,175.00,false,replacement
1277,268,776,,received,,Airflow,1,4500.00,4500.00,3150.00,false,replacement
1278,268,776,,received,,Fuel Filter,1,650.00,650.00,455.00,false,replacement
1279,269,781,,received,,Rack End,2,1200.00,2400.00,840.00,false,replacement
1280,269,781,,received,,The Rod,2,1500.00,3000.00,1050.00,false,replacement
1281,269,781,,received,,Stabilizer Link,2,1200.00,2400.00,840.00,false,replacement
1282,269,781,,received,,Stab. Bui Hng,2,350.00,700.00,245.00,false,replacement
1283,270,785,,received,,Engine Oil,8,400.00,3200.00,280.00,false,standard
1284,270,785,,received,,Brake Master Cylinder,1,4000.00,4000.00,2800.00,false,replacement
1285,270,785,,received,,Fuel Filter,1,350.00,350.00,245.00,false,replacement
1286,270,785,,received,,Cabin Filter,1,350.00,350.00,245.00,false,replacement
1287,270,785,,received,,Oil Filter,1,250.00,250.00,175.00,false,replacement
1288,270,785,,received,,Brake Cleaner,1,250.00,250.00,175.00,false,standard
1289,270,785,,received,,Air Filter,1,650.00,650.00,455.00,false,replacement
1290,270,785,,received,,Brake Fluid,1,350.00,350.00,245.00,false,standard
1291,271,789,,received,,Engine Oil,8,400.00,3200.00,280.00,false,standard
1292,271,789,,received,,Brake Master Cylinder,1,4000.00,4000.00,2800.00,false,replacement
1293,271,789,,received,,Fuel Filter,1,350.00,350.00,245.00,false,replacement
1294,271,789,,received,,Cabin Filter,1,250.00,250.00,175.00,false,replacement
1295,271,789,,received,,Oil Filter,1,250.00,250.00,175.00,false,replacement
1296,271,789,,received,,Air Filter,1,650.00,650.00,455.00,false,replacement
1297,271,789,,received,,Brake Cleaner,1,250.00,250.00,175.00,false,standard
1298,271,789,,received,,Brake Fluid,1,350.00,350.00,245.00,false,standard
1299,272,793,,received,,Timing Chain,1,2000.00,2000.00,1400.00,false,replacement
1300,272,793,,received,,Valve Cover Gasket,1,900.00,900.00,630.00,false,replacement
1301,272,793,,received,,Oil Filter,1,950.00,950.00,665.00,false,replacement
1302,272,793,,received,,Engine Oil,8,420.00,3360.00,294.00,false,standard
1303,272,793,,received,,Gas,1,300.00,300.00,210.00,false,replacement
1304,272,793,,received,,Valve Cover Half Moon,1,350.00,350.00,245.00,false,replacement
1305,272,793,,received,,Crankshaft Oil Seal,1,1800.00,1800.00,1260.00,false,replacement
1306,272,793,,received,,Silicone,1,250.00,250.00,175.00,false,replacement
1307,273,801,,received,,Brake Master Cylinder,1,3200.00,3200.00,2240.00,false,replacement
1308,273,801,,received,,Engine Oil,5,450.00,2250.00,315.00,false,standard
1309,273,801,,received,,Oil Filter,1,250.00,250.00,175.00,false,replacement
1310,273,801,,received,,Automatic Transmission Fluid (ATF),6,450.00,2700.00,315.00,false,standard
1311,273,801,,received,,Air Filter,1,450.00,450.00,315.00,false,replacement
1312,273,801,,received,,Sparkplug,4,300.00,1200.00,210.00,false,replacement
1313,273,801,,received,,Carb / Throttle Cleaner,1,250.00,250.00,175.00,false,standard
1314,273,801,,received,,Brake Fluid,1,300.00,300.00,210.00,false,standard
1315,273,801,,received,,Engine / Transmission Support,1,2200.00,2200.00,1540.00,false,replacement
1316,273,801,,received,,Brake Cleaner,1,250.00,250.00,175.00,false,standard
1317,273,801,,received,,Freon (R134a),1,2500.00,2500.00,1750.00,false,standard
1318,274,804,,received,,Spark Plug,1,750.00,750.00,525.00,false,replacement
1319,274,804,,received,,Injector,1,11500.00,11500.00,8050.00,false,replacement
1320,275,808,,received,,Brake Cleaner,1,250.00,250.00,175.00,false,standard
1321,275,808,,received,,Wheel Cylinder,2,800.00,1600.00,560.00,false,replacement
1322,275,808,,received,,Automatic Transmission Fluid (ATF),1,450.00,450.00,315.00,false,standard
1323,275,808,,received,,Psf,1,450.00,450.00,315.00,false,replacement
1324,276,,,received,,Krl Piston,1,1500.00,1500.00,1050.00,false,replacement
1325,277,811,,received,,Engine Oil,5,400.00,2000.00,280.00,false,standard
1326,277,811,,received,,Air Filter,1,650.00,650.00,455.00,false,replacement
1327,277,811,,received,,Cabin Filter,1,350.00,350.00,245.00,false,replacement
1328,277,811,,received,,Oil Filter,1,250.00,250.00,175.00,false,replacement
1329,277,811,,received,,Brake Cleaner,1,250.00,250.00,175.00,false,standard
1330,278,814,,received,,Spark Plug,4,750.00,3000.00,525.00,false,replacement
1331,278,814,,received,,Injector,1,7000.00,7000.00,4900.00,false,replacement
1332,278,814,,received,,Brake Pads,1,5000.00,5000.00,3500.00,false,replacement
1333,278,814,,received,,Brake Pads,1,5500.00,5500.00,3850.00,false,replacement
1334,278,814,,received,,Brake Fluid,1,350.00,350.00,245.00,false,standard
1335,278,814,,received,,Brake Cleaner,1,250.00,250.00,175.00,false,standard
1336,279,817,,received,,A/C Expansion Valve,2,2500.00,5000.00,1750.00,false,replacement
1337,279,817,,received,,A/C Filter Drier,1,850.00,850.00,595.00,false,replacement
1338,279,817,,received,,A/C Compressor,1,200.00,200.00,140.00,false,replacement
1339,279,817,,received,,Aircon Cleaner,2,300.00,600.00,210.00,false,replacement
1340,279,817,,received,,Discharge Hose,1,950.00,950.00,665.00,false,replacement
1341,279,817,,received,,Freon (R134a),1,1800.00,1800.00,1260.00,false,standard
1342,280,823,,received,,Engine Oil,8,450.00,3600.00,315.00,false,standard
1343,280,823,,received,,Automatic Transmission Fluid (ATF),6,950.00,5700.00,665.00,false,standard
1344,280,823,,received,,Silicone,5,150.00,750.00,105.00,false,replacement
1345,280,823,,received,,Engine Coolant,8,175.00,1400.00,122.50,false,standard
1346,280,823,,received,,Air Filter,1,850.00,850.00,595.00,false,replacement
1347,280,823,,received,,Cabin Filter,1,650.00,650.00,455.00,false,replacement
1348,280,823,,received,,Oil Filter,1,450.00,450.00,315.00,false,replacement
1349,280,823,,received,,Brake Cleaner,1,250.00,250.00,175.00,false,standard
1350,280,823,,received,,Turbo,1,34000.00,34000.00,23800.00,false,replacement
1351,280,823,,received,,Transmission Filter,1,2200.00,2200.00,1540.00,false,replacement
1352,281,830,,received,,Turbo,1,34000.00,34000.00,23800.00,false,replacement
1353,281,830,,received,,Engine Oil,8,480.00,3840.00,336.00,false,standard
1354,281,830,,received,,Automatic Transmission Fluid (ATF),6,980.00,5880.00,686.00,false,standard
1355,281,830,,received,,Transmission Filter,1,2500.00,2500.00,1750.00,false,replacement
1356,281,830,,received,,Silicon Oil,5,150.00,750.00,105.00,false,replacement
1357,281,830,,received,,Engine Coolant,8,200.00,1600.00,140.00,false,standard
1358,281,830,,received,,Air Filter,1,850.00,850.00,595.00,false,replacement
1359,281,830,,received,,Cabin Filter,1,650.00,650.00,455.00,false,replacement
1360,281,830,,received,,Oil Filter,1,550.00,550.00,385.00,false,replacement
1361,281,830,,received,,Brake Cleaner,1,250.00,250.00,175.00,false,standard
1362,281,830,,received,,Silicon Gasket,1,249.99,249.99,174.99,false,replacement
1363,283,834,,received,,Overhauling Gasket Set,1,4300.00,4300.00,3010.00,false,replacement
1364,283,834,,received,,Con Rod Bearing,1,1200.00,1200.00,840.00,false,replacement
1365,283,834,,received,,Main Bearing,1,2200.00,2200.00,1540.00,false,replacement
1366,283,834,,received,,Thrust Washer,1,850.00,850.00,595.00,false,replacement
1367,283,834,,received,,Liner,4,6200.00,24800.00,4340.00,false,replacement
1368,283,834,,received,,Piston,4,3750.00,15000.00,2625.00,false,replacement
1369,283,834,,received,,Piston Ring,4,2500.00,10000.00,1750.00,false,replacement
1370,283,834,,received,,Engine Oil,8,400.00,3200.00,280.00,false,standard
1371,283,834,,received,,Oil Filter,1,350.00,350.00,245.00,false,replacement
1372,283,834,,received,,Air Filter,1,650.00,650.00,455.00,false,replacement
1373,283,834,,received,,Cabin Filter,1,350.00,350.00,245.00,false,replacement
1374,283,834,,received,,Fuel Filter,1,650.00,650.00,455.00,false,replacement
1375,283,834,,received,,Automatic Transmission Fluid (ATF),8,450.00,3600.00,315.00,false,standard
1376,284,,,received,,Con Rod Bearing,1,1200.00,1200.00,840.00,false,replacement
1377,284,,,received,,Main Bearing,1,2200.00,2200.00,1540.00,false,replacement
1378,284,,,received,,Thrust Washer,1,850.00,850.00,595.00,false,replacement
1379,284,,,received,,Liner,4,5800.00,23200.00,4060.00,false,replacement
1380,284,,,received,,Piston Ring,1,2500.00,2500.00,1750.00,false,replacement
1381,284,,,received,,Engine Oil,8,380.00,3040.00,266.00,false,standard
1382,284,,,received,,Oil Filter,1,350.00,350.00,245.00,false,replacement
1383,284,,,received,,Air Filter,1,650.00,650.00,455.00,false,replacement
1384,284,,,received,,Cabin Filter,1,350.00,350.00,245.00,false,replacement
1385,284,,,received,,Gasoline,1,500.00,500.00,350.00,false,replacement
1386,284,,,received,,Overhauling Gasket Set,1,4300.00,4300.00,3010.00,false,replacement
1387,284,,,received,,Fuel Filter,1,650.00,650.00,455.00,false,replacement
1388,284,,,received,,Automatic Transmission Fluid (ATF),8,450.00,3600.00,315.00,false,standard
1389,285,,,received,,Overhauling Gasket Set,1,4300.00,4300.00,3010.00,false,replacement
1390,285,,,received,,Conrod Bearing,1,1200.00,1200.00,840.00,false,replacement
1391,285,,,received,,Main Bearing,1,2200.00,2200.00,1540.00,false,replacement
1392,285,,,received,,Thrust Washer,1,850.00,850.00,595.00,false,replacement
1393,285,,,received,,Liner,1,6200.00,6200.00,4340.00,false,replacement
1394,285,,,received,,Piston,1,15000.00,15000.00,10500.00,false,replacement
1395,285,,,received,,Piston Ring,1,2500.00,2500.00,1750.00,false,replacement
1396,285,,,received,,Engine Oil,8,400.00,3200.00,280.00,false,standard
1397,285,,,received,,Oil Filter,1,250.00,250.00,175.00,false,replacement
1398,285,,,received,,Air Filter,1,650.00,650.00,455.00,false,replacement
1399,285,,,received,,Cabin Filter,1,375.00,375.00,262.50,false,replacement
1400,285,,,received,,Fuel Filter,1,450.00,450.00,315.00,false,replacement
1401,285,,,received,,Automatic Transmission Fluid (ATF),8,450.00,3600.00,315.00,false,standard
1402,285,,,received,,Piston Ring,1,12000.00,12000.00,8400.00,false,replacement
1403,285,,,received,,Thrust Washer,1,3500.00,3500.00,2450.00,false,replacement
1404,285,,,received,,Conrod Bearing,1,4800.00,4800.00,3360.00,false,replacement
1405,285,,,received,,Overhauling Gasket Set,1,16000.00,16000.00,11200.00,false,replacement
1406,287,,,received,,A/C Filter Drier,1,850.00,850.00,595.00,false,replacement
1407,287,,,received,,A/C Compressor,1,12500.00,12500.00,8750.00,false,replacement
1408,287,,,received,,A/C Expansion Valve,1,2500.00,2500.00,1750.00,true,original
1409,287,,,received,,Freon (R134a),1,1000.00,1000.00,700.00,false,standard
1410,287,,,received,,A/C Expansion Valve,1,1800.00,1800.00,1260.00,false,replacement
1411,288,838,,received,,Tensioner,1,2500.00,2500.00,1750.00,false,replacement
1412,288,838,,received,,Drive / Fan Belt,1,1800.00,1800.00,1260.00,false,replacement
1413,288,838,,received,,Belt Tensioner,1,600.00,600.00,420.00,false,replacement
1414,289,842,,received,,Tensioner,1,2500.00,2500.00,1750.00,false,replacement
1415,289,842,,received,,Drive / Fan Belt,1,1800.00,1800.00,1260.00,false,replacement
1416,289,842,,received,,Air Filter,1,600.00,600.00,420.00,false,replacement
1417,289,842,,received,,A/C Compressor,1,6500.00,6500.00,4550.00,false,replacement
1418,289,842,,received,,A/C Expansion Valve,1,1800.00,1800.00,1260.00,false,replacement
1419,289,842,,received,,A/C Filter Drier,1,850.00,850.00,595.00,false,replacement
1420,289,842,,received,,Freon (R134a),1,1000.00,1000.00,700.00,false,standard
1421,290,,,received,,Brake Shoe,1,1300.00,1300.00,910.00,false,replacement
1422,290,,,received,,Wheel Cylinder,1,1800.00,1800.00,1260.00,false,replacement
1423,290,,,received,,Axle Oil Seal,2,350.00,700.00,245.00,false,replacement
1424,290,,,received,,Hand Brake Cable,1,1500.00,1500.00,1050.00,false,replacement
1425,290,,,received,,Brake Fluid,1,150.00,150.00,105.00,false,standard
1426,290,,,received,,Gear / Differential Oil,2,250.00,500.00,175.00,false,standard
1427,291,,,received,,Brake Shoe,1,1300.00,1300.00,910.00,false,replacement
1428,291,,,received,,Wheel Cylinder,1,1800.00,1800.00,1260.00,false,replacement
1429,291,,,received,,Axle Oil Seal,2,350.00,700.00,245.00,false,replacement
1430,291,,,received,,Handbrake Cable,1,1800.00,1800.00,1260.00,false,replacement
1431,291,,,received,,Brake Fluid,1,150.00,150.00,105.00,false,standard
1432,291,,,received,,Gear / Differential Oil,2,250.00,500.00,175.00,false,standard
1433,292,,,received,,Oil Cooler,1,9600.00,9600.00,6720.00,false,replacement
1434,293,844,,received,,Oil Cooler,1,8500.00,8500.00,5950.00,false,replacement
1435,293,844,,received,,Support LH,1,2200.00,2200.00,1540.00,false,replacement
1436,293,844,,received,,Support RH,1,2300.00,2300.00,1610.00,false,replacement
1437,293,844,,received,,Support Front,1,1500.00,1500.00,1050.00,false,replacement
1438,293,844,,received,,Support Rr,1,1600.00,1600.00,1120.00,false,replacement
1439,293,844,,received,,Coolant Bypass Hose / Tube,1,850.00,850.00,595.00,false,replacement
1440,294,847,,received,,Engine Oil,8,450.00,3600.00,315.00,false,standard
1441,294,847,,received,,Oil Filter,1,500.00,500.00,350.00,false,replacement
1442,295,,,received,,Engine Oil,1,450.00,450.00,315.00,false,standard
1443,295,,,received,,Oil Filter,1,350.00,350.00,245.00,false,replacement
1444,295,,,received,,Air Filter,1,550.00,550.00,385.00,false,replacement
1445,295,,,received,,Fuel,1,500.00,500.00,350.00,false,replacement
1446,295,,,received,,Cabin Filter,1,500.00,500.00,350.00,false,replacement
1447,295,,,received,,Outer Bearing,1,3000.00,3000.00,2100.00,false,replacement
1448,296,852,,received,,Engine Oil,8,450.00,3600.00,315.00,false,standard
1449,296,852,,received,,Oil Filter,1,500.00,500.00,350.00,false,replacement
1450,296,852,,received,,Air Filter,1,550.00,550.00,385.00,false,replacement
1451,296,852,,received,,Cabin Filter,1,500.00,500.00,350.00,false,replacement
1452,296,852,,received,,Brake Cleaner,1,250.00,250.00,175.00,false,standard
1453,296,852,,received,,Center Support Bearing,1,3000.00,3000.00,2100.00,false,replacement
1454,296,852,,received,,Cross Joint,1,1500.00,1500.00,1050.00,false,replacement
1455,297,858,,received,,Engine Oil,8,450.00,3600.00,315.00,false,standard
1456,297,858,,received,,Oil Filter,1,500.00,500.00,350.00,false,replacement
1457,297,858,,received,,Air Filter,1,550.00,550.00,385.00,false,replacement
1458,297,858,,received,,Cabin Filter,1,500.00,500.00,350.00,false,replacement
1459,297,858,,received,,Brake Cleaner,1,250.00,250.00,175.00,false,standard
1460,297,858,,received,,Cross Joint,1,1500.00,1500.00,1050.00,false,replacement
1461,297,858,,received,,Center Support Bearing,1,3000.00,3000.00,2100.00,false,replacement
1462,298,860,,received,,Brake Pads,1,1800.00,1800.00,1260.00,false,replacement
1463,298,860,,received,,Cabin Filter,1,500.00,500.00,350.00,false,replacement
1464,298,860,,received,,Fuel Filter,1,5500.00,5500.00,3850.00,false,replacement
1465,298,860,,received,,Oil Filter,1,550.00,550.00,385.00,false,replacement
1466,298,860,,received,,Wiper Blade,2,800.00,1600.00,560.00,false,replacement
1467,298,860,,received,,Engine Oil,1,5400.00,5400.00,3780.00,false,standard
1468,298,860,,received,,Air Filter,1,750.00,750.00,525.00,false,replacement
1469,298,860,,received,,Brake Pads,1,2000.00,2000.00,1400.00,false,replacement
1470,298,860,,received,,Wiper Blade,1,650.00,650.00,455.00,false,replacement
1471,299,861,,received,,Brake Pads,1,1800.00,1800.00,1260.00,false,replacement
1472,299,861,,received,,Brake Pads,1,2000.00,2000.00,1400.00,false,replacement
1473,299,861,,received,,Fuel Filter,1,5500.00,5500.00,3850.00,false,replacement
1474,299,861,,received,,Oil Filter,1,550.00,550.00,385.00,false,replacement
1475,299,861,,received,,Wiper Blade,2,600.00,1200.00,420.00,false,replacement
1476,299,861,,received,,Air Filter,1,750.00,750.00,525.00,false,replacement
1477,299,861,,received,,Engine Oil,6,900.00,5400.00,630.00,false,standard
1478,301,868,,received,,Engine Oil,8,450.00,3600.00,315.00,false,standard
1479,301,868,,received,,Oil Filter,1,500.00,500.00,350.00,false,replacement
1480,301,868,,received,,Air Filter,1,550.00,550.00,385.00,false,replacement
1481,301,868,,received,,Cabin Filter,1,500.00,500.00,350.00,false,replacement
1482,302,870,,received,,Valve Cover Gasket,1,650.00,650.00,455.00,false,replacement
1483,302,870,,received,,Engine Oil,4,450.00,1800.00,315.00,false,standard
1484,302,870,,received,,Oil Filter,1,300.00,300.00,210.00,false,replacement
1485,302,870,,received,,Air Filter,1,450.00,450.00,315.00,false,replacement
1486,302,870,,received,,Spark Plug,3,250.00,750.00,175.00,false,replacement
1487,302,870,,received,,Cabin Filter,1,450.00,450.00,315.00,false,replacement
1488,302,870,,received,,Brake Cleaner,1,250.00,250.00,175.00,false,standard
1489,303,875,,received,,Engine Oil,8,450.00,3600.00,315.00,false,standard
1490,303,875,,received,,Oil Filter,1,500.00,500.00,350.00,false,replacement
1491,303,875,,received,,Air Filter,1,550.00,550.00,385.00,false,replacement
1492,303,875,,received,,Cabin Filter,1,500.00,500.00,350.00,false,replacement
1493,303,875,,received,,Brake Cleaner,1,250.00,250.00,175.00,false,standard
1494,304,881,,received,,Engine Oil,8,450.00,3600.00,315.00,false,standard
1495,304,881,,received,,Oil Filter,1,500.00,500.00,350.00,false,replacement
1496,304,881,,received,,Air Filter,1,550.00,550.00,385.00,false,replacement
1497,304,881,,received,,Cabin Filter,1,500.00,500.00,350.00,false,replacement
1498,304,881,,received,,Brake Cleaner,1,250.00,250.00,175.00,false,standard
1499,305,,,received,,Plywheel,1,28500.00,28500.00,19950.00,false,replacement
1500,305,,,received,,Clutch Disc,1,4800.00,4800.00,3360.00,false,replacement
1501,305,,,received,,Pressure Plate,1,8500.00,8500.00,5950.00,false,replacement
1502,305,,,received,,Release Bearing,1,2200.00,2200.00,1540.00,false,replacement
1503,306,885,,received,,Overhauling,1,4200.00,4200.00,2940.00,false,replacement
1504,306,885,,received,,Engine Oil,5,400.00,2000.00,280.00,false,standard
1505,306,885,,received,,Oil Filter,1,650.00,650.00,455.00,false,replacement
1506,306,885,,received,,Air Filter,1,650.00,650.00,455.00,false,replacement
1507,306,885,,received,,Engine / Transmission Support,1,2000.00,2000.00,1400.00,false,replacement
1508,306,885,,received,,Engine / Transmission Support,2,1250.00,2500.00,875.00,false,replacement
1509,306,885,,received,,RTV Silicone Gasket Maker,2,250.00,500.00,175.00,false,standard
1510,306,885,,received,,Spark Plug,4,250.00,1000.00,175.00,false,replacement
1511,307,893,,received,,Tie Rod End,2,950.00,1900.00,665.00,false,replacement
1512,307,893,,received,,Tie Rod End,2,850.00,1700.00,595.00,false,replacement
1513,307,893,,received,,Suspension Bushing,2,650.00,1300.00,455.00,false,replacement
1514,307,893,,received,,Shock Absorber,2,2800.00,5600.00,1960.00,false,replacement
1515,307,893,,received,,Shock Mounting,2,1200.00,2400.00,840.00,false,replacement
1516,307,893,,received,,Shock Boots,2,250.00,500.00,175.00,false,replacement
1517,307,893,,received,,Drive / Fan Belt,1,1800.00,1800.00,1260.00,false,replacement
1518,307,893,,received,,Engine Coolant,6,350.00,2100.00,245.00,false,standard
1519,307,893,,received,,Spark Plug,4,650.00,2600.00,455.00,false,replacement
1520,307,893,,received,,Brake Cleaner,1,350.00,350.00,245.00,false,standard
1521,307,893,,received,,Carb / Throttle Cleaner,1,350.00,350.00,245.00,false,standard
1522,308,901,,received,,Tie Rod End,2,950.00,1900.00,665.00,false,replacement
1523,308,901,,received,,Tie Rod End,2,850.00,1700.00,595.00,false,replacement
1524,308,901,,received,,Suspension Bushing,2,650.00,1300.00,455.00,false,replacement
1525,308,901,,received,,Shock Absorber,2,2800.00,5600.00,1960.00,false,replacement
1526,308,901,,received,,Shock Mounting,2,1200.00,2400.00,840.00,false,replacement
1527,308,901,,received,,Shock Boots,2,250.00,500.00,175.00,false,replacement
1528,308,901,,received,,Drive / Fan Belt,1,1500.00,1500.00,1050.00,false,replacement
1529,308,901,,received,,Engine Coolant,6,175.00,1050.00,122.50,false,standard
1530,308,901,,received,,Spark Plug,4,600.00,2400.00,420.00,false,replacement
1531,308,901,,received,,Brake Cleaner,1,250.00,250.00,175.00,false,standard
1532,308,901,,received,,Carb / Throttle Cleaner,1,250.00,250.00,175.00,false,standard
1533,309,,,received,,Pressure Plate,1,6300.00,6300.00,4410.00,false,replacement
1534,309,,,received,,Clutch Disc,1,3900.00,3900.00,2730.00,false,replacement
1535,309,,,received,,Timing Belt,1,3000.00,3000.00,2100.00,false,replacement
1536,309,,,received,,Belt Tensioner,1,1500.00,1500.00,1050.00,false,replacement
1537,309,,,received,,Release Bearing,1,1500.00,1500.00,1050.00,false,replacement
1538,309,,,received,,Pilot Bearing,1,350.00,350.00,245.00,false,replacement
1539,309,,,received,,Clutch Fork Boots,1,400.00,400.00,280.00,false,replacement
1540,310,904,,received,,Engine Oil,8,400.00,3200.00,280.00,false,standard
1541,310,904,,received,,Oil Filter,1,250.00,250.00,175.00,false,replacement
1542,310,904,,received,,Fuel Filter,1,350.00,350.00,245.00,false,replacement
1543,310,904,,received,,Air Filter,1,450.00,450.00,315.00,false,replacement
1544,310,904,,received,,Cabin Filter,1,350.00,350.00,245.00,false,replacement
1545,310,904,,received,,Brake Cleaner,1,200.00,200.00,140.00,false,standard
1546,310,904,,received,,Drive / Fan Belt,1,2200.00,2200.00,1540.00,false,replacement
1547,311,906,,received,,Overhauling Gasket Set,1,4200.00,4200.00,2940.00,false,replacement
1548,311,906,,received,,Engine / Transmission Support,1,1200.00,1200.00,840.00,false,replacement
1549,311,906,,received,,Engine / Transmission Support,1,2000.00,2000.00,1400.00,false,replacement
1550,311,906,,received,,Engine / Transmission Support,1,2000.00,2000.00,1400.00,false,replacement
1551,311,906,,received,,Oil Filter,1,650.00,650.00,455.00,false,replacement
1552,311,906,,received,,Air Filter,1,650.00,650.00,455.00,false,replacement
1553,311,906,,received,,RTV Silicone Gasket Maker,2,250.00,500.00,175.00,false,standard
1554,311,906,,received,,Spark Plug,4,250.00,1000.00,175.00,false,replacement
1555,311,906,,received,,Gas,1,300.00,300.00,210.00,false,replacement
1556,311,906,,received,,Engine / Transmission Support,1,1800.00,1800.00,1260.00,false,replacement
1557,311,906,,received,,Pressure Plate,1,6300.00,6300.00,4410.00,false,replacement
1558,311,906,,received,,Clutch Disc,1,3900.00,3900.00,2730.00,false,replacement
1559,311,906,,received,,Timing Belt,1,3000.00,3000.00,2100.00,false,replacement
1560,311,906,,received,,Belt Tensioner,1,1500.00,1500.00,1050.00,false,replacement
1561,311,906,,received,,Release Bearing,1,1500.00,1500.00,1050.00,false,replacement
1562,311,906,,received,,Pilot Bearing,1,350.00,350.00,245.00,false,replacement
1563,311,906,,received,,Clutch Fork Boot,1,950.00,950.00,665.00,false,replacement
1564,311,906,,received,,Engine Oil,4,400.00,1600.00,280.00,false,standard
1565,312,910,,received,,Oil Filter,1,450.00,450.00,315.00,false,replacement
1566,312,910,,received,,Air Filter,1,650.00,650.00,455.00,false,replacement
1567,312,910,,received,,Spark Plug,2,750.00,1500.00,525.00,false,replacement
1568,312,910,,received,,Cabin Filter,1,350.00,350.00,245.00,false,replacement
1569,312,910,,received,,Engine Oil,4,400.00,1600.00,280.00,false,standard
1570,312,910,,received,,Carb / Throttle Cleaner,1,250.00,250.00,175.00,false,standard
1571,312,910,,received,,Brake Pads,1,250.00,250.00,175.00,false,replacement
1572,313,911,,received,,Brake Cleaner,1,250.00,250.00,175.00,false,standard
1573,313,911,,received,,Cabin Filter,1,350.00,350.00,245.00,false,replacement
1574,314,,,received,,Brake Pads,1,16500.00,16500.00,11550.00,false,replacement
1575,314,,,received,,Brake Pads,1,16500.00,16500.00,11550.00,false,replacement
1576,314,,,received,,Oil Filler,1,950.00,950.00,665.00,false,replacement
1577,314,,,received,,Cabin Filter,1,2800.00,2800.00,1960.00,false,replacement
1578,314,,,received,,Engine Oil,8,980.00,7840.00,686.00,false,standard
1579,315,914,,received,,Tie Rod End,2,1800.00,3600.00,1260.00,false,replacement
1580,315,914,,received,,Rack End,2,1200.00,2400.00,840.00,false,replacement
1581,315,914,,received,,Stabilizer Link,1,1250.00,1250.00,875.00,false,replacement
1582,315,914,,received,,Suspension Bushing,2,950.00,1900.00,665.00,false,replacement
1583,315,914,,received,,Stab Clamp,2,600.00,1200.00,420.00,false,replacement
1584,316,918,,received,,Engine Oil,4,400.00,1600.00,280.00,false,standard
1585,316,918,,received,,Engine / Transmission Support,1,1250.00,1250.00,875.00,false,replacement
1586,316,918,,received,,Engine / Transmission Support,1,2000.00,2000.00,1400.00,false,replacement
1587,316,918,,received,,Engine / Transmission Support,1,2000.00,2000.00,1400.00,false,replacement
1588,316,918,,received,,Transmission Rear,1,1800.00,1800.00,1260.00,false,replacement
1589,316,918,,received,,Overhauling Gasket Set,1,4200.00,4200.00,2940.00,false,replacement
1590,316,918,,received,,Oil Filter,1,650.00,650.00,455.00,false,replacement
1591,316,918,,received,,Air Filter,1,650.00,650.00,455.00,false,replacement
1592,316,918,,received,,Silicone,2,250.00,500.00,175.00,false,replacement
1593,316,918,,received,,Spark Plug,4,250.00,1000.00,175.00,false,replacement
1594,316,918,,received,,Gas,1,300.00,300.00,210.00,false,replacement
1595,316,918,,received,,Pressure Plate,1,6300.00,6300.00,4410.00,false,replacement
1596,316,918,,received,,Clutch Disc,1,3900.00,3900.00,2730.00,false,replacement
1597,316,918,,received,,Timing Belt,1,3000.00,3000.00,2100.00,false,replacement
1598,316,918,,received,,Belt Tensioner,1,1500.00,1500.00,1050.00,false,replacement
1599,316,918,,received,,Pilot Bearing,1,350.00,350.00,245.00,false,replacement
1600,316,918,,received,,Clutch Fork Boots,1,950.00,950.00,665.00,false,replacement
1601,317,921,,received,,A/C Compressor,1,38500.00,38500.00,26950.00,true,original
1602,317,921,,received,,A/C Expansion Valve,1,2500.00,2500.00,1750.00,false,replacement
1603,317,921,,received,,A/C Filter Drier,1,1200.00,1200.00,840.00,false,replacement
1604,317,921,,received,,Freon (R134a),1,2000.00,2000.00,1400.00,false,standard
1605,317,921,,received,,Aircon Cleaner,1,600.00,600.00,420.00,false,replacement
1606,318,,,received,,Liner - Isuzu,1,0.00,0.00,0.00,false,replacement
1607,318,,,received,,Piston Ring - Npr,1,0.00,0.00,0.00,false,replacement
1608,318,,,received,,Main Bearing - Daido,1,0.00,0.00,0.00,false,replacement
1609,318,,,received,,Conrod Bearing - Daido,1,0.00,0.00,0.00,false,replacement
1610,318,,,received,,Piston Pin Bushing - Daido,1,0.00,0.00,0.00,false,replacement
1611,319,929,,received,,Upper Suspension,2,1600.00,3200.00,1120.00,false,replacement
1612,319,929,,received,,Tie Rod End,2,1100.00,2200.00,770.00,false,replacement
1613,319,929,,received,,Lower Ball Joint Right,2,950.00,1900.00,665.00,false,replacement
1614,319,929,,received,,Trailing Arm Bushing,2,900.00,1800.00,630.00,false,replacement
1615,319,929,,received,,Stabilizer Link,2,900.00,1800.00,630.00,false,replacement
1616,319,929,,received,,Stabilizer Clamp Kit,2,450.00,900.00,315.00,false,replacement
1617,320,932,,received,,Rack N Piston Assembly,1,10500.00,10500.00,7350.00,false,replacement
1618,320,932,,received,,Alternator,1,11000.00,11000.00,7700.00,false,replacement
1619,321,939,,received,,Cabin Filter,1,350.00,350.00,245.00,false,replacement
1620,321,939,,received,,Suspension Bushing,2,650.00,1300.00,455.00,false,replacement
1621,321,939,,received,,Shock Mounting,2,1200.00,2400.00,840.00,false,replacement
1622,321,939,,received,,Shock,2,3800.00,7600.00,2660.00,false,replacement
1623,321,939,,received,,Brake Cleaner,1,250.00,250.00,175.00,false,standard
1624,321,939,,received,,Engine Oil,4,400.00,1600.00,280.00,false,standard
1625,321,939,,received,,Wheel Hub Bearing,2,2200.00,4400.00,1540.00,false,replacement
1626,321,939,,received,,Automatic Transmission Fluid (ATF),1,1800.00,1800.00,1260.00,false,standard
1627,321,939,,received,,Oil Filter,1,350.00,350.00,245.00,false,replacement
1628,322,941,,received,,Engine Oil,4,400.00,1600.00,280.00,false,standard
1629,322,941,,received,,Oil Filter,1,250.00,250.00,175.00,false,replacement
1630,322,941,,received,,Cabin Filter,1,350.00,350.00,245.00,false,replacement
1631,322,941,,received,,Air Filter,1,650.00,650.00,455.00,false,replacement
1632,322,941,,received,,Brake Cleaner,1,250.00,250.00,175.00,false,standard
1633,323,947,,received,,Cabin Filter,1,350.00,350.00,245.00,false,replacement
1634,323,947,,received,,Suspension Bushing,2,650.00,1300.00,455.00,false,replacement
1635,323,947,,received,,Shock Mounting,2,1200.00,2400.00,840.00,false,replacement
1636,323,947,,received,,Engine Oil,4,400.00,1600.00,280.00,false,standard
1637,323,947,,received,,Oil Filter,1,250.00,250.00,175.00,false,replacement
1638,323,947,,received,,Wheel Hub Bearing,1,2200.00,2200.00,1540.00,false,replacement
1639,323,947,,received,,Shock Front,2,3800.00,7600.00,2660.00,false,replacement
1640,324,948,,received,,Wiper Blade,1,800.00,800.00,560.00,false,replacement
1641,324,948,,received,,Clock Spring,1,4500.00,4500.00,3150.00,false,replacement
1642,325,951,,received,,Engine Oil,4,450.00,1800.00,315.00,false,standard
1643,325,951,,received,,Oil Filter,1,350.00,350.00,245.00,false,replacement
1644,325,951,,received,,Air Filter,1,750.00,750.00,525.00,false,replacement
1645,325,951,,received,,Cabin Filter,1,450.00,450.00,315.00,false,replacement
1646,325,951,,received,,Fuel Filter,1,600.00,600.00,420.00,false,replacement
1647,326,953,,received,,Oil Filter,1,300.00,300.00,210.00,false,replacement
1648,326,953,,received,,Air Filter,1,750.00,750.00,525.00,false,replacement
1649,326,953,,received,,Cabin Filter,1,450.00,450.00,315.00,false,replacement
1650,326,953,,received,,Fuel Filter,1,650.00,650.00,455.00,false,replacement
1651,327,955,,received,,Engine Oil,5,500.00,2500.00,350.00,false,standard
1652,327,955,,received,,Oil Filter,1,350.00,350.00,245.00,false,replacement
1653,327,955,,received,,Air Filter,1,650.00,650.00,455.00,false,replacement
1654,327,955,,received,,Fuel Filter,1,550.00,550.00,385.00,false,replacement
1655,328,957,,received,,Brake Fluid,1,350.00,350.00,245.00,false,standard
1656,328,957,,received,,Brake Pads,1,1550.00,1550.00,1085.00,false,replacement
1657,328,957,,received,,Brake Shoe,1,1000.00,1000.00,700.00,false,replacement
1658,328,957,,received,,Wheel Cylinder,2,900.00,1800.00,630.00,false,replacement
1659,329,960,,received,,Suspension Bushing,4,550.00,2200.00,385.00,false,replacement
1660,329,960,,received,,Tie Rod End,2,1150.00,2300.00,805.00,false,replacement
1661,329,960,,received,,Stabilizer Link,2,1150.00,2300.00,805.00,false,replacement
1662,329,960,,received,,Shock Absorber,2,2200.00,4400.00,1540.00,false,replacement
1663,329,960,,received,,Shock Mounting,2,1100.00,2200.00,770.00,false,replacement
1664,330,962,,received,,Valve Cover Gasket,1,550.00,550.00,385.00,false,replacement
1665,330,962,,received,,Crankshaft Oil Seal,1,1200.00,1200.00,840.00,false,replacement
1666,330,962,,received,,RTV Silicone Gasket Maker,1,200.00,200.00,140.00,false,standard
1667,330,962,,received,,Drive / Fan Belt,1,2100.00,2100.00,1470.00,false,replacement
1668,330,962,,received,,Oil Filter,1,350.00,350.00,245.00,false,replacement
1669,331,965,,received,,Brake Cleaner,1,200.00,200.00,140.00,false,standard
1670,331,965,,received,,Brake Fluid,1,300.00,300.00,210.00,false,standard
1671,331,965,,received,,Brake Pads,2,3000.00,6000.00,2100.00,true,original
1672,331,965,,received,,Brake Shoe,1,3000.00,3000.00,2100.00,true,original
1673,331,965,,received,,Wheel Cylinder,1,1700.00,1700.00,1190.00,true,original
1674,332,966,,received,,A/C Evaporator,1,8150.00,8150.00,5705.00,true,original
1675,332,966,,received,,Cabin Filter,1,1350.00,1350.00,945.00,true,original
1676,332,966,,received,,Cabin Filter,1,1000.00,1000.00,700.00,true,original
1677,333,968,,received,,Overhauling Gasket Set,1,3500.00,3500.00,2450.00,false,replacement
1678,333,968,,received,,Valve Cover Gasket,1,1500.00,1500.00,1050.00,true,original
1679,333,968,,received,,Crankshaft Oil Seal,1,1550.00,1550.00,1085.00,false,replacement
1680,333,968,,received,,Spark Plug,4,350.00,1400.00,245.00,false,replacement
1681,333,968,,received,,Engine Coolant,2,300.00,600.00,210.00,false,standard
1682,333,968,,received,,Engine Oil,6,400.00,2400.00,280.00,false,standard
1683,333,968,,received,,Oil Filter,1,300.00,300.00,210.00,false,replacement
1684,333,968,,received,,RTV Silicone Gasket Maker,2,250.00,500.00,175.00,false,standard
1685,334,970,,received,,Engine Oil,5,450.00,2250.00,315.00,false,standard
1686,334,970,,received,,Oil Filter,1,400.00,400.00,280.00,false,replacement
1687,334,970,,received,,Air Filter,1,550.00,550.00,385.00,false,replacement
1688,334,970,,received,,Cabin Filter,1,450.00,450.00,315.00,false,replacement
1689,334,970,,received,,Fuel Filter,1,600.00,600.00,420.00,false,replacement
1690,335,975,,received,,Oil Filter,1,650.00,650.00,455.00,true,original
1691,335,975,,received,,Air Filter,1,750.00,750.00,525.00,false,replacement
1692,335,975,,received,,Cabin Filter,1,550.00,550.00,385.00,false,replacement
1693,335,975,,received,,Fuel Filter,1,1800.00,1800.00,1260.00,true,original
1694,336,978,,received,,Brake Cleaner,1,250.00,250.00,175.00,false,standard
1695,336,978,,received,,Brake Fluid,1,300.00,300.00,210.00,false,standard
1696,336,978,,received,,Wheel Cylinder,2,1850.00,3700.00,1295.00,true,original
1697,337,980,,received,,Overhauling Gasket Set,1,4300.00,4300.00,3010.00,false,replacement
1698,337,980,,received,,Valve Cover Gasket,1,700.00,700.00,490.00,false,replacement
1699,337,980,,received,,Crankshaft Oil Seal,1,1250.00,1250.00,875.00,false,replacement
1700,337,980,,received,,Spark Plug,4,350.00,1400.00,245.00,false,replacement
1701,337,980,,received,,Engine Coolant,3,350.00,1050.00,245.00,false,standard
1702,337,980,,received,,Engine Oil,6,450.00,2700.00,315.00,false,standard
1703,337,980,,received,,Oil Filter,1,350.00,350.00,245.00,false,replacement
1704,337,980,,received,,RTV Silicone Gasket Maker,2,250.00,500.00,175.00,false,standard
1705,338,982,,received,,Brake Cleaner,2,250.00,500.00,175.00,false,standard
1706,338,982,,received,,Brake Pads,1,1550.00,1550.00,1085.00,false,replacement
1707,338,982,,received,,Brake Shoe,1,1350.00,1350.00,945.00,false,replacement
1708,338,982,,received,,Wheel Cylinder,1,800.00,800.00,560.00,false,replacement
1709,339,984,,received,,Engine Oil,3,500.00,1500.00,350.00,false,standard
1710,339,984,,received,,Oil Filter,1,300.00,300.00,210.00,false,replacement
1711,339,984,,received,,Air Filter,1,650.00,650.00,455.00,false,replacement
1712,339,984,,received,,Cabin Filter,1,500.00,500.00,350.00,false,replacement
1713,339,984,,received,,Fuel Filter,1,700.00,700.00,490.00,false,replacement
1714,340,985,,received,,A/C Evaporator,1,4150.00,4150.00,2905.00,false,replacement
1715,340,985,,received,,Cabin Filter,1,850.00,850.00,595.00,false,replacement
1716,340,985,,received,,Freon (R134a),1,400.00,400.00,280.00,false,standard
1717,340,985,,received,,Cabin Filter,1,400.00,400.00,280.00,false,replacement
1718,341,988,,received,,Brake Cleaner,1,250.00,250.00,175.00,false,standard
1719,341,988,,received,,Brake Fluid,1,250.00,250.00,175.00,false,standard
1720,341,988,,received,,Brake Pads,2,1650.00,3300.00,1155.00,false,replacement
1721,342,992,,received,,Tie Rod End,2,1900.00,3800.00,1330.00,true,original
1722,342,992,,received,,Stabilizer Link,2,2050.00,4100.00,1435.00,true,original
1723,342,992,,received,,Shock Absorber,2,5400.00,10800.00,3780.00,true,original
1724,342,992,,received,,Shock Mounting,2,1950.00,3900.00,1365.00,true,original
1725,343,995,,received,,Oil Filter,1,350.00,350.00,245.00,false,replacement
1726,343,995,,received,,Air Filter,1,700.00,700.00,490.00,false,replacement
1727,343,995,,received,,Fuel Filter,1,650.00,650.00,455.00,false,replacement
1728,344,999,,received,,Suspension Bushing,3,650.00,1950.00,455.00,false,replacement
1729,344,999,,received,,Tie Rod End,2,1250.00,2500.00,875.00,false,replacement
1730,344,999,,received,,Stabilizer Link,2,1000.00,2000.00,700.00,false,replacement
1731,344,999,,received,,Shock Mounting,2,1150.00,2300.00,805.00,false,replacement
1732,345,1002,,received,,Brake Fluid,1,300.00,300.00,210.00,false,standard
1733,345,1002,,received,,Brake Pads,2,3300.00,6600.00,2310.00,true,original
1734,345,1002,,received,,Brake Shoe,1,2600.00,2600.00,1820.00,true,original
1735,345,1002,,received,,Wheel Cylinder,2,1700.00,3400.00,1190.00,true,original
1736,346,1005,,received,,Brake Cleaner,2,250.00,500.00,175.00,false,standard
1737,346,1005,,received,,Brake Fluid,1,350.00,350.00,245.00,false,standard
1738,346,1005,,received,,Brake Pads,2,1350.00,2700.00,945.00,false,replacement
1739,346,1005,,received,,Brake Shoe,1,1500.00,1500.00,1050.00,false,replacement
1740,346,1005,,received,,Wheel Cylinder,1,1000.00,1000.00,700.00,false,replacement
1741,347,1009,,received,,Engine Oil,4,400.00,1600.00,280.00,false,standard
1742,347,1009,,received,,Oil Filter,1,300.00,300.00,210.00,false,replacement
1743,347,1009,,received,,Air Filter,1,700.00,700.00,490.00,false,replacement
1744,347,1009,,received,,Cabin Filter,1,450.00,450.00,315.00,false,replacement
1745,348,1012,,received,,Valve Cover Gasket,1,600.00,600.00,420.00,false,replacement
1746,348,1012,,received,,Crankshaft Oil Seal,1,1400.00,1400.00,980.00,false,replacement
1747,348,1012,,received,,Drive / Fan Belt,1,1850.00,1850.00,1295.00,false,replacement
1748,348,1012,,received,,Engine Oil,4,450.00,1800.00,315.00,false,standard
1749,348,1012,,received,,Oil Filter,1,300.00,300.00,210.00,false,replacement
1750,349,1014,,received,,Engine Oil,3,450.00,1350.00,315.00,false,standard
1751,349,1014,,received,,Air Filter,1,600.00,600.00,420.00,false,replacement
1752,349,1014,,received,,Cabin Filter,1,450.00,450.00,315.00,false,replacement
1753,349,1014,,received,,Fuel Filter,1,650.00,650.00,455.00,false,replacement
1754,350,1016,,received,,Brake Cleaner,2,250.00,500.00,175.00,false,standard
1755,350,1016,,received,,Brake Pads,1,3150.00,3150.00,2205.00,true,original
1756,350,1016,,received,,Brake Shoe,1,950.00,950.00,665.00,false,replacement
1757,351,1018,,received,,Brake Cleaner,2,200.00,400.00,140.00,false,standard
1758,351,1018,,received,,Brake Pads,1,3150.00,3150.00,2205.00,true,original
1759,351,1018,,received,,Brake Shoe,1,3300.00,3300.00,2310.00,true,original
1760,352,1021,,received,,Suspension Bushing,4,1400.00,5600.00,980.00,true,original
1761,352,1021,,received,,Stabilizer Link,2,2150.00,4300.00,1505.00,true,original
1762,352,1021,,received,,Shock Absorber,2,4350.00,8700.00,3045.00,true,original
1763,352,1021,,received,,Shock Mounting,2,1100.00,2200.00,770.00,false,replacement
1764,353,1023,,received,,Engine Oil,6,500.00,3000.00,350.00,false,standard
1765,353,1023,,received,,Oil Filter,1,350.00,350.00,245.00,false,replacement
1766,353,1023,,received,,Air Filter,1,800.00,800.00,560.00,false,replacement
1767,353,1023,,received,,Cabin Filter,1,450.00,450.00,315.00,false,replacement
1768,353,1023,,received,,Fuel Filter,1,650.00,650.00,455.00,false,replacement
1769,354,1026,,received,,Suspension Bushing,4,650.00,2600.00,455.00,false,replacement
1770,354,1026,,received,,Tie Rod End,2,1350.00,2700.00,945.00,false,replacement
1771,354,1026,,received,,Shock Absorber,2,2350.00,4700.00,1645.00,false,replacement
1772,354,1026,,received,,Shock Mounting,2,1250.00,2500.00,875.00,false,replacement
1773,355,1028,,received,,Engine Oil,6,450.00,2700.00,315.00,false,standard
1774,355,1028,,received,,Oil Filter,1,750.00,750.00,525.00,true,original
1775,355,1028,,received,,Air Filter,1,600.00,600.00,420.00,false,replacement
1776,355,1028,,received,,Cabin Filter,1,1150.00,1150.00,805.00,true,original
1777,355,1028,,received,,Fuel Filter,1,1800.00,1800.00,1260.00,true,original
1778,356,1029,,received,,Pressure Plate,1,5200.00,5200.00,3640.00,true,original
1779,356,1029,,received,,Release Bearing,1,1050.00,1050.00,735.00,false,replacement
1780,356,1029,,received,,Brake Cleaner,1,250.00,250.00,175.00,false,standard
1781,357,1032,,received,,Suspension Bushing,2,1350.00,2700.00,945.00,true,original
1782,357,1032,,received,,Tie Rod End,2,2200.00,4400.00,1540.00,true,original
1783,357,1032,,received,,Stabilizer Link,2,2300.00,4600.00,1610.00,true,original
1784,357,1032,,received,,Shock Absorber,2,2650.00,5300.00,1855.00,false,replacement
1785,357,1032,,received,,Shock Mounting,2,900.00,1800.00,630.00,false,replacement
1786,358,1034,,received,,A/C Evaporator,1,4050.00,4050.00,2835.00,false,replacement
1787,358,1034,,received,,Cabin Filter,1,1200.00,1200.00,840.00,true,original
1788,358,1034,,received,,Freon (R134a),2,500.00,1000.00,350.00,false,standard
1789,358,1034,,received,,Cabin Filter,1,1200.00,1200.00,840.00,true,original
1790,359,1036,,received,,Crankshaft Oil Seal,1,1750.00,1750.00,1225.00,false,replacement
1791,359,1036,,received,,RTV Silicone Gasket Maker,1,250.00,250.00,175.00,false,standard
1792,359,1036,,received,,Drive / Fan Belt,1,3000.00,3000.00,2100.00,true,original
1793,359,1036,,received,,Engine Oil,5,400.00,2000.00,280.00,false,standard
1794,359,1036,,received,,Oil Filter,1,300.00,300.00,210.00,false,replacement
1795,360,1037,,received,,Overhauling Gasket Set,1,7250.00,7250.00,5075.00,true,original
1796,360,1037,,received,,Valve Cover Gasket,1,700.00,700.00,490.00,false,replacement
1797,360,1037,,received,,Spark Plug,4,400.00,1600.00,280.00,false,replacement
1798,360,1037,,received,,Engine Coolant,3,400.00,1200.00,280.00,false,standard
1799,360,1037,,received,,Engine Oil,6,400.00,2400.00,280.00,false,standard
1800,360,1037,,received,,Oil Filter,1,350.00,350.00,245.00,false,replacement
1801,360,1037,,received,,RTV Silicone Gasket Maker,2,250.00,500.00,175.00,false,standard
1802,361,1039,,received,,Oil Filter,1,300.00,300.00,210.00,false,replacement
1803,361,1039,,received,,Air Filter,1,550.00,550.00,385.00,false,replacement
1804,361,1039,,received,,Cabin Filter,1,500.00,500.00,350.00,false,replacement
1805,361,1039,,received,,Fuel Filter,1,650.00,650.00,455.00,false,replacement
1806,362,1041,,received,,Engine Oil,4,450.00,1800.00,315.00,false,standard
1807,362,1041,,received,,Oil Filter,1,300.00,300.00,210.00,false,replacement
1808,362,1041,,received,,Air Filter,1,550.00,550.00,385.00,false,replacement
1809,362,1041,,received,,Fuel Filter,1,500.00,500.00,350.00,false,replacement
1810,363,1044,,received,,Brake Cleaner,2,250.00,500.00,175.00,false,standard
1811,363,1044,,received,,Brake Fluid,1,300.00,300.00,210.00,false,standard
1812,363,1044,,received,,Brake Pads,1,1500.00,1500.00,1050.00,false,replacement
1813,363,1044,,received,,Brake Shoe,1,1400.00,1400.00,980.00,false,replacement
1814,363,1044,,received,,Wheel Cylinder,1,1000.00,1000.00,700.00,false,replacement
1815,364,1047,,received,,Valve Cover Gasket,1,1450.00,1450.00,1015.00,true,original
1816,364,1047,,received,,Crankshaft Oil Seal,1,2300.00,2300.00,1610.00,true,original
1817,364,1047,,received,,RTV Silicone Gasket Maker,1,300.00,300.00,210.00,false,standard
1818,364,1047,,received,,Drive / Fan Belt,1,2700.00,2700.00,1890.00,true,original
1819,364,1047,,received,,Engine Oil,6,450.00,2700.00,315.00,false,standard
1820,364,1047,,received,,Oil Filter,1,650.00,650.00,455.00,true,original
1821,365,1051,,received,,Suspension Bushing,3,450.00,1350.00,315.00,false,replacement
1822,365,1051,,received,,Tie Rod End,2,1150.00,2300.00,805.00,false,replacement
1823,365,1051,,received,,Stabilizer Link,2,1350.00,2700.00,945.00,false,replacement
1824,365,1051,,received,,Shock Absorber,2,1900.00,3800.00,1330.00,false,replacement
1825,365,1051,,received,,Shock Mounting,2,1150.00,2300.00,805.00,false,replacement
1826,366,1052,,received,,A/C Evaporator,1,4400.00,4400.00,3080.00,false,replacement
1827,366,1052,,received,,Cabin Filter,1,800.00,800.00,560.00,false,replacement
1828,366,1052,,received,,Freon (R134a),1,450.00,450.00,315.00,false,standard
1829,366,1052,,received,,Cabin Filter,1,1300.00,1300.00,910.00,true,original
1830,367,1055,,received,,Engine Oil,6,500.00,3000.00,350.00,false,standard
1831,367,1055,,received,,Air Filter,1,550.00,550.00,385.00,false,replacement
1832,367,1055,,received,,Cabin Filter,1,500.00,500.00,350.00,false,replacement
1833,367,1055,,received,,Fuel Filter,1,600.00,600.00,420.00,false,replacement
1834,368,1056,,received,,A/C Evaporator,1,4650.00,4650.00,3255.00,false,replacement
1835,368,1056,,received,,Cabin Filter,1,850.00,850.00,595.00,false,replacement
1836,368,1056,,received,,Cabin Filter,1,1300.00,1300.00,910.00,true,original
1837,369,1058,,received,,Brake Cleaner,2,200.00,400.00,140.00,false,standard
1838,369,1058,,received,,Brake Fluid,1,300.00,300.00,210.00,false,standard
1839,369,1058,,received,,Brake Pads,1,1550.00,1550.00,1085.00,false,replacement
1840,369,1058,,received,,Brake Shoe,1,1300.00,1300.00,910.00,false,replacement
1841,369,1058,,received,,Wheel Cylinder,1,1100.00,1100.00,770.00,false,replacement
1842,370,1061,,received,,Suspension Bushing,2,550.00,1100.00,385.00,false,replacement
1843,370,1061,,received,,Tie Rod End,2,1450.00,2900.00,1015.00,false,replacement
1844,370,1061,,received,,Stabilizer Link,2,2150.00,4300.00,1505.00,true,original
1845,370,1061,,received,,Shock Absorber,2,2500.00,5000.00,1750.00,false,replacement
1846,370,1061,,received,,Shock Mounting,2,1000.00,2000.00,700.00,false,replacement
1847,371,1065,,received,,Tie Rod End,2,2600.00,5200.00,1820.00,true,original
1848,371,1065,,received,,Shock Absorber,2,4600.00,9200.00,3220.00,true,original
1849,371,1065,,received,,Shock Mounting,2,950.00,1900.00,665.00,false,replacement
1850,372,1066,,received,,A/C Evaporator,1,8750.00,8750.00,6125.00,true,original
1851,372,1066,,received,,Cabin Filter,1,850.00,850.00,595.00,false,replacement
1852,372,1066,,received,,Freon (R134a),2,600.00,1200.00,420.00,false,standard
1853,372,1066,,received,,Cabin Filter,1,400.00,400.00,280.00,false,replacement
1854,373,1068,,received,,Valve Cover Gasket,1,500.00,500.00,350.00,false,replacement
1855,373,1068,,received,,Crankshaft Oil Seal,1,1400.00,1400.00,980.00,false,replacement
1856,373,1068,,received,,RTV Silicone Gasket Maker,1,250.00,250.00,175.00,false,standard
1857,373,1068,,received,,Drive / Fan Belt,1,2000.00,2000.00,1400.00,false,replacement
1858,373,1068,,received,,Engine Oil,3,450.00,1350.00,315.00,false,standard
1859,373,1068,,received,,Oil Filter,1,250.00,250.00,175.00,false,replacement
1860,374,1070,,received,,Pressure Plate,1,3250.00,3250.00,2275.00,false,replacement
1861,374,1070,,received,,Release Bearing,1,1050.00,1050.00,735.00,false,replacement
1862,374,1070,,received,,RTV Silicone Gasket Maker,1,250.00,250.00,175.00,false,standard
1863,374,1070,,received,,Brake Cleaner,1,250.00,250.00,175.00,false,standard
1864,375,1073,,received,,Suspension Bushing,3,800.00,2400.00,560.00,false,replacement
1865,375,1073,,received,,Tie Rod End,2,1200.00,2400.00,840.00,false,replacement
1866,375,1073,,received,,Stabilizer Link,2,1750.00,3500.00,1225.00,true,original
1867,375,1073,,received,,Shock Absorber,2,2550.00,5100.00,1785.00,false,replacement
1868,375,1073,,received,,Shock Mounting,2,1100.00,2200.00,770.00,false,replacement
1869,376,1075,,received,,Brake Cleaner,2,250.00,500.00,175.00,false,standard
1870,376,1075,,received,,Brake Fluid,1,300.00,300.00,210.00,false,standard
1871,376,1075,,received,,Brake Pads,2,3750.00,7500.00,2625.00,true,original
1872,376,1075,,received,,Brake Shoe,1,3250.00,3250.00,2275.00,true,original
1873,377,1077,,received,,Engine Oil,5,450.00,2250.00,315.00,false,standard
1874,377,1077,,received,,Air Filter,1,2600.00,2600.00,1820.00,true,original
1875,377,1077,,received,,Cabin Filter,1,1250.00,1250.00,875.00,true,original
1876,377,1077,,received,,Fuel Filter,1,1550.00,1550.00,1085.00,true,original
1877,378,1081,,received,,Engine Oil,4,500.00,2000.00,350.00,false,standard
1878,378,1081,,received,,Oil Filter,1,400.00,400.00,280.00,false,replacement
1879,378,1081,,received,,Cabin Filter,1,450.00,450.00,315.00,false,replacement
1880,378,1081,,received,,Fuel Filter,1,750.00,750.00,525.00,false,replacement
1881,379,1083,,received,,Engine Oil,7,400.00,2800.00,280.00,false,standard
1882,379,1083,,received,,Air Filter,1,650.00,650.00,455.00,false,replacement
1883,379,1083,,received,,Cabin Filter,1,450.00,450.00,315.00,false,replacement
1884,379,1083,,received,,Fuel Filter,1,600.00,600.00,420.00,false,replacement
1885,380,1084,,received,,Clutch Disc,1,2950.00,2950.00,2065.00,false,replacement
1886,380,1084,,received,,Pressure Plate,1,4950.00,4950.00,3465.00,true,original
1887,380,1084,,received,,Release Bearing,1,1000.00,1000.00,700.00,false,replacement
1888,380,1084,,received,,RTV Silicone Gasket Maker,1,250.00,250.00,175.00,false,standard
1889,380,1084,,received,,Brake Cleaner,1,250.00,250.00,175.00,false,standard
1890,381,1086,,received,,A/C Evaporator,1,4450.00,4450.00,3115.00,false,replacement
1891,381,1086,,received,,Cabin Filter,1,800.00,800.00,560.00,false,replacement
1892,381,1086,,received,,Freon (R134a),1,400.00,400.00,280.00,false,standard
1893,381,1086,,received,,Cabin Filter,1,500.00,500.00,350.00,false,replacement
1894,382,1089,,received,,Engine Oil,5,500.00,2500.00,350.00,false,standard
1895,382,1089,,received,,Air Filter,1,700.00,700.00,490.00,false,replacement
1896,382,1089,,received,,Cabin Filter,1,1250.00,1250.00,875.00,true,original
1897,382,1089,,received,,Fuel Filter,1,1500.00,1500.00,1050.00,true,original
1898,383,1091,,received,,Engine Oil,3,450.00,1350.00,315.00,false,standard
1899,383,1091,,received,,Air Filter,1,650.00,650.00,455.00,false,replacement
1900,383,1091,,received,,Cabin Filter,1,450.00,450.00,315.00,false,replacement
1901,383,1091,,received,,Fuel Filter,1,550.00,550.00,385.00,false,replacement
1902,384,1093,,received,,Brake Cleaner,2,250.00,500.00,175.00,false,standard
1903,384,1093,,received,,Brake Fluid,1,350.00,350.00,245.00,false,standard
1904,384,1093,,received,,Brake Pads,2,3800.00,7600.00,2660.00,true,original
1905,384,1093,,received,,Brake Shoe,1,3300.00,3300.00,2310.00,true,original
1906,384,1093,,received,,Wheel Cylinder,2,1700.00,3400.00,1190.00,true,original
1907,385,1096,,received,,Engine Oil,3,450.00,1350.00,315.00,false,standard
1908,385,1096,,received,,Oil Filter,1,350.00,350.00,245.00,false,replacement
1909,385,1096,,received,,Air Filter,1,700.00,700.00,490.00,false,replacement
1910,385,1096,,received,,Cabin Filter,1,450.00,450.00,315.00,false,replacement
1911,385,1096,,received,,Fuel Filter,1,600.00,600.00,420.00,false,replacement
1912,386,1101,,received,,Engine Oil,7,450.00,3150.00,315.00,false,standard
1913,386,1101,,received,,Oil Filter,1,300.00,300.00,210.00,false,replacement
1914,386,1101,,received,,Air Filter,1,800.00,800.00,560.00,false,replacement
1915,386,1101,,received,,Cabin Filter,1,500.00,500.00,350.00,false,replacement
1916,386,1101,,received,,Fuel Filter,1,750.00,750.00,525.00,false,replacement
1917,387,1103,,received,,Brake Cleaner,2,300.00,600.00,210.00,false,standard
1918,387,1103,,received,,Brake Fluid,1,300.00,300.00,210.00,false,standard
1919,387,1103,,received,,Brake Pads,1,1500.00,1500.00,1050.00,false,replacement
1920,387,1103,,received,,Wheel Cylinder,1,1000.00,1000.00,700.00,false,replacement
1921,388,1107,,received,,Engine Oil,4,450.00,1800.00,315.00,false,standard
1922,388,1107,,received,,Cabin Filter,1,1150.00,1150.00,805.00,true,original
1923,388,1107,,received,,Fuel Filter,1,1850.00,1850.00,1295.00,true,original
1924,389,1108,,received,,A/C Evaporator,1,4850.00,4850.00,3395.00,false,replacement
1925,389,1108,,received,,Freon (R134a),1,550.00,550.00,385.00,false,standard
1926,389,1108,,received,,Cabin Filter,1,450.00,450.00,315.00,false,replacement
1927,390,1110,,received,,Engine Oil,7,500.00,3500.00,350.00,false,standard
1928,390,1110,,received,,Oil Filter,1,300.00,300.00,210.00,false,replacement
1929,390,1110,,received,,Air Filter,1,800.00,800.00,560.00,false,replacement
1930,390,1110,,received,,Cabin Filter,1,500.00,500.00,350.00,false,replacement
1931,391,1112,,received,,Air Filter,1,800.00,800.00,560.00,false,replacement
1932,391,1112,,received,,Cabin Filter,1,400.00,400.00,280.00,false,replacement
1933,391,1112,,received,,Fuel Filter,1,600.00,600.00,420.00,false,replacement
1934,392,1115,,received,,Valve Cover Gasket,1,1300.00,1300.00,910.00,true,original
1935,392,1115,,received,,Crankshaft Oil Seal,1,2200.00,2200.00,1540.00,true,original
1936,392,1115,,received,,RTV Silicone Gasket Maker,1,300.00,300.00,210.00,false,standard
1937,392,1115,,received,,Drive / Fan Belt,1,2850.00,2850.00,1995.00,true,original
1938,392,1115,,received,,Engine Oil,3,450.00,1350.00,315.00,false,standard
1939,392,1115,,received,,Oil Filter,1,700.00,700.00,490.00,true,original
1940,393,1118,,received,,Suspension Bushing,2,700.00,1400.00,490.00,false,replacement
1941,393,1118,,received,,Stabilizer Link,2,1350.00,2700.00,945.00,false,replacement
1942,393,1118,,received,,Shock Absorber,2,2350.00,4700.00,1645.00,false,replacement
1943,393,1118,,received,,Shock Mounting,2,1050.00,2100.00,735.00,false,replacement
1944,394,1123,,received,,Engine Oil,6,450.00,2700.00,315.00,false,standard
1945,394,1123,,received,,Oil Filter,1,350.00,350.00,245.00,false,replacement
1946,394,1123,,received,,Air Filter,1,500.00,500.00,350.00,false,replacement
1947,394,1123,,received,,Cabin Filter,1,500.00,500.00,350.00,false,replacement
1948,394,1123,,received,,Fuel Filter,1,550.00,550.00,385.00,false,replacement
1949,395,1125,,received,,Valve Cover Gasket,1,550.00,550.00,385.00,false,replacement
1950,395,1125,,received,,Crankshaft Oil Seal,1,1450.00,1450.00,1015.00,false,replacement
1951,395,1125,,received,,RTV Silicone Gasket Maker,1,300.00,300.00,210.00,false,standard
1952,395,1125,,received,,Drive / Fan Belt,1,1750.00,1750.00,1225.00,false,replacement
1953,395,1125,,received,,Engine Oil,4,500.00,2000.00,350.00,false,standard
1954,395,1125,,received,,Oil Filter,1,350.00,350.00,245.00,false,replacement
1955,396,1127,,received,,Clutch Disc,1,3050.00,3050.00,2135.00,false,replacement
1956,396,1127,,received,,Pressure Plate,1,3750.00,3750.00,2625.00,false,replacement
1957,396,1127,,received,,RTV Silicone Gasket Maker,1,250.00,250.00,175.00,false,standard
1958,397,1130,,received,,Suspension Bushing,3,600.00,1800.00,420.00,false,replacement
1959,397,1130,,received,,Tie Rod End,2,1100.00,2200.00,770.00,false,replacement
1960,397,1130,,received,,Shock Absorber,2,2100.00,4200.00,1470.00,false,replacement
1961,397,1130,,received,,Shock Mounting,2,1100.00,2200.00,770.00,false,replacement
1962,398,1134,,received,,Suspension Bushing,3,650.00,1950.00,455.00,false,replacement
1963,398,1134,,received,,Tie Rod End,2,1250.00,2500.00,875.00,false,replacement
1964,398,1134,,received,,Stabilizer Link,2,1200.00,2400.00,840.00,false,replacement
1965,398,1134,,received,,Shock Mounting,2,1250.00,2500.00,875.00,false,replacement
1966,399,1138,,received,,Suspension Bushing,3,500.00,1500.00,350.00,false,replacement
1967,399,1138,,received,,Tie Rod End,2,1150.00,2300.00,805.00,false,replacement
1968,399,1138,,received,,Stabilizer Link,2,1300.00,2600.00,910.00,false,replacement
1969,399,1138,,received,,Shock Absorber,2,1950.00,3900.00,1365.00,false,replacement
1970,399,1138,,received,,Shock Mounting,2,1000.00,2000.00,700.00,false,replacement
1971,400,1139,,received,,Clutch Disc,1,2700.00,2700.00,1890.00,false,replacement
1972,400,1139,,received,,Pressure Plate,1,3800.00,3800.00,2660.00,false,replacement
1973,400,1139,,received,,Release Bearing,1,900.00,900.00,630.00,false,replacement
1974,401,1144,,received,,Engine Oil,4,450.00,1800.00,315.00,false,standard
1975,401,1144,,received,,Oil Filter,1,750.00,750.00,525.00,true,original
1976,401,1144,,received,,Air Filter,1,650.00,650.00,455.00,false,replacement
1977,401,1144,,received,,Cabin Filter,1,500.00,500.00,350.00,false,replacement
1978,401,1144,,received,,Fuel Filter,1,600.00,600.00,420.00,false,replacement
1979,402,1146,,received,,Brake Cleaner,2,250.00,500.00,175.00,false,standard
1980,402,1146,,received,,Brake Fluid,1,250.00,250.00,175.00,false,standard
1981,402,1146,,received,,Brake Pads,1,2900.00,2900.00,2030.00,true,original
1982,402,1146,,received,,Brake Shoe,1,2550.00,2550.00,1785.00,true,original
1983,402,1146,,received,,Wheel Cylinder,1,1050.00,1050.00,735.00,false,replacement
1984,403,1148,,received,,Clutch Disc,1,2750.00,2750.00,1925.00,false,replacement
1985,403,1148,,received,,Pressure Plate,1,3400.00,3400.00,2380.00,false,replacement
1986,403,1148,,received,,Release Bearing,1,900.00,900.00,630.00,false,replacement
1987,403,1148,,received,,RTV Silicone Gasket Maker,1,250.00,250.00,175.00,false,standard
1988,403,1148,,received,,Brake Cleaner,1,250.00,250.00,175.00,false,standard
1989,404,1153,,received,,Oil Filter,1,450.00,450.00,315.00,false,replacement
1990,404,1153,,received,,Air Filter,1,700.00,700.00,490.00,false,replacement
1991,404,1153,,received,,Cabin Filter,1,450.00,450.00,315.00,false,replacement
1992,404,1153,,received,,Fuel Filter,1,600.00,600.00,420.00,false,replacement
1993,405,1155,,received,,Overhauling Gasket Set,1,7450.00,7450.00,5215.00,true,original
1994,405,1155,,received,,Valve Cover Gasket,1,550.00,550.00,385.00,false,replacement
1995,405,1155,,received,,Crankshaft Oil Seal,1,1650.00,1650.00,1155.00,false,replacement
1996,405,1155,,received,,Spark Plug,4,350.00,1400.00,245.00,false,replacement
1997,405,1155,,received,,Oil Filter,1,350.00,350.00,245.00,false,replacement
1998,406,1159,,received,,Suspension Bushing,4,1250.00,5000.00,875.00,true,original
1999,406,1159,,received,,Tie Rod End,2,2200.00,4400.00,1540.00,true,original
2000,406,1159,,received,,Stabilizer Link,2,1600.00,3200.00,1120.00,true,original
2001,406,1159,,received,,Shock Absorber,2,5100.00,10200.00,3570.00,true,original
2002,406,1159,,received,,Shock Mounting,2,2100.00,4200.00,1470.00,true,original
2003,407,1163,,received,,Suspension Bushing,4,1100.00,4400.00,770.00,true,original
2004,407,1163,,received,,Tie Rod End,2,2150.00,4300.00,1505.00,true,original
2005,407,1163,,received,,Stabilizer Link,2,2100.00,4200.00,1470.00,true,original
2006,407,1163,,received,,Shock Mounting,2,2250.00,4500.00,1575.00,true,original
2007,408,1166,,received,,Brake Cleaner,2,250.00,500.00,175.00,false,standard
2008,408,1166,,received,,Brake Fluid,1,300.00,300.00,210.00,false,standard
2009,408,1166,,received,,Brake Pads,2,1600.00,3200.00,1120.00,false,replacement
2010,408,1166,,received,,Brake Shoe,1,1150.00,1150.00,805.00,false,replacement
2011,408,1166,,received,,Wheel Cylinder,2,850.00,1700.00,595.00,false,replacement
2012,409,1169,,received,,Engine Oil,4,450.00,1800.00,315.00,false,standard
2013,409,1169,,received,,Oil Filter,1,350.00,350.00,245.00,false,replacement
2014,409,1169,,received,,Air Filter,1,550.00,550.00,385.00,false,replacement
2015,409,1169,,received,,Cabin Filter,1,450.00,450.00,315.00,false,replacement
2016,409,1169,,received,,Fuel Filter,1,650.00,650.00,455.00,false,replacement
2017,410,1170,,received,,A/C Evaporator,1,5050.00,5050.00,3535.00,false,replacement
2018,410,1170,,received,,Cabin Filter,1,1100.00,1100.00,770.00,false,replacement
2019,410,1170,,received,,Freon (R134a),2,550.00,1100.00,385.00,false,standard
2020,410,1170,,received,,Cabin Filter,1,450.00,450.00,315.00,false,replacement
2021,411,1174,,received,,Suspension Bushing,2,700.00,1400.00,490.00,false,replacement
2022,411,1174,,received,,Tie Rod End,2,1300.00,2600.00,910.00,false,replacement
2023,411,1174,,received,,Stabilizer Link,2,1400.00,2800.00,980.00,false,replacement
2024,412,1176,,received,,Engine Oil,6,450.00,2700.00,315.00,false,standard
2025,412,1176,,received,,Oil Filter,1,400.00,400.00,280.00,false,replacement
2026,412,1176,,received,,Air Filter,1,650.00,650.00,455.00,false,replacement
2027,412,1176,,received,,Cabin Filter,1,450.00,450.00,315.00,false,replacement
2028,412,1176,,received,,Fuel Filter,1,600.00,600.00,420.00,false,replacement
2029,413,1178,,received,,Clutch Disc,1,3150.00,3150.00,2205.00,false,replacement
2030,413,1178,,received,,Pressure Plate,1,4050.00,4050.00,2835.00,false,replacement
2031,413,1178,,received,,Release Bearing,1,2000.00,2000.00,1400.00,true,original
2032,413,1178,,received,,Brake Cleaner,1,250.00,250.00,175.00,false,standard
2033,414,1182,,received,,Suspension Bushing,2,1200.00,2400.00,840.00,true,original
2034,414,1182,,received,,Tie Rod End,2,2200.00,4400.00,1540.00,true,original
2035,414,1182,,received,,Stabilizer Link,2,1700.00,3400.00,1190.00,true,original
2036,414,1182,,received,,Shock Absorber,2,5000.00,10000.00,3500.00,true,original
2037,414,1182,,received,,Shock Mounting,2,2250.00,4500.00,1575.00,true,original
2038,415,1185,,received,,Brake Fluid,1,300.00,300.00,210.00,false,standard
2039,415,1185,,received,,Brake Pads,2,2950.00,5900.00,2065.00,true,original
2040,415,1185,,received,,Brake Shoe,1,2750.00,2750.00,1925.00,true,original
2041,415,1185,,received,,Wheel Cylinder,2,1750.00,3500.00,1225.00,true,original
2042,416,1189,,received,,Suspension Bushing,2,1500.00,3000.00,1050.00,true,original
2043,416,1189,,received,,Shock Absorber,2,4850.00,9700.00,3395.00,true,original
2044,416,1189,,received,,Shock Mounting,2,1800.00,3600.00,1260.00,true,original
2045,417,1190,,received,,Clutch Disc,1,2800.00,2800.00,1960.00,false,replacement
2046,417,1190,,received,,Pressure Plate,1,3700.00,3700.00,2590.00,false,replacement
2047,417,1190,,received,,Release Bearing,1,950.00,950.00,665.00,false,replacement
2048,417,1190,,received,,RTV Silicone Gasket Maker,1,250.00,250.00,175.00,false,standard
2049,417,1190,,received,,Brake Cleaner,1,200.00,200.00,140.00,false,standard
2050,418,1193,,received,,Suspension Bushing,3,1350.00,4050.00,945.00,true,original
2051,418,1193,,received,,Tie Rod End,2,2400.00,4800.00,1680.00,true,original
2052,418,1193,,received,,Shock Absorber,2,3850.00,7700.00,2695.00,true,original
2053,418,1193,,received,,Shock Mounting,2,2000.00,4000.00,1400.00,true,original
2054,419,1195,,received,,Brake Cleaner,1,250.00,250.00,175.00,false,standard
2055,419,1195,,received,,Brake Fluid,1,350.00,350.00,245.00,false,standard
2056,419,1195,,received,,Brake Pads,1,3200.00,3200.00,2240.00,true,original
2057,419,1195,,received,,Brake Shoe,1,3100.00,3100.00,2170.00,true,original
2058,419,1195,,received,,Wheel Cylinder,2,1550.00,3100.00,1085.00,true,original
2059,420,1196,,received,,Release Bearing,1,900.00,900.00,630.00,false,replacement
2060,420,1196,,received,,RTV Silicone Gasket Maker,1,200.00,200.00,140.00,false,standard
2061,420,1196,,received,,Brake Cleaner,1,250.00,250.00,175.00,false,standard
2062,421,1198,,received,,Engine Oil,4,450.00,1800.00,315.00,false,standard
2063,421,1198,,received,,Oil Filter,1,750.00,750.00,525.00,true,original
2064,421,1198,,received,,Air Filter,1,2250.00,2250.00,1575.00,true,original
2065,421,1198,,received,,Cabin Filter,1,400.00,400.00,280.00,false,replacement
2066,421,1198,,received,,Fuel Filter,1,600.00,600.00,420.00,false,replacement
2067,422,1200,,received,,Oil Filter,1,350.00,350.00,245.00,false,replacement
2068,422,1200,,received,,Air Filter,1,600.00,600.00,420.00,false,replacement
2069,422,1200,,received,,Cabin Filter,1,500.00,500.00,350.00,false,replacement
2070,422,1200,,received,,Fuel Filter,1,600.00,600.00,420.00,false,replacement
2071,423,1203,,received,,Brake Cleaner,1,250.00,250.00,175.00,false,standard
2072,423,1203,,received,,Brake Fluid,1,350.00,350.00,245.00,false,standard
2073,423,1203,,received,,Brake Shoe,1,1200.00,1200.00,840.00,false,replacement
2074,424,1205,,received,,Brake Fluid,1,300.00,300.00,210.00,false,standard
2075,424,1205,,received,,Brake Pads,1,1400.00,1400.00,980.00,false,replacement
2076,424,1205,,received,,Brake Shoe,1,2800.00,2800.00,1960.00,true,original
2077,424,1205,,received,,Wheel Cylinder,1,900.00,900.00,630.00,false,replacement
2078,425,1208,,received,,Suspension Bushing,3,1300.00,3900.00,910.00,true,original
2079,425,1208,,received,,Tie Rod End,2,1300.00,2600.00,910.00,false,replacement
2080,425,1208,,received,,Stabilizer Link,2,1050.00,2100.00,735.00,false,replacement
2081,425,1208,,received,,Shock Absorber,2,2450.00,4900.00,1715.00,false,replacement
2082,425,1208,,received,,Shock Mounting,2,1050.00,2100.00,735.00,false,replacement
2083,426,1211,,received,,Engine Oil,5,500.00,2500.00,350.00,false,standard
2084,426,1211,,received,,Cabin Filter,1,500.00,500.00,350.00,false,replacement
2085,427,1213,,received,,Valve Cover Gasket,1,1500.00,1500.00,1050.00,true,original
2086,427,1213,,received,,RTV Silicone Gasket Maker,1,250.00,250.00,175.00,false,standard
2087,427,1213,,received,,Drive / Fan Belt,1,2600.00,2600.00,1820.00,true,original
2088,427,1213,,received,,Engine Oil,3,450.00,1350.00,315.00,false,standard
2089,427,1213,,received,,Oil Filter,1,850.00,850.00,595.00,true,original
2090,428,1215,,received,,A/C Evaporator,1,4900.00,4900.00,3430.00,false,replacement
2091,428,1215,,received,,Cabin Filter,1,800.00,800.00,560.00,false,replacement
2092,428,1215,,received,,Cabin Filter,1,550.00,550.00,385.00,false,replacement
2093,429,1217,,received,,Valve Cover Gasket,1,1500.00,1500.00,1050.00,true,original
2094,429,1217,,received,,Drive / Fan Belt,1,2700.00,2700.00,1890.00,true,original
2095,429,1217,,received,,Engine Oil,4,450.00,1800.00,315.00,false,standard
2096,429,1217,,received,,Oil Filter,1,800.00,800.00,560.00,true,original
2097,430,1220,,received,,Suspension Bushing,3,1350.00,4050.00,945.00,true,original
2098,430,1220,,received,,Tie Rod End,2,2650.00,5300.00,1855.00,true,original
2099,430,1220,,received,,Shock Absorber,2,4450.00,8900.00,3115.00,true,original
2100,430,1220,,received,,Shock Mounting,2,1800.00,3600.00,1260.00,true,original
2101,431,1222,,received,,Brake Fluid,1,300.00,300.00,210.00,false,standard
2102,431,1222,,received,,Brake Pads,1,1450.00,1450.00,1015.00,false,replacement
2103,431,1222,,received,,Brake Shoe,1,1150.00,1150.00,805.00,false,replacement
2104,431,1222,,received,,Wheel Cylinder,2,900.00,1800.00,630.00,false,replacement
2105,432,1225,,received,,Engine Oil,4,450.00,1800.00,315.00,false,standard
2106,432,1225,,received,,Air Filter,1,2150.00,2150.00,1505.00,true,original
2107,432,1225,,received,,Cabin Filter,1,1250.00,1250.00,875.00,true,original
2108,432,1225,,received,,Fuel Filter,1,1800.00,1800.00,1260.00,true,original
2109,433,1227,,received,,Engine Oil,7,450.00,3150.00,315.00,false,standard
2110,433,1227,,received,,Oil Filter,1,350.00,350.00,245.00,false,replacement
2111,433,1227,,received,,Cabin Filter,1,1050.00,1050.00,735.00,true,original
2112,434,1229,,received,,Valve Cover Gasket,1,1750.00,1750.00,1225.00,true,original
2113,434,1229,,received,,Crankshaft Oil Seal,1,2750.00,2750.00,1925.00,true,original
2114,434,1229,,received,,Drive / Fan Belt,1,2900.00,2900.00,2030.00,true,original
2115,434,1229,,received,,Oil Filter,1,750.00,750.00,525.00,true,original
2116,435,1230,,received,,Clutch Disc,1,3100.00,3100.00,2170.00,false,replacement
2117,435,1230,,received,,Pressure Plate,1,4850.00,4850.00,3395.00,true,original
2118,435,1230,,received,,Release Bearing,1,1850.00,1850.00,1295.00,true,original
2119,435,1230,,received,,RTV Silicone Gasket Maker,1,250.00,250.00,175.00,false,standard
2120,436,1233,,received,,Brake Fluid,1,350.00,350.00,245.00,false,standard
2121,436,1233,,received,,Brake Pads,2,1450.00,2900.00,1015.00,false,replacement
2122,436,1233,,received,,Brake Shoe,1,1450.00,1450.00,1015.00,false,replacement
2123,436,1233,,received,,Wheel Cylinder,2,1050.00,2100.00,735.00,false,replacement
2124,437,1235,,received,,Clutch Disc,1,5850.00,5850.00,4095.00,true,original
2125,437,1235,,received,,Pressure Plate,1,4850.00,4850.00,3395.00,true,original
2126,437,1235,,received,,Release Bearing,1,1700.00,1700.00,1190.00,true,original
2127,437,1235,,received,,RTV Silicone Gasket Maker,1,250.00,250.00,175.00,false,standard
2128,438,1237,,received,,Freon (R134a),1,450.00,450.00,315.00,false,standard
2129,438,1237,,received,,Cabin Filter,1,500.00,500.00,350.00,false,replacement
2130,439,1238,,received,,Clutch Disc,1,2600.00,2600.00,1820.00,false,replacement
2131,439,1238,,received,,Pressure Plate,1,3100.00,3100.00,2170.00,false,replacement
2132,439,1238,,received,,Brake Cleaner,1,250.00,250.00,175.00,false,standard
2133,440,1240,,received,,Engine Oil,4,500.00,2000.00,350.00,false,standard
2134,440,1240,,received,,Oil Filter,1,750.00,750.00,525.00,true,original
2135,440,1240,,received,,Air Filter,1,2200.00,2200.00,1540.00,true,original
2136,440,1240,,received,,Cabin Filter,1,1550.00,1550.00,1085.00,true,original
2137,440,1240,,received,,Fuel Filter,1,1650.00,1650.00,1155.00,true,original
2138,441,1243,,received,,Brake Cleaner,1,300.00,300.00,210.00,false,standard
2139,441,1243,,received,,Brake Pads,1,1600.00,1600.00,1120.00,false,replacement
2140,441,1243,,received,,Brake Shoe,1,1300.00,1300.00,910.00,false,replacement
2141,441,1243,,received,,Wheel Cylinder,1,1050.00,1050.00,735.00,false,replacement
2142,442,1245,,received,,Engine Oil,4,450.00,1800.00,315.00,false,standard
2143,442,1245,,received,,Fuel Filter,1,600.00,600.00,420.00,false,replacement
2144,443,1247,,received,,Engine Oil,4,450.00,1800.00,315.00,false,standard
2145,443,1247,,received,,Oil Filter,1,350.00,350.00,245.00,false,replacement
2146,443,1247,,received,,Air Filter,1,800.00,800.00,560.00,false,replacement
2147,443,1247,,received,,Fuel Filter,1,450.00,450.00,315.00,false,replacement
2148,444,1249,,received,,Oil Filter,1,750.00,750.00,525.00,true,original
2149,444,1249,,received,,Air Filter,1,2000.00,2000.00,1400.00,true,original
2150,445,1252,,received,,Tie Rod End,2,1850.00,3700.00,1295.00,true,original
2151,445,1252,,received,,Stabilizer Link,2,1750.00,3500.00,1225.00,true,original
2152,445,1252,,received,,Shock Absorber,2,4550.00,9100.00,3185.00,true,original
2153,445,1252,,received,,Shock Mounting,2,2250.00,4500.00,1575.00,true,original
2154,446,1254,,received,,A/C Evaporator,1,4200.00,4200.00,2940.00,false,replacement
2155,446,1254,,received,,Cabin Filter,1,850.00,850.00,595.00,false,replacement
2156,446,1254,,received,,Freon (R134a),2,450.00,900.00,315.00,false,standard
2157,446,1254,,received,,Cabin Filter,1,500.00,500.00,350.00,false,replacement
2158,447,1257,,received,,Oil Filter,1,300.00,300.00,210.00,false,replacement
2159,447,1257,,received,,Fuel Filter,1,550.00,550.00,385.00,false,replacement
2160,448,1259,,received,,A/C Evaporator,1,4450.00,4450.00,3115.00,false,replacement
2161,448,1259,,received,,Cabin Filter,1,900.00,900.00,630.00,false,replacement
2162,448,1259,,received,,Cabin Filter,1,500.00,500.00,350.00,false,replacement
2163,449,1261,,received,,Oil Filter,1,600.00,600.00,420.00,true,original
2164,449,1261,,received,,Air Filter,1,2350.00,2350.00,1645.00,true,original
2165,449,1261,,received,,Cabin Filter,1,450.00,450.00,315.00,false,replacement
2166,449,1261,,received,,Fuel Filter,1,2000.00,2000.00,1400.00,true,original
2167,450,1263,,received,,Overhauling Gasket Set,1,4000.00,4000.00,2800.00,false,replacement
2168,450,1263,,received,,Valve Cover Gasket,1,550.00,550.00,385.00,false,replacement
2169,450,1263,,received,,Crankshaft Oil Seal,1,1650.00,1650.00,1155.00,false,replacement
2170,450,1263,,received,,Spark Plug,4,300.00,1200.00,210.00,false,replacement
2171,450,1263,,received,,Engine Coolant,4,250.00,1000.00,175.00,false,standard
2172,450,1263,,received,,Engine Oil,4,450.00,1800.00,315.00,false,standard
2173,450,1263,,received,,Oil Filter,1,400.00,400.00,280.00,false,replacement
2174,450,1263,,received,,RTV Silicone Gasket Maker,2,250.00,500.00,175.00,false,standard
2175,451,1265,,received,,Brake Cleaner,1,200.00,200.00,140.00,false,standard
2176,451,1265,,received,,Brake Fluid,1,300.00,300.00,210.00,false,standard
2177,451,1265,,received,,Brake Pads,2,1450.00,2900.00,1015.00,false,replacement
2178,451,1265,,received,,Brake Shoe,1,1400.00,1400.00,980.00,false,replacement
2179,451,1265,,received,,Wheel Cylinder,2,1000.00,2000.00,700.00,false,replacement
2180,452,1269,,received,,Suspension Bushing,4,1250.00,5000.00,875.00,true,original
2181,452,1269,,received,,Tie Rod End,2,1150.00,2300.00,805.00,false,replacement
2182,452,1269,,received,,Stabilizer Link,2,1100.00,2200.00,770.00,false,replacement
2183,452,1269,,received,,Shock Absorber,2,2300.00,4600.00,1610.00,false,replacement
2184,453,1272,,received,,Brake Cleaner,2,250.00,500.00,175.00,false,standard
2185,453,1272,,received,,Brake Fluid,1,350.00,350.00,245.00,false,standard
2186,453,1272,,received,,Brake Shoe,1,1350.00,1350.00,945.00,false,replacement
2187,453,1272,,received,,Wheel Cylinder,1,1150.00,1150.00,805.00,false,replacement
2188,454,1274,,received,,Brake Cleaner,2,300.00,600.00,210.00,false,standard
2189,454,1274,,received,,Brake Fluid,1,300.00,300.00,210.00,false,standard
2190,454,1274,,received,,Brake Pads,1,1250.00,1250.00,875.00,false,replacement
2191,454,1274,,received,,Brake Shoe,1,1100.00,1100.00,770.00,false,replacement
2192,454,1274,,received,,Wheel Cylinder,2,950.00,1900.00,665.00,false,replacement
2193,455,1278,,received,,Suspension Bushing,4,700.00,2800.00,490.00,false,replacement
2194,455,1278,,received,,Tie Rod End,2,1200.00,2400.00,840.00,false,replacement
2195,455,1278,,received,,Stabilizer Link,2,1400.00,2800.00,980.00,false,replacement
2196,455,1278,,received,,Shock Absorber,2,5450.00,10900.00,3815.00,true,original
2197,455,1278,,received,,Shock Mounting,2,1100.00,2200.00,770.00,false,replacement
2198,456,1280,,received,,Brake Cleaner,2,250.00,500.00,175.00,false,standard
2199,456,1280,,received,,Brake Fluid,1,250.00,250.00,175.00,false,standard
2200,456,1280,,received,,Brake Pads,1,1650.00,1650.00,1155.00,false,replacement
2201,456,1280,,received,,Brake Shoe,1,2500.00,2500.00,1750.00,true,original
2202,456,1280,,received,,Wheel Cylinder,2,1600.00,3200.00,1120.00,true,original
2203,457,1283,,received,,Suspension Bushing,3,700.00,2100.00,490.00,false,replacement
2204,457,1283,,received,,Tie Rod End,2,1100.00,2200.00,770.00,false,replacement
2205,457,1283,,received,,Shock Absorber,2,2250.00,4500.00,1575.00,false,replacement
2206,457,1283,,received,,Shock Mounting,2,2150.00,4300.00,1505.00,true,original
2207,458,1286,,received,,Suspension Bushing,4,700.00,2800.00,490.00,false,replacement
2208,458,1286,,received,,Stabilizer Link,2,1250.00,2500.00,875.00,false,replacement
2209,458,1286,,received,,Shock Absorber,2,2450.00,4900.00,1715.00,false,replacement
2210,458,1286,,received,,Shock Mounting,2,1100.00,2200.00,770.00,false,replacement
2211,459,1288,,received,,Engine Oil,5,500.00,2500.00,350.00,false,standard
2212,459,1288,,received,,Oil Filter,1,700.00,700.00,490.00,true,original
2213,459,1288,,received,,Cabin Filter,1,1250.00,1250.00,875.00,true,original
2214,459,1288,,received,,Fuel Filter,1,2100.00,2100.00,1470.00,true,original
2215,460,1289,,received,,Clutch Disc,1,5550.00,5550.00,3885.00,true,original
2216,460,1289,,received,,Release Bearing,1,850.00,850.00,595.00,false,replacement
2217,460,1289,,received,,RTV Silicone Gasket Maker,1,250.00,250.00,175.00,false,standard
2218,460,1289,,received,,Brake Cleaner,1,250.00,250.00,175.00,false,standard
2219,461,1291,,received,,Engine Oil,3,450.00,1350.00,315.00,false,standard
2220,461,1291,,received,,Oil Filter,1,700.00,700.00,490.00,true,original
2221,461,1291,,received,,Air Filter,1,2000.00,2000.00,1400.00,true,original
2222,461,1291,,received,,Cabin Filter,1,1150.00,1150.00,805.00,true,original
2223,461,1291,,received,,Fuel Filter,1,1750.00,1750.00,1225.00,true,original
2224,462,1292,,received,,A/C Evaporator,1,7850.00,7850.00,5495.00,true,original
2225,462,1292,,received,,Cabin Filter,1,1000.00,1000.00,700.00,false,replacement
2226,462,1292,,received,,Freon (R134a),1,500.00,500.00,350.00,false,standard
2227,462,1292,,received,,Cabin Filter,1,450.00,450.00,315.00,false,replacement
2228,463,1296,,received,,Stabilizer Link,2,1800.00,3600.00,1260.00,true,original
2229,463,1296,,received,,Shock Mounting,2,2100.00,4200.00,1470.00,true,original
2230,464,1299,,received,,Brake Fluid,1,300.00,300.00,210.00,false,standard
2231,464,1299,,received,,Brake Shoe,1,2700.00,2700.00,1890.00,true,original
2232,464,1299,,received,,Wheel Cylinder,2,1000.00,2000.00,700.00,false,replacement
2233,465,1301,,received,,Brake Cleaner,1,250.00,250.00,175.00,false,standard
2234,465,1301,,received,,Brake Fluid,1,300.00,300.00,210.00,false,standard
2235,465,1301,,received,,Brake Pads,2,1650.00,3300.00,1155.00,false,replacement
2236,465,1301,,received,,Brake Shoe,1,1250.00,1250.00,875.00,false,replacement
2237,465,1301,,received,,Wheel Cylinder,1,1000.00,1000.00,700.00,false,replacement
2238,466,1303,,received,,Oil Filter,1,750.00,750.00,525.00,true,original
2239,466,1303,,received,,Air Filter,1,2300.00,2300.00,1610.00,true,original
2240,466,1303,,received,,Cabin Filter,1,1400.00,1400.00,980.00,true,original
2241,466,1303,,received,,Fuel Filter,1,1850.00,1850.00,1295.00,true,original
2242,467,1306,,received,,Engine Oil,7,400.00,2800.00,280.00,false,standard
2243,467,1306,,received,,Oil Filter,1,400.00,400.00,280.00,false,replacement
2244,467,1306,,received,,Air Filter,1,450.00,450.00,315.00,false,replacement
2245,467,1306,,received,,Fuel Filter,1,600.00,600.00,420.00,false,replacement
2246,468,1308,,received,,Cabin Filter,1,650.00,650.00,455.00,false,replacement
2247,468,1308,,received,,Freon (R134a),1,450.00,450.00,315.00,false,standard
2248,468,1308,,received,,Cabin Filter,1,400.00,400.00,280.00,false,replacement
2249,469,1310,,received,,Clutch Disc,1,3000.00,3000.00,2100.00,false,replacement
2250,469,1310,,received,,Pressure Plate,1,3700.00,3700.00,2590.00,false,replacement
2251,469,1310,,received,,RTV Silicone Gasket Maker,1,250.00,250.00,175.00,false,standard
2252,470,1312,,received,,Engine Oil,4,450.00,1800.00,315.00,false,standard
2253,470,1312,,received,,Oil Filter,1,350.00,350.00,245.00,false,replacement
2254,470,1312,,received,,Air Filter,1,550.00,550.00,385.00,false,replacement
2255,470,1312,,received,,Cabin Filter,1,500.00,500.00,350.00,false,replacement
2256,470,1312,,received,,Fuel Filter,1,650.00,650.00,455.00,false,replacement
2257,471,1314,,received,,Engine Oil,4,450.00,1800.00,315.00,false,standard
2258,471,1314,,received,,Air Filter,1,2150.00,2150.00,1505.00,true,original
2259,471,1314,,received,,Cabin Filter,1,1350.00,1350.00,945.00,true,original
2260,471,1314,,received,,Fuel Filter,1,1950.00,1950.00,1365.00,true,original
2261,472,1316,,received,,Clutch Disc,1,2700.00,2700.00,1890.00,false,replacement
2262,472,1316,,received,,Pressure Plate,1,3750.00,3750.00,2625.00,false,replacement
2263,472,1316,,received,,Release Bearing,1,1050.00,1050.00,735.00,false,replacement
2264,472,1316,,received,,RTV Silicone Gasket Maker,1,250.00,250.00,175.00,false,standard
2265,473,1318,,received,,A/C Evaporator,1,3900.00,3900.00,2730.00,false,replacement
2266,473,1318,,received,,Cabin Filter,1,1000.00,1000.00,700.00,false,replacement
2267,473,1318,,received,,Freon (R134a),2,400.00,800.00,280.00,false,standard
2268,473,1318,,received,,Cabin Filter,1,550.00,550.00,385.00,false,replacement
2269,474,1320,,received,,Engine Oil,3,500.00,1500.00,350.00,false,standard
2270,474,1320,,received,,Oil Filter,1,350.00,350.00,245.00,false,replacement
2271,474,1320,,received,,Air Filter,1,600.00,600.00,420.00,false,replacement
2272,475,1322,,received,,Brake Fluid,1,300.00,300.00,210.00,false,standard
2273,475,1322,,received,,Brake Pads,1,1300.00,1300.00,910.00,false,replacement
2274,475,1322,,received,,Brake Shoe,1,1000.00,1000.00,700.00,false,replacement
2275,475,1322,,received,,Wheel Cylinder,1,1000.00,1000.00,700.00,false,replacement
2276,476,1325,,received,,Brake Cleaner,1,250.00,250.00,175.00,false,standard
2277,476,1325,,received,,Brake Pads,1,1650.00,1650.00,1155.00,false,replacement
2278,476,1325,,received,,Brake Shoe,1,1400.00,1400.00,980.00,false,replacement
2279,476,1325,,received,,Wheel Cylinder,2,1700.00,3400.00,1190.00,true,original
2280,477,1327,,received,,Engine Oil,5,450.00,2250.00,315.00,false,standard
2281,477,1327,,received,,Oil Filter,1,650.00,650.00,455.00,true,original
2282,477,1327,,received,,Air Filter,1,2200.00,2200.00,1540.00,true,original
2283,477,1327,,received,,Cabin Filter,1,1300.00,1300.00,910.00,true,original
2284,477,1327,,received,,Fuel Filter,1,1950.00,1950.00,1365.00,true,original
2285,478,1329,,received,,Brake Cleaner,2,250.00,500.00,175.00,false,standard
2286,478,1329,,received,,Brake Fluid,1,300.00,300.00,210.00,false,standard
2287,478,1329,,received,,Brake Pads,2,1550.00,3100.00,1085.00,false,replacement
2288,478,1329,,received,,Brake Shoe,1,1500.00,1500.00,1050.00,false,replacement
2289,478,1329,,received,,Wheel Cylinder,2,850.00,1700.00,595.00,false,replacement
2290,479,1333,,received,,Suspension Bushing,2,1300.00,2600.00,910.00,true,original
2291,479,1333,,received,,Tie Rod End,2,2050.00,4100.00,1435.00,true,original
2292,479,1333,,received,,Stabilizer Link,2,2200.00,4400.00,1540.00,true,original
2293,479,1333,,received,,Shock Absorber,2,4600.00,9200.00,3220.00,true,original
2294,480,1335,,received,,Engine Oil,7,450.00,3150.00,315.00,false,standard
2295,480,1335,,received,,Oil Filter,1,350.00,350.00,245.00,false,replacement
2296,480,1335,,received,,Air Filter,1,650.00,650.00,455.00,false,replacement
2297,480,1335,,received,,Cabin Filter,1,450.00,450.00,315.00,false,replacement
2298,480,1335,,received,,Fuel Filter,1,450.00,450.00,315.00,false,replacement
2299,481,1337,,received,,Engine Oil,6,450.00,2700.00,315.00,false,standard
2300,481,1337,,received,,Oil Filter,1,400.00,400.00,280.00,false,replacement
2301,481,1337,,received,,Air Filter,1,700.00,700.00,490.00,false,replacement
2302,481,1337,,received,,Cabin Filter,1,400.00,400.00,280.00,false,replacement
2303,481,1337,,received,,Fuel Filter,1,650.00,650.00,455.00,false,replacement
2304,482,1339,,received,,Engine Oil,3,450.00,1350.00,315.00,false,standard
2305,482,1339,,received,,Oil Filter,1,700.00,700.00,490.00,true,original
2306,482,1339,,received,,Air Filter,1,700.00,700.00,490.00,false,replacement
2307,482,1339,,received,,Cabin Filter,1,1350.00,1350.00,945.00,true,original
2308,482,1339,,received,,Fuel Filter,1,2150.00,2150.00,1505.00,true,original
2309,483,1340,,received,,A/C Evaporator,1,9150.00,9150.00,6405.00,true,original
2310,483,1340,,received,,Cabin Filter,1,1550.00,1550.00,1085.00,true,original
2311,483,1340,,received,,Freon (R134a),1,450.00,450.00,315.00,false,standard
2312,483,1340,,received,,Cabin Filter,1,1000.00,1000.00,700.00,true,original
2313,484,1343,,received,,Engine Oil,7,400.00,2800.00,280.00,false,standard
2314,484,1343,,received,,Oil Filter,1,300.00,300.00,210.00,false,replacement
2315,484,1343,,received,,Air Filter,1,700.00,700.00,490.00,false,replacement
2316,484,1343,,received,,Cabin Filter,1,450.00,450.00,315.00,false,replacement
2317,485,1347,,received,,Suspension Bushing,4,600.00,2400.00,420.00,false,replacement
2318,485,1347,,received,,Tie Rod End,2,1300.00,2600.00,910.00,false,replacement
2319,485,1347,,received,,Stabilizer Link,2,1300.00,2600.00,910.00,false,replacement
2320,485,1347,,received,,Shock Absorber,2,2300.00,4600.00,1610.00,false,replacement
2321,485,1347,,received,,Shock Mounting,2,1050.00,2100.00,735.00,false,replacement
2322,486,1349,,received,,Brake Cleaner,2,200.00,400.00,140.00,false,standard
2323,486,1349,,received,,Brake Fluid,1,250.00,250.00,175.00,false,standard
2324,486,1349,,received,,Brake Shoe,1,1250.00,1250.00,875.00,false,replacement
2325,486,1349,,received,,Wheel Cylinder,2,950.00,1900.00,665.00,false,replacement
2326,487,1351,,received,,Engine Oil,3,450.00,1350.00,315.00,false,standard
2327,487,1351,,received,,Oil Filter,1,300.00,300.00,210.00,false,replacement
2328,487,1351,,received,,Air Filter,1,750.00,750.00,525.00,false,replacement
2329,487,1351,,received,,Cabin Filter,1,1300.00,1300.00,910.00,true,original
2330,487,1351,,received,,Fuel Filter,1,650.00,650.00,455.00,false,replacement
2331,488,1353,,received,,Oil Filter,1,350.00,350.00,245.00,false,replacement
2332,488,1353,,received,,Air Filter,1,650.00,650.00,455.00,false,replacement
2333,488,1353,,received,,Fuel Filter,1,600.00,600.00,420.00,false,replacement
2334,489,1356,,received,,Suspension Bushing,3,650.00,1950.00,455.00,false,replacement
2335,489,1356,,received,,Stabilizer Link,2,1900.00,3800.00,1330.00,true,original
2336,489,1356,,received,,Shock Absorber,2,2250.00,4500.00,1575.00,false,replacement
2337,489,1356,,received,,Shock Mounting,2,1050.00,2100.00,735.00,false,replacement
2338,490,1358,,received,,A/C Evaporator,1,8500.00,8500.00,5950.00,true,original
2339,490,1358,,received,,Cabin Filter,1,1350.00,1350.00,945.00,true,original
2340,490,1358,,received,,Freon (R134a),2,400.00,800.00,280.00,false,standard
2341,490,1358,,received,,Cabin Filter,1,1350.00,1350.00,945.00,true,original
2342,491,1360,,received,,A/C Evaporator,1,4500.00,4500.00,3150.00,false,replacement
2343,491,1360,,received,,Cabin Filter,1,450.00,450.00,315.00,false,replacement
2344,492,1363,,received,,Engine Oil,4,450.00,1800.00,315.00,false,standard
2345,492,1363,,received,,Oil Filter,1,450.00,450.00,315.00,false,replacement
2346,492,1363,,received,,Air Filter,1,700.00,700.00,490.00,false,replacement
2347,492,1363,,received,,Cabin Filter,1,450.00,450.00,315.00,false,replacement
2348,492,1363,,received,,Fuel Filter,1,650.00,650.00,455.00,false,replacement
2349,493,1366,,received,,Engine Oil,3,450.00,1350.00,315.00,false,standard
2350,493,1366,,received,,Oil Filter,1,250.00,250.00,175.00,false,replacement
2351,493,1366,,received,,Air Filter,1,650.00,650.00,455.00,false,replacement
2352,493,1366,,received,,Cabin Filter,1,450.00,450.00,315.00,false,replacement
2353,493,1366,,received,,Fuel Filter,1,800.00,800.00,560.00,false,replacement
2354,494,1369,,received,,Engine Oil,6,450.00,2700.00,315.00,false,standard
2355,494,1369,,received,,Oil Filter,1,850.00,850.00,595.00,true,original
2356,494,1369,,received,,Air Filter,1,700.00,700.00,490.00,false,replacement
2357,494,1369,,received,,Fuel Filter,1,600.00,600.00,420.00,false,replacement
2358,495,1372,,received,,Brake Pads,1,3750.00,3750.00,2625.00,true,original
2359,495,1372,,received,,Wheel Cylinder,1,850.00,850.00,595.00,false,replacement
2360,496,1376,,received,,Engine Oil,7,500.00,3500.00,350.00,false,standard
2361,496,1376,,received,,Oil Filter,1,800.00,800.00,560.00,true,original
2362,496,1376,,received,,Air Filter,1,2550.00,2550.00,1785.00,true,original
2363,496,1376,,received,,Cabin Filter,1,1250.00,1250.00,875.00,true,original
2364,497,1378,,received,,Brake Cleaner,2,250.00,500.00,175.00,false,standard
2365,497,1378,,received,,Brake Fluid,1,300.00,300.00,210.00,false,standard
2366,497,1378,,received,,Brake Pads,2,1550.00,3100.00,1085.00,false,replacement
2367,497,1378,,received,,Brake Shoe,1,1200.00,1200.00,840.00,false,replacement
2368,497,1378,,received,,Wheel Cylinder,2,1050.00,2100.00,735.00,false,replacement
2369,498,1381,,received,,Engine Oil,4,500.00,2000.00,350.00,false,standard
2370,498,1381,,received,,Oil Filter,1,350.00,350.00,245.00,false,replacement
2371,498,1381,,received,,Air Filter,1,700.00,700.00,490.00,false,replacement
2372,498,1381,,received,,Cabin Filter,1,450.00,450.00,315.00,false,replacement
2373,499,1383,,received,,Engine Oil,3,450.00,1350.00,315.00,false,standard
2374,499,1383,,received,,Oil Filter,1,700.00,700.00,490.00,true,original
2375,499,1383,,received,,Cabin Filter,1,1200.00,1200.00,840.00,true,original
2376,499,1383,,received,,Fuel Filter,1,2150.00,2150.00,1505.00,true,original
2377,500,1384,,received,,A/C Evaporator,1,7700.00,7700.00,5390.00,true,original
2378,501,1388,,received,,Suspension Bushing,2,600.00,1200.00,420.00,false,replacement
2379,501,1388,,received,,Tie Rod End,2,1200.00,2400.00,840.00,false,replacement
2380,501,1388,,received,,Stabilizer Link,2,1250.00,2500.00,875.00,false,replacement
2381,501,1388,,received,,Shock Absorber,2,2650.00,5300.00,1855.00,false,replacement
2382,501,1388,,received,,Shock Mounting,2,950.00,1900.00,665.00,false,replacement
2383,502,1389,,received,,A/C Evaporator,1,4250.00,4250.00,2975.00,false,replacement
2384,502,1389,,received,,Cabin Filter,1,850.00,850.00,595.00,false,replacement
2385,502,1389,,received,,Freon (R134a),1,400.00,400.00,280.00,false,standard
2386,502,1389,,received,,Cabin Filter,1,550.00,550.00,385.00,false,replacement
2387,503,1391,,received,,Engine Oil,7,500.00,3500.00,350.00,false,standard
2388,503,1391,,received,,Oil Filter,1,350.00,350.00,245.00,false,replacement
2389,503,1391,,received,,Air Filter,1,750.00,750.00,525.00,false,replacement
2390,503,1391,,received,,Cabin Filter,1,1200.00,1200.00,840.00,true,original
2391,503,1391,,received,,Fuel Filter,1,600.00,600.00,420.00,false,replacement
2392,504,1392,,received,,Overhauling Gasket Set,1,4650.00,4650.00,3255.00,false,replacement
2393,504,1392,,received,,Valve Cover Gasket,1,550.00,550.00,385.00,false,replacement
2394,504,1392,,received,,Crankshaft Oil Seal,1,1350.00,1350.00,945.00,false,replacement
2395,504,1392,,received,,Spark Plug,4,550.00,2200.00,385.00,true,original
2396,504,1392,,received,,Engine Coolant,2,400.00,800.00,280.00,false,standard
2397,504,1392,,received,,Engine Oil,7,450.00,3150.00,315.00,false,standard
2398,504,1392,,received,,Oil Filter,1,300.00,300.00,210.00,false,replacement
2399,504,1392,,received,,RTV Silicone Gasket Maker,2,250.00,500.00,175.00,false,standard
2400,505,1394,,received,,Brake Cleaner,2,300.00,600.00,210.00,false,standard
2401,505,1394,,received,,Brake Fluid,1,350.00,350.00,245.00,false,standard
2402,505,1394,,received,,Brake Pads,2,3250.00,6500.00,2275.00,true,original
2403,506,1397,,received,,Suspension Bushing,2,1000.00,2000.00,700.00,true,original
2404,506,1397,,received,,Stabilizer Link,2,1150.00,2300.00,805.00,false,replacement
2405,506,1397,,received,,Shock Absorber,2,2100.00,4200.00,1470.00,false,replacement
2406,506,1397,,received,,Shock Mounting,2,1250.00,2500.00,875.00,false,replacement
2407,507,1400,,received,,Brake Cleaner,1,250.00,250.00,175.00,false,standard
2408,507,1400,,received,,Brake Fluid,1,350.00,350.00,245.00,false,standard
2409,507,1400,,received,,Brake Pads,1,1600.00,1600.00,1120.00,false,replacement
2410,507,1400,,received,,Brake Shoe,1,1350.00,1350.00,945.00,false,replacement
2411,507,1400,,received,,Wheel Cylinder,1,750.00,750.00,525.00,false,replacement
2412,508,1401,,received,,Clutch Disc,1,2550.00,2550.00,1785.00,false,replacement
2413,508,1401,,received,,Pressure Plate,1,3800.00,3800.00,2660.00,false,replacement
2414,508,1401,,received,,Release Bearing,1,800.00,800.00,560.00,false,replacement
2415,508,1401,,received,,RTV Silicone Gasket Maker,1,250.00,250.00,175.00,false,standard
2416,508,1401,,received,,Brake Cleaner,1,250.00,250.00,175.00,false,standard
2417,509,1403,,received,,Valve Cover Gasket,1,550.00,550.00,385.00,false,replacement
2418,509,1403,,received,,Crankshaft Oil Seal,1,1400.00,1400.00,980.00,false,replacement
2419,509,1403,,received,,RTV Silicone Gasket Maker,1,300.00,300.00,210.00,false,standard
2420,509,1403,,received,,Drive / Fan Belt,1,1500.00,1500.00,1050.00,false,replacement
2421,509,1403,,received,,Engine Oil,6,400.00,2400.00,280.00,false,standard
2422,509,1403,,received,,Oil Filter,1,400.00,400.00,280.00,false,replacement
2423,510,1406,,received,,Valve Cover Gasket,1,550.00,550.00,385.00,false,replacement
2424,510,1406,,received,,Crankshaft Oil Seal,1,1600.00,1600.00,1120.00,false,replacement
2425,510,1406,,received,,RTV Silicone Gasket Maker,1,250.00,250.00,175.00,false,standard
2426,510,1406,,received,,Drive / Fan Belt,1,1650.00,1650.00,1155.00,false,replacement
2427,510,1406,,received,,Engine Oil,4,550.00,2200.00,385.00,false,standard
2428,510,1406,,received,,Oil Filter,1,350.00,350.00,245.00,false,replacement
2429,511,1408,,received,,Engine Oil,7,450.00,3150.00,315.00,false,standard
2430,511,1408,,received,,Oil Filter,1,400.00,400.00,280.00,false,replacement
2431,511,1408,,received,,Air Filter,1,650.00,650.00,455.00,false,replacement
2432,511,1408,,received,,Cabin Filter,1,500.00,500.00,350.00,false,replacement
2433,511,1408,,received,,Fuel Filter,1,650.00,650.00,455.00,false,replacement
2434,512,1410,,received,,Release Bearing,1,1000.00,1000.00,700.00,false,replacement
2435,512,1410,,received,,RTV Silicone Gasket Maker,1,250.00,250.00,175.00,false,standard
2436,512,1410,,received,,Brake Cleaner,1,200.00,200.00,140.00,false,standard
2437,513,1412,,received,,Brake Cleaner,1,250.00,250.00,175.00,false,standard
2438,513,1412,,received,,Brake Fluid,1,300.00,300.00,210.00,false,standard
2439,513,1412,,received,,Brake Pads,2,4150.00,8300.00,2905.00,true,original
2440,513,1412,,received,,Brake Shoe,1,1300.00,1300.00,910.00,false,replacement
2441,513,1412,,received,,Wheel Cylinder,2,1150.00,2300.00,805.00,false,replacement
2442,514,1413,,received,,A/C Evaporator,1,7300.00,7300.00,5110.00,true,original
2443,514,1413,,received,,Cabin Filter,1,1600.00,1600.00,1120.00,true,original
2444,514,1413,,received,,Freon (R134a),2,450.00,900.00,315.00,false,standard
2445,514,1413,,received,,Cabin Filter,1,1000.00,1000.00,700.00,true,original
2446,515,1416,,received,,Suspension Bushing,4,650.00,2600.00,455.00,false,replacement
2447,515,1416,,received,,Tie Rod End,2,1150.00,2300.00,805.00,false,replacement
2448,515,1416,,received,,Stabilizer Link,2,950.00,1900.00,665.00,false,replacement
2449,515,1416,,received,,Shock Absorber,2,2150.00,4300.00,1505.00,false,replacement
2450,515,1416,,received,,Shock Mounting,2,900.00,1800.00,630.00,false,replacement
2451,516,1419,,received,,Suspension Bushing,3,650.00,1950.00,455.00,false,replacement
2452,516,1419,,received,,Stabilizer Link,2,1100.00,2200.00,770.00,false,replacement
2453,516,1419,,received,,Shock Absorber,2,2550.00,5100.00,1785.00,false,replacement
2454,516,1419,,received,,Shock Mounting,2,1000.00,2000.00,700.00,false,replacement
2455,517,1421,,received,,Engine Oil,6,500.00,3000.00,350.00,false,standard
2456,517,1421,,received,,Oil Filter,1,300.00,300.00,210.00,false,replacement
2457,517,1421,,received,,Air Filter,1,600.00,600.00,420.00,false,replacement
2458,517,1421,,received,,Cabin Filter,1,450.00,450.00,315.00,false,replacement
2459,517,1421,,received,,Fuel Filter,1,650.00,650.00,455.00,false,replacement
2460,518,1423,,received,,Valve Cover Gasket,1,650.00,650.00,455.00,false,replacement
2461,518,1423,,received,,RTV Silicone Gasket Maker,1,250.00,250.00,175.00,false,standard
2462,518,1423,,received,,Drive / Fan Belt,1,1900.00,1900.00,1330.00,false,replacement
2463,518,1423,,received,,Engine Oil,4,450.00,1800.00,315.00,false,standard
2464,518,1423,,received,,Oil Filter,1,250.00,250.00,175.00,false,replacement
2465,519,1426,,received,,Brake Cleaner,1,300.00,300.00,210.00,false,standard
2466,519,1426,,received,,Brake Fluid,1,250.00,250.00,175.00,false,standard
2467,519,1426,,received,,Brake Pads,2,3800.00,7600.00,2660.00,true,original
2468,519,1426,,received,,Brake Shoe,1,1150.00,1150.00,805.00,false,replacement
2469,519,1426,,received,,Wheel Cylinder,1,1950.00,1950.00,1365.00,true,original
2470,520,1428,,received,,A/C Evaporator,1,4850.00,4850.00,3395.00,false,replacement
2471,520,1428,,received,,Cabin Filter,1,750.00,750.00,525.00,false,replacement
2472,520,1428,,received,,Freon (R134a),2,400.00,800.00,280.00,false,standard
2473,520,1428,,received,,Cabin Filter,1,400.00,400.00,280.00,false,replacement
2474,521,1431,,received,,Crankshaft Oil Seal,1,1450.00,1450.00,1015.00,false,replacement
2475,521,1431,,received,,RTV Silicone Gasket Maker,1,250.00,250.00,175.00,false,standard
2476,521,1431,,received,,Drive / Fan Belt,1,1800.00,1800.00,1260.00,false,replacement
2477,521,1431,,received,,Oil Filter,1,350.00,350.00,245.00,false,replacement
2478,522,1432,,received,,A/C Evaporator,1,7450.00,7450.00,5215.00,true,original
2479,522,1432,,received,,Cabin Filter,1,1400.00,1400.00,980.00,true,original
2480,522,1432,,received,,Freon (R134a),2,500.00,1000.00,350.00,false,standard
2481,522,1432,,received,,Cabin Filter,1,1550.00,1550.00,1085.00,true,original
2482,523,1433,,received,,Clutch Disc,1,2950.00,2950.00,2065.00,false,replacement
2483,523,1433,,received,,Pressure Plate,1,3650.00,3650.00,2555.00,false,replacement
2484,523,1433,,received,,Release Bearing,1,900.00,900.00,630.00,false,replacement
2485,523,1433,,received,,RTV Silicone Gasket Maker,1,250.00,250.00,175.00,false,standard
2486,523,1433,,received,,Brake Cleaner,1,250.00,250.00,175.00,false,standard
2487,524,1434,,received,,A/C Evaporator,1,4400.00,4400.00,3080.00,false,replacement
2488,524,1434,,received,,Cabin Filter,1,950.00,950.00,665.00,false,replacement
2489,524,1434,,received,,Cabin Filter,1,500.00,500.00,350.00,false,replacement
2490,525,1437,,received,,Engine Oil,6,450.00,2700.00,315.00,false,standard
2491,525,1437,,received,,Oil Filter,1,400.00,400.00,280.00,false,replacement
2492,525,1437,,received,,Air Filter,1,650.00,650.00,455.00,false,replacement
2493,525,1437,,received,,Cabin Filter,1,500.00,500.00,350.00,false,replacement
2494,525,1437,,received,,Fuel Filter,1,550.00,550.00,385.00,false,replacement
2495,526,1440,,received,,Suspension Bushing,3,600.00,1800.00,420.00,false,replacement
2496,526,1440,,received,,Tie Rod End,2,1300.00,2600.00,910.00,false,replacement
2497,526,1440,,received,,Shock Absorber,2,2350.00,4700.00,1645.00,false,replacement
2498,526,1440,,received,,Shock Mounting,2,950.00,1900.00,665.00,false,replacement
2499,527,1444,,received,,Suspension Bushing,4,1350.00,5400.00,945.00,true,original
2500,527,1444,,received,,Tie Rod End,2,2050.00,4100.00,1435.00,true,original
2501,527,1444,,received,,Stabilizer Link,2,2150.00,4300.00,1505.00,true,original
2502,527,1444,,received,,Shock Mounting,2,1850.00,3700.00,1295.00,true,original
2503,528,1446,,received,,Clutch Disc,1,2550.00,2550.00,1785.00,false,replacement
2504,528,1446,,received,,Pressure Plate,1,3350.00,3350.00,2345.00,false,replacement
2505,528,1446,,received,,Release Bearing,1,850.00,850.00,595.00,false,replacement
2506,528,1446,,received,,RTV Silicone Gasket Maker,1,250.00,250.00,175.00,false,standard
2507,528,1446,,received,,Brake Cleaner,1,250.00,250.00,175.00,false,standard
2508,529,1448,,received,,Engine Oil,6,450.00,2700.00,315.00,false,standard
2509,529,1448,,received,,Oil Filter,1,700.00,700.00,490.00,true,original
2510,529,1448,,received,,Air Filter,1,650.00,650.00,455.00,false,replacement
2511,529,1448,,received,,Cabin Filter,1,1250.00,1250.00,875.00,true,original
2512,529,1448,,received,,Fuel Filter,1,2050.00,2050.00,1435.00,true,original
2513,530,1450,,received,,Engine Oil,3,400.00,1200.00,280.00,false,standard
2514,530,1450,,received,,Oil Filter,1,850.00,850.00,595.00,true,original
2515,530,1450,,received,,Air Filter,1,550.00,550.00,385.00,false,replacement
2516,530,1450,,received,,Cabin Filter,1,1200.00,1200.00,840.00,true,original
2517,530,1450,,received,,Fuel Filter,1,2150.00,2150.00,1505.00,true,original
2518,531,1452,,received,,Crankshaft Oil Seal,1,2750.00,2750.00,1925.00,true,original
2519,531,1452,,received,,RTV Silicone Gasket Maker,1,200.00,200.00,140.00,false,standard
2520,531,1452,,received,,Drive / Fan Belt,1,2600.00,2600.00,1820.00,true,original
2521,531,1452,,received,,Engine Oil,3,450.00,1350.00,315.00,false,standard
2522,531,1452,,received,,Oil Filter,1,650.00,650.00,455.00,true,original
2523,532,1456,,received,,Suspension Bushing,4,550.00,2200.00,385.00,false,replacement
2524,532,1456,,received,,Tie Rod End,2,1100.00,2200.00,770.00,false,replacement
2525,532,1456,,received,,Stabilizer Link,2,1350.00,2700.00,945.00,false,replacement
2526,532,1456,,received,,Shock Absorber,2,5450.00,10900.00,3815.00,true,original
2527,532,1456,,received,,Shock Mounting,2,950.00,1900.00,665.00,false,replacement
2528,533,1458,,received,,Clutch Disc,1,5900.00,5900.00,4130.00,true,original
2529,533,1458,,received,,Pressure Plate,1,5000.00,5000.00,3500.00,true,original
2530,533,1458,,received,,Release Bearing,1,1900.00,1900.00,1330.00,true,original
2531,533,1458,,received,,RTV Silicone Gasket Maker,1,250.00,250.00,175.00,false,standard
2532,533,1458,,received,,Brake Cleaner,1,250.00,250.00,175.00,false,standard
2533,534,1462,,received,,Engine Oil,4,500.00,2000.00,350.00,false,standard
2534,534,1462,,received,,Oil Filter,1,300.00,300.00,210.00,false,replacement
2535,534,1462,,received,,Cabin Filter,1,400.00,400.00,280.00,false,replacement
2536,534,1462,,received,,Fuel Filter,1,750.00,750.00,525.00,false,replacement
2537,535,1465,,received,,Oil Filter,1,700.00,700.00,490.00,true,original
2538,535,1465,,received,,Fuel Filter,1,2000.00,2000.00,1400.00,true,original
2539,536,1469,,received,,Suspension Bushing,4,1350.00,5400.00,945.00,true,original
2540,536,1469,,received,,Tie Rod End,2,2250.00,4500.00,1575.00,true,original
2541,536,1469,,received,,Stabilizer Link,2,1200.00,2400.00,840.00,false,replacement
2542,536,1469,,received,,Shock Absorber,2,2000.00,4000.00,1400.00,false,replacement
2543,537,1470,,received,,Overhauling Gasket Set,1,7350.00,7350.00,5145.00,true,original
2544,537,1470,,received,,Crankshaft Oil Seal,1,1550.00,1550.00,1085.00,false,replacement
2545,537,1470,,received,,Spark Plug,4,450.00,1800.00,315.00,false,replacement
2546,537,1470,,received,,Engine Coolant,3,300.00,900.00,210.00,false,standard
2547,537,1470,,received,,Oil Filter,1,350.00,350.00,245.00,false,replacement
2548,537,1470,,received,,RTV Silicone Gasket Maker,2,250.00,500.00,175.00,false,standard
2549,538,1472,,received,,Clutch Disc,1,2550.00,2550.00,1785.00,false,replacement
2550,538,1472,,received,,Pressure Plate,1,3800.00,3800.00,2660.00,false,replacement
2551,538,1472,,received,,Release Bearing,1,1000.00,1000.00,700.00,false,replacement
2552,538,1472,,received,,RTV Silicone Gasket Maker,1,250.00,250.00,175.00,false,standard
2553,538,1472,,received,,Brake Cleaner,1,250.00,250.00,175.00,false,standard
2554,539,1475,,received,,Suspension Bushing,4,1200.00,4800.00,840.00,true,original
2555,539,1475,,received,,Stabilizer Link,2,1900.00,3800.00,1330.00,true,original
2556,539,1475,,received,,Shock Absorber,2,4350.00,8700.00,3045.00,true,original
2557,539,1475,,received,,Shock Mounting,2,2300.00,4600.00,1610.00,true,original
2558,540,1477,,received,,Brake Cleaner,2,250.00,500.00,175.00,false,standard
2559,540,1477,,received,,Brake Fluid,1,300.00,300.00,210.00,false,standard
2560,540,1477,,received,,Brake Pads,2,3050.00,6100.00,2135.00,true,original
2561,540,1477,,received,,Brake Shoe,1,1300.00,1300.00,910.00,false,replacement
2562,540,1477,,received,,Wheel Cylinder,1,1100.00,1100.00,770.00,false,replacement
2563,541,1479,,received,,Engine Oil,5,400.00,2000.00,280.00,false,standard
2564,541,1479,,received,,Oil Filter,1,350.00,350.00,245.00,false,replacement
2565,541,1479,,received,,Air Filter,1,550.00,550.00,385.00,false,replacement
2566,541,1479,,received,,Cabin Filter,1,500.00,500.00,350.00,false,replacement
2567,541,1479,,received,,Fuel Filter,1,500.00,500.00,350.00,false,replacement
2568,542,1481,,received,,Engine Oil,4,450.00,1800.00,315.00,false,standard
2569,542,1481,,received,,Oil Filter,1,400.00,400.00,280.00,false,replacement
2570,542,1481,,received,,Air Filter,1,750.00,750.00,525.00,false,replacement
2571,542,1481,,received,,Cabin Filter,1,400.00,400.00,280.00,false,replacement
2572,542,1481,,received,,Fuel Filter,1,650.00,650.00,455.00,false,replacement
2573,543,1483,,received,,Valve Cover Gasket,1,1350.00,1350.00,945.00,true,original
2574,543,1483,,received,,Crankshaft Oil Seal,1,2350.00,2350.00,1645.00,true,original
2575,543,1483,,received,,RTV Silicone Gasket Maker,1,200.00,200.00,140.00,false,standard
2576,543,1483,,received,,Drive / Fan Belt,1,2750.00,2750.00,1925.00,true,original
2577,543,1483,,received,,Engine Oil,3,400.00,1200.00,280.00,false,standard
2578,543,1483,,received,,Oil Filter,1,750.00,750.00,525.00,true,original
2579,544,1485,,received,,Brake Cleaner,1,300.00,300.00,210.00,false,standard
2580,544,1485,,received,,Brake Fluid,1,300.00,300.00,210.00,false,standard
2581,544,1485,,received,,Brake Pads,1,1450.00,1450.00,1015.00,false,replacement
2582,544,1485,,received,,Brake Shoe,1,1450.00,1450.00,1015.00,false,replacement
2583,544,1485,,received,,Wheel Cylinder,2,1700.00,3400.00,1190.00,true,original
2584,545,1488,,received,,Suspension Bushing,4,650.00,2600.00,455.00,false,replacement
2585,545,1488,,received,,Tie Rod End,2,1150.00,2300.00,805.00,false,replacement
2586,545,1488,,received,,Stabilizer Link,2,1250.00,2500.00,875.00,false,replacement
2587,545,1488,,received,,Shock Absorber,2,2450.00,4900.00,1715.00,false,replacement
2588,545,1488,,received,,Shock Mounting,2,1150.00,2300.00,805.00,false,replacement
2589,546,1491,,received,,Suspension Bushing,3,500.00,1500.00,350.00,false,replacement
2590,546,1491,,received,,Tie Rod End,2,2200.00,4400.00,1540.00,true,original
2591,546,1491,,received,,Shock Absorber,2,2250.00,4500.00,1575.00,false,replacement
2592,547,1493,,received,,Brake Cleaner,2,250.00,500.00,175.00,false,standard
2593,547,1493,,received,,Brake Pads,2,1550.00,3100.00,1085.00,false,replacement
2594,547,1493,,received,,Brake Shoe,1,1200.00,1200.00,840.00,false,replacement
2595,547,1493,,received,,Wheel Cylinder,1,900.00,900.00,630.00,false,replacement
2596,548,1498,,received,,Engine Oil,3,500.00,1500.00,350.00,false,standard
2597,548,1498,,received,,Oil Filter,1,650.00,650.00,455.00,true,original
2598,548,1498,,received,,Air Filter,1,2500.00,2500.00,1750.00,true,original
2599,548,1498,,received,,Cabin Filter,1,1300.00,1300.00,910.00,true,original
2600,548,1498,,received,,Fuel Filter,1,1750.00,1750.00,1225.00,true,original
2601,549,1500,,received,,Brake Fluid,1,350.00,350.00,245.00,false,standard
2602,549,1500,,received,,Brake Pads,2,3150.00,6300.00,2205.00,true,original
2603,549,1500,,received,,Brake Shoe,1,3200.00,3200.00,2240.00,true,original
2604,549,1500,,received,,Wheel Cylinder,1,1600.00,1600.00,1120.00,true,original
2605,550,1504,,received,,Suspension Bushing,4,500.00,2000.00,350.00,false,replacement
2606,550,1504,,received,,Tie Rod End,2,1050.00,2100.00,735.00,false,replacement
2607,550,1504,,received,,Shock Absorber,2,2300.00,4600.00,1610.00,false,replacement
2608,550,1504,,received,,Shock Mounting,2,900.00,1800.00,630.00,false,replacement
2609,551,1507,,received,,Suspension Bushing,3,600.00,1800.00,420.00,false,replacement
2610,551,1507,,received,,Tie Rod End,2,1000.00,2000.00,700.00,false,replacement
2611,551,1507,,received,,Stabilizer Link,2,1200.00,2400.00,840.00,false,replacement
2612,551,1507,,received,,Shock Absorber,2,2100.00,4200.00,1470.00,false,replacement
2613,551,1507,,received,,Shock Mounting,2,1000.00,2000.00,700.00,false,replacement
2614,552,1508,,received,,Clutch Disc,1,3050.00,3050.00,2135.00,false,replacement
2615,552,1508,,received,,Pressure Plate,1,3850.00,3850.00,2695.00,false,replacement
2616,552,1508,,received,,RTV Silicone Gasket Maker,1,250.00,250.00,175.00,false,standard
2617,552,1508,,received,,Brake Cleaner,1,250.00,250.00,175.00,false,standard
2618,553,1510,,received,,Engine Oil,5,500.00,2500.00,350.00,false,standard
2619,553,1510,,received,,Oil Filter,1,300.00,300.00,210.00,false,replacement
2620,553,1510,,received,,Air Filter,1,800.00,800.00,560.00,false,replacement
2621,554,1511,,received,,Clutch Disc,1,2750.00,2750.00,1925.00,false,replacement
2622,554,1511,,received,,Pressure Plate,1,3700.00,3700.00,2590.00,false,replacement
2623,554,1511,,received,,Release Bearing,1,1100.00,1100.00,770.00,false,replacement
2624,554,1511,,received,,RTV Silicone Gasket Maker,1,250.00,250.00,175.00,false,standard
2625,555,1514,,received,,Suspension Bushing,3,650.00,1950.00,455.00,false,replacement
2626,555,1514,,received,,Tie Rod End,2,1250.00,2500.00,875.00,false,replacement
2627,555,1514,,received,,Stabilizer Link,2,1250.00,2500.00,875.00,false,replacement
2628,555,1514,,received,,Shock Absorber,2,1800.00,3600.00,1260.00,false,replacement
2629,555,1514,,received,,Shock Mounting,2,1200.00,2400.00,840.00,false,replacement
2630,556,1517,,received,,Engine Oil,4,450.00,1800.00,315.00,false,standard
2631,556,1517,,received,,Oil Filter,1,650.00,650.00,455.00,true,original
2632,556,1517,,received,,Air Filter,1,2150.00,2150.00,1505.00,true,original
2633,556,1517,,received,,Cabin Filter,1,950.00,950.00,665.00,true,original
2634,556,1517,,received,,Fuel Filter,1,550.00,550.00,385.00,false,replacement
2635,557,1519,,received,,Engine Oil,6,500.00,3000.00,350.00,false,standard
2636,557,1519,,received,,Oil Filter,1,650.00,650.00,455.00,true,original
2637,557,1519,,received,,Cabin Filter,1,1200.00,1200.00,840.00,true,original
2638,557,1519,,received,,Fuel Filter,1,2350.00,2350.00,1645.00,true,original
2639,558,1521,,received,,Engine Oil,6,400.00,2400.00,280.00,false,standard
2640,558,1521,,received,,Oil Filter,1,300.00,300.00,210.00,false,replacement
2641,558,1521,,received,,Air Filter,1,2100.00,2100.00,1470.00,true,original
2642,558,1521,,received,,Cabin Filter,1,1450.00,1450.00,1015.00,true,original
2643,558,1521,,received,,Fuel Filter,1,750.00,750.00,525.00,false,replacement
2644,559,1524,,received,,Brake Cleaner,2,300.00,600.00,210.00,false,standard
2645,559,1524,,received,,Brake Pads,2,3250.00,6500.00,2275.00,true,original
2646,559,1524,,received,,Brake Shoe,1,2400.00,2400.00,1680.00,true,original
2647,560,1525,,received,,A/C Evaporator,1,4000.00,4000.00,2800.00,false,replacement
2648,560,1525,,received,,Freon (R134a),2,400.00,800.00,280.00,false,standard
2649,560,1525,,received,,Cabin Filter,1,450.00,450.00,315.00,false,replacement
2650,561,1527,,received,,Brake Cleaner,1,200.00,200.00,140.00,false,standard
2651,561,1527,,received,,Brake Fluid,1,300.00,300.00,210.00,false,standard
2652,561,1527,,received,,Brake Pads,2,3450.00,6900.00,2415.00,true,original
2653,561,1527,,received,,Brake Shoe,1,2750.00,2750.00,1925.00,true,original
2654,561,1527,,received,,Wheel Cylinder,1,1650.00,1650.00,1155.00,true,original
2655,562,1529,,received,,Brake Cleaner,2,250.00,500.00,175.00,false,standard
2656,562,1529,,received,,Brake Pads,1,2800.00,2800.00,1960.00,true,original
2657,562,1529,,received,,Brake Shoe,1,2850.00,2850.00,1995.00,true,original
2658,562,1529,,received,,Wheel Cylinder,1,1400.00,1400.00,980.00,true,original
2659,563,1531,,received,,Overhauling Gasket Set,1,7250.00,7250.00,5075.00,true,original
2660,563,1531,,received,,Valve Cover Gasket,1,550.00,550.00,385.00,false,replacement
2661,563,1531,,received,,Crankshaft Oil Seal,1,1450.00,1450.00,1015.00,false,replacement
2662,563,1531,,received,,Spark Plug,4,350.00,1400.00,245.00,false,replacement
2663,563,1531,,received,,Engine Oil,7,400.00,2800.00,280.00,false,standard
2664,563,1531,,received,,Oil Filter,1,350.00,350.00,245.00,false,replacement
2665,563,1531,,received,,RTV Silicone Gasket Maker,2,250.00,500.00,175.00,false,standard
2666,564,1532,,received,,Clutch Disc,1,3300.00,3300.00,2310.00,false,replacement
2667,564,1532,,received,,Pressure Plate,1,3550.00,3550.00,2485.00,false,replacement
2668,564,1532,,received,,Release Bearing,1,950.00,950.00,665.00,false,replacement
2669,564,1532,,received,,RTV Silicone Gasket Maker,1,250.00,250.00,175.00,false,standard
2670,564,1532,,received,,Brake Cleaner,1,250.00,250.00,175.00,false,standard
2671,565,1536,,received,,Engine Oil,6,450.00,2700.00,315.00,false,standard
2672,565,1536,,received,,Oil Filter,1,600.00,600.00,420.00,true,original
2673,565,1536,,received,,Cabin Filter,1,950.00,950.00,665.00,true,original
2674,565,1536,,received,,Fuel Filter,1,1800.00,1800.00,1260.00,true,original
2675,566,1538,,received,,Overhauling Gasket Set,1,6000.00,6000.00,4200.00,true,original
2676,566,1538,,received,,Valve Cover Gasket,1,1500.00,1500.00,1050.00,true,original
2677,566,1538,,received,,Crankshaft Oil Seal,1,2600.00,2600.00,1820.00,true,original
2678,566,1538,,received,,Spark Plug,4,600.00,2400.00,420.00,true,original
2679,566,1538,,received,,Engine Coolant,4,350.00,1400.00,245.00,false,standard
2680,566,1538,,received,,Engine Oil,4,500.00,2000.00,350.00,false,standard
2681,566,1538,,received,,Oil Filter,1,800.00,800.00,560.00,true,original
2682,566,1538,,received,,RTV Silicone Gasket Maker,2,200.00,400.00,140.00,false,standard
2683,567,1543,,received,,Engine Oil,5,500.00,2500.00,350.00,false,standard
2684,567,1543,,received,,Oil Filter,1,350.00,350.00,245.00,false,replacement
2685,567,1543,,received,,Air Filter,1,500.00,500.00,350.00,false,replacement
2686,567,1543,,received,,Cabin Filter,1,450.00,450.00,315.00,false,replacement
2687,567,1543,,received,,Fuel Filter,1,650.00,650.00,455.00,false,replacement
2688,568,1545,,received,,Valve Cover Gasket,1,600.00,600.00,420.00,false,replacement
2689,568,1545,,received,,Crankshaft Oil Seal,1,1300.00,1300.00,910.00,false,replacement
2690,568,1545,,received,,RTV Silicone Gasket Maker,1,300.00,300.00,210.00,false,standard
2691,568,1545,,received,,Drive / Fan Belt,1,1450.00,1450.00,1015.00,false,replacement
2692,568,1545,,received,,Engine Oil,5,450.00,2250.00,315.00,false,standard
2693,568,1545,,received,,Oil Filter,1,650.00,650.00,455.00,true,original
2694,569,1548,,received,,Brake Cleaner,1,300.00,300.00,210.00,false,standard
2695,569,1548,,received,,Brake Fluid,1,350.00,350.00,245.00,false,standard
2696,569,1548,,received,,Brake Pads,1,1550.00,1550.00,1085.00,false,replacement
2697,569,1548,,received,,Wheel Cylinder,1,850.00,850.00,595.00,false,replacement
2698,570,1549,,received,,Clutch Disc,1,2600.00,2600.00,1820.00,false,replacement
2699,570,1549,,received,,Release Bearing,1,1050.00,1050.00,735.00,false,replacement
2700,570,1549,,received,,RTV Silicone Gasket Maker,1,200.00,200.00,140.00,false,standard
2701,570,1549,,received,,Brake Cleaner,1,250.00,250.00,175.00,false,standard
2702,571,1551,,received,,Oil Filter,1,400.00,400.00,280.00,false,replacement
2703,571,1551,,received,,Air Filter,1,600.00,600.00,420.00,false,replacement
2704,571,1551,,received,,Fuel Filter,1,500.00,500.00,350.00,false,replacement
2705,572,1553,,received,,Brake Cleaner,2,200.00,400.00,140.00,false,standard
2706,572,1553,,received,,Brake Fluid,1,300.00,300.00,210.00,false,standard
2707,572,1553,,received,,Brake Pads,1,1550.00,1550.00,1085.00,false,replacement
2708,572,1553,,received,,Brake Shoe,1,1250.00,1250.00,875.00,false,replacement
2709,572,1553,,received,,Wheel Cylinder,2,950.00,1900.00,665.00,false,replacement
2710,573,1555,,received,,Engine Oil,7,450.00,3150.00,315.00,false,standard
2711,573,1555,,received,,Oil Filter,1,900.00,900.00,630.00,true,original
2712,573,1555,,received,,Air Filter,1,2250.00,2250.00,1575.00,true,original
2713,573,1555,,received,,Cabin Filter,1,1250.00,1250.00,875.00,true,original
2714,573,1555,,received,,Fuel Filter,1,750.00,750.00,525.00,false,replacement
2715,574,1557,,received,,Engine Oil,4,400.00,1600.00,280.00,false,standard
2716,574,1557,,received,,Oil Filter,1,300.00,300.00,210.00,false,replacement
2717,574,1557,,received,,Air Filter,1,500.00,500.00,350.00,false,replacement
2718,574,1557,,received,,Fuel Filter,1,650.00,650.00,455.00,false,replacement
2719,575,1559,,received,,Brake Fluid,1,300.00,300.00,210.00,false,standard
2720,575,1559,,received,,Brake Pads,2,1600.00,3200.00,1120.00,false,replacement
2721,575,1559,,received,,Wheel Cylinder,1,750.00,750.00,525.00,false,replacement
2722,576,1562,,received,,Brake Cleaner,2,200.00,400.00,140.00,false,standard
2723,576,1562,,received,,Brake Fluid,1,250.00,250.00,175.00,false,standard
2724,576,1562,,received,,Wheel Cylinder,2,950.00,1900.00,665.00,false,replacement
2725,577,1564,,received,,Valve Cover Gasket,1,600.00,600.00,420.00,false,replacement
2726,577,1564,,received,,Crankshaft Oil Seal,1,1550.00,1550.00,1085.00,false,replacement
2727,577,1564,,received,,RTV Silicone Gasket Maker,1,250.00,250.00,175.00,false,standard
2728,577,1564,,received,,Drive / Fan Belt,1,1950.00,1950.00,1365.00,false,replacement
2729,577,1564,,received,,Engine Oil,4,500.00,2000.00,350.00,false,standard
2730,577,1564,,received,,Oil Filter,1,300.00,300.00,210.00,false,replacement
2731,578,1565,,received,,Clutch Disc,1,5000.00,5000.00,3500.00,true,original
2732,578,1565,,received,,Pressure Plate,1,4900.00,4900.00,3430.00,true,original
2733,578,1565,,received,,Release Bearing,1,2050.00,2050.00,1435.00,true,original
2734,578,1565,,received,,RTV Silicone Gasket Maker,1,250.00,250.00,175.00,false,standard
2735,579,1569,,received,,Engine Oil,5,450.00,2250.00,315.00,false,standard
2736,579,1569,,received,,Oil Filter,1,350.00,350.00,245.00,false,replacement
2737,579,1569,,received,,Air Filter,1,800.00,800.00,560.00,false,replacement
2738,579,1569,,received,,Fuel Filter,1,650.00,650.00,455.00,false,replacement
2739,580,1571,,received,,Brake Fluid,1,300.00,300.00,210.00,false,standard
2740,580,1571,,received,,Brake Pads,1,1450.00,1450.00,1015.00,false,replacement
2741,580,1571,,received,,Brake Shoe,1,1100.00,1100.00,770.00,false,replacement
2742,580,1571,,received,,Wheel Cylinder,1,950.00,950.00,665.00,false,replacement
2743,581,1574,,received,,Suspension Bushing,4,1200.00,4800.00,840.00,true,original
2744,581,1574,,received,,Tie Rod End,2,2400.00,4800.00,1680.00,true,original
2745,581,1574,,received,,Stabilizer Link,2,2100.00,4200.00,1470.00,true,original
2746,581,1574,,received,,Shock Absorber,2,4600.00,9200.00,3220.00,true,original
2747,581,1574,,received,,Shock Mounting,2,2600.00,5200.00,1820.00,true,original
2748,582,1576,,received,,Oil Filter,1,350.00,350.00,245.00,false,replacement
2749,582,1576,,received,,Cabin Filter,1,1350.00,1350.00,945.00,true,original
2750,582,1576,,received,,Fuel Filter,1,2150.00,2150.00,1505.00,true,original
2751,583,1578,,received,,Clutch Disc,1,5450.00,5450.00,3815.00,true,original
2752,583,1578,,received,,Pressure Plate,1,4950.00,4950.00,3465.00,true,original
2753,583,1578,,received,,Release Bearing,1,1800.00,1800.00,1260.00,true,original
2754,583,1578,,received,,RTV Silicone Gasket Maker,1,250.00,250.00,175.00,false,standard
2755,583,1578,,received,,Brake Cleaner,1,200.00,200.00,140.00,false,standard
2756,584,1579,,received,,Clutch Disc,1,2950.00,2950.00,2065.00,false,replacement
2757,584,1579,,received,,Pressure Plate,1,3500.00,3500.00,2450.00,false,replacement
2758,584,1579,,received,,Release Bearing,1,950.00,950.00,665.00,false,replacement
2759,584,1579,,received,,RTV Silicone Gasket Maker,1,200.00,200.00,140.00,false,standard
2760,584,1579,,received,,Brake Cleaner,1,250.00,250.00,175.00,false,standard
2761,585,1581,,received,,Brake Fluid,1,250.00,250.00,175.00,false,standard
2762,585,1581,,received,,Brake Pads,1,1850.00,1850.00,1295.00,false,replacement
2763,585,1581,,received,,Brake Shoe,1,1150.00,1150.00,805.00,false,replacement
2764,585,1581,,received,,Wheel Cylinder,1,1450.00,1450.00,1015.00,true,original
2765,586,1584,,received,,Engine Oil,3,500.00,1500.00,350.00,false,standard
2766,586,1584,,received,,Oil Filter,1,350.00,350.00,245.00,false,replacement
2767,586,1584,,received,,Air Filter,1,750.00,750.00,525.00,false,replacement
2768,586,1584,,received,,Cabin Filter,1,500.00,500.00,350.00,false,replacement
2769,586,1584,,received,,Fuel Filter,1,650.00,650.00,455.00,false,replacement
2770,587,1588,,received,,Suspension Bushing,4,1200.00,4800.00,840.00,true,original
2771,587,1588,,received,,Tie Rod End,2,1800.00,3600.00,1260.00,true,original
2772,587,1588,,received,,Stabilizer Link,2,2000.00,4000.00,1400.00,true,original
2773,587,1588,,received,,Shock Absorber,2,4550.00,9100.00,3185.00,true,original
2774,587,1588,,received,,Shock Mounting,2,2000.00,4000.00,1400.00,true,original
2775,588,1590,,received,,Engine Oil,4,400.00,1600.00,280.00,false,standard
2776,588,1590,,received,,Oil Filter,1,300.00,300.00,210.00,false,replacement
2777,588,1590,,received,,Air Filter,1,600.00,600.00,420.00,false,replacement
2778,588,1590,,received,,Cabin Filter,1,450.00,450.00,315.00,false,replacement
2779,588,1590,,received,,Fuel Filter,1,600.00,600.00,420.00,false,replacement
2780,589,1593,,received,,Engine Oil,5,500.00,2500.00,350.00,false,standard
2781,589,1593,,received,,Oil Filter,1,450.00,450.00,315.00,false,replacement
2782,589,1593,,received,,Air Filter,1,650.00,650.00,455.00,false,replacement
2783,589,1593,,received,,Cabin Filter,1,500.00,500.00,350.00,false,replacement
2784,589,1593,,received,,Fuel Filter,1,1700.00,1700.00,1190.00,true,original
2785,590,1597,,received,,Engine Oil,3,450.00,1350.00,315.00,false,standard
2786,590,1597,,received,,Oil Filter,1,400.00,400.00,280.00,false,replacement
2787,590,1597,,received,,Air Filter,1,2000.00,2000.00,1400.00,true,original
2788,590,1597,,received,,Fuel Filter,1,650.00,650.00,455.00,false,replacement
2789,591,1599,,received,,Clutch Disc,1,3100.00,3100.00,2170.00,false,replacement
2790,591,1599,,received,,Pressure Plate,1,5100.00,5100.00,3570.00,true,original
2791,591,1599,,received,,Release Bearing,1,1900.00,1900.00,1330.00,true,original
2792,591,1599,,received,,RTV Silicone Gasket Maker,1,250.00,250.00,175.00,false,standard
2793,591,1599,,received,,Brake Cleaner,1,250.00,250.00,175.00,false,standard
2794,592,1600,,received,,Clutch Disc,1,2600.00,2600.00,1820.00,false,replacement
2795,592,1600,,received,,Pressure Plate,1,4000.00,4000.00,2800.00,false,replacement
2796,592,1600,,received,,Release Bearing,1,850.00,850.00,595.00,false,replacement
2797,592,1600,,received,,RTV Silicone Gasket Maker,1,250.00,250.00,175.00,false,standard
2798,592,1600,,received,,Brake Cleaner,1,250.00,250.00,175.00,false,standard
2799,593,1603,,received,,Brake Cleaner,1,250.00,250.00,175.00,false,standard
2800,593,1603,,received,,Brake Pads,1,3350.00,3350.00,2345.00,true,original
2801,593,1603,,received,,Brake Shoe,1,2900.00,2900.00,2030.00,true,original
2802,593,1603,,received,,Wheel Cylinder,2,1700.00,3400.00,1190.00,true,original
2803,594,1608,,received,,Engine Oil,4,500.00,2000.00,350.00,false,standard
2804,594,1608,,received,,Oil Filter,1,750.00,750.00,525.00,true,original
2805,594,1608,,received,,Air Filter,1,2200.00,2200.00,1540.00,true,original
2806,594,1608,,received,,Cabin Filter,1,550.00,550.00,385.00,false,replacement
2807,594,1608,,received,,Fuel Filter,1,1850.00,1850.00,1295.00,true,original
2808,595,1610,,received,,Brake Cleaner,2,250.00,500.00,175.00,false,standard
2809,595,1610,,received,,Brake Fluid,1,350.00,350.00,245.00,false,standard
2810,595,1610,,received,,Brake Pads,2,1650.00,3300.00,1155.00,false,replacement
2811,595,1610,,received,,Wheel Cylinder,2,1650.00,3300.00,1155.00,true,original
2812,596,1614,,received,,Suspension Bushing,2,600.00,1200.00,420.00,false,replacement
2813,596,1614,,received,,Tie Rod End,2,1100.00,2200.00,770.00,false,replacement
2814,596,1614,,received,,Stabilizer Link,2,1050.00,2100.00,735.00,false,replacement
2815,596,1614,,received,,Shock Absorber,2,1900.00,3800.00,1330.00,false,replacement
2816,597,1617,,received,,Suspension Bushing,3,800.00,2400.00,560.00,false,replacement
2817,597,1617,,received,,Tie Rod End,2,1050.00,2100.00,735.00,false,replacement
2818,597,1617,,received,,Stabilizer Link,2,1200.00,2400.00,840.00,false,replacement
2819,597,1617,,received,,Shock Absorber,2,2550.00,5100.00,1785.00,false,replacement
2820,597,1617,,received,,Shock Mounting,2,1200.00,2400.00,840.00,false,replacement
2821,598,1620,,received,,Brake Fluid,1,300.00,300.00,210.00,false,standard
2822,598,1620,,received,,Brake Pads,1,1600.00,1600.00,1120.00,false,replacement
2823,598,1620,,received,,Brake Shoe,1,2350.00,2350.00,1645.00,true,original
2824,598,1620,,received,,Wheel Cylinder,2,1500.00,3000.00,1050.00,true,original
2825,599,1623,,received,,Suspension Bushing,4,1350.00,5400.00,945.00,true,original
2826,599,1623,,received,,Tie Rod End,2,2300.00,4600.00,1610.00,true,original
2827,599,1623,,received,,Stabilizer Link,2,2200.00,4400.00,1540.00,true,original
2828,599,1623,,received,,Shock Absorber,2,2000.00,4000.00,1400.00,false,replacement
2829,599,1623,,received,,Shock Mounting,2,2250.00,4500.00,1575.00,true,original
2830,600,1626,,received,,Suspension Bushing,4,750.00,3000.00,525.00,false,replacement
2831,600,1626,,received,,Tie Rod End,2,1200.00,2400.00,840.00,false,replacement
2832,600,1626,,received,,Stabilizer Link,2,1400.00,2800.00,980.00,false,replacement
2833,600,1626,,received,,Shock Absorber,2,1800.00,3600.00,1260.00,false,replacement
2834,600,1626,,received,,Shock Mounting,2,1000.00,2000.00,700.00,false,replacement
2835,601,1630,,received,,Suspension Bushing,3,600.00,1800.00,420.00,false,replacement
2836,601,1630,,received,,Tie Rod End,2,1200.00,2400.00,840.00,false,replacement
2837,601,1630,,received,,Stabilizer Link,2,1000.00,2000.00,700.00,false,replacement
2838,601,1630,,received,,Shock Absorber,2,2550.00,5100.00,1785.00,false,replacement
2839,601,1630,,received,,Shock Mounting,2,2150.00,4300.00,1505.00,true,original
2840,602,1631,,received,,Overhauling Gasket Set,1,4500.00,4500.00,3150.00,false,replacement
2841,602,1631,,received,,Valve Cover Gasket,1,450.00,450.00,315.00,false,replacement
2842,602,1631,,received,,Spark Plug,4,350.00,1400.00,245.00,false,replacement
2843,602,1631,,received,,Engine Coolant,2,350.00,700.00,245.00,false,standard
2844,602,1631,,received,,Oil Filter,1,350.00,350.00,245.00,false,replacement
2845,602,1631,,received,,RTV Silicone Gasket Maker,2,250.00,500.00,175.00,false,standard
2846,603,1632,,received,,Clutch Disc,1,6000.00,6000.00,4200.00,true,original
2847,603,1632,,received,,Pressure Plate,1,4650.00,4650.00,3255.00,true,original
2848,603,1632,,received,,Release Bearing,1,1800.00,1800.00,1260.00,true,original
2849,603,1632,,received,,Brake Cleaner,1,250.00,250.00,175.00,false,standard
2850,604,1635,,received,,Brake Cleaner,1,250.00,250.00,175.00,false,standard
2851,604,1635,,received,,Brake Fluid,1,300.00,300.00,210.00,false,standard
2852,604,1635,,received,,Brake Pads,2,3550.00,7100.00,2485.00,true,original
2853,604,1635,,received,,Brake Shoe,1,2550.00,2550.00,1785.00,true,original
2854,604,1635,,received,,Wheel Cylinder,1,1800.00,1800.00,1260.00,true,original
2855,605,1636,,received,,Clutch Disc,1,2750.00,2750.00,1925.00,false,replacement
2856,605,1636,,received,,Pressure Plate,1,3400.00,3400.00,2380.00,false,replacement
2857,605,1636,,received,,Release Bearing,1,900.00,900.00,630.00,false,replacement
2858,605,1636,,received,,RTV Silicone Gasket Maker,1,200.00,200.00,140.00,false,standard
2859,605,1636,,received,,Brake Cleaner,1,250.00,250.00,175.00,false,standard
2860,606,1638,,received,,Brake Cleaner,1,250.00,250.00,175.00,false,standard
2861,606,1638,,received,,Brake Fluid,1,300.00,300.00,210.00,false,standard
2862,606,1638,,received,,Brake Pads,1,1800.00,1800.00,1260.00,false,replacement
2863,606,1638,,received,,Brake Shoe,1,1250.00,1250.00,875.00,false,replacement
2864,606,1638,,received,,Wheel Cylinder,1,1100.00,1100.00,770.00,false,replacement
2865,607,1642,,received,,Tie Rod End,2,1000.00,2000.00,700.00,false,replacement
2866,607,1642,,received,,Stabilizer Link,2,1250.00,2500.00,875.00,false,replacement
2867,607,1642,,received,,Shock Mounting,2,2100.00,4200.00,1470.00,true,original
2868,608,1644,,received,,Brake Cleaner,2,250.00,500.00,175.00,false,standard
2869,608,1644,,received,,Brake Fluid,1,350.00,350.00,245.00,false,standard
2870,608,1644,,received,,Brake Pads,2,3000.00,6000.00,2100.00,true,original
2871,608,1644,,received,,Brake Shoe,1,2850.00,2850.00,1995.00,true,original
2872,608,1644,,received,,Wheel Cylinder,2,1500.00,3000.00,1050.00,true,original
2873,609,1646,,received,,Brake Cleaner,2,300.00,600.00,210.00,false,standard
2874,609,1646,,received,,Brake Pads,1,3150.00,3150.00,2205.00,true,original
2875,609,1646,,received,,Brake Shoe,1,2250.00,2250.00,1575.00,true,original
2876,609,1646,,received,,Wheel Cylinder,2,1450.00,2900.00,1015.00,true,original
2877,610,1648,,received,,Engine Oil,6,450.00,2700.00,315.00,false,standard
2878,610,1648,,received,,Oil Filter,1,350.00,350.00,245.00,false,replacement
2879,610,1648,,received,,Air Filter,1,700.00,700.00,490.00,false,replacement
2880,610,1648,,received,,Cabin Filter,1,500.00,500.00,350.00,false,replacement
2881,610,1648,,received,,Fuel Filter,1,700.00,700.00,490.00,false,replacement
2882,611,1652,,received,,Stabilizer Link,2,2250.00,4500.00,1575.00,true,original
2883,611,1652,,received,,Shock Mounting,2,2100.00,4200.00,1470.00,true,original
2884,612,1653,,received,,A/C Evaporator,1,4600.00,4600.00,3220.00,false,replacement
2885,612,1653,,received,,Cabin Filter,1,1600.00,1600.00,1120.00,true,original
2886,612,1653,,received,,Freon (R134a),2,400.00,800.00,280.00,false,standard
2887,612,1653,,received,,Cabin Filter,1,1250.00,1250.00,875.00,true,original
2888,613,1655,,received,,Engine Oil,5,450.00,2250.00,315.00,false,standard
2889,613,1655,,received,,Oil Filter,1,350.00,350.00,245.00,false,replacement
2890,613,1655,,received,,Cabin Filter,1,1300.00,1300.00,910.00,true,original
2891,614,1659,,received,,Suspension Bushing,2,1100.00,2200.00,770.00,true,original
2892,614,1659,,received,,Tie Rod End,2,850.00,1700.00,595.00,false,replacement
2893,614,1659,,received,,Stabilizer Link,2,1150.00,2300.00,805.00,false,replacement
2894,614,1659,,received,,Shock Absorber,2,4750.00,9500.00,3325.00,true,original
2895,614,1659,,received,,Shock Mounting,2,2400.00,4800.00,1680.00,true,original
2896,615,1662,,received,,Oil Filter,1,650.00,650.00,455.00,true,original
2897,615,1662,,received,,Air Filter,1,2450.00,2450.00,1715.00,true,original
2898,615,1662,,received,,Cabin Filter,1,450.00,450.00,315.00,false,replacement
2899,615,1662,,received,,Fuel Filter,1,600.00,600.00,420.00,false,replacement
2900,616,1665,,received,,Suspension Bushing,2,1250.00,2500.00,875.00,true,original
2901,616,1665,,received,,Tie Rod End,2,2250.00,4500.00,1575.00,true,original
2902,616,1665,,received,,Stabilizer Link,2,1750.00,3500.00,1225.00,true,original
2903,616,1665,,received,,Shock Absorber,2,4150.00,8300.00,2905.00,true,original
2904,616,1665,,received,,Shock Mounting,2,1650.00,3300.00,1155.00,true,original
2905,617,1666,,received,,Overhauling Gasket Set,1,3500.00,3500.00,2450.00,false,replacement
2906,617,1666,,received,,Crankshaft Oil Seal,1,1450.00,1450.00,1015.00,false,replacement
2907,617,1666,,received,,Spark Plug,4,350.00,1400.00,245.00,false,replacement
2908,617,1666,,received,,Engine Coolant,2,350.00,700.00,245.00,false,standard
2909,617,1666,,received,,Engine Oil,4,500.00,2000.00,350.00,false,standard
2910,617,1666,,received,,RTV Silicone Gasket Maker,2,250.00,500.00,175.00,false,standard
2911,618,1669,,received,,Suspension Bushing,2,550.00,1100.00,385.00,false,replacement
2912,618,1669,,received,,Tie Rod End,2,1000.00,2000.00,700.00,false,replacement
2913,618,1669,,received,,Stabilizer Link,2,1250.00,2500.00,875.00,false,replacement
2914,618,1669,,received,,Shock Absorber,2,2450.00,4900.00,1715.00,false,replacement
2915,618,1669,,received,,Shock Mounting,2,1000.00,2000.00,700.00,false,replacement
2916,619,1670,,received,,Clutch Disc,1,5050.00,5050.00,3535.00,true,original
2917,619,1670,,received,,Pressure Plate,1,3600.00,3600.00,2520.00,false,replacement
2918,619,1670,,received,,Release Bearing,1,900.00,900.00,630.00,false,replacement
2919,619,1670,,received,,RTV Silicone Gasket Maker,1,250.00,250.00,175.00,false,standard
2920,619,1670,,received,,Brake Cleaner,1,250.00,250.00,175.00,false,standard
2921,620,1672,,received,,A/C Evaporator,1,7400.00,7400.00,5180.00,true,original
2922,620,1672,,received,,Cabin Filter,1,1350.00,1350.00,945.00,true,original
2923,620,1672,,received,,Freon (R134a),1,450.00,450.00,315.00,false,standard
2924,620,1672,,received,,Cabin Filter,1,1450.00,1450.00,1015.00,true,original
2925,621,1676,,received,,Suspension Bushing,3,800.00,2400.00,560.00,false,replacement
2926,621,1676,,received,,Tie Rod End,2,1000.00,2000.00,700.00,false,replacement
2927,621,1676,,received,,Stabilizer Link,2,1050.00,2100.00,735.00,false,replacement
2928,621,1676,,received,,Shock Mounting,2,1650.00,3300.00,1155.00,true,original
2929,622,1677,,received,,Clutch Disc,1,3100.00,3100.00,2170.00,false,replacement
2930,622,1677,,received,,Pressure Plate,1,5350.00,5350.00,3745.00,true,original
2931,622,1677,,received,,Release Bearing,1,1050.00,1050.00,735.00,false,replacement
2932,622,1677,,received,,RTV Silicone Gasket Maker,1,250.00,250.00,175.00,false,standard
2933,622,1677,,received,,Brake Cleaner,1,250.00,250.00,175.00,false,standard
2934,623,1679,,received,,Engine Oil,6,450.00,2700.00,315.00,false,standard
2935,623,1679,,received,,Air Filter,1,2200.00,2200.00,1540.00,true,original
2936,624,1680,,received,,A/C Evaporator,1,6900.00,6900.00,4830.00,true,original
2937,624,1680,,received,,Cabin Filter,1,1700.00,1700.00,1190.00,true,original
2938,624,1680,,received,,Freon (R134a),1,450.00,450.00,315.00,false,standard
2939,624,1680,,received,,Cabin Filter,1,1250.00,1250.00,875.00,true,original
2940,625,1682,,received,,Brake Fluid,1,300.00,300.00,210.00,false,standard
2941,625,1682,,received,,Brake Shoe,1,1200.00,1200.00,840.00,false,replacement
2942,625,1682,,received,,Wheel Cylinder,2,900.00,1800.00,630.00,false,replacement
2943,626,1685,,received,,Air Filter,1,750.00,750.00,525.00,false,replacement
2944,626,1685,,received,,Cabin Filter,1,450.00,450.00,315.00,false,replacement
2945,626,1685,,received,,Fuel Filter,1,650.00,650.00,455.00,false,replacement
2946,627,1686,,received,,Clutch Disc,1,2750.00,2750.00,1925.00,false,replacement
2947,627,1686,,received,,Pressure Plate,1,3500.00,3500.00,2450.00,false,replacement
2948,627,1686,,received,,RTV Silicone Gasket Maker,1,250.00,250.00,175.00,false,standard
2949,627,1686,,received,,Brake Cleaner,1,200.00,200.00,140.00,false,standard
2950,628,1688,,received,,Brake Cleaner,2,200.00,400.00,140.00,false,standard
2951,628,1688,,received,,Brake Fluid,1,350.00,350.00,245.00,false,standard
2952,628,1688,,received,,Brake Pads,2,3600.00,7200.00,2520.00,true,original
2953,628,1688,,received,,Brake Shoe,1,3200.00,3200.00,2240.00,true,original
2954,628,1688,,received,,Wheel Cylinder,1,1700.00,1700.00,1190.00,true,original
2955,629,1689,,received,,Overhauling Gasket Set,1,5900.00,5900.00,4130.00,true,original
2956,629,1689,,received,,Valve Cover Gasket,1,1250.00,1250.00,875.00,true,original
2957,629,1689,,received,,Crankshaft Oil Seal,1,2350.00,2350.00,1645.00,true,original
2958,629,1689,,received,,Spark Plug,4,700.00,2800.00,490.00,true,original
2959,629,1689,,received,,Engine Coolant,4,350.00,1400.00,245.00,false,standard
2960,629,1689,,received,,Engine Oil,4,400.00,1600.00,280.00,false,standard
2961,629,1689,,received,,Oil Filter,1,350.00,350.00,245.00,false,replacement
2962,629,1689,,received,,RTV Silicone Gasket Maker,2,250.00,500.00,175.00,false,standard
2963,630,1690,,received,,Clutch Disc,1,5050.00,5050.00,3535.00,true,original
2964,630,1690,,received,,Release Bearing,1,1900.00,1900.00,1330.00,true,original
2965,630,1690,,received,,RTV Silicone Gasket Maker,1,250.00,250.00,175.00,false,standard
2966,630,1690,,received,,Brake Cleaner,1,250.00,250.00,175.00,false,standard
2967,631,1693,,received,,Suspension Bushing,4,700.00,2800.00,490.00,false,replacement
2968,631,1693,,received,,Tie Rod End,2,1000.00,2000.00,700.00,false,replacement
2969,631,1693,,received,,Stabilizer Link,2,1400.00,2800.00,980.00,false,replacement
2970,631,1693,,received,,Shock Mounting,2,1300.00,2600.00,910.00,false,replacement
2971,632,1695,,received,,Engine Oil,7,550.00,3850.00,385.00,false,standard
2972,632,1695,,received,,Air Filter,1,2200.00,2200.00,1540.00,true,original
2973,632,1695,,received,,Fuel Filter,1,550.00,550.00,385.00,false,replacement
2974,633,1699,,received,,Suspension Bushing,2,650.00,1300.00,455.00,false,replacement
2975,633,1699,,received,,Tie Rod End,2,1150.00,2300.00,805.00,false,replacement
2976,633,1699,,received,,Stabilizer Link,2,1100.00,2200.00,770.00,false,replacement
2977,633,1699,,received,,Shock Absorber,2,1850.00,3700.00,1295.00,false,replacement
2978,633,1699,,received,,Shock Mounting,2,1300.00,2600.00,910.00,false,replacement
2979,634,1704,,received,,Oil Filter,1,350.00,350.00,245.00,false,replacement
2980,634,1704,,received,,Air Filter,1,500.00,500.00,350.00,false,replacement
2981,634,1704,,received,,Cabin Filter,1,550.00,550.00,385.00,false,replacement
2982,634,1704,,received,,Fuel Filter,1,650.00,650.00,455.00,false,replacement
2983,635,1707,,received,,Brake Fluid,1,300.00,300.00,210.00,false,standard
2984,635,1707,,received,,Brake Pads,1,1500.00,1500.00,1050.00,false,replacement
2985,635,1707,,received,,Brake Shoe,1,1150.00,1150.00,805.00,false,replacement
2986,635,1707,,received,,Wheel Cylinder,2,850.00,1700.00,595.00,false,replacement
2987,636,1709,,received,,Engine Oil,3,400.00,1200.00,280.00,false,standard
2988,636,1709,,received,,Oil Filter,1,400.00,400.00,280.00,false,replacement
2989,636,1709,,received,,Air Filter,1,500.00,500.00,350.00,false,replacement
2990,636,1709,,received,,Cabin Filter,1,1050.00,1050.00,735.00,true,original
2991,636,1709,,received,,Fuel Filter,1,1800.00,1800.00,1260.00,true,original
2992,637,1714,,received,,Engine Oil,4,450.00,1800.00,315.00,false,standard
2993,637,1714,,received,,Oil Filter,1,850.00,850.00,595.00,true,original
2994,637,1714,,received,,Air Filter,1,2700.00,2700.00,1890.00,true,original
2995,637,1714,,received,,Cabin Filter,1,1250.00,1250.00,875.00,true,original
2996,637,1714,,received,,Fuel Filter,1,550.00,550.00,385.00,false,replacement
2997,638,1718,,received,,Suspension Bushing,4,700.00,2800.00,490.00,false,replacement
2998,638,1718,,received,,Shock Absorber,2,2150.00,4300.00,1505.00,false,replacement
2999,638,1718,,received,,Shock Mounting,2,2100.00,4200.00,1470.00,true,original
3000,639,1722,,received,,Suspension Bushing,4,650.00,2600.00,455.00,false,replacement
3001,639,1722,,received,,Tie Rod End,2,2450.00,4900.00,1715.00,true,original
3002,639,1722,,received,,Stabilizer Link,2,2150.00,4300.00,1505.00,true,original
3003,639,1722,,received,,Shock Absorber,2,4300.00,8600.00,3010.00,true,original
3004,639,1722,,received,,Shock Mounting,2,2100.00,4200.00,1470.00,true,original
3005,640,1724,,received,,Engine Oil,4,500.00,2000.00,350.00,false,standard
3006,640,1724,,received,,Oil Filter,1,350.00,350.00,245.00,false,replacement
3007,640,1724,,received,,Air Filter,1,650.00,650.00,455.00,false,replacement
3008,640,1724,,received,,Cabin Filter,1,400.00,400.00,280.00,false,replacement
3009,640,1724,,received,,Fuel Filter,1,600.00,600.00,420.00,false,replacement
3010,641,1727,,received,,Suspension Bushing,3,700.00,2100.00,490.00,false,replacement
3011,641,1727,,received,,Tie Rod End,2,1200.00,2400.00,840.00,false,replacement
3012,641,1727,,received,,Stabilizer Link,2,950.00,1900.00,665.00,false,replacement
3013,641,1727,,received,,Shock Absorber,2,2450.00,4900.00,1715.00,false,replacement
3014,642,1728,,received,,Clutch Disc,1,5650.00,5650.00,3955.00,true,original
3015,642,1728,,received,,Release Bearing,1,900.00,900.00,630.00,false,replacement
3016,642,1728,,received,,RTV Silicone Gasket Maker,1,250.00,250.00,175.00,false,standard
3017,642,1728,,received,,Brake Cleaner,1,250.00,250.00,175.00,false,standard
3018,643,1731,,received,,Engine Oil,3,450.00,1350.00,315.00,false,standard
3019,643,1731,,received,,Oil Filter,1,800.00,800.00,560.00,true,original
3020,643,1731,,received,,Air Filter,1,2100.00,2100.00,1470.00,true,original
3021,643,1731,,received,,Fuel Filter,1,1700.00,1700.00,1190.00,true,original
3022,644,1733,,received,,Brake Cleaner,2,250.00,500.00,175.00,false,standard
3023,644,1733,,received,,Brake Pads,1,3250.00,3250.00,2275.00,true,original
3024,644,1733,,received,,Wheel Cylinder,1,1000.00,1000.00,700.00,false,replacement
3025,645,1734,,received,,Clutch Disc,1,5500.00,5500.00,3850.00,true,original
3026,645,1734,,received,,Pressure Plate,1,4950.00,4950.00,3465.00,true,original
3027,645,1734,,received,,Release Bearing,1,2150.00,2150.00,1505.00,true,original
3028,645,1734,,received,,RTV Silicone Gasket Maker,1,250.00,250.00,175.00,false,standard
3029,646,1739,,received,,Air Filter,1,550.00,550.00,385.00,false,replacement
3030,646,1739,,received,,Cabin Filter,1,550.00,550.00,385.00,false,replacement
3031,646,1739,,received,,Fuel Filter,1,600.00,600.00,420.00,false,replacement
3032,647,1741,,received,,Valve Cover Gasket,1,1250.00,1250.00,875.00,true,original
3033,647,1741,,received,,Crankshaft Oil Seal,1,2700.00,2700.00,1890.00,true,original
3034,647,1741,,received,,RTV Silicone Gasket Maker,1,250.00,250.00,175.00,false,standard
3035,647,1741,,received,,Drive / Fan Belt,1,2600.00,2600.00,1820.00,true,original
3036,647,1741,,received,,Engine Oil,6,500.00,3000.00,350.00,false,standard
3037,647,1741,,received,,Oil Filter,1,700.00,700.00,490.00,true,original
3038,648,1743,,received,,Brake Cleaner,2,200.00,400.00,140.00,false,standard
3039,648,1743,,received,,Brake Fluid,1,350.00,350.00,245.00,false,standard
3040,648,1743,,received,,Brake Pads,1,1600.00,1600.00,1120.00,false,replacement
3041,648,1743,,received,,Brake Shoe,1,2300.00,2300.00,1610.00,true,original
3042,648,1743,,received,,Wheel Cylinder,2,950.00,1900.00,665.00,false,replacement
3043,649,1746,,received,,Valve Cover Gasket,1,650.00,650.00,455.00,false,replacement
3044,649,1746,,received,,Crankshaft Oil Seal,1,1700.00,1700.00,1190.00,false,replacement
3045,649,1746,,received,,RTV Silicone Gasket Maker,1,250.00,250.00,175.00,false,standard
3046,649,1746,,received,,Oil Filter,1,400.00,400.00,280.00,false,replacement
3047,650,1748,,received,,Clutch Disc,1,2950.00,2950.00,2065.00,false,replacement
3048,650,1748,,received,,Pressure Plate,1,3450.00,3450.00,2415.00,false,replacement
3049,650,1748,,received,,Release Bearing,1,800.00,800.00,560.00,false,replacement
3050,650,1748,,received,,RTV Silicone Gasket Maker,1,250.00,250.00,175.00,false,standard
3051,650,1748,,received,,Brake Cleaner,1,250.00,250.00,175.00,false,standard
3052,651,1749,,received,,Clutch Disc,1,4950.00,4950.00,3465.00,true,original
3053,651,1749,,received,,Pressure Plate,1,3650.00,3650.00,2555.00,false,replacement
3054,651,1749,,received,,Release Bearing,1,850.00,850.00,595.00,false,replacement
3055,651,1749,,received,,RTV Silicone Gasket Maker,1,200.00,200.00,140.00,false,standard
3056,651,1749,,received,,Brake Cleaner,1,250.00,250.00,175.00,false,standard
3057,652,1751,,received,,Engine Oil,6,450.00,2700.00,315.00,false,standard
3058,652,1751,,received,,Oil Filter,1,350.00,350.00,245.00,false,replacement
3059,652,1751,,received,,Air Filter,1,700.00,700.00,490.00,false,replacement
3060,652,1751,,received,,Cabin Filter,1,350.00,350.00,245.00,false,replacement
3061,653,1755,,received,,Suspension Bushing,2,550.00,1100.00,385.00,false,replacement
3062,653,1755,,received,,Tie Rod End,2,2100.00,4200.00,1470.00,true,original
3063,653,1755,,received,,Stabilizer Link,2,2150.00,4300.00,1505.00,true,original
3064,653,1755,,received,,Shock Absorber,2,2100.00,4200.00,1470.00,false,replacement
3065,653,1755,,received,,Shock Mounting,2,1850.00,3700.00,1295.00,true,original
3066,654,1758,,received,,Valve Cover Gasket,1,650.00,650.00,455.00,false,replacement
3067,654,1758,,received,,Crankshaft Oil Seal,1,1650.00,1650.00,1155.00,false,replacement
3068,654,1758,,received,,RTV Silicone Gasket Maker,1,250.00,250.00,175.00,false,standard
3069,654,1758,,received,,Drive / Fan Belt,1,1850.00,1850.00,1295.00,false,replacement
3070,654,1758,,received,,Engine Oil,3,400.00,1200.00,280.00,false,standard
3071,655,1760,,received,,Engine Oil,6,400.00,2400.00,280.00,false,standard
3072,655,1760,,received,,Air Filter,1,2100.00,2100.00,1470.00,true,original
3073,655,1760,,received,,Fuel Filter,1,2150.00,2150.00,1505.00,true,original
3074,656,1762,,received,,Brake Fluid,1,300.00,300.00,210.00,false,standard
3075,656,1762,,received,,Brake Pads,1,1450.00,1450.00,1015.00,false,replacement
3076,656,1762,,received,,Wheel Cylinder,1,1000.00,1000.00,700.00,false,replacement
3077,657,1765,,received,,Tie Rod End,2,1300.00,2600.00,910.00,false,replacement
3078,657,1765,,received,,Stabilizer Link,2,1300.00,2600.00,910.00,false,replacement
3079,657,1765,,received,,Shock Absorber,2,2650.00,5300.00,1855.00,false,replacement
3080,657,1765,,received,,Shock Mounting,2,1200.00,2400.00,840.00,false,replacement
3081,658,1767,,received,,Clutch Disc,1,3050.00,3050.00,2135.00,false,replacement
3082,658,1767,,received,,Pressure Plate,1,3350.00,3350.00,2345.00,false,replacement
3083,658,1767,,received,,Release Bearing,1,950.00,950.00,665.00,false,replacement
3084,658,1767,,received,,RTV Silicone Gasket Maker,1,250.00,250.00,175.00,false,standard
3085,658,1767,,received,,Brake Cleaner,1,200.00,200.00,140.00,false,standard
3086,659,1769,,received,,Valve Cover Gasket,1,700.00,700.00,490.00,false,replacement
3087,659,1769,,received,,Crankshaft Oil Seal,1,1550.00,1550.00,1085.00,false,replacement
3088,659,1769,,received,,RTV Silicone Gasket Maker,1,250.00,250.00,175.00,false,standard
3089,659,1769,,received,,Drive / Fan Belt,1,1800.00,1800.00,1260.00,false,replacement
3090,659,1769,,received,,Engine Oil,5,450.00,2250.00,315.00,false,standard
3091,659,1769,,received,,Oil Filter,1,350.00,350.00,245.00,false,replacement
3092,660,1771,,received,,Release Bearing,1,850.00,850.00,595.00,false,replacement
3093,660,1771,,received,,RTV Silicone Gasket Maker,1,250.00,250.00,175.00,false,standard
3094,660,1771,,received,,Brake Cleaner,1,200.00,200.00,140.00,false,standard
3095,661,1772,,received,,Overhauling Gasket Set,1,3500.00,3500.00,2450.00,false,replacement
3096,661,1772,,received,,Valve Cover Gasket,1,600.00,600.00,420.00,false,replacement
3097,661,1772,,received,,Crankshaft Oil Seal,1,1700.00,1700.00,1190.00,false,replacement
3098,661,1772,,received,,Spark Plug,4,300.00,1200.00,210.00,false,replacement
3099,661,1772,,received,,Engine Coolant,2,300.00,600.00,210.00,false,standard
3100,661,1772,,received,,Engine Oil,6,450.00,2700.00,315.00,false,standard
3101,661,1772,,received,,Oil Filter,1,300.00,300.00,210.00,false,replacement
3102,661,1772,,received,,RTV Silicone Gasket Maker,2,200.00,400.00,140.00,false,standard
3103,662,1775,,received,,Brake Cleaner,1,200.00,200.00,140.00,false,standard
3104,662,1775,,received,,Brake Fluid,1,300.00,300.00,210.00,false,standard
3105,662,1775,,received,,Brake Pads,1,3550.00,3550.00,2485.00,true,original
3106,662,1775,,received,,Brake Shoe,1,2700.00,2700.00,1890.00,true,original
3107,662,1775,,received,,Wheel Cylinder,1,1650.00,1650.00,1155.00,true,original
3108,663,1776,,received,,A/C Evaporator,1,7550.00,7550.00,5285.00,true,original
3109,663,1776,,received,,Cabin Filter,1,450.00,450.00,315.00,false,replacement
3110,664,1779,,received,,Brake Cleaner,2,250.00,500.00,175.00,false,standard
3111,664,1779,,received,,Brake Fluid,1,300.00,300.00,210.00,false,standard
3112,664,1779,,received,,Brake Pads,2,3300.00,6600.00,2310.00,true,original
3113,664,1779,,received,,Brake Shoe,1,2300.00,2300.00,1610.00,true,original
3114,664,1779,,received,,Wheel Cylinder,2,1550.00,3100.00,1085.00,true,original
3115,665,1782,,received,,Engine Oil,3,450.00,1350.00,315.00,false,standard
3116,665,1782,,received,,Oil Filter,1,650.00,650.00,455.00,true,original
3117,665,1782,,received,,Air Filter,1,2000.00,2000.00,1400.00,true,original
3118,665,1782,,received,,Cabin Filter,1,1150.00,1150.00,805.00,true,original
3119,665,1782,,received,,Fuel Filter,1,1950.00,1950.00,1365.00,true,original
3120,666,1785,,received,,Brake Cleaner,1,250.00,250.00,175.00,false,standard
3121,666,1785,,received,,Brake Fluid,1,300.00,300.00,210.00,false,standard
3122,666,1785,,received,,Brake Pads,1,1800.00,1800.00,1260.00,false,replacement
3123,666,1785,,received,,Brake Shoe,1,1050.00,1050.00,735.00,false,replacement
3124,666,1785,,received,,Wheel Cylinder,2,850.00,1700.00,595.00,false,replacement
3125,667,1788,,received,,Brake Cleaner,2,300.00,600.00,210.00,false,standard
3126,667,1788,,received,,Brake Fluid,1,300.00,300.00,210.00,false,standard
3127,667,1788,,received,,Brake Pads,1,1450.00,1450.00,1015.00,false,replacement
3128,667,1788,,received,,Brake Shoe,1,1050.00,1050.00,735.00,false,replacement
3129,667,1788,,received,,Wheel Cylinder,2,1000.00,2000.00,700.00,false,replacement
3130,668,1790,,received,,Pressure Plate,1,3800.00,3800.00,2660.00,false,replacement
3131,668,1790,,received,,Release Bearing,1,950.00,950.00,665.00,false,replacement
3132,668,1790,,received,,Brake Cleaner,1,200.00,200.00,140.00,false,standard
3133,669,1792,,received,,Clutch Disc,1,5250.00,5250.00,3675.00,true,original
3134,669,1792,,received,,Pressure Plate,1,4200.00,4200.00,2940.00,true,original
3135,669,1792,,received,,Release Bearing,1,950.00,950.00,665.00,false,replacement
3136,669,1792,,received,,Brake Cleaner,1,250.00,250.00,175.00,false,standard
3137,670,1794,,received,,Engine Oil,3,500.00,1500.00,350.00,false,standard
3138,670,1794,,received,,Air Filter,1,700.00,700.00,490.00,false,replacement
3139,670,1794,,received,,Cabin Filter,1,400.00,400.00,280.00,false,replacement
3140,670,1794,,received,,Fuel Filter,1,500.00,500.00,350.00,false,replacement
3141,671,1796,,received,,A/C Evaporator,1,4250.00,4250.00,2975.00,false,replacement
3142,671,1796,,received,,Cabin Filter,1,1550.00,1550.00,1085.00,true,original
3143,671,1796,,received,,Freon (R134a),1,500.00,500.00,350.00,false,standard
3144,671,1796,,received,,Cabin Filter,1,450.00,450.00,315.00,false,replacement
3145,672,1798,,received,,Brake Cleaner,1,200.00,200.00,140.00,false,standard
3146,672,1798,,received,,Brake Fluid,1,300.00,300.00,210.00,false,standard
3147,672,1798,,received,,Brake Pads,2,1600.00,3200.00,1120.00,false,replacement
3148,672,1798,,received,,Wheel Cylinder,1,950.00,950.00,665.00,false,replacement
3149,673,1800,,received,,A/C Evaporator,1,3600.00,3600.00,2520.00,false,replacement
3150,673,1800,,received,,Cabin Filter,1,800.00,800.00,560.00,false,replacement
3151,673,1800,,received,,Freon (R134a),1,500.00,500.00,350.00,false,standard
3152,673,1800,,received,,Cabin Filter,1,1200.00,1200.00,840.00,true,original
3153,674,1804,,received,,Suspension Bushing,4,1250.00,5000.00,875.00,true,original
3154,674,1804,,received,,Tie Rod End,2,1200.00,2400.00,840.00,false,replacement
3155,674,1804,,received,,Stabilizer Link,2,2200.00,4400.00,1540.00,true,original
3156,674,1804,,received,,Shock Absorber,2,4700.00,9400.00,3290.00,true,original
3157,674,1804,,received,,Shock Mounting,2,2200.00,4400.00,1540.00,true,original
3158,675,1806,,received,,Brake Fluid,1,350.00,350.00,245.00,false,standard
3159,675,1806,,received,,Brake Pads,1,1300.00,1300.00,910.00,false,replacement
3160,675,1806,,received,,Brake Shoe,1,1400.00,1400.00,980.00,false,replacement
3161,675,1806,,received,,Wheel Cylinder,2,1850.00,3700.00,1295.00,true,original
3162,676,1809,,received,,Suspension Bushing,4,1100.00,4400.00,770.00,true,original
3163,676,1809,,received,,Tie Rod End,2,2050.00,4100.00,1435.00,true,original
3164,676,1809,,received,,Stabilizer Link,2,2250.00,4500.00,1575.00,true,original
3165,676,1809,,received,,Shock Absorber,2,4500.00,9000.00,3150.00,true,original
3166,676,1809,,received,,Shock Mounting,2,2400.00,4800.00,1680.00,true,original
3167,677,1811,,received,,Brake Cleaner,2,250.00,500.00,175.00,false,standard
3168,677,1811,,received,,Brake Fluid,1,300.00,300.00,210.00,false,standard
3169,677,1811,,received,,Brake Pads,1,1200.00,1200.00,840.00,false,replacement
3170,677,1811,,received,,Wheel Cylinder,1,900.00,900.00,630.00,false,replacement
3171,678,1814,,received,,Suspension Bushing,3,750.00,2250.00,525.00,false,replacement
3172,678,1814,,received,,Stabilizer Link,2,1150.00,2300.00,805.00,false,replacement
3173,678,1814,,received,,Shock Absorber,2,2250.00,4500.00,1575.00,false,replacement
3174,678,1814,,received,,Shock Mounting,2,1150.00,2300.00,805.00,false,replacement
3175,679,1818,,received,,Suspension Bushing,3,650.00,1950.00,455.00,false,replacement
3176,679,1818,,received,,Stabilizer Link,2,1000.00,2000.00,700.00,false,replacement
3177,679,1818,,received,,Shock Absorber,2,2400.00,4800.00,1680.00,false,replacement
3178,679,1818,,received,,Shock Mounting,2,1250.00,2500.00,875.00,false,replacement
3179,680,1819,,received,,A/C Evaporator,1,3950.00,3950.00,2765.00,false,replacement
3180,680,1819,,received,,Cabin Filter,1,1450.00,1450.00,1015.00,true,original
3181,680,1819,,received,,Freon (R134a),2,450.00,900.00,315.00,false,standard
3182,680,1819,,received,,Cabin Filter,1,1000.00,1000.00,700.00,true,original
3183,681,1822,,received,,Brake Cleaner,2,250.00,500.00,175.00,false,standard
3184,681,1822,,received,,Brake Fluid,1,300.00,300.00,210.00,false,standard
3185,681,1822,,received,,Brake Pads,1,3550.00,3550.00,2485.00,true,original
3186,681,1822,,received,,Wheel Cylinder,1,1800.00,1800.00,1260.00,true,original
3187,682,1825,,received,,Engine Oil,3,450.00,1350.00,315.00,false,standard
3188,682,1825,,received,,Oil Filter,1,400.00,400.00,280.00,false,replacement
3189,682,1825,,received,,Fuel Filter,1,550.00,550.00,385.00,false,replacement
3190,683,1827,,received,,Clutch Disc,1,2650.00,2650.00,1855.00,false,replacement
3191,683,1827,,received,,Pressure Plate,1,5150.00,5150.00,3605.00,true,original
3192,683,1827,,received,,Release Bearing,1,1850.00,1850.00,1295.00,true,original
3193,683,1827,,received,,RTV Silicone Gasket Maker,1,200.00,200.00,140.00,false,standard
3194,683,1827,,received,,Brake Cleaner,1,250.00,250.00,175.00,false,standard
3195,684,1829,,received,,Brake Cleaner,2,250.00,500.00,175.00,false,standard
3196,684,1829,,received,,Brake Fluid,1,300.00,300.00,210.00,false,standard
3197,684,1829,,received,,Brake Pads,1,1450.00,1450.00,1015.00,false,replacement
3198,684,1829,,received,,Brake Shoe,1,1350.00,1350.00,945.00,false,replacement
3199,684,1829,,received,,Wheel Cylinder,2,1100.00,2200.00,770.00,false,replacement
3200,685,1831,,received,,Engine Oil,5,400.00,2000.00,280.00,false,standard
3201,685,1831,,received,,Oil Filter,1,250.00,250.00,175.00,false,replacement
3202,685,1831,,received,,Air Filter,1,600.00,600.00,420.00,false,replacement
3203,685,1831,,received,,Cabin Filter,1,400.00,400.00,280.00,false,replacement
3204,685,1831,,received,,Fuel Filter,1,700.00,700.00,490.00,false,replacement
3205,686,1832,,received,,A/C Evaporator,1,4700.00,4700.00,3290.00,false,replacement
3206,686,1832,,received,,Cabin Filter,1,1250.00,1250.00,875.00,true,original
3207,686,1832,,received,,Cabin Filter,1,1150.00,1150.00,805.00,true,original
3208,687,1834,,received,,Engine Oil,7,500.00,3500.00,350.00,false,standard
3209,687,1834,,received,,Oil Filter,1,300.00,300.00,210.00,false,replacement
3210,688,1836,,received,,Engine Oil,6,400.00,2400.00,280.00,false,standard
3211,688,1836,,received,,Oil Filter,1,700.00,700.00,490.00,true,original
3212,688,1836,,received,,Air Filter,1,600.00,600.00,420.00,false,replacement
3213,688,1836,,received,,Fuel Filter,1,1450.00,1450.00,1015.00,true,original
3214,689,1839,,received,,Suspension Bushing,4,600.00,2400.00,420.00,false,replacement
3215,689,1839,,received,,Stabilizer Link,2,1200.00,2400.00,840.00,false,replacement
3216,689,1839,,received,,Shock Mounting,2,950.00,1900.00,665.00,false,replacement
3217,690,1841,,received,,Engine Oil,5,450.00,2250.00,315.00,false,standard
3218,690,1841,,received,,Oil Filter,1,700.00,700.00,490.00,true,original
3219,690,1841,,received,,Cabin Filter,1,1250.00,1250.00,875.00,true,original
3220,691,1842,,received,,Clutch Disc,1,2900.00,2900.00,2030.00,false,replacement
3221,691,1842,,received,,Pressure Plate,1,3350.00,3350.00,2345.00,false,replacement
3222,691,1842,,received,,Release Bearing,1,1000.00,1000.00,700.00,false,replacement
3223,691,1842,,received,,RTV Silicone Gasket Maker,1,300.00,300.00,210.00,false,standard
3224,691,1842,,received,,Brake Cleaner,1,250.00,250.00,175.00,false,standard
3225,692,1844,,received,,Brake Pads,2,1400.00,2800.00,980.00,false,replacement
3226,692,1844,,received,,Brake Shoe,1,1300.00,1300.00,910.00,false,replacement
3227,692,1844,,received,,Wheel Cylinder,1,1100.00,1100.00,770.00,false,replacement
3228,693,1847,,received,,Brake Cleaner,1,250.00,250.00,175.00,false,standard
3229,693,1847,,received,,Brake Fluid,1,300.00,300.00,210.00,false,standard
3230,693,1847,,received,,Brake Pads,2,3150.00,6300.00,2205.00,true,original
3231,693,1847,,received,,Brake Shoe,1,1200.00,1200.00,840.00,false,replacement
3232,693,1847,,received,,Wheel Cylinder,1,1100.00,1100.00,770.00,false,replacement
3233,694,1850,,received,,Oil Filter,1,300.00,300.00,210.00,false,replacement
3234,694,1850,,received,,Air Filter,1,2550.00,2550.00,1785.00,true,original
3235,694,1850,,received,,Fuel Filter,1,2050.00,2050.00,1435.00,true,original
3236,695,1853,,received,,Suspension Bushing,3,550.00,1650.00,385.00,false,replacement
3237,695,1853,,received,,Tie Rod End,2,1000.00,2000.00,700.00,false,replacement
3238,695,1853,,received,,Stabilizer Link,2,1100.00,2200.00,770.00,false,replacement
3239,695,1853,,received,,Shock Absorber,2,2100.00,4200.00,1470.00,false,replacement
3240,695,1853,,received,,Shock Mounting,2,1050.00,2100.00,735.00,false,replacement
3241,696,1854,,received,,A/C Evaporator,1,7900.00,7900.00,5530.00,true,original
3242,696,1854,,received,,Freon (R134a),1,450.00,450.00,315.00,false,standard
3243,696,1854,,received,,Cabin Filter,1,1150.00,1150.00,805.00,true,original
3244,697,1856,,received,,Brake Cleaner,2,250.00,500.00,175.00,false,standard
3245,697,1856,,received,,Brake Fluid,1,300.00,300.00,210.00,false,standard
3246,697,1856,,received,,Brake Pads,1,1700.00,1700.00,1190.00,false,replacement
3247,697,1856,,received,,Brake Shoe,1,2600.00,2600.00,1820.00,true,original
3248,697,1856,,received,,Wheel Cylinder,2,1550.00,3100.00,1085.00,true,original
3249,698,1858,,received,,Engine Oil,6,500.00,3000.00,350.00,false,standard
3250,698,1858,,received,,Air Filter,1,600.00,600.00,420.00,false,replacement
3251,698,1858,,received,,Cabin Filter,1,500.00,500.00,350.00,false,replacement
3252,698,1858,,received,,Fuel Filter,1,700.00,700.00,490.00,false,replacement
3253,699,1860,,received,,Oil Filter,1,350.00,350.00,245.00,false,replacement
3254,699,1860,,received,,Air Filter,1,2150.00,2150.00,1505.00,true,original
3255,699,1860,,received,,Cabin Filter,1,450.00,450.00,315.00,false,replacement
3256,699,1860,,received,,Fuel Filter,1,1650.00,1650.00,1155.00,true,original
3257,700,1865,,received,,Engine Oil,7,400.00,2800.00,280.00,false,standard
3258,700,1865,,received,,Oil Filter,1,700.00,700.00,490.00,true,original
3259,700,1865,,received,,Air Filter,1,2400.00,2400.00,1680.00,true,original
3260,700,1865,,received,,Cabin Filter,1,1050.00,1050.00,735.00,true,original
3261,700,1865,,received,,Fuel Filter,1,1850.00,1850.00,1295.00,true,original
3262,701,1868,,received,,Valve Cover Gasket,1,1400.00,1400.00,980.00,true,original
3263,701,1868,,received,,Crankshaft Oil Seal,1,2350.00,2350.00,1645.00,true,original
3264,701,1868,,received,,RTV Silicone Gasket Maker,1,250.00,250.00,175.00,false,standard
3265,701,1868,,received,,Drive / Fan Belt,1,3500.00,3500.00,2450.00,true,original
3266,701,1868,,received,,Engine Oil,5,500.00,2500.00,350.00,false,standard
3267,701,1868,,received,,Oil Filter,1,900.00,900.00,630.00,true,original
3268,702,1871,,received,,Brake Cleaner,1,250.00,250.00,175.00,false,standard
3269,702,1871,,received,,Brake Fluid,1,250.00,250.00,175.00,false,standard
3270,702,1871,,received,,Brake Pads,2,1450.00,2900.00,1015.00,false,replacement
3271,702,1871,,received,,Brake Shoe,1,1300.00,1300.00,910.00,false,replacement
3272,703,1873,,received,,Brake Cleaner,1,300.00,300.00,210.00,false,standard
3273,703,1873,,received,,Brake Fluid,1,300.00,300.00,210.00,false,standard
3274,703,1873,,received,,Brake Pads,1,1300.00,1300.00,910.00,false,replacement
3275,703,1873,,received,,Brake Shoe,1,1250.00,1250.00,875.00,false,replacement
3276,703,1873,,received,,Wheel Cylinder,2,1050.00,2100.00,735.00,false,replacement
3277,704,1875,,received,,Valve Cover Gasket,1,600.00,600.00,420.00,false,replacement
3278,704,1875,,received,,Crankshaft Oil Seal,1,1400.00,1400.00,980.00,false,replacement
3279,704,1875,,received,,RTV Silicone Gasket Maker,1,300.00,300.00,210.00,false,standard
3280,704,1875,,received,,Drive / Fan Belt,1,1900.00,1900.00,1330.00,false,replacement
3281,704,1875,,received,,Engine Oil,5,450.00,2250.00,315.00,false,standard
3282,704,1875,,received,,Oil Filter,1,800.00,800.00,560.00,true,original
3283,705,1878,,received,,Suspension Bushing,2,1400.00,2800.00,980.00,true,original
3284,705,1878,,received,,Stabilizer Link,2,2150.00,4300.00,1505.00,true,original
3285,705,1878,,received,,Shock Mounting,2,1900.00,3800.00,1330.00,true,original
3286,706,1879,,received,,A/C Evaporator,1,4400.00,4400.00,3080.00,false,replacement
3287,706,1879,,received,,Freon (R134a),1,500.00,500.00,350.00,false,standard
3288,707,1881,,received,,Engine Oil,5,450.00,2250.00,315.00,false,standard
3289,707,1881,,received,,Oil Filter,1,350.00,350.00,245.00,false,replacement
3290,707,1881,,received,,Air Filter,1,1900.00,1900.00,1330.00,true,original
3291,707,1881,,received,,Cabin Filter,1,500.00,500.00,350.00,false,replacement
3292,707,1881,,received,,Fuel Filter,1,600.00,600.00,420.00,false,replacement
3293,708,1886,,received,,Air Filter,1,700.00,700.00,490.00,false,replacement
3294,708,1886,,received,,Cabin Filter,1,400.00,400.00,280.00,false,replacement
3295,708,1886,,received,,Fuel Filter,1,600.00,600.00,420.00,false,replacement
3296,709,1890,,received,,Suspension Bushing,4,650.00,2600.00,455.00,false,replacement
3297,709,1890,,received,,Tie Rod End,2,900.00,1800.00,630.00,false,replacement
3298,709,1890,,received,,Shock Absorber,2,4500.00,9000.00,3150.00,true,original
3299,709,1890,,received,,Shock Mounting,2,1150.00,2300.00,805.00,false,replacement
3300,710,1892,,received,,Clutch Disc,1,3200.00,3200.00,2240.00,false,replacement
3301,710,1892,,received,,Pressure Plate,1,3900.00,3900.00,2730.00,false,replacement
3302,710,1892,,received,,Release Bearing,1,950.00,950.00,665.00,false,replacement
3303,710,1892,,received,,RTV Silicone Gasket Maker,1,250.00,250.00,175.00,false,standard
3304,710,1892,,received,,Brake Cleaner,1,250.00,250.00,175.00,false,standard
3305,711,1893,,received,,Clutch Disc,1,5400.00,5400.00,3780.00,true,original
3306,711,1893,,received,,Pressure Plate,1,4650.00,4650.00,3255.00,true,original
3307,711,1893,,received,,Release Bearing,1,900.00,900.00,630.00,false,replacement
3308,711,1893,,received,,RTV Silicone Gasket Maker,1,250.00,250.00,175.00,false,standard
3309,711,1893,,received,,Brake Cleaner,1,200.00,200.00,140.00,false,standard
3310,712,1896,,received,,Engine Oil,7,450.00,3150.00,315.00,false,standard
3311,712,1896,,received,,Oil Filter,1,300.00,300.00,210.00,false,replacement
3312,712,1896,,received,,Cabin Filter,1,1100.00,1100.00,770.00,true,original
3313,712,1896,,received,,Fuel Filter,1,1950.00,1950.00,1365.00,true,original
3314,713,1900,,received,,Suspension Bushing,2,600.00,1200.00,420.00,false,replacement
3315,713,1900,,received,,Tie Rod End,2,1000.00,2000.00,700.00,false,replacement
3316,713,1900,,received,,Stabilizer Link,2,1200.00,2400.00,840.00,false,replacement
3317,713,1900,,received,,Shock Absorber,2,2150.00,4300.00,1505.00,false,replacement
3318,713,1900,,received,,Shock Mounting,2,1100.00,2200.00,770.00,false,replacement
3319,714,1902,,received,,A/C Evaporator,1,4800.00,4800.00,3360.00,false,replacement
3320,714,1902,,received,,Cabin Filter,1,800.00,800.00,560.00,false,replacement
3321,714,1902,,received,,Freon (R134a),1,400.00,400.00,280.00,false,standard
3322,714,1902,,received,,Cabin Filter,1,550.00,550.00,385.00,false,replacement
3323,715,1904,,received,,Brake Cleaner,1,250.00,250.00,175.00,false,standard
3324,715,1904,,received,,Brake Fluid,1,250.00,250.00,175.00,false,standard
3325,715,1904,,received,,Brake Pads,1,3550.00,3550.00,2485.00,true,original
3326,715,1904,,received,,Brake Shoe,1,2400.00,2400.00,1680.00,true,original
3327,715,1904,,received,,Wheel Cylinder,2,1900.00,3800.00,1330.00,true,original
3328,716,1906,,received,,Engine Oil,6,450.00,2700.00,315.00,false,standard
3329,716,1906,,received,,Oil Filter,1,400.00,400.00,280.00,false,replacement
3330,716,1906,,received,,Air Filter,1,2050.00,2050.00,1435.00,true,original
3331,716,1906,,received,,Cabin Filter,1,500.00,500.00,350.00,false,replacement
3332,717,1909,,received,,Brake Cleaner,2,250.00,500.00,175.00,false,standard
3333,717,1909,,received,,Brake Fluid,1,300.00,300.00,210.00,false,standard
3334,717,1909,,received,,Brake Pads,1,1450.00,1450.00,1015.00,false,replacement
3335,717,1909,,received,,Brake Shoe,1,1300.00,1300.00,910.00,false,replacement
3336,717,1909,,received,,Wheel Cylinder,2,1000.00,2000.00,700.00,false,replacement
3337,718,1913,,received,,Suspension Bushing,2,650.00,1300.00,455.00,false,replacement
3338,718,1913,,received,,Tie Rod End,2,1350.00,2700.00,945.00,false,replacement
3339,718,1913,,received,,Stabilizer Link,2,1300.00,2600.00,910.00,false,replacement
3340,718,1913,,received,,Shock Absorber,2,2200.00,4400.00,1540.00,false,replacement
3341,718,1913,,received,,Shock Mounting,2,900.00,1800.00,630.00,false,replacement
3342,719,1917,,received,,Suspension Bushing,3,650.00,1950.00,455.00,false,replacement
3343,719,1917,,received,,Tie Rod End,2,1000.00,2000.00,700.00,false,replacement
3344,719,1917,,received,,Stabilizer Link,2,1100.00,2200.00,770.00,false,replacement
3345,719,1917,,received,,Shock Mounting,2,1300.00,2600.00,910.00,false,replacement
3346,720,1919,,received,,Engine Oil,3,450.00,1350.00,315.00,false,standard
3347,720,1919,,received,,Oil Filter,1,600.00,600.00,420.00,true,original
3348,720,1919,,received,,Cabin Filter,1,400.00,400.00,280.00,false,replacement
3349,720,1919,,received,,Fuel Filter,1,600.00,600.00,420.00,false,replacement
3350,721,1922,,received,,Valve Cover Gasket,1,500.00,500.00,350.00,false,replacement
3351,721,1922,,received,,Crankshaft Oil Seal,1,1500.00,1500.00,1050.00,false,replacement
3352,721,1922,,received,,RTV Silicone Gasket Maker,1,200.00,200.00,140.00,false,standard
3353,721,1922,,received,,Drive / Fan Belt,1,1850.00,1850.00,1295.00,false,replacement
3354,721,1922,,received,,Engine Oil,6,450.00,2700.00,315.00,false,standard
3355,721,1922,,received,,Oil Filter,1,350.00,350.00,245.00,false,replacement
3356,722,1924,,received,,Brake Cleaner,1,250.00,250.00,175.00,false,standard
3357,722,1924,,received,,Brake Fluid,1,300.00,300.00,210.00,false,standard
3358,722,1924,,received,,Brake Pads,2,1600.00,3200.00,1120.00,false,replacement
3359,722,1924,,received,,Brake Shoe,1,1200.00,1200.00,840.00,false,replacement
3360,722,1924,,received,,Wheel Cylinder,1,950.00,950.00,665.00,false,replacement
3361,723,1928,,received,,Suspension Bushing,3,800.00,2400.00,560.00,false,replacement
3362,723,1928,,received,,Tie Rod End,2,1400.00,2800.00,980.00,false,replacement
3363,723,1928,,received,,Shock Absorber,2,2200.00,4400.00,1540.00,false,replacement
3364,723,1928,,received,,Shock Mounting,2,1150.00,2300.00,805.00,false,replacement
3365,724,1929,,received,,A/C Evaporator,1,3650.00,3650.00,2555.00,false,replacement
3366,724,1929,,received,,Cabin Filter,1,900.00,900.00,630.00,false,replacement
3367,724,1929,,received,,Freon (R134a),2,550.00,1100.00,385.00,false,standard
3368,724,1929,,received,,Cabin Filter,1,400.00,400.00,280.00,false,replacement
3369,725,1932,,received,,Brake Cleaner,2,250.00,500.00,175.00,false,standard
3370,725,1932,,received,,Brake Shoe,1,1150.00,1150.00,805.00,false,replacement
3371,725,1932,,received,,Wheel Cylinder,1,900.00,900.00,630.00,false,replacement
3372,726,1935,,received,,Brake Cleaner,1,250.00,250.00,175.00,false,standard
3373,726,1935,,received,,Brake Fluid,1,250.00,250.00,175.00,false,standard
3374,726,1935,,received,,Brake Pads,2,1700.00,3400.00,1190.00,false,replacement
3375,726,1935,,received,,Brake Shoe,1,1300.00,1300.00,910.00,false,replacement
3376,726,1935,,received,,Wheel Cylinder,1,1050.00,1050.00,735.00,false,replacement
3377,727,1937,,received,,Brake Cleaner,2,250.00,500.00,175.00,false,standard
3378,727,1937,,received,,Brake Fluid,1,350.00,350.00,245.00,false,standard
3379,727,1937,,received,,Brake Pads,2,1400.00,2800.00,980.00,false,replacement
3380,727,1937,,received,,Brake Shoe,1,1300.00,1300.00,910.00,false,replacement
3381,727,1937,,received,,Wheel Cylinder,2,1050.00,2100.00,735.00,false,replacement
3382,728,1940,,received,,Engine Oil,5,450.00,2250.00,315.00,false,standard
3383,728,1940,,received,,Oil Filter,1,350.00,350.00,245.00,false,replacement
3384,728,1940,,received,,Air Filter,1,600.00,600.00,420.00,false,replacement
3385,728,1940,,received,,Cabin Filter,1,400.00,400.00,280.00,false,replacement
3386,728,1940,,received,,Fuel Filter,1,650.00,650.00,455.00,false,replacement
3387,729,1943,,received,,Suspension Bushing,4,650.00,2600.00,455.00,false,replacement
3388,729,1943,,received,,Tie Rod End,2,1100.00,2200.00,770.00,false,replacement
3389,729,1943,,received,,Stabilizer Link,2,1300.00,2600.00,910.00,false,replacement
3390,729,1943,,received,,Shock Absorber,2,2200.00,4400.00,1540.00,false,replacement
3391,730,1947,,received,,Suspension Bushing,2,1250.00,2500.00,875.00,true,original
3392,730,1947,,received,,Tie Rod End,2,1050.00,2100.00,735.00,false,replacement
3393,730,1947,,received,,Shock Mounting,2,1350.00,2700.00,945.00,false,replacement
3394,731,1949,,received,,Valve Cover Gasket,1,650.00,650.00,455.00,false,replacement
3395,731,1949,,received,,Crankshaft Oil Seal,1,1300.00,1300.00,910.00,false,replacement
3396,731,1949,,received,,RTV Silicone Gasket Maker,1,200.00,200.00,140.00,false,standard
3397,731,1949,,received,,Drive / Fan Belt,1,1350.00,1350.00,945.00,false,replacement
3398,731,1949,,received,,Engine Oil,3,500.00,1500.00,350.00,false,standard
3399,731,1949,,received,,Oil Filter,1,350.00,350.00,245.00,false,replacement
3400,732,1953,,received,,Suspension Bushing,4,1300.00,5200.00,910.00,true,original
3401,732,1953,,received,,Tie Rod End,2,2100.00,4200.00,1470.00,true,original
3402,732,1953,,received,,Shock Absorber,2,4950.00,9900.00,3465.00,true,original
3403,732,1953,,received,,Shock Mounting,2,1150.00,2300.00,805.00,false,replacement
3404,733,1956,,received,,Brake Cleaner,1,250.00,250.00,175.00,false,standard
3405,733,1956,,received,,Brake Fluid,1,350.00,350.00,245.00,false,standard
3406,733,1956,,received,,Brake Pads,1,1500.00,1500.00,1050.00,false,replacement
3407,733,1956,,received,,Brake Shoe,1,1200.00,1200.00,840.00,false,replacement
3408,734,1958,,received,,A/C Evaporator,1,4250.00,4250.00,2975.00,false,replacement
3409,734,1958,,received,,Cabin Filter,1,700.00,700.00,490.00,false,replacement
3410,734,1958,,received,,Freon (R134a),1,500.00,500.00,350.00,false,standard
3411,734,1958,,received,,Cabin Filter,1,450.00,450.00,315.00,false,replacement
3412,735,1959,,received,,Clutch Disc,1,3200.00,3200.00,2240.00,false,replacement
3413,735,1959,,received,,Release Bearing,1,2050.00,2050.00,1435.00,true,original
3414,735,1959,,received,,RTV Silicone Gasket Maker,1,300.00,300.00,210.00,false,standard
3415,735,1959,,received,,Brake Cleaner,1,200.00,200.00,140.00,false,standard
3416,736,1961,,received,,Brake Cleaner,1,250.00,250.00,175.00,false,standard
3417,736,1961,,received,,Brake Fluid,1,300.00,300.00,210.00,false,standard
3418,736,1961,,received,,Brake Pads,2,1650.00,3300.00,1155.00,false,replacement
3419,736,1961,,received,,Brake Shoe,1,1050.00,1050.00,735.00,false,replacement
3420,736,1961,,received,,Wheel Cylinder,2,1050.00,2100.00,735.00,false,replacement
3421,737,1963,,received,,Brake Cleaner,1,250.00,250.00,175.00,false,standard
3422,737,1963,,received,,Brake Fluid,1,350.00,350.00,245.00,false,standard
3423,737,1963,,received,,Brake Pads,1,1150.00,1150.00,805.00,false,replacement
3424,737,1963,,received,,Brake Shoe,1,1200.00,1200.00,840.00,false,replacement
3425,737,1963,,received,,Wheel Cylinder,2,1000.00,2000.00,700.00,false,replacement
3426,738,1965,,received,,Engine Oil,4,500.00,2000.00,350.00,false,standard
3427,738,1965,,received,,Oil Filter,1,400.00,400.00,280.00,false,replacement
3428,738,1965,,received,,Cabin Filter,1,500.00,500.00,350.00,false,replacement
3429,738,1965,,received,,Fuel Filter,1,550.00,550.00,385.00,false,replacement
3430,739,1970,,received,,Air Filter,1,550.00,550.00,385.00,false,replacement
3431,739,1970,,received,,Cabin Filter,1,500.00,500.00,350.00,false,replacement
3432,739,1970,,received,,Fuel Filter,1,750.00,750.00,525.00,false,replacement
3433,740,1973,,received,,Brake Cleaner,2,200.00,400.00,140.00,false,standard
3434,740,1973,,received,,Brake Shoe,1,1250.00,1250.00,875.00,false,replacement
3435,740,1973,,received,,Wheel Cylinder,2,800.00,1600.00,560.00,false,replacement
3436,741,1975,,received,,Engine Oil,4,550.00,2200.00,385.00,false,standard
3437,741,1975,,received,,Oil Filter,1,350.00,350.00,245.00,false,replacement
3438,741,1975,,received,,Cabin Filter,1,550.00,550.00,385.00,false,replacement
3439,741,1975,,received,,Fuel Filter,1,700.00,700.00,490.00,false,replacement
3440,742,1977,,received,,Brake Cleaner,1,250.00,250.00,175.00,false,standard
3441,742,1977,,received,,Brake Fluid,1,300.00,300.00,210.00,false,standard
3442,742,1977,,received,,Brake Pads,1,3650.00,3650.00,2555.00,true,original
3443,742,1977,,received,,Wheel Cylinder,2,1850.00,3700.00,1295.00,true,original
3444,743,1978,,received,,A/C Evaporator,1,4150.00,4150.00,2905.00,false,replacement
3445,743,1978,,received,,Cabin Filter,1,700.00,700.00,490.00,false,replacement
3446,743,1978,,received,,Freon (R134a),1,550.00,550.00,385.00,false,standard
3447,743,1978,,received,,Cabin Filter,1,1200.00,1200.00,840.00,true,original
3448,744,1981,,received,,Valve Cover Gasket,1,400.00,400.00,280.00,false,replacement
3449,744,1981,,received,,Crankshaft Oil Seal,1,1550.00,1550.00,1085.00,false,replacement
3450,744,1981,,received,,RTV Silicone Gasket Maker,1,250.00,250.00,175.00,false,standard
3451,744,1981,,received,,Drive / Fan Belt,1,1800.00,1800.00,1260.00,false,replacement
3452,744,1981,,received,,Engine Oil,4,450.00,1800.00,315.00,false,standard
3453,744,1981,,received,,Oil Filter,1,350.00,350.00,245.00,false,replacement
3454,745,1983,,received,,Brake Fluid,1,300.00,300.00,210.00,false,standard
3455,745,1983,,received,,Brake Pads,1,1750.00,1750.00,1225.00,false,replacement
3456,745,1983,,received,,Brake Shoe,1,1400.00,1400.00,980.00,false,replacement
3457,746,1985,,received,,Brake Cleaner,2,250.00,500.00,175.00,false,standard
3458,746,1985,,received,,Brake Fluid,1,300.00,300.00,210.00,false,standard
3459,746,1985,,received,,Brake Pads,2,1500.00,3000.00,1050.00,false,replacement
3460,746,1985,,received,,Brake Shoe,1,1400.00,1400.00,980.00,false,replacement
3461,746,1985,,received,,Wheel Cylinder,2,1000.00,2000.00,700.00,false,replacement
3462,747,1987,,received,,Engine Oil,5,400.00,2000.00,280.00,false,standard
3463,747,1987,,received,,Oil Filter,1,450.00,450.00,315.00,false,replacement
3464,747,1987,,received,,Air Filter,1,800.00,800.00,560.00,false,replacement
3465,747,1987,,received,,Fuel Filter,1,550.00,550.00,385.00,false,replacement
3466,748,1989,,received,,Engine Oil,4,400.00,1600.00,280.00,false,standard
3467,748,1989,,received,,Oil Filter,1,300.00,300.00,210.00,false,replacement
3468,748,1989,,received,,Cabin Filter,1,550.00,550.00,385.00,false,replacement
3469,749,1991,,received,,Engine Oil,7,450.00,3150.00,315.00,false,standard
3470,749,1991,,received,,Oil Filter,1,350.00,350.00,245.00,false,replacement
3471,749,1991,,received,,Air Filter,1,550.00,550.00,385.00,false,replacement
3472,749,1991,,received,,Cabin Filter,1,450.00,450.00,315.00,false,replacement
3473,749,1991,,received,,Fuel Filter,1,600.00,600.00,420.00,false,replacement
3474,750,1994,,received,,Suspension Bushing,3,1200.00,3600.00,840.00,true,original
3475,750,1994,,received,,Tie Rod End,2,2500.00,5000.00,1750.00,true,original
3476,750,1994,,received,,Stabilizer Link,2,1000.00,2000.00,700.00,false,replacement
3477,750,1994,,received,,Shock Absorber,2,4550.00,9100.00,3185.00,true,original
3478,750,1994,,received,,Shock Mounting,2,1950.00,3900.00,1365.00,true,original
3479,751,1995,,received,,A/C Evaporator,1,8200.00,8200.00,5740.00,true,original
3480,751,1995,,received,,Cabin Filter,1,800.00,800.00,560.00,false,replacement
3481,751,1995,,received,,Freon (R134a),2,550.00,1100.00,385.00,false,standard
3482,751,1995,,received,,Cabin Filter,1,450.00,450.00,315.00,false,replacement
3483,752,1996,,received,,Overhauling Gasket Set,1,3650.00,3650.00,2555.00,false,replacement
3484,752,1996,,received,,Valve Cover Gasket,1,500.00,500.00,350.00,false,replacement
3485,752,1996,,received,,Crankshaft Oil Seal,1,1600.00,1600.00,1120.00,false,replacement
3486,752,1996,,received,,Spark Plug,4,300.00,1200.00,210.00,false,replacement
3487,752,1996,,received,,Engine Coolant,3,400.00,1200.00,280.00,false,standard
3488,752,1996,,received,,Engine Oil,4,500.00,2000.00,350.00,false,standard
3489,752,1996,,received,,Oil Filter,1,250.00,250.00,175.00,false,replacement
3490,752,1996,,received,,RTV Silicone Gasket Maker,2,250.00,500.00,175.00,false,standard
3491,753,1998,,received,,Brake Fluid,1,300.00,300.00,210.00,false,standard
3492,753,1998,,received,,Brake Pads,2,1350.00,2700.00,945.00,false,replacement
3493,753,1998,,received,,Brake Shoe,1,1350.00,1350.00,945.00,false,replacement
3494,753,1998,,received,,Wheel Cylinder,1,900.00,900.00,630.00,false,replacement
3495,754,2000,,received,,Engine Oil,6,450.00,2700.00,315.00,false,standard
3496,754,2000,,received,,Oil Filter,1,400.00,400.00,280.00,false,replacement
3497,754,2000,,received,,Air Filter,1,600.00,600.00,420.00,false,replacement
3498,754,2000,,received,,Cabin Filter,1,450.00,450.00,315.00,false,replacement
3499,754,2000,,received,,Fuel Filter,1,500.00,500.00,350.00,false,replacement
3500,755,2002,,received,,Pressure Plate,1,3450.00,3450.00,2415.00,false,replacement
3501,755,2002,,received,,Release Bearing,1,1000.00,1000.00,700.00,false,replacement
3502,755,2002,,received,,RTV Silicone Gasket Maker,1,250.00,250.00,175.00,false,standard
3503,755,2002,,received,,Brake Cleaner,1,250.00,250.00,175.00,false,standard
3504,756,2003,,received,,Cabin Filter,1,900.00,900.00,630.00,false,replacement
3505,757,2005,,received,,Brake Cleaner,2,250.00,500.00,175.00,false,standard
3506,757,2005,,received,,Brake Pads,1,3850.00,3850.00,2695.00,true,original
3507,757,2005,,received,,Wheel Cylinder,2,1850.00,3700.00,1295.00,true,original
3508,758,2007,,received,,Engine Oil,4,400.00,1600.00,280.00,false,standard
3509,758,2007,,received,,Oil Filter,1,350.00,350.00,245.00,false,replacement
3510,758,2007,,received,,Air Filter,1,700.00,700.00,490.00,false,replacement
3511,758,2007,,received,,Cabin Filter,1,450.00,450.00,315.00,false,replacement
3512,758,2007,,received,,Fuel Filter,1,1800.00,1800.00,1260.00,true,original
3513,759,2008,,received,,Clutch Disc,1,5550.00,5550.00,3885.00,true,original
3514,759,2008,,received,,Pressure Plate,1,3700.00,3700.00,2590.00,false,replacement
3515,759,2008,,received,,Release Bearing,1,1000.00,1000.00,700.00,false,replacement
3516,759,2008,,received,,RTV Silicone Gasket Maker,1,250.00,250.00,175.00,false,standard
3517,759,2008,,received,,Brake Cleaner,1,250.00,250.00,175.00,false,standard
3518,760,2010,,received,,Brake Cleaner,2,300.00,600.00,210.00,false,standard
3519,760,2010,,received,,Brake Fluid,1,300.00,300.00,210.00,false,standard
3520,760,2010,,received,,Brake Pads,2,1450.00,2900.00,1015.00,false,replacement
3521,760,2010,,received,,Brake Shoe,1,2750.00,2750.00,1925.00,true,original
3522,761,2013,,received,,Engine Oil,7,450.00,3150.00,315.00,false,standard
3523,761,2013,,received,,Oil Filter,1,750.00,750.00,525.00,true,original
3524,761,2013,,received,,Air Filter,1,2550.00,2550.00,1785.00,true,original
3525,761,2013,,received,,Cabin Filter,1,1350.00,1350.00,945.00,true,original
3526,761,2013,,received,,Fuel Filter,1,700.00,700.00,490.00,false,replacement
3527,762,2014,,received,,Brake Cleaner,1,250.00,250.00,175.00,false,standard
3528,763,2016,,received,,Air Filter,1,2300.00,2300.00,1610.00,true,original
3529,763,2016,,received,,Fuel Filter,1,650.00,650.00,455.00,false,replacement
3530,764,2018,,received,,Brake Cleaner,2,250.00,500.00,175.00,false,standard
3531,764,2018,,received,,Brake Pads,1,2800.00,2800.00,1960.00,true,original
3532,764,2018,,received,,Wheel Cylinder,1,1800.00,1800.00,1260.00,true,original
3533,765,2020,,received,,Engine Oil,5,500.00,2500.00,350.00,false,standard
3534,765,2020,,received,,Oil Filter,1,400.00,400.00,280.00,false,replacement
3535,765,2020,,received,,Cabin Filter,1,450.00,450.00,315.00,false,replacement
3536,765,2020,,received,,Fuel Filter,1,600.00,600.00,420.00,false,replacement
3537,766,2021,,received,,Overhauling Gasket Set,1,4350.00,4350.00,3045.00,false,replacement
3538,766,2021,,received,,Valve Cover Gasket,1,600.00,600.00,420.00,false,replacement
3539,766,2021,,received,,Spark Plug,4,250.00,1000.00,175.00,false,replacement
3540,766,2021,,received,,Engine Coolant,3,300.00,900.00,210.00,false,standard
3541,766,2021,,received,,Oil Filter,1,250.00,250.00,175.00,false,replacement
3542,766,2021,,received,,RTV Silicone Gasket Maker,2,250.00,500.00,175.00,false,standard
3543,767,2023,,received,,Valve Cover Gasket,1,500.00,500.00,350.00,false,replacement
3544,767,2023,,received,,RTV Silicone Gasket Maker,1,250.00,250.00,175.00,false,standard
3545,767,2023,,received,,Engine Oil,3,450.00,1350.00,315.00,false,standard
3546,767,2023,,received,,Oil Filter,1,300.00,300.00,210.00,false,replacement
3547,768,2025,,received,,Engine Oil,6,450.00,2700.00,315.00,false,standard
3548,768,2025,,received,,Oil Filter,1,400.00,400.00,280.00,false,replacement
3549,768,2025,,received,,Air Filter,1,2600.00,2600.00,1820.00,true,original
3550,768,2025,,received,,Fuel Filter,1,1750.00,1750.00,1225.00,true,original
3551,769,2028,,received,,Suspension Bushing,2,600.00,1200.00,420.00,false,replacement
3552,769,2028,,received,,Tie Rod End,2,1150.00,2300.00,805.00,false,replacement
3553,769,2028,,received,,Stabilizer Link,2,1150.00,2300.00,805.00,false,replacement
3554,769,2028,,received,,Shock Absorber,2,1750.00,3500.00,1225.00,false,replacement
3555,769,2028,,received,,Shock Mounting,2,950.00,1900.00,665.00,false,replacement
3556,770,2029,,received,,A/C Evaporator,1,4550.00,4550.00,3185.00,false,replacement
3557,770,2029,,received,,Cabin Filter,1,1050.00,1050.00,735.00,false,replacement
3558,770,2029,,received,,Freon (R134a),1,450.00,450.00,315.00,false,standard
3559,771,2032,,received,,Drive / Fan Belt,1,1750.00,1750.00,1225.00,false,replacement
3560,771,2032,,received,,Oil Filter,1,350.00,350.00,245.00,false,replacement
3561,772,2035,,received,,Engine Oil,6,450.00,2700.00,315.00,false,standard
3562,772,2035,,received,,Oil Filter,1,350.00,350.00,245.00,false,replacement
3563,772,2035,,received,,Air Filter,1,700.00,700.00,490.00,false,replacement
3564,772,2035,,received,,Cabin Filter,1,400.00,400.00,280.00,false,replacement
3565,772,2035,,received,,Fuel Filter,1,750.00,750.00,525.00,false,replacement
3566,773,2039,,received,,Suspension Bushing,4,1450.00,5800.00,1015.00,true,original
3567,773,2039,,received,,Tie Rod End,2,2450.00,4900.00,1715.00,true,original
3568,773,2039,,received,,Stabilizer Link,2,1150.00,2300.00,805.00,false,replacement
3569,773,2039,,received,,Shock Absorber,2,4150.00,8300.00,2905.00,true,original
3570,773,2039,,received,,Shock Mounting,2,2450.00,4900.00,1715.00,true,original
3571,774,2041,,received,,Engine Oil,7,450.00,3150.00,315.00,false,standard
3572,774,2041,,received,,Oil Filter,1,300.00,300.00,210.00,false,replacement
3573,774,2041,,received,,Air Filter,1,550.00,550.00,385.00,false,replacement
3574,774,2041,,received,,Cabin Filter,1,450.00,450.00,315.00,false,replacement
3575,774,2041,,received,,Fuel Filter,1,650.00,650.00,455.00,false,replacement
3576,775,2043,,received,,Engine Oil,5,400.00,2000.00,280.00,false,standard
3577,775,2043,,received,,Oil Filter,1,850.00,850.00,595.00,true,original
3578,775,2043,,received,,Air Filter,1,2350.00,2350.00,1645.00,true,original
3579,775,2043,,received,,Fuel Filter,1,2150.00,2150.00,1505.00,true,original
3580,776,2044,,received,,Overhauling Gasket Set,1,6200.00,6200.00,4340.00,true,original
3581,776,2044,,received,,Crankshaft Oil Seal,1,2600.00,2600.00,1820.00,true,original
3582,776,2044,,received,,Spark Plug,4,550.00,2200.00,385.00,true,original
3583,776,2044,,received,,Oil Filter,1,650.00,650.00,455.00,true,original
3584,776,2044,,received,,RTV Silicone Gasket Maker,2,200.00,400.00,140.00,false,standard
3585,777,2045,,received,,Overhauling Gasket Set,1,6600.00,6600.00,4620.00,true,original
3586,777,2045,,received,,Valve Cover Gasket,1,1500.00,1500.00,1050.00,true,original
3587,777,2045,,received,,Crankshaft Oil Seal,1,2100.00,2100.00,1470.00,true,original
3588,777,2045,,received,,Spark Plug,4,650.00,2600.00,455.00,true,original
3589,777,2045,,received,,Engine Coolant,2,400.00,800.00,280.00,false,standard
3590,777,2045,,received,,Oil Filter,1,700.00,700.00,490.00,true,original
3591,778,2047,,received,,Valve Cover Gasket,1,600.00,600.00,420.00,false,replacement
3592,778,2047,,received,,Crankshaft Oil Seal,1,1350.00,1350.00,945.00,false,replacement
3593,778,2047,,received,,RTV Silicone Gasket Maker,1,250.00,250.00,175.00,false,standard
3594,778,2047,,received,,Drive / Fan Belt,1,1600.00,1600.00,1120.00,false,replacement
3595,778,2047,,received,,Oil Filter,1,400.00,400.00,280.00,false,replacement
3596,779,2049,,received,,Overhauling Gasket Set,1,6100.00,6100.00,4270.00,true,original
3597,779,2049,,received,,Valve Cover Gasket,1,1450.00,1450.00,1015.00,true,original
3598,779,2049,,received,,Crankshaft Oil Seal,1,2300.00,2300.00,1610.00,true,original
3599,779,2049,,received,,Spark Plug,4,850.00,3400.00,595.00,true,original
3600,779,2049,,received,,Engine Coolant,2,300.00,600.00,210.00,false,standard
3601,779,2049,,received,,Engine Oil,6,500.00,3000.00,350.00,false,standard
3602,779,2049,,received,,Oil Filter,1,800.00,800.00,560.00,true,original
3603,779,2049,,received,,RTV Silicone Gasket Maker,2,300.00,600.00,210.00,false,standard
3604,780,2052,,received,,Suspension Bushing,3,600.00,1800.00,420.00,false,replacement
3605,780,2052,,received,,Tie Rod End,2,1050.00,2100.00,735.00,false,replacement
3606,780,2052,,received,,Stabilizer Link,2,1200.00,2400.00,840.00,false,replacement
3607,780,2052,,received,,Shock Mounting,2,1250.00,2500.00,875.00,false,replacement
3608,781,2054,,received,,Valve Cover Gasket,1,1500.00,1500.00,1050.00,true,original
3609,781,2054,,received,,Crankshaft Oil Seal,1,1900.00,1900.00,1330.00,true,original
3610,781,2054,,received,,RTV Silicone Gasket Maker,1,250.00,250.00,175.00,false,standard
3611,781,2054,,received,,Drive / Fan Belt,1,3150.00,3150.00,2205.00,true,original
3612,781,2054,,received,,Oil Filter,1,800.00,800.00,560.00,true,original
3613,782,2056,,received,,Overhauling Gasket Set,1,3350.00,3350.00,2345.00,false,replacement
3614,782,2056,,received,,Valve Cover Gasket,1,1350.00,1350.00,945.00,true,original
3615,782,2056,,received,,Crankshaft Oil Seal,1,2400.00,2400.00,1680.00,true,original
3616,782,2056,,received,,Spark Plug,4,350.00,1400.00,245.00,false,replacement
3617,782,2056,,received,,Engine Oil,7,450.00,3150.00,315.00,false,standard
3618,782,2056,,received,,Oil Filter,1,850.00,850.00,595.00,true,original
3619,783,2059,,received,,Suspension Bushing,4,750.00,3000.00,525.00,false,replacement
3620,783,2059,,received,,Tie Rod End,2,2500.00,5000.00,1750.00,true,original
3621,783,2059,,received,,Stabilizer Link,2,1000.00,2000.00,700.00,false,replacement
3622,783,2059,,received,,Shock Absorber,2,2150.00,4300.00,1505.00,false,replacement
3623,783,2059,,received,,Shock Mounting,2,1050.00,2100.00,735.00,false,replacement
3624,784,2061,,received,,Brake Cleaner,2,250.00,500.00,175.00,false,standard
3625,784,2061,,received,,Brake Fluid,1,350.00,350.00,245.00,false,standard
3626,784,2061,,received,,Brake Pads,1,1250.00,1250.00,875.00,false,replacement
3627,784,2061,,received,,Wheel Cylinder,2,900.00,1800.00,630.00,false,replacement
3628,785,2063,,received,,Oil Filter,1,350.00,350.00,245.00,false,replacement
3629,785,2063,,received,,Air Filter,1,600.00,600.00,420.00,false,replacement
3630,785,2063,,received,,Cabin Filter,1,400.00,400.00,280.00,false,replacement
3631,786,2065,,received,,A/C Evaporator,1,4150.00,4150.00,2905.00,false,replacement
3632,786,2065,,received,,Cabin Filter,1,1550.00,1550.00,1085.00,true,original
3633,786,2065,,received,,Freon (R134a),1,550.00,550.00,385.00,false,standard
3634,786,2065,,received,,Cabin Filter,1,550.00,550.00,385.00,false,replacement
3635,787,2068,,received,,Suspension Bushing,2,550.00,1100.00,385.00,false,replacement
3636,787,2068,,received,,Stabilizer Link,2,1250.00,2500.00,875.00,false,replacement
3637,787,2068,,received,,Shock Absorber,2,1850.00,3700.00,1295.00,false,replacement
3638,787,2068,,received,,Shock Mounting,2,2000.00,4000.00,1400.00,true,original
3639,788,2070,,received,,Engine Oil,4,450.00,1800.00,315.00,false,standard
3640,788,2070,,received,,Oil Filter,1,700.00,700.00,490.00,true,original
3641,788,2070,,received,,Cabin Filter,1,950.00,950.00,665.00,true,original
3642,788,2070,,received,,Fuel Filter,1,1750.00,1750.00,1225.00,true,original
3643,789,2073,,received,,Brake Cleaner,2,250.00,500.00,175.00,false,standard
3644,789,2073,,received,,Brake Fluid,1,350.00,350.00,245.00,false,standard
3645,789,2073,,received,,Brake Pads,1,1550.00,1550.00,1085.00,false,replacement
3646,789,2073,,received,,Brake Shoe,1,1200.00,1200.00,840.00,false,replacement
3647,789,2073,,received,,Wheel Cylinder,1,1100.00,1100.00,770.00,false,replacement
3648,790,2076,,received,,Engine Oil,4,500.00,2000.00,350.00,false,standard
3649,790,2076,,received,,Oil Filter,1,350.00,350.00,245.00,false,replacement
3650,790,2076,,received,,Cabin Filter,1,500.00,500.00,350.00,false,replacement
3651,791,2079,,received,,Engine Oil,5,500.00,2500.00,350.00,false,standard
3652,791,2079,,received,,Air Filter,1,2600.00,2600.00,1820.00,true,original
3653,792,2082,,received,,Engine Oil,7,450.00,3150.00,315.00,false,standard
3654,792,2082,,received,,Oil Filter,1,700.00,700.00,490.00,true,original
3655,792,2082,,received,,Air Filter,1,2450.00,2450.00,1715.00,true,original
3656,792,2082,,received,,Cabin Filter,1,1000.00,1000.00,700.00,true,original
3657,792,2082,,received,,Fuel Filter,1,1950.00,1950.00,1365.00,true,original
3658,793,2085,,received,,Suspension Bushing,4,600.00,2400.00,420.00,false,replacement
3659,793,2085,,received,,Tie Rod End,2,1000.00,2000.00,700.00,false,replacement
3660,793,2085,,received,,Stabilizer Link,2,1150.00,2300.00,805.00,false,replacement
3661,793,2085,,received,,Shock Mounting,2,1150.00,2300.00,805.00,false,replacement
3662,794,2087,,received,,Engine Oil,6,400.00,2400.00,280.00,false,standard
3663,794,2087,,received,,Oil Filter,1,350.00,350.00,245.00,false,replacement
3664,794,2087,,received,,Air Filter,1,2550.00,2550.00,1785.00,true,original
3665,794,2087,,received,,Fuel Filter,1,700.00,700.00,490.00,false,replacement
3666,795,2088,,received,,A/C Evaporator,1,4350.00,4350.00,3045.00,false,replacement
3667,795,2088,,received,,Freon (R134a),2,450.00,900.00,315.00,false,standard
3668,795,2088,,received,,Cabin Filter,1,450.00,450.00,315.00,false,replacement
3669,796,2092,,received,,Tie Rod End,2,950.00,1900.00,665.00,false,replacement
3670,796,2092,,received,,Shock Absorber,2,2050.00,4100.00,1435.00,false,replacement
3671,796,2092,,received,,Shock Mounting,2,850.00,1700.00,595.00,false,replacement
3672,797,2094,,received,,Engine Oil,5,450.00,2250.00,315.00,false,standard
3673,797,2094,,received,,Oil Filter,1,350.00,350.00,245.00,false,replacement
3674,797,2094,,received,,Air Filter,1,800.00,800.00,560.00,false,replacement
3675,797,2094,,received,,Cabin Filter,1,500.00,500.00,350.00,false,replacement
3676,798,2097,,received,,Brake Cleaner,1,250.00,250.00,175.00,false,standard
3677,798,2097,,received,,Brake Fluid,1,300.00,300.00,210.00,false,standard
3678,798,2097,,received,,Brake Pads,1,3300.00,3300.00,2310.00,true,original
3679,798,2097,,received,,Brake Shoe,1,2600.00,2600.00,1820.00,true,original
3680,798,2097,,received,,Wheel Cylinder,1,1750.00,1750.00,1225.00,true,original
3681,799,2101,,received,,Tie Rod End,2,1200.00,2400.00,840.00,false,replacement
3682,799,2101,,received,,Shock Absorber,2,1750.00,3500.00,1225.00,false,replacement
3683,799,2101,,received,,Shock Mounting,2,900.00,1800.00,630.00,false,replacement
3684,800,2104,,received,,Tie Rod End,2,2150.00,4300.00,1505.00,true,original
3685,800,2104,,received,,Stabilizer Link,2,2250.00,4500.00,1575.00,true,original
3686,800,2104,,received,,Shock Absorber,2,3850.00,7700.00,2695.00,true,original
3687,800,2104,,received,,Shock Mounting,2,1800.00,3600.00,1260.00,true,original
3688,801,2107,,received,,Engine Oil,5,450.00,2250.00,315.00,false,standard
3689,801,2107,,received,,Air Filter,1,500.00,500.00,350.00,false,replacement
3690,801,2107,,received,,Cabin Filter,1,500.00,500.00,350.00,false,replacement
3691,801,2107,,received,,Fuel Filter,1,500.00,500.00,350.00,false,replacement
3692,802,2109,,received,,A/C Evaporator,1,7200.00,7200.00,5040.00,true,original
3693,802,2109,,received,,Cabin Filter,1,1300.00,1300.00,910.00,true,original
3694,802,2109,,received,,Freon (R134a),1,450.00,450.00,315.00,false,standard
3695,803,2112,,received,,Suspension Bushing,3,1300.00,3900.00,910.00,true,original
3696,803,2112,,received,,Stabilizer Link,2,1750.00,3500.00,1225.00,true,original
3697,803,2112,,received,,Shock Absorber,2,4950.00,9900.00,3465.00,true,original
3698,803,2112,,received,,Shock Mounting,2,1800.00,3600.00,1260.00,true,original
3699,804,2116,,received,,Suspension Bushing,3,650.00,1950.00,455.00,false,replacement
3700,804,2116,,received,,Tie Rod End,2,1000.00,2000.00,700.00,false,replacement
3701,804,2116,,received,,Stabilizer Link,2,1250.00,2500.00,875.00,false,replacement
3702,804,2116,,received,,Shock Absorber,2,2300.00,4600.00,1610.00,false,replacement
3703,804,2116,,received,,Shock Mounting,2,1050.00,2100.00,735.00,false,replacement
3704,805,2117,,received,,Clutch Disc,1,2900.00,2900.00,2030.00,false,replacement
3705,805,2117,,received,,Pressure Plate,1,3650.00,3650.00,2555.00,false,replacement
3706,805,2117,,received,,Release Bearing,1,1100.00,1100.00,770.00,false,replacement
3707,805,2117,,received,,RTV Silicone Gasket Maker,1,250.00,250.00,175.00,false,standard
3708,805,2117,,received,,Brake Cleaner,1,250.00,250.00,175.00,false,standard
3709,806,2119,,received,,Valve Cover Gasket,1,400.00,400.00,280.00,false,replacement
3710,806,2119,,received,,Crankshaft Oil Seal,1,1850.00,1850.00,1295.00,false,replacement
3711,806,2119,,received,,RTV Silicone Gasket Maker,1,250.00,250.00,175.00,false,standard
3712,806,2119,,received,,Drive / Fan Belt,1,2800.00,2800.00,1960.00,true,original
3713,806,2119,,received,,Oil Filter,1,700.00,700.00,490.00,true,original
3714,807,2121,,received,,A/C Evaporator,1,3700.00,3700.00,2590.00,false,replacement
3715,807,2121,,received,,Cabin Filter,1,800.00,800.00,560.00,false,replacement
3716,807,2121,,received,,Freon (R134a),2,550.00,1100.00,385.00,false,standard
3717,807,2121,,received,,Cabin Filter,1,450.00,450.00,315.00,false,replacement
3718,808,2123,,received,,Clutch Disc,1,2600.00,2600.00,1820.00,false,replacement
3719,808,2123,,received,,Pressure Plate,1,3400.00,3400.00,2380.00,false,replacement
3720,808,2123,,received,,Release Bearing,1,750.00,750.00,525.00,false,replacement
3721,808,2123,,received,,RTV Silicone Gasket Maker,1,250.00,250.00,175.00,false,standard
3722,808,2123,,received,,Brake Cleaner,1,250.00,250.00,175.00,false,standard
3723,809,2127,,received,,Tie Rod End,2,1200.00,2400.00,840.00,false,replacement
3724,809,2127,,received,,Stabilizer Link,2,1250.00,2500.00,875.00,false,replacement
3725,809,2127,,received,,Shock Absorber,2,2150.00,4300.00,1505.00,false,replacement
3726,809,2127,,received,,Shock Mounting,2,1000.00,2000.00,700.00,false,replacement
3727,810,2130,,received,,Valve Cover Gasket,1,1400.00,1400.00,980.00,true,original
3728,810,2130,,received,,Crankshaft Oil Seal,1,2200.00,2200.00,1540.00,true,original
3729,810,2130,,received,,RTV Silicone Gasket Maker,1,250.00,250.00,175.00,false,standard
3730,810,2130,,received,,Drive / Fan Belt,1,1750.00,1750.00,1225.00,false,replacement
3731,810,2130,,received,,Engine Oil,3,500.00,1500.00,350.00,false,standard
3732,810,2130,,received,,Oil Filter,1,750.00,750.00,525.00,true,original
3733,811,2133,,received,,Valve Cover Gasket,1,1400.00,1400.00,980.00,true,original
3734,811,2133,,received,,Crankshaft Oil Seal,1,2650.00,2650.00,1855.00,true,original
3735,811,2133,,received,,RTV Silicone Gasket Maker,1,200.00,200.00,140.00,false,standard
3736,811,2133,,received,,Drive / Fan Belt,1,3100.00,3100.00,2170.00,true,original
3737,811,2133,,received,,Engine Oil,5,500.00,2500.00,350.00,false,standard
3738,811,2133,,received,,Oil Filter,1,550.00,550.00,385.00,true,original
3739,812,2136,,received,,Valve Cover Gasket,1,550.00,550.00,385.00,false,replacement
3740,812,2136,,received,,Crankshaft Oil Seal,1,1550.00,1550.00,1085.00,false,replacement
3741,812,2136,,received,,RTV Silicone Gasket Maker,1,250.00,250.00,175.00,false,standard
3742,812,2136,,received,,Drive / Fan Belt,1,1750.00,1750.00,1225.00,false,replacement
3743,812,2136,,received,,Engine Oil,6,500.00,3000.00,350.00,false,standard
3744,812,2136,,received,,Oil Filter,1,350.00,350.00,245.00,false,replacement
3745,813,2137,,received,,Clutch Disc,1,5800.00,5800.00,4060.00,true,original
3746,813,2137,,received,,Pressure Plate,1,4700.00,4700.00,3290.00,true,original
3747,813,2137,,received,,Release Bearing,1,1950.00,1950.00,1365.00,true,original
3748,813,2137,,received,,RTV Silicone Gasket Maker,1,250.00,250.00,175.00,false,standard
3749,813,2137,,received,,Brake Cleaner,1,250.00,250.00,175.00,false,standard
3750,814,2139,,received,,Brake Cleaner,2,300.00,600.00,210.00,false,standard
3751,814,2139,,received,,Brake Fluid,1,350.00,350.00,245.00,false,standard
3752,814,2139,,received,,Brake Shoe,1,1450.00,1450.00,1015.00,false,replacement
3753,815,2141,,received,,Brake Cleaner,1,200.00,200.00,140.00,false,standard
3754,815,2141,,received,,Brake Fluid,1,250.00,250.00,175.00,false,standard
3755,815,2141,,received,,Brake Pads,2,1450.00,2900.00,1015.00,false,replacement
3756,815,2141,,received,,Brake Shoe,1,1200.00,1200.00,840.00,false,replacement
3757,815,2141,,received,,Wheel Cylinder,1,950.00,950.00,665.00,false,replacement
3758,816,2144,,received,,Valve Cover Gasket,1,500.00,500.00,350.00,false,replacement
3759,816,2144,,received,,Crankshaft Oil Seal,1,2450.00,2450.00,1715.00,true,original
3760,816,2144,,received,,RTV Silicone Gasket Maker,1,250.00,250.00,175.00,false,standard
3761,816,2144,,received,,Drive / Fan Belt,1,1500.00,1500.00,1050.00,false,replacement
3762,816,2144,,received,,Oil Filter,1,300.00,300.00,210.00,false,replacement
3763,817,2146,,received,,Valve Cover Gasket,1,550.00,550.00,385.00,false,replacement
3764,817,2146,,received,,Crankshaft Oil Seal,1,1400.00,1400.00,980.00,false,replacement
3765,817,2146,,received,,RTV Silicone Gasket Maker,1,250.00,250.00,175.00,false,standard
3766,817,2146,,received,,Drive / Fan Belt,1,1950.00,1950.00,1365.00,false,replacement
3767,817,2146,,received,,Engine Oil,5,500.00,2500.00,350.00,false,standard
3768,817,2146,,received,,Oil Filter,1,400.00,400.00,280.00,false,replacement
3769,818,2148,,received,,Clutch Disc,1,3000.00,3000.00,2100.00,false,replacement
3770,818,2148,,received,,Release Bearing,1,1800.00,1800.00,1260.00,true,original
3771,818,2148,,received,,RTV Silicone Gasket Maker,1,200.00,200.00,140.00,false,standard
3772,818,2148,,received,,Brake Cleaner,1,300.00,300.00,210.00,false,standard
3773,819,2150,,received,,Oil Filter,1,250.00,250.00,175.00,false,replacement
3774,819,2150,,received,,Air Filter,1,700.00,700.00,490.00,false,replacement
3775,819,2150,,received,,Cabin Filter,1,1100.00,1100.00,770.00,true,original
3776,819,2150,,received,,Fuel Filter,1,700.00,700.00,490.00,false,replacement
3777,820,2152,,received,,Oil Filter,1,300.00,300.00,210.00,false,replacement
3778,820,2152,,received,,Air Filter,1,1900.00,1900.00,1330.00,true,original
3779,820,2152,,received,,Cabin Filter,1,1350.00,1350.00,945.00,true,original
3780,820,2152,,received,,Fuel Filter,1,1950.00,1950.00,1365.00,true,original
3781,821,2154,,received,,Brake Cleaner,1,250.00,250.00,175.00,false,standard
3782,821,2154,,received,,Brake Fluid,1,300.00,300.00,210.00,false,standard
3783,821,2154,,received,,Brake Pads,1,1250.00,1250.00,875.00,false,replacement
3784,821,2154,,received,,Wheel Cylinder,2,1000.00,2000.00,700.00,false,replacement
3785,822,2156,,received,,Brake Cleaner,1,300.00,300.00,210.00,false,standard
3786,822,2156,,received,,Brake Fluid,1,300.00,300.00,210.00,false,standard
3787,822,2156,,received,,Brake Pads,1,1650.00,1650.00,1155.00,false,replacement
3788,822,2156,,received,,Brake Shoe,1,1250.00,1250.00,875.00,false,replacement
3789,822,2156,,received,,Wheel Cylinder,2,1050.00,2100.00,735.00,false,replacement
3790,823,2158,,received,,Brake Cleaner,2,250.00,500.00,175.00,false,standard
3791,823,2158,,received,,Brake Fluid,1,300.00,300.00,210.00,false,standard
3792,823,2158,,received,,Brake Shoe,1,1350.00,1350.00,945.00,false,replacement
3793,823,2158,,received,,Wheel Cylinder,1,1800.00,1800.00,1260.00,true,original
3794,824,2159,,received,,A/C Evaporator,1,8700.00,8700.00,6090.00,true,original
3795,824,2159,,received,,Freon (R134a),1,450.00,450.00,315.00,false,standard
3796,825,2160,,received,,Overhauling Gasket Set,1,7600.00,7600.00,5320.00,true,original
3797,825,2160,,received,,Spark Plug,4,300.00,1200.00,210.00,false,replacement
3798,825,2160,,received,,Engine Coolant,4,400.00,1600.00,280.00,false,standard
3799,825,2160,,received,,Engine Oil,6,450.00,2700.00,315.00,false,standard
3800,825,2160,,received,,Oil Filter,1,900.00,900.00,630.00,true,original
3801,825,2160,,received,,RTV Silicone Gasket Maker,2,200.00,400.00,140.00,false,standard
3802,826,2162,,received,,Engine Oil,3,450.00,1350.00,315.00,false,standard
3803,826,2162,,received,,Oil Filter,1,400.00,400.00,280.00,false,replacement
3804,826,2162,,received,,Cabin Filter,1,500.00,500.00,350.00,false,replacement
3805,826,2162,,received,,Fuel Filter,1,650.00,650.00,455.00,false,replacement
3806,827,2165,,received,,Suspension Bushing,3,1250.00,3750.00,875.00,true,original
3807,827,2165,,received,,Tie Rod End,2,2000.00,4000.00,1400.00,true,original
3808,827,2165,,received,,Stabilizer Link,2,2150.00,4300.00,1505.00,true,original
3809,827,2165,,received,,Shock Absorber,2,4550.00,9100.00,3185.00,true,original
3810,827,2165,,received,,Shock Mounting,2,2100.00,4200.00,1470.00,true,original
3811,828,2168,,received,,Brake Cleaner,1,250.00,250.00,175.00,false,standard
3812,828,2168,,received,,Brake Fluid,1,300.00,300.00,210.00,false,standard
3813,828,2168,,received,,Brake Shoe,1,1250.00,1250.00,875.00,false,replacement
3814,828,2168,,received,,Wheel Cylinder,1,900.00,900.00,630.00,false,replacement
3815,829,2171,,received,,Suspension Bushing,3,700.00,2100.00,490.00,false,replacement
3816,829,2171,,received,,Tie Rod End,2,1050.00,2100.00,735.00,false,replacement
3817,829,2171,,received,,Stabilizer Link,2,1250.00,2500.00,875.00,false,replacement
3818,829,2171,,received,,Shock Absorber,2,1900.00,3800.00,1330.00,false,replacement
3819,829,2171,,received,,Shock Mounting,2,1100.00,2200.00,770.00,false,replacement
3820,830,2173,,received,,A/C Evaporator,1,9400.00,9400.00,6580.00,true,original
3821,830,2173,,received,,Cabin Filter,1,1600.00,1600.00,1120.00,true,original
3822,831,2176,,received,,Oil Filter,1,350.00,350.00,245.00,false,replacement
3823,831,2176,,received,,Air Filter,1,550.00,550.00,385.00,false,replacement
3824,831,2176,,received,,Cabin Filter,1,450.00,450.00,315.00,false,replacement
3825,832,2178,,received,,Valve Cover Gasket,1,550.00,550.00,385.00,false,replacement
3826,832,2178,,received,,Crankshaft Oil Seal,1,1750.00,1750.00,1225.00,false,replacement
3827,832,2178,,received,,RTV Silicone Gasket Maker,1,300.00,300.00,210.00,false,standard
3828,832,2178,,received,,Drive / Fan Belt,1,1550.00,1550.00,1085.00,false,replacement
3829,832,2178,,received,,Engine Oil,4,400.00,1600.00,280.00,false,standard
3830,832,2178,,received,,Oil Filter,1,250.00,250.00,175.00,false,replacement
3831,833,2180,,received,,Engine Oil,7,450.00,3150.00,315.00,false,standard
3832,833,2180,,received,,Oil Filter,1,350.00,350.00,245.00,false,replacement
3833,833,2180,,received,,Air Filter,1,650.00,650.00,455.00,false,replacement
3834,833,2180,,received,,Cabin Filter,1,450.00,450.00,315.00,false,replacement
3835,833,2180,,received,,Fuel Filter,1,550.00,550.00,385.00,false,replacement
3836,834,2182,,received,,Engine Oil,3,500.00,1500.00,350.00,false,standard
3837,834,2182,,received,,Oil Filter,1,300.00,300.00,210.00,false,replacement
3838,834,2182,,received,,Air Filter,1,750.00,750.00,525.00,false,replacement
3839,834,2182,,received,,Cabin Filter,1,450.00,450.00,315.00,false,replacement
3840,834,2182,,received,,Fuel Filter,1,1800.00,1800.00,1260.00,true,original
3841,835,2185,,received,,Brake Cleaner,1,200.00,200.00,140.00,false,standard
3842,835,2185,,received,,Brake Pads,2,3050.00,6100.00,2135.00,true,original
3843,835,2185,,received,,Brake Shoe,1,2550.00,2550.00,1785.00,true,original
3844,835,2185,,received,,Wheel Cylinder,1,1800.00,1800.00,1260.00,true,original
3845,836,2187,,received,,Engine Oil,6,500.00,3000.00,350.00,false,standard
3846,836,2187,,received,,Oil Filter,1,700.00,700.00,490.00,true,original
3847,836,2187,,received,,Cabin Filter,1,1300.00,1300.00,910.00,true,original
3848,836,2187,,received,,Fuel Filter,1,1950.00,1950.00,1365.00,true,original
3849,837,2190,,received,,Valve Cover Gasket,1,700.00,700.00,490.00,false,replacement
3850,837,2190,,received,,Crankshaft Oil Seal,1,1600.00,1600.00,1120.00,false,replacement
3851,837,2190,,received,,RTV Silicone Gasket Maker,1,200.00,200.00,140.00,false,standard
3852,837,2190,,received,,Drive / Fan Belt,1,1950.00,1950.00,1365.00,false,replacement
3853,837,2190,,received,,Engine Oil,5,450.00,2250.00,315.00,false,standard
3854,837,2190,,received,,Oil Filter,1,350.00,350.00,245.00,false,replacement
3855,838,2193,,received,,Suspension Bushing,2,750.00,1500.00,525.00,false,replacement
3856,838,2193,,received,,Tie Rod End,2,1250.00,2500.00,875.00,false,replacement
3857,838,2193,,received,,Stabilizer Link,2,1100.00,2200.00,770.00,false,replacement
3858,838,2193,,received,,Shock Absorber,2,2100.00,4200.00,1470.00,false,replacement
3859,839,2196,,received,,Engine Oil,4,400.00,1600.00,280.00,false,standard
3860,839,2196,,received,,Oil Filter,1,350.00,350.00,245.00,false,replacement
3861,839,2196,,received,,Air Filter,1,2200.00,2200.00,1540.00,true,original
3862,839,2196,,received,,Cabin Filter,1,450.00,450.00,315.00,false,replacement
3863,839,2196,,received,,Fuel Filter,1,600.00,600.00,420.00,false,replacement
3864,840,2197,,received,,Overhauling Gasket Set,1,7150.00,7150.00,5005.00,true,original
3865,840,2197,,received,,Valve Cover Gasket,1,1350.00,1350.00,945.00,true,original
3866,840,2197,,received,,Crankshaft Oil Seal,1,2100.00,2100.00,1470.00,true,original
3867,840,2197,,received,,Spark Plug,4,750.00,3000.00,525.00,true,original
3868,840,2197,,received,,Engine Coolant,4,350.00,1400.00,245.00,false,standard
3869,840,2197,,received,,Engine Oil,5,450.00,2250.00,315.00,false,standard
3870,840,2197,,received,,Oil Filter,1,650.00,650.00,455.00,true,original
3871,840,2197,,received,,RTV Silicone Gasket Maker,2,200.00,400.00,140.00,false,standard
3872,841,2199,,received,,Engine Oil,7,500.00,3500.00,350.00,false,standard
3873,841,2199,,received,,Fuel Filter,1,650.00,650.00,455.00,false,replacement
3874,842,2200,,received,,A/C Evaporator,1,3950.00,3950.00,2765.00,false,replacement
3875,842,2200,,received,,Cabin Filter,1,1550.00,1550.00,1085.00,true,original
3876,842,2200,,received,,Cabin Filter,1,1300.00,1300.00,910.00,true,original
3877,843,2203,,received,,Engine Oil,5,450.00,2250.00,315.00,false,standard
3878,843,2203,,received,,Oil Filter,1,650.00,650.00,455.00,true,original
3879,843,2203,,received,,Air Filter,1,2450.00,2450.00,1715.00,true,original
3880,843,2203,,received,,Cabin Filter,1,1050.00,1050.00,735.00,true,original
3881,843,2203,,received,,Fuel Filter,1,1950.00,1950.00,1365.00,true,original
3882,844,2206,,received,,Brake Cleaner,1,250.00,250.00,175.00,false,standard
3883,844,2206,,received,,Brake Fluid,1,250.00,250.00,175.00,false,standard
3884,844,2206,,received,,Brake Pads,1,1700.00,1700.00,1190.00,false,replacement
3885,844,2206,,received,,Brake Shoe,1,1350.00,1350.00,945.00,false,replacement
3886,844,2206,,received,,Wheel Cylinder,1,1750.00,1750.00,1225.00,true,original
3887,845,2208,,received,,Clutch Disc,1,3000.00,3000.00,2100.00,false,replacement
3888,845,2208,,received,,Pressure Plate,1,3650.00,3650.00,2555.00,false,replacement
3889,845,2208,,received,,Release Bearing,1,900.00,900.00,630.00,false,replacement
3890,845,2208,,received,,RTV Silicone Gasket Maker,1,250.00,250.00,175.00,false,standard
3891,845,2208,,received,,Brake Cleaner,1,250.00,250.00,175.00,false,standard
3892,846,2213,,received,,Engine Oil,3,450.00,1350.00,315.00,false,standard
3893,846,2213,,received,,Oil Filter,1,650.00,650.00,455.00,true,original
3894,846,2213,,received,,Air Filter,1,2400.00,2400.00,1680.00,true,original
3895,846,2213,,received,,Cabin Filter,1,1000.00,1000.00,700.00,true,original
3896,846,2213,,received,,Fuel Filter,1,1850.00,1850.00,1295.00,true,original
3897,847,2216,,received,,Suspension Bushing,2,1050.00,2100.00,735.00,true,original
3898,847,2216,,received,,Tie Rod End,2,2000.00,4000.00,1400.00,true,original
3899,847,2216,,received,,Stabilizer Link,2,2000.00,4000.00,1400.00,true,original
3900,847,2216,,received,,Shock Absorber,2,4150.00,8300.00,2905.00,true,original
3901,847,2216,,received,,Shock Mounting,2,1850.00,3700.00,1295.00,true,original
3902,848,2218,,received,,Engine Oil,4,450.00,1800.00,315.00,false,standard
3903,848,2218,,received,,Oil Filter,1,700.00,700.00,490.00,true,original
3904,848,2218,,received,,Air Filter,1,700.00,700.00,490.00,false,replacement
3905,848,2218,,received,,Cabin Filter,1,450.00,450.00,315.00,false,replacement
3906,848,2218,,received,,Fuel Filter,1,750.00,750.00,525.00,false,replacement
3907,849,2220,,received,,Engine Oil,4,450.00,1800.00,315.00,false,standard
3908,849,2220,,received,,Oil Filter,1,700.00,700.00,490.00,true,original
3909,849,2220,,received,,Air Filter,1,2050.00,2050.00,1435.00,true,original
3910,849,2220,,received,,Cabin Filter,1,1250.00,1250.00,875.00,true,original
3911,849,2220,,received,,Fuel Filter,1,1650.00,1650.00,1155.00,true,original
3912,850,2222,,received,,Brake Cleaner,1,250.00,250.00,175.00,false,standard
3913,850,2222,,received,,Brake Fluid,1,300.00,300.00,210.00,false,standard
3914,850,2222,,received,,Brake Pads,1,1450.00,1450.00,1015.00,false,replacement
3915,850,2222,,received,,Brake Shoe,1,1300.00,1300.00,910.00,false,replacement
3916,850,2222,,received,,Wheel Cylinder,2,2000.00,4000.00,1400.00,true,original
3917,851,2225,,received,,Valve Cover Gasket,1,450.00,450.00,315.00,false,replacement
3918,851,2225,,received,,Crankshaft Oil Seal,1,1600.00,1600.00,1120.00,false,replacement
3919,851,2225,,received,,RTV Silicone Gasket Maker,1,250.00,250.00,175.00,false,standard
3920,851,2225,,received,,Drive / Fan Belt,1,1900.00,1900.00,1330.00,false,replacement
3921,851,2225,,received,,Engine Oil,5,400.00,2000.00,280.00,false,standard
3922,851,2225,,received,,Oil Filter,1,400.00,400.00,280.00,false,replacement
3923,852,2227,,received,,Oil Filter,1,350.00,350.00,245.00,false,replacement
3924,852,2227,,received,,Air Filter,1,2150.00,2150.00,1505.00,true,original
3925,852,2227,,received,,Cabin Filter,1,550.00,550.00,385.00,false,replacement
3926,852,2227,,received,,Fuel Filter,1,1750.00,1750.00,1225.00,true,original
3927,853,2228,,received,,Overhauling Gasket Set,1,5300.00,5300.00,3710.00,true,original
3928,853,2228,,received,,Valve Cover Gasket,1,1600.00,1600.00,1120.00,true,original
3929,853,2228,,received,,Crankshaft Oil Seal,1,2700.00,2700.00,1890.00,true,original
3930,853,2228,,received,,Spark Plug,4,550.00,2200.00,385.00,true,original
3931,853,2228,,received,,Engine Oil,5,500.00,2500.00,350.00,false,standard
3932,853,2228,,received,,Oil Filter,1,800.00,800.00,560.00,true,original
3933,853,2228,,received,,RTV Silicone Gasket Maker,2,250.00,500.00,175.00,false,standard
3934,854,2230,,received,,Engine Oil,7,400.00,2800.00,280.00,false,standard
3935,854,2230,,received,,Oil Filter,1,700.00,700.00,490.00,true,original
3936,854,2230,,received,,Air Filter,1,2050.00,2050.00,1435.00,true,original
3937,854,2230,,received,,Cabin Filter,1,1300.00,1300.00,910.00,true,original
3938,854,2230,,received,,Fuel Filter,1,1450.00,1450.00,1015.00,true,original
3939,855,2231,,received,,Clutch Disc,1,2850.00,2850.00,1995.00,false,replacement
3940,855,2231,,received,,Pressure Plate,1,3750.00,3750.00,2625.00,false,replacement
3941,855,2231,,received,,Release Bearing,1,1050.00,1050.00,735.00,false,replacement
3942,855,2231,,received,,RTV Silicone Gasket Maker,1,200.00,200.00,140.00,false,standard
3943,855,2231,,received,,Brake Cleaner,1,250.00,250.00,175.00,false,standard
3944,856,2234,,received,,Brake Shoe,1,1100.00,1100.00,770.00,false,replacement
3945,857,2235,,received,,Overhauling Gasket Set,1,5950.00,5950.00,4165.00,true,original
3946,857,2235,,received,,Valve Cover Gasket,1,1300.00,1300.00,910.00,true,original
3947,857,2235,,received,,Crankshaft Oil Seal,1,2750.00,2750.00,1925.00,true,original
3948,857,2235,,received,,Spark Plug,4,400.00,1600.00,280.00,false,replacement
3949,857,2235,,received,,RTV Silicone Gasket Maker,2,300.00,600.00,210.00,false,standard
3950,858,2236,,received,,A/C Evaporator,1,4350.00,4350.00,3045.00,false,replacement
3951,858,2236,,received,,Cabin Filter,1,750.00,750.00,525.00,false,replacement
3952,858,2236,,received,,Freon (R134a),1,450.00,450.00,315.00,false,standard
3953,858,2236,,received,,Cabin Filter,1,500.00,500.00,350.00,false,replacement
3954,859,2237,,received,,A/C Evaporator,1,8700.00,8700.00,6090.00,true,original
3955,859,2237,,received,,Freon (R134a),1,450.00,450.00,315.00,false,standard
3956,859,2237,,received,,Cabin Filter,1,1250.00,1250.00,875.00,true,original
3957,860,2239,,received,,Overhauling Gasket Set,1,3550.00,3550.00,2485.00,false,replacement
3958,860,2239,,received,,Valve Cover Gasket,1,600.00,600.00,420.00,false,replacement
3959,860,2239,,received,,Crankshaft Oil Seal,1,1450.00,1450.00,1015.00,false,replacement
3960,860,2239,,received,,Spark Plug,4,350.00,1400.00,245.00,false,replacement
3961,860,2239,,received,,Engine Coolant,2,400.00,800.00,280.00,false,standard
3962,860,2239,,received,,Engine Oil,6,450.00,2700.00,315.00,false,standard
3963,860,2239,,received,,RTV Silicone Gasket Maker,2,250.00,500.00,175.00,false,standard
3964,861,2240,,received,,A/C Evaporator,1,7750.00,7750.00,5425.00,true,original
3965,861,2240,,received,,Cabin Filter,1,1050.00,1050.00,735.00,false,replacement
3966,861,2240,,received,,Freon (R134a),1,500.00,500.00,350.00,false,standard
3967,861,2240,,received,,Cabin Filter,1,450.00,450.00,315.00,false,replacement
3968,862,2242,,received,,Brake Cleaner,1,250.00,250.00,175.00,false,standard
3969,862,2242,,received,,Brake Fluid,1,300.00,300.00,210.00,false,standard
3970,862,2242,,received,,Brake Pads,1,1300.00,1300.00,910.00,false,replacement
3971,862,2242,,received,,Brake Shoe,1,1200.00,1200.00,840.00,false,replacement
3972,862,2242,,received,,Wheel Cylinder,2,850.00,1700.00,595.00,false,replacement
3973,863,2246,,received,,Suspension Bushing,3,1150.00,3450.00,805.00,true,original
3974,863,2246,,received,,Tie Rod End,2,1150.00,2300.00,805.00,false,replacement
3975,863,2246,,received,,Shock Mounting,2,1000.00,2000.00,700.00,false,replacement
3976,864,2248,,received,,Brake Cleaner,2,250.00,500.00,175.00,false,standard
3977,864,2248,,received,,Brake Fluid,1,350.00,350.00,245.00,false,standard
3978,864,2248,,received,,Brake Pads,2,1450.00,2900.00,1015.00,false,replacement
3979,864,2248,,received,,Brake Shoe,1,1150.00,1150.00,805.00,false,replacement
3980,864,2248,,received,,Wheel Cylinder,2,900.00,1800.00,630.00,false,replacement
3981,865,2251,,received,,Tie Rod End,2,2450.00,4900.00,1715.00,true,original
3982,865,2251,,received,,Shock Absorber,2,4150.00,8300.00,2905.00,true,original
3983,865,2251,,received,,Shock Mounting,2,2200.00,4400.00,1540.00,true,original
3984,866,2252,,received,,A/C Evaporator,1,7800.00,7800.00,5460.00,true,original
3985,866,2252,,received,,Cabin Filter,1,1500.00,1500.00,1050.00,true,original
3986,866,2252,,received,,Freon (R134a),2,550.00,1100.00,385.00,false,standard
3987,866,2252,,received,,Cabin Filter,1,1250.00,1250.00,875.00,true,original
3988,867,2253,,received,,Freon (R134a),1,500.00,500.00,350.00,false,standard
3989,867,2253,,received,,Cabin Filter,1,1150.00,1150.00,805.00,true,original
3990,868,2256,,received,,Suspension Bushing,2,650.00,1300.00,455.00,false,replacement
3991,868,2256,,received,,Tie Rod End,2,1150.00,2300.00,805.00,false,replacement
3992,868,2256,,received,,Stabilizer Link,2,1300.00,2600.00,910.00,false,replacement
3993,868,2256,,received,,Shock Absorber,2,2150.00,4300.00,1505.00,false,replacement
3994,868,2256,,received,,Shock Mounting,2,1150.00,2300.00,805.00,false,replacement
3995,869,2257,,received,,A/C Evaporator,1,4400.00,4400.00,3080.00,false,replacement
3996,869,2257,,received,,Cabin Filter,1,850.00,850.00,595.00,false,replacement
3997,869,2257,,received,,Freon (R134a),1,450.00,450.00,315.00,false,standard
3998,869,2257,,received,,Cabin Filter,1,500.00,500.00,350.00,false,replacement
3999,870,2258,,received,,Clutch Disc,1,5550.00,5550.00,3885.00,true,original
4000,870,2258,,received,,Release Bearing,1,1000.00,1000.00,700.00,false,replacement
4001,870,2258,,received,,RTV Silicone Gasket Maker,1,250.00,250.00,175.00,false,standard
4002,870,2258,,received,,Brake Cleaner,1,250.00,250.00,175.00,false,standard
4003,871,2260,,received,,Brake Pads,1,1600.00,1600.00,1120.00,false,replacement
4004,871,2260,,received,,Wheel Cylinder,2,1100.00,2200.00,770.00,false,replacement
4005,872,2263,,received,,RTV Silicone Gasket Maker,1,250.00,250.00,175.00,false,standard
4006,872,2263,,received,,Drive / Fan Belt,1,3400.00,3400.00,2380.00,true,original
4007,872,2263,,received,,Oil Filter,1,800.00,800.00,560.00,true,original
4008,873,2265,,received,,Brake Cleaner,1,300.00,300.00,210.00,false,standard
4009,873,2265,,received,,Brake Fluid,1,250.00,250.00,175.00,false,standard
4010,873,2265,,received,,Brake Pads,2,1400.00,2800.00,980.00,false,replacement
4011,873,2265,,received,,Brake Shoe,1,1200.00,1200.00,840.00,false,replacement
4012,873,2265,,received,,Wheel Cylinder,2,1050.00,2100.00,735.00,false,replacement
4013,874,2267,,received,,Engine Oil,6,500.00,3000.00,350.00,false,standard
4014,874,2267,,received,,Oil Filter,1,850.00,850.00,595.00,true,original
4015,874,2267,,received,,Air Filter,1,500.00,500.00,350.00,false,replacement
4016,874,2267,,received,,Cabin Filter,1,1250.00,1250.00,875.00,true,original
4017,875,2268,,received,,A/C Evaporator,1,4800.00,4800.00,3360.00,false,replacement
4018,875,2268,,received,,Freon (R134a),2,450.00,900.00,315.00,false,standard
4019,876,2271,,received,,Brake Fluid,1,350.00,350.00,245.00,false,standard
4020,876,2271,,received,,Brake Pads,2,1400.00,2800.00,980.00,false,replacement
4021,876,2271,,received,,Brake Shoe,1,1100.00,1100.00,770.00,false,replacement
4022,877,2276,,received,,Oil Filter,1,850.00,850.00,595.00,true,original
4023,877,2276,,received,,Air Filter,1,2200.00,2200.00,1540.00,true,original
4024,877,2276,,received,,Cabin Filter,1,1100.00,1100.00,770.00,true,original
4025,877,2276,,received,,Fuel Filter,1,1850.00,1850.00,1295.00,true,original
4026,878,2278,,received,,Brake Cleaner,2,250.00,500.00,175.00,false,standard
4027,878,2278,,received,,Brake Fluid,1,300.00,300.00,210.00,false,standard
4028,878,2278,,received,,Brake Pads,2,1600.00,3200.00,1120.00,false,replacement
4029,878,2278,,received,,Wheel Cylinder,1,1050.00,1050.00,735.00,false,replacement
4030,879,2280,,received,,A/C Evaporator,1,3700.00,3700.00,2590.00,false,replacement
4031,879,2280,,received,,Cabin Filter,1,850.00,850.00,595.00,false,replacement
4032,879,2280,,received,,Freon (R134a),2,450.00,900.00,315.00,false,standard
4033,879,2280,,received,,Cabin Filter,1,500.00,500.00,350.00,false,replacement
4034,880,2283,,received,,Brake Cleaner,1,250.00,250.00,175.00,false,standard
4035,880,2283,,received,,Brake Fluid,1,300.00,300.00,210.00,false,standard
4036,880,2283,,received,,Brake Pads,1,3200.00,3200.00,2240.00,true,original
4037,880,2283,,received,,Brake Shoe,1,3200.00,3200.00,2240.00,true,original
4038,880,2283,,received,,Wheel Cylinder,1,1750.00,1750.00,1225.00,true,original
4039,881,2284,,received,,Overhauling Gasket Set,1,7600.00,7600.00,5320.00,true,original
4040,881,2284,,received,,Crankshaft Oil Seal,1,2450.00,2450.00,1715.00,true,original
4041,881,2284,,received,,Spark Plug,4,600.00,2400.00,420.00,true,original
4042,881,2284,,received,,Engine Oil,6,500.00,3000.00,350.00,false,standard
4043,881,2284,,received,,Oil Filter,1,850.00,850.00,595.00,true,original
4044,881,2284,,received,,RTV Silicone Gasket Maker,2,250.00,500.00,175.00,false,standard
4045,882,2288,,received,,Engine Oil,3,450.00,1350.00,315.00,false,standard
4046,882,2288,,received,,Oil Filter,1,350.00,350.00,245.00,false,replacement
4047,882,2288,,received,,Air Filter,1,600.00,600.00,420.00,false,replacement
4048,882,2288,,received,,Fuel Filter,1,550.00,550.00,385.00,false,replacement
4049,883,2291,,received,,Engine Oil,4,450.00,1800.00,315.00,false,standard
4050,883,2291,,received,,Air Filter,1,800.00,800.00,560.00,false,replacement
4051,883,2291,,received,,Fuel Filter,1,550.00,550.00,385.00,false,replacement
4052,884,2295,,received,,Suspension Bushing,3,1200.00,3600.00,840.00,true,original
4053,884,2295,,received,,Tie Rod End,2,1900.00,3800.00,1330.00,true,original
4054,884,2295,,received,,Stabilizer Link,2,1200.00,2400.00,840.00,false,replacement
4055,884,2295,,received,,Shock Mounting,2,1900.00,3800.00,1330.00,true,original
4056,885,2297,,received,,Brake Cleaner,1,250.00,250.00,175.00,false,standard
4057,885,2297,,received,,Brake Pads,2,1800.00,3600.00,1260.00,false,replacement
4058,885,2297,,received,,Brake Shoe,1,1350.00,1350.00,945.00,false,replacement
4059,885,2297,,received,,Wheel Cylinder,1,1000.00,1000.00,700.00,false,replacement
4060,886,2299,,received,,Engine Oil,4,400.00,1600.00,280.00,false,standard
4061,886,2299,,received,,Oil Filter,1,400.00,400.00,280.00,false,replacement
4062,886,2299,,received,,Air Filter,1,2300.00,2300.00,1610.00,true,original
4063,886,2299,,received,,Cabin Filter,1,400.00,400.00,280.00,false,replacement
4064,886,2299,,received,,Fuel Filter,1,650.00,650.00,455.00,false,replacement
4065,887,2301,,received,,A/C Evaporator,1,4400.00,4400.00,3080.00,false,replacement
4066,887,2301,,received,,Cabin Filter,1,800.00,800.00,560.00,false,replacement
4067,887,2301,,received,,Freon (R134a),1,500.00,500.00,350.00,false,standard
4068,887,2301,,received,,Cabin Filter,1,500.00,500.00,350.00,false,replacement
4069,888,2302,,received,,A/C Evaporator,1,4100.00,4100.00,2870.00,false,replacement
4070,888,2302,,received,,Cabin Filter,1,850.00,850.00,595.00,false,replacement
4071,888,2302,,received,,Freon (R134a),1,400.00,400.00,280.00,false,standard
4072,888,2302,,received,,Cabin Filter,1,400.00,400.00,280.00,false,replacement
4073,889,2304,,received,,Engine Oil,3,450.00,1350.00,315.00,false,standard
4074,889,2304,,received,,Air Filter,1,2500.00,2500.00,1750.00,true,original
4075,889,2304,,received,,Cabin Filter,1,1150.00,1150.00,805.00,true,original
4076,890,2309,,received,,Engine Oil,5,450.00,2250.00,315.00,false,standard
4077,890,2309,,received,,Oil Filter,1,350.00,350.00,245.00,false,replacement
4078,890,2309,,received,,Air Filter,1,650.00,650.00,455.00,false,replacement
4079,890,2309,,received,,Cabin Filter,1,500.00,500.00,350.00,false,replacement
4080,890,2309,,received,,Fuel Filter,1,450.00,450.00,315.00,false,replacement
4081,891,2313,,received,,Engine Oil,4,450.00,1800.00,315.00,false,standard
4082,891,2313,,received,,Oil Filter,1,400.00,400.00,280.00,false,replacement
4083,891,2313,,received,,Air Filter,1,650.00,650.00,455.00,false,replacement
4084,891,2313,,received,,Fuel Filter,1,600.00,600.00,420.00,false,replacement
4085,892,2316,,received,,Brake Fluid,1,350.00,350.00,245.00,false,standard
4086,892,2316,,received,,Brake Pads,1,1550.00,1550.00,1085.00,false,replacement
4087,892,2316,,received,,Brake Shoe,1,1350.00,1350.00,945.00,false,replacement
4088,892,2316,,received,,Wheel Cylinder,2,800.00,1600.00,560.00,false,replacement
4089,893,2318,,received,,Brake Cleaner,2,250.00,500.00,175.00,false,standard
4090,893,2318,,received,,Brake Fluid,1,300.00,300.00,210.00,false,standard
4091,893,2318,,received,,Brake Pads,1,3300.00,3300.00,2310.00,true,original
4092,893,2318,,received,,Brake Shoe,1,2650.00,2650.00,1855.00,true,original
4093,893,2318,,received,,Wheel Cylinder,2,1400.00,2800.00,980.00,true,original
4094,894,2321,,received,,Valve Cover Gasket,1,1350.00,1350.00,945.00,true,original
4095,894,2321,,received,,Crankshaft Oil Seal,1,2150.00,2150.00,1505.00,true,original
4096,894,2321,,received,,RTV Silicone Gasket Maker,1,250.00,250.00,175.00,false,standard
4097,894,2321,,received,,Drive / Fan Belt,1,1850.00,1850.00,1295.00,false,replacement
4098,894,2321,,received,,Oil Filter,1,750.00,750.00,525.00,true,original
4099,895,2324,,received,,Brake Cleaner,1,250.00,250.00,175.00,false,standard
4100,895,2324,,received,,Brake Fluid,1,300.00,300.00,210.00,false,standard
4101,895,2324,,received,,Brake Pads,2,1750.00,3500.00,1225.00,false,replacement
4102,895,2324,,received,,Wheel Cylinder,1,1050.00,1050.00,735.00,false,replacement
4103,896,2327,,received,,Engine Oil,4,450.00,1800.00,315.00,false,standard
4104,896,2327,,received,,Oil Filter,1,850.00,850.00,595.00,true,original
4105,896,2327,,received,,Fuel Filter,1,1950.00,1950.00,1365.00,true,original
4106,897,2329,,received,,Valve Cover Gasket,1,650.00,650.00,455.00,false,replacement
4107,897,2329,,received,,Oil Filter,1,650.00,650.00,455.00,true,original
4108,898,2331,,received,,Brake Cleaner,2,250.00,500.00,175.00,false,standard
4109,898,2331,,received,,Brake Fluid,1,350.00,350.00,245.00,false,standard
4110,898,2331,,received,,Brake Pads,1,2900.00,2900.00,2030.00,true,original
4111,898,2331,,received,,Brake Shoe,1,2800.00,2800.00,1960.00,true,original
4112,899,2334,,received,,Valve Cover Gasket,1,550.00,550.00,385.00,false,replacement
4113,899,2334,,received,,Crankshaft Oil Seal,1,2450.00,2450.00,1715.00,true,original
4114,899,2334,,received,,RTV Silicone Gasket Maker,1,200.00,200.00,140.00,false,standard
4115,899,2334,,received,,Engine Oil,4,450.00,1800.00,315.00,false,standard
4116,899,2334,,received,,Oil Filter,1,350.00,350.00,245.00,false,replacement
4117,900,2339,,received,,Engine Oil,5,500.00,2500.00,350.00,false,standard
4118,900,2339,,received,,Oil Filter,1,350.00,350.00,245.00,false,replacement
4119,900,2339,,received,,Air Filter,1,600.00,600.00,420.00,false,replacement
4120,900,2339,,received,,Cabin Filter,1,500.00,500.00,350.00,false,replacement
4121,900,2339,,received,,Fuel Filter,1,600.00,600.00,420.00,false,replacement
4122,901,2341,,received,,Brake Fluid,1,350.00,350.00,245.00,false,standard
4123,901,2341,,received,,Brake Pads,2,1250.00,2500.00,875.00,false,replacement
4124,901,2341,,received,,Brake Shoe,1,1050.00,1050.00,735.00,false,replacement
4125,902,2343,,received,,Crankshaft Oil Seal,1,1400.00,1400.00,980.00,false,replacement
4126,902,2343,,received,,RTV Silicone Gasket Maker,1,250.00,250.00,175.00,false,standard
4127,902,2343,,received,,Drive / Fan Belt,1,2150.00,2150.00,1505.00,false,replacement
4128,902,2343,,received,,Engine Oil,6,400.00,2400.00,280.00,false,standard
4129,902,2343,,received,,Oil Filter,1,350.00,350.00,245.00,false,replacement
4130,903,2346,,received,,Brake Cleaner,1,250.00,250.00,175.00,false,standard
4131,903,2346,,received,,Brake Pads,2,1500.00,3000.00,1050.00,false,replacement
4132,903,2346,,received,,Brake Shoe,1,1250.00,1250.00,875.00,false,replacement
4133,903,2346,,received,,Wheel Cylinder,1,1050.00,1050.00,735.00,false,replacement
4134,904,2348,,received,,Brake Cleaner,2,250.00,500.00,175.00,false,standard
4135,904,2348,,received,,Brake Fluid,1,300.00,300.00,210.00,false,standard
4136,904,2348,,received,,Brake Shoe,1,1050.00,1050.00,735.00,false,replacement
4137,904,2348,,received,,Wheel Cylinder,1,1000.00,1000.00,700.00,false,replacement
4138,905,2352,,received,,Suspension Bushing,4,1200.00,4800.00,840.00,true,original
4139,905,2352,,received,,Tie Rod End,2,1150.00,2300.00,805.00,false,replacement
4140,905,2352,,received,,Stabilizer Link,2,950.00,1900.00,665.00,false,replacement
4141,905,2352,,received,,Shock Absorber,2,5500.00,11000.00,3850.00,true,original
4142,905,2352,,received,,Shock Mounting,2,1050.00,2100.00,735.00,false,replacement
4143,906,2354,,received,,Brake Cleaner,2,250.00,500.00,175.00,false,standard
4144,906,2354,,received,,Brake Pads,2,3800.00,7600.00,2660.00,true,original
4145,906,2354,,received,,Brake Shoe,1,3200.00,3200.00,2240.00,true,original
4146,906,2354,,received,,Wheel Cylinder,1,1550.00,1550.00,1085.00,true,original
4147,907,2356,,received,,Engine Oil,5,450.00,2250.00,315.00,false,standard
4148,907,2356,,received,,Oil Filter,1,850.00,850.00,595.00,true,original
4149,907,2356,,received,,Air Filter,1,2000.00,2000.00,1400.00,true,original
4150,907,2356,,received,,Cabin Filter,1,1400.00,1400.00,980.00,true,original
4151,907,2356,,received,,Fuel Filter,1,1550.00,1550.00,1085.00,true,original
4152,908,2358,,received,,Engine Oil,5,450.00,2250.00,315.00,false,standard
4153,908,2358,,received,,Oil Filter,1,850.00,850.00,595.00,true,original
4154,908,2358,,received,,Air Filter,1,650.00,650.00,455.00,false,replacement
4155,908,2358,,received,,Cabin Filter,1,1400.00,1400.00,980.00,true,original
4156,908,2358,,received,,Fuel Filter,1,700.00,700.00,490.00,false,replacement
4157,909,2363,,received,,Engine Oil,4,500.00,2000.00,350.00,false,standard
4158,909,2363,,received,,Air Filter,1,2300.00,2300.00,1610.00,true,original
4159,909,2363,,received,,Cabin Filter,1,1150.00,1150.00,805.00,true,original
4160,909,2363,,received,,Fuel Filter,1,1700.00,1700.00,1190.00,true,original
4161,910,2366,,received,,Suspension Bushing,4,1300.00,5200.00,910.00,true,original
4162,910,2366,,received,,Tie Rod End,2,1000.00,2000.00,700.00,false,replacement
4163,910,2366,,received,,Stabilizer Link,2,1400.00,2800.00,980.00,false,replacement
4164,910,2366,,received,,Shock Absorber,2,2250.00,4500.00,1575.00,false,replacement
4165,910,2366,,received,,Shock Mounting,2,1150.00,2300.00,805.00,false,replacement
4166,911,2368,,received,,Engine Oil,4,500.00,2000.00,350.00,false,standard
4167,911,2368,,received,,Oil Filter,1,800.00,800.00,560.00,true,original
4168,911,2368,,received,,Cabin Filter,1,1000.00,1000.00,700.00,true,original
4169,911,2368,,received,,Fuel Filter,1,550.00,550.00,385.00,false,replacement
4170,912,2370,,received,,Brake Cleaner,1,300.00,300.00,210.00,false,standard
4171,912,2370,,received,,Brake Fluid,1,300.00,300.00,210.00,false,standard
4172,912,2370,,received,,Brake Pads,2,1500.00,3000.00,1050.00,false,replacement
4173,912,2370,,received,,Brake Shoe,1,2450.00,2450.00,1715.00,true,original
4174,912,2370,,received,,Wheel Cylinder,2,950.00,1900.00,665.00,false,replacement
4175,913,2372,,received,,Engine Oil,5,450.00,2250.00,315.00,false,standard
4176,913,2372,,received,,Oil Filter,1,400.00,400.00,280.00,false,replacement
4177,913,2372,,received,,Air Filter,1,700.00,700.00,490.00,false,replacement
4178,913,2372,,received,,Cabin Filter,1,500.00,500.00,350.00,false,replacement
4179,914,2374,,received,,Clutch Disc,1,2450.00,2450.00,1715.00,false,replacement
4180,914,2374,,received,,Pressure Plate,1,3400.00,3400.00,2380.00,false,replacement
4181,914,2374,,received,,Release Bearing,1,1000.00,1000.00,700.00,false,replacement
4182,914,2374,,received,,RTV Silicone Gasket Maker,1,250.00,250.00,175.00,false,standard
4183,914,2374,,received,,Brake Cleaner,1,300.00,300.00,210.00,false,standard
4184,915,2375,,received,,Clutch Disc,1,2500.00,2500.00,1750.00,false,replacement
4185,915,2375,,received,,Pressure Plate,1,3400.00,3400.00,2380.00,false,replacement
4186,915,2375,,received,,Release Bearing,1,950.00,950.00,665.00,false,replacement
4187,915,2375,,received,,RTV Silicone Gasket Maker,1,200.00,200.00,140.00,false,standard
4188,915,2375,,received,,Brake Cleaner,1,250.00,250.00,175.00,false,standard
4189,916,2378,,received,,Brake Cleaner,1,250.00,250.00,175.00,false,standard
4190,916,2378,,received,,Brake Fluid,1,300.00,300.00,210.00,false,standard
4191,916,2378,,received,,Brake Pads,1,1400.00,1400.00,980.00,false,replacement
4192,916,2378,,received,,Wheel Cylinder,1,850.00,850.00,595.00,false,replacement
4193,917,2380,,received,,Brake Cleaner,1,250.00,250.00,175.00,false,standard
4194,917,2380,,received,,Brake Pads,2,1450.00,2900.00,1015.00,false,replacement
4195,917,2380,,received,,Brake Shoe,1,1200.00,1200.00,840.00,false,replacement
4196,918,2383,,received,,Brake Cleaner,1,250.00,250.00,175.00,false,standard
4197,918,2383,,received,,Brake Fluid,1,300.00,300.00,210.00,false,standard
4198,918,2383,,received,,Brake Pads,2,3400.00,6800.00,2380.00,true,original
4199,918,2383,,received,,Brake Shoe,1,2700.00,2700.00,1890.00,true,original
4200,918,2383,,received,,Wheel Cylinder,1,2050.00,2050.00,1435.00,true,original
4201,919,2385,,received,,Brake Cleaner,2,200.00,400.00,140.00,false,standard
4202,919,2385,,received,,Brake Fluid,1,250.00,250.00,175.00,false,standard
4203,919,2385,,received,,Brake Pads,2,1450.00,2900.00,1015.00,false,replacement
4204,919,2385,,received,,Brake Shoe,1,2550.00,2550.00,1785.00,true,original
4205,919,2385,,received,,Wheel Cylinder,1,2000.00,2000.00,1400.00,true,original
4206,920,2386,,received,,Clutch Disc,1,2500.00,2500.00,1750.00,false,replacement
4207,920,2386,,received,,Pressure Plate,1,3300.00,3300.00,2310.00,false,replacement
4208,920,2386,,received,,Release Bearing,1,1000.00,1000.00,700.00,false,replacement
4209,920,2386,,received,,RTV Silicone Gasket Maker,1,250.00,250.00,175.00,false,standard
4210,920,2386,,received,,Brake Cleaner,1,250.00,250.00,175.00,false,standard
4211,921,2389,,received,,Suspension Bushing,4,600.00,2400.00,420.00,false,replacement
4212,921,2389,,received,,Tie Rod End,2,1250.00,2500.00,875.00,false,replacement
4213,921,2389,,received,,Stabilizer Link,2,1350.00,2700.00,945.00,false,replacement
4214,921,2389,,received,,Shock Absorber,2,1800.00,3600.00,1260.00,false,replacement
4215,921,2389,,received,,Shock Mounting,2,1000.00,2000.00,700.00,false,replacement
4216,922,2393,,received,,Air Filter,1,650.00,650.00,455.00,false,replacement
4217,922,2393,,received,,Fuel Filter,1,550.00,550.00,385.00,false,replacement
4218,923,2395,,received,,Valve Cover Gasket,1,600.00,600.00,420.00,false,replacement
4219,923,2395,,received,,Crankshaft Oil Seal,1,2850.00,2850.00,1995.00,true,original
4220,923,2395,,received,,RTV Silicone Gasket Maker,1,300.00,300.00,210.00,false,standard
4221,923,2395,,received,,Drive / Fan Belt,1,2800.00,2800.00,1960.00,true,original
4222,923,2395,,received,,Engine Oil,3,500.00,1500.00,350.00,false,standard
4223,923,2395,,received,,Oil Filter,1,750.00,750.00,525.00,true,original
4224,924,2398,,received,,Brake Cleaner,2,250.00,500.00,175.00,false,standard
4225,924,2398,,received,,Brake Fluid,1,300.00,300.00,210.00,false,standard
4226,924,2398,,received,,Brake Pads,2,3350.00,6700.00,2345.00,true,original
4227,924,2398,,received,,Brake Shoe,1,2750.00,2750.00,1925.00,true,original
4228,924,2398,,received,,Wheel Cylinder,2,1650.00,3300.00,1155.00,true,original
4229,925,2401,,received,,Engine Oil,4,450.00,1800.00,315.00,false,standard
4230,925,2401,,received,,Oil Filter,1,650.00,650.00,455.00,true,original
4231,925,2401,,received,,Air Filter,1,2500.00,2500.00,1750.00,true,original
4232,925,2401,,received,,Cabin Filter,1,1250.00,1250.00,875.00,true,original
4233,926,2403,,received,,Engine Oil,5,500.00,2500.00,350.00,false,standard
4234,926,2403,,received,,Air Filter,1,2050.00,2050.00,1435.00,true,original
4235,926,2403,,received,,Fuel Filter,1,1600.00,1600.00,1120.00,true,original
4236,927,2407,,received,,Suspension Bushing,2,1250.00,2500.00,875.00,true,original
4237,927,2407,,received,,Tie Rod End,2,2200.00,4400.00,1540.00,true,original
4238,927,2407,,received,,Stabilizer Link,2,2050.00,4100.00,1435.00,true,original
4239,927,2407,,received,,Shock Mounting,2,1100.00,2200.00,770.00,false,replacement
4240,928,2409,,received,,Engine Oil,3,450.00,1350.00,315.00,false,standard
4241,928,2409,,received,,Oil Filter,1,400.00,400.00,280.00,false,replacement
4242,928,2409,,received,,Air Filter,1,850.00,850.00,595.00,false,replacement
4243,928,2409,,received,,Fuel Filter,1,600.00,600.00,420.00,false,replacement
4244,929,2410,,received,,A/C Evaporator,1,8200.00,8200.00,5740.00,true,original
4245,929,2410,,received,,Cabin Filter,1,900.00,900.00,630.00,false,replacement
4246,929,2410,,received,,Freon (R134a),2,400.00,800.00,280.00,false,standard
4247,929,2410,,received,,Cabin Filter,1,1200.00,1200.00,840.00,true,original
4248,930,2413,,received,,Suspension Bushing,3,700.00,2100.00,490.00,false,replacement
4249,930,2413,,received,,Tie Rod End,2,900.00,1800.00,630.00,false,replacement
4250,930,2413,,received,,Stabilizer Link,2,1150.00,2300.00,805.00,false,replacement
4251,931,2416,,received,,Air Filter,1,600.00,600.00,420.00,false,replacement
4252,931,2416,,received,,Cabin Filter,1,400.00,400.00,280.00,false,replacement
4253,932,2418,,received,,Valve Cover Gasket,1,600.00,600.00,420.00,false,replacement
4254,932,2418,,received,,Crankshaft Oil Seal,1,1600.00,1600.00,1120.00,false,replacement
4255,932,2418,,received,,RTV Silicone Gasket Maker,1,250.00,250.00,175.00,false,standard
4256,932,2418,,received,,Drive / Fan Belt,1,1900.00,1900.00,1330.00,false,replacement
4257,933,2420,,received,,A/C Evaporator,1,7100.00,7100.00,4970.00,true,original
4258,933,2420,,received,,Cabin Filter,1,850.00,850.00,595.00,false,replacement
4259,933,2420,,received,,Freon (R134a),1,500.00,500.00,350.00,false,standard
4260,933,2420,,received,,Cabin Filter,1,400.00,400.00,280.00,false,replacement
4261,934,2422,,received,,Engine Oil,7,450.00,3150.00,315.00,false,standard
4262,934,2422,,received,,Oil Filter,1,300.00,300.00,210.00,false,replacement
4263,934,2422,,received,,Cabin Filter,1,500.00,500.00,350.00,false,replacement
4264,934,2422,,received,,Fuel Filter,1,650.00,650.00,455.00,false,replacement
4265,935,2424,,received,,Brake Cleaner,2,250.00,500.00,175.00,false,standard
4266,935,2424,,received,,Brake Fluid,1,300.00,300.00,210.00,false,standard
4267,935,2424,,received,,Brake Pads,1,1700.00,1700.00,1190.00,false,replacement
4268,935,2424,,received,,Brake Shoe,1,1150.00,1150.00,805.00,false,replacement
4269,935,2424,,received,,Wheel Cylinder,2,850.00,1700.00,595.00,false,replacement
4270,936,2427,,received,,Suspension Bushing,4,1050.00,4200.00,735.00,true,original
4271,936,2427,,received,,Stabilizer Link,2,2300.00,4600.00,1610.00,true,original
4272,936,2427,,received,,Shock Absorber,2,4550.00,9100.00,3185.00,true,original
4273,936,2427,,received,,Shock Mounting,2,2050.00,4100.00,1435.00,true,original
4274,937,2430,,received,,Suspension Bushing,2,700.00,1400.00,490.00,false,replacement
4275,937,2430,,received,,Stabilizer Link,2,1450.00,2900.00,1015.00,false,replacement
4276,937,2430,,received,,Shock Absorber,2,2250.00,4500.00,1575.00,false,replacement
4277,938,2433,,received,,Engine Oil,7,450.00,3150.00,315.00,false,standard
4278,938,2433,,received,,Oil Filter,1,900.00,900.00,630.00,true,original
4279,938,2433,,received,,Air Filter,1,2200.00,2200.00,1540.00,true,original
4280,938,2433,,received,,Cabin Filter,1,1450.00,1450.00,1015.00,true,original
4281,939,2435,,received,,Clutch Disc,1,5500.00,5500.00,3850.00,true,original
4282,939,2435,,received,,Pressure Plate,1,3650.00,3650.00,2555.00,false,replacement
4283,939,2435,,received,,Release Bearing,1,850.00,850.00,595.00,false,replacement
4284,939,2435,,received,,RTV Silicone Gasket Maker,1,200.00,200.00,140.00,false,standard
4285,939,2435,,received,,Brake Cleaner,1,250.00,250.00,175.00,false,standard
4286,940,2438,,received,,Suspension Bushing,3,650.00,1950.00,455.00,false,replacement
4287,940,2438,,received,,Tie Rod End,2,950.00,1900.00,665.00,false,replacement
4288,940,2438,,received,,Stabilizer Link,2,2100.00,4200.00,1470.00,true,original
4289,940,2438,,received,,Shock Absorber,2,2150.00,4300.00,1505.00,false,replacement
4290,940,2438,,received,,Shock Mounting,2,1300.00,2600.00,910.00,false,replacement
4291,941,2440,,received,,Freon (R134a),1,450.00,450.00,315.00,false,standard
4292,941,2440,,received,,Cabin Filter,1,550.00,550.00,385.00,false,replacement
4293,942,2442,,received,,Engine Oil,5,450.00,2250.00,315.00,false,standard
4294,942,2442,,received,,Oil Filter,1,650.00,650.00,455.00,true,original
4295,942,2442,,received,,Air Filter,1,2250.00,2250.00,1575.00,true,original
4296,942,2442,,received,,Cabin Filter,1,1200.00,1200.00,840.00,true,original
4297,942,2442,,received,,Fuel Filter,1,600.00,600.00,420.00,false,replacement
4298,943,2443,,received,,Cabin Filter,1,750.00,750.00,525.00,false,replacement
4299,943,2443,,received,,Freon (R134a),1,450.00,450.00,315.00,false,standard
4300,943,2443,,received,,Cabin Filter,1,550.00,550.00,385.00,false,replacement
4301,944,2446,,received,,Tie Rod End,2,1050.00,2100.00,735.00,false,replacement
4302,944,2446,,received,,Stabilizer Link,2,1100.00,2200.00,770.00,false,replacement
4303,944,2446,,received,,Shock Absorber,2,4850.00,9700.00,3395.00,true,original
4304,944,2446,,received,,Shock Mounting,2,1050.00,2100.00,735.00,false,replacement
4305,945,2448,,received,,Clutch Disc,1,3200.00,3200.00,2240.00,false,replacement
4306,945,2448,,received,,Release Bearing,1,900.00,900.00,630.00,false,replacement
4307,945,2448,,received,,RTV Silicone Gasket Maker,1,300.00,300.00,210.00,false,standard
4308,945,2448,,received,,Brake Cleaner,1,300.00,300.00,210.00,false,standard
4309,946,2453,,received,,Engine Oil,7,500.00,3500.00,350.00,false,standard
4310,946,2453,,received,,Oil Filter,1,700.00,700.00,490.00,true,original
4311,946,2453,,received,,Air Filter,1,2150.00,2150.00,1505.00,true,original
4312,946,2453,,received,,Cabin Filter,1,1450.00,1450.00,1015.00,true,original
4313,946,2453,,received,,Fuel Filter,1,1750.00,1750.00,1225.00,true,original
4314,947,2455,,received,,Engine Oil,4,500.00,2000.00,350.00,false,standard
4315,947,2455,,received,,Oil Filter,1,400.00,400.00,280.00,false,replacement
4316,947,2455,,received,,Air Filter,1,650.00,650.00,455.00,false,replacement
4317,947,2455,,received,,Cabin Filter,1,550.00,550.00,385.00,false,replacement
4318,947,2455,,received,,Fuel Filter,1,650.00,650.00,455.00,false,replacement
4319,948,2458,,received,,Valve Cover Gasket,1,1300.00,1300.00,910.00,true,original
4320,948,2458,,received,,RTV Silicone Gasket Maker,1,250.00,250.00,175.00,false,standard
4321,948,2458,,received,,Drive / Fan Belt,1,2850.00,2850.00,1995.00,true,original
4322,948,2458,,received,,Engine Oil,4,500.00,2000.00,350.00,false,standard
4323,949,2460,,received,,Valve Cover Gasket,1,500.00,500.00,350.00,false,replacement
4324,949,2460,,received,,RTV Silicone Gasket Maker,1,300.00,300.00,210.00,false,standard
4325,949,2460,,received,,Drive / Fan Belt,1,2100.00,2100.00,1470.00,false,replacement
4326,949,2460,,received,,Engine Oil,5,450.00,2250.00,315.00,false,standard
4327,949,2460,,received,,Oil Filter,1,400.00,400.00,280.00,false,replacement
4328,950,2462,,received,,Brake Cleaner,1,250.00,250.00,175.00,false,standard
4329,950,2462,,received,,Brake Fluid,1,300.00,300.00,210.00,false,standard
4330,950,2462,,received,,Brake Pads,1,3000.00,3000.00,2100.00,true,original
4331,950,2462,,received,,Brake Shoe,1,2750.00,2750.00,1925.00,true,original
4332,950,2462,,received,,Wheel Cylinder,1,1650.00,1650.00,1155.00,true,original
4333,951,2463,,received,,Cabin Filter,1,1300.00,1300.00,910.00,true,original
4334,951,2463,,received,,Freon (R134a),2,450.00,900.00,315.00,false,standard
4335,951,2463,,received,,Cabin Filter,1,450.00,450.00,315.00,false,replacement
4336,952,2466,,received,,Brake Fluid,1,300.00,300.00,210.00,false,standard
4337,952,2466,,received,,Brake Pads,1,3650.00,3650.00,2555.00,true,original
4338,952,2466,,received,,Brake Shoe,1,2350.00,2350.00,1645.00,true,original
4339,952,2466,,received,,Wheel Cylinder,1,1600.00,1600.00,1120.00,true,original
4340,953,2470,,received,,Suspension Bushing,4,650.00,2600.00,455.00,false,replacement
4341,953,2470,,received,,Tie Rod End,2,1050.00,2100.00,735.00,false,replacement
4342,953,2470,,received,,Shock Absorber,2,2000.00,4000.00,1400.00,false,replacement
4343,953,2470,,received,,Shock Mounting,2,1200.00,2400.00,840.00,false,replacement
4344,954,2473,,received,,Suspension Bushing,3,750.00,2250.00,525.00,false,replacement
4345,954,2473,,received,,Stabilizer Link,2,1350.00,2700.00,945.00,false,replacement
4346,954,2473,,received,,Shock Absorber,2,5150.00,10300.00,3605.00,true,original
4347,954,2473,,received,,Shock Mounting,2,1150.00,2300.00,805.00,false,replacement
4348,955,2475,,received,,Brake Cleaner,1,300.00,300.00,210.00,false,standard
4349,955,2475,,received,,Brake Fluid,1,300.00,300.00,210.00,false,standard
4350,955,2475,,received,,Brake Pads,2,1350.00,2700.00,945.00,false,replacement
4351,955,2475,,received,,Brake Shoe,1,1200.00,1200.00,840.00,false,replacement
4352,955,2475,,received,,Wheel Cylinder,2,800.00,1600.00,560.00,false,replacement
4353,956,2477,,received,,Engine Oil,5,450.00,2250.00,315.00,false,standard
4354,956,2477,,received,,Oil Filter,1,350.00,350.00,245.00,false,replacement
4355,956,2477,,received,,Cabin Filter,1,450.00,450.00,315.00,false,replacement
4356,956,2477,,received,,Fuel Filter,1,500.00,500.00,350.00,false,replacement
4357,957,2481,,received,,Tie Rod End,2,1200.00,2400.00,840.00,false,replacement
4358,957,2481,,received,,Stabilizer Link,2,1050.00,2100.00,735.00,false,replacement
4359,957,2481,,received,,Shock Absorber,2,2450.00,4900.00,1715.00,false,replacement
4360,958,2484,,received,,Brake Cleaner,2,250.00,500.00,175.00,false,standard
4361,958,2484,,received,,Brake Fluid,1,300.00,300.00,210.00,false,standard
4362,958,2484,,received,,Brake Pads,2,1300.00,2600.00,910.00,false,replacement
4363,958,2484,,received,,Brake Shoe,1,1200.00,1200.00,840.00,false,replacement
4364,958,2484,,received,,Wheel Cylinder,2,900.00,1800.00,630.00,false,replacement
4365,959,2488,,received,,Suspension Bushing,3,650.00,1950.00,455.00,false,replacement
4366,959,2488,,received,,Shock Absorber,2,2150.00,4300.00,1505.00,false,replacement
4367,959,2488,,received,,Shock Mounting,2,1050.00,2100.00,735.00,false,replacement
4368,960,2490,,received,,Engine Oil,6,450.00,2700.00,315.00,false,standard
4369,960,2490,,received,,Oil Filter,1,350.00,350.00,245.00,false,replacement
4370,960,2490,,received,,Air Filter,1,600.00,600.00,420.00,false,replacement
4371,960,2490,,received,,Cabin Filter,1,450.00,450.00,315.00,false,replacement
4372,960,2490,,received,,Fuel Filter,1,650.00,650.00,455.00,false,replacement
4373,961,2493,,received,,Suspension Bushing,3,800.00,2400.00,560.00,false,replacement
4374,961,2493,,received,,Tie Rod End,2,1100.00,2200.00,770.00,false,replacement
4375,961,2493,,received,,Stabilizer Link,2,1150.00,2300.00,805.00,false,replacement
4376,961,2493,,received,,Shock Absorber,2,2050.00,4100.00,1435.00,false,replacement
4377,961,2493,,received,,Shock Mounting,2,1100.00,2200.00,770.00,false,replacement
4378,962,2496,,received,,Suspension Bushing,2,650.00,1300.00,455.00,false,replacement
4379,962,2496,,received,,Shock Absorber,2,2000.00,4000.00,1400.00,false,replacement
4380,963,2497,,received,,Cabin Filter,1,1550.00,1550.00,1085.00,true,original
4381,963,2497,,received,,Freon (R134a),2,500.00,1000.00,350.00,false,standard
4382,963,2497,,received,,Cabin Filter,1,950.00,950.00,665.00,true,original
4383,964,2499,,received,,Engine Oil,5,400.00,2000.00,280.00,false,standard
4384,964,2499,,received,,Oil Filter,1,700.00,700.00,490.00,true,original
4385,964,2499,,received,,Fuel Filter,1,1850.00,1850.00,1295.00,true,original
4386,965,2501,,received,,Engine Oil,4,450.00,1800.00,315.00,false,standard
4387,965,2501,,received,,Oil Filter,1,300.00,300.00,210.00,false,replacement
4388,965,2501,,received,,Cabin Filter,1,1100.00,1100.00,770.00,true,original
4389,965,2501,,received,,Fuel Filter,1,500.00,500.00,350.00,false,replacement
4390,966,2505,,received,,Engine Oil,6,500.00,3000.00,350.00,false,standard
4391,966,2505,,received,,Oil Filter,1,400.00,400.00,280.00,false,replacement
4392,966,2505,,received,,Cabin Filter,1,450.00,450.00,315.00,false,replacement
4393,966,2505,,received,,Fuel Filter,1,700.00,700.00,490.00,false,replacement
4394,967,2507,,received,,Engine Oil,5,500.00,2500.00,350.00,false,standard
4395,967,2507,,received,,Oil Filter,1,700.00,700.00,490.00,true,original
4396,967,2507,,received,,Air Filter,1,2400.00,2400.00,1680.00,true,original
4397,967,2507,,received,,Cabin Filter,1,1250.00,1250.00,875.00,true,original
4398,967,2507,,received,,Fuel Filter,1,1400.00,1400.00,980.00,true,original
4399,968,2511,,received,,Engine Oil,6,450.00,2700.00,315.00,false,standard
4400,968,2511,,received,,Oil Filter,1,700.00,700.00,490.00,true,original
4401,968,2511,,received,,Air Filter,1,700.00,700.00,490.00,false,replacement
4402,968,2511,,received,,Cabin Filter,1,400.00,400.00,280.00,false,replacement
4403,969,2514,,received,,Engine Oil,3,400.00,1200.00,280.00,false,standard
4404,969,2514,,received,,Oil Filter,1,300.00,300.00,210.00,false,replacement
4405,969,2514,,received,,Air Filter,1,750.00,750.00,525.00,false,replacement
4406,969,2514,,received,,Cabin Filter,1,450.00,450.00,315.00,false,replacement
4407,969,2514,,received,,Fuel Filter,1,650.00,650.00,455.00,false,replacement
4408,970,2515,,received,,Clutch Disc,1,5850.00,5850.00,4095.00,true,original
4409,970,2515,,received,,Pressure Plate,1,4750.00,4750.00,3325.00,true,original
4410,970,2515,,received,,RTV Silicone Gasket Maker,1,250.00,250.00,175.00,false,standard
4411,970,2515,,received,,Brake Cleaner,1,250.00,250.00,175.00,false,standard
4412,971,2518,,received,,Suspension Bushing,2,550.00,1100.00,385.00,false,replacement
4413,971,2518,,received,,Stabilizer Link,2,2100.00,4200.00,1470.00,true,original
4414,971,2518,,received,,Shock Mounting,2,1250.00,2500.00,875.00,false,replacement
4415,972,2520,,received,,Oil Filter,1,700.00,700.00,490.00,true,original
4416,972,2520,,received,,Cabin Filter,1,1100.00,1100.00,770.00,true,original
4417,973,2525,,received,,Engine Oil,5,450.00,2250.00,315.00,false,standard
4418,973,2525,,received,,Oil Filter,1,250.00,250.00,175.00,false,replacement
4419,973,2525,,received,,Air Filter,1,600.00,600.00,420.00,false,replacement
4420,973,2525,,received,,Cabin Filter,1,500.00,500.00,350.00,false,replacement
4421,973,2525,,received,,Fuel Filter,1,600.00,600.00,420.00,false,replacement
4422,974,2528,,received,,Suspension Bushing,3,750.00,2250.00,525.00,false,replacement
4423,974,2528,,received,,Tie Rod End,2,1300.00,2600.00,910.00,false,replacement
4424,974,2528,,received,,Stabilizer Link,2,1100.00,2200.00,770.00,false,replacement
4425,974,2528,,received,,Shock Mounting,2,1050.00,2100.00,735.00,false,replacement
4426,975,2530,,received,,Oil Filter,1,350.00,350.00,245.00,false,replacement
4427,975,2530,,received,,Fuel Filter,1,600.00,600.00,420.00,false,replacement
4428,976,2533,,received,,Suspension Bushing,2,1200.00,2400.00,840.00,true,original
4429,976,2533,,received,,Tie Rod End,2,1800.00,3600.00,1260.00,true,original
4430,976,2533,,received,,Stabilizer Link,2,1800.00,3600.00,1260.00,true,original
4431,976,2533,,received,,Shock Absorber,2,4700.00,9400.00,3290.00,true,original
4432,977,2535,,received,,A/C Evaporator,1,7850.00,7850.00,5495.00,true,original
4433,977,2535,,received,,Freon (R134a),2,600.00,1200.00,420.00,false,standard
4434,977,2535,,received,,Cabin Filter,1,1250.00,1250.00,875.00,true,original
4435,978,2536,,received,,Overhauling Gasket Set,1,4800.00,4800.00,3360.00,false,replacement
4436,978,2536,,received,,Crankshaft Oil Seal,1,1400.00,1400.00,980.00,false,replacement
4437,978,2536,,received,,Spark Plug,4,350.00,1400.00,245.00,false,replacement
4438,978,2536,,received,,Engine Oil,4,450.00,1800.00,315.00,false,standard
4439,978,2536,,received,,Oil Filter,1,300.00,300.00,210.00,false,replacement
4440,978,2536,,received,,RTV Silicone Gasket Maker,2,250.00,500.00,175.00,false,standard
4441,979,2541,,received,,Air Filter,1,750.00,750.00,525.00,false,replacement
4442,979,2541,,received,,Cabin Filter,1,500.00,500.00,350.00,false,replacement
4443,979,2541,,received,,Fuel Filter,1,600.00,600.00,420.00,false,replacement
4444,980,2543,,received,,Brake Cleaner,1,250.00,250.00,175.00,false,standard
4445,980,2543,,received,,Brake Fluid,1,300.00,300.00,210.00,false,standard
4446,980,2543,,received,,Brake Pads,1,3450.00,3450.00,2415.00,true,original
4447,980,2543,,received,,Brake Shoe,1,3050.00,3050.00,2135.00,true,original
4448,981,2545,,received,,Valve Cover Gasket,1,550.00,550.00,385.00,false,replacement
4449,981,2545,,received,,Crankshaft Oil Seal,1,1750.00,1750.00,1225.00,false,replacement
4450,981,2545,,received,,Drive / Fan Belt,1,2050.00,2050.00,1435.00,false,replacement
4451,981,2545,,received,,Engine Oil,4,450.00,1800.00,315.00,false,standard
4452,981,2545,,received,,Oil Filter,1,350.00,350.00,245.00,false,replacement
4453,982,2548,,received,,Brake Cleaner,1,250.00,250.00,175.00,false,standard
4454,982,2548,,received,,Brake Fluid,1,300.00,300.00,210.00,false,standard
4455,982,2548,,received,,Brake Pads,1,1400.00,1400.00,980.00,false,replacement
4456,982,2548,,received,,Wheel Cylinder,1,1100.00,1100.00,770.00,false,replacement
4457,983,2551,,received,,Tie Rod End,2,1200.00,2400.00,840.00,false,replacement
4458,983,2551,,received,,Stabilizer Link,2,2300.00,4600.00,1610.00,true,original
4459,983,2551,,received,,Shock Absorber,2,2500.00,5000.00,1750.00,false,replacement
4460,983,2551,,received,,Shock Mounting,2,1100.00,2200.00,770.00,false,replacement
4461,984,2554,,received,,Brake Cleaner,1,250.00,250.00,175.00,false,standard
4462,984,2554,,received,,Brake Fluid,1,300.00,300.00,210.00,false,standard
4463,984,2554,,received,,Brake Pads,2,1550.00,3100.00,1085.00,false,replacement
4464,984,2554,,received,,Brake Shoe,1,1450.00,1450.00,1015.00,false,replacement
4465,984,2554,,received,,Wheel Cylinder,1,1000.00,1000.00,700.00,false,replacement
4466,985,2557,,received,,Suspension Bushing,4,600.00,2400.00,420.00,false,replacement
4467,985,2557,,received,,Tie Rod End,2,950.00,1900.00,665.00,false,replacement
4468,985,2557,,received,,Stabilizer Link,2,1200.00,2400.00,840.00,false,replacement
4469,985,2557,,received,,Shock Absorber,2,2300.00,4600.00,1610.00,false,replacement
4470,985,2557,,received,,Shock Mounting,2,2200.00,4400.00,1540.00,true,original
4471,986,2560,,received,,Tie Rod End,2,2200.00,4400.00,1540.00,true,original
4472,986,2560,,received,,Stabilizer Link,2,2250.00,4500.00,1575.00,true,original
4473,986,2560,,received,,Shock Absorber,2,5100.00,10200.00,3570.00,true,original
4474,986,2560,,received,,Shock Mounting,2,1600.00,3200.00,1120.00,true,original
4475,987,2562,,received,,Brake Cleaner,1,250.00,250.00,175.00,false,standard
4476,987,2562,,received,,Brake Fluid,1,250.00,250.00,175.00,false,standard
4477,987,2562,,received,,Brake Shoe,1,2450.00,2450.00,1715.00,true,original
4478,987,2562,,received,,Wheel Cylinder,2,900.00,1800.00,630.00,false,replacement
4479,988,2564,,received,,Engine Oil,5,450.00,2250.00,315.00,false,standard
4480,988,2564,,received,,Oil Filter,1,350.00,350.00,245.00,false,replacement
4481,988,2564,,received,,Air Filter,1,700.00,700.00,490.00,false,replacement
4482,988,2564,,received,,Cabin Filter,1,400.00,400.00,280.00,false,replacement
4483,988,2564,,received,,Fuel Filter,1,550.00,550.00,385.00,false,replacement
4484,989,2566,,received,,Brake Cleaner,2,250.00,500.00,175.00,false,standard
4485,989,2566,,received,,Brake Pads,1,1750.00,1750.00,1225.00,false,replacement
4486,989,2566,,received,,Brake Shoe,1,3150.00,3150.00,2205.00,true,original
4487,989,2566,,received,,Wheel Cylinder,1,1700.00,1700.00,1190.00,true,original
4488,990,2568,,received,,A/C Evaporator,1,4050.00,4050.00,2835.00,false,replacement
4489,990,2568,,received,,Cabin Filter,1,950.00,950.00,665.00,false,replacement
4490,990,2568,,received,,Freon (R134a),1,450.00,450.00,315.00,false,standard
4491,990,2568,,received,,Cabin Filter,1,1300.00,1300.00,910.00,true,original
4492,991,2572,,received,,Tie Rod End,2,1150.00,2300.00,805.00,false,replacement
4493,991,2572,,received,,Stabilizer Link,2,1200.00,2400.00,840.00,false,replacement
4494,991,2572,,received,,Shock Absorber,2,2000.00,4000.00,1400.00,false,replacement
4495,991,2572,,received,,Shock Mounting,2,1250.00,2500.00,875.00,false,replacement
4496,992,2574,,received,,Brake Cleaner,1,250.00,250.00,175.00,false,standard
4497,992,2574,,received,,Brake Fluid,1,300.00,300.00,210.00,false,standard
4498,992,2574,,received,,Brake Pads,2,1450.00,2900.00,1015.00,false,replacement
4499,992,2574,,received,,Brake Shoe,1,1450.00,1450.00,1015.00,false,replacement
4500,992,2574,,received,,Wheel Cylinder,2,1050.00,2100.00,735.00,false,replacement
4501,993,2577,,received,,Brake Cleaner,1,250.00,250.00,175.00,false,standard
4502,993,2577,,received,,Brake Pads,1,3450.00,3450.00,2415.00,true,original
4503,994,2580,,received,,Valve Cover Gasket,1,550.00,550.00,385.00,false,replacement
4504,994,2580,,received,,Crankshaft Oil Seal,1,1650.00,1650.00,1155.00,false,replacement
4505,994,2580,,received,,RTV Silicone Gasket Maker,1,250.00,250.00,175.00,false,standard
4506,994,2580,,received,,Drive / Fan Belt,1,1850.00,1850.00,1295.00,false,replacement
4507,994,2580,,received,,Engine Oil,6,500.00,3000.00,350.00,false,standard
4508,994,2580,,received,,Oil Filter,1,400.00,400.00,280.00,false,replacement
4509,995,2582,,received,,Clutch Disc,1,2750.00,2750.00,1925.00,false,replacement
4510,995,2582,,received,,Release Bearing,1,1600.00,1600.00,1120.00,true,original
4511,995,2582,,received,,RTV Silicone Gasket Maker,1,250.00,250.00,175.00,false,standard
4512,995,2582,,received,,Brake Cleaner,1,250.00,250.00,175.00,false,standard
4513,996,2583,,received,,Clutch Disc,1,5900.00,5900.00,4130.00,true,original
4514,996,2583,,received,,Pressure Plate,1,5350.00,5350.00,3745.00,true,original
4515,996,2583,,received,,Release Bearing,1,1750.00,1750.00,1225.00,true,original
4516,996,2583,,received,,RTV Silicone Gasket Maker,1,250.00,250.00,175.00,false,standard
4517,997,2586,,received,,Suspension Bushing,4,700.00,2800.00,490.00,false,replacement
4518,997,2586,,received,,Tie Rod End,2,2250.00,4500.00,1575.00,true,original
4519,997,2586,,received,,Stabilizer Link,2,1400.00,2800.00,980.00,false,replacement
4520,997,2586,,received,,Shock Absorber,2,4400.00,8800.00,3080.00,true,original
4521,997,2586,,received,,Shock Mounting,2,1000.00,2000.00,700.00,false,replacement
4522,998,2589,,received,,Engine Oil,3,450.00,1350.00,315.00,false,standard
4523,998,2589,,received,,Oil Filter,1,900.00,900.00,630.00,true,original
4524,998,2589,,received,,Air Filter,1,2450.00,2450.00,1715.00,true,original
4525,998,2589,,received,,Cabin Filter,1,450.00,450.00,315.00,false,replacement
4526,998,2589,,received,,Fuel Filter,1,600.00,600.00,420.00,false,replacement
4527,999,2592,,received,,Tie Rod End,2,1200.00,2400.00,840.00,false,replacement
4528,999,2592,,received,,Stabilizer Link,2,1100.00,2200.00,770.00,false,replacement
4529,999,2592,,received,,Shock Absorber,2,2500.00,5000.00,1750.00,false,replacement
4530,999,2592,,received,,Shock Mounting,2,1150.00,2300.00,805.00,false,replacement
4531,1000,2594,,received,,Engine Oil,3,450.00,1350.00,315.00,false,standard
4532,1000,2594,,received,,Oil Filter,1,350.00,350.00,245.00,false,replacement
4533,1000,2594,,received,,Air Filter,1,700.00,700.00,490.00,false,replacement
4534,1000,2594,,received,,Cabin Filter,1,450.00,450.00,315.00,false,replacement