id,email,nickname,password,first_name,last_name,contact_number,address,registration_date,loyalty_points,tier,role
200,customer200@example.com,Charlie,password123_u200,Charlie,Fababier,09123450200,"26 Luna St, Makati City",2025-10-31 06:11:57,2286,New,customer
201,customer201@example.com,Charlie,password123_u201,Charlie,Brown,09123450201,"914 Taft St, Quezon City",2026-03-22 21:30:48,6912,New,customer
202,customer202@example.com,Lei,password123_u202,Lei,Fababier,09123450202,"224 Rizal St, Taguig",2026-03-27 08:56:44,434,Regular,customer
203,customer203@example.com,Diana,password123_u203,Diana,Taylor,09123450203,"719 Taft St, Pasig City",2025-10-30 04:22:47,7359,Loyal,customer
204,customer204@example.com,Eve,password123_u204,Eve,Camorongan,09123450204,"778 Rizal St, Pasig City",2025-12-15 17:05:20,4552,Regular,customer
205,customer205@example.com,Mhaine,password123_u205,Mhaine,Williams,09123450205,"345 Mabini St, Quezon City",2025-12-31 02:54:12,1584,Loyal,customer
206,customer206@example.com,Frank,password123_u206,Frank,Lopez,09123450206,"619 Luna St, Quezon City",2026-05-15 23:19:03,7527,New,customer
207,customer207@example.com,Lance,password123_u207,Lance,Fababier,09123450207,"566 Luna St, Taguig",2026-07-15 10:43:58,5925,Regular,customer
208,customer208@example.com,Diana,password123_u208,Diana,Fababier,09123450208,"47 Rizal St, Manila",2025-09-05 13:26:22,3814,New,customer
209,customer209@example.com,Lance,password123_u209,Lance,Jamot,09123450209,"465 Luna St, Makati City",2025-12-27 08:03:40,5820,Regular,customer
210,customer210@example.com,Charlie,password123_u210,Charlie,Jamot,09123450210,"719 Mabini St, Taguig",2026-04-09 04:09:03,2803,Regular,customer
211,customer211@example.com,Leo,password123_u211,Leo,Reyes,09123450211,"389 Luna St, Taguig",2025-10-29 20:41:10,5313,New,customer
212,customer212@example.com,Mhaine,password123_u212,Mhaine,Camorongan,09123450212,"825 Luna St, Pasig City",2025-11-17 13:15:01,1084,Regular,customer
213,customer213@example.com,Bob,password123_u213,Bob,Brown,09123450213,"323 Rizal St, Pasig City",2026-01-06 05:16:51,7517,Regular,customer
214,customer214@example.com,Jonas,password123_u214,Jonas,Aceitunas,09123450214,"253 Taft St, Taguig",2025-11-15 14:39:13,9577,VIP,customer
215,customer215@example.com,Bob,password123_u215,Bob,Dayawon,09123450215,"371 Rizal St, Makati City",2026-02-19 10:51:13,8085,New,customer
216,customer216@example.com,Eve,password123_u216,Eve,Camorongan,09123450216,"882 Mabini St, Makati City",2026-04-06 05:56:43,2621,VIP,customer
217,customer217@example.com,Bob,password123_u217,Bob,Fababier,09123450217,"395 Bonifacio St, Taguig",2026-02-03 08:15:56,8669,Loyal,customer
218,customer218@example.com,Alice,password123_u218,Alice,Camorongan,09123450218,"697 Mabini St, Taguig",2026-05-24 04:24:46,4371,Loyal,customer
219,customer219@example.com,Jarell,password123_u219,Jarell,Jamot,09123450219,"446 Rizal St, Pasig City",2025-08-06 19:58:22,4315,Regular,customer
220,customer220@example.com,Alice,password123_u220,Alice,Fababier,09123450220,"892 Luna St, Taguig",2026-03-30 01:44:17,3258,Regular,customer
221,customer221@example.com,Roman,password123_u221,Roman,Williams,09123450221,"166 Taft St, Taguig",2026-07-28 06:42:15,9,Loyal,customer
222,customer222@example.com,Joshua,password123_u222,Joshua,Camorongan,09123450222,"115 Luna St, Manila",2025-11-06 13:34:54,949,Regular,customer
223,customer223@example.com,Bob,password123_u223,Bob,Fababier,09123450223,"88 Bonifacio St, Quezon City",2026-05-27 23:03:01,8727,Regular,customer
224,customer224@example.com,Leo,password123_u224,Leo,Taylor,09123450224,"487 Taft St, Makati City",2025-11-16 12:13:52,8645,VIP,customer
225,customer225@example.com,Mhaine,password123_u225,Mhaine,Smith,09123450225,"774 Rizal St, Manila",2026-01-07 12:36:07,6118,VIP,customer
226,customer226@example.com,Alice,password123_u226,Alice,Reyes,09123450226,"124 Rizal St, Makati City",2025-08-30 10:29:20,5539,New,customer
227,customer227@example.com,Bob,password123_u227,Bob,Smith,09123450227,"236 Taft St, Makati City",2025-08-08 08:44:52,1163,New,customer
228,customer228@example.com,Mhaine,password123_u228,Mhaine,Fababier,09123450228,"928 Mabini St, Manila",2025-09-02 02:09:46,8423,Regular,customer
229,customer229@example.com,Jonas,password123_u229,Jonas,Taylor,09123450229,"498 Rizal St, Taguig",2025-09-25 22:57:36,9355,VIP,customer
230,customer230@example.com,Mhaine,password123_u230,Mhaine,Williams,09123450230,"485 Bonifacio St, Makati City",2025-09-11 04:54:16,1588,VIP,customer
231,customer231@example.com,Roman,password123_u231,Roman,Dayawon,09123450231,"421 Bonifacio St, Quezon City",2026-04-24 01:56:12,1612,New,customer
232,customer232@example.com,Lance,password123_u232,Lance,Brown,09123450232,"348 Mabini St, Makati City",2025-10-18 23:28:24,3116,VIP,customer
233,customer233@example.com,Leo,password123_u233,Leo,Dayawon,09123450233,"188 Luna St, Pasig City",2025-11-10 14:05:21,1235,VIP,customer
234,customer234@example.com,Eve,password123_u234,Eve,Smith,09123450234,"101 Mabini St, Taguig",2026-06-26 06:03:58,241,New,customer
235,customer235@example.com,Eve,password123_u235,Eve,Sebido,09123450235,"171 Bonifacio St, Pasig City",2026-02-08 12:18:36,3502,VIP,customer
236,customer236@example.com,Lei,password123_u236,Lei,Aceitunas,09123450236,"389 Mabini St, Pasig City",2025-11-16 13:35:45,7454,Loyal,customer
237,customer237@example.com,Lance,password123_u237,Lance,Brown,09123450237,"981 Taft St, Pasig City",2025-10-04 16:32:07,3111,Loyal,customer
238,customer238@example.com,Mhaine,password123_u238,Mhaine,Camorongan,09123450238,"594 Taft St, Quezon City",2026-05-23 01:21:43,5138,New,customer
239,customer239@example.com,Lei,password123_u239,Lei,Jones,09123450239,"489 Taft St, Taguig",2025-10-05 17:06:13,931,New,customer
240,customer240@example.com,Frank,password123_u240,Frank,Aceitunas,09123450240,"71 Taft St, Quezon City",2026-04-24 19:09:41,3853,VIP,customer
241,customer241@example.com,Jarell,password123_u241,Jarell,Jones,09123450241,"253 Taft St, Taguig",2025-08-21 00:08:36,1343,VIP,customer
242,customer242@example.com,Charlie,password123_u242,Charlie,Jones,09123450242,"579 Taft St, Manila",2026-08-03 13:49:05,4272,Regular,customer
243,customer243@example.com,Charlie,password123_u243,Charlie,Brown,09123450243,"322 Rizal St, Manila",2026-01-06 06:42:57,2144,Loyal,customer
244,customer244@example.com,Joshua,password123_u244,Joshua,Lopez,09123450244,"952 Mabini St, Quezon City",2026-01-30 13:15:18,9224,New,customer
245,customer245@example.com,Jarell,password123_u245,Jarell,Smith,09123450245,"219 Taft St, Manila",2025-09-26 00:18:32,5718,New,customer
246,customer246@example.com,Mhaine,password123_u246,Mhaine,Lopez,09123450246,"292 Rizal St, Pasig City",2026-06-25 08:47:26,8900,Loyal,customer
247,customer247@example.com,Bob,password123_u247,Bob,Williams,09123450247,"670 Taft St, Quezon City",2026-04-21 22:39:38,9086,Loyal,customer
248,customer248@example.com,Charlie,password123_u248,Charlie,Fababier,09123450248,"962 Rizal St, Manila",2025-09-19 09:35:51,1753,Regular,customer
249,customer249@example.com,Jonas,password123_u249,Jonas,Jamot,09123450249,"620 Rizal St, Manila",2025-10-23 15:23:20,4325,VIP,customer
250,customer250@example.com,Jonas,password123_u250,Jonas,Camorongan,09123450250,"95 Bonifacio St, Manila",2025-08-22 16:38:34,58,Loyal,customer
251,customer251@example.com,Eve,password123_u251,Eve,Aceitunas,09123450251,"653 Luna St, Makati City",2026-05-20 10:29:50,7239,VIP,customer
252,customer252@example.com,Alice,password123_u252,Alice,Camorongan,09123450252,"115 Mabini St, Makati City",2026-03-05 10:59:40,590,Loyal,customer
253,customer253@example.com,Bob,password123_u253,Bob,Smith,09123450253,"152 Bonifacio St, Makati City",2025-08-21 19:35:51,5050,Loyal,customer
254,customer254@example.com,Eve,password123_u254,Eve,Camorongan,09123450254,"921 Luna St, Makati City",2026-04-27 11:02:48,4088,New,customer
255,customer255@example.com,Roman,password123_u255,Roman,Williams,09123450255,"574 Bonifacio St, Taguig",2026-05-23 15:21:43,2532,Regular,customer
256,customer256@example.com,Frank,password123_u256,Frank,Aceitunas,09123450256,"820 Rizal St, Pasig City",2025-08-15 04:45:00,2938,Loyal,customer
257,customer257@example.com,Eve,password123_u257,Eve,Dayawon,09123450257,"822 Rizal St, Manila",2025-10-06 09:33:21,1771,VIP,customer
258,customer258@example.com,Frank,password123_u258,Frank,Camorongan,09123450258,"880 Bonifacio St, Makati City",2025-10-22 01:52:40,7541,Loyal,customer
259,customer259@example.com,Jonas,password123_u259,Jonas,Williams,09123450259,"893 Rizal St, Makati City",2025-08-14 18:17:34,3164,VIP,customer
260,customer260@example.com,Roman,password123_u260,Roman,Jamot,09123450260,"886 Mabini St, Manila",2025-12-19 22:38:36,8346,VIP,customer
261,customer261@example.com,Charlie,password123_u261,Charlie,Smith,09123450261,"340 Mabini St, Quezon City",2026-07-12 04:18:53,4279,Regular,customer
262,customer262@example.com,Bob,password123_u262,Bob,Jamot,09123450262,"40 Mabini St, Taguig",2026-01-21 08:09:08,5663,Loyal,customer
263,customer263@example.com,Lance,password123_u263,Lance,Jones,09123450263,"524 Mabini St, Pasig City",2026-07-20 21:42:58,9446,Regular,customer
264,customer264@example.com,Jonas,password123_u264,Jonas,Camorongan,09123450264,"726 Bonifacio St, Quezon City",2026-02-23 11:43:59,8821,Regular,customer
265,customer265@example.com,Roman,password123_u265,Roman,Dayawon,09123450265,"72 Luna St, Taguig",2025-12-05 11:37:49,2041,Loyal,customer
266,customer266@example.com,Alice,password123_u266,Alice,Jamot,09123450266,"683 Bonifacio St, Manila",2026-01-08 20:22:04,4844,Regular,customer
267,customer267@example.com,Mhaine,password123_u267,Mhaine,Dayawon,09123450267,"681 Bonifacio St, Makati City",2026-04-01 14:44:21,9324,Loyal,customer
268,customer268@example.com,Lance,password123_u268,Lance,Smith,09123450268,"854 Mabini St, Manila",2025-11-24 23:57:14,3443,VIP,customer
269,customer269@example.com,Eve,password123_u269,Eve,Jones,09123450269,"622 Luna St, Pasig City",2026-01-24 03:28:06,7244,Regular,customer
270,customer270@example.com,Alice,password123_u270,Alice,Reyes,09123450270,"813 Rizal St, Quezon City",2025-11-23 18:48:19,8445,Loyal,customer
271,customer271@example.com,Jarell,password123_u271,Jarell,Williams,09123450271,"241 Luna St, Makati City",2026-06-14 19:26:07,3262,Regular,customer
272,customer272@example.com,Lei,password123_u272,Lei,Camorongan,09123450272,"251 Bonifacio St, Taguig",2026-07-01 13:51:13,1193,VIP,customer
273,customer273@example.com,Lance,password123_u273,Lance,Taylor,09123450273,"590 Rizal St, Pasig City",2026-02-13 13:39:13,6547,Regular,customer
274,customer274@example.com,Leo,password123_u274,Leo,Taylor,09123450274,"705 Mabini St, Quezon City",2026-06-03 21:07:42,6965,Regular,customer
275,customer275@example.com,Leo,password123_u275,Leo,Williams,09123450275,"981 Taft St, Pasig City",2025-08-25 01:47:37,9132,Regular,customer
276,customer276@example.com,Frank,password123_u276,Frank,Fababier,09123450276,"468 Rizal St, Pasig City",2026-04-21 19:59:59,8702,Loyal,customer
277,customer277@example.com,Eve,password123_u277,Eve,Reyes,09123450277,"628 Taft St, Pasig City",2026-06-24 03:11:24,8976,VIP,customer
278,customer278@example.com,Leo,password123_u278,Leo,Brown,09123450278,"883 Bonifacio St, Pasig City",2025-11-14 05:33:53,4050,Loyal,customer
279,customer279@example.com,Eve,password123_u279,Eve,Williams,09123450279,"534 Bonifacio St, Makati City",2025-11-20 05:09:29,7206,New,customer
280,customer280@example.com,Diana,password123_u280,Diana,Jamot,09123450280,"241 Luna St, Manila",2025-12-07 17:38:00,8849,New,customer
281,customer281@example.com,Leo,password123_u281,Leo,Aceitunas,09123450281,"237 Bonifacio St, Makati City",2026-05-06 22:01:41,3505,New,customer
282,customer282@example.com,Lance,password123_u282,Lance,Dayawon,09123450282,"339 Taft St, Pasig City",2026-01-14 01:01:16,1020,Regular,customer
283,customer283@example.com,Frank,password123_u283,Frank,Dayawon,09123450283,"399 Taft St, Quezon City",2026-07-04 07:02:44,9432,VIP,customer
284,customer284@example.com,Joshua,password123_u284,Joshua,Camorongan,09123450284,"966 Luna St, Manila",2026-05-25 04:37:17,6389,VIP,customer
285,customer285@example.com,Alice,password123_u285,Alice,Brown,09123450285,"753 Taft St, Taguig",2026-07-20 05:55:57,3613,VIP,customer
286,customer286@example.com,Mhaine,password123_u286,Mhaine,Jamot,09123450286,"447 Bonifacio St, Quezon City",2026-01-03 14:08:10,5507,VIP,customer
287,customer287@example.com,Diana,password123_u287,Diana,Aceitunas,09123450287,"861 Bonifacio St, Makati City",2026-04-04 05:34:46,8751,New,customer
288,customer288@example.com,Lance,password123_u288,Lance,Jones,09123450288,"578 Mabini St, Quezon City",2026-04-12 04:35:07,7022,Regular,customer
289,customer289@example.com,Frank,password123_u289,Frank,Reyes,09123450289,"187 Mabini St, Manila",2025-12-30 19:13:42,5363,Regular,customer
290,customer290@example.com,Joshua,password123_u290,Joshua,Lopez,09123450290,"346 Bonifacio St, Manila",2026-05-24 14:57:50,6906,Loyal,customer
291,customer291@example.com,Frank,password123_u291,Frank,Fababier,09123450291,"482 Mabini St, Taguig",2025-08-25 19:11:50,5733,Regular,customer
292,customer292@example.com,Charlie,password123_u292,Charlie,Fababier,09123450292,"800 Mabini St, Quezon City",2025-11-09 14:34:18,3266,New,customer
293,customer293@example.com,Bob,password123_u293,Bob,Aceitunas,09123450293,"245 Rizal St, Pasig City",2026-04-22 13:31:59,1874,Regular,customer
294,customer294@example.com,Joshua,password123_u294,Joshua,Brown,09123450294,"263 Luna St, Makati City",2026-03-28 21:03:13,9949,New,customer
295,customer295@example.com,Eve,password123_u295,Eve,Aceitunas,09123450295,"988 Luna St, Quezon City",2026-03-18 07:27:25,420,Loyal,customer
296,customer296@example.com,Bob,password123_u296,Bob,Taylor,09123450296,"930 Bonifacio St, Pasig City",2026-05-10 06:08:40,3249,New,customer
297,customer297@example.com,Bob,password123_u297,Bob,Brown,09123450297,"851 Rizal St, Quezon City",2026-05-03 08:02:03,4941,New,customer
298,customer298@example.com,Eve,password123_u298,Eve,Jones,09123450298,"802 Mabini St, Manila",2026-02-28 11:16:12,7018,Loyal,customer
299,customer299@example.com,Jarell,password123_u299,Jarell,Smith,09123450299,"664 Luna St, Quezon City",2026-07-01 12:20:35,6882,VIP,customer
300,customer300@example.com,Jarell,password123_u300,Jarell,Dayawon,09123450300,"984 Luna St, Pasig City",2026-05-07 06:19:07,2506,VIP,customer
301,customer301@example.com,Leo,password123_u301,Leo,Brown,09123450301,"535 Luna St, Taguig",2026-06-15 10:41:13,8817,VIP,customer
302,customer302@example.com,Joshua,password123_u302,Joshua,Dayawon,09123450302,"846 Taft St, Manila",2025-12-08 17:49:15,4022,New,customer
303,customer303@example.com,Jonas,password123_u303,Jonas,Reyes,09123450303,"250 Bonifacio St, Taguig",2026-03-30 14:25:41,6209,Loyal,customer
304,customer304@example.com,Lei,password123_u304,Lei,Reyes,09123450304,"872 Luna St, Makati City",2026-02-10 22:01:09,3475,Loyal,customer
305,customer305@example.com,Eve,password123_u305,Eve,Jamot,09123450305,"349 Luna St, Taguig",2026-05-04 21:13:50,4526,New,customer
306,customer306@example.com,Alice,password123_u306,Alice,Sebido,09123450306,"88 Rizal St, Pasig City",2026-02-11 07:36:00,9096,Regular,customer
307,customer307@example.com,Diana,password123_u307,Diana,Reyes,09123450307,"662 Bonifacio St, Pasig City",2026-06-09 12:23:40,282,New,customer
308,customer308@example.com,Jonas,password123_u308,Jonas,Sebido,09123450308,"415 Rizal St, Manila",2026-04-20 10:16:49,9528,Loyal,customer
309,customer309@example.com,Joshua,password123_u309,Joshua,Smith,09123450309,"544 Luna St, Pasig City",2026-05-22 06:20:47,9017,Loyal,customer
310,customer310@example.com,Roman,password123_u310,Roman,Brown,09123450310,"465 Luna St, Manila",2025-11-11 04:58:35,3777,New,customer
311,customer311@example.com,Diana,password123_u311,Diana,Sebido,09123450311,"324 Mabini St, Taguig",2026-05-28 13:50:47,3033,Regular,customer
312,customer312@example.com,Mhaine,password123_u312,Mhaine,Brown,09123450312,"496 Luna St, Taguig",2026-05-27 19:22:32,8595,Loyal,customer
313,customer313@example.com,Jarell,password123_u313,Jarell,Sebido,09123450313,"304 Rizal St, Manila",2025-10-14 06:14:27,4952,New,customer
314,customer314@example.com,Diana,password123_u314,Diana,Smith,09123450314,"130 Luna St, Quezon City",2025-08-26 17:56:37,9066,Loyal,customer
315,customer315@example.com,Diana,password123_u315,Diana,Aceitunas,09123450315,"654 Bonifacio St, Quezon City",2026-07-10 12:03:43,200,Loyal,customer
316,customer316@example.com,Joshua,password123_u316,Joshua,Reyes,09123450316,"452 Luna St, Makati City",2025-08-25 12:35:24,4136,VIP,customer
317,customer317@example.com,Jarell,password123_u317,Jarell,Fababier,09123450317,"411 Bonifacio St, Quezon City",2026-03-17 15:57:05,878,Regular,customer
318,customer318@example.com,Leo,password123_u318,Leo,Williams,09123450318,"577 Luna St, Quezon City",2025-11-09 23:01:54,1940,VIP,customer
319,customer319@example.com,Bob,password123_u319,Bob,Jones,09123450319,"810 Taft St, Makati City",2026-06-02 19:42:44,8561,VIP,customer
320,customer320@example.com,Joshua,password123_u320,Joshua,Reyes,09123450320,"305 Taft St, Pasig City",2025-12-02 04:04:28,9316,New,customer
321,customer321@example.com,Bob,password123_u321,Bob,Brown,09123450321,"102 Rizal St, Makati City",2025-11-16 08:24:18,1330,Regular,customer
322,customer322@example.com,Mhaine,password123_u322,Mhaine,Aceitunas,09123450322,"566 Mabini St, Makati City",2025-08-06 14:39:50,6693,VIP,customer
323,customer323@example.com,Diana,password123_u323,Diana,Jones,09123450323,"482 Luna St, Quezon City",2025-11-03 11:14:21,4720,Loyal,customer
324,customer324@example.com,Diana,password123_u324,Diana,Reyes,09123450324,"73 Rizal St, Manila",2026-06-07 12:48:49,9663,Regular,customer
325,customer325@example.com,Lance,password123_u325,Lance,Fababier,09123450325,"558 Rizal St, Makati City",2026-07-24 08:43:58,4352,Regular,customer
326,customer326@example.com,Jarell,password123_u326,Jarell,Camorongan,09123450326,"170 Luna St, Taguig",2026-05-23 10:30:58,9325,Loyal,customer
327,customer327@example.com,Joshua,password123_u327,Joshua,Fababier,09123450327,"480 Luna St, Pasig City",2025-11-19 07:14:34,8199,VIP,customer
328,customer328@example.com,Joshua,password123_u328,Joshua,Fababier,09123450328,"613 Mabini St, Pasig City",2026-05-17 20:04:36,5280,Loyal,customer
329,customer329@example.com,Lei,password123_u329,Lei,Fababier,09123450329,"235 Taft St, Taguig",2025-08-13 15:05:09,4415,New,customer
330,customer330@example.com,Eve,password123_u330,Eve,Williams,09123450330,"180 Bonifacio St, Taguig",2026-04-15 14:13:58,7245,Loyal,customer
331,customer331@example.com,Leo,password123_u331,Leo,Jones,09123450331,"447 Bonifacio St, Quezon City",2026-02-04 02:32:19,5700,VIP,customer
332,customer332@example.com,Roman,password123_u332,Roman,Lopez,09123450332,"687 Mabini St, Makati City",2025-12-11 15:43:02,6744,VIP,customer
333,customer333@example.com,Jonas,password123_u333,Jonas,Taylor,09123450333,"968 Bonifacio St, Taguig",2025-08-19 19:45:59,7451,New,customer
334,customer334@example.com,Roman,password123_u334,Roman,Jamot,09123450334,"332 Mabini St, Pasig City",2026-07-07 11:16:31,8431,New,customer
335,customer335@example.com,Charlie,password123_u335,Charlie,Smith,09123450335,"474 Bonifacio St, Quezon City",2025-10-17 10:07:13,8494,Loyal,customer
336,customer336@example.com,Bob,password123_u336,Bob,Williams,09123450336,"511 Bonifacio St, Quezon City",2025-10-23 15:01:29,4375,Regular,customer
337,customer337@example.com,Jonas,password123_u337,Jonas,Reyes,09123450337,"902 Bonifacio St, Quezon City",2025-08-16 18:48:25,9975,Regular,customer
338,customer338@example.com,Diana,password123_u338,Diana,Aceitunas,09123450338,"319 Taft St, Quezon City",2026-03-08 01:04:50,6684,New,customer
339,customer339@example.com,Mhaine,password123_u339,Mhaine,Fababier,09123450339,"473 Mabini St, Makati City",2026-02-15 02:55:14,4781,Loyal,customer
340,customer340@example.com,Lance,password123_u340,Lance,Reyes,09123450340,"484 Rizal St, Pasig City",2026-03-07 15:53:14,2369,VIP,customer
341,customer341@example.com,Mhaine,password123_u341,Mhaine,Jones,09123450341,"521 Rizal St, Quezon City",2025-11-20 20:32:12,6798,Loyal,customer
342,customer342@example.com,Eve,password123_u342,Eve,Smith,09123450342,"274 Mabini St, Manila",2026-05-14 13:00:36,4891,VIP,customer
343,customer343@example.com,Frank,password123_u343,Frank,Aceitunas,09123450343,"458 Taft St, Pasig City",2025-12-17 14:30:45,5446,VIP,customer
344,customer344@example.com,Joshua,password123_u344,Joshua,Lopez,09123450344,"891 Rizal St, Makati City",2026-03-15 15:15:53,6274,Regular,customer
345,customer345@example.com,Frank,password123_u345,Frank,Williams,09123450345,"421 Mabini St, Manila",2026-05-21 18:52:46,7749,VIP,customer
346,customer346@example.com,Lance,password123_u346,Lance,Taylor,09123450346,"812 Rizal St, Pasig City",2025-08-19 22:46:20,2068,Loyal,customer
347,customer347@example.com,Frank,password123_u347,Frank,Fababier,09123450347,"896 Bonifacio St, Quezon City",2026-02-25 19:56:37,7486,New,customer
348,customer348@example.com,Diana,password123_u348,Diana,Aceitunas,09123450348,"420 Rizal St, Quezon City",2026-02-03 21:41:38,4342,Loyal,customer
349,customer349@example.com,Bob,password123_u349,Bob,Brown,09123450349,"408 Mabini St, Manila",2026-07-02 14:07:17,8742,VIP,customer
350,customer350@example.com,Roman,password123_u350,Roman,Taylor,09123450350,"736 Bonifacio St, Taguig",2025-08-19 12:19:41,1121,Regular,customer
351,customer351@example.com,Charlie,password123_u351,Charlie,Taylor,09123450351,"944 Luna St, Makati City",2026-05-22 14:05:29,1480,VIP,customer
352,customer352@example.com,Jarell,password123_u352,Jarell,Williams,09123450352,"649 Mabini St, Pasig City",2025-10-09 04:21:23,4906,New,customer
353,customer353@example.com,Lei,password123_u353,Lei,Lopez,09123450353,"816 Mabini St, Manila",2025-12-22 18:50:41,6141,VIP,customer
354,customer354@example.com,Leo,password123_u354,Leo,Sebido,09123450354,"544 Bonifacio St, Taguig",2026-04-27 08:33:52,2950,Regular,customer
355,customer355@example.com,Leo,password123_u355,Leo,Fababier,09123450355,"625 Bonifacio St, Taguig",2026-04-27 21:00:00,3945,VIP,customer
356,customer356@example.com,Bob,password123_u356,Bob,Aceitunas,09123450356,"238 Bonifacio St, Manila",2026-01-31 01:13:55,4183,New,customer
357,customer357@example.com,Eve,password123_u357,Eve,Reyes,09123450357,"923 Luna St, Taguig",2025-10-05 22:09:50,1210,VIP,customer
358,customer358@example.com,Roman,password123_u358,Roman,Jones,09123450358,"307 Bonifacio St, Manila",2026-01-29 23:44:34,4949,Regular,customer
359,customer359@example.com,Lance,password123_u359,Lance,Reyes,09123450359,"110 Rizal St, Pasig City",2026-03-15 16:25:49,5881,Loyal,customer
360,customer360@example.com,Diana,password123_u360,Diana,Jamot,09123450360,"23 Bonifacio St, Manila",2025-08-08 17:12:10,9272,New,customer
361,customer361@example.com,Bob,password123_u361,Bob,Brown,09123450361,"509 Luna St, Makati City",2026-03-29 07:58:49,5772,Regular,customer
362,customer362@example.com,Charlie,password123_u362,Charlie,Sebido,09123450362,"636 Luna St, Makati City",2026-04-06 13:25:16,1591,New,customer
363,customer363@example.com,Jonas,password123_u363,Jonas,Williams,09123450363,"452 Mabini St, Taguig",2025-12-25 06:28:39,2153,New,customer
364,customer364@example.com,Jonas,password123_u364,Jonas,Lopez,09123450364,"766 Bonifacio St, Makati City",2025-10-22 13:16:03,2165,Loyal,customer
365,customer365@example.com,Alice,password123_u365,Alice,Smith,09123450365,"936 Luna St, Makati City",2025-11-13 08:51:33,7894,Loyal,customer
366,customer366@example.com,Diana,password123_u366,Diana,Lopez,09123450366,"824 Mabini St, Pasig City",2025-09-03 19:33:55,2306,Regular,customer
367,customer367@example.com,Frank,password123_u367,Frank,Taylor,09123450367,"742 Bonifacio St, Taguig",2025-12-25 14:59:42,1479,VIP,customer
368,customer368@example.com,Lei,password123_u368,Lei,Jamot,09123450368,"550 Mabini St, Pasig City",2025-12-26 17:11:30,4295,VIP,customer
369,customer369@example.com,Frank,password123_u369,Frank,Taylor,09123450369,"963 Luna St, Quezon City",2026-04-24 15:39:25,3830,VIP,customer
370,customer370@example.com,Lei,password123_u370,Lei,Jones,09123450370,"906 Taft St, Manila",2026-07-27 00:31:40,9995,Regular,customer
371,customer371@example.com,Charlie,password123_u371,Charlie,Fababier,09123450371,"651 Bonifacio St, Manila",2026-04-14 17:04:28,6689,New,customer
372,customer372@example.com,Leo,password123_u372,Leo,Camorongan,09123450372,"969 Mabini St, Manila",2026-02-12 21:19:07,1902,New,customer
373,customer373@example.com,Mhaine,password123_u373,Mhaine,Smith,09123450373,"139 Bonifacio St, Pasig City",2025-12-27 15:48:08,8850,VIP,customer
374,customer374@example.com,Bob,password123_u374,Bob,Brown,09123450374,"745 Rizal St, Pasig City",2026-04-16 22:02:20,1622,VIP,customer
375,customer375@example.com,Bob,password123_u375,Bob,Dayawon,09123450375,"962 Luna St, Quezon City",2026-04-30 15:36:23,6070,Regular,customer
376,customer376@example.com,Joshua,password123_u376,Joshua,Reyes,09123450376,"974 Rizal St, Manila",2025-09-13 03:46:35,6018,Loyal,customer
377,customer377@example.com,Lei,password123_u377,Lei,Dayawon,09123450377,"283 Rizal St, Quezon City",2026-06-30 21:57:59,7450,New,customer
378,customer378@example.com,Charlie,password123_u378,Charlie,Sebido,09123450378,"658 Taft St, Quezon City",2025-08-25 05:09:01,5464,Regular,customer
379,customer379@example.com,Leo,password123_u379,Leo,Williams,09123450379,"579 Rizal St, Quezon City",2026-06-23 20:11:14,9080,Regular,customer
380,customer380@example.com,Bob,password123_u380,Bob,Sebido,09123450380,"833 Rizal St, Manila",2026-06-02 07:21:45,2417,New,customer
381,customer381@example.com,Jonas,password123_u381,Jonas,Aceitunas,09123450381,"134 Taft St, Manila",2026-06-11 16:24:45,2858,New,customer
382,customer382@example.com,Charlie,password123_u382,Charlie,Camorongan,09123450382,"135 Mabini St, Manila",2026-06-08 08:54:54,3898,Loyal,customer
383,customer383@example.com,Lei,password123_u383,Lei,Aceitunas,09123450383,"272 Mabini St, Makati City",2026-05-20 15:02:16,6897,New,customer
384,customer384@example.com,Diana,password123_u384,Diana,Fababier,09123450384,"488 Bonifacio St, Manila",2026-02-20 21:26:56,9726,New,customer
385,customer385@example.com,Joshua,password123_u385,Joshua,Smith,09123450385,"227 Taft St, Quezon City",2026-05-15 00:07:13,8543,Loyal,customer
386,customer386@example.com,Joshua,password123_u386,Joshua,Taylor,09123450386,"988 Mabini St, Quezon City",2026-02-07 14:09:33,6580,VIP,customer
387,customer387@example.com,Charlie,password123_u387,Charlie,Fababier,09123450387,"503 Bonifacio St, Quezon City",2026-07-20 19:29:53,1323,Loyal,customer
388,customer388@example.com,Bob,password123_u388,Bob,Aceitunas,09123450388,"68 Rizal St, Manila",2026-04-05 00:47:06,9590,Loyal,customer
389,customer389@example.com,Lance,password123_u389,Lance,Jones,09123450389,"544 Luna St, Pasig City",2026-02-17 21:48:07,9919,VIP,customer
390,customer390@example.com,Jarell,password123_u390,Jarell,Williams,09123450390,"719 Mabini St, Taguig",2026-05-12 12:26:21,3522,VIP,customer
391,customer391@example.com,Joshua,password123_u391,Joshua,Sebido,09123450391,"424 Luna St, Pasig City",2026-01-07 10:09:32,6815,New,customer
392,customer392@example.com,Roman,password123_u392,Roman,Dayawon,09123450392,"321 Luna St, Manila",2025-10-03 20:25:20,7770,New,customer
393,customer393@example.com,Jarell,password123_u393,Jarell,Fababier,09123450393,"96 Bonifacio St, Quezon City",2026-05-21 17:47:47,6105,Regular,customer
394,customer394@example.com,Alice,password123_u394,Alice,Camorongan,09123450394,"601 Taft St, Taguig",2025-12-11 14:14:51,2002,VIP,customer
395,customer395@example.com,Roman,password123_u395,Roman,Taylor,09123450395,"964 Bonifacio St, Quezon City",2025-11-25 06:37:29,9837,Loyal,customer
396,customer396@example.com,Roman,password123_u396,Roman,Fababier,09123450396,"592 Taft St, Makati City",2025-10-04 15:54:51,7900,Regular,customer
397,customer397@example.com,Frank,password123_u397,Frank,Fababier,09123450397,"359 Taft St, Manila",2025-09-19 04:31:59,4564,Regular,customer
398,customer398@example.com,Eve,password123_u398,Eve,Dayawon,09123450398,"866 Taft St, Taguig",2026-03-31 20:38:30,9121,New,customer
399,customer399@example.com,Bob,password123_u399,Bob,Taylor,09123450399,"850 Luna St, Quezon City",2025-10-14 15:19:26,4477,Loyal,customer
400,customer400@example.com,Roman,password123_u400,Roman,Lopez,09123450400,"7 Rizal St, Makati City",2026-03-13 12:13:10,6566,New,customer
401,customer401@example.com,Leo,password123_u401,Leo,Brown,09123450401,"649 Mabini St, Quezon City",2026-05-22 07:59:24,8691,Regular,customer
402,customer402@example.com,Lance,password123_u402,Lance,Dayawon,09123450402,"465 Luna St, Makati City",2025-12-27 06:52:09,5105,Loyal,customer
403,customer403@example.com,Eve,password123_u403,Eve,Jones,09123450403,"611 Mabini St, Quezon City",2025-10-04 23:50:03,2579,New,customer
404,customer404@example.com,Charlie,password123_u404,Charlie,Fababier,09123450404,"279 Bonifacio St, Pasig City",2026-02-10 04:25:10,9946,VIP,customer
405,customer405@example.com,Lance,password123_u405,Lance,Jamot,09123450405,"221 Taft St, Quezon City",2025-12-17 14:58:07,7043,New,customer
406,customer406@example.com,Jonas,password123_u406,Jonas,Taylor,09123450406,"695 Taft St, Pasig City",2026-02-26 05:06:22,5053,New,customer
407,customer407@example.com,Mhaine,password123_u407,Mhaine,Dayawon,09123450407,"614 Mabini St, Quezon City",2025-10-23 23:05:09,4938,Regular,customer
408,customer408@example.com,Eve,password123_u408,Eve,Aceitunas,09123450408,"783 Luna St, Manila",2025-12-11 00:02:47,1965,New,customer
409,customer409@example.com,Joshua,password123_u409,Joshua,Brown,09123450409,"441 Rizal St, Makati City",2025-12-31 05:30:52,8725,Regular,customer
410,customer410@example.com,Alice,password123_u410,Alice,Smith,09123450410,"854 Luna St, Quezon City",2026-01-06 18:41:45,693,VIP,customer
411,customer411@example.com,Lei,password123_u411,Lei,Reyes,09123450411,"944 Mabini St, Manila",2026-03-17 04:11:19,7033,VIP,customer
412,customer412@example.com,Diana,password123_u412,Diana,Taylor,09123450412,"428 Luna St, Quezon City",2026-01-09 20:53:57,341,Loyal,customer
413,customer413@example.com,Leo,password123_u413,Leo,Williams,09123450413,"971 Taft St, Pasig City",2026-06-24 16:46:04,5928,New,customer
414,customer414@example.com,Lance,password123_u414,Lance,Fababier,09123450414,"250 Bonifacio St, Taguig",2026-01-08 02:11:14,8584,New,customer
415,customer415@example.com,Lance,password123_u415,Lance,Jamot,09123450415,"764 Luna St, Makati City",2025-12-12 22:08:56,2754,New,customer
416,customer416@example.com,Alice,password123_u416,Alice,Taylor,09123450416,"117 Taft St, Taguig",2025-10-19 21:02:16,5724,Loyal,customer
417,customer417@example.com,Diana,password123_u417,Diana,Taylor,09123450417,"835 Rizal St, Makati City",2025-09-14 11:55:55,2399,Loyal,customer
418,customer418@example.com,Mhaine,password123_u418,Mhaine,Aceitunas,09123450418,"617 Rizal St, Quezon City",2025-10-13 08:50:45,8095,VIP,customer
419,customer419@example.com,Eve,password123_u419,Eve,Jones,09123450419,"779 Taft St, Pasig City",2026-04-27 02:20:54,9248,Loyal,customer
420,customer420@example.com,Frank,password123_u420,Frank,Taylor,09123450420,"324 Rizal St, Pasig City",2025-09-01 02:11:54,7682,VIP,customer
421,customer421@example.com,Charlie,password123_u421,Charlie,Jamot,09123450421,"816 Luna St, Taguig",2025-08-27 09:17:11,5766,New,customer
422,customer422@example.com,Jonas,password123_u422,Jonas,Reyes,09123450422,"463 Mabini St, Quezon City",2025-12-26 18:36:28,4703,New,customer
423,customer423@example.com,Charlie,password123_u423,Charlie,Fababier,09123450423,"630 Taft St, Taguig",2026-01-01 21:21:39,7581,New,customer
424,customer424@example.com,Joshua,password123_u424,Joshua,Williams,09123450424,"586 Rizal St, Manila",2026-03-28 12:47:15,7792,Regular,customer
425,customer425@example.com,Lei,password123_u425,Lei,Reyes,09123450425,"106 Luna St, Quezon City",2026-02-17 12:27:43,2827,New,customer
426,customer426@example.com,Mhaine,password123_u426,Mhaine,Brown,09123450426,"449 Bonifacio St, Taguig",2026-02-24 14:05:21,9991,Regular,customer
427,customer427@example.com,Roman,password123_u427,Roman,Lopez,09123450427,"940 Luna St, Pasig City",2026-01-11 07:43:52,5543,New,customer
428,customer428@example.com,Eve,password123_u428,Eve,Taylor,09123450428,"663 Luna St, Quezon City",2025-12-11 14:39:54,1548,VIP,customer
429,customer429@example.com,Jonas,password123_u429,Jonas,Jamot,09123450429,"742 Taft St, Makati City",2025-12-13 00:53:01,1335,Regular,customer
430,customer430@example.com,Roman,password123_u430,Roman,Jamot,09123450430,"991 Bonifacio St, Makati City",2026-03-24 15:54:38,1388,Loyal,customer
431,customer431@example.com,Alice,password123_u431,Alice,Dayawon,09123450431,"659 Luna St, Makati City",2026-04-22 19:39:43,8624,New,customer
432,customer432@example.com,Charlie,password123_u432,Charlie,Taylor,09123450432,"434 Taft St, Manila",2025-08-12 15:38:43,5940,Loyal,customer
433,customer433@example.com,Leo,password123_u433,Leo,Sebido,09123450433,"350 Bonifacio St, Makati City",2025-11-01 13:15:31,2253,Regular,customer
434,customer434@example.com,Jarell,password123_u434,Jarell,Jamot,09123450434,"865 Mabini St, Taguig",2026-05-31 22:47:51,8843,New,customer
435,customer435@example.com,Charlie,password123_u435,Charlie,Lopez,09123450435,"898 Taft St, Makati City",2026-03-25 12:27:53,6172,Regular,customer
436,customer436@example.com,Leo,password123_u436,Leo,Aceitunas,09123450436,"852 Taft St, Makati City",2026-05-12 15:38:13,7170,New,customer
437,customer437@example.com,Lance,password123_u437,Lance,Lopez,09123450437,"693 Rizal St, Pasig City",2026-03-30 16:53:10,4668,VIP,customer
438,customer438@example.com,Mhaine,password123_u438,Mhaine,Smith,09123450438,"245 Luna St, Pasig City",2026-07-22 15:22:33,3178,Loyal,customer
439,customer439@example.com,Charlie,password123_u439,Charlie,Jones,09123450439,"452 Bonifacio St, Manila",2026-06-03 18:21:58,6256,VIP,customer
440,customer440@example.com,Leo,password123_u440,Leo,Sebido,09123450440,"821 Taft St, Makati City",2026-07-10 14:41:31,4096,New,customer
441,customer441@example.com,Charlie,password123_u441,Charlie,Reyes,09123450441,"896 Luna St, Taguig",2026-08-03 09:58:17,1680,New,customer
442,customer442@example.com,Jonas,password123_u442,Jonas,Fababier,09123450442,"782 Rizal St, Manila",2026-01-27 01:40:59,8410,Regular,customer
443,customer443@example.com,Frank,password123_u443,Frank,Dayawon,09123450443,"94 Rizal St, Pasig City",2026-07-15 03:04:17,5727,New,customer
444,customer444@example.com,Lance,password123_u444,Lance,Camorongan,09123450444,"406 Taft St, Manila",2025-11-05 03:20:07,6326,New,customer
445,customer445@example.com,Roman,password123_u445,Roman,Sebido,09123450445,"29 Luna St, Quezon City",2026-06-27 11:24:51,5493,Regular,customer
446,customer446@example.com,Leo,password123_u446,Leo,Camorongan,09123450446,"294 Bonifacio St, Makati City",2026-05-27 06:38:11,7685,VIP,customer
447,customer447@example.com,Bob,password123_u447,Bob,Camorongan,09123450447,"928 Mabini St, Quezon City",2025-11-12 23:06:30,3533,Regular,customer
448,customer448@example.com,Alice,password123_u448,Alice,Brown,09123450448,"624 Taft St, Pasig City",2025-09-17 18:03:39,4720,Regular,customer
449,customer449@example.com,Jonas,password123_u449,Jonas,Fababier,09123450449,"49 Rizal St, Pasig City",2026-04-10 17:11:10,7489,New,customer
450,customer450@example.com,Jarell,password123_u450,Jarell,Reyes,09123450450,"612 Taft St, Quezon City",2026-04-07 23:58:17,8443,Regular,customer
451,customer451@example.com,Diana,password123_u451,Diana,Aceitunas,09123450451,"299 Bonifacio St, Quezon City",2026-04-01 08:09:54,5780,Regular,customer
452,customer452@example.com,Bob,password123_u452,Bob,Dayawon,09123450452,"192 Mabini St, Taguig",2025-12-23 14:47:42,1108,New,customer
453,customer453@example.com,Lance,password123_u453,Lance,Reyes,09123450453,"45 Bonifacio St, Manila",2025-11-12 01:54:58,266,Loyal,customer
454,customer454@example.com,Eve,password123_u454,Eve,Fababier,09123450454,"354 Rizal St, Quezon City",2026-06-01 04:38:18,9533,Loyal,customer
455,customer455@example.com,Leo,password123_u455,Leo,Camorongan,09123450455,"361 Taft St, Manila",2026-06-17 12:10:35,2868,VIP,customer
456,customer456@example.com,Diana,password123_u456,Diana,Reyes,09123450456,"647 Rizal St, Makati City",2025-08-30 01:51:50,7498,New,customer
457,customer457@example.com,Jonas,password123_u457,Jonas,Sebido,09123450457,"45 Rizal St, Quezon City",2025-12-06 03:17:26,5080,VIP,customer
458,customer458@example.com,Frank,password123_u458,Frank,Smith,09123450458,"485 Luna St, Quezon City",2026-05-25 02:54:16,3131,Loyal,customer
459,customer459@example.com,Roman,password123_u459,Roman,Williams,09123450459,"49 Luna St, Manila",2025-09-22 21:54:56,6029,VIP,customer
460,customer460@example.com,Lance,password123_u460,Lance,Brown,09123450460,"451 Bonifacio St, Manila",2025-10-17 02:59:13,8129,VIP,customer
461,customer461@example.com,Roman,password123_u461,Roman,Williams,09123450461,"532 Luna St, Quezon City",2026-05-14 22:36:48,6955,New,customer
462,customer462@example.com,Lance,password123_u462,Lance,Jones,09123450462,"843 Rizal St, Taguig",2025-11-27 15:49:33,5262,New,customer
463,customer463@example.com,Jarell,password123_u463,Jarell,Lopez,09123450463,"677 Luna St, Manila",2026-01-25 17:57:38,9873,VIP,customer
464,customer464@example.com,Leo,password123_u464,Leo,Brown,09123450464,"455 Luna St, Pasig City",2025-08-22 00:30:11,5776,VIP,customer
465,customer465@example.com,Jonas,password123_u465,Jonas,Taylor,09123450465,"811 Mabini St, Quezon City",2026-04-23 05:36:42,6655,Loyal,customer
466,customer466@example.com,Alice,password123_u466,Alice,Williams,09123450466,"768 Rizal St, Quezon City",2025-09-30 00:31:31,9954,VIP,customer
467,customer467@example.com,Lei,password123_u467,Lei,Aceitunas,09123450467,"69 Rizal St, Manila",2025-12-24 05:12:45,6272,New,customer
468,customer468@example.com,Bob,password123_u468,Bob,Aceitunas,09123450468,"696 Bonifacio St, Manila",2025-12-28 01:08:25,7273,New,customer
469,customer469@example.com,Bob,password123_u469,Bob,Aceitunas,09123450469,"543 Luna St, Pasig City",2025-12-05 16:00:32,4566,Regular,customer
470,customer470@example.com,Jarell,password123_u470,Jarell,Camorongan,09123450470,"754 Rizal St, Pasig City",2026-02-22 15:27:36,6340,New,customer
471,customer471@example.com,Jonas,password123_u471,Jonas,Williams,09123450471,"267 Bonifacio St, Makati City",2026-03-31 04:49:59,4678,VIP,customer
472,customer472@example.com,Mhaine,password123_u472,Mhaine,Fababier,09123450472,"139 Mabini St, Pasig City",2025-10-11 14:59:54,7292,New,customer
473,customer473@example.com,Eve,password123_u473,Eve,Taylor,09123450473,"991 Luna St, Manila",2026-05-08 03:07:16,1063,Loyal,customer
474,customer474@example.com,Jonas,password123_u474,Jonas,Aceitunas,09123450474,"729 Rizal St, Manila",2026-02-19 03:40:18,3673,New,customer
475,customer475@example.com,Mhaine,password123_u475,Mhaine,Williams,09123450475,"143 Rizal St, Pasig City",2025-08-15 18:42:33,5912,Loyal,customer
476,customer476@example.com,Joshua,password123_u476,Joshua,Williams,09123450476,"565 Rizal St, Taguig",2026-07-14 23:29:55,1412,New,customer
477,customer477@example.com,Jonas,password123_u477,Jonas,Dayawon,09123450477,"735 Bonifacio St, Taguig",2026-01-12 02:36:44,6708,New,customer
478,customer478@example.com,Leo,password123_u478,Leo,Lopez,09123450478,"658 Mabini St, Pasig City",2026-02-02 11:36:16,8476,Loyal,customer
479,customer479@example.com,Leo,password123_u479,Leo,Williams,09123450479,"565 Taft St, Makati City",2026-05-30 17:58:04,2114,VIP,customer
480,customer480@example.com,Alice,password123_u480,Alice,Camorongan,09123450480,"852 Mabini St, Taguig",2025-10-03 23:55:55,4982,Regular,customer
481,customer481@example.com,Leo,password123_u481,Leo,Lopez,09123450481,"958 Rizal St, Manila",2026-02-23 02:12:08,4653,New,customer
482,customer482@example.com,Jonas,password123_u482,Jonas,Sebido,09123450482,"651 Taft St, Manila",2025-09-23 04:23:46,4961,New,customer
483,customer483@example.com,Alice,password123_u483,Alice,Taylor,09123450483,"173 Taft St, Taguig",2025-10-04 10:55:09,2804,Loyal,customer
484,customer484@example.com,Frank,password123_u484,Frank,Jones,09123450484,"43 Mabini St, Quezon City",2025-08-23 05:27:32,9449,Loyal,customer
485,customer485@example.com,Charlie,password123_u485,Charlie,Sebido,09123450485,"786 Taft St, Pasig City",2026-04-02 14:54:45,496,VIP,customer
486,customer486@example.com,Charlie,password123_u486,Charlie,Smith,09123450486,"297 Luna St, Pasig City",2025-11-08 16:09:07,6653,Loyal,customer
487,customer487@example.com,Joshua,password123_u487,Joshua,Fababier,09123450487,"706 Mabini St, Makati City",2026-01-23 07:08:40,6809,VIP,customer
488,customer488@example.com,Joshua,password123_u488,Joshua,Sebido,09123450488,"349 Taft St, Makati City",2025-12-04 23:12:16,5231,Loyal,customer
489,customer489@example.com,Lance,password123_u489,Lance,Aceitunas,09123450489,"779 Luna St, Taguig",2026-03-11 16:41:35,1739,Loyal,customer
490,customer490@example.com,Mhaine,password123_u490,Mhaine,Reyes,09123450490,"126 Luna St, Pasig City",2025-11-09 20:29:45,2308,New,customer
491,customer491@example.com,Lei,password123_u491,Lei,Jamot,09123450491,"969 Bonifacio St, Taguig",2026-01-14 23:01:21,4067,Regular,customer
492,customer492@example.com,Frank,password123_u492,Frank,Lopez,09123450492,"957 Taft St, Manila",2025-10-18 07:06:23,2610,VIP,customer
493,customer493@example.com,Alice,password123_u493,Alice,Reyes,09123450493,"511 Luna St, Pasig City",2025-08-14 13:44:35,1475,VIP,customer
494,customer494@example.com,Alice,password123_u494,Alice,Reyes,09123450494,"990 Rizal St, Makati City",2026-03-20 02:53:08,5781,New,customer
495,customer495@example.com,Lei,password123_u495,Lei,Jamot,09123450495,"507 Taft St, Pasig City",2025-11-24 13:05:32,8793,New,customer
496,customer496@example.com,Frank,password123_u496,Frank,Fababier,09123450496,"442 Rizal St, Manila",2026-05-15 02:35:27,5992,VIP,customer
497,customer497@example.com,Roman,password123_u497,Roman,Camorongan,09123450497,"411 Mabini St, Taguig",2026-03-11 18:14:13,3189,Loyal,customer
498,customer498@example.com,Alice,password123_u498,Alice,Jamot,09123450498,"76 Bonifacio St, Taguig",2026-01-27 11:19:53,9008,Loyal,customer
499,customer499@example.com,Frank,password123_u499,Frank,Jones,09123450499,"697 Taft St, Quezon City",2025-09-24 12:57:14,1584,VIP,customer
500,customer500@example.com,Roman,password123_u500,Roman,Williams,09123450500,"348 Taft St, Manila",2026-05-25 18:30:35,2363,Regular,customer
501,customer501@example.com,Bob,password123_u501,Bob,Smith,09123450501,"412 Taft St, Quezon City",2025-08-23 03:58:56,637,Regular,customer
502,customer502@example.com,Diana,password123_u502,Diana,Lopez,09123450502,"824 Bonifacio St, Taguig",2026-01-30 01:09:59,2440,Regular,customer
503,customer503@example.com,Roman,password123_u503,Roman,Jones,09123450503,"327 Rizal St, Pasig City",2026-04-01 23:55:31,4902,Loyal,customer
504,customer504@example.com,Alice,password123_u504,Alice,Smith,09123450504,"546 Bonifacio St, Taguig",2025-11-29 23:58:30,7780,New,customer
505,customer505@example.com,Roman,password123_u505,Roman,Lopez,09123450505,"690 Mabini St, Pasig City",2026-03-20 06:13:21,5040,New,customer
506,customer506@example.com,Bob,password123_u506,Bob,Reyes,09123450506,"272 Taft St, Taguig",2025-11-01 22:34:51,841,VIP,customer
507,customer507@example.com,Leo,password123_u507,Leo,Smith,09123450507,"645 Taft St, Pasig City",2025-10-01 23:05:37,3968,New,customer
508,customer508@example.com,Bob,password123_u508,Bob,Brown,09123450508,"113 Rizal St, Quezon City",2026-01-23 20:30:06,5139,VIP,customer
509,customer509@example.com,Leo,password123_u509,Leo,Dayawon,09123450509,"708 Rizal St, Pasig City",2026-02-16 11:01:16,7726,New,customer
510,customer510@example.com,Diana,password123_u510,Diana,Aceitunas,09123450510,"532 Rizal St, Taguig",2025-12-09 19:24:20,7837,VIP,customer
511,customer511@example.com,Roman,password123_u511,Roman,Aceitunas,09123450511,"471 Taft St, Manila",2026-03-05 17:21:35,5804,Loyal,customer
512,customer512@example.com,Bob,password123_u512,Bob,Reyes,09123450512,"197 Rizal St, Manila",2026-03-10 07:28:08,4890,Regular,customer
513,customer513@example.com,Jonas,password123_u513,Jonas,Williams,09123450513,"296 Rizal St, Pasig City",2025-12-06 16:45:30,7861,Loyal,customer
514,customer514@example.com,Alice,password123_u514,Alice,Williams,09123450514,"739 Luna St, Manila",2025-09-21 21:40:24,9395,VIP,customer
515,customer515@example.com,Lance,password123_u515,Lance,Lopez,09123450515,"978 Rizal St, Manila",2025-08-21 21:48:45,4712,New,customer
516,customer516@example.com,Roman,password123_u516,Roman,Reyes,09123450516,"672 Luna St, Pasig City",2025-10-27 16:13:33,3310,Loyal,customer
517,customer517@example.com,Alice,password123_u517,Alice,Brown,09123450517,"279 Rizal St, Quezon City",2026-04-01 16:15:01,9614,Regular,customer
518,customer518@example.com,Mhaine,password123_u518,Mhaine,Camorongan,09123450518,"686 Taft St, Makati City",2026-04-10 07:47:55,3814,New,customer
519,customer519@example.com,Jarell,password123_u519,Jarell,Dayawon,09123450519,"339 Bonifacio St, Quezon City",2026-04-27 02:53:38,2252,New,customer
520,customer520@example.com,Alice,password123_u520,Alice,Aceitunas,09123450520,"417 Bonifacio St, Pasig City",2026-04-15 05:11:04,3267,Loyal,customer
521,customer521@example.com,Roman,password123_u521,Roman,Jamot,09123450521,"662 Mabini St, Quezon City",2026-04-15 21:35:21,9406,Regular,customer
522,customer522@example.com,Alice,password123_u522,Alice,Brown,09123450522,"741 Mabini St, Makati City",2026-01-14 20:41:41,2880,New,customer
523,customer523@example.com,Frank,password123_u523,Frank,Dayawon,09123450523,"807 Bonifacio St, Makati City",2026-08-04 07:33:02,4742,New,customer
524,customer524@example.com,Lei,password123_u524,Lei,Jamot,09123450524,"582 Taft St, Quezon City",2026-08-01 03:33:02,5489,Loyal,customer
525,customer525@example.com,Joshua,password123_u525,Joshua,Taylor,09123450525,"557 Taft St, Pasig City",2026-07-16 22:13:40,2198,VIP,customer
526,customer526@example.com,Jonas,password123_u526,Jonas,Sebido,09123450526,"829 Mabini St, Manila",2025-10-07 16:16:50,7518,Loyal,customer
527,customer527@example.com,Diana,password123_u527,Diana,Aceitunas,09123450527,"15 Luna St, Manila",2026-03-14 01:49:44,3164,Regular,customer
528,customer528@example.com,Bob,password123_u528,Bob,Taylor,09123450528,"919 Bonifacio St, Pasig City",2026-02-21 16:29:17,5372,New,customer
529,customer529@example.com,Lance,password123_u529,Lance,Taylor,09123450529,"98 Rizal St, Makati City",2026-02-06 23:55:09,5301,Regular,customer
530,customer530@example.com,Lei,password123_u530,Lei,Jamot,09123450530,"393 Rizal St, Pasig City",2026-05-25 07:14:44,4374,Loyal,customer
531,customer531@example.com,Jonas,password123_u531,Jonas,Jones,09123450531,"741 Taft St, Quezon City",2025-11-15 03:34:35,5890,Regular,customer
532,customer532@example.com,Lei,password123_u532,Lei,Taylor,09123450532,"122 Bonifacio St, Manila",2025-10-06 14:23:35,6642,Loyal,customer
533,customer533@example.com,Diana,password123_u533,Diana,Fababier,09123450533,"655 Luna St, Manila",2026-04-01 06:26:55,3618,Regular,customer
534,customer534@example.com,Leo,password123_u534,Leo,Reyes,09123450534,"157 Bonifacio St, Taguig",2025-12-28 16:09:37,6813,VIP,customer
535,customer535@example.com,Eve,password123_u535,Eve,Smith,09123450535,"822 Rizal St, Makati City",2026-04-26 18:58:14,9761,New,customer
536,customer536@example.com,Alice,password123_u536,Alice,Reyes,09123450536,"541 Luna St, Quezon City",2026-07-27 19:03:53,9243,New,customer
537,customer537@example.com,Lei,password123_u537,Lei,Smith,09123450537,"925 Taft St, Makati City",2026-03-15 23:41:27,8792,Regular,customer
538,customer538@example.com,Leo,password123_u538,Leo,Lopez,09123450538,"875 Taft St, Pasig City",2025-09-19 17:09:35,3365,VIP,customer
539,customer539@example.com,Jarell,password123_u539,Jarell,Smith,09123450539,"457 Mabini St, Pasig City",2025-09-25 19:32:05,8409,VIP,customer
540,customer540@example.com,Joshua,password123_u540,Joshua,Jones,09123450540,"60 Taft St, Pasig City",2026-04-23 20:22:26,5049,New,customer
541,customer541@example.com,Lance,password123_u541,Lance,Jamot,09123450541,"837 Mabini St, Makati City",2026-03-18 03:58:34,1196,New,customer
542,customer542@example.com,Lance,password123_u542,Lance,Lopez,09123450542,"718 Mabini St, Taguig",2025-08-28 23:20:51,1130,VIP,customer
543,customer543@example.com,Lei,password123_u543,Lei,Jamot,09123450543,"419 Rizal St, Makati City",2026-05-29 23:45:20,6887,Loyal,customer
544,customer544@example.com,Lance,password123_u544,Lance,Reyes,09123450544,"891 Bonifacio St, Pasig City",2025-09-05 17:42:30,8835,Regular,customer
545,customer545@example.com,Charlie,password123_u545,Charlie,Lopez,09123450545,"122 Rizal St, Taguig",2026-01-05 05:17:47,8664,Regular,customer
546,customer546@example.com,Diana,password123_u546,Diana,Sebido,09123450546,"855 Mabini St, Quezon City",2025-11-29 10:40:08,7585,VIP,customer
547,customer547@example.com,Alice,password123_u547,Alice,Dayawon,09123450547,"844 Rizal St, Makati City",2026-01-31 11:03:47,5671,Regular,customer
548,customer548@example.com,Jonas,password123_u548,Jonas,Sebido,09123450548,"960 Mabini St, Quezon City",2026-06-15 22:36:28,6868,New,customer
549,customer549@example.com,Mhaine,password123_u549,Mhaine,Sebido,09123450549,"69 Mabini St, Taguig",2025-08-18 14:40:40,7314,New,customer
550,customer550@example.com,Mhaine,password123_u550,Mhaine,Brown,09123450550,"46 Bonifacio St, Pasig City",2025-11-04 13:55:29,8843,Regular,customer
551,customer551@example.com,Eve,password123_u551,Eve,Williams,09123450551,"58 Rizal St, Taguig",2025-11-25 21:51:18,3836,Loyal,customer
552,customer552@example.com,Bob,password123_u552,Bob,Jones,09123450552,"792 Luna St, Makati City",2025-11-30 18:22:22,2347,Regular,customer
553,customer553@example.com,Lance,password123_u553,Lance,Jamot,09123450553,"282 Mabini St, Taguig",2026-03-23 08:27:42,2869,VIP,customer
554,customer554@example.com,Alice,password123_u554,Alice,Reyes,09123450554,"49 Luna St, Pasig City",2026-06-06 17:57:14,8592,Loyal,customer
555,customer555@example.com,Diana,password123_u555,Diana,Dayawon,09123450555,"419 Rizal St, Manila",2025-12-29 18:35:15,3012,VIP,customer
556,customer556@example.com,Mhaine,password123_u556,Mhaine,Sebido,09123450556,"308 Rizal St, Pasig City",2026-07-26 19:43:48,944,VIP,customer
557,customer557@example.com,Lance,password123_u557,Lance,Smith,09123450557,"543 Rizal St, Pasig City",2025-11-07 21:19:47,4177,Regular,customer
558,customer558@example.com,Roman,password123_u558,Roman,Taylor,09123450558,"81 Bonifacio St, Manila",2025-09-10 11:33:04,8775,Regular,customer
559,customer559@example.com,Lei,password123_u559,Lei,Jamot,09123450559,"387 Taft St, Taguig",2025-08-20 22:20:03,1192,Regular,customer
560,customer560@example.com,Eve,password123_u560,Eve,Williams,09123450560,"602 Taft St, Makati City",2026-02-07 18:00:08,3422,Loyal,customer
561,customer561@example.com,Jonas,password123_u561,Jonas,Camorongan,09123450561,"217 Rizal St, Quezon City",2026-05-22 15:08:36,7846,Regular,customer
562,customer562@example.com,Diana,password123_u562,Diana,Jones,09123450562,"721 Rizal St, Pasig City",2026-07-26 23:19:16,3921,Loyal,customer
563,customer563@example.com,Eve,password123_u563,Eve,Jamot,09123450563,"390 Bonifacio St, Taguig",2026-04-14 12:14:44,5886,Loyal,customer
564,customer564@example.com,Jonas,password123_u564,Jonas,Lopez,09123450564,"526 Bonifacio St, Pasig City",2025-09-12 20:49:11,7692,Loyal,customer
565,customer565@example.com,Mhaine,password123_u565,Mhaine,Lopez,09123450565,"321 Bonifacio St, Quezon City",2026-03-12 00:50:05,3625,Regular,customer
566,customer566@example.com,Lei,password123_u566,Lei,Jamot,09123450566,"567 Taft St, Taguig",2026-05-12 04:43:19,6841,Loyal,customer
567,customer567@example.com,Leo,password123_u567,Leo,Sebido,09123450567,"338 Rizal St, Pasig City",2026-03-14 20:32:51,4026,VIP,customer
568,customer568@example.com,Alice,password123_u568,Alice,Taylor,09123450568,"967 Luna St, Manila",2026-05-29 00:45:40,8005,VIP,customer
569,customer569@example.com,Joshua,password123_u569,Joshua,Aceitunas,09123450569,"751 Luna St, Makati City",2025-09-28 22:13:56,8954,VIP,customer
570,customer570@example.com,Leo,password123_u570,Leo,Smith,09123450570,"658 Mabini St, Taguig",2025-08-18 16:59:04,1217,New,customer
571,customer571@example.com,Eve,password123_u571,Eve,Camorongan,09123450571,"423 Rizal St, Makati City",2025-08-31 23:13:53,2474,New,customer
572,customer572@example.com,Mhaine,password123_u572,Mhaine,Smith,09123450572,"467 Luna St, Quezon City",2026-04-02 12:21:58,7916,VIP,customer
573,customer573@example.com,Lei,password123_u573,Lei,Camorongan,09123450573,"545 Taft St, Pasig City",2025-08-10 04:11:00,274,Loyal,customer
574,customer574@example.com,Alice,password123_u574,Alice,Jamot,09123450574,"18 Taft St, Pasig City",2026-06-14 15:45:07,2937,New,customer
575,customer575@example.com,Jarell,password123_u575,Jarell,Smith,09123450575,"153 Rizal St, Makati City",2026-04-03 06:30:02,8625,Loyal,customer
576,customer576@example.com,Frank,password123_u576,Frank,Lopez,09123450576,"274 Bonifacio St, Quezon City",2025-12-28 10:49:01,6652,VIP,customer
577,customer577@example.com,Bob,password123_u577,Bob,Sebido,09123450577,"714 Rizal St, Manila",2026-04-28 05:27:16,1320,New,customer
578,customer578@example.com,Jarell,password123_u578,Jarell,Dayawon,09123450578,"389 Bonifacio St, Taguig",2026-02-06 10:24:48,919,New,customer
579,customer579@example.com,Diana,password123_u579,Diana,Aceitunas,09123450579,"85 Bonifacio St, Pasig City",2026-04-13 00:41:44,5427,New,customer
580,customer580@example.com,Alice,password123_u580,Alice,Camorongan,09123450580,"236 Rizal St, Taguig",2026-02-06 05:42:30,4441,New,customer
581,customer581@example.com,Jarell,password123_u581,Jarell,Taylor,09123450581,"948 Luna St, Taguig",2026-03-12 10:01:01,539,Regular,customer
582,customer582@example.com,Frank,password123_u582,Frank,Lopez,09123450582,"17 Rizal St, Taguig",2025-09-30 13:41:13,6525,New,customer
583,customer583@example.com,Jonas,password123_u583,Jonas,Aceitunas,09123450583,"578 Rizal St, Taguig",2026-06-25 17:13:53,6375,Loyal,customer
584,customer584@example.com,Lance,password123_u584,Lance,Williams,09123450584,"758 Rizal St, Quezon City",2026-02-16 01:27:07,5666,New,customer
585,customer585@example.com,Jarell,password123_u585,Jarell,Dayawon,09123450585,"238 Mabini St, Manila",2026-03-28 14:18:21,9758,VIP,customer
586,customer586@example.com,Eve,password123_u586,Eve,Lopez,09123450586,"31 Luna St, Pasig City",2026-02-12 02:28:48,3737,Loyal,customer
587,customer587@example.com,Alice,password123_u587,Alice,Dayawon,09123450587,"443 Rizal St, Taguig",2026-04-19 03:37:58,6227,New,customer
588,customer588@example.com,Eve,password123_u588,Eve,Jones,09123450588,"303 Rizal St, Quezon City",2025-09-06 10:22:26,4390,Regular,customer
589,customer589@example.com,Lance,password123_u589,Lance,Brown,09123450589,"803 Rizal St, Pasig City",2025-12-06 13:22:46,5909,New,customer
590,customer590@example.com,Jarell,password123_u590,Jarell,Camorongan,09123450590,"966 Luna St, Pasig City",2025-12-23 08:23:55,4419,New,customer
591,customer591@example.com,Leo,password123_u591,Leo,Fababier,09123450591,"192 Bonifacio St, Pasig City",2026-03-09 21:12:04,9088,VIP,customer
592,customer592@example.com,Jarell,password123_u592,Jarell,Camorongan,09123450592,"92 Luna St, Taguig",2025-09-10 17:08:46,9780,Loyal,customer
593,customer593@example.com,Frank,password123_u593,Frank,Dayawon,09123450593,"13 Luna St, Pasig City",2026-01-03 04:16:41,1387,Regular,customer
594,customer594@example.com,Bob,password123_u594,Bob,Smith,09123450594,"174 Bonifacio St, Makati City",2025-09-28 11:48:27,4405,Loyal,customer
595,customer595@example.com,Jonas,password123_u595,Jonas,Reyes,09123450595,"150 Mabini St, Makati City",2026-01-21 09:12:03,4521,VIP,customer
596,customer596@example.com,Jonas,password123_u596,Jonas,Reyes,09123450596,"802 Mabini St, Manila",2025-11-11 07:44:09,4040,VIP,customer
597,customer597@example.com,Bob,password123_u597,Bob,Jones,09123450597,"201 Bonifacio St, Quezon City",2025-09-27 04:34:42,4991,New,customer
598,customer598@example.com,Lance,password123_u598,Lance,Lopez,09123450598,"862 Taft St, Pasig City",2026-06-13 20:15:36,5399,VIP,customer
599,customer599@example.com,Roman,password123_u599,Roman,Dayawon,09123450599,"836 Taft St, Makati City",2025-11-30 05:59:03,5253,Regular,customer
600,customer600@example.com,Joshua,password123_u600,Joshua,Lopez,09123450600,"182 Bonifacio St, Manila",2025-11-26 18:13:05,8044,Regular,customer
601,customer601@example.com,Roman,password123_u601,Roman,Dayawon,09123450601,"288 Bonifacio St, Manila",2025-09-18 19:14:09,9238,Regular,customer
602,customer602@example.com,Bob,password123_u602,Bob,Smith,09123450602,"185 Taft St, Quezon City",2026-05-14 23:50:39,7563,Regular,customer
603,customer603@example.com,Joshua,password123_u603,Joshua,Williams,09123450603,"299 Mabini St, Pasig City",2026-04-23 22:19:50,8180,Regular,customer
604,customer604@example.com,Charlie,password123_u604,Charlie,Jamot,09123450604,"248 Luna St, Makati City",2026-05-10 08:12:38,6932,VIP,customer
605,customer605@example.com,Jarell,password123_u605,Jarell,Reyes,09123450605,"613 Bonifacio St, Taguig",2026-01-08 05:29:55,8755,VIP,customer
606,customer606@example.com,Alice,password123_u606,Alice,Camorongan,09123450606,"810 Luna St, Taguig",2026-03-24 04:31:38,1392,New,customer
607,customer607@example.com,Eve,password123_u607,Eve,Sebido,09123450607,"674 Luna St, Makati City",2026-04-13 20:12:00,725,VIP,customer
608,customer608@example.com,Eve,password123_u608,Eve,Lopez,09123450608,"989 Bonifacio St, Quezon City",2025-08-09 16:02:12,1615,Loyal,customer
609,customer609@example.com,Mhaine,password123_u609,Mhaine,Smith,09123450609,"765 Taft St, Taguig",2026-03-19 00:32:49,9424,Regular,customer
610,customer610@example.com,Joshua,password123_u610,Joshua,Lopez,09123450610,"401 Bonifacio St, Taguig",2026-04-30 17:03:59,8199,Regular,customer
611,customer611@example.com,Roman,password123_u611,Roman,Camorongan,09123450611,"495 Mabini St, Manila",2026-01-14 02:53:47,1406,New,customer
612,customer612@example.com,Frank,password123_u612,Frank,Brown,09123450612,"146 Luna St, Manila",2025-12-16 19:20:15,7460,Regular,customer
613,customer613@example.com,Alice,password123_u613,Alice,Reyes,09123450613,"357 Bonifacio St, Quezon City",2026-01-22 17:43:37,7412,Loyal,customer
614,customer614@example.com,Jarell,password123_u614,Jarell,Jamot,09123450614,"46 Mabini St, Quezon City",2026-07-01 08:39:20,5620,New,customer
615,customer615@example.com,Charlie,password123_u615,Charlie,Williams,09123450615,"169 Rizal St, Taguig",2025-10-12 07:44:47,9042,Regular,customer
616,customer616@example.com,Roman,password123_u616,Roman,Smith,09123450616,"437 Bonifacio St, Makati City",2026-06-11 09:20:50,6636,Regular,customer
617,customer617@example.com,Leo,password123_u617,Leo,Taylor,09123450617,"674 Bonifacio St, Pasig City",2025-08-16 21:48:58,3232,VIP,customer
618,customer618@example.com,Bob,password123_u618,Bob,Dayawon,09123450618,"399 Mabini St, Makati City",2025-10-24 11:46:29,4560,New,customer
619,customer619@example.com,Bob,password123_u619,Bob,Fababier,09123450619,"819 Taft St, Makati City",2025-12-25 15:09:45,5340,Regular,customer
620,customer620@example.com,Joshua,password123_u620,Joshua,Fababier,09123450620,"269 Bonifacio St, Taguig",2026-04-10 18:38:53,5134,VIP,customer
621,customer621@example.com,Bob,password123_u621,Bob,Dayawon,09123450621,"602 Mabini St, Manila",2025-12-20 06:27:42,7501,Regular,customer
622,customer622@example.com,Frank,password123_u622,Frank,Taylor,09123450622,"723 Luna St, Taguig",2026-03-22 18:29:32,1388,Regular,customer
623,customer623@example.com,Roman,password123_u623,Roman,Fababier,09123450623,"245 Luna St, Quezon City",2025-10-15 15:49:22,6116,Regular,customer
624,customer624@example.com,Alice,password123_u624,Alice,Dayawon,09123450624,"429 Taft St, Makati City",2026-03-16 19:18:18,6286,VIP,customer
625,customer625@example.com,Leo,password123_u625,Leo,Reyes,09123450625,"651 Taft St, Makati City",2026-03-09 01:53:04,2733,VIP,customer
626,customer626@example.com,Jonas,password123_u626,Jonas,Aceitunas,09123450626,"192 Luna St, Pasig City",2026-04-03 03:02:38,878,Loyal,customer
627,customer627@example.com,Lei,password123_u627,Lei,Reyes,09123450627,"140 Rizal St, Pasig City",2026-03-11 16:02:55,8281,VIP,customer
628,customer628@example.com,Lance,password123_u628,Lance,Taylor,09123450628,"504 Bonifacio St, Pasig City",2026-02-11 08:44:02,2740,New,customer
629,customer629@example.com,Bob,password123_u629,Bob,Camorongan,09123450629,"815 Rizal St, Manila",2025-08-18 06:27:53,4503,Regular,customer
630,customer630@example.com,Alice,password123_u630,Alice,Jamot,09123450630,"173 Bonifacio St, Taguig",2026-05-20 22:29:46,8115,New,customer
631,customer631@example.com,Bob,password123_u631,Bob,Fababier,09123450631,"275 Taft St, Manila",2026-03-04 01:56:05,681,VIP,customer
632,customer632@example.com,Alice,password123_u632,Alice,Sebido,09123450632,"436 Mabini St, Makati City",2025-11-29 04:34:22,528,VIP,customer
633,customer633@example.com,Jonas,password123_u633,Jonas,Lopez,09123450633,"883 Mabini St, Pasig City",2026-07-07 14:48:58,1923,Regular,customer
634,customer634@example.com,Mhaine,password123_u634,Mhaine,Williams,09123450634,"756 Taft St, Manila",2026-07-05 23:16:47,9998,VIP,customer
635,customer635@example.com,Leo,password123_u635,Leo,Jones,09123450635,"143 Rizal St, Makati City",2026-06-14 08:58:26,972,Loyal,customer
636,customer636@example.com,Alice,password123_u636,Alice,Jamot,09123450636,"612 Taft St, Makati City",2025-12-09 06:23:41,4794,Loyal,customer
637,customer637@example.com,Bob,password123_u637,Bob,Jamot,09123450637,"976 Taft St, Quezon City",2025-09-27 05:30:16,6743,New,customer
638,customer638@example.com,Jonas,password123_u638,Jonas,Taylor,09123450638,"130 Rizal St, Makati City",2025-10-01 08:48:43,5277,Regular,customer
639,customer639@example.com,Eve,password123_u639,Eve,Taylor,09123450639,"403 Bonifacio St, Makati City",2026-03-17 19:43:13,4402,VIP,customer
640,customer640@example.com,Lance,password123_u640,Lance,Reyes,09123450640,"78 Mabini St, Pasig City",2026-02-21 19:35:25,4558,Loyal,customer
641,customer641@example.com,Joshua,password123_u641,Joshua,Reyes,09123450641,"336 Taft St, Quezon City",2026-07-09 00:31:54,1526,VIP,customer
642,customer642@example.com,Charlie,password123_u642,Charlie,Taylor,09123450642,"715 Luna St, Quezon City",2026-06-10 13:58:48,8756,VIP,customer
643,customer643@example.com,Mhaine,password123_u643,Mhaine,Dayawon,09123450643,"845 Rizal St, Pasig City",2025-11-17 20:40:09,5289,Loyal,customer
644,customer644@example.com,Roman,password123_u644,Roman,Smith,09123450644,"592 Rizal St, Taguig",2026-07-02 14:52:43,7951,Loyal,customer
645,customer645@example.com,Charlie,password123_u645,Charlie,Williams,09123450645,"50 Mabini St, Quezon City",2026-04-05 18:08:26,7529,New,customer
646,customer646@example.com,Jarell,password123_u646,Jarell,Aceitunas,09123450646,"452 Bonifacio St, Quezon City",2026-01-18 17:06:10,3314,Regular,customer
647,customer647@example.com,Charlie,password123_u647,Charlie,Jamot,09123450647,"163 Luna St, Quezon City",2026-04-16 18:55:35,5905,Loyal,customer
648,customer648@example.com,Jarell,password123_u648,Jarell,Lopez,09123450648,"681 Rizal St, Quezon City",2026-01-06 11:53:44,5005,Regular,customer
649,customer649@example.com,Lance,password123_u649,Lance,Taylor,09123450649,"94 Mabini St, Quezon City",2025-10-27 10:57:14,7812,New,customer
650,customer650@example.com,Leo,password123_u650,Leo,Jones,09123450650,"232 Taft St, Pasig City",2025-08-09 04:17:06,132,Loyal,customer
651,customer651@example.com,Frank,password123_u651,Frank,Fababier,09123450651,"881 Bonifacio St, Makati City",2026-02-07 02:12:48,1160,Regular,customer
652,customer652@example.com,Lance,password123_u652,Lance,Fababier,09123450652,"749 Mabini St, Quezon City",2025-12-05 06:22:18,6022,Loyal,customer
653,customer653@example.com,Leo,password123_u653,Leo,Dayawon,09123450653,"793 Rizal St, Makati City",2025-09-01 03:22:00,8691,New,customer
654,customer654@example.com,Bob,password123_u654,Bob,Taylor,09123450654,"169 Bonifacio St, Manila",2026-05-13 03:16:44,3490,Regular,customer
655,customer655@example.com,Lance,password123_u655,Lance,Jones,09123450655,"704 Bonifacio St, Makati City",2025-09-08 05:42:55,1646,Regular,customer
656,customer656@example.com,Eve,password123_u656,Eve,Fababier,09123450656,"604 Bonifacio St, Manila",2026-01-19 07:55:03,5152,Regular,customer
657,customer657@example.com,Mhaine,password123_u657,Mhaine,Jamot,09123450657,"661 Mabini St, Makati City",2026-03-08 11:45:17,9846,Loyal,customer
658,customer658@example.com,Eve,password123_u658,Eve,Brown,09123450658,"28 Luna St, Makati City",2026-02-22 15:29:45,9943,Regular,customer
659,customer659@example.com,Diana,password123_u659,Diana,Dayawon,09123450659,"303 Mabini St, Makati City",2026-02-13 18:24:44,6322,New,customer
660,customer660@example.com,Mhaine,password123_u660,Mhaine,Reyes,09123450660,"654 Taft St, Quezon City",2026-02-26 17:42:41,197,Loyal,customer
661,customer661@example.com,Roman,password123_u661,Roman,Aceitunas,09123450661,"397 Taft St, Pasig City",2025-12-25 11:36:55,8951,Regular,customer
662,customer662@example.com,Eve,password123_u662,Eve,Reyes,09123450662,"978 Mabini St, Quezon City",2026-03-21 16:20:56,1106,New,customer
663,customer663@example.com,Jonas,password123_u663,Jonas,Sebido,09123450663,"41 Mabini St, Pasig City",2026-02-18 07:40:39,4693,VIP,customer
664,customer664@example.com,Lance,password123_u664,Lance,Brown,09123450664,"412 Mabini St, Taguig",2026-03-02 09:02:08,2501,Loyal,customer
665,customer665@example.com,Jarell,password123_u665,Jarell,Jamot,09123450665,"81 Taft St, Makati City",2026-06-15 09:23:25,2545,Loyal,customer
666,customer666@example.com,Lance,password123_u666,Lance,Jones,09123450666,"650 Mabini St, Manila",2026-05-03 21:51:20,7167,Regular,customer
667,customer667@example.com,Lei,password123_u667,Lei,Sebido,09123450667,"89 Bonifacio St, Quezon City",2026-01-28 15:27:22,9975,New,customer
668,customer668@example.com,Jonas,password123_u668,Jonas,Taylor,09123450668,"760 Rizal St, Quezon City",2025-08-10 11:46:13,2248,New,customer
669,customer669@example.com,Leo,password123_u669,Leo,Reyes,09123450669,"976 Luna St, Taguig",2026-02-22 10:35:26,4247,Regular,customer
670,customer670@example.com,Roman,password123_u670,Roman,Aceitunas,09123450670,"768 Luna St, Quezon City",2026-06-01 03:58:33,480,Loyal,customer
671,customer671@example.com,Eve,password123_u671,Eve,Dayawon,09123450671,"279 Taft St, Quezon City",2025-11-15 16:35:34,9447,New,customer
672,customer672@example.com,Joshua,password123_u672,Joshua,Reyes,09123450672,"524 Luna St, Quezon City",2026-02-15 14:25:37,9287,Regular,customer
673,customer673@example.com,Roman,password123_u673,Roman,Aceitunas,09123450673,"262 Mabini St, Taguig",2026-04-24 08:58:56,1889,Regular,customer
674,customer674@example.com,Diana,password123_u674,Diana,Smith,09123450674,"3 Mabini St, Quezon City",2025-11-08 13:06:33,753,VIP,customer
675,customer675@example.com,Roman,password123_u675,Roman,Dayawon,09123450675,"943 Rizal St, Makati City",2026-08-02 04:45:55,579,VIP,customer
676,customer676@example.com,Mhaine,password123_u676,Mhaine,Lopez,09123450676,"255 Bonifacio St, Manila",2025-11-18 22:01:54,1276,Loyal,customer
677,customer677@example.com,Jarell,password123_u677,Jarell,Smith,09123450677,"690 Mabini St, Makati City",2025-10-31 05:57:35,8450,New,customer
678,customer678@example.com,Lance,password123_u678,Lance,Fababier,09123450678,"899 Bonifacio St, Manila",2026-06-01 23:31:23,5090,Loyal,customer
679,customer679@example.com,Jarell,password123_u679,Jarell,Smith,09123450679,"468 Mabini St, Manila",2025-10-22 12:06:54,4777,Loyal,customer
680,customer680@example.com,Diana,password123_u680,Diana,Jones,09123450680,"249 Bonifacio St, Manila",2026-03-23 08:41:01,8083,Regular,customer
681,customer681@example.com,Diana,password123_u681,Diana,Smith,09123450681,"779 Rizal St, Makati City",2025-08-08 01:10:14,6718,New,customer
682,customer682@example.com,Mhaine,password123_u682,Mhaine,Smith,09123450682,"355 Mabini St, Manila",2025-08-06 03:21:05,6164,Loyal,customer
683,customer683@example.com,Jarell,password123_u683,Jarell,Sebido,09123450683,"543 Rizal St, Pasig City",2026-02-12 15:45:57,981,Regular,customer
684,customer684@example.com,Diana,password123_u684,Diana,Jamot,09123450684,"96 Mabini St, Makati City",2026-07-20 01:02:59,8515,VIP,customer
685,customer685@example.com,Diana,password123_u685,Diana,Lopez,09123450685,"470 Mabini St, Taguig",2025-09-11 16:34:00,8280,Regular,customer
686,customer686@example.com,Charlie,password123_u686,Charlie,Dayawon,09123450686,"77 Taft St, Taguig",2025-08-29 18:14:34,7126,Regular,customer
687,customer687@example.com,Mhaine,password123_u687,Mhaine,Jamot,09123450687,"268 Luna St, Pasig City",2026-05-04 16:57:37,5345,Loyal,customer
688,customer688@example.com,Joshua,password123_u688,Joshua,Jamot,09123450688,"240 Mabini St, Makati City",2025-09-27 10:22:43,9579,New,customer
689,customer689@example.com,Leo,password123_u689,Leo,Fababier,09123450689,"169 Bonifacio St, Pasig City",2025-12-05 12:43:36,6660,New,customer
690,customer690@example.com,Alice,password123_u690,Alice,Lopez,09123450690,"988 Rizal St, Pasig City",2025-12-03 07:21:38,7591,Loyal,customer
691,customer691@example.com,Frank,password123_u691,Frank,Fababier,09123450691,"93 Rizal St, Manila",2026-06-22 12:12:23,9884,New,customer
692,customer692@example.com,Mhaine,password123_u692,Mhaine,Lopez,09123450692,"152 Mabini St, Makati City",2025-12-21 17:29:14,6492,New,customer
693,customer693@example.com,Charlie,password123_u693,Charlie,Jamot,09123450693,"267 Rizal St, Quezon City",2026-01-09 14:55:59,7408,Regular,customer
694,customer694@example.com,Jarell,password123_u694,Jarell,Reyes,09123450694,"105 Rizal St, Quezon City",2025-08-10 05:10:15,1010,Regular,customer
695,customer695@example.com,Leo,password123_u695,Leo,Sebido,09123450695,"844 Bonifacio St, Manila",2026-04-29 02:22:00,1376,Loyal,customer
696,customer696@example.com,Frank,password123_u696,Frank,Fababier,09123450696,"23 Mabini St, Makati City",2026-07-22 01:35:51,7265,Regular,customer
697,customer697@example.com,Jarell,password123_u697,Jarell,Williams,09123450697,"340 Mabini St, Quezon City",2026-01-31 14:30:30,829,Regular,customer
698,customer698@example.com,Bob,password123_u698,Bob,Dayawon,09123450698,"842 Bonifacio St, Pasig City",2025-08-17 00:31:09,6270,VIP,customer
699,customer699@example.com,Leo,password123_u699,Leo,Lopez,09123450699,"220 Rizal St, Manila",2025-11-22 06:09:28,7307,Regular,customer
700,scen_a_1@autokita-highcost.com,3d575d,scnA_pass1,Roberto,Aguilar,09151842138,"4909 Bonifacio St., Mandaluyong",2019-01-15 16:31:49.298791,4556,VIP,customer
701,scen_a_2@autokita-highcost.com,052aff,scnA_pass2,Francisco,Reyes,09273808759,"821 Osmena St., Taguig",2023-05-16 16:31:49.298791,3384,Regular,customer
702,scen_a_3@autokita-highcost.com,8f54f1,scnA_pass3,Ernesto,Aguilar,09415406383,"2061 Roxas St., Manila",2022-08-12 16:31:49.298791,2192,New,customer
703,scen_a_4@autokita-highcost.com,4fc87d,scnA_pass4,Domingo,Castillo,09268430187,"2346 Roxas St., Paranaque",2026-04-23 16:31:49.298791,954,New,customer
704,scen_a_5@autokita-highcost.com,2b8b72,scnA_pass5,Arturo,Garcia,09951973553,"6321 Rizal St., Quezon City",2021-07-09 16:31:49.298791,7238,Loyal,customer
705,scen_a_6@autokita-highcost.com,a17efc,scnA_pass6,Eduardo,Dela Cruz,09901203619,"2678 Quezon St., Paranaque",2025-06-10 16:31:49.298791,2211,Regular,customer
706,scen_a_7@autokita-highcost.com,163d86,scnA_pass7,Francisco,Flores,09403901537,"3226 Roxas St., Las Pinas",2020-03-09 16:31:49.298791,4509,Regular,customer
707,scen_a_8@autokita-highcost.com,031376,scnA_pass8,Ernesto,Gomez,09682764889,"9887 Mabini St., Quezon City",2019-12-16 16:31:49.298791,6556,Loyal,customer
708,scen_a_9@autokita-highcost.com,c6e5ae,scnA_pass9,Ernesto,Cruz,09232821448,"3005 Luna St., Makati City",2020-05-18 16:31:49.298791,4683,Regular,customer
709,scen_a_10@autokita-highcost.com,f5de34,scnA_pass10,Jorge,Cruz,09958882109,"4035 Magsaysay St., Las Pinas",2020-12-15 16:31:49.298791,7656,Regular,customer
710,scen_a_11@autokita-highcost.com,fefbe7,scnA_pass11,Jose,Castillo,09525526108,"4361 Osmena St., Quezon City",2016-08-17 16:31:49.298791,1297,Regular,customer
711,scen_a_12@autokita-highcost.com,56a37e,scnA_pass12,Ricardo,Aguilar,09885947843,"1866 Mabini St., Mandaluyong",2016-08-14 16:31:49.298791,6437,Loyal,customer
712,scen_a_13@autokita-highcost.com,fd3d72,scnA_pass13,Luis,Soriano,09925069056,"9964 Quezon St., Mandaluyong",2022-03-30 16:31:49.298791,7246,Regular,customer
713,scen_a_14@autokita-highcost.com,2db389,scnA_pass14,Roberto,Flores,09663044157,"7725 Magsaysay St., Manila",2022-07-16 16:31:49.298791,1246,Regular,customer
714,scen_a_15@autokita-highcost.com,3c5bc7,scnA_pass15,Cesar,Aguilar,09203105530,"8888 Rizal St., Marikina",2018-05-04 16:31:49.298791,7823,Loyal,customer
715,scen_a_16@autokita-highcost.com,e22be9,scnA_pass16,Carlos,Bautista,09804662682,"4735 Taft St., Manila",2024-08-20 16:31:49.298791,7749,Loyal,customer
716,scen_a_17@autokita-highcost.com,d7e9f9,scnA_pass17,Manuel,Castillo,09849170756,"273 Rizal St., Manila",2019-07-26 16:31:49.298791,4423,New,customer
717,scen_a_18@autokita-highcost.com,fbf909,scnA_pass18,Jose,Flores,09216710920,"4290 Osmena St., Las Pinas",2022-12-26 16:31:49.298791,7160,New,customer
718,scen_a_19@autokita-highcost.com,166d5e,scnA_pass19,Antonio,Torres,09998363826,"641 Taft St., Manila",2026-06-19 16:31:49.298791,925,Regular,customer
719,scen_a_20@autokita-highcost.com,8ac85b,scnA_pass20,Ernesto,Santos,09582676385,"1572 Quezon St., Marikina",2019-09-01 16:31:49.298791,4396,VIP,customer
720,scen_a_21@autokita-highcost.com,69b13d,scnA_pass21,Arturo,Lopez,09492939413,"3017 Osmena St., Marikina",2018-04-02 16:31:49.298791,844,New,customer
721,scen_a_22@autokita-highcost.com,eae44c,scnA_pass22,Pedro,Villanueva,09677674589,"8363 Rizal St., Pasig City",2020-03-05 16:31:49.298791,2034,Regular,customer
722,scen_a_23@autokita-highcost.com,9dbd17,scnA_pass23,Jose,Rivera,09813033545,"7203 Mabini St., Paranaque",2017-01-12 16:31:49.298791,4111,Regular,customer
723,scen_a_24@autokita-highcost.com,626144,scnA_pass24,Eduardo,Lopez,09876264502,"4236 Luna St., Manila",2025-03-13 16:31:49.298791,3963,New,customer
724,scen_a_25@autokita-highcost.com,07bdc9,scnA_pass25,Domingo,Rivera,09599948409,"2313 Mabini St., Paranaque",2024-05-19 16:31:49.298791,3661,VIP,customer
725,scen_a_26@autokita-highcost.com,4ea52a,scnA_pass26,Manuel,Garcia,09142470738,"218 Osmena St., Makati City",2022-08-09 16:31:49.298791,1420,Loyal,customer
726,scen_a_27@autokita-highcost.com,055235,scnA_pass27,Antonio,Reyes,09359956638,"6475 Del Pilar St., Manila",2019-06-14 16:31:49.298791,4135,New,customer
727,scen_a_28@autokita-highcost.com,2ed57f,scnA_pass28,Ramon,Villanueva,09545085268,"6741 Quezon St., Pasig City",2017-12-02 16:31:49.298791,48,Regular,customer
728,scen_a_29@autokita-highcost.com,b12bed,scnA_pass29,Fernando,Villanueva,09106494280,"5137 Del Pilar St., Marikina",2023-03-12 16:31:49.298791,5772,New,customer
729,scen_a_30@autokita-highcost.com,cff8a1,scnA_pass30,Cesar,Mendoza,09943669331,"4122 Magsaysay St., Taguig",2018-02-13 16:31:49.298791,1661,Regular,customer
730,scen_a_31@autokita-highcost.com,4c0011,scnA_pass31,Ricardo,Castillo,09353935131,"9507 Quezon St., Paranaque",2025-06-03 16:31:49.298791,4098,Loyal,customer
731,scen_a_32@autokita-highcost.com,78f2c6,scnA_pass32,Roberto,Bautista,09492378003,"7486 Bonifacio St., Manila",2020-01-14 16:31:49.298791,7964,Loyal,customer
732,scen_a_33@autokita-highcost.com,000bb1,scnA_pass33,Cesar,Flores,09728695464,"8935 Mabini St., Paranaque",2018-09-17 16:31:49.298791,48,Regular,customer
733,scen_a_34@autokita-highcost.com,871246,scnA_pass34,Francisco,Reyes,09736050854,"8659 Taft St., Quezon City",2020-10-29 16:31:49.298791,6681,New,customer
734,scen_a_35@autokita-highcost.com,486254,scnA_pass35,Jorge,Gomez,09749502960,"292 Bonifacio St., Manila",2018-11-14 16:31:49.298791,6817,New,customer
735,scen_a_36@autokita-highcost.com,a47000,scnA_pass36,Arturo,Flores,09186224553,"3546 Magsaysay St., Quezon City",2016-11-28 16:31:49.298791,828,Regular,customer
736,scen_a_37@autokita-highcost.com,d61915,scnA_pass37,Luis,Gomez,09648014814,"2637 Taft St., Makati City",2025-07-13 16:31:49.298791,3525,Loyal,customer
737,scen_a_38@autokita-highcost.com,0237f4,scnA_pass38,Jose,Dela Cruz,09156214311,"2774 Del Pilar St., Makati City",2019-04-04 16:31:49.298791,2246,Regular,customer
738,scen_a_39@autokita-highcost.com,47aaf8,scnA_pass39,Antonio,Aquino,09511566076,"5255 Osmena St., Taguig",2025-10-31 16:31:49.298791,5905,VIP,customer
739,scen_a_40@autokita-highcost.com,88ae50,scnA_pass40,Ernesto,Villanueva,09115886767,"759 Quezon St., Makati City",2021-12-05 16:31:49.298791,5879,Regular,customer
740,scen_a_41@autokita-highcost.com,704bf0,scnA_pass41,Jose,Soriano,09242190965,"5649 Luna St., Caloocan",2017-09-11 16:31:49.298791,5206,Loyal,customer
741,scen_a_42@autokita-highcost.com,5e48a9,scnA_pass42,Luis,Santos,09875774533,"8733 Magsaysay St., Taguig",2024-04-26 16:31:49.298791,7945,Regular,customer
742,scen_a_43@autokita-highcost.com,f9716d,scnA_pass43,Ramon,Soriano,09881415700,"6449 Del Pilar St., Las Pinas",2018-11-03 16:31:49.298791,2044,VIP,customer
743,scen_a_44@autokita-highcost.com,75b79d,scnA_pass44,Ernesto,Mendoza,09917975256,"7153 Mabini St., Las Pinas",2020-04-21 16:31:49.298791,7660,New,customer
744,scen_a_45@autokita-highcost.com,26b62f,scnA_pass45,Pedro,Garcia,09564817725,"7384 Quezon St., Caloocan",2017-05-08 16:31:49.298791,7479,New,customer
745,scen_a_46@autokita-highcost.com,49e176,scnA_pass46,Jorge,Castillo,09391286762,"5808 Luna St., Makati City",2026-05-20 16:31:49.298791,4098,Regular,customer
746,scen_a_47@autokita-highcost.com,06a23c,scnA_pass47,Miguel,Aguilar,09952639388,"9935 Osmena St., Mandaluyong",2025-08-19 16:31:49.298791,1193,New,customer
747,scen_a_48@autokita-highcost.com,593c7b,scnA_pass48,Fernando,Reyes,09107425147,"8061 Roxas St., Paranaque",2025-09-14 16:31:49.298791,528,VIP,customer
748,scen_a_49@autokita-highcost.com,9b0211,scnA_pass49,Fernando,Reyes,09493328749,"6281 Taft St., Marikina",2023-12-25 16:31:49.298791,639,New,customer
749,scen_a_50@autokita-highcost.com,efddea,scnA_pass50,Domingo,Cruz,09807919444,"9997 Bonifacio St., Makati City",2024-07-11 16:31:49.298791,3649,New,customer
750,scen_a_51@autokita-highcost.com,72c70d,scnA_pass51,Jorge,Aquino,09236038174,"7523 Luna St., Quezon City",2023-11-23 16:31:49.298791,5641,VIP,customer
751,scen_a_52@autokita-highcost.com,40a2bc,scnA_pass52,Jorge,Lopez,09727029977,"6373 Roxas St., Caloocan",2018-04-28 16:31:49.298791,1684,Regular,customer
752,scen_a_53@autokita-highcost.com,6bd148,scnA_pass53,Miguel,Castillo,09228770167,"7362 Osmena St., Makati City",2024-06-15 16:31:49.298791,2536,New,customer
753,scen_a_54@autokita-highcost.com,764903,scnA_pass54,Carlos,Aguilar,09678073097,"963 Mabini St., Las Pinas",2020-08-23 16:31:49.298791,1481,Loyal,customer
754,scen_a_55@autokita-highcost.com,e3977a,scnA_pass55,Pedro,Flores,09593624172,"6182 Magsaysay St., Mandaluyong",2018-04-22 16:31:49.298791,6199,Regular,customer
755,scen_a_56@autokita-highcost.com,4033d0,scnA_pass56,Roberto,Gomez,09273073329,"2424 Magsaysay St., Manila",2018-11-13 16:31:49.298791,3988,VIP,customer
756,scen_a_57@autokita-highcost.com,cbc3da,scnA_pass57,Jose,Santos,09388519488,"7711 Bonifacio St., Marikina",2025-11-24 16:31:49.298791,991,Regular,customer
757,scen_a_58@autokita-highcost.com,2e1b85,scnA_pass58,Jorge,Soriano,09275807623,"8725 Magsaysay St., Taguig",2023-11-15 16:31:49.298791,5190,Regular,customer
758,scen_a_59@autokita-highcost.com,6c3df2,scnA_pass59,Cesar,Garcia,09378850484,"8422 Luna St., Pasig City",2018-01-18 16:31:49.298791,5042,Regular,customer
759,scen_a_60@autokita-highcost.com,f9bd0a,scnA_pass60,Ricardo,Torres,09221964424,"7162 Rizal St., Manila",2025-10-11 16:31:49.298791,5672,VIP,customer
760,scen_a_61@autokita-highcost.com,fad09c,scnA_pass61,Fernando,Gomez,09585949787,"3024 Rizal St., Caloocan",2024-01-23 16:31:49.298791,6418,New,customer
761,scen_a_62@autokita-highcost.com,d7fd56,scnA_pass62,Miguel,Gomez,09398163842,"1491 Bonifacio St., Marikina",2020-11-01 16:31:49.298791,5865,Loyal,customer
762,scen_a_63@autokita-highcost.com,780215,scnA_pass63,Arturo,Cruz,09131879771,"8423 Del Pilar St., Mandaluyong",2018-09-24 16:31:49.298791,3733,New,customer
763,scen_a_64@autokita-highcost.com,65a4e2,scnA_pass64,Luis,Castillo,09735379477,"9098 Mabini St., Marikina",2023-11-23 16:31:49.298791,407,New,customer
764,scen_a_65@autokita-highcost.com,730d61,scnA_pass65,Ernesto,Dela Cruz,09778237457,"2548 Rizal St., Quezon City",2020-08-10 16:31:49.298791,2686,Regular,customer
765,scen_a_66@autokita-highcost.com,d09b99,scnA_pass66,Roberto,Gomez,09839996191,"533 Quezon St., Manila",2016-11-15 16:31:49.298791,4582,Loyal,customer
766,scen_a_67@autokita-highcost.com,71f712,scnA_pass67,Arturo,Gomez,09276944144,"2333 Del Pilar St., Caloocan",2019-01-09 16:31:49.298791,995,New,customer
767,scen_a_68@autokita-highcost.com,7fd10c,scnA_pass68,Manuel,Torres,09311074282,"5298 Osmena St., Taguig",2019-07-28 16:31:49.298791,5927,New,customer
768,scen_a_69@autokita-highcost.com,b5ac03,scnA_pass69,Antonio,Ramos,09357359517,"4034 Luna St., Taguig",2020-09-09 16:31:49.298791,4365,VIP,customer
769,scen_a_70@autokita-highcost.com,e23f8c,scnA_pass70,Jose,Castillo,09685494469,"5751 Osmena St., Manila",2022-06-12 16:31:49.298791,3185,Regular,customer
770,scen_a_71@autokita-highcost.com,072639,scnA_pass71,Domingo,Castillo,09656726397,"4963 Magsaysay St., Quezon City",2017-07-06 16:31:49.298791,961,VIP,customer
771,scen_a_72@autokita-highcost.com,f92658,scnA_pass72,Jose,Rivera,09557140769,"5391 Bonifacio St., Pasig City",2020-08-26 16:31:49.298791,7538,VIP,customer
772,scen_a_73@autokita-highcost.com,955bbd,scnA_pass73,Manuel,Aguilar,09399638313,"2600 Taft St., Marikina",2023-05-29 16:31:49.298791,4282,Regular,customer
773,scen_a_74@autokita-highcost.com,e6b4df,scnA_pass74,Luis,Bautista,09283282865,"4567 Bonifacio St., Manila",2022-01-01 16:31:49.298791,2372,New,customer
774,scen_a_75@autokita-highcost.com,895462,scnA_pass75,Jose,Lopez,09642580836,"5816 Rizal St., Marikina",2020-06-26 16:31:49.298791,2435,Loyal,customer
775,scen_a_76@autokita-highcost.com,4e61ff,scnA_pass76,Arturo,Cruz,09119440698,"9984 Quezon St., Manila",2024-05-02 16:31:49.298791,6156,Loyal,customer
776,scen_a_77@autokita-highcost.com,710c30,scnA_pass77,Arturo,Garcia,09292163732,"748 Osmena St., Makati City",2020-12-02 16:31:49.298791,5407,Regular,customer
777,scen_a_78@autokita-highcost.com,12cfff,scnA_pass78,Domingo,Castillo,09737794873,"4772 Rizal St., Pasig City",2018-12-01 16:31:49.298791,594,New,customer
778,scen_a_79@autokita-highcost.com,546aed,scnA_pass79,Pedro,Villanueva,09944812331,"2272 Luna St., Marikina",2020-08-16 16:31:49.298791,7368,Regular,customer
779,scen_a_80@autokita-highcost.com,531e8b,scnA_pass80,Ramon,Santos,09148817225,"7839 Mabini St., Makati City",2019-12-09 16:31:49.298791,679,VIP,customer
780,scen_a_81@autokita-highcost.com,366ab4,scnA_pass81,Ricardo,Lopez,09604483961,"3430 Quezon St., Caloocan",2017-07-23 16:31:49.298791,6457,Loyal,customer
781,scen_a_82@autokita-highcost.com,a1f04b,scnA_pass82,Miguel,Aguilar,09865045073,"8171 Taft St., Caloocan",2023-05-19 16:31:49.298791,5441,Regular,customer
782,scen_a_83@autokita-highcost.com,f4c891,scnA_pass83,Fernando,Rivera,09302666812,"100 Mabini St., Las Pinas",2016-08-13 16:31:49.298791,1303,Loyal,customer
783,scen_a_84@autokita-highcost.com,1bb961,scnA_pass84,Ernesto,Santos,09964080225,"3267 Del Pilar St., Las Pinas",2021-12-09 16:31:49.298791,242,New,customer
784,scen_a_85@autokita-highcost.com,4737bd,scnA_pass85,Domingo,Castillo,09295591614,"5238 Bonifacio St., Mandaluyong",2018-11-25 16:31:49.298791,6593,Regular,customer
785,scen_a_86@autokita-highcost.com,9bccd8,scnA_pass86,Fernando,Soriano,09319386376,"5146 Bonifacio St., Manila",2020-07-30 16:31:49.298791,2787,Regular,customer
786,scen_a_87@autokita-highcost.com,cf1776,scnA_pass87,Francisco,Flores,09501472645,"7904 Del Pilar St., Caloocan",2018-07-08 16:31:49.298791,310,VIP,customer
787,scen_a_88@autokita-highcost.com,5bf3f0,scnA_pass88,Francisco,Santos,09204545863,"5988 Rizal St., Quezon City",2019-11-06 16:31:49.298791,7118,Regular,customer
788,scen_a_89@autokita-highcost.com,9e7c5b,scnA_pass89,Jose,Torres,09503028061,"9428 Mabini St., Quezon City",2021-01-05 16:31:49.298791,5150,New,customer
789,scen_a_90@autokita-highcost.com,211614,scnA_pass90,Luis,Garcia,09772650466,"7420 Rizal St., Quezon City",2023-12-15 16:31:49.298791,6487,Loyal,customer
790,scen_a_91@autokita-highcost.com,9e68be,scnA_pass91,Ernesto,Flores,09567874413,"5442 Rizal St., Marikina",2023-05-14 16:31:49.298791,5523,VIP,customer
791,scen_a_92@autokita-highcost.com,4beab1,scnA_pass92,Jorge,Aquino,09719368588,"2884 Magsaysay St., Quezon City",2017-03-10 16:31:49.298791,5061,New,customer
792,scen_a_93@autokita-highcost.com,9aa171,scnA_pass93,Manuel,Bautista,09384283659,"5472 Luna St., Mandaluyong",2025-12-31 16:31:49.298791,698,New,customer
793,scen_a_94@autokita-highcost.com,f446ef,scnA_pass94,Jose,Mendoza,09665288306,"9420 Rizal St., Pasig City",2019-03-21 16:31:49.298791,7863,Loyal,customer
794,scen_a_95@autokita-highcost.com,51b11a,scnA_pass95,Ernesto,Aguilar,09492179344,"3156 Quezon St., Marikina",2017-01-25 16:31:49.298791,5333,New,customer
795,scen_a_96@autokita-highcost.com,d1d2fd,scnA_pass96,Miguel,Castillo,09238203497,"6413 Mabini St., Marikina",2023-04-12 16:31:49.298791,7559,New,customer
796,scen_a_97@autokita-highcost.com,67fb9b,scnA_pass97,Eduardo,Santos,09306725824,"7357 Magsaysay St., Makati City",2017-02-04 16:31:49.298791,427,New,customer
797,scen_a_98@autokita-highcost.com,e012e6,scnA_pass98,Ernesto,Aguilar,09243889308,"526 Taft St., Manila",2023-04-21 16:31:49.298791,440,Regular,customer
798,scen_a_99@autokita-highcost.com,4834ee,scnA_pass99,Pedro,Soriano,09136649995,"8815 Rizal St., Mandaluyong",2024-10-20 16:31:49.298791,6837,Loyal,customer
799,scen_a_100@autokita-highcost.com,d18159,scnA_pass100,Luis,Bautista,09794373392,"2542 Roxas St., Marikina",2023-08-03 16:31:49.298791,5025,New,customer
800,scen_a_101@autokita-highcost.com,8c8eb2,scnA_pass101,Ramon,Mendoza,09857229048,"1085 Roxas St., Makati City",2025-06-13 16:31:49.298791,381,Regular,customer
801,scen_a_102@autokita-highcost.com,358810,scnA_pass102,Miguel,Garcia,09562491759,"7930 Mabini St., Mandaluyong",2020-02-28 16:31:49.298791,5158,Regular,customer
802,scen_a_103@autokita-highcost.com,095f40,scnA_pass103,Cesar,Lopez,09609031166,"3478 Roxas St., Paranaque",2026-01-25 16:31:49.298791,4910,Regular,customer
803,scen_a_104@autokita-highcost.com,96bb11,scnA_pass104,Cesar,Lopez,09564477915,"8782 Quezon St., Manila",2026-05-29 16:31:49.298791,2336,Regular,customer
804,scen_a_105@autokita-highcost.com,e0bba6,scnA_pass105,Ernesto,Dela Cruz,09753081057,"8980 Luna St., Las Pinas",2023-10-03 16:31:49.298791,4023,New,customer
805,scen_a_106@autokita-highcost.com,4a94e7,scnA_pass106,Fernando,Garcia,09467368543,"1785 Bonifacio St., Makati City",2025-09-21 16:31:49.298791,6404,New,customer
806,scen_a_107@autokita-highcost.com,3369e7,scnA_pass107,Cesar,Castillo,09602283393,"5957 Roxas St., Las Pinas",2021-08-03 16:31:49.298791,6325,New,customer
807,scen_a_108@autokita-highcost.com,c032fc,scnA_pass108,Fernando,Cruz,09128561349,"4244 Quezon St., Las Pinas",2025-10-05 16:31:49.298791,2277,Loyal,customer
808,scen_a_109@autokita-highcost.com,cc605e,scnA_pass109,Ramon,Aquino,09605269678,"9405 Taft St., Taguig",2026-01-10 16:31:49.298791,5963,Regular,customer
809,scen_a_110@autokita-highcost.com,169cb0,scnA_pass110,Carlos,Ramos,09732241824,"5353 Del Pilar St., Caloocan",2024-01-31 16:31:49.298791,3882,New,customer
810,scen_a_111@autokita-highcost.com,641b0c,scnA_pass111,Pedro,Castillo,09759420041,"7692 Roxas St., Caloocan",2022-07-02 16:31:49.298791,3047,Regular,customer
811,scen_a_112@autokita-highcost.com,92e93b,scnA_pass112,Jose,Ramos,09389851535,"2605 Mabini St., Manila",2024-02-17 16:31:49.298791,5556,Regular,customer
812,scen_a_113@autokita-highcost.com,4392d7,scnA_pass113,Manuel,Aquino,09376673925,"7605 Magsaysay St., Las Pinas",2025-04-05 16:31:49.298791,2249,Loyal,customer
813,scen_a_114@autokita-highcost.com,4f8bcb,scnA_pass114,Domingo,Mendoza,09846922451,"2634 Bonifacio St., Las Pinas",2024-06-11 16:31:49.298791,2293,New,customer
814,scen_a_115@autokita-highcost.com,d55bdd,scnA_pass115,Eduardo,Gomez,09518572281,"9620 Roxas St., Las Pinas",2023-05-08 16:31:49.298791,781,Loyal,customer
815,scen_a_116@autokita-highcost.com,778043,scnA_pass116,Manuel,Bautista,09987161137,"1924 Rizal St., Taguig",2016-11-21 16:31:49.298791,6307,Regular,customer
816,scen_a_117@autokita-highcost.com,3b63d9,scnA_pass117,Ricardo,Lopez,09381062039,"3268 Mabini St., Taguig",2017-01-17 16:31:49.298791,1150,New,customer
817,scen_a_118@autokita-highcost.com,cd8140,scnA_pass118,Ramon,Soriano,09724064990,"603 Luna St., Makati City",2024-07-22 16:31:49.298791,2946,Regular,customer
818,scen_a_119@autokita-highcost.com,e1bb0b,scnA_pass119,Roberto,Gomez,09729088999,"510 Del Pilar St., Makati City",2019-01-26 16:31:49.298791,3661,VIP,customer
819,scen_a_120@autokita-highcost.com,2e3552,scnA_pass120,Miguel,Castillo,09614329170,"9246 Mabini St., Quezon City",2019-03-01 16:31:49.298791,5064,Regular,customer
820,scen_a_121@autokita-highcost.com,671d00,scnA_pass121,Antonio,Garcia,09692659346,"5904 Luna St., Taguig",2023-06-12 16:31:49.298791,7001,Loyal,customer
821,scen_a_122@autokita-highcost.com,2857c5,scnA_pass122,Arturo,Rivera,09505943141,"8375 Rizal St., Mandaluyong",2023-05-26 16:31:49.298791,6241,VIP,customer
822,scen_a_123@autokita-highcost.com,612be1,scnA_pass123,Fernando,Rivera,09225513026,"9230 Osmena St., Caloocan",2019-12-14 16:31:49.298791,5314,Loyal,customer
823,scen_a_124@autokita-highcost.com,e5459a,scnA_pass124,Ramon,Ramos,09852085869,"2466 Quezon St., Mandaluyong",2020-05-25 16:31:49.298791,7441,VIP,customer
824,scen_a_125@autokita-highcost.com,1d0cfa,scnA_pass125,Arturo,Soriano,09751158808,"8489 Bonifacio St., Quezon City",2024-06-28 16:31:49.298791,4433,Regular,customer
825,scen_a_126@autokita-highcost.com,524102,scnA_pass126,Luis,Villanueva,09752858995,"772 Mabini St., Quezon City",2020-05-21 16:31:49.298791,2760,Regular,customer
826,scen_a_127@autokita-highcost.com,830845,scnA_pass127,Carlos,Aquino,09407958261,"5545 Magsaysay St., Mandaluyong",2019-01-30 16:31:49.298791,7180,New,customer
827,scen_a_128@autokita-highcost.com,4149b1,scnA_pass128,Jorge,Villanueva,09134672468,"9782 Bonifacio St., Marikina",2023-01-06 16:31:49.298791,6261,Loyal,customer
828,scen_a_129@autokita-highcost.com,1e0f8c,scnA_pass129,Jorge,Torres,09683884364,"2200 Bonifacio St., Quezon City",2021-12-05 16:31:49.298791,7664,Loyal,customer
829,scen_a_130@autokita-highcost.com,99ab57,scnA_pass130,Francisco,Ramos,09844857374,"3598 Roxas St., Makati City",2018-10-04 16:31:49.298791,3481,Regular,customer
830,scen_a_131@autokita-highcost.com,2a698d,scnA_pass131,Fernando,Santos,09859232835,"3641 Del Pilar St., Paranaque",2022-12-18 16:31:49.298791,3186,Regular,customer
831,scen_a_132@autokita-highcost.com,bfd61b,scnA_pass132,Francisco,Santos,09763479549,"8392 Luna St., Makati City",2019-09-17 16:31:49.298791,3294,Regular,customer
832,scen_a_133@autokita-highcost.com,dc7a61,scnA_pass133,Roberto,Mendoza,09128075566,"8687 Del Pilar St., Las Pinas",2024-12-12 16:31:49.298791,5577,VIP,customer
833,scen_a_134@autokita-highcost.com,9d8110,scnA_pass134,Cesar,Torres,09902904135,"6812 Mabini St., Marikina",2022-04-30 16:31:49.298791,3219,Loyal,customer
834,scen_a_135@autokita-highcost.com,e9f060,scnA_pass135,Miguel,Aguilar,09488654254,"2341 Mabini St., Mandaluyong",2017-08-19 16:31:49.298791,2918,New,customer
835,scen_a_136@autokita-highcost.com,c8b814,scnA_pass136,Ramon,Mendoza,09575832888,"7149 Rizal St., Taguig",2025-03-24 16:31:49.298791,2568,Loyal,customer
836,scen_a_137@autokita-highcost.com,5b1ff9,scnA_pass137,Pedro,Rivera,09502846942,"2255 Quezon St., Makati City",2017-09-16 16:31:49.298791,5082,VIP,customer
837,scen_a_138@autokita-highcost.com,cd2f51,scnA_pass138,Arturo,Bautista,09576256480,"9355 Luna St., Makati City",2017-08-01 16:31:49.298791,7254,VIP,customer
838,scen_a_139@autokita-highcost.com,93bc0a,scnA_pass139,Manuel,Torres,09535007930,"1600 Roxas St., Marikina",2021-04-04 16:31:49.298791,220,New,customer
839,scen_a_140@autokita-highcost.com,2c4c44,scnA_pass140,Domingo,Cruz,09429626732,"5020 Luna St., Quezon City",2018-09-13 16:31:49.298791,676,VIP,customer
840,scen_a_141@autokita-highcost.com,11488a,scnA_pass141,Francisco,Cruz,09751275708,"2324 Osmena St., Mandaluyong",2018-05-29 16:31:49.298791,991,VIP,customer
841,scen_a_142@autokita-highcost.com,25f753,scnA_pass142,Arturo,Ramos,09102654349,"5148 Quezon St., Taguig",2018-05-18 16:31:49.298791,132,New,customer
842,scen_a_143@autokita-highcost.com,aaeb53,scnA_pass143,Manuel,Ramos,09471000478,"4095 Del Pilar St., Taguig",2022-07-31 16:31:49.298791,5694,New,customer
843,scen_a_144@autokita-highcost.com,d9f401,scnA_pass144,Cesar,Castillo,09839528683,"6148 Mabini St., Mandaluyong",2020-02-27 16:31:49.298791,3562,New,customer
844,scen_a_145@autokita-highcost.com,b1ecbf,scnA_pass145,Jorge,Torres,09744126031,"9079 Osmena St., Pasig City",2018-06-04 16:31:49.298791,5942,Regular,customer
845,scen_a_146@autokita-highcost.com,5840a9,scnA_pass146,Francisco,Dela Cruz,09887004389,"8610 Mabini St., Paranaque",2026-06-14 16:31:49.298791,6111,New,customer
846,scen_a_147@autokita-highcost.com,73e6d7,scnA_pass147,Ricardo,Castillo,09829938991,"6512 Taft St., Taguig",2019-06-26 16:31:49.298791,572,Regular,customer
847,scen_a_148@autokita-highcost.com,6a2c4e,scnA_pass148,Ricardo,Ramos,09439104835,"5082 Magsaysay St., Mandaluyong",2022-12-31 16:31:49.298791,7014,Regular,customer
848,scen_a_149@autokita-highcost.com,172656,scnA_pass149,Eduardo,Ramos,09687059182,"2473 Quezon St., Las Pinas",2019-12-07 16:31:49.298791,5174,VIP,customer
849,scen_a_150@autokita-highcost.com,906993,scnA_pass150,Jorge,Dela Cruz,09119621924,"6158 Del Pilar St., Las Pinas",2022-04-25 16:31:49.298791,3308,Loyal,customer
850,scen_a_151@autokita-highcost.com,4d71c2,scnA_pass151,Fernando,Torres,09496992776,"1674 Osmena St., Caloocan",2019-04-10 16:31:49.298791,6841,Loyal,customer
851,scen_a_152@autokita-highcost.com,98617f,scnA_pass152,Domingo,Ramos,09688103225,"5081 Osmena St., Makati City",2026-04-14 16:31:49.298791,5337,Loyal,customer
852,scen_a_153@autokita-highcost.com,786f5e,scnA_pass153,Manuel,Santos,09736788900,"1990 Roxas St., Quezon City",2017-07-21 16:31:49.298791,4994,Regular,customer
853,scen_a_154@autokita-highcost.com,b543ce,scnA_pass154,Arturo,Lopez,09843740968,"6735 Magsaysay St., Pasig City",2020-01-22 16:31:49.298791,5581,VIP,customer
854,scen_a_155@autokita-highcost.com,9e3cef,scnA_pass155,Roberto,Mendoza,09558130004,"6101 Mabini St., Manila",2017-10-13 16:31:49.298791,300,Loyal,customer
855,scen_a_156@autokita-highcost.com,e9b1c6,scnA_pass156,Francisco,Mendoza,09146485638,"5388 Mabini St., Manila",2024-08-26 16:31:49.298791,3184,New,customer
856,scen_a_157@autokita-highcost.com,6a9fe2,scnA_pass157,Pedro,Flores,09516697847,"7257 Quezon St., Manila",2020-07-22 16:31:49.298791,7943,New,customer
857,scen_a_158@autokita-highcost.com,73e337,scnA_pass158,Miguel,Aquino,09738495557,"997 Osmena St., Marikina",2018-07-03 16:31:49.298791,4745,New,customer
858,scen_a_159@autokita-highcost.com,47ab1b,scnA_pass159,Carlos,Lopez,09511771450,"3032 Del Pilar St., Makati City",2019-04-18 16:31:49.298791,5447,Loyal,customer
859,scen_a_160@autokita-highcost.com,28a2a9,scnA_pass160,Domingo,Mendoza,09442615846,"5626 Rizal St., Mandaluyong",2018-12-07 16:31:49.298791,5124,Regular,customer
860,scen_a_161@autokita-highcost.com,bf36d9,scnA_pass161,Manuel,Cruz,09936223728,"2474 Luna St., Mandaluyong",2023-11-15 16:31:49.298791,5363,VIP,customer
861,scen_a_162@autokita-highcost.com,62e27f,scnA_pass162,Luis,Dela Cruz,09469578781,"1217 Taft St., Taguig",2017-04-12 16:31:49.298791,3823,Regular,customer
862,scen_a_163@autokita-highcost.com,f36796,scnA_pass163,Ernesto,Santos,09269965895,"2800 Bonifacio St., Manila",2018-10-16 16:31:49.298791,4541,New,customer
863,scen_a_164@autokita-highcost.com,9b1bb8,scnA_pass164,Jose,Lopez,09979261052,"5363 Rizal St., Mandaluyong",2021-04-06 16:31:49.298791,560,New,customer
864,scen_a_165@autokita-highcost.com,12ce61,scnA_pass165,Ernesto,Rivera,09609922239,"4475 Rizal St., Pasig City",2019-11-18 16:31:49.298791,5960,Loyal,customer
865,scen_a_166@autokita-highcost.com,be8021,scnA_pass166,Cesar,Mendoza,09155891872,"5646 Roxas St., Marikina",2019-05-13 16:31:49.298791,2559,New,customer
866,scen_a_167@autokita-highcost.com,802542,scnA_pass167,Ricardo,Rivera,09888494018,"5634 Bonifacio St., Mandaluyong",2023-10-20 16:31:49.298791,2461,New,customer
867,scen_a_168@autokita-highcost.com,9855a7,scnA_pass168,Jose,Aquino,09227795224,"4925 Taft St., Makati City",2017-07-30 16:31:49.298791,335,New,customer
868,scen_a_169@autokita-highcost.com,5d2217,scnA_pass169,Miguel,Garcia,09649978987,"2974 Osmena St., Las Pinas",2018-10-16 16:31:49.298791,5864,Regular,customer
869,scen_a_170@autokita-highcost.com,efcc0c,scnA_pass170,Domingo,Aquino,09353725449,"1301 Osmena St., Paranaque",2025-04-22 16:31:49.298791,4511,Regular,customer
870,scen_a_171@autokita-highcost.com,037628,scnA_pass171,Ernesto,Bautista,09924101503,"7438 Mabini St., Mandaluyong",2018-07-22 16:31:49.298791,7818,New,customer
871,scen_a_172@autokita-highcost.com,0d8937,scnA_pass172,Jorge,Villanueva,09975484367,"543 Luna St., Pasig City",2025-04-02 16:31:49.298791,3226,Regular,customer
872,scen_a_173@autokita-highcost.com,7c33a4,scnA_pass173,Francisco,Soriano,09668426390,"9237 Luna St., Paranaque",2019-08-06 16:31:49.298791,7089,Regular,customer
873,scen_a_174@autokita-highcost.com,bd2cbc,scnA_pass174,Ramon,Cruz,09328133984,"6027 Bonifacio St., Caloocan",2023-05-29 16:31:49.298791,4061,Regular,customer
874,scen_a_175@autokita-highcost.com,8eed5f,scnA_pass175,Miguel,Aguilar,09396189705,"2325 Bonifacio St., Makati City",2016-08-20 16:31:49.298791,4723,New,customer
875,scen_a_176@autokita-highcost.com,680536,scnA_pass176,Eduardo,Ramos,09834678859,"400 Osmena St., Pasig City",2019-03-30 16:31:49.298791,3537,Loyal,customer
876,scen_a_177@autokita-highcost.com,0412cc,scnA_pass177,Ramon,Ramos,09154060659,"4540 Roxas St., Mandaluyong",2023-01-09 16:31:49.298791,5498,Regular,customer
877,scen_a_178@autokita-highcost.com,27eb71,scnA_pass178,Miguel,Torres,09402564093,"4986 Bonifacio St., Caloocan",2021-04-27 16:31:49.298791,1548,VIP,customer
878,scen_a_179@autokita-highcost.com,d78aa6,scnA_pass179,Eduardo,Flores,09207370471,"8124 Quezon St., Pasig City",2024-06-05 16:31:49.298791,7548,Regular,customer
879,scen_a_180@autokita-highcost.com,9acb5c,scnA_pass180,Jose,Villanueva,09658572733,"8001 Bonifacio St., Paranaque",2019-11-05 16:31:49.298791,2638,Loyal,customer
880,scen_a_181@autokita-highcost.com,1695d0,scnA_pass181,Cesar,Dela Cruz,09374122280,"9362 Bonifacio St., Pasig City",2022-01-20 16:31:49.298791,140,New,customer
881,scen_a_182@autokita-highcost.com,92a31a,scnA_pass182,Domingo,Flores,09273305227,"8642 Quezon St., Paranaque",2017-07-31 16:31:49.298791,511,Regular,customer
882,scen_a_183@autokita-highcost.com,1c7bc4,scnA_pass183,Ernesto,Garcia,09878030915,"8530 Roxas St., Paranaque",2023-01-09 16:31:49.298791,6325,New,customer
883,scen_a_184@autokita-highcost.com,b99013,scnA_pass184,Cesar,Mendoza,09555547910,"3023 Quezon St., Marikina",2017-02-11 16:31:49.298791,3671,VIP,customer
884,scen_a_185@autokita-highcost.com,83e19b,scnA_pass185,Arturo,Soriano,09631377132,"4913 Magsaysay St., Caloocan",2026-06-24 16:31:49.298791,2945,New,customer
885,scen_a_186@autokita-highcost.com,7a3205,scnA_pass186,Jorge,Torres,09699111901,"4649 Quezon St., Manila",2024-01-21 16:31:49.298791,3789,New,customer
886,scen_a_187@autokita-highcost.com,fc34ac,scnA_pass187,Jose,Torres,09576720784,"5941 Taft St., Marikina",2018-04-02 16:31:49.298791,4678,VIP,customer
887,scen_a_188@autokita-highcost.com,3b6fae,scnA_pass188,Arturo,Santos,09535741310,"8566 Roxas St., Mandaluyong",2023-03-29 16:31:49.298791,466,Loyal,customer
888,scen_a_189@autokita-highcost.com,ee597d,scnA_pass189,Eduardo,Aquino,09868886970,"431 Del Pilar St., Taguig",2017-10-16 16:31:49.298791,1125,New,customer
889,scen_a_190@autokita-highcost.com,1ef30d,scnA_pass190,Jose,Rivera,09176628257,"3204 Quezon St., Taguig",2018-10-17 16:31:49.298791,7103,VIP,customer
890,scen_a_191@autokita-highcost.com,3e465a,scnA_pass191,Ernesto,Santos,09795642928,"7078 Roxas St., Makati City",2021-11-01 16:31:49.298791,2211,New,customer
891,scen_a_192@autokita-highcost.com,2015ef,scnA_pass192,Luis,Santos,09983347462,"4335 Magsaysay St., Paranaque",2026-07-06 16:31:49.298791,2097,New,customer
892,scen_a_193@autokita-highcost.com,23fbcc,scnA_pass193,Cesar,Lopez,09329382170,"4973 Osmena St., Taguig",2016-11-24 16:31:49.298791,510,New,customer
893,scen_a_194@autokita-highcost.com,ba42de,scnA_pass194,Cesar,Torres,09686565032,"6349 Taft St., Manila",2024-03-28 16:31:49.298791,7547,Regular,customer
894,scen_a_195@autokita-highcost.com,c932d5,scnA_pass195,Jose,Bautista,09552761094,"373 Magsaysay St., Marikina",2017-11-20 16:31:49.298791,723,VIP,customer
895,scen_a_196@autokita-highcost.com,e7f942,scnA_pass196,Francisco,Rivera,09436417034,"6164 Rizal St., Marikina",2017-08-09 16:31:49.298791,4840,VIP,customer
896,scen_a_197@autokita-highcost.com,47dbfe,scnA_pass197,Arturo,Bautista,09851937014,"9578 Magsaysay St., Paranaque",2022-01-13 16:31:49.298791,327,VIP,customer
897,scen_a_198@autokita-highcost.com,83dafb,scnA_pass198,Arturo,Garcia,09687934557,"8820 Magsaysay St., Mandaluyong",2023-03-13 16:31:49.298791,4160,Regular,customer
898,scen_a_199@autokita-highcost.com,c0374f,scnA_pass199,Fernando,Bautista,09783545310,"920 Bonifacio St., Mandaluyong",2019-10-26 16:31:49.298791,2504,New,customer
899,scen_a_200@autokita-highcost.com,f66128,scnA_pass200,Jorge,Lopez,09338891389,"9416 Taft St., Marikina",2023-09-18 16:31:49.298791,1949,Regular,customer
900,scen_a_201@autokita-highcost.com,814db8,scnA_pass201,Antonio,Lopez,09839914967,"3243 Magsaysay St., Caloocan",2018-05-01 16:31:49.298791,3589,Loyal,customer
901,scen_a_202@autokita-highcost.com,5e570f,scnA_pass202,Jose,Ramos,09397001575,"7626 Roxas St., Manila",2020-09-08 16:31:49.298791,1378,New,customer
902,scen_a_203@autokita-highcost.com,2f7397,scnA_pass203,Manuel,Castillo,09912873326,"6050 Rizal St., Taguig",2026-06-10 16:31:49.298791,960,VIP,customer
903,scen_a_204@autokita-highcost.com,d3f767,scnA_pass204,Ricardo,Flores,09629136746,"4352 Luna St., Pasig City",2022-06-21 16:31:49.298791,1034,Regular,customer
904,scen_a_205@autokita-highcost.com,7787f1,scnA_pass205,Eduardo,Lopez,09363344248,"1860 Roxas St., Marikina",2022-11-04 16:31:49.298791,3412,Loyal,customer
905,scen_a_206@autokita-highcost.com,9af34b,scnA_pass206,Miguel,Flores,09464681200,"6266 Mabini St., Manila",2024-07-29 16:31:49.298791,7891,Regular,customer
906,scen_a_207@autokita-highcost.com,abefed,scnA_pass207,Arturo,Santos,09129067561,"1577 Rizal St., Pasig City",2022-01-16 16:31:49.298791,4338,Regular,customer
907,scen_a_208@autokita-highcost.com,2dcbd3,scnA_pass208,Jose,Flores,09928795161,"5095 Mabini St., Marikina",2020-04-13 16:31:49.298791,4884,New,customer
908,scen_a_209@autokita-highcost.com,35da7c,scnA_pass209,Carlos,Garcia,09494334428,"429 Luna St., Makati City",2017-03-10 16:31:49.298791,3368,VIP,customer
909,scen_a_210@autokita-highcost.com,086e8f,scnA_pass210,Luis,Soriano,09558312671,"2531 Bonifacio St., Marikina",2021-04-15 16:31:49.298791,2607,New,customer
910,scen_a_211@autokita-highcost.com,5875c9,scnA_pass211,Eduardo,Bautista,09648539038,"8971 Taft St., Caloocan",2026-06-18 16:31:49.298791,3364,New,customer
911,scen_a_212@autokita-highcost.com,82ac7d,scnA_pass212,Roberto,Aquino,09918773361,"5694 Rizal St., Quezon City",2019-07-06 16:31:49.298791,6732,VIP,customer
912,scen_a_213@autokita-highcost.com,5183c8,scnA_pass213,Arturo,Dela Cruz,09326309780,"9678 Bonifacio St., Manila",2022-01-02 16:31:49.298791,6655,Loyal,customer
913,scen_a_214@autokita-highcost.com,feb85e,scnA_pass214,Arturo,Garcia,09789126176,"1746 Del Pilar St., Pasig City",2023-07-27 16:31:49.298791,3120,New,customer
914,scen_a_215@autokita-highcost.com,a7b18a,scnA_pass215,Roberto,Reyes,09571476062,"1962 Osmena St., Manila",2024-03-17 16:31:49.298791,4222,Regular,customer
915,scen_a_216@autokita-highcost.com,4c7089,scnA_pass216,Cesar,Dela Cruz,09106184016,"3139 Bonifacio St., Marikina",2018-06-09 16:31:49.298791,5166,Loyal,customer
916,scen_a_217@autokita-highcost.com,46345a,scnA_pass217,Jorge,Lopez,09417418607,"7908 Mabini St., Manila",2024-08-12 16:31:49.298791,7609,Regular,customer
917,scen_a_218@autokita-highcost.com,a7a041,scnA_pass218,Ernesto,Cruz,09259820005,"3377 Rizal St., Taguig",2021-08-04 16:31:49.298791,2319,Regular,customer
918,scen_a_219@autokita-highcost.com,749aa2,scnA_pass219,Jose,Garcia,09144599458,"318 Mabini St., Paranaque",2020-11-22 16:31:49.298791,1381,VIP,customer
919,scen_a_220@autokita-highcost.com,c92065,scnA_pass220,Carlos,Ramos,09508663028,"4325 Osmena St., Taguig",2026-02-22 16:31:49.298791,6843,VIP,customer
920,scen_a_221@autokita-highcost.com,2f9772,scnA_pass221,Luis,Cruz,09627390139,"7622 Magsaysay St., Manila",2026-04-11 16:31:49.298791,1213,Regular,customer
921,scen_a_222@autokita-highcost.com,147b8d,scnA_pass222,Ramon,Gomez,09728272147,"3220 Taft St., Quezon City",2019-12-21 16:31:49.298791,5431,Regular,customer
922,scen_a_223@autokita-highcost.com,f8af22,scnA_pass223,Manuel,Flores,09984009173,"8287 Del Pilar St., Paranaque",2026-05-03 16:31:49.298791,1907,Regular,customer
923,scen_a_224@autokita-highcost.com,3f1421,scnA_pass224,Domingo,Torres,09196022808,"9501 Del Pilar St., Manila",2019-11-27 16:31:49.298791,5875,VIP,customer
924,scen_a_225@autokita-highcost.com,a64d5d,scnA_pass225,Jose,Castillo,09402654125,"1153 Luna St., Pasig City",2017-05-28 16:31:49.298791,1662,Loyal,customer
925,scen_a_226@autokita-highcost.com,eec02e,scnA_pass226,Fernando,Soriano,09539344765,"6392 Quezon St., Mandaluyong",2024-06-09 16:31:49.298791,1091,New,customer
926,scen_a_227@autokita-highcost.com,dfa841,scnA_pass227,Arturo,Torres,09999987769,"7434 Quezon St., Quezon City",2019-07-06 16:31:49.298791,5450,Regular,customer
927,scen_a_228@autokita-highcost.com,2ee8e1,scnA_pass228,Eduardo,Dela Cruz,09319989487,"2192 Taft St., Manila",2022-04-21 16:31:49.298791,3097,New,customer
928,scen_a_229@autokita-highcost.com,8e2835,scnA_pass229,Cesar,Bautista,09887520201,"1364 Mabini St., Mandaluyong",2017-12-15 16:31:49.298791,3730,Regular,customer
929,scen_a_230@autokita-highcost.com,a63b4e,scnA_pass230,Francisco,Gomez,09374407917,"5573 Magsaysay St., Las Pinas",2025-02-02 16:31:49.298791,4090,New,customer
930,scen_a_231@autokita-highcost.com,8adfbb,scnA_pass231,Eduardo,Gomez,09802398755,"2711 Rizal St., Taguig",2016-12-22 16:31:49.298791,358,VIP,customer
931,scen_a_232@autokita-highcost.com,368218,scnA_pass232,Antonio,Torres,09691227155,"6553 Taft St., Las Pinas",2023-06-03 16:31:49.298791,7334,New,customer
932,scen_a_233@autokita-highcost.com,00245c,scnA_pass233,Eduardo,Aquino,09818690100,"2988 Taft St., Las Pinas",2025-08-25 16:31:49.298791,7255,Loyal,customer
933,scen_a_234@autokita-highcost.com,652341,scnA_pass234,Francisco,Reyes,09557052259,"541 Luna St., Quezon City",2018-04-12 16:31:49.298791,7341,VIP,customer
934,scen_a_235@autokita-highcost.com,2dcae7,scnA_pass235,Carlos,Mendoza,09521742826,"5007 Taft St., Taguig",2026-04-01 16:31:49.298791,3844,Loyal,customer
935,scen_a_236@autokita-highcost.com,809a8e,scnA_pass236,Pedro,Dela Cruz,09882688166,"1415 Luna St., Las Pinas",2017-03-15 16:31:49.298791,2608,VIP,customer
936,scen_a_237@autokita-highcost.com,803e31,scnA_pass237,Cesar,Santos,09563731505,"2057 Rizal St., Paranaque",2016-08-26 16:31:49.298791,4528,Regular,customer
937,scen_a_238@autokita-highcost.com,14b500,scnA_pass238,Francisco,Soriano,09929534943,"1634 Mabini St., Mandaluyong",2021-03-16 16:31:49.298791,6142,New,customer
938,scen_a_239@autokita-highcost.com,561704,scnA_pass239,Luis,Santos,09759868680,"6455 Luna St., Manila",2024-02-21 16:31:49.298791,4793,New,customer
939,scen_a_240@autokita-highcost.com,f8a72e,scnA_pass240,Ramon,Garcia,09621640961,"8183 Bonifacio St., Makati City",2026-06-11 16:31:49.298791,2855,Regular,customer
940,scen_a_241@autokita-highcost.com,acf22b,scnA_pass241,Ramon,Villanueva,09508035486,"3873 Taft St., Las Pinas",2024-11-03 16:31:49.298791,3374,New,customer
941,scen_a_242@autokita-highcost.com,46067d,scnA_pass242,Ramon,Dela Cruz,09403253589,"4004 Mabini St., Makati City",2017-05-20 16:31:49.298791,1618,Regular,customer
942,scen_a_243@autokita-highcost.com,4c1ea6,scnA_pass243,Luis,Dela Cruz,09318625041,"2610 Magsaysay St., Manila",2021-04-29 16:31:49.298791,5125,New,customer
943,scen_a_244@autokita-highcost.com,3fa242,scnA_pass244,Fernando,Mendoza,09738234714,"7382 Magsaysay St., Taguig",2026-07-05 16:31:49.298791,2673,New,customer
944,scen_a_245@autokita-highcost.com,f9ad05,scnA_pass245,Antonio,Soriano,09626295073,"7712 Del Pilar St., Marikina",2026-05-18 16:31:49.298791,1346,Regular,customer
945,scen_a_246@autokita-highcost.com,272968,scnA_pass246,Cesar,Flores,09438673524,"333 Del Pilar St., Makati City",2019-06-19 16:31:49.298791,858,New,customer
946,scen_a_247@autokita-highcost.com,68c397,scnA_pass247,Cesar,Torres,09491096366,"9580 Taft St., Paranaque",2020-04-30 16:31:49.298791,5786,Regular,customer
947,scen_a_248@autokita-highcost.com,bb2509,scnA_pass248,Jose,Lopez,09467988782,"2432 Magsaysay St., Pasig City",2021-10-10 16:31:49.298791,2541,New,customer
948,scen_a_249@autokita-highcost.com,df8f81,scnA_pass249,Ramon,Rivera,09338510641,"1857 Del Pilar St., Paranaque",2019-01-17 16:31:49.298791,1758,Loyal,customer
949,scen_a_250@autokita-highcost.com,b48f05,scnA_pass250,Miguel,Villanueva,09262837804,"9260 Del Pilar St., Las Pinas",2020-08-13 16:31:49.298791,7787,New,customer
950,scen_a_251@autokita-highcost.com,e977ed,scnA_pass251,Fernando,Castillo,09965440388,"904 Taft St., Manila",2023-08-02 16:31:49.298791,2198,New,customer
951,scen_a_252@autokita-highcost.com,ad8a9b,scnA_pass252,Arturo,Cruz,09794453557,"2896 Roxas St., Quezon City",2017-01-19 16:31:49.298791,5832,New,customer
952,scen_a_253@autokita-highcost.com,1d9630,scnA_pass253,Jose,Villanueva,09944826817,"3480 Roxas St., Marikina",2023-11-04 16:31:49.298791,472,VIP,customer
953,scen_a_254@autokita-highcost.com,e6b584,scnA_pass254,Arturo,Ramos,09825114131,"1278 Rizal St., Taguig",2021-04-22 16:31:49.298791,5922,VIP,customer
954,scen_a_255@autokita-highcost.com,2a68f3,scnA_pass255,Miguel,Santos,09965310756,"4320 Magsaysay St., Las Pinas",2021-11-14 16:31:49.298791,2981,New,customer
955,scen_a_256@autokita-highcost.com,ba1ef8,scnA_pass256,Cesar,Dela Cruz,09383788924,"2602 Taft St., Makati City",2025-11-23 16:31:49.298791,2134,VIP,customer
956,scen_a_257@autokita-highcost.com,1b960a,scnA_pass257,Eduardo,Villanueva,09872986221,"783 Osmena St., Paranaque",2018-11-03 16:31:49.298791,6764,VIP,customer
957,scen_a_258@autokita-highcost.com,1efe41,scnA_pass258,Roberto,Gomez,09491240674,"1050 Quezon St., Marikina",2017-01-14 16:31:49.298791,4659,VIP,customer
958,scen_a_259@autokita-highcost.com,1e6b46,scnA_pass259,Roberto,Torres,09861646356,"1952 Quezon St., Manila",2018-11-23 16:31:49.298791,7436,Regular,customer
959,scen_a_260@autokita-highcost.com,20d060,scnA_pass260,Carlos,Dela Cruz,09926488497,"8642 Del Pilar St., Caloocan",2017-11-20 16:31:49.298791,2660,Regular,customer
960,scen_a_261@autokita-highcost.com,56df44,scnA_pass261,Luis,Villanueva,09879294592,"3471 Luna St., Caloocan",2024-01-10 16:31:49.298791,1836,VIP,customer
961,scen_a_262@autokita-highcost.com,11ff8d,scnA_pass262,Domingo,Soriano,09744219898,"3112 Bonifacio St., Mandaluyong",2025-01-27 16:31:49.298791,5038,New,customer
962,scen_a_263@autokita-highcost.com,bf80f4,scnA_pass263,Roberto,Santos,09363622177,"908 Mabini St., Pasig City",2018-02-17 16:31:49.298791,3265,Loyal,customer
963,scen_a_264@autokita-highcost.com,cef252,scnA_pass264,Carlos,Villanueva,09963202386,"1578 Luna St., Mandaluyong",2017-03-20 16:31:49.298791,4927,Regular,customer
964,scen_a_265@autokita-highcost.com,2ee946,scnA_pass265,Pedro,Castillo,09372897250,"7876 Osmena St., Pasig City",2017-06-02 16:31:49.298791,6987,New,customer
965,scen_a_266@autokita-highcost.com,ee6245,scnA_pass266,Eduardo,Cruz,09454466704,"9167 Del Pilar St., Manila",2019-10-16 16:31:49.298791,1103,Regular,customer
966,scen_a_267@autokita-highcost.com,61bc69,scnA_pass267,Arturo,Garcia,09769237351,"6359 Roxas St., Manila",2017-03-14 16:31:49.298791,2981,Loyal,customer
967,scen_a_268@autokita-highcost.com,5d151b,scnA_pass268,Arturo,Dela Cruz,09351958823,"8314 Quezon St., Mandaluyong",2024-03-11 16:31:49.298791,6231,VIP,customer
968,scen_a_269@autokita-highcost.com,c9de25,scnA_pass269,Eduardo,Santos,09374354297,"1986 Osmena St., Quezon City",2025-03-22 16:31:49.298791,2181,VIP,customer
969,scen_a_270@autokita-highcost.com,d4dcdb,scnA_pass270,Arturo,Soriano,09882001447,"4446 Osmena St., Paranaque",2022-04-01 16:31:49.298791,4173,Regular,customer
970,scen_a_271@autokita-highcost.com,49e73f,scnA_pass271,Eduardo,Torres,09208283673,"6007 Quezon St., Marikina",2019-03-23 16:31:49.298791,5029,New,customer
971,scen_a_272@autokita-highcost.com,4145bd,scnA_pass272,Carlos,Lopez,09401035518,"6727 Rizal St., Manila",2023-08-23 16:31:49.298791,4087,Loyal,customer
972,scen_a_273@autokita-highcost.com,d61d2f,scnA_pass273,Fernando,Rivera,09127361521,"7327 Bonifacio St., Makati City",2017-03-07 16:31:49.298791,3992,VIP,customer
973,scen_a_274@autokita-highcost.com,462101,scnA_pass274,Ramon,Lopez,09616267006,"6916 Taft St., Marikina",2025-09-19 16:31:49.298791,7446,New,customer
974,scen_a_275@autokita-highcost.com,dee7fc,scnA_pass275,Arturo,Reyes,09798078716,"8227 Magsaysay St., Pasig City",2019-01-23 16:31:49.298791,4744,New,customer
975,scen_a_276@autokita-highcost.com,ac02dd,scnA_pass276,Carlos,Garcia,09653136200,"4646 Magsaysay St., Manila",2021-04-11 16:31:49.298791,7003,Regular,customer
976,scen_a_277@autokita-highcost.com,af1d55,scnA_pass277,Ramon,Villanueva,09662795631,"7753 Luna St., Manila",2021-12-13 16:31:49.298791,7394,New,customer
977,scen_a_278@autokita-highcost.com,443447,scnA_pass278,Fernando,Torres,09501053406,"3701 Roxas St., Caloocan",2020-02-03 16:31:49.298791,7471,Regular,customer
978,scen_a_279@autokita-highcost.com,845256,scnA_pass279,Ramon,Rivera,09929358146,"407 Del Pilar St., Taguig",2025-01-21 16:31:49.298791,4607,New,customer
979,scen_a_280@autokita-highcost.com,29e565,scnA_pass280,Francisco,Reyes,09648333321,"9077 Luna St., Taguig",2019-05-10 16:31:49.298791,1025,New,customer
980,scen_a_281@autokita-highcost.com,14b7d1,scnA_pass281,Carlos,Santos,09766085930,"4910 Mabini St., Marikina",2016-10-27 16:31:49.298791,1605,New,customer
981,scen_a_282@autokita-highcost.com,f5a919,scnA_pass282,Roberto,Bautista,09509257459,"1869 Rizal St., Paranaque",2022-12-24 16:31:49.298791,4377,New,customer
982,scen_a_283@autokita-highcost.com,c4fa0b,scnA_pass283,Luis,Reyes,09349442800,"646 Quezon St., Paranaque",2025-12-17 16:31:49.298791,1991,Loyal,customer
983,scen_a_284@autokita-highcost.com,5973f8,scnA_pass284,Eduardo,Bautista,09645532409,"8090 Mabini St., Paranaque",2025-02-16 16:31:49.298791,4001,New,customer
984,scen_a_285@autokita-highcost.com,4d8789,scnA_pass285,Ramon,Dela Cruz,09383185028,"6138 Bonifacio St., Las Pinas",2021-02-17 16:31:49.298791,687,Regular,customer
985,scen_a_286@autokita-highcost.com,abfdac,scnA_pass286,Fernando,Castillo,09663549602,"8798 Rizal St., Taguig",2023-07-08 16:31:49.298791,5037,Loyal,customer
986,scen_a_287@autokita-highcost.com,53372f,scnA_pass287,Ramon,Torres,09326140440,"7840 Rizal St., Manila",2024-08-01 16:31:49.298791,363,New,customer
987,scen_a_288@autokita-highcost.com,18f6f3,scnA_pass288,Pedro,Mendoza,09325836320,"6980 Quezon St., Taguig",2020-11-14 16:31:49.298791,2822,Loyal,customer
988,scen_a_289@autokita-highcost.com,839e91,scnA_pass289,Eduardo,Rivera,09233146210,"5683 Del Pilar St., Paranaque",2025-06-09 16:31:49.298791,3586,VIP,customer
989,scen_a_290@autokita-highcost.com,2b846d,scnA_pass290,Ramon,Aguilar,09978860498,"9124 Luna St., Las Pinas",2017-09-01 16:31:49.298791,3629,Regular,customer
990,scen_a_291@autokita-highcost.com,dfaafe,scnA_pass291,Jose,Garcia,09615592576,"8221 Taft St., Marikina",2025-06-22 16:31:49.298791,7688,New,customer
991,scen_a_292@autokita-highcost.com,05faae,scnA_pass292,Domingo,Garcia,09725258064,"8866 Quezon St., Pasig City",2017-08-30 16:31:49.298791,2589,New,customer
992,scen_a_293@autokita-highcost.com,546a47,scnA_pass293,Jorge,Dela Cruz,09277559475,"8490 Bonifacio St., Caloocan",2023-02-21 16:31:49.298791,7508,Regular,customer
993,scen_a_294@autokita-highcost.com,b80bdb,scnA_pass294,Domingo,Soriano,09255818689,"7879 Luna St., Las Pinas",2016-10-14 16:31:49.298791,6141,Loyal,customer
994,scen_a_295@autokita-highcost.com,10d348,scnA_pass295,Carlos,Santos,09622891036,"8193 Quezon St., Pasig City",2020-09-16 16:31:49.298791,3077,Loyal,customer
995,scen_a_296@autokita-highcost.com,ee7b17,scnA_pass296,Arturo,Villanueva,09273240081,"2989 Luna St., Taguig",2024-08-26 16:31:49.298791,7372,New,customer
996,scen_a_297@autokita-highcost.com,ee3e79,scnA_pass297,Arturo,Rivera,09986589834,"4427 Luna St., Paranaque",2026-02-13 16:31:49.298791,3902,Regular,customer
997,scen_a_298@autokita-highcost.com,85948d,scnA_pass298,Fernando,Soriano,09728536682,"2726 Luna St., Quezon City",2025-12-02 16:31:49.298791,2601,Regular,customer
998,scen_a_299@autokita-highcost.com,b12b11,scnA_pass299,Luis,Soriano,09911643935,"3291 Taft St., Paranaque",2020-02-13 16:31:49.298791,5159,Loyal,customer
999,scen_a_300@autokita-highcost.com,75a6af,scnA_pass300,Domingo,Villanueva,09535412758,"670 Taft St., Quezon City",2018-03-28 16:31:49.298791,2668,New,customer
1000,scen_a_301@autokita-highcost.com,296f2e,scnA_pass301,Luis,Mendoza,09834579485,"8288 Osmena St., Manila",2024-10-07 16:31:49.298791,4803,New,customer
1001,scen_a_302@autokita-highcost.com,afe5f8,scnA_pass302,Manuel,Soriano,09802626193,"123 Roxas St., Taguig",2022-01-08 16:31:49.298791,1455,Regular,customer
1002,scen_a_303@autokita-highcost.com,50fcab,scnA_pass303,Jorge,Reyes,09856707780,"835 Bonifacio St., Makati City",2017-03-07 16:31:49.298791,7058,New,customer
1003,scen_a_304@autokita-highcost.com,859f22,scnA_pass304,Eduardo,Castillo,09703596491,"442 Bonifacio St., Las Pinas",2024-11-19 16:31:49.298791,4655,Regular,customer
1004,scen_a_305@autokita-highcost.com,ecece0,scnA_pass305,Ramon,Santos,09476760867,"5324 Del Pilar St., Quezon City",2022-05-08 16:31:49.298791,2213,Regular,customer
1005,scen_a_306@autokita-highcost.com,ed9252,scnA_pass306,Ricardo,Castillo,09676678603,"4071 Taft St., Manila",2016-08-14 16:31:49.298791,6044,Regular,customer
1006,scen_a_307@autokita-highcost.com,795815,scnA_pass307,Francisco,Reyes,09806894669,"4955 Osmena St., Caloocan",2020-11-25 16:31:49.298791,5910,VIP,customer
1007,scen_a_308@autokita-highcost.com,bd7466,scnA_pass308,Miguel,Bautista,09193712428,"9730 Mabini St., Mandaluyong",2017-12-25 16:31:49.298791,710,Regular,customer
1008,scen_a_309@autokita-highcost.com,62e277,scnA_pass309,Pedro,Ramos,09475998784,"9707 Taft St., Caloocan",2025-07-01 16:31:49.298791,3543,Regular,customer
1009,scen_a_310@autokita-highcost.com,b7bdeb,scnA_pass310,Francisco,Rivera,09608697889,"4428 Roxas St., Mandaluyong",2023-11-04 16:31:49.298791,5951,Regular,customer
1010,scen_a_311@autokita-highcost.com,56b3c4,scnA_pass311,Carlos,Mendoza,09292058184,"1350 Taft St., Quezon City",2022-06-04 16:31:49.298791,7526,Regular,customer
1011,scen_a_312@autokita-highcost.com,eba341,scnA_pass312,Ernesto,Villanueva,09806806806,"871 Mabini St., Manila",2018-01-02 16:31:49.298791,3152,VIP,customer
1012,scen_a_313@autokita-highcost.com,1b4f94,scnA_pass313,Arturo,Reyes,09562780176,"2702 Rizal St., Caloocan",2020-07-07 16:31:49.298791,985,Regular,customer
1013,scen_a_314@autokita-highcost.com,0735f8,scnA_pass314,Carlos,Dela Cruz,09321387345,"4791 Roxas St., Marikina",2026-01-18 16:31:49.298791,5661,New,customer
1014,scen_a_315@autokita-highcost.com,521c0d,scnA_pass315,Ramon,Ramos,09561555875,"4365 Rizal St., Makati City",2025-03-08 16:31:49.298791,638,New,customer
1015,scen_a_316@autokita-highcost.com,a364c9,scnA_pass316,Manuel,Aguilar,09956807512,"2910 Rizal St., Taguig",2025-04-26 16:31:49.298791,4809,Regular,customer
1016,scen_a_317@autokita-highcost.com,e81e89,scnA_pass317,Ricardo,Torres,09539683681,"2616 Roxas St., Pasig City",2021-05-15 16:31:49.298791,5780,VIP,customer
1017,scen_a_318@autokita-highcost.com,a0b26b,scnA_pass318,Jose,Santos,09236524809,"7296 Del Pilar St., Paranaque",2023-06-20 16:31:49.298791,3660,New,customer
1018,scen_a_319@autokita-highcost.com,b2aeaa,scnA_pass319,Jose,Santos,09591922678,"5630 Mabini St., Quezon City",2019-08-23 16:31:49.298791,3761,New,customer
1019,scen_a_320@autokita-highcost.com,0af9d9,scnA_pass320,Ricardo,Aquino,09734522227,"7393 Rizal St., Paranaque",2017-11-18 16:31:49.298791,953,Regular,customer
1020,scen_a_321@autokita-highcost.com,75fe49,scnA_pass321,Cesar,Villanueva,09212719988,"7194 Magsaysay St., Las Pinas",2021-12-17 16:31:49.298791,28,Regular,customer
1021,scen_a_322@autokita-highcost.com,efe69d,scnA_pass322,Arturo,Aquino,09817501292,"3239 Roxas St., Las Pinas",2018-01-10 16:31:49.298791,206,VIP,customer
1022,scen_a_323@autokita-highcost.com,435da4,scnA_pass323,Francisco,Flores,09591113403,"916 Mabini St., Caloocan",2018-10-04 16:31:49.298791,1947,Loyal,customer
1023,scen_a_324@autokita-highcost.com,7a6c0d,scnA_pass324,Arturo,Bautista,09873648917,"4667 Osmena St., Quezon City",2020-08-18 16:31:49.298791,5489,VIP,customer
1024,scen_a_325@autokita-highcost.com,f5e754,scnA_pass325,Ramon,Aquino,09909457129,"6108 Luna St., Paranaque",2021-04-11 16:31:49.298791,1210,Regular,customer
1025,scen_a_326@autokita-highcost.com,cf807e,scnA_pass326,Francisco,Flores,09305881336,"700 Bonifacio St., Taguig",2018-05-08 16:31:49.298791,4557,VIP,customer
1026,scen_a_327@autokita-highcost.com,2f7672,scnA_pass327,Pedro,Santos,09674568453,"157 Bonifacio St., Caloocan",2026-06-10 16:31:49.298791,6052,VIP,customer
1027,scen_a_328@autokita-highcost.com,fd922e,scnA_pass328,Roberto,Garcia,09176825518,"6527 Magsaysay St., Mandaluyong",2026-03-19 16:31:49.298791,5738,VIP,customer
1028,scen_a_329@autokita-highcost.com,8fb52b,scnA_pass329,Carlos,Lopez,09538507976,"3209 Bonifacio St., Manila",2018-02-05 16:31:49.298791,5060,New,customer
1029,scen_a_330@autokita-highcost.com,96acec,scnA_pass330,Roberto,Flores,09861992335,"848 Taft St., Mandaluyong",2020-05-09 16:31:49.298791,6275,Regular,customer
1030,scen_a_331@autokita-highcost.com,7aac1e,scnA_pass331,Jose,Aguilar,09719471475,"8012 Taft St., Mandaluyong",2020-09-11 16:31:49.298791,6914,New,customer
1031,scen_a_332@autokita-highcost.com,922d1d,scnA_pass332,Jorge,Bautista,09483687785,"4282 Osmena St., Manila",2017-06-07 16:31:49.298791,7598,Regular,customer
1032,scen_a_333@autokita-highcost.com,c4dfca,scnA_pass333,Jorge,Rivera,09824177746,"2293 Del Pilar St., Manila",2020-11-07 16:31:49.298791,1681,Loyal,customer
1033,scen_a_334@autokita-highcost.com,d39e71,scnA_pass334,Fernando,Dela Cruz,09538217952,"4550 Rizal St., Marikina",2018-08-24 16:31:49.298791,1304,Regular,customer
1034,scen_a_335@autokita-highcost.com,1e4ec2,scnA_pass335,Eduardo,Gomez,09256796807,"4605 Quezon St., Pasig City",2024-11-06 16:31:49.298791,7998,Loyal,customer
1035,scen_a_336@autokita-highcost.com,19e358,scnA_pass336,Ricardo,Santos,09325671388,"2865 Roxas St., Las Pinas",2022-02-02 16:31:49.298791,2037,New,customer
1036,scen_a_337@autokita-highcost.com,d19f40,scnA_pass337,Ernesto,Cruz,09443938725,"2734 Rizal St., Pasig City",2022-12-07 16:31:49.298791,647,Regular,customer
1037,scen_a_338@autokita-highcost.com,28f3f9,scnA_pass338,Eduardo,Aguilar,09417683893,"1209 Quezon St., Pasig City",2018-11-28 16:31:49.298791,7006,VIP,customer
1038,scen_a_339@autokita-highcost.com,486f96,scnA_pass339,Miguel,Mendoza,09512876960,"8461 Magsaysay St., Caloocan",2025-06-22 16:31:49.298791,7261,Loyal,customer
1039,scen_a_340@autokita-highcost.com,24bb71,scnA_pass340,Cesar,Aquino,09638638255,"8196 Del Pilar St., Pasig City",2017-09-23 16:31:49.298791,7935,Regular,customer
1040,scen_a_341@autokita-highcost.com,428cb8,scnA_pass341,Jose,Gomez,09286981415,"4658 Bonifacio St., Manila",2019-06-18 16:31:49.298791,5277,Regular,customer
1041,scen_a_342@autokita-highcost.com,d2e102,scnA_pass342,Francisco,Santos,09255246811,"1344 Quezon St., Mandaluyong",2023-10-25 16:31:49.298791,1196,Regular,customer
1042,scen_a_343@autokita-highcost.com,dfff0a,scnA_pass343,Manuel,Aguilar,09462841339,"3465 Osmena St., Paranaque",2024-07-20 16:31:49.298791,4750,New,customer
1043,scen_a_344@autokita-highcost.com,a2e6b7,scnA_pass344,Jorge,Castillo,09892924864,"6419 Del Pilar St., Quezon City",2021-05-24 16:31:49.298791,7495,New,customer
1044,scen_a_345@autokita-highcost.com,cb7ab1,scnA_pass345,Ramon,Bautista,09664903208,"58 Taft St., Manila",2026-03-09 16:31:49.298791,3533,Regular,customer
1045,scen_a_346@autokita-highcost.com,c671b8,scnA_pass346,Pedro,Torres,09467768084,"7592 Bonifacio St., Las Pinas",2017-07-31 16:31:49.298791,2674,Loyal,customer
1046,scen_a_347@autokita-highcost.com,cdb7ac,scnA_pass347,Miguel,Mendoza,09608376552,"3144 Luna St., Paranaque",2016-08-08 16:31:49.298791,1235,Regular,customer
1047,scen_a_348@autokita-highcost.com,ad6f2f,scnA_pass348,Domingo,Soriano,09635927888,"3029 Osmena St., Taguig",2018-11-28 16:31:49.298791,5823,Regular,customer
1048,scen_a_349@autokita-highcost.com,f6399d,scnA_pass349,Miguel,Reyes,09329860295,"222 Magsaysay St., Caloocan",2022-12-01 16:31:49.298791,4263,New,customer
1049,scen_a_350@autokita-highcost.com,77243d,scnA_pass350,Roberto,Ramos,09884605485,"808 Del Pilar St., Taguig",2018-05-14 16:31:49.298791,1698,Regular,customer
1050,scen_a_351@autokita-highcost.com,01c254,scnA_pass351,Roberto,Rivera,09335214477,"3334 Quezon St., Mandaluyong",2026-02-01 16:31:49.298791,5525,Regular,customer
1051,scen_a_352@autokita-highcost.com,effaee,scnA_pass352,Francisco,Ramos,09278436603,"1290 Bonifacio St., Makati City",2020-09-22 16:31:49.298791,6865,Regular,customer
1052,scen_a_353@autokita-highcost.com,b453e4,scnA_pass353,Manuel,Aguilar,09231916925,"1051 Quezon St., Marikina",2019-01-11 16:31:49.298791,895,Loyal,customer
1053,scen_a_354@autokita-highcost.com,694443,scnA_pass354,Domingo,Villanueva,09529715709,"9349 Bonifacio St., Manila",2026-06-13 16:31:49.298791,3347,New,customer
1054,scen_a_355@autokita-highcost.com,9c590a,scnA_pass355,Luis,Villanueva,09859100970,"6116 Bonifacio St., Makati City",2020-04-05 16:31:49.298791,6815,New,customer
1055,scen_a_356@autokita-highcost.com,343a92,scnA_pass356,Carlos,Dela Cruz,09823537566,"9707 Luna St., Marikina",2019-12-12 16:31:49.298791,836,New,customer
1056,scen_a_357@autokita-highcost.com,0e0270,scnA_pass357,Manuel,Garcia,09302749197,"1957 Del Pilar St., Caloocan",2020-02-14 16:31:49.298791,1815,New,customer
1057,scen_a_358@autokita-highcost.com,a4b7a8,scnA_pass358,Ramon,Ramos,09395621652,"9429 Bonifacio St., Mandaluyong",2020-03-25 16:31:49.298791,5642,Regular,customer
1058,scen_a_359@autokita-highcost.com,82380c,scnA_pass359,Roberto,Ramos,09957693636,"909 Magsaysay St., Makati City",2022-12-30 16:31:49.298791,4156,Loyal,customer
1059,scen_a_360@autokita-highcost.com,3c2080,scnA_pass360,Roberto,Reyes,09388461194,"9360 Roxas St., Makati City",2023-03-26 16:31:49.298791,5800,New,customer
1060,scen_a_361@autokita-highcost.com,5ea04b,scnA_pass361,Arturo,Santos,09406416928,"7741 Del Pilar St., Paranaque",2017-01-23 16:31:49.298791,3506,New,customer
1061,scen_a_362@autokita-highcost.com,b3b46e,scnA_pass362,Cesar,Bautista,09566693531,"4118 Quezon St., Marikina",2024-01-29 16:31:49.298791,2210,New,customer
1062,scen_a_363@autokita-highcost.com,af071c,scnA_pass363,Antonio,Santos,09133348397,"5028 Quezon St., Paranaque",2018-11-03 16:31:49.298791,643,New,customer
1063,scen_a_364@autokita-highcost.com,aae673,scnA_pass364,Arturo,Mendoza,09849389645,"5373 Quezon St., Mandaluyong",2018-04-13 16:31:49.298791,5596,Regular,customer
1064,scen_a_365@autokita-highcost.com,97a8f9,scnA_pass365,Ramon,Garcia,09189399217,"2232 Osmena St., Pasig City",2022-03-30 16:31:49.298791,1705,New,customer
1065,scen_a_366@autokita-highcost.com,60042d,scnA_pass366,Ernesto,Santos,09794788464,"4480 Taft St., Taguig",2023-04-06 16:31:49.298791,7216,New,customer
1066,scen_a_367@autokita-highcost.com,11cd75,scnA_pass367,Ernesto,Lopez,09136209129,"9861 Quezon St., Makati City",2025-04-09 16:31:49.298791,2848,New,customer
1067,scen_a_368@autokita-highcost.com,c1436d,scnA_pass368,Carlos,Rivera,09508856583,"4681 Taft St., Las Pinas",2023-08-27 16:31:49.298791,3156,New,customer
1068,scen_a_369@autokita-highcost.com,b90c85,scnA_pass369,Eduardo,Rivera,09349097549,"9222 Magsaysay St., Quezon City",2025-05-12 16:31:49.298791,5645,New,customer
1069,scen_a_370@autokita-highcost.com,dceb0c,scnA_pass370,Jorge,Cruz,09251973251,"7291 Rizal St., Caloocan",2024-11-23 16:31:49.298791,2241,New,customer
1070,scen_a_371@autokita-highcost.com,67f10b,scnA_pass371,Jose,Flores,09665643526,"3516 Quezon St., Marikina",2023-06-25 16:31:49.298791,7213,Regular,customer
1071,scen_a_372@autokita-highcost.com,3740e3,scnA_pass372,Ramon,Cruz,09282295583,"6988 Mabini St., Makati City",2017-03-14 16:31:49.298791,572,New,customer
1072,scen_a_373@autokita-highcost.com,f1d842,scnA_pass373,Miguel,Aquino,09481899053,"9128 Bonifacio St., Paranaque",2023-06-16 16:31:49.298791,5157,VIP,customer
1073,scen_a_374@autokita-highcost.com,8b07c7,scnA_pass374,Eduardo,Castillo,09148821993,"9072 Del Pilar St., Marikina",2017-03-11 16:31:49.298791,7145,New,customer
1074,scen_a_375@autokita-highcost.com,79c33d,scnA_pass375,Eduardo,Cruz,09215639060,"9072 Luna St., Las Pinas",2024-07-28 16:31:49.298791,7386,VIP,customer
1075,scen_a_376@autokita-highcost.com,4cc61e,scnA_pass376,Eduardo,Rivera,09997279110,"6264 Del Pilar St., Manila",2017-04-11 16:31:49.298791,1140,Loyal,customer
1076,scen_a_377@autokita-highcost.com,d09964,scnA_pass377,Cesar,Garcia,09504643858,"6115 Bonifacio St., Taguig",2021-02-02 16:31:49.298791,2175,Loyal,customer
1077,scen_a_378@autokita-highcost.com,c14de5,scnA_pass378,Fernando,Bautista,09589685107,"9751 Rizal St., Caloocan",2019-10-08 16:31:49.298791,4008,VIP,customer
1078,scen_a_379@autokita-highcost.com,5fa7af,scnA_pass379,Ramon,Aguilar,09592090598,"7529 Luna St., Mandaluyong",2022-10-23 16:31:49.298791,3974,Loyal,customer
1079,scen_a_380@autokita-highcost.com,aaaa88,scnA_pass380,Domingo,Castillo,09297963486,"3892 Roxas St., Quezon City",2019-10-09 16:31:49.298791,2990,Regular,customer
1080,scen_a_381@autokita-highcost.com,b58012,scnA_pass381,Cesar,Soriano,09273830305,"4818 Del Pilar St., Caloocan",2024-05-06 16:31:49.298791,7378,Loyal,customer
1081,scen_a_382@autokita-highcost.com,3ff0c2,scnA_pass382,Jose,Mendoza,09801033460,"1245 Osmena St., Caloocan",2022-06-24 16:31:49.298791,6651,New,customer
1082,scen_a_383@autokita-highcost.com,4a32b2,scnA_pass383,Roberto,Rivera,09406318600,"2482 Roxas St., Taguig",2018-05-11 16:31:49.298791,6151,New,customer
1083,scen_a_384@autokita-highcost.com,a5f5df,scnA_pass384,Arturo,Castillo,09564580864,"8032 Quezon St., Taguig",2018-08-16 16:31:49.298791,656,New,customer
1084,scen_a_385@autokita-highcost.com,1682d1,scnA_pass385,Ernesto,Reyes,09873630707,"4742 Taft St., Quezon City",2023-02-26 16:31:49.298791,1228,New,customer
1085,scen_a_386@autokita-highcost.com,2b4d71,scnA_pass386,Francisco,Bautista,09161870192,"1423 Mabini St., Las Pinas",2020-01-13 16:31:49.298791,5600,Loyal,customer
1086,scen_a_387@autokita-highcost.com,502bcf,scnA_pass387,Jorge,Villanueva,09576252809,"8170 Roxas St., Mandaluyong",2018-11-19 16:31:49.298791,6169,New,customer
1087,scen_a_388@autokita-highcost.com,2a1c4d,scnA_pass388,Domingo,Cruz,09261501579,"9122 Roxas St., Las Pinas",2019-05-16 16:31:49.298791,2230,Loyal,customer
1088,scen_a_389@autokita-highcost.com,3e5063,scnA_pass389,Arturo,Cruz,09278536927,"2456 Mabini St., Makati City",2018-12-14 16:31:49.298791,2723,VIP,customer
1089,scen_a_390@autokita-highcost.com,319871,scnA_pass390,Jorge,Soriano,09698187903,"9762 Magsaysay St., Pasig City",2022-07-26 16:31:49.298791,6423,Regular,customer
1090,scen_a_391@autokita-highcost.com,d3d5fb,scnA_pass391,Miguel,Mendoza,09765684813,"2737 Mabini St., Marikina",2022-07-15 16:31:49.298791,6202,VIP,customer
1091,scen_a_392@autokita-highcost.com,5f9cd1,scnA_pass392,Carlos,Torres,09173647970,"4986 Luna St., Mandaluyong",2016-11-04 16:31:49.298791,7760,Loyal,customer
1092,scen_a_393@autokita-highcost.com,aebc7d,scnA_pass393,Roberto,Aguilar,09113374469,"3942 Taft St., Las Pinas",2021-06-24 16:31:49.298791,6596,Regular,customer
1093,scen_a_394@autokita-highcost.com,4ab666,scnA_pass394,Arturo,Garcia,09161409127,"6249 Del Pilar St., Quezon City",2017-08-29 16:31:49.298791,1665,Regular,customer
1094,scen_a_395@autokita-highcost.com,d2cd58,scnA_pass395,Carlos,Cruz,09953913087,"6412 Magsaysay St., Paranaque",2016-12-04 16:31:49.298791,2056,Regular,customer
1095,scen_a_396@autokita-highcost.com,3790dd,scnA_pass396,Jose,Torres,09794213019,"9015 Del Pilar St., Marikina",2019-10-19 16:31:49.298791,386,Loyal,customer
1096,scen_a_397@autokita-highcost.com,d50aea,scnA_pass397,Jose,Aquino,09447276769,"9098 Quezon St., Mandaluyong",2018-05-13 16:31:49.298791,7345,Loyal,customer
1097,scen_a_398@autokita-highcost.com,3fbf5f,scnA_pass398,Jorge,Rivera,09629498795,"9490 Rizal St., Makati City",2024-11-29 16:31:49.298791,3229,VIP,customer
1098,scen_a_399@autokita-highcost.com,4bda80,scnA_pass399,Miguel,Santos,09279144680,"4827 Taft St., Taguig",2019-02-22 16:31:49.298791,3803,VIP,customer
1099,scen_a_400@autokita-highcost.com,5959e5,scnA_pass400,Miguel,Aguilar,09634827602,"4720 Mabini St., Marikina",2021-06-22 16:31:49.298791,3404,Loyal,customer
1100,scen_a_401@autokita-highcost.com,258223,scnA_pass401,Manuel,Castillo,09482985416,"2655 Mabini St., Makati City",2017-06-09 16:31:49.298791,4678,New,customer
1101,scen_a_402@autokita-highcost.com,4cc852,scnA_pass402,Arturo,Lopez,09958979065,"8085 Luna St., Paranaque",2020-04-11 16:31:49.298791,7238,Loyal,customer
1102,scen_a_403@autokita-highcost.com,84fb94,scnA_pass403,Ricardo,Soriano,09254854147,"8256 Luna St., Manila",2020-04-06 16:31:49.298791,5258,New,customer
1103,scen_a_404@autokita-highcost.com,db4958,scnA_pass404,Antonio,Dela Cruz,09956618563,"5610 Osmena St., Quezon City",2019-12-09 16:31:49.298791,2318,Loyal,customer
1104,scen_a_405@autokita-highcost.com,baa445,scnA_pass405,Luis,Aguilar,09132652596,"6269 Magsaysay St., Paranaque",2021-04-15 16:31:49.298791,3634,New,customer
1105,scen_a_406@autokita-highcost.com,814e3f,scnA_pass406,Jose,Ramos,09212208483,"3666 Quezon St., Pasig City",2019-02-02 16:31:49.298791,5030,Regular,customer
1106,scen_a_407@autokita-highcost.com,d584d7,scnA_pass407,Jorge,Castillo,09323884483,"9545 Quezon St., Pasig City",2018-03-13 16:31:49.298791,4260,Regular,customer
1107,scen_a_408@autokita-highcost.com,a120c1,scnA_pass408,Fernando,Bautista,09581458743,"3728 Rizal St., Paranaque",2022-03-18 16:31:49.298791,6980,Regular,customer
1108,scen_a_409@autokita-highcost.com,27ac97,scnA_pass409,Arturo,Villanueva,09527083151,"2207 Magsaysay St., Caloocan",2021-09-30 16:31:49.298791,3675,Regular,customer
1109,scen_a_410@autokita-highcost.com,f2fc97,scnA_pass410,Ricardo,Bautista,09557269128,"2930 Del Pilar St., Mandaluyong",2025-11-03 16:31:49.298791,5036,Regular,customer
1110,scen_a_411@autokita-highcost.com,5fad86,scnA_pass411,Ernesto,Cruz,09663742613,"6527 Rizal St., Paranaque",2024-09-09 16:31:49.298791,7983,Regular,customer
1111,scen_a_412@autokita-highcost.com,ec1b41,scnA_pass412,Ramon,Cruz,09188576369,"5693 Roxas St., Manila",2018-05-07 16:31:49.298791,3697,VIP,customer
1112,scen_a_413@autokita-highcost.com,61af8c,scnA_pass413,Pedro,Santos,09968749029,"8700 Del Pilar St., Paranaque",2019-06-24 16:31:49.298791,5150,New,customer
1113,scen_a_414@autokita-highcost.com,a84f49,scnA_pass414,Miguel,Lopez,09771911186,"6208 Mabini St., Manila",2021-03-08 16:31:49.298791,98,VIP,customer
1114,scen_a_415@autokita-highcost.com,3e661d,scnA_pass415,Carlos,Santos,09973419586,"3550 Bonifacio St., Manila",2025-05-08 16:31:49.298791,5046,Regular,customer
1115,scen_a_416@autokita-highcost.com,1d0a24,scnA_pass416,Antonio,Aquino,09971978602,"9335 Osmena St., Marikina",2019-03-02 16:31:49.298791,3021,Regular,customer
1116,scen_a_417@autokita-highcost.com,c2ade9,scnA_pass417,Miguel,Gomez,09489161427,"4832 Taft St., Quezon City",2020-01-06 16:31:49.298791,3299,New,customer
1117,scen_a_418@autokita-highcost.com,628ac4,scnA_pass418,Roberto,Cruz,09521606724,"5974 Luna St., Manila",2016-11-30 16:31:49.298791,4761,VIP,customer
1118,scen_a_419@autokita-highcost.com,976774,scnA_pass419,Cesar,Santos,09731667513,"3933 Magsaysay St., Las Pinas",2023-05-05 16:31:49.298791,5369,Regular,customer
1119,scen_a_420@autokita-highcost.com,e64b15,scnA_pass420,Roberto,Lopez,09871918112,"2340 Luna St., Paranaque",2023-03-18 16:31:49.298791,5467,Regular,customer
1120,scen_a_421@autokita-highcost.com,040629,scnA_pass421,Cesar,Lopez,09818762474,"7362 Taft St., Mandaluyong",2020-03-09 16:31:49.298791,511,New,customer
1121,scen_a_422@autokita-highcost.com,ad922d,scnA_pass422,Luis,Soriano,09689948953,"9863 Mabini St., Manila",2018-10-07 16:31:49.298791,7671,VIP,customer
1122,scen_a_423@autokita-highcost.com,f05cc1,scnA_pass423,Miguel,Dela Cruz,09129998800,"8819 Osmena St., Paranaque",2018-12-28 16:31:49.298791,4251,VIP,customer
1123,scen_a_424@autokita-highcost.com,f12ff0,scnA_pass424,Domingo,Rivera,09633066243,"8242 Quezon St., Las Pinas",2020-03-10 16:31:49.298791,4876,VIP,customer
1124,scen_a_425@autokita-highcost.com,cff1a2,scnA_pass425,Eduardo,Villanueva,09682320122,"4776 Roxas St., Taguig",2019-02-06 16:31:49.298791,4981,VIP,customer
1125,scen_a_426@autokita-highcost.com,981716,scnA_pass426,Jose,Lopez,09339585139,"3085 Magsaysay St., Manila",2022-09-15 16:31:49.298791,5606,Loyal,customer
1126,scen_a_427@autokita-highcost.com,2eb1a1,scnA_pass427,Roberto,Mendoza,09349706236,"87 Bonifacio St., Paranaque",2024-01-24 16:31:49.298791,5451,Regular,customer
1127,scen_a_428@autokita-highcost.com,6de46f,scnA_pass428,Antonio,Cruz,09788179699,"1576 Quezon St., Las Pinas",2018-05-14 16:31:49.298791,7751,New,customer
1128,scen_a_429@autokita-highcost.com,329ff9,scnA_pass429,Francisco,Gomez,09642649012,"2613 Osmena St., Mandaluyong",2021-02-28 16:31:49.298791,1859,Regular,customer
1129,scen_a_430@autokita-highcost.com,742e34,scnA_pass430,Carlos,Aquino,09399335188,"1140 Osmena St., Manila",2019-03-26 16:31:49.298791,5484,New,customer
1130,scen_a_431@autokita-highcost.com,6d61e4,scnA_pass431,Fernando,Garcia,09282486850,"1496 Luna St., Paranaque",2021-03-12 16:31:49.298791,2146,Loyal,customer
1131,scen_a_432@autokita-highcost.com,1be918,scnA_pass432,Roberto,Flores,09588683802,"877 Bonifacio St., Las Pinas",2016-09-12 16:31:49.298791,7229,Regular,customer
1132,scen_a_433@autokita-highcost.com,d52192,scnA_pass433,Jose,Mendoza,09165009927,"5205 Bonifacio St., Pasig City",2018-10-04 16:31:49.298791,836,VIP,customer
1133,scen_a_434@autokita-highcost.com,90469e,scnA_pass434,Cesar,Ramos,09434192870,"4924 Roxas St., Taguig",2016-12-04 16:31:49.298791,625,VIP,customer
1134,scen_a_435@autokita-highcost.com,821cd0,scnA_pass435,Ricardo,Flores,09549765334,"9231 Del Pilar St., Manila",2020-12-20 16:31:49.298791,2929,VIP,customer
1135,scen_a_436@autokita-highcost.com,cfeacc,scnA_pass436,Francisco,Aguilar,09367105094,"4298 Osmena St., Marikina",2026-06-20 16:31:49.298791,6981,New,customer
1136,scen_a_437@autokita-highcost.com,3971c9,scnA_pass437,Ernesto,Reyes,09696477989,"7826 Roxas St., Taguig",2018-08-21 16:31:49.298791,7712,Regular,customer
1137,scen_a_438@autokita-highcost.com,06ea0c,scnA_pass438,Miguel,Ramos,09986690390,"4493 Rizal St., Pasig City",2019-07-12 16:31:49.298791,2574,Regular,customer
1138,scen_a_439@autokita-highcost.com,6871a5,scnA_pass439,Cesar,Flores,09456498536,"9913 Taft St., Mandaluyong",2021-01-17 16:31:49.298791,4094,New,customer
1139,scen_a_440@autokita-highcost.com,4ee823,scnA_pass440,Ricardo,Ramos,09603909116,"8109 Del Pilar St., Makati City",2022-08-26 16:31:49.298791,3747,Loyal,customer
1140,scen_a_441@autokita-highcost.com,017f52,scnA_pass441,Luis,Santos,09186195127,"487 Roxas St., Caloocan",2018-03-25 16:31:49.298791,697,New,customer
1141,scen_a_442@autokita-highcost.com,39d623,scnA_pass442,Jose,Soriano,09788679608,"860 Luna St., Marikina",2023-08-26 16:31:49.298791,6592,New,customer
1142,scen_a_443@autokita-highcost.com,fcaa54,scnA_pass443,Jorge,Gomez,09263109927,"6864 Quezon St., Paranaque",2018-06-11 16:31:49.298791,2034,VIP,customer
1143,scen_a_444@autokita-highcost.com,447de3,scnA_pass444,Roberto,Torres,09133831970,"7743 Osmena St., Las Pinas",2019-11-24 16:31:49.298791,7793,Loyal,customer
1144,scen_a_445@autokita-highcost.com,d5a20a,scnA_pass445,Fernando,Soriano,09693792760,"3355 Roxas St., Makati City",2026-06-23 16:31:49.298791,1936,New,customer
1145,scen_a_446@autokita-highcost.com,5e74c1,scnA_pass446,Roberto,Mendoza,09913249746,"9234 Osmena St., Manila",2022-02-12 16:31:49.298791,7379,Regular,customer
1146,scen_a_447@autokita-highcost.com,0c44e9,scnA_pass447,Eduardo,Rivera,09293899397,"7430 Osmena St., Las Pinas",2017-11-21 16:31:49.298791,3166,Regular,customer
1147,scen_a_448@autokita-highcost.com,0f2254,scnA_pass448,Luis,Gomez,09241060336,"8091 Quezon St., Quezon City",2024-10-16 16:31:49.298791,2373,New,customer
1148,scen_a_449@autokita-highcost.com,6a3e2b,scnA_pass449,Antonio,Reyes,09343741037,"4410 Quezon St., Paranaque",2018-07-17 16:31:49.298791,5859,Regular,customer
1149,scen_a_450@autokita-highcost.com,54b91d,scnA_pass450,Fernando,Aquino,09976044058,"830 Bonifacio St., Las Pinas",2023-03-07 16:31:49.298791,6559,Regular,customer
1150,scen_a_451@autokita-highcost.com,d3ce6c,scnA_pass451,Ernesto,Villanueva,09936692723,"6490 Taft St., Mandaluyong",2024-07-20 16:31:49.298791,2117,New,customer
1151,scen_a_452@autokita-highcost.com,f3a1e5,scnA_pass452,Ramon,Bautista,09542490792,"1850 Luna St., Marikina",2020-10-14 16:31:49.298791,4859,Loyal,customer
1152,scen_a_453@autokita-highcost.com,debd2c,scnA_pass453,Ramon,Torres,09233722998,"5368 Osmena St., Las Pinas",2025-10-28 16:31:49.298791,2117,VIP,customer
1153,scen_a_454@autokita-highcost.com,83771b,scnA_pass454,Pedro,Bautista,09194813262,"8742 Rizal St., Marikina",2018-01-31 16:31:49.298791,1667,New,customer
1154,scen_a_455@autokita-highcost.com,0f9bc6,scnA_pass455,Jorge,Dela Cruz,09616209913,"4907 Bonifacio St., Pasig City",2018-03-07 16:31:49.298791,4010,Loyal,customer
1155,scen_a_456@autokita-highcost.com,d73506,scnA_pass456,Francisco,Soriano,09731218772,"4215 Magsaysay St., Las Pinas",2020-03-21 16:31:49.298791,6574,VIP,customer
1156,scen_a_457@autokita-highcost.com,da2463,scnA_pass457,Luis,Santos,09732507632,"7415 Taft St., Paranaque",2017-10-13 16:31:49.298791,6289,VIP,customer
1157,scen_a_458@autokita-highcost.com,78c981,scnA_pass458,Jose,Garcia,09628793490,"7800 Mabini St., Quezon City",2023-12-24 16:31:49.298791,6146,VIP,customer
1158,scen_a_459@autokita-highcost.com,25929c,scnA_pass459,Carlos,Lopez,09613390064,"3835 Taft St., Quezon City",2016-11-15 16:31:49.298791,1799,Regular,customer
1159,scen_a_460@autokita-highcost.com,a4b8f6,scnA_pass460,Luis,Mendoza,09962811685,"9427 Osmena St., Mandaluyong",2022-06-28 16:31:49.298791,4291,New,customer
1160,scen_a_461@autokita-highcost.com,e85d90,scnA_pass461,Francisco,Aquino,09434251404,"291 Luna St., Mandaluyong",2020-10-08 16:31:49.298791,5939,New,customer
1161,scen_a_462@autokita-highcost.com,7f3241,scnA_pass462,Domingo,Mendoza,09922501078,"4385 Rizal St., Marikina",2020-05-02 16:31:49.298791,2705,Regular,customer
1162,scen_a_463@autokita-highcost.com,60c1c3,scnA_pass463,Ricardo,Soriano,09796489296,"9352 Magsaysay St., Caloocan",2022-04-13 16:31:49.298791,1980,New,customer
1163,scen_a_464@autokita-highcost.com,142394,scnA_pass464,Arturo,Soriano,09626414238,"3115 Quezon St., Manila",2017-01-21 16:31:49.298791,249,Regular,customer
1164,scen_a_465@autokita-highcost.com,00634b,scnA_pass465,Domingo,Rivera,09461541601,"9489 Del Pilar St., Marikina",2021-04-04 16:31:49.298791,2878,New,customer
1165,scen_a_466@autokita-highcost.com,3c85d7,scnA_pass466,Antonio,Lopez,09133993664,"294 Del Pilar St., Taguig",2021-02-14 16:31:49.298791,2660,Regular,customer
1166,scen_a_467@autokita-highcost.com,a51525,scnA_pass467,Francisco,Ramos,09811303366,"2664 Bonifacio St., Las Pinas",2020-02-01 16:31:49.298791,2839,Regular,customer
1167,scen_a_468@autokita-highcost.com,724a4b,scnA_pass468,Ricardo,Bautista,09656328187,"9344 Osmena St., Las Pinas",2016-12-06 16:31:49.298791,2028,Regular,customer
1168,scen_a_469@autokita-highcost.com,ca946b,scnA_pass469,Miguel,Aguilar,09572927152,"8338 Rizal St., Taguig",2022-03-24 16:31:49.298791,7745,New,customer
1169,scen_a_470@autokita-highcost.com,a95b57,scnA_pass470,Francisco,Reyes,09368215709,"5841 Rizal St., Manila",2024-11-06 16:31:49.298791,3505,Loyal,customer
1170,scen_a_471@autokita-highcost.com,c5c871,scnA_pass471,Arturo,Dela Cruz,09619688419,"1718 Luna St., Marikina",2019-06-11 16:31:49.298791,2562,Regular,customer
1171,scen_a_472@autokita-highcost.com,46360f,scnA_pass472,Carlos,Villanueva,09448777152,"9364 Rizal St., Quezon City",2017-02-21 16:31:49.298791,422,Regular,customer
1172,scen_a_473@autokita-highcost.com,cbade5,scnA_pass473,Pedro,Gomez,09128340436,"8097 Taft St., Mandaluyong",2020-04-13 16:31:49.298791,1001,New,customer
1173,scen_a_474@autokita-highcost.com,6b4d81,scnA_pass474,Miguel,Rivera,09806807912,"5201 Bonifacio St., Pasig City",2021-08-27 16:31:49.298791,7265,New,customer
1174,scen_a_475@autokita-highcost.com,b3e8fc,scnA_pass475,Jorge,Ramos,09955618018,"9638 Taft St., Manila",2024-01-08 16:31:49.298791,4062,VIP,customer
1175,scen_a_476@autokita-highcost.com,d279fa,scnA_pass476,Eduardo,Rivera,09814535533,"1701 Taft St., Pasig City",2018-03-27 16:31:49.298791,5074,Regular,customer
1176,scen_a_477@autokita-highcost.com,b79870,scnA_pass477,Eduardo,Reyes,09808629499,"9717 Rizal St., Las Pinas",2026-02-27 16:31:49.298791,2635,New,customer
1177,scen_a_478@autokita-highcost.com,623bf4,scnA_pass478,Luis,Flores,09821263139,"8399 Magsaysay St., Mandaluyong",2020-09-23 16:31:49.298791,2569,VIP,customer
1178,scen_a_479@autokita-highcost.com,c23da4,scnA_pass479,Arturo,Rivera,09528727723,"6072 Taft St., Makati City",2023-04-04 16:31:49.298791,2623,Loyal,customer
1179,scen_a_480@autokita-highcost.com,52359f,scnA_pass480,Francisco,Villanueva,09802997075,"1586 Luna St., Caloocan",2020-12-05 16:31:49.298791,2240,New,customer
1180,scen_a_481@autokita-highcost.com,e7c6be,scnA_pass481,Luis,Reyes,09845424217,"6354 Mabini St., Quezon City",2025-12-14 16:31:49.298791,6698,New,customer
1181,scen_a_482@autokita-highcost.com,d5011a,scnA_pass482,Miguel,Villanueva,09512873725,"6758 Bonifacio St., Taguig",2021-04-05 16:31:49.298791,856,New,customer
1182,scen_a_483@autokita-highcost.com,97390c,scnA_pass483,Ramon,Santos,09176454789,"8445 Quezon St., Taguig",2024-02-26 16:31:49.298791,1558,VIP,customer
1183,scen_a_484@autokita-highcost.com,dea45f,scnA_pass484,Jose,Torres,09792155769,"6131 Bonifacio St., Mandaluyong",2018-11-10 16:31:49.298791,6953,Regular,customer
1184,scen_a_485@autokita-highcost.com,dce803,scnA_pass485,Carlos,Gomez,09402215755,"9380 Roxas St., Taguig",2025-01-13 16:31:49.298791,7924,Loyal,customer
1185,scen_a_486@autokita-highcost.com,622f8a,scnA_pass486,Arturo,Mendoza,09405910583,"7442 Luna St., Quezon City",2019-01-08 16:31:49.298791,4162,Loyal,customer
1186,scen_a_487@autokita-highcost.com,4f2c2a,scnA_pass487,Fernando,Ramos,09355206526,"2457 Luna St., Las Pinas",2022-11-22 16:31:49.298791,4498,VIP,customer
1187,scen_a_488@autokita-highcost.com,6b837b,scnA_pass488,Roberto,Lopez,09227149745,"8824 Magsaysay St., Las Pinas",2020-05-17 16:31:49.298791,5568,Loyal,customer
1188,scen_a_489@autokita-highcost.com,e98fe4,scnA_pass489,Jose,Garcia,09432789925,"5056 Luna St., Marikina",2024-03-02 16:31:49.298791,4287,New,customer
1189,scen_a_490@autokita-highcost.com,4c49f2,scnA_pass490,Arturo,Reyes,09526331314,"9610 Osmena St., Taguig",2022-12-03 16:31:49.298791,5709,Regular,customer
1190,scen_a_491@autokita-highcost.com,752464,scnA_pass491,Fernando,Aquino,09908708568,"5414 Luna St., Taguig",2025-10-31 16:31:49.298791,3046,Loyal,customer
1191,scen_a_492@autokita-highcost.com,bc3ba3,scnA_pass492,Ramon,Bautista,09497540750,"9172 Quezon St., Mandaluyong",2018-06-27 16:31:49.298791,2500,Regular,customer
1192,scen_a_493@autokita-highcost.com,f66d10,scnA_pass493,Eduardo,Santos,09716140638,"1523 Taft St., Manila",2017-08-15 16:31:49.298791,3899,Regular,customer
1193,scen_a_494@autokita-highcost.com,80029d,scnA_pass494,Ernesto,Cruz,09748223215,"7137 Roxas St., Paranaque",2020-07-10 16:31:49.298791,4249,Regular,customer
1194,scen_a_495@autokita-highcost.com,20d73f,scnA_pass495,Arturo,Torres,09396899847,"4842 Magsaysay St., Caloocan",2024-06-24 16:31:49.298791,3060,Regular,customer
1195,scen_a_496@autokita-highcost.com,f49820,scnA_pass496,Ernesto,Soriano,09952760542,"2139 Bonifacio St., Marikina",2023-06-09 16:31:49.298791,7246,VIP,customer
1196,scen_a_497@autokita-highcost.com,8588a8,scnA_pass497,Ernesto,Reyes,09288663555,"6365 Taft St., Makati City",2019-07-29 16:31:49.298791,382,New,customer
1197,scen_a_498@autokita-highcost.com,3f3b7b,scnA_pass498,Luis,Villanueva,09483635578,"8391 Del Pilar St., Marikina",2026-05-15 16:31:49.298791,7309,New,customer
1198,scen_a_499@autokita-highcost.com,4cbef1,scnA_pass499,Cesar,Santos,09948505345,"9151 Bonifacio St., Las Pinas",2024-03-05 16:31:49.298791,5490,Regular,customer
1199,scen_a_500@autokita-highcost.com,e4001c,scnA_pass500,Fernando,Garcia,09766931359,"9707 Rizal St., Makati City",2023-05-19 16:31:49.298791,158,New,customer
1200,scen_b_1@autokita-lowcost.com,50bb1f,scnB_pass1,Maria,Tiu,09958438409,"7408 Luna St., Quezon City",2018-12-21 16:31:49.486015,13267,Loyal,customer
1201,scen_b_2@autokita-lowcost.com,3a6b55,scnB_pass2,Natalie,Dy,09388202783,"8095 Quezon St., Manila",2022-02-17 16:31:49.486015,8484,Regular,customer
1202,scen_b_3@autokita-lowcost.com,11ae8d,scnB_pass3,Vanessa,Tan,09441067162,"7082 Luna St., Paranaque",2016-12-20 16:31:49.486015,5682,Loyal,customer
1203,scen_b_4@autokita-lowcost.com,def14d,scnB_pass4,Christine,Ang,09458569618,"7353 Taft St., Pasig City",2023-01-24 16:31:49.486015,11775,New,customer
1204,scen_b_5@autokita-lowcost.com,09d3f9,scnB_pass5,Rachel,Go,09611273115,"6879 Bonifacio St., Caloocan",2024-07-27 16:31:49.486015,10100,Loyal,customer
1205,scen_b_6@autokita-lowcost.com,7cd005,scnB_pass6,Sofia,Sy,09581607597,"8386 Luna St., Mandaluyong",2020-11-27 16:31:49.486015,9095,Loyal,customer
1206,scen_b_7@autokita-lowcost.com,5e2212,scnB_pass7,Sandra,Ang,09285572435,"3612 Osmena St., Paranaque",2019-12-15 16:31:49.486015,6805,VIP,customer
1207,scen_b_8@autokita-lowcost.com,9ed942,scnB_pass8,Karen,Chua,09109835087,"9109 Del Pilar St., Quezon City",2022-01-25 16:31:49.486015,7885,New,customer
1208,scen_b_9@autokita-lowcost.com,854752,scnB_pass9,Sofia,Go,09164880235,"5473 Bonifacio St., Taguig",2016-12-22 16:31:49.486015,12949,Loyal,customer
1209,scen_b_10@autokita-lowcost.com,3d93ad,scnB_pass10,Stephanie,Sy,09977404923,"8497 Taft St., Makati City",2023-03-08 16:31:49.486015,5863,VIP,customer
1210,scen_b_11@autokita-lowcost.com,a6e0fd,scnB_pass11,Angela,Sia,09363850556,"3285 Quezon St., Makati City",2023-04-05 16:31:49.486015,8094,Loyal,customer
1211,scen_b_12@autokita-lowcost.com,0da6aa,scnB_pass12,Maria,Co,09732654320,"6273 Luna St., Quezon City",2021-08-22 16:31:49.486015,5210,VIP,customer
1212,scen_b_13@autokita-lowcost.com,b788f6,scnB_pass13,Natalie,Ang,09873321982,"634 Taft St., Caloocan",2021-10-02 16:31:49.486015,6039,VIP,customer
1213,scen_b_14@autokita-lowcost.com,eb0d23,scnB_pass14,Monica,Sia,09954486843,"643 Bonifacio St., Mandaluyong",2024-12-27 16:31:49.486015,6593,New,customer
1214,scen_b_15@autokita-lowcost.com,c01f2e,scnB_pass15,Monica,Co,09241241727,"1584 Taft St., Marikina",2024-08-27 16:31:49.486015,14425,Loyal,customer
1215,scen_b_16@autokita-lowcost.com,a2867b,scnB_pass16,Rachel,Lee,09374079196,"8748 Bonifacio St., Marikina",2023-07-14 16:31:49.486015,5860,VIP,customer
1216,scen_b_17@autokita-lowcost.com,b0fc3d,scnB_pass17,Melissa,King,09155953902,"5773 Taft St., Manila",2017-04-30 16:31:49.486015,9684,VIP,customer
1217,scen_b_18@autokita-lowcost.com,7c2a69,scnB_pass18,Michelle,Dee,09298466924,"7614 Taft St., Paranaque",2017-08-21 16:31:49.486015,10107,Regular,customer
1218,scen_b_19@autokita-lowcost.com,0dd7b9,scnB_pass19,Maria,Dy,09319815783,"6048 Osmena St., Makati City",2023-02-14 16:31:49.486015,14615,VIP,customer
1219,scen_b_20@autokita-lowcost.com,e171e6,scnB_pass20,Sandra,Dy,09265623954,"158 Magsaysay St., Quezon City",2025-01-31 16:31:49.486015,11062,Loyal,customer
1220,scen_b_21@autokita-lowcost.com,cfa36b,scnB_pass21,Sandra,Tan,09993339399,"2976 Roxas St., Taguig",2026-01-09 16:31:49.486015,10148,Loyal,customer
1221,scen_b_22@autokita-lowcost.com,18e990,scnB_pass22,Jessica,Dee,09859773839,"8977 Magsaysay St., Makati City",2016-09-10 16:31:49.486015,10804,VIP,customer
1222,scen_b_23@autokita-lowcost.com,d0178f,scnB_pass23,Stephanie,Co,09517677458,"3847 Taft St., Mandaluyong",2023-10-09 16:31:49.486015,8073,VIP,customer
1223,scen_b_24@autokita-lowcost.com,3c45c0,scnB_pass24,Natalie,Lim,09583281634,"1082 Luna St., Paranaque",2022-12-15 16:31:49.486015,14432,VIP,customer
1224,scen_b_25@autokita-lowcost.com,0e3268,scnB_pass25,Patricia,Tiu,09828293178,"8719 Roxas St., Marikina",2021-09-21 16:31:49.486015,11159,Loyal,customer
1225,scen_b_26@autokita-lowcost.com,6da869,scnB_pass26,Maria,Lee,09592666788,"1806 Del Pilar St., Caloocan",2022-02-05 16:31:49.486015,9916,VIP,customer
1226,scen_b_27@autokita-lowcost.com,58e064,scnB_pass27,Patricia,Uy,09426580251,"113 Del Pilar St., Mandaluyong",2024-03-20 16:31:49.486015,11712,VIP,customer
1227,scen_b_28@autokita-lowcost.com,b36426,scnB_pass28,Vanessa,Dy,09844713051,"6780 Luna St., Manila",2018-08-09 16:31:49.486015,8487,Loyal,customer
1228,scen_b_29@autokita-lowcost.com,d6fbab,scnB_pass29,Vanessa,Ang,09642970289,"5152 Roxas St., Quezon City",2025-12-07 16:31:49.486015,6949,Regular,customer
1229,scen_b_30@autokita-lowcost.com,9ed1db,scnB_pass30,Karen,Go,09254203092,"6468 Del Pilar St., Las Pinas",2020-06-02 16:31:49.486015,11119,VIP,customer
1230,scen_b_31@autokita-lowcost.com,9103c2,scnB_pass31,Rachel,Chua,09983375620,"6007 Quezon St., Mandaluyong",2017-01-06 16:31:49.486015,14404,Loyal,customer
1231,scen_b_32@autokita-lowcost.com,3bc969,scnB_pass32,Sofia,Yu,09506324012,"9611 Del Pilar St., Marikina",2018-02-17 16:31:49.486015,11572,Loyal,customer
1232,scen_b_33@autokita-lowcost.com,13b18d,scnB_pass33,Karen,Koh,09696987895,"7767 Rizal St., Mandaluyong",2024-06-10 16:31:49.486015,8735,Regular,customer
1233,scen_b_34@autokita-lowcost.com,d99d58,scnB_pass34,Michelle,Co,09338814066,"8540 Del Pilar St., Paranaque",2021-02-18 16:31:49.486015,10360,VIP,customer
1234,scen_b_35@autokita-lowcost.com,7125ff,scnB_pass35,Sofia,Tiu,09945833643,"1912 Mabini St., Makati City",2024-09-20 16:31:49.486015,5362,Regular,customer
1235,scen_b_36@autokita-lowcost.com,ae7f0a,scnB_pass36,Stephanie,Tiu,09246726936,"9565 Mabini St., Las Pinas",2025-03-03 16:31:49.486015,5457,New,customer
1236,scen_b_37@autokita-lowcost.com,993317,scnB_pass37,Rebecca,Go,09472999427,"2073 Quezon St., Pasig City",2025-04-17 16:31:49.486015,7245,Regular,customer
1237,scen_b_38@autokita-lowcost.com,beeee8,scnB_pass38,Christine,Yu,09871838912,"9267 Bonifacio St., Quezon City",2023-06-05 16:31:49.486015,9596,VIP,customer
1238,scen_b_39@autokita-lowcost.com,fb349c,scnB_pass39,Monica,Dee,09342485309,"6541 Mabini St., Marikina",2019-01-24 16:31:49.486015,11743,VIP,customer
1239,scen_b_40@autokita-lowcost.com,387e17,scnB_pass40,Patricia,Tan,09834687179,"8839 Taft St., Caloocan",2019-08-22 16:31:49.486015,7212,Loyal,customer
1240,scen_b_41@autokita-lowcost.com,2282fd,scnB_pass41,Sandra,Ong,09631668860,"4911 Taft St., Taguig",2019-05-29 16:31:49.486015,9111,New,customer
1241,scen_b_42@autokita-lowcost.com,57c3be,scnB_pass42,Rebecca,Sia,09394402901,"8056 Taft St., Quezon City",2026-04-09 16:31:49.486015,9677,New,customer
1242,scen_b_43@autokita-lowcost.com,830ec2,scnB_pass43,Vanessa,Uy,09857024793,"2323 Roxas St., Paranaque",2024-03-01 16:31:49.486015,12155,New,customer
1243,scen_b_44@autokita-lowcost.com,e2411e,scnB_pass44,Anna,Yu,09737536411,"9564 Rizal St., Manila",2025-01-21 16:31:49.486015,12990,VIP,customer
1244,scen_b_45@autokita-lowcost.com,24d11e,scnB_pass45,Christine,Dy,09169084732,"9743 Luna St., Paranaque",2017-03-21 16:31:49.486015,11343,Regular,customer
1245,scen_b_46@autokita-lowcost.com,d7c6ac,scnB_pass46,Vanessa,Chua,09474652804,"84 Bonifacio St., Marikina",2024-08-22 16:31:49.486015,12944,Regular,customer
1246,scen_b_47@autokita-lowcost.com,9f344e,scnB_pass47,Michelle,Chua,09361410967,"2754 Rizal St., Makati City",2025-04-25 16:31:49.486015,12689,Regular,customer
1247,scen_b_48@autokita-lowcost.com,9807a6,scnB_pass48,Maria,Dy,09498242331,"7999 Osmena St., Marikina",2018-02-14 16:31:49.486015,7205,VIP,customer
1248,scen_b_49@autokita-lowcost.com,2f97fa,scnB_pass49,Sofia,Yu,09943733883,"1345 Magsaysay St., Quezon City",2022-07-25 16:31:49.486015,10625,VIP,customer
1249,scen_b_50@autokita-lowcost.com,03bc3e,scnB_pass50,Anna,Tan,09269385445,"5034 Quezon St., Caloocan",2017-05-30 16:31:49.486015,8879,New,customer
1250,scen_b_51@autokita-lowcost.com,e82f1d,scnB_pass51,Karen,Yu,09786657443,"9056 Roxas St., Las Pinas",2021-06-01 16:31:49.486015,9700,New,customer
1251,scen_b_52@autokita-lowcost.com,bb65f7,scnB_pass52,Stephanie,King,09251226340,"567 Luna St., Caloocan",2019-05-10 16:31:49.486015,9238,VIP,customer
1252,scen_b_53@autokita-lowcost.com,76067d,scnB_pass53,Jessica,Lee,09922809475,"7147 Quezon St., Mandaluyong",2017-03-13 16:31:49.486015,9611,Loyal,customer
1253,scen_b_54@autokita-lowcost.com,ac7897,scnB_pass54,Sofia,Sy,09761813007,"1980 Osmena St., Mandaluyong",2022-06-27 16:31:49.486015,9771,New,customer
1254,scen_b_55@autokita-lowcost.com,6553a1,scnB_pass55,Patricia,Chan,09191572760,"2169 Taft St., Manila",2018-09-04 16:31:49.486015,12413,Loyal,customer
1255,scen_b_56@autokita-lowcost.com,cd8b59,scnB_pass56,Angela,Lee,09384044222,"1239 Taft St., Manila",2026-07-06 16:31:49.486015,8465,Loyal,customer
1256,scen_b_57@autokita-lowcost.com,152807,scnB_pass57,Diana,Ang,09359742890,"965 Bonifacio St., Las Pinas",2020-12-15 16:31:49.486015,5320,Loyal,customer
1257,scen_b_58@autokita-lowcost.com,d04c60,scnB_pass58,Rebecca,Chan,09477260070,"4274 Rizal St., Las Pinas",2016-10-25 16:31:49.486015,14180,Loyal,customer
1258,scen_b_59@autokita-lowcost.com,8ceae5,scnB_pass59,Sandra,Sia,09747354275,"9552 Taft St., Las Pinas",2025-03-03 16:31:49.486015,7711,Loyal,customer
1259,scen_b_60@autokita-lowcost.com,834637,scnB_pass60,Stephanie,Co,09494955236,"9019 Bonifacio St., Caloocan",2019-06-06 16:31:49.486015,12210,VIP,customer
1260,scen_b_61@autokita-lowcost.com,38fde1,scnB_pass61,Monica,King,09416239916,"7962 Mabini St., Paranaque",2019-11-29 16:31:49.486015,7063,Regular,customer
1261,scen_b_62@autokita-lowcost.com,978b3a,scnB_pass62,Sofia,Koh,09542002313,"8995 Taft St., Taguig",2021-12-01 16:31:49.486015,13123,Loyal,customer
1262,scen_b_63@autokita-lowcost.com,5b1cb9,scnB_pass63,Natalie,Ang,09429930024,"1810 Osmena St., Paranaque",2025-09-29 16:31:49.486015,5996,Loyal,customer
1263,scen_b_64@autokita-lowcost.com,bff8dd,scnB_pass64,Christine,Tan,09658039655,"9646 Magsaysay St., Quezon City",2023-11-13 16:31:49.486015,9370,VIP,customer
1264,scen_b_65@autokita-lowcost.com,deadf0,scnB_pass65,Patricia,Sia,09123413987,"6326 Taft St., Taguig",2021-10-11 16:31:49.486015,13627,Loyal,customer
1265,scen_b_66@autokita-lowcost.com,971da2,scnB_pass66,Monica,Lim,09175948473,"4084 Roxas St., Manila",2019-06-10 16:31:49.486015,6579,VIP,customer
1266,scen_b_67@autokita-lowcost.com,ca1853,scnB_pass67,Michelle,Chua,09397591766,"5073 Roxas St., Caloocan",2024-12-19 16:31:49.486015,12534,VIP,customer
1267,scen_b_68@autokita-lowcost.com,07be8e,scnB_pass68,Monica,Dy,09261110032,"4704 Osmena St., Marikina",2020-04-02 16:31:49.486015,10607,Loyal,customer
1268,scen_b_69@autokita-lowcost.com,fdce24,scnB_pass69,Anna,Ong,09978886257,"1576 Osmena St., Marikina",2021-12-12 16:31:49.486015,11465,Loyal,customer
1269,scen_b_70@autokita-lowcost.com,0e5908,scnB_pass70,Angela,Dee,09624309530,"9702 Bonifacio St., Caloocan",2019-06-22 16:31:49.486015,11501,VIP,customer
1270,scen_b_71@autokita-lowcost.com,b35cb9,scnB_pass71,Natalie,Tan,09207691960,"965 Bonifacio St., Mandaluyong",2017-05-02 16:31:49.486015,7925,VIP,customer
1271,scen_b_72@autokita-lowcost.com,9ad943,scnB_pass72,Maria,Koh,09591146456,"3042 Rizal St., Caloocan",2018-03-08 16:31:49.486015,5800,Loyal,customer
1272,scen_b_73@autokita-lowcost.com,9e140a,scnB_pass73,Monica,Ong,09159634753,"2086 Bonifacio St., Manila",2017-05-01 16:31:49.486015,7509,VIP,customer
1273,scen_b_74@autokita-lowcost.com,ed5e22,scnB_pass74,Anna,Yu,09732104039,"1863 Bonifacio St., Makati City",2020-01-28 16:31:49.486015,14734,Regular,customer
1274,scen_b_75@autokita-lowcost.com,2e3045,scnB_pass75,Patricia,Ang,09798400740,"2777 Taft St., Las Pinas",2019-03-12 16:31:49.486015,8983,New,customer
1275,scen_b_76@autokita-lowcost.com,4d4348,scnB_pass76,Christine,Ang,09465285171,"8201 Rizal St., Marikina",2019-01-07 16:31:49.486015,8216,VIP,customer
1276,scen_b_77@autokita-lowcost.com,be80c8,scnB_pass77,Christine,Go,09871478011,"1306 Roxas St., Marikina",2026-01-22 16:31:49.486015,13907,New,customer
1277,scen_b_78@autokita-lowcost.com,e40b91,scnB_pass78,Monica,Dee,09985454959,"3479 Magsaysay St., Quezon City",2026-01-18 16:31:49.486015,14362,Loyal,customer
1278,scen_b_79@autokita-lowcost.com,ae8706,scnB_pass79,Diana,Dy,09691536737,"4021 Osmena St., Pasig City",2022-08-22 16:31:49.486015,9092,Loyal,customer
1279,scen_b_80@autokita-lowcost.com,1d86d0,scnB_pass80,Michelle,Tiu,09752877047,"5554 Osmena St., Las Pinas",2021-12-11 16:31:49.486015,8461,VIP,customer
1280,scen_b_81@autokita-lowcost.com,325cd2,scnB_pass81,Stephanie,Uy,09114530494,"3512 Mabini St., Paranaque",2021-07-13 16:31:49.486015,8339,New,customer
1281,scen_b_82@autokita-lowcost.com,406f76,scnB_pass82,Monica,Dy,09442951579,"5028 Luna St., Paranaque",2026-04-10 16:31:49.486015,10148,Loyal,customer
1282,scen_b_83@autokita-lowcost.com,602464,scnB_pass83,Christine,Ong,09152787804,"5755 Rizal St., Taguig",2017-11-22 16:31:49.486015,12934,Loyal,customer
1283,scen_b_84@autokita-lowcost.com,189c72,scnB_pass84,Angela,Uy,09361012810,"1668 Del Pilar St., Marikina",2016-09-21 16:31:49.486015,6552,VIP,customer
1284,scen_b_85@autokita-lowcost.com,d91eb4,scnB_pass85,Rebecca,King,09399982727,"1107 Del Pilar St., Makati City",2020-06-26 16:31:49.486015,11585,Regular,customer
1285,scen_b_86@autokita-lowcost.com,262ec7,scnB_pass86,Rebecca,Tiu,09173368943,"1648 Roxas St., Taguig",2023-10-13 16:31:49.486015,10588,VIP,customer
1286,scen_b_87@autokita-lowcost.com,980ad6,scnB_pass87,Monica,Tiu,09377703834,"5881 Mabini St., Marikina",2019-12-04 16:31:49.486015,12940,Loyal,customer
1287,scen_b_88@autokita-lowcost.com,310fdd,scnB_pass88,Michelle,Go,09124337578,"2796 Rizal St., Pasig City",2023-03-21 16:31:49.486015,12751,VIP,customer
1288,scen_b_89@autokita-lowcost.com,b89729,scnB_pass89,Christine,Ong,09955869800,"1555 Roxas St., Las Pinas",2022-11-27 16:31:49.486015,7403,Loyal,customer
1289,scen_b_90@autokita-lowcost.com,1a38c8,scnB_pass90,Sandra,Go,09858233950,"6017 Roxas St., Makati City",2017-01-25 16:31:49.486015,6463,VIP,customer
1290,scen_b_91@autokita-lowcost.com,8995e7,scnB_pass91,Anna,Dy,09504752748,"5532 Mabini St., Las Pinas",2020-06-15 16:31:49.486015,9360,VIP,customer
1291,scen_b_92@autokita-lowcost.com,03f6b5,scnB_pass92,Stephanie,Chua,09354183086,"1574 Luna St., Las Pinas",2021-04-02 16:31:49.486015,5846,Loyal,customer
1292,scen_b_93@autokita-lowcost.com,24f198,scnB_pass93,Christine,Dy,09124292324,"6042 Taft St., Makati City",2023-11-27 16:31:49.486015,14428,Loyal,customer
1293,scen_b_94@autokita-lowcost.com,e2ea8a,scnB_pass94,Karen,Yu,09907282610,"6304 Roxas St., Taguig",2023-10-17 16:31:49.486015,13709,Loyal,customer
1294,scen_b_95@autokita-lowcost.com,b27536,scnB_pass95,Patricia,Ang,09449760343,"3978 Mabini St., Caloocan",2021-10-07 16:31:49.486015,9000,VIP,customer
1295,scen_b_96@autokita-lowcost.com,b2fa7b,scnB_pass96,Maria,Lim,09524130292,"6113 Luna St., Mandaluyong",2023-05-14 16:31:49.486015,13334,VIP,customer
1296,scen_b_97@autokita-lowcost.com,069661,scnB_pass97,Rebecca,Uy,09159093151,"4236 Mabini St., Marikina",2022-06-28 16:31:49.486015,6529,Loyal,customer
1297,scen_b_98@autokita-lowcost.com,bd0521,scnB_pass98,Sandra,Chan,09563760765,"6669 Luna St., Las Pinas",2021-04-24 16:31:49.486015,9113,New,customer
1298,scen_b_99@autokita-lowcost.com,75018b,scnB_pass99,Angela,Go,09968101169,"6685 Luna St., Manila",2022-07-18 16:31:49.486015,13437,New,customer
1299,scen_b_100@autokita-lowcost.com,56e31c,scnB_pass100,Rebecca,Ang,09688747506,"8606 Bonifacio St., Las Pinas",2019-01-09 16:31:49.486015,9340,Loyal,customer
1300,scen_b_101@autokita-lowcost.com,f6dd00,scnB_pass101,Maria,Lim,09123184525,"7661 Bonifacio St., Caloocan",2026-03-25 16:31:49.486015,14458,VIP,customer
1301,scen_b_102@autokita-lowcost.com,493a76,scnB_pass102,Karen,Ang,09843964741,"843 Osmena St., Mandaluyong",2020-05-10 16:31:49.486015,5324,VIP,customer
1302,scen_b_103@autokita-lowcost.com,b7964b,scnB_pass103,Sandra,Tiu,09262888830,"9684 Mabini St., Caloocan",2016-12-20 16:31:49.486015,8865,VIP,customer
1303,scen_b_104@autokita-lowcost.com,558622,scnB_pass104,Christine,Chua,09658756954,"2730 Quezon St., Pasig City",2019-03-23 16:31:49.486015,5029,VIP,customer
1304,scen_b_105@autokita-lowcost.com,9d528b,scnB_pass105,Rebecca,King,09352627698,"9615 Mabini St., Quezon City",2020-04-16 16:31:49.486015,13088,Loyal,customer
1305,scen_b_106@autokita-lowcost.com,3a65cb,scnB_pass106,Melissa,King,09226395491,"7277 Luna St., Paranaque",2017-06-14 16:31:49.486015,10943,Regular,customer
1306,scen_b_107@autokita-lowcost.com,885ef6,scnB_pass107,Angela,Lee,09895509706,"8403 Quezon St., Makati City",2026-02-18 16:31:49.486015,12590,Loyal,customer
1307,scen_b_108@autokita-lowcost.com,af790a,scnB_pass108,Natalie,Ang,09555531880,"8838 Bonifacio St., Paranaque",2016-12-15 16:31:49.486015,10091,VIP,customer
1308,scen_b_109@autokita-lowcost.com,2d5c03,scnB_pass109,Jessica,Co,09664116160,"5587 Bonifacio St., Pasig City",2018-08-09 16:31:49.486015,10794,VIP,customer
1309,scen_b_110@autokita-lowcost.com,869101,scnB_pass110,Anna,Dee,09777655709,"9664 Del Pilar St., Marikina",2024-02-08 16:31:49.486015,8468,Loyal,customer
1310,scen_b_111@autokita-lowcost.com,3c347b,scnB_pass111,Monica,Ong,09277952571,"8845 Luna St., Pasig City",2023-03-06 16:31:49.486015,11329,New,customer
1311,scen_b_112@autokita-lowcost.com,5afbc3,scnB_pass112,Vanessa,Lee,09165577174,"5627 Mabini St., Manila",2018-10-12 16:31:49.486015,11562,Loyal,customer
1312,scen_b_113@autokita-lowcost.com,d344ca,scnB_pass113,Rachel,Chua,09209449409,"1984 Luna St., Pasig City",2025-08-10 16:31:49.486015,11301,Loyal,customer
1313,scen_b_114@autokita-lowcost.com,2c7602,scnB_pass114,Angela,Lim,09827757048,"9107 Quezon St., Pasig City",2021-01-08 16:31:49.486015,9347,Regular,customer
1314,scen_b_115@autokita-lowcost.com,936715,scnB_pass115,Sandra,Lim,09915872564,"8838 Osmena St., Caloocan",2024-05-13 16:31:49.486015,7565,Loyal,customer
1315,scen_b_116@autokita-lowcost.com,08cc3b,scnB_pass116,Christine,Koh,09334995375,"5328 Osmena St., Caloocan",2024-02-13 16:31:49.486015,12250,VIP,customer
1316,scen_b_117@autokita-lowcost.com,092d32,scnB_pass117,Maria,Dy,09491939243,"1924 Rizal St., Paranaque",2022-06-29 16:31:49.486015,12443,Regular,customer
1317,scen_b_118@autokita-lowcost.com,715fd0,scnB_pass118,Christine,King,09708539492,"7210 Roxas St., Marikina",2023-05-21 16:31:49.486015,13377,Loyal,customer
1318,scen_b_119@autokita-lowcost.com,10811d,scnB_pass119,Diana,Yu,09112679168,"3651 Mabini St., Makati City",2022-08-14 16:31:49.486015,5908,VIP,customer
1319,scen_b_120@autokita-lowcost.com,581aa4,scnB_pass120,Anna,Chan,09625770454,"1234 Quezon St., Caloocan",2025-07-06 16:31:49.486015,7093,VIP,customer
1320,scen_b_121@autokita-lowcost.com,36d389,scnB_pass121,Vanessa,Chan,09154043917,"4501 Del Pilar St., Paranaque",2025-11-28 16:31:49.486015,14207,Regular,customer
1321,scen_b_122@autokita-lowcost.com,c1aecb,scnB_pass122,Christine,Chua,09603473117,"3099 Rizal St., Caloocan",2026-04-13 16:31:49.486015,5838,Loyal,customer
1322,scen_b_123@autokita-lowcost.com,37f85d,scnB_pass123,Monica,Dee,09129251736,"598 Rizal St., Makati City",2022-09-27 16:31:49.486015,13225,New,customer
1323,scen_b_124@autokita-lowcost.com,72bfe8,scnB_pass124,Patricia,Koh,09742082024,"7276 Del Pilar St., Manila",2025-01-22 16:31:49.486015,10354,New,customer
1324,scen_b_125@autokita-lowcost.com,aed4c4,scnB_pass125,Christine,Sy,09867021004,"5547 Osmena St., Las Pinas",2021-10-09 16:31:49.486015,8091,New,customer
1325,scen_b_126@autokita-lowcost.com,bd670a,scnB_pass126,Maria,King,09247007199,"6493 Mabini St., Manila",2021-10-06 16:31:49.486015,13861,Loyal,customer
1326,scen_b_127@autokita-lowcost.com,11838a,scnB_pass127,Anna,Lim,09521680806,"4323 Mabini St., Manila",2016-10-08 16:31:49.486015,6191,Regular,customer
1327,scen_b_128@autokita-lowcost.com,84f1ec,scnB_pass128,Jessica,Chua,09707757226,"2314 Luna St., Las Pinas",2020-04-06 16:31:49.486015,7127,Loyal,customer
1328,scen_b_129@autokita-lowcost.com,6a35d2,scnB_pass129,Sofia,Chan,09231399692,"1732 Bonifacio St., Marikina",2022-07-01 16:31:49.486015,14847,VIP,customer
1329,scen_b_130@autokita-lowcost.com,b317ff,scnB_pass130,Michelle,Go,09926758863,"4069 Quezon St., Las Pinas",2023-03-06 16:31:49.486015,12503,VIP,customer
1330,scen_b_131@autokita-lowcost.com,33d362,scnB_pass131,Rachel,Chan,09851697859,"7244 Taft St., Marikina",2023-03-19 16:31:49.486015,10328,Loyal,customer
1331,scen_b_132@autokita-lowcost.com,d7ed7d,scnB_pass132,Stephanie,Chua,09556311615,"4173 Roxas St., Las Pinas",2019-10-01 16:31:49.486015,7756,VIP,customer
1332,scen_b_133@autokita-lowcost.com,2c449b,scnB_pass133,Melissa,Sia,09893192040,"2392 Roxas St., Quezon City",2020-07-18 16:31:49.486015,10855,VIP,customer
1333,scen_b_134@autokita-lowcost.com,4e07c5,scnB_pass134,Maria,Dy,09469115484,"1033 Rizal St., Las Pinas",2018-08-03 16:31:49.486015,14534,VIP,customer
1334,scen_b_135@autokita-lowcost.com,ca8d7e,scnB_pass135,Vanessa,Tiu,09146042330,"2620 Rizal St., Taguig",2021-06-11 16:31:49.486015,12871,New,customer
1335,scen_b_136@autokita-lowcost.com,debc12,scnB_pass136,Karen,Yu,09578940804,"509 Rizal St., Las Pinas",2017-12-11 16:31:49.486015,9885,Loyal,customer
1336,scen_b_137@autokita-lowcost.com,c07f2c,scnB_pass137,Karen,Co,09754717891,"6496 Mabini St., Pasig City",2020-01-08 16:31:49.486015,6335,VIP,customer
1337,scen_b_138@autokita-lowcost.com,7318f0,scnB_pass138,Rebecca,Dee,09414532802,"4346 Quezon St., Las Pinas",2022-06-26 16:31:49.486015,9723,Loyal,customer
1338,scen_b_139@autokita-lowcost.com,2d52c2,scnB_pass139,Karen,Ang,09954553649,"6394 Quezon St., Taguig",2017-09-06 16:31:49.486015,9493,Loyal,customer
1339,scen_b_140@autokita-lowcost.com,3262d4,scnB_pass140,Melissa,Tan,09934274659,"8702 Mabini St., Paranaque",2016-08-20 16:31:49.486015,6692,New,customer
1340,scen_b_141@autokita-lowcost.com,886e8b,scnB_pass141,Jessica,Lee,09563019975,"2222 Del Pilar St., Las Pinas",2018-01-02 16:31:49.486015,5034,Regular,customer
1341,scen_b_142@autokita-lowcost.com,e317bb,scnB_pass142,Sofia,Yu,09739340927,"6831 Del Pilar St., Taguig",2025-09-14 16:31:49.486015,7936,Regular,customer
1342,scen_b_143@autokita-lowcost.com,a1b5d6,scnB_pass143,Sandra,Dy,09486852363,"8043 Luna St., Mandaluyong",2026-06-09 16:31:49.486015,14840,Regular,customer
1343,scen_b_144@autokita-lowcost.com,35219b,scnB_pass144,Patricia,Uy,09354732891,"7658 Osmena St., Las Pinas",2019-12-24 16:31:49.486015,12667,Loyal,customer
1344,scen_b_145@autokita-lowcost.com,8ec02b,scnB_pass145,Christine,Ang,09934514272,"5164 Rizal St., Marikina",2017-01-13 16:31:49.486015,8520,VIP,customer
1345,scen_b_146@autokita-lowcost.com,f17b1a,scnB_pass146,Natalie,Chan,09823244377,"7507 Magsaysay St., Taguig",2019-06-15 16:31:49.486015,13073,Loyal,customer
1346,scen_b_147@autokita-lowcost.com,b4d8d6,scnB_pass147,Sofia,Go,09156206703,"7821 Del Pilar St., Caloocan",2024-04-17 16:31:49.486015,13740,Loyal,customer
1347,scen_b_148@autokita-lowcost.com,e0186f,scnB_pass148,Christine,Lim,09422222253,"8563 Mabini St., Makati City",2025-08-26 16:31:49.486015,8998,Loyal,customer
1348,scen_b_149@autokita-lowcost.com,284743,scnB_pass149,Anna,King,09277816706,"7377 Del Pilar St., Makati City",2018-12-14 16:31:49.486015,10225,VIP,customer
1349,scen_b_150@autokita-lowcost.com,a76e90,scnB_pass150,Anna,Lee,09504197575,"387 Luna St., Caloocan",2025-06-25 16:31:49.486015,11637,Loyal,customer
1350,scen_b_151@autokita-lowcost.com,0358a7,scnB_pass151,Diana,Uy,09499432558,"4056 Roxas St., Paranaque",2018-02-08 16:31:49.486015,6549,New,customer
1351,scen_b_152@autokita-lowcost.com,b221cf,scnB_pass152,Monica,Lim,09203626152,"1389 Mabini St., Marikina",2018-10-05 16:31:49.486015,12247,Loyal,customer
1352,scen_b_153@autokita-lowcost.com,95abc5,scnB_pass153,Monica,Go,09498706010,"6701 Magsaysay St., Manila",2024-06-15 16:31:49.486015,9290,VIP,customer
1353,scen_b_154@autokita-lowcost.com,95e06f,scnB_pass154,Vanessa,Chan,09131236057,"8131 Rizal St., Makati City",2024-10-27 16:31:49.486015,11554,Loyal,customer
1354,scen_b_155@autokita-lowcost.com,b52082,scnB_pass155,Rebecca,Dy,09735916214,"5694 Magsaysay St., Makati City",2026-06-22 16:31:49.486015,7217,Loyal,customer
1355,scen_b_156@autokita-lowcost.com,abd77a,scnB_pass156,Jessica,Sia,09791082900,"6494 Osmena St., Las Pinas",2017-08-16 16:31:49.486015,13914,New,customer
1356,scen_b_157@autokita-lowcost.com,fea0c7,scnB_pass157,Monica,Uy,09329938635,"3745 Magsaysay St., Mandaluyong",2021-03-13 16:31:49.486015,9490,VIP,customer
1357,scen_b_158@autokita-lowcost.com,78a208,scnB_pass158,Stephanie,Yu,09504671807,"3543 Mabini St., Mandaluyong",2019-11-28 16:31:49.486015,5142,Regular,customer
1358,scen_b_159@autokita-lowcost.com,bcbb27,scnB_pass159,Patricia,Uy,09393878100,"5676 Taft St., Pasig City",2017-09-29 16:31:49.486015,12241,Loyal,customer
1359,scen_b_160@autokita-lowcost.com,44d13f,scnB_pass160,Stephanie,Uy,09522582942,"8238 Bonifacio St., Pasig City",2024-05-31 16:31:49.486015,14772,Regular,customer
1360,scen_b_161@autokita-lowcost.com,3dd67e,scnB_pass161,Rebecca,Ong,09904670956,"790 Luna St., Las Pinas",2016-12-18 16:31:49.486015,11910,New,customer
1361,scen_b_162@autokita-lowcost.com,a109f7,scnB_pass162,Diana,Tan,09711024710,"1735 Rizal St., Las Pinas",2022-11-22 16:31:49.486015,9078,Loyal,customer
1362,scen_b_163@autokita-lowcost.com,c87332,scnB_pass163,Karen,Sy,09501282834,"8142 Osmena St., Marikina",2016-11-07 16:31:49.486015,13843,VIP,customer
1363,scen_b_164@autokita-lowcost.com,3a7a9f,scnB_pass164,Patricia,Tan,09759167722,"1557 Bonifacio St., Makati City",2019-10-14 16:31:49.486015,10634,Loyal,customer
1364,scen_b_165@autokita-lowcost.com,a0f19b,scnB_pass165,Monica,Chan,09749945533,"8078 Magsaysay St., Makati City",2023-12-09 16:31:49.486015,10430,New,customer
1365,scen_b_166@autokita-lowcost.com,a422e7,scnB_pass166,Anna,King,09846916052,"30 Bonifacio St., Caloocan",2025-12-25 16:31:49.486015,8176,New,customer
1366,scen_b_167@autokita-lowcost.com,6c8988,scnB_pass167,Stephanie,King,09956212822,"498 Mabini St., Caloocan",2026-04-19 16:31:49.486015,8532,Regular,customer
1367,scen_b_168@autokita-lowcost.com,c6ae88,scnB_pass168,Sofia,Lee,09379639978,"4248 Bonifacio St., Manila",2017-02-03 16:31:49.486015,11868,VIP,customer
1368,scen_b_169@autokita-lowcost.com,2e5b43,scnB_pass169,Vanessa,Co,09298548090,"4108 Del Pilar St., Mandaluyong",2017-02-19 16:31:49.486015,14351,New,customer
1369,scen_b_170@autokita-lowcost.com,39cb74,scnB_pass170,Anna,Lim,09796096296,"6491 Taft St., Mandaluyong",2021-08-01 16:31:49.486015,10705,New,customer
1370,scen_b_171@autokita-lowcost.com,55159d,scnB_pass171,Patricia,Lee,09814842655,"7311 Roxas St., Manila",2018-02-24 16:31:49.486015,14931,Loyal,customer
1371,scen_b_172@autokita-lowcost.com,6d52e3,scnB_pass172,Diana,Co,09274934653,"391 Mabini St., Marikina",2017-08-22 16:31:49.486015,6829,VIP,customer
1372,scen_b_173@autokita-lowcost.com,8d025d,scnB_pass173,Sofia,Sia,09517912429,"9839 Magsaysay St., Quezon City",2018-03-10 16:31:49.486015,10076,VIP,customer
1373,scen_b_174@autokita-lowcost.com,427582,scnB_pass174,Monica,Lim,09298002412,"8889 Osmena St., Manila",2017-08-24 16:31:49.486015,10120,Regular,customer
1374,scen_b_175@autokita-lowcost.com,56b9cd,scnB_pass175,Maria,Yu,09675172732,"4639 Rizal St., Marikina",2023-12-02 16:31:49.486015,13744,New,customer
1375,scen_b_176@autokita-lowcost.com,13b5d6,scnB_pass176,Karen,Lim,09213540023,"8368 Roxas St., Taguig",2018-03-08 16:31:49.486015,11504,Regular,customer
1376,scen_b_177@autokita-lowcost.com,267057,scnB_pass177,Michelle,Chua,09329440303,"4466 Bonifacio St., Paranaque",2024-11-02 16:31:49.486015,11308,Loyal,customer
1377,scen_b_178@autokita-lowcost.com,d01c13,scnB_pass178,Karen,Sia,09697776833,"7663 Magsaysay St., Paranaque",2022-07-13 16:31:49.486015,5405,Loyal,customer
1378,scen_b_179@autokita-lowcost.com,33160f,scnB_pass179,Sofia,Dy,09341281472,"5089 Roxas St., Las Pinas",2024-06-20 16:31:49.486015,5855,Regular,customer
1379,scen_b_180@autokita-lowcost.com,7ac3eb,scnB_pass180,Melissa,Sia,09345605586,"4343 Rizal St., Quezon City",2026-04-01 16:31:49.486015,8154,Loyal,customer
1380,scen_b_181@autokita-lowcost.com,fda872,scnB_pass181,Anna,Yu,09553542702,"2892 Del Pilar St., Makati City",2019-02-23 16:31:49.486015,10343,Loyal,customer
1381,scen_b_182@autokita-lowcost.com,5fae13,scnB_pass182,Rebecca,Uy,09749260867,"3302 Mabini St., Paranaque",2022-11-18 16:31:49.486015,9742,Regular,customer
1382,scen_b_183@autokita-lowcost.com,10af55,scnB_pass183,Diana,Lim,09222447283,"7392 Taft St., Caloocan",2025-07-26 16:31:49.486015,9727,Loyal,customer
1383,scen_b_184@autokita-lowcost.com,68f682,scnB_pass184,Vanessa,Lee,09538209348,"2531 Bonifacio St., Pasig City",2021-03-10 16:31:49.486015,8825,Regular,customer
1384,scen_b_185@autokita-lowcost.com,cfc9b8,scnB_pass185,Patricia,Ang,09465064572,"5828 Del Pilar St., Mandaluyong",2018-06-25 16:31:49.486015,5213,Regular,customer
1385,scen_b_186@autokita-lowcost.com,3af79c,scnB_pass186,Monica,Ong,09717006048,"3736 Rizal St., Marikina",2024-09-16 16:31:49.486015,9044,Loyal,customer
1386,scen_b_187@autokita-lowcost.com,fa49e7,scnB_pass187,Michelle,King,09213335475,"9319 Quezon St., Las Pinas",2025-12-19 16:31:49.486015,6274,Loyal,customer
1387,scen_b_188@autokita-lowcost.com,d3756f,scnB_pass188,Jessica,Sia,09153794335,"4378 Osmena St., Taguig",2019-10-02 16:31:49.486015,5533,Regular,customer
1388,scen_b_189@autokita-lowcost.com,da4aaa,scnB_pass189,Jessica,Dee,09629420508,"2330 Taft St., Caloocan",2020-09-12 16:31:49.486015,10150,Regular,customer
1389,scen_b_190@autokita-lowcost.com,8016c1,scnB_pass190,Angela,Chua,09934497101,"5887 Roxas St., Las Pinas",2022-12-28 16:31:49.486015,11590,VIP,customer
1390,scen_b_191@autokita-lowcost.com,6c93b2,scnB_pass191,Natalie,Co,09251903087,"664 Rizal St., Manila",2017-04-13 16:31:49.486015,11674,Loyal,customer
1391,scen_b_192@autokita-lowcost.com,9d9df4,scnB_pass192,Sandra,Uy,09866632618,"6916 Taft St., Paranaque",2019-04-09 16:31:49.486015,9398,Regular,customer
1392,scen_b_193@autokita-lowcost.com,42ebd5,scnB_pass193,Karen,Chan,09948896298,"2647 Quezon St., Taguig",2020-01-09 16:31:49.486015,11316,VIP,customer
1393,scen_b_194@autokita-lowcost.com,313fc2,scnB_pass194,Michelle,Co,09646817620,"5146 Magsaysay St., Manila",2023-10-09 16:31:49.486015,9123,New,customer
1394,scen_b_195@autokita-lowcost.com,ced447,scnB_pass195,Natalie,Sia,09219449057,"167 Quezon St., Pasig City",2017-04-29 16:31:49.486015,10909,New,customer
1395,scen_b_196@autokita-lowcost.com,545547,scnB_pass196,Michelle,Lim,09519497893,"873 Bonifacio St., Marikina",2023-01-26 16:31:49.486015,6238,New,customer
1396,scen_b_197@autokita-lowcost.com,7ff330,scnB_pass197,Melissa,Sy,09638859417,"6126 Bonifacio St., Taguig",2018-08-31 16:31:49.486015,7546,VIP,customer
1397,scen_b_198@autokita-lowcost.com,ce0487,scnB_pass198,Vanessa,Lim,09373008788,"7359 Roxas St., Caloocan",2020-05-05 16:31:49.486015,5144,Loyal,customer
1398,scen_b_199@autokita-lowcost.com,5e35e9,scnB_pass199,Monica,Koh,09308832333,"2335 Del Pilar St., Quezon City",2017-11-05 16:31:49.486015,8439,VIP,customer
1399,scen_b_200@autokita-lowcost.com,152502,scnB_pass200,Monica,Ong,09561348721,"6148 Osmena St., Marikina",2026-03-17 16:31:49.486015,8964,Loyal,customer
1400,scen_b_201@autokita-lowcost.com,1addcd,scnB_pass201,Karen,Sy,09544763597,"1462 Osmena St., Manila",2026-04-02 16:31:49.486015,8187,New,customer
1401,scen_b_202@autokita-lowcost.com,759d8f,scnB_pass202,Jessica,Go,09165272482,"762 Rizal St., Paranaque",2022-12-24 16:31:49.486015,11257,VIP,customer
1402,scen_b_203@autokita-lowcost.com,84042e,scnB_pass203,Vanessa,Ong,09925708112,"9942 Mabini St., Manila",2019-02-06 16:31:49.486015,8338,Regular,customer
1403,scen_b_204@autokita-lowcost.com,d35a7c,scnB_pass204,Patricia,Ong,09524939397,"496 Quezon St., Las Pinas",2017-12-31 16:31:49.486015,9755,New,customer
1404,scen_b_205@autokita-lowcost.com,585280,scnB_pass205,Michelle,Dy,09921923241,"2692 Roxas St., Quezon City",2024-03-13 16:31:49.486015,5815,Loyal,customer
1405,scen_b_206@autokita-lowcost.com,84219d,scnB_pass206,Angela,Sia,09982946488,"2392 Luna St., Taguig",2024-07-07 16:31:49.486015,11653,VIP,customer
1406,scen_b_207@autokita-lowcost.com,75ad5d,scnB_pass207,Karen,Tan,09634260643,"8069 Quezon St., Manila",2023-05-13 16:31:49.486015,11532,Loyal,customer
1407,scen_b_208@autokita-lowcost.com,a82c0c,scnB_pass208,Christine,Lee,09643567007,"7427 Roxas St., Mandaluyong",2023-09-17 16:31:49.486015,14296,Loyal,customer
1408,scen_b_209@autokita-lowcost.com,5c883c,scnB_pass209,Natalie,Sia,09308347255,"1405 Del Pilar St., Mandaluyong",2024-04-11 16:31:49.486015,8373,Loyal,customer
1409,scen_b_210@autokita-lowcost.com,ad381e,scnB_pass210,Christine,Dy,09283294638,"5657 Mabini St., Makati City",2021-09-20 16:31:49.486015,9086,New,customer
1410,scen_b_211@autokita-lowcost.com,1a56ef,scnB_pass211,Christine,Tan,09502524231,"5961 Luna St., Pasig City",2017-04-19 16:31:49.486015,5468,New,customer
1411,scen_b_212@autokita-lowcost.com,15c787,scnB_pass212,Rachel,Yu,09323845208,"5460 Osmena St., Taguig",2019-04-11 16:31:49.486015,6069,Loyal,customer
1412,scen_b_213@autokita-lowcost.com,6dc0fd,scnB_pass213,Sandra,Chan,09352409154,"2909 Roxas St., Taguig",2023-05-31 16:31:49.486015,5125,Loyal,customer
1413,scen_b_214@autokita-lowcost.com,03ce23,scnB_pass214,Stephanie,Tiu,09395273673,"9025 Osmena St., Pasig City",2022-01-05 16:31:49.486015,6647,Regular,customer
1414,scen_b_215@autokita-lowcost.com,0b657e,scnB_pass215,Michelle,Lee,09669581962,"5119 Taft St., Las Pinas",2019-06-13 16:31:49.486015,9855,VIP,customer
1415,scen_b_216@autokita-lowcost.com,ab44a3,scnB_pass216,Patricia,Sia,09476062127,"2708 Del Pilar St., Marikina",2021-07-29 16:31:49.486015,11545,VIP,customer
1416,scen_b_217@autokita-lowcost.com,2790d1,scnB_pass217,Rachel,Dee,09118804158,"5427 Taft St., Las Pinas",2024-06-17 16:31:49.486015,5135,Loyal,customer
1417,scen_b_218@autokita-lowcost.com,c76e3a,scnB_pass218,Rachel,Go,09614611760,"4611 Del Pilar St., Caloocan",2023-10-20 16:31:49.486015,11036,Regular,customer
1418,scen_b_219@autokita-lowcost.com,662d02,scnB_pass219,Sandra,Sy,09846861269,"7640 Quezon St., Manila",2024-08-16 16:31:49.486015,13742,VIP,customer
1419,scen_b_220@autokita-lowcost.com,f317d0,scnB_pass220,Monica,Lim,09806566109,"9531 Luna St., Marikina",2017-03-16 16:31:49.486015,13619,VIP,customer
1420,scen_b_221@autokita-lowcost.com,f385b1,scnB_pass221,Anna,Dee,09967251122,"1388 Del Pilar St., Taguig",2021-09-11 16:31:49.486015,7794,Regular,customer
1421,scen_b_222@autokita-lowcost.com,6095f3,scnB_pass222,Monica,King,09668395919,"1413 Quezon St., Quezon City",2017-09-20 16:31:49.486015,5377,VIP,customer
1422,scen_b_223@autokita-lowcost.com,2489af,scnB_pass223,Monica,Go,09874055028,"781 Rizal St., Pasig City",2019-08-06 16:31:49.486015,12802,VIP,customer
1423,scen_b_224@autokita-lowcost.com,ca7ce5,scnB_pass224,Angela,Koh,09775289635,"656 Osmena St., Caloocan",2018-08-12 16:31:49.486015,10321,VIP,customer
1424,scen_b_225@autokita-lowcost.com,4c28fa,scnB_pass225,Monica,Co,09248231575,"6016 Luna St., Manila",2020-06-25 16:31:49.486015,13171,New,customer
1425,scen_b_226@autokita-lowcost.com,4abbaf,scnB_pass226,Stephanie,Sy,09725407660,"5370 Osmena St., Paranaque",2024-06-25 16:31:49.486015,10178,Loyal,customer
1426,scen_b_227@autokita-lowcost.com,36ec50,scnB_pass227,Stephanie,Uy,09313828376,"1123 Rizal St., Marikina",2024-09-07 16:31:49.486015,13517,VIP,customer
1427,scen_b_228@autokita-lowcost.com,4aba15,scnB_pass228,Melissa,Lim,09767012580,"5325 Magsaysay St., Taguig",2023-06-29 16:31:49.486015,7918,Loyal,customer
1428,scen_b_229@autokita-lowcost.com,e48c8c,scnB_pass229,Karen,Ong,09792051053,"2356 Mabini St., Las Pinas",2021-03-15 16:31:49.486015,6492,VIP,customer
1429,scen_b_230@autokita-lowcost.com,835184,scnB_pass230,Karen,Tiu,09231798693,"6135 Mabini St., Makati City",2022-10-17 16:31:49.486015,12747,VIP,customer
1430,scen_b_231@autokita-lowcost.com,ad739f,scnB_pass231,Maria,Tan,09641553841,"375 Luna St., Manila",2023-11-25 16:31:49.486015,12681,New,customer
1431,scen_b_232@autokita-lowcost.com,e23a76,scnB_pass232,Natalie,Chua,09791682443,"4101 Quezon St., Manila",2026-05-26 16:31:49.486015,11550,Regular,customer
1432,scen_b_233@autokita-lowcost.com,5ca1e6,scnB_pass233,Monica,Ong,09786863734,"490 Roxas St., Caloocan",2021-11-29 16:31:49.486015,14442,VIP,customer
1433,scen_b_234@autokita-lowcost.com,5b0c96,scnB_pass234,Jessica,Ang,09903202827,"1085 Magsaysay St., Las Pinas",2019-10-16 16:31:49.486015,9286,New,customer
1434,scen_b_235@autokita-lowcost.com,480827,scnB_pass235,Sandra,Co,09148623016,"7478 Bonifacio St., Mandaluyong",2022-09-25 16:31:49.486015,11648,Loyal,customer
1435,scen_b_236@autokita-lowcost.com,29ff5c,scnB_pass236,Sandra,Lee,09293512606,"5812 Rizal St., Quezon City",2018-01-29 16:31:49.486015,14970,VIP,customer
1436,scen_b_237@autokita-lowcost.com,e98a53,scnB_pass237,Christine,Sia,09974947264,"2617 Mabini St., Pasig City",2019-06-07 16:31:49.486015,8536,VIP,customer
1437,scen_b_238@autokita-lowcost.com,e9523b,scnB_pass238,Christine,Uy,09706336546,"1029 Osmena St., Manila",2016-11-16 16:31:49.486015,6856,Loyal,customer
1438,scen_b_239@autokita-lowcost.com,e6d569,scnB_pass239,Melissa,Dy,09379700364,"18 Mabini St., Manila",2024-08-29 16:31:49.486015,12790,VIP,customer
1439,scen_b_240@autokita-lowcost.com,e7d496,scnB_pass240,Melissa,Sy,09521722033,"6953 Roxas St., Las Pinas",2023-10-29 16:31:49.486015,9942,Loyal,customer
1440,scen_b_241@autokita-lowcost.com,bec203,scnB_pass241,Anna,Koh,09744574817,"5046 Luna St., Manila",2019-04-20 16:31:49.486015,8108,Loyal,customer
1441,scen_b_242@autokita-lowcost.com,02de8e,scnB_pass242,Vanessa,Lee,09995306060,"9282 Osmena St., Taguig",2019-10-01 16:31:49.486015,7342,Regular,customer
1442,scen_b_243@autokita-lowcost.com,6a4603,scnB_pass243,Monica,Lim,09163479264,"173 Luna St., Las Pinas",2022-09-14 16:31:49.486015,6449,VIP,customer
1443,scen_b_244@autokita-lowcost.com,471972,scnB_pass244,Angela,Tiu,09447358094,"4793 Quezon St., Makati City",2016-10-03 16:31:49.486015,5498,Loyal,customer
1444,scen_b_245@autokita-lowcost.com,235da6,scnB_pass245,Monica,Uy,09887238266,"5148 Osmena St., Caloocan",2019-01-18 16:31:49.486015,8426,VIP,customer
1445,scen_b_246@autokita-lowcost.com,2c1a31,scnB_pass246,Christine,King,09256939061,"6243 Taft St., Quezon City",2018-07-08 16:31:49.486015,10934,VIP,customer
1446,scen_b_247@autokita-lowcost.com,9a3eed,scnB_pass247,Patricia,Tiu,09101717324,"7458 Quezon St., Caloocan",2023-10-19 16:31:49.486015,11910,VIP,customer
1447,scen_b_248@autokita-lowcost.com,884e36,scnB_pass248,Michelle,Ong,09127604810,"84 Bonifacio St., Makati City",2018-01-20 16:31:49.486015,14473,Loyal,customer
1448,scen_b_249@autokita-lowcost.com,ae8374,scnB_pass249,Michelle,Lee,09492109266,"2449 Rizal St., Las Pinas",2022-10-23 16:31:49.486015,10834,Loyal,customer
1449,scen_b_250@autokita-lowcost.com,cd7293,scnB_pass250,Stephanie,Yu,09961572117,"7322 Roxas St., Makati City",2020-07-14 16:31:49.486015,8113,Loyal,customer
1450,scen_b_251@autokita-lowcost.com,8a4871,scnB_pass251,Michelle,Lee,09864358684,"7593 Magsaysay St., Makati City",2017-01-31 16:31:49.486015,7008,Loyal,customer
1451,scen_b_252@autokita-lowcost.com,01255a,scnB_pass252,Sofia,Uy,09757870017,"281 Rizal St., Las Pinas",2018-09-10 16:31:49.486015,7645,New,customer
1452,scen_b_253@autokita-lowcost.com,117fe9,scnB_pass253,Rachel,Lee,09803292387,"9614 Bonifacio St., Makati City",2020-12-31 16:31:49.486015,5927,VIP,customer
1453,scen_b_254@autokita-lowcost.com,f7395b,scnB_pass254,Monica,Go,09657505554,"7302 Osmena St., Makati City",2017-11-09 16:31:49.486015,11533,Regular,customer
1454,scen_b_255@autokita-lowcost.com,b7d9b8,scnB_pass255,Rebecca,Co,09238571228,"5926 Taft St., Mandaluyong",2016-08-08 16:31:49.486015,7374,New,customer
1455,scen_b_256@autokita-lowcost.com,f10ffb,scnB_pass256,Christine,Chua,09925125756,"9257 Luna St., Makati City",2022-05-23 16:31:49.486015,14839,Loyal,customer
1456,scen_b_257@autokita-lowcost.com,820ed9,scnB_pass257,Maria,Chan,09859918825,"1488 Magsaysay St., Caloocan",2022-10-02 16:31:49.486015,12401,Regular,customer
1457,scen_b_258@autokita-lowcost.com,339a7d,scnB_pass258,Rachel,Yu,09105675204,"4350 Osmena St., Quezon City",2019-11-16 16:31:49.486015,12122,Loyal,customer
1458,scen_b_259@autokita-lowcost.com,67fe27,scnB_pass259,Melissa,Uy,09179321046,"931 Magsaysay St., Taguig",2025-08-07 16:31:49.486015,11483,Regular,customer
1459,scen_b_260@autokita-lowcost.com,8fe539,scnB_pass260,Patricia,Dee,09785071299,"3431 Roxas St., Makati City",2022-08-23 16:31:49.486015,5633,VIP,customer
1460,scen_b_261@autokita-lowcost.com,888ca1,scnB_pass261,Stephanie,Uy,09883974586,"2791 Roxas St., Mandaluyong",2025-11-23 16:31:49.486015,8728,Loyal,customer
1461,scen_b_262@autokita-lowcost.com,eec01f,scnB_pass262,Angela,Sia,09825769762,"3183 Del Pilar St., Pasig City",2020-09-11 16:31:49.486015,11989,Loyal,customer
1462,scen_b_263@autokita-lowcost.com,21b9c7,scnB_pass263,Maria,Ang,09587829861,"1197 Magsaysay St., Mandaluyong",2017-10-28 16:31:49.486015,9957,VIP,customer
1463,scen_b_264@autokita-lowcost.com,b981eb,scnB_pass264,Angela,Uy,09303780815,"6277 Quezon St., Manila",2021-11-13 16:31:49.486015,9910,VIP,customer
1464,scen_b_265@autokita-lowcost.com,a7ffde,scnB_pass265,Natalie,Chua,09488751378,"7141 Rizal St., Makati City",2016-09-06 16:31:49.486015,12227,Loyal,customer
1465,scen_b_266@autokita-lowcost.com,9b9707,scnB_pass266,Monica,Tan,09117452425,"1036 Magsaysay St., Quezon City",2020-06-07 16:31:49.486015,12357,VIP,customer
1466,scen_b_267@autokita-lowcost.com,2456de,scnB_pass267,Angela,Tiu,09372659876,"9797 Quezon St., Pasig City",2025-01-31 16:31:49.486015,6150,Regular,customer
1467,scen_b_268@autokita-lowcost.com,505760,scnB_pass268,Sofia,Sia,09187790965,"238 Del Pilar St., Paranaque",2025-10-09 16:31:49.486015,12706,New,customer
1468,scen_b_269@autokita-lowcost.com,f6c2a7,scnB_pass269,Anna,Co,09752053618,"1721 Taft St., Paranaque",2021-02-17 16:31:49.486015,5021,New,customer
1469,scen_b_270@autokita-lowcost.com,338ba7,scnB_pass270,Angela,Go,09945538103,"9608 Taft St., Paranaque",2026-03-21 16:31:49.486015,13678,Regular,customer
1470,scen_b_271@autokita-lowcost.com,dc6bf9,scnB_pass271,Michelle,Ong,09806639235,"9562 Bonifacio St., Pasig City",2017-10-27 16:31:49.486015,8584,Loyal,customer
1471,scen_b_272@autokita-lowcost.com,1c005e,scnB_pass272,Angela,Lee,09595552793,"3229 Luna St., Las Pinas",2025-09-12 16:31:49.486015,10261,Loyal,customer
1472,scen_b_273@autokita-lowcost.com,f16532,scnB_pass273,Rachel,Yu,09583609861,"4583 Osmena St., Marikina",2021-11-24 16:31:49.486015,12614,New,customer
1473,scen_b_274@autokita-lowcost.com,c22746,scnB_pass274,Christine,King,09817682036,"425 Mabini St., Las Pinas",2018-01-18 16:31:49.486015,14141,VIP,customer
1474,scen_b_275@autokita-lowcost.com,059330,scnB_pass275,Rebecca,Dy,09856564236,"3548 Quezon St., Pasig City",2020-07-27 16:31:49.486015,7772,VIP,customer
1475,scen_b_276@autokita-lowcost.com,478217,scnB_pass276,Stephanie,Koh,09372730781,"9381 Bonifacio St., Taguig",2021-03-27 16:31:49.486015,9491,VIP,customer
1476,scen_b_277@autokita-lowcost.com,bad0fc,scnB_pass277,Natalie,Tiu,09752725351,"632 Roxas St., Manila",2023-05-11 16:31:49.486015,13872,VIP,customer
1477,scen_b_278@autokita-lowcost.com,ebe037,scnB_pass278,Patricia,Go,09732761149,"8984 Del Pilar St., Caloocan",2026-02-27 16:31:49.486015,8931,Loyal,customer
1478,scen_b_279@autokita-lowcost.com,c0d746,scnB_pass279,Melissa,Co,09856767806,"7070 Quezon St., Las Pinas",2024-04-18 16:31:49.486015,6382,VIP,customer
1479,scen_b_280@autokita-lowcost.com,7a8486,scnB_pass280,Sandra,Dee,09425848876,"1866 Del Pilar St., Paranaque",2018-11-08 16:31:49.486015,7890,New,customer
1480,scen_b_281@autokita-lowcost.com,c2d59a,scnB_pass281,Sandra,Sy,09219725897,"7294 Roxas St., Quezon City",2024-10-20 16:31:49.486015,6080,New,customer
1481,scen_b_282@autokita-lowcost.com,252ab6,scnB_pass282,Monica,Uy,09331809690,"4331 Del Pilar St., Quezon City",2021-11-24 16:31:49.486015,5029,Loyal,customer
1482,scen_b_283@autokita-lowcost.com,45920b,scnB_pass283,Patricia,Tiu,09592844842,"2504 Rizal St., Las Pinas",2022-07-25 16:31:49.486015,7852,Regular,customer
1483,scen_b_284@autokita-lowcost.com,2f0385,scnB_pass284,Vanessa,Tiu,09728944037,"8795 Quezon St., Paranaque",2020-07-22 16:31:49.486015,8600,Loyal,customer
1484,scen_b_285@autokita-lowcost.com,5b4168,scnB_pass285,Jessica,Tiu,09466280210,"5524 Luna St., Quezon City",2019-01-04 16:31:49.486015,6195,New,customer
1485,scen_b_286@autokita-lowcost.com,4b65b4,scnB_pass286,Rebecca,Tiu,09698985075,"431 Rizal St., Mandaluyong",2018-03-07 16:31:49.486015,13999,Loyal,customer
1486,scen_b_287@autokita-lowcost.com,1c484d,scnB_pass287,Sandra,Lim,09567509401,"7927 Luna St., Caloocan",2026-04-20 16:31:49.486015,12129,VIP,customer
1487,scen_b_288@autokita-lowcost.com,7d5d21,scnB_pass288,Christine,Sia,09236327480,"1188 Magsaysay St., Pasig City",2022-04-12 16:31:49.486015,8000,Loyal,customer
1488,scen_b_289@autokita-lowcost.com,e3ba12,scnB_pass289,Christine,Dee,09159141115,"5193 Del Pilar St., Marikina",2026-03-13 16:31:49.486015,10671,Loyal,customer
1489,scen_b_290@autokita-lowcost.com,479d4f,scnB_pass290,Maria,Koh,09633288797,"3754 Bonifacio St., Las Pinas",2018-12-20 16:31:49.486015,10525,Loyal,customer
1490,scen_b_291@autokita-lowcost.com,cd9fae,scnB_pass291,Sofia,Lee,09868066401,"5814 Magsaysay St., Mandaluyong",2024-11-07 16:31:49.486015,12199,New,customer
1491,scen_b_292@autokita-lowcost.com,f61478,scnB_pass292,Rachel,Yu,09232560258,"4320 Taft St., Makati City",2017-03-27 16:31:49.486015,6940,Regular,customer
1492,scen_b_293@autokita-lowcost.com,4c9929,scnB_pass293,Diana,Chan,09316223499,"9944 Roxas St., Makati City",2024-09-18 16:31:49.486015,13668,VIP,customer
1493,scen_b_294@autokita-lowcost.com,9a801c,scnB_pass294,Karen,Chan,09762257105,"8781 Roxas St., Las Pinas",2019-02-21 16:31:49.486015,6392,Regular,customer
1494,scen_b_295@autokita-lowcost.com,25ee80,scnB_pass295,Michelle,Co,09763461208,"6091 Quezon St., Marikina",2023-04-28 16:31:49.486015,13743,New,customer
1495,scen_b_296@autokita-lowcost.com,ba2901,scnB_pass296,Rebecca,Chua,09413894589,"7673 Taft St., Manila",2026-01-11 16:31:49.486015,7862,VIP,customer
1496,scen_b_297@autokita-lowcost.com,c41f97,scnB_pass297,Rebecca,Tiu,09734792123,"588 Bonifacio St., Quezon City",2022-05-10 16:31:49.486015,13225,Loyal,customer
1497,scen_b_298@autokita-lowcost.com,1055b5,scnB_pass298,Christine,Uy,09661968544,"1364 Rizal St., Quezon City",2018-01-14 16:31:49.486015,5594,Loyal,customer
1498,scen_b_299@autokita-lowcost.com,070950,scnB_pass299,Natalie,Sy,09172720878,"8555 Rizal St., Paranaque",2021-09-05 16:31:49.486015,13707,Loyal,customer
1499,scen_b_300@autokita-lowcost.com,54f621,scnB_pass300,Melissa,Ang,09956568035,"3851 Del Pilar St., Paranaque",2017-11-08 16:31:49.486015,12814,VIP,customer
1500,scen_b_301@autokita-lowcost.com,616649,scnB_pass301,Karen,Chua,09489726201,"638 Quezon St., Manila",2018-05-20 16:31:49.486015,8516,Loyal,customer
1501,scen_b_302@autokita-lowcost.com,ad4bb1,scnB_pass302,Diana,Uy,09342288894,"1503 Luna St., Las Pinas",2018-09-29 16:31:49.486015,5206,Regular,customer
1502,scen_b_303@autokita-lowcost.com,f73b3b,scnB_pass303,Stephanie,Sia,09166045757,"8897 Osmena St., Caloocan",2020-08-14 16:31:49.486015,7124,VIP,customer
1503,scen_b_304@autokita-lowcost.com,814a75,scnB_pass304,Patricia,Dee,09853727031,"4557 Luna St., Las Pinas",2025-08-20 16:31:49.486015,12833,VIP,customer
1504,scen_b_305@autokita-lowcost.com,766046,scnB_pass305,Sofia,Sy,09974920738,"5224 Del Pilar St., Las Pinas",2024-04-09 16:31:49.486015,5112,Regular,customer
1505,scen_b_306@autokita-lowcost.com,8df05d,scnB_pass306,Sandra,Dee,09795413466,"9036 Mabini St., Las Pinas",2022-04-22 16:31:49.486015,13163,Regular,customer
1506,scen_b_307@autokita-lowcost.com,684e99,scnB_pass307,Natalie,Dee,09189607513,"1055 Luna St., Taguig",2019-05-07 16:31:49.486015,7504,Regular,customer
1507,scen_b_308@autokita-lowcost.com,31f588,scnB_pass308,Sandra,Tiu,09398673786,"615 Bonifacio St., Manila",2019-02-02 16:31:49.486015,13776,Regular,customer
1508,scen_b_309@autokita-lowcost.com,f68f9a,scnB_pass309,Rebecca,Tan,09991075061,"8014 Taft St., Manila",2021-07-29 16:31:49.486015,5401,New,customer
1509,scen_b_310@autokita-lowcost.com,cad6d9,scnB_pass310,Vanessa,Ang,09509093295,"9047 Quezon St., Pasig City",2016-12-04 16:31:49.486015,9763,New,customer
1510,scen_b_311@autokita-lowcost.com,0c7334,scnB_pass311,Patricia,Sy,09527890746,"1773 Osmena St., Makati City",2025-10-16 16:31:49.486015,11416,VIP,customer
1511,scen_b_312@autokita-lowcost.com,03aa01,scnB_pass312,Vanessa,Lim,09901794305,"1815 Bonifacio St., Mandaluyong",2018-10-01 16:31:49.486015,9016,VIP,customer
1512,scen_b_313@autokita-lowcost.com,5c4f75,scnB_pass313,Christine,Sia,09217107625,"100 Quezon St., Manila",2022-09-09 16:31:49.486015,6349,Loyal,customer
1513,scen_b_314@autokita-lowcost.com,e25efc,scnB_pass314,Christine,Lee,09657876830,"3141 Taft St., Makati City",2026-01-06 16:31:49.486015,11092,Regular,customer
1514,scen_b_315@autokita-lowcost.com,93bd57,scnB_pass315,Michelle,Co,09697972866,"1705 Rizal St., Caloocan",2021-12-09 16:31:49.486015,9547,VIP,customer
1515,scen_b_316@autokita-lowcost.com,75f28c,scnB_pass316,Vanessa,Go,09788416094,"9914 Luna St., Taguig",2021-10-03 16:31:49.486015,8528,VIP,customer
1516,scen_b_317@autokita-lowcost.com,160be0,scnB_pass317,Monica,Ong,09487689419,"6473 Osmena St., Las Pinas",2026-03-30 16:31:49.486015,14246,VIP,customer
1517,scen_b_318@autokita-lowcost.com,77c66a,scnB_pass318,Melissa,Go,09134034767,"2127 Luna St., Caloocan",2022-11-04 16:31:49.486015,13856,VIP,customer
1518,scen_b_319@autokita-lowcost.com,bae1d9,scnB_pass319,Christine,Lee,09983588851,"7399 Quezon St., Mandaluyong",2025-08-17 16:31:49.486015,9652,VIP,customer
1519,scen_b_320@autokita-lowcost.com,175ebe,scnB_pass320,Karen,Koh,09934088034,"2755 Del Pilar St., Taguig",2020-08-10 16:31:49.486015,11568,Loyal,customer
1520,scen_b_321@autokita-lowcost.com,b82ae4,scnB_pass321,Melissa,Lee,09198740017,"7296 Mabini St., Makati City",2018-07-04 16:31:49.486015,8446,New,customer
1521,scen_b_322@autokita-lowcost.com,198c79,scnB_pass322,Rachel,Dy,09704112539,"7607 Osmena St., Paranaque",2022-10-01 16:31:49.486015,6919,Loyal,customer
1522,scen_b_323@autokita-lowcost.com,21ff21,scnB_pass323,Maria,Tiu,09903728881,"860 Roxas St., Makati City",2025-10-22 16:31:49.486015,5414,VIP,customer
1523,scen_b_324@autokita-lowcost.com,96ae0b,scnB_pass324,Michelle,Sia,09271408698,"2357 Roxas St., Manila",2025-03-24 16:31:49.486015,7826,VIP,customer
1524,scen_b_325@autokita-lowcost.com,6cb39d,scnB_pass325,Jessica,Yu,09725459833,"6299 Quezon St., Las Pinas",2020-03-26 16:31:49.486015,10841,New,customer
1525,scen_b_326@autokita-lowcost.com,e789a6,scnB_pass326,Christine,King,09772582849,"6070 Taft St., Makati City",2017-11-02 16:31:49.486015,8786,Loyal,customer
1526,scen_b_327@autokita-lowcost.com,5f92e5,scnB_pass327,Anna,Sy,09678160274,"6232 Del Pilar St., Pasig City",2021-04-19 16:31:49.486015,13985,Loyal,customer
1527,scen_b_328@autokita-lowcost.com,3e5b10,scnB_pass328,Karen,Yu,09712382569,"8414 Luna St., Makati City",2019-05-19 16:31:49.486015,5358,VIP,customer
1528,scen_b_329@autokita-lowcost.com,722d13,scnB_pass329,Anna,Dee,09254906793,"1344 Del Pilar St., Marikina",2025-05-17 16:31:49.486015,13825,Loyal,customer
1529,scen_b_330@autokita-lowcost.com,ae13a9,scnB_pass330,Sandra,King,09301565004,"6037 Roxas St., Makati City",2019-05-25 16:31:49.486015,9785,Loyal,customer
1530,scen_b_331@autokita-lowcost.com,6aef21,scnB_pass331,Sofia,Co,09413283929,"1687 Osmena St., Mandaluyong",2019-02-22 16:31:49.486015,8749,Loyal,customer
1531,scen_b_332@autokita-lowcost.com,7740ff,scnB_pass332,Rachel,Lee,09399506019,"404 Bonifacio St., Taguig",2022-09-14 16:31:49.486015,11975,VIP,customer
1532,scen_b_333@autokita-lowcost.com,134613,scnB_pass333,Karen,Ong,09928314952,"7367 Taft St., Las Pinas",2025-02-20 16:31:49.486015,11604,Loyal,customer
1533,scen_b_334@autokita-lowcost.com,2b611d,scnB_pass334,Christine,Tiu,09588694499,"4432 Quezon St., Paranaque",2021-04-08 16:31:49.486015,6112,VIP,customer
1534,scen_b_335@autokita-lowcost.com,fd39f0,scnB_pass335,Diana,Dy,09644663200,"7590 Quezon St., Taguig",2019-10-20 16:31:49.486015,13719,Loyal,customer
1535,scen_b_336@autokita-lowcost.com,435f49,scnB_pass336,Maria,Yu,09268974701,"941 Luna St., Quezon City",2022-10-05 16:31:49.486015,12850,VIP,customer
1536,scen_b_337@autokita-lowcost.com,a693c8,scnB_pass337,Patricia,Chua,09433158193,"2666 Taft St., Paranaque",2023-04-14 16:31:49.486015,10857,VIP,customer
1537,scen_b_338@autokita-lowcost.com,888db4,scnB_pass338,Vanessa,Ang,09164670752,"2703 Luna St., Makati City",2024-06-07 16:31:49.486015,6339,New,customer
1538,scen_b_339@autokita-lowcost.com,5ec766,scnB_pass339,Monica,Go,09847429765,"9163 Rizal St., Marikina",2020-06-01 16:31:49.486015,6718,VIP,customer
1539,scen_b_340@autokita-lowcost.com,e9b06c,scnB_pass340,Sofia,Koh,09228703231,"4038 Bonifacio St., Makati City",2021-10-20 16:31:49.486015,6233,VIP,customer
1540,scen_b_341@autokita-lowcost.com,1246c7,scnB_pass341,Melissa,Tan,09877671934,"8161 Quezon St., Manila",2021-01-13 16:31:49.486015,8656,Regular,customer
1541,scen_b_342@autokita-lowcost.com,6342da,scnB_pass342,Monica,Uy,09245587965,"8419 Rizal St., Marikina",2021-02-12 16:31:49.486015,13821,New,customer
1542,scen_b_343@autokita-lowcost.com,d7389a,scnB_pass343,Melissa,Chan,09101583681,"5231 Rizal St., Pasig City",2024-06-07 16:31:49.486015,13700,Loyal,customer
1543,scen_b_344@autokita-lowcost.com,2efc09,scnB_pass344,Sofia,Dee,09148663219,"9178 Del Pilar St., Quezon City",2019-07-05 16:31:49.486015,11558,New,customer
1544,scen_b_345@autokita-lowcost.com,849943,scnB_pass345,Michelle,Dy,09416294136,"4734 Mabini St., Caloocan",2019-04-17 16:31:49.486015,7552,VIP,customer
1545,scen_b_346@autokita-lowcost.com,3f747e,scnB_pass346,Michelle,Tan,09446889845,"6196 Osmena St., Taguig",2024-02-18 16:31:49.486015,13441,New,customer
1546,scen_b_347@autokita-lowcost.com,35995c,scnB_pass347,Michelle,Sy,09372466942,"4402 Osmena St., Las Pinas",2022-11-14 16:31:49.486015,14541,VIP,customer
1547,scen_b_348@autokita-lowcost.com,9aa71d,scnB_pass348,Diana,Lim,09876455517,"2641 Taft St., Mandaluyong",2024-03-02 16:31:49.486015,7297,VIP,customer
1548,scen_b_349@autokita-lowcost.com,5eb83f,scnB_pass349,Michelle,Lee,09736151692,"7855 Del Pilar St., Mandaluyong",2024-05-06 16:31:49.486015,8658,Loyal,customer
1549,scen_b_350@autokita-lowcost.com,a2f149,scnB_pass350,Rebecca,Go,09969647531,"8910 Del Pilar St., Taguig",2016-10-23 16:31:49.486015,7502,Regular,customer
1550,scen_b_351@autokita-lowcost.com,0efb5d,scnB_pass351,Sandra,Dee,09108658921,"8590 Bonifacio St., Manila",2024-08-02 16:31:49.486015,11238,Loyal,customer
1551,scen_b_352@autokita-lowcost.com,3fdcd1,scnB_pass352,Jessica,Chan,09132909915,"3177 Luna St., Marikina",2022-06-22 16:31:49.486015,13960,VIP,customer
1552,scen_b_353@autokita-lowcost.com,58727e,scnB_pass353,Anna,Tan,09671051518,"5021 Osmena St., Manila",2017-04-04 16:31:49.486015,5389,Loyal,customer
1553,scen_b_354@autokita-lowcost.com,a588f0,scnB_pass354,Christine,Chua,09132378007,"3446 Luna St., Marikina",2018-01-29 16:31:49.486015,13782,VIP,customer
1554,scen_b_355@autokita-lowcost.com,09488b,scnB_pass355,Vanessa,Chan,09557840308,"6981 Del Pilar St., Quezon City",2018-03-14 16:31:49.486015,10694,Loyal,customer
1555,scen_b_356@autokita-lowcost.com,8e147f,scnB_pass356,Patricia,Chan,09577557576,"7515 Del Pilar St., Manila",2023-11-30 16:31:49.486015,6182,Loyal,customer
1556,scen_b_357@autokita-lowcost.com,2d5adc,scnB_pass357,Stephanie,Tiu,09829468577,"3091 Taft St., Caloocan",2018-05-24 16:31:49.486015,6309,New,customer
1557,scen_b_358@autokita-lowcost.com,8b556c,scnB_pass358,Anna,Lim,09366478228,"3304 Osmena St., Manila",2023-10-22 16:31:49.486015,7009,Loyal,customer
1558,scen_b_359@autokita-lowcost.com,f180bf,scnB_pass359,Rebecca,Koh,09312737607,"4771 Del Pilar St., Caloocan",2023-02-12 16:31:49.486015,9536,Loyal,customer
1559,scen_b_360@autokita-lowcost.com,331a47,scnB_pass360,Maria,Co,09366185243,"5208 Rizal St., Manila",2020-08-20 16:31:49.486015,10948,Loyal,customer
1560,scen_b_361@autokita-lowcost.com,12c1e0,scnB_pass361,Maria,King,09829357850,"6493 Mabini St., Caloocan",2023-05-21 16:31:49.486015,11248,VIP,customer
1561,scen_b_362@autokita-lowcost.com,5ac9a7,scnB_pass362,Natalie,Koh,09114016004,"3979 Mabini St., Taguig",2020-05-25 16:31:49.486015,14200,VIP,customer
1562,scen_b_363@autokita-lowcost.com,967dca,scnB_pass363,Christine,King,09834494682,"4318 Bonifacio St., Taguig",2025-07-30 16:31:49.486015,7921,VIP,customer
1563,scen_b_364@autokita-lowcost.com,96807f,scnB_pass364,Melissa,Dee,09134986452,"635 Del Pilar St., Mandaluyong",2018-10-17 16:31:49.486015,11059,Loyal,customer
1564,scen_b_365@autokita-lowcost.com,e9247c,scnB_pass365,Jessica,Tan,09549539254,"3661 Rizal St., Manila",2023-03-17 16:31:49.486015,12591,New,customer
1565,scen_b_366@autokita-lowcost.com,c3b557,scnB_pass366,Christine,Lim,09304793703,"3710 Luna St., Manila",2021-11-28 16:31:49.486015,8552,VIP,customer
1566,scen_b_367@autokita-lowcost.com,9ba140,scnB_pass367,Diana,Yu,09819918067,"9122 Bonifacio St., Quezon City",2025-05-02 16:31:49.486015,12970,Loyal,customer
1567,scen_b_368@autokita-lowcost.com,46dc5d,scnB_pass368,Natalie,Dy,09225717076,"1909 Quezon St., Makati City",2022-09-07 16:31:49.486015,5674,VIP,customer
1568,scen_b_369@autokita-lowcost.com,e99d4d,scnB_pass369,Karen,Sia,09752441107,"3054 Bonifacio St., Quezon City",2026-06-29 16:31:49.486015,11724,Regular,customer
1569,scen_b_370@autokita-lowcost.com,b4d4f3,scnB_pass370,Sandra,Sia,09246202138,"7486 Bonifacio St., Pasig City",2017-09-11 16:31:49.486015,14886,VIP,customer
1570,scen_b_371@autokita-lowcost.com,9ce9cc,scnB_pass371,Karen,Ong,09798441330,"3156 Del Pilar St., Las Pinas",2024-03-13 16:31:49.486015,11880,New,customer
1571,scen_b_372@autokita-lowcost.com,7d1834,scnB_pass372,Sandra,Sy,09868638143,"4272 Osmena St., Marikina",2019-08-18 16:31:49.486015,8288,Loyal,customer
1572,scen_b_373@autokita-lowcost.com,a22545,scnB_pass373,Sofia,Dy,09518345088,"3842 Roxas St., Manila",2025-01-26 16:31:49.486015,10125,Loyal,customer
1573,scen_b_374@autokita-lowcost.com,9b7880,scnB_pass374,Maria,Chua,09823335445,"8157 Roxas St., Mandaluyong",2023-04-17 16:31:49.486015,9166,New,customer
1574,scen_b_375@autokita-lowcost.com,592aaf,scnB_pass375,Christine,Go,09496870634,"6270 Magsaysay St., Quezon City",2019-02-24 16:31:49.486015,10920,Loyal,customer
1575,scen_b_376@autokita-lowcost.com,898ee6,scnB_pass376,Sofia,Chua,09125232101,"3903 Del Pilar St., Pasig City",2024-08-20 16:31:49.486015,12595,VIP,customer
1576,scen_b_377@autokita-lowcost.com,a2537e,scnB_pass377,Monica,Chan,09669689251,"7900 Del Pilar St., Manila",2017-02-10 16:31:49.486015,8394,Loyal,customer
1577,scen_b_378@autokita-lowcost.com,a7bb00,scnB_pass378,Anna,Ong,09586972865,"1168 Luna St., Las Pinas",2025-10-01 16:31:49.486015,11501,Loyal,customer
1578,scen_b_379@autokita-lowcost.com,08da11,scnB_pass379,Diana,Dy,09294680755,"8316 Osmena St., Mandaluyong",2025-05-10 16:31:49.486015,9025,VIP,customer
1579,scen_b_380@autokita-lowcost.com,b3ebac,scnB_pass380,Natalie,Ong,09523558549,"5563 Quezon St., Taguig",2017-01-10 16:31:49.486015,6492,VIP,customer
1580,scen_b_381@autokita-lowcost.com,40b5c9,scnB_pass381,Rebecca,Ang,09261866730,"6691 Luna St., Pasig City",2016-12-28 16:31:49.486015,14068,Loyal,customer
1581,scen_b_382@autokita-lowcost.com,44fec4,scnB_pass382,Sandra,Lim,09272538571,"1103 Taft St., Las Pinas",2025-09-24 16:31:49.486015,9423,VIP,customer
1582,scen_b_383@autokita-lowcost.com,7f1187,scnB_pass383,Stephanie,Chan,09883922401,"2381 Quezon St., Taguig",2026-05-26 16:31:49.486015,11170,Regular,customer
1583,scen_b_384@autokita-lowcost.com,1440e8,scnB_pass384,Christine,Sy,09393584175,"9008 Del Pilar St., Mandaluyong",2024-10-16 16:31:49.486015,5979,Regular,customer
1584,scen_b_385@autokita-lowcost.com,88d856,scnB_pass385,Karen,Co,09179767602,"422 Bonifacio St., Caloocan",2022-04-15 16:31:49.486015,14784,Regular,customer
1585,scen_b_386@autokita-lowcost.com,0ec04e,scnB_pass386,Rachel,Uy,09368136658,"4512 Luna St., Las Pinas",2021-01-31 16:31:49.486015,6302,VIP,customer
1586,scen_b_387@autokita-lowcost.com,f355a7,scnB_pass387,Sandra,Co,09812453808,"9206 Roxas St., Las Pinas",2017-10-22 16:31:49.486015,7987,New,customer
1587,scen_b_388@autokita-lowcost.com,60ca2b,scnB_pass388,Natalie,Go,09568747890,"7697 Quezon St., Marikina",2020-08-20 16:31:49.486015,5026,Loyal,customer
1588,scen_b_389@autokita-lowcost.com,59e21a,scnB_pass389,Rebecca,Tan,09457415923,"26 Del Pilar St., Quezon City",2022-12-11 16:31:49.486015,12896,Loyal,customer
1589,scen_b_390@autokita-lowcost.com,05d95f,scnB_pass390,Melissa,Ong,09962907945,"8646 Rizal St., Caloocan",2020-03-01 16:31:49.486015,12615,Regular,customer
1590,scen_b_391@autokita-lowcost.com,6da7ad,scnB_pass391,Vanessa,Lim,09942959409,"933 Rizal St., Caloocan",2026-05-24 16:31:49.486015,6425,Loyal,customer
1591,scen_b_392@autokita-lowcost.com,ac379f,scnB_pass392,Monica,Dy,09385084656,"2812 Magsaysay St., Paranaque",2016-08-11 16:31:49.486015,10638,Loyal,customer
1592,scen_b_393@autokita-lowcost.com,b2a4fb,scnB_pass393,Sandra,Dee,09178035411,"5439 Taft St., Taguig",2017-12-20 16:31:49.486015,8411,New,customer
1593,scen_b_394@autokita-lowcost.com,24f8b8,scnB_pass394,Monica,Yu,09635612205,"34 Mabini St., Paranaque",2018-04-29 16:31:49.486015,8053,Loyal,customer
1594,scen_b_395@autokita-lowcost.com,683d2c,scnB_pass395,Anna,Tiu,09932908208,"3759 Taft St., Mandaluyong",2023-06-24 16:31:49.486015,13887,Loyal,customer
1595,scen_b_396@autokita-lowcost.com,374f47,scnB_pass396,Anna,Uy,09781776723,"3380 Del Pilar St., Taguig",2017-12-27 16:31:49.486015,6714,Regular,customer
1596,scen_b_397@autokita-lowcost.com,0a99f4,scnB_pass397,Natalie,Chua,09905141815,"6839 Taft St., Manila",2023-10-10 16:31:49.486015,12295,VIP,customer
1597,scen_b_398@autokita-lowcost.com,e22bb5,scnB_pass398,Monica,Sy,09633848849,"4013 Quezon St., Paranaque",2018-01-12 16:31:49.486015,5703,Regular,customer
1598,scen_b_399@autokita-lowcost.com,b93844,scnB_pass399,Jessica,Sia,09869867309,"7739 Luna St., Makati City",2018-12-30 16:31:49.486015,7513,New,customer
1599,scen_b_400@autokita-lowcost.com,a15521,scnB_pass400,Rachel,Ong,09353906844,"6823 Del Pilar St., Mandaluyong",2025-10-05 16:31:49.486015,10914,Loyal,customer
1600,scen_b_401@autokita-lowcost.com,789fc6,scnB_pass401,Sandra,Tan,09114608733,"5638 Magsaysay St., Manila",2021-03-31 16:31:49.486015,5161,Loyal,customer
1601,scen_b_402@autokita-lowcost.com,ed4081,scnB_pass402,Karen,Sy,09811227079,"9242 Taft St., Quezon City",2022-05-29 16:31:49.486015,11255,VIP,customer
1602,scen_b_403@autokita-lowcost.com,bd3bc5,scnB_pass403,Sofia,Chua,09797798143,"1335 Luna St., Mandaluyong",2023-02-16 16:31:49.486015,6016,Regular,customer
1603,scen_b_404@autokita-lowcost.com,802d85,scnB_pass404,Rebecca,Yu,09409469295,"2011 Bonifacio St., Caloocan",2019-05-22 16:31:49.486015,13355,VIP,customer
1604,scen_b_405@autokita-lowcost.com,aad5ea,scnB_pass405,Michelle,Tan,09994986059,"2943 Luna St., Taguig",2021-07-01 16:31:49.486015,6378,VIP,customer
1605,scen_b_406@autokita-lowcost.com,4deccc,scnB_pass406,Michelle,Lee,09543868500,"9914 Osmena St., Taguig",2018-12-25 16:31:49.486015,6049,VIP,customer
1606,scen_b_407@autokita-lowcost.com,6f3e9c,scnB_pass407,Sofia,Yu,09517401208,"8433 Quezon St., Las Pinas",2022-10-29 16:31:49.486015,10450,New,customer
1607,scen_b_408@autokita-lowcost.com,c8c193,scnB_pass408,Angela,Sy,09733183240,"8762 Quezon St., Quezon City",2026-04-02 16:31:49.486015,10470,VIP,customer
1608,scen_b_409@autokita-lowcost.com,9cafb5,scnB_pass409,Anna,Go,09228698911,"5871 Del Pilar St., Mandaluyong",2025-10-06 16:31:49.486015,9121,Loyal,customer
1609,scen_b_410@autokita-lowcost.com,2cd228,scnB_pass410,Stephanie,Lee,09771643884,"2384 Magsaysay St., Paranaque",2018-01-30 16:31:49.486015,9680,Loyal,customer
1610,scen_b_411@autokita-lowcost.com,93bee8,scnB_pass411,Monica,Co,09623195616,"6780 Bonifacio St., Marikina",2024-05-25 16:31:49.486015,11953,VIP,customer
1611,scen_b_412@autokita-lowcost.com,b5b681,scnB_pass412,Patricia,Go,09515073468,"3214 Mabini St., Pasig City",2020-03-14 16:31:49.486015,6743,VIP,customer
1612,scen_b_413@autokita-lowcost.com,be8d86,scnB_pass413,Maria,Sia,09443746392,"5848 Rizal St., Paranaque",2018-06-15 16:31:49.486015,6569,New,customer
1613,scen_b_414@autokita-lowcost.com,1c4ad1,scnB_pass414,Natalie,Yu,09203974127,"8415 Luna St., Marikina",2019-01-21 16:31:49.486015,14629,Loyal,customer
1614,scen_b_415@autokita-lowcost.com,a6deca,scnB_pass415,Vanessa,Chua,09705675897,"3740 Del Pilar St., Paranaque",2026-05-22 16:31:49.486015,9885,Regular,customer
1615,scen_b_416@autokita-lowcost.com,28df0a,scnB_pass416,Christine,Koh,09174229722,"47 Rizal St., Quezon City",2024-01-04 16:31:49.486015,5968,VIP,customer
1616,scen_b_417@autokita-lowcost.com,3a44e0,scnB_pass417,Patricia,Lim,09499212321,"1489 Bonifacio St., Manila",2018-04-29 16:31:49.486015,6395,VIP,customer
1617,scen_b_418@autokita-lowcost.com,e9e7b5,scnB_pass418,Sofia,Chua,09967829177,"3918 Quezon St., Caloocan",2025-06-04 16:31:49.486015,6156,VIP,customer
1618,scen_b_419@autokita-lowcost.com,a83b82,scnB_pass419,Christine,Koh,09966836713,"8503 Mabini St., Paranaque",2021-11-30 16:31:49.486015,5448,Loyal,customer
1619,scen_b_420@autokita-lowcost.com,8c34f9,scnB_pass420,Stephanie,Go,09955476399,"2326 Del Pilar St., Manila",2022-10-05 16:31:49.486015,5370,New,customer
1620,scen_b_421@autokita-lowcost.com,1fafb3,scnB_pass421,Anna,Chan,09433223634,"8030 Del Pilar St., Paranaque",2019-01-31 16:31:49.486015,10797,Loyal,customer
1621,scen_b_422@autokita-lowcost.com,04735d,scnB_pass422,Maria,Koh,09496407526,"9573 Quezon St., Pasig City",2017-02-08 16:31:49.486015,8023,VIP,customer
1622,scen_b_423@autokita-lowcost.com,4d7b14,scnB_pass423,Diana,Chan,09132601571,"6156 Luna St., Caloocan",2017-10-22 16:31:49.486015,8072,New,customer
1623,scen_b_424@autokita-lowcost.com,740484,scnB_pass424,Jessica,Uy,09561761997,"9368 Osmena St., Mandaluyong",2020-11-01 16:31:49.486015,6420,VIP,customer
1624,scen_b_425@autokita-lowcost.com,cc7932,scnB_pass425,Sandra,Yu,09237179318,"4510 Quezon St., Taguig",2025-06-01 16:31:49.486015,10693,VIP,customer
1625,scen_b_426@autokita-lowcost.com,899712,scnB_pass426,Karen,Tan,09347913859,"1844 Osmena St., Marikina",2023-09-12 16:31:49.486015,10799,Loyal,customer
1626,scen_b_427@autokita-lowcost.com,f4dce1,scnB_pass427,Jessica,Lim,09305182171,"29 Rizal St., Quezon City",2021-09-24 16:31:49.486015,12194,Loyal,customer
1627,scen_b_428@autokita-lowcost.com,5f04d2,scnB_pass428,Vanessa,Co,09276914014,"375 Taft St., Makati City",2023-09-10 16:31:49.486015,13472,VIP,customer
1628,scen_b_429@autokita-lowcost.com,40311c,scnB_pass429,Sandra,Tan,09348842268,"6759 Rizal St., Caloocan",2019-09-10 16:31:49.486015,6110,VIP,customer
1629,scen_b_430@autokita-lowcost.com,6d1b34,scnB_pass430,Sofia,Dee,09768809726,"4910 Rizal St., Quezon City",2023-10-15 16:31:49.486015,10352,New,customer
1630,scen_b_431@autokita-lowcost.com,2188ab,scnB_pass431,Christine,Koh,09813472993,"6624 Magsaysay St., Mandaluyong",2024-02-21 16:31:49.486015,10456,New,customer
1631,scen_b_432@autokita-lowcost.com,d7074f,scnB_pass432,Vanessa,Dy,09108917991,"5053 Del Pilar St., Mandaluyong",2024-08-21 16:31:49.486015,10101,Regular,customer
1632,scen_b_433@autokita-lowcost.com,667f7a,scnB_pass433,Melissa,Chua,09977303127,"6026 Osmena St., Taguig",2023-08-31 16:31:49.486015,8204,VIP,customer
1633,scen_b_434@autokita-lowcost.com,c9af8b,scnB_pass434,Anna,Tiu,09516753231,"5142 Bonifacio St., Marikina",2017-11-13 16:31:49.486015,6496,Loyal,customer
1634,scen_b_435@autokita-lowcost.com,0edf91,scnB_pass435,Michelle,Sy,09458351121,"9311 Roxas St., Makati City",2022-04-20 16:31:49.486015,10219,Regular,customer
1635,scen_b_436@autokita-lowcost.com,a929ed,scnB_pass436,Rachel,Chua,09525569687,"5012 Taft St., Caloocan",2023-11-06 16:31:49.486015,7483,Loyal,customer
1636,scen_b_437@autokita-lowcost.com,828868,scnB_pass437,Jessica,Sia,09946689085,"6273 Rizal St., Makati City",2018-08-28 16:31:49.486015,5245,Loyal,customer
1637,scen_b_438@autokita-lowcost.com,8fe66d,scnB_pass438,Sandra,Dy,09655156458,"1908 Roxas St., Marikina",2021-07-01 16:31:49.486015,6092,Loyal,customer
1638,scen_b_439@autokita-lowcost.com,f53c4c,scnB_pass439,Jessica,Chan,09276136193,"8083 Del Pilar St., Quezon City",2023-03-16 16:31:49.486015,8917,VIP,customer
1639,scen_b_440@autokita-lowcost.com,61cf42,scnB_pass440,Patricia,Ang,09814287078,"4202 Mabini St., Marikina",2024-10-13 16:31:49.486015,8740,Regular,customer
1640,scen_b_441@autokita-lowcost.com,6fa2ab,scnB_pass441,Michelle,King,09127112683,"28 Taft St., Caloocan",2017-10-19 16:31:49.486015,8610,Loyal,customer
1641,scen_b_442@autokita-lowcost.com,15acbf,scnB_pass442,Patricia,Sy,09746284870,"7765 Mabini St., Manila",2020-07-13 16:31:49.486015,14417,VIP,customer
1642,scen_b_443@autokita-lowcost.com,7df541,scnB_pass443,Vanessa,Lim,09353565286,"7390 Luna St., Marikina",2026-02-24 16:31:49.486015,7887,VIP,customer
1643,scen_b_444@autokita-lowcost.com,5a47f5,scnB_pass444,Anna,Sia,09871999291,"1775 Osmena St., Mandaluyong",2026-02-23 16:31:49.486015,8663,New,customer
1644,scen_b_445@autokita-lowcost.com,43763f,scnB_pass445,Jessica,Sia,09551145031,"472 Mabini St., Pasig City",2026-03-12 16:31:49.486015,11424,New,customer
1645,scen_b_446@autokita-lowcost.com,db38a5,scnB_pass446,Anna,Chua,09381087747,"8139 Taft St., Paranaque",2020-12-02 16:31:49.486015,8149,VIP,customer
1646,scen_b_447@autokita-lowcost.com,67bdda,scnB_pass447,Sofia,Dee,09937341254,"432 Magsaysay St., Manila",2023-06-22 16:31:49.486015,12361,New,customer
1647,scen_b_448@autokita-lowcost.com,eb16ce,scnB_pass448,Vanessa,Sy,09929909466,"145 Rizal St., Manila",2022-07-23 16:31:49.486015,8188,VIP,customer
1648,scen_b_449@autokita-lowcost.com,d188b7,scnB_pass449,Diana,Chua,09979347205,"3822 Roxas St., Manila",2016-11-27 16:31:49.486015,7116,Regular,customer
1649,scen_b_450@autokita-lowcost.com,b3fd14,scnB_pass450,Patricia,Sia,09915234709,"8046 Osmena St., Makati City",2025-03-26 16:31:49.486015,14076,Regular,customer
1650,scen_b_451@autokita-lowcost.com,f55b0a,scnB_pass451,Patricia,Yu,09145542528,"8407 Bonifacio St., Taguig",2016-12-08 16:31:49.486015,9466,New,customer
1651,scen_b_452@autokita-lowcost.com,9f82c2,scnB_pass452,Michelle,Dee,09864790178,"6137 Osmena St., Quezon City",2018-11-27 16:31:49.486015,9557,VIP,customer
1652,scen_b_453@autokita-lowcost.com,587252,scnB_pass453,Anna,Sy,09386761346,"9353 Roxas St., Manila",2021-09-10 16:31:49.486015,7657,VIP,customer
1653,scen_b_454@autokita-lowcost.com,e64e71,scnB_pass454,Karen,Ong,09765044203,"4287 Quezon St., Taguig",2022-11-08 16:31:49.486015,14054,VIP,customer
1654,scen_b_455@autokita-lowcost.com,34d39e,scnB_pass455,Monica,Ong,09479467339,"5960 Quezon St., Taguig",2023-01-24 16:31:49.486015,8467,Regular,customer
1655,scen_b_456@autokita-lowcost.com,2436cd,scnB_pass456,Melissa,King,09598597460,"4060 Taft St., Manila",2017-08-05 16:31:49.486015,12302,New,customer
1656,scen_b_457@autokita-lowcost.com,7de2a2,scnB_pass457,Diana,Co,09702058677,"1973 Magsaysay St., Manila",2018-02-10 16:31:49.486015,9442,VIP,customer
1657,scen_b_458@autokita-lowcost.com,fafe47,scnB_pass458,Angela,Co,09398783761,"9026 Osmena St., Mandaluyong",2025-07-04 16:31:49.486015,12152,Loyal,customer
1658,scen_b_459@autokita-lowcost.com,7b9ab9,scnB_pass459,Monica,Koh,09847772051,"9517 Bonifacio St., Taguig",2016-10-17 16:31:49.486015,12246,Loyal,customer
1659,scen_b_460@autokita-lowcost.com,2004b9,scnB_pass460,Stephanie,Go,09337670750,"815 Mabini St., Las Pinas",2025-04-17 16:31:49.486015,12403,Loyal,customer
1660,scen_b_461@autokita-lowcost.com,9f1ea8,scnB_pass461,Christine,Chua,09188592760,"6532 Osmena St., Pasig City",2025-07-08 16:31:49.486015,14546,New,customer
1661,scen_b_462@autokita-lowcost.com,2dd664,scnB_pass462,Melissa,Dee,09768609817,"9746 Bonifacio St., Paranaque",2023-10-22 16:31:49.486015,7913,VIP,customer
1662,scen_b_463@autokita-lowcost.com,456837,scnB_pass463,Natalie,Koh,09708819699,"9054 Mabini St., Quezon City",2024-08-19 16:31:49.486015,14783,Loyal,customer
1663,scen_b_464@autokita-lowcost.com,fc0fda,scnB_pass464,Maria,Dee,09826947122,"4430 Mabini St., Marikina",2017-11-03 16:31:49.486015,10917,VIP,customer
1664,scen_b_465@autokita-lowcost.com,a8e79a,scnB_pass465,Vanessa,King,09289257546,"3331 Rizal St., Makati City",2024-12-16 16:31:49.486015,9355,New,customer
1665,scen_b_466@autokita-lowcost.com,a5740a,scnB_pass466,Vanessa,Co,09581823938,"2320 Mabini St., Manila",2019-02-20 16:31:49.486015,10251,Loyal,customer
1666,scen_b_467@autokita-lowcost.com,de64e5,scnB_pass467,Natalie,Sia,09289122003,"5078 Quezon St., Las Pinas",2023-01-04 16:31:49.486015,10714,Regular,customer
1667,scen_b_468@autokita-lowcost.com,a2d8c5,scnB_pass468,Melissa,Chan,09721769943,"8196 Roxas St., Manila",2024-12-03 16:31:49.486015,7381,New,customer
1668,scen_b_469@autokita-lowcost.com,b27b7a,scnB_pass469,Natalie,Koh,09974547885,"3154 Magsaysay St., Caloocan",2021-06-22 16:31:49.486015,8809,Loyal,customer
1669,scen_b_470@autokita-lowcost.com,65711c,scnB_pass470,Christine,Go,09612724686,"6983 Del Pilar St., Makati City",2024-12-20 16:31:49.486015,13017,Loyal,customer
1670,scen_b_471@autokita-lowcost.com,a49420,scnB_pass471,Sofia,Dy,09183219668,"6853 Mabini St., Pasig City",2024-09-25 16:31:49.486015,7977,Loyal,customer
1671,scen_b_472@autokita-lowcost.com,df7323,scnB_pass472,Christine,Chan,09369887736,"2279 Mabini St., Makati City",2019-07-06 16:31:49.486015,14036,Regular,customer
1672,scen_b_473@autokita-lowcost.com,c6f420,scnB_pass473,Stephanie,Chan,09538709565,"7587 Quezon St., Manila",2024-01-08 16:31:49.486015,6737,New,customer
1673,scen_b_474@autokita-lowcost.com,ed31ef,scnB_pass474,Rebecca,Dee,09973809349,"8596 Mabini St., Mandaluyong",2022-10-03 16:31:49.486015,8814,VIP,customer
1674,scen_b_475@autokita-lowcost.com,c5f5d2,scnB_pass475,Stephanie,Chan,09615839086,"2847 Magsaysay St., Quezon City",2018-07-31 16:31:49.486015,14887,Loyal,customer
1675,scen_b_476@autokita-lowcost.com,5aebe0,scnB_pass476,Melissa,Chua,09383726709,"2027 Magsaysay St., Marikina",2017-09-20 16:31:49.486015,13275,VIP,customer
1676,scen_b_477@autokita-lowcost.com,b2dd35,scnB_pass477,Monica,King,09125168235,"9398 Osmena St., Paranaque",2020-11-09 16:31:49.486015,13319,VIP,customer
1677,scen_b_478@autokita-lowcost.com,796e85,scnB_pass478,Vanessa,Tan,09703923156,"5170 Osmena St., Caloocan",2021-09-22 16:31:49.486015,7836,Loyal,customer
1678,scen_b_479@autokita-lowcost.com,ff46a9,scnB_pass479,Diana,Ong,09456858979,"6365 Taft St., Caloocan",2025-06-09 16:31:49.486015,9788,VIP,customer
1679,scen_b_480@autokita-lowcost.com,b9740e,scnB_pass480,Natalie,Ong,09755640353,"8172 Del Pilar St., Mandaluyong",2022-01-08 16:31:49.486015,8176,VIP,customer
1680,scen_b_481@autokita-lowcost.com,e8a4c6,scnB_pass481,Sandra,Chua,09635405982,"9087 Bonifacio St., Mandaluyong",2019-09-02 16:31:49.486015,6853,Loyal,customer
1681,scen_b_482@autokita-lowcost.com,3b7e57,scnB_pass482,Stephanie,Sia,09433534398,"7560 Magsaysay St., Marikina",2022-10-15 16:31:49.486015,9535,Loyal,customer
1682,scen_b_483@autokita-lowcost.com,a85363,scnB_pass483,Melissa,King,09225401501,"7881 Quezon St., Paranaque",2025-06-04 16:31:49.486015,10271,VIP,customer
1683,scen_b_484@autokita-lowcost.com,941b75,scnB_pass484,Angela,King,09831737430,"5887 Bonifacio St., Caloocan",2019-04-02 16:31:49.486015,8250,VIP,customer
1684,scen_b_485@autokita-lowcost.com,db7520,scnB_pass485,Patricia,Dee,09419488623,"490 Mabini St., Paranaque",2023-10-28 16:31:49.486015,8024,Loyal,customer
1685,scen_b_486@autokita-lowcost.com,7be22a,scnB_pass486,Angela,Ang,09816923569,"5218 Roxas St., Caloocan",2026-04-24 16:31:49.486015,5910,Loyal,customer
1686,scen_b_487@autokita-lowcost.com,a765d4,scnB_pass487,Stephanie,Sia,09927055178,"978 Mabini St., Marikina",2018-11-05 16:31:49.486015,8487,VIP,customer
1687,scen_b_488@autokita-lowcost.com,9ffbca,scnB_pass488,Melissa,Lim,09661758316,"8719 Osmena St., Marikina",2023-09-25 16:31:49.486015,9546,Loyal,customer
1688,scen_b_489@autokita-lowcost.com,013760,scnB_pass489,Anna,Co,09749390015,"1015 Luna St., Quezon City",2023-09-28 16:31:49.486015,9435,Loyal,customer
1689,scen_b_490@autokita-lowcost.com,2bd7a3,scnB_pass490,Jessica,Koh,09115552439,"3877 Luna St., Las Pinas",2020-08-11 16:31:49.486015,11072,VIP,customer
1690,scen_b_491@autokita-lowcost.com,0b6340,scnB_pass491,Jessica,Yu,09282291921,"9153 Taft St., Mandaluyong",2019-08-08 16:31:49.486015,7262,VIP,customer
1691,scen_b_492@autokita-lowcost.com,e80c99,scnB_pass492,Michelle,King,09244640035,"7000 Bonifacio St., Manila",2024-01-06 16:31:49.486015,11080,Loyal,customer
1692,scen_b_493@autokita-lowcost.com,98c3ea,scnB_pass493,Sandra,Sia,09813868367,"470 Magsaysay St., Caloocan",2020-12-15 16:31:49.486015,13123,VIP,customer
1693,scen_b_494@autokita-lowcost.com,d7b462,scnB_pass494,Vanessa,Go,09566796790,"3251 Luna St., Mandaluyong",2025-05-21 16:31:49.486015,9314,Regular,customer
1694,scen_b_495@autokita-lowcost.com,84bd17,scnB_pass495,Christine,Lim,09787508882,"2155 Taft St., Makati City",2019-12-05 16:31:49.486015,14254,VIP,customer
1695,scen_b_496@autokita-lowcost.com,48059d,scnB_pass496,Maria,Ang,09145287576,"3746 Rizal St., Makati City",2025-11-26 16:31:49.486015,6826,Regular,customer
1696,scen_b_497@autokita-lowcost.com,23436d,scnB_pass497,Karen,Ang,09558600960,"7345 Bonifacio St., Marikina",2017-11-18 16:31:49.486015,8171,VIP,customer
1697,scen_b_498@autokita-lowcost.com,98c85d,scnB_pass498,Rachel,Koh,09871919901,"2396 Roxas St., Manila",2021-09-20 16:31:49.486015,10004,VIP,customer
1698,scen_b_499@autokita-lowcost.com,50d170,scnB_pass499,Monica,Ang,09981314946,"5051 Taft St., Quezon City",2021-09-17 16:31:49.486015,13777,VIP,customer
1699,scen_b_500@autokita-lowcost.com,99b592,scnB_pass500,Rebecca,Dee,09199960596,"4584 Del Pilar St., Caloocan",2025-09-01 16:31:49.486015,6082,Regular,customer
