id,user_id,vin,plate_number,vehicle_model,vehicle_year,mileage,vehicle_type
1,200,VIN00000000000001,ABC0001,Toyota Corolla,2019,24431.00,Van
2,201,VIN00000000000002,ABC0002,Suzuki Swift,2017,18001.00,Pickup
3,202,VIN00000000000003,ABC0003,Nissan Navara,2020,32995.00,Hatchback
4,203,VIN00000000000004,ABC0004,Ford Ranger,2020,19899.00,Hatchback
5,204,VIN00000000000005,ABC0005,Honda Civic,2024,47839.00,Crossover
6,205,VIN00000000000006,ABC0006,Honda Civic,2022,52516.00,Crossover
7,206,VIN00000000000007,ABC0007,Hyundai Accent,2020,54139.00,Sedan
8,207,VIN00000000000008,ABC0008,Mitsubishi Montero,2022,37055.00,Van
9,208,VIN00000000000009,ABC0009,Ford Ranger,2018,44306.00,Van
10,209,VIN00000000000010,ABC0010,Mitsubishi Montero,2020,16832.00,Pickup
11,210,VIN00000000000011,ABC0011,Ford Ranger,2020,17681.00,Van
12,211,VIN00000000000012,ABC0012,Hyundai Accent,2020,33649.00,Pickup
13,212,VIN00000000000013,ABC0013,Nissan Navara,2022,21017.00,Pickup
14,213,VIN00000000000014,ABC0014,Honda Civic,2020,23216.00,Sedan
15,214,VIN00000000000015,ABC0015,Ford Ranger,2023,24656.00,Van
16,215,VIN00000000000016,ABC0016,Hyundai Accent,2019,11822.00,SUV
17,216,VIN00000000000017,ABC0017,Ford Ranger,2020,22010.00,SUV
18,217,VIN00000000000018,ABC0018,Nissan Navara,2022,54052.00,Pickup
19,218,VIN00000000000019,ABC0019,Nissan Navara,2021,52191.00,Sedan
20,219,VIN00000000000020,ABC0020,Nissan Navara,2020,9344.00,Van
21,220,VIN00000000000021,ABC0021,Hyundai Accent,2018,41016.00,Hatchback
22,221,VIN00000000000022,ABC0022,Honda Civic,2020,33660.00,Hatchback
23,222,VIN00000000000023,ABC0023,Toyota Corolla,2019,17359.00,SUV
24,223,VIN00000000000024,ABC0024,Toyota Corolla,2017,10179.00,Van
25,224,VIN00000000000025,ABC0025,Ford Ranger,2020,44207.00,Van
26,225,VIN00000000000026,ABC0026,Ford Ranger,2020,44826.00,Crossover
27,226,VIN00000000000027,ABC0027,Toyota Corolla,2020,47133.00,Sedan
28,227,VIN00000000000028,ABC0028,Hyundai Accent,2023,47965.00,Sedan
29,228,VIN00000000000029,ABC0029,Hyundai Accent,2020,7934.00,Pickup
30,229,VIN00000000000030,ABC0030,Suzuki Swift,2020,36484.00,Crossover
31,230,VIN00000000000031,ABC0031,Ford Ranger,2020,45769.00,Pickup
32,231,VIN00000000000032,ABC0032,Honda Civic,2020,37716.00,Crossover
33,232,VIN00000000000033,ABC0033,Suzuki Swift,2020,53539.00,Pickup
34,233,VIN00000000000034,ABC0034,Honda Civic,2019,5967.00,Crossover
35,234,VIN00000000000035,ABC0035,Mitsubishi Montero,2021,37205.00,Pickup
36,235,VIN00000000000036,ABC0036,Honda Civic,2021,10471.00,SUV
37,236,VIN00000000000037,ABC0037,Suzuki Swift,2020,18488.00,Van
38,237,VIN00000000000038,ABC0038,Honda Civic,2020,17906.00,Van
39,238,VIN00000000000039,ABC0039,Suzuki Swift,2020,40071.00,Van
40,239,VIN00000000000040,ABC0040,Honda Civic,2021,30396.00,Pickup
41,240,VIN00000000000041,ABC0041,Honda Civic,2020,54010.00,Pickup
42,241,VIN00000000000042,ABC0042,Suzuki Swift,2023,48014.00,Sedan
43,242,VIN00000000000043,ABC0043,Mitsubishi Montero,2020,14967.00,Sedan
44,243,VIN00000000000044,ABC0044,Honda Civic,2020,51876.00,Crossover
45,244,VIN00000000000045,ABC0045,Ford Ranger,2021,10335.00,Sedan
46,245,VIN00000000000046,ABC0046,Toyota Corolla,2017,20009.00,Hatchback
47,246,VIN00000000000047,ABC0047,Honda Civic,2017,9277.00,Hatchback
48,247,VIN00000000000048,ABC0048,Ford Ranger,2020,36588.00,Van
49,248,VIN00000000000049,ABC0049,Hyundai Accent,2022,19135.00,Hatchback
50,249,VIN00000000000050,ABC0050,Honda Civic,2020,18758.00,Hatchback
51,250,VIN00000000000051,ABC0051,Ford Ranger,2020,28453.00,Sedan
52,251,VIN00000000000052,ABC0052,Toyota Corolla,2020,54592.00,Sedan
53,252,VIN00000000000053,ABC0053,Mitsubishi Montero,2021,29661.00,SUV
54,253,VIN00000000000054,ABC0054,Nissan Navara,2020,36546.00,Sedan
55,254,VIN00000000000055,ABC0055,Suzuki Swift,2020,53253.00,Sedan
56,255,VIN00000000000056,ABC0056,Nissan Navara,2020,24039.00,Hatchback
57,256,VIN00000000000057,ABC0057,Toyota Corolla,2020,9803.00,Pickup
58,257,VIN00000000000058,ABC0058,Mitsubishi Montero,2018,51590.00,Crossover
59,258,VIN00000000000059,ABC0059,Ford Ranger,2020,37961.00,Crossover
60,259,VIN00000000000060,ABC0060,Honda Civic,2020,12996.00,Sedan
61,260,VIN00000000000061,ABC0061,Nissan Navara,2023,38699.00,Van
62,261,VIN00000000000062,ABC0062,Honda Civic,2020,11000.00,Sedan
63,262,VIN00000000000063,ABC0063,Mitsubishi Montero,2020,35915.00,Sedan
64,263,VIN00000000000064,ABC0064,Honda Civic,2020,14251.00,Sedan
65,264,VIN00000000000065,ABC0065,Honda Civic,2020,31479.00,Crossover
66,265,VIN00000000000066,ABC0066,Mitsubishi Montero,2020,14193.00,Sedan
67,266,VIN00000000000067,ABC0067,Mitsubishi Montero,2024,29469.00,Hatchback
68,267,VIN00000000000068,ABC0068,Toyota Corolla,2018,11587.00,Crossover
69,268,VIN00000000000069,ABC0069,Honda Civic,2024,9993.00,Pickup
70,269,VIN00000000000070,ABC0070,Ford Ranger,2017,21696.00,SUV
71,270,VIN00000000000071,ABC0071,Ford Ranger,2017,29048.00,Hatchback
72,271,VIN00000000000072,ABC0072,Honda Civic,2019,26158.00,Pickup
73,272,VIN00000000000073,ABC0073,Honda Civic,2020,35350.00,Crossover
74,273,VIN00000000000074,ABC0074,Toyota Corolla,2020,51937.00,Crossover
75,274,VIN00000000000075,ABC0075,Mitsubishi Montero,2020,25986.00,Van
76,275,VIN00000000000076,ABC0076,Hyundai Accent,2023,46991.00,Hatchback
77,276,VIN00000000000077,ABC0077,Mitsubishi Montero,2020,34472.00,Van
78,277,VIN00000000000078,ABC0078,Nissan Navara,2017,38342.00,SUV
79,278,VIN00000000000079,ABC0079,Toyota Corolla,2024,19103.00,Hatchback
80,279,VIN00000000000080,ABC0080,Nissan Navara,2024,45480.00,Van
81,280,VIN00000000000081,ABC0081,Hyundai Accent,2020,48652.00,Van
82,281,VIN00000000000082,ABC0082,Toyota Corolla,2020,53821.00,Hatchback
83,282,VIN00000000000083,ABC0083,Honda Civic,2020,21187.00,SUV
84,283,VIN00000000000084,ABC0084,Mitsubishi Montero,2020,24135.00,Sedan
85,284,VIN00000000000085,ABC0085,Honda Civic,2020,27603.00,Crossover
86,285,VIN00000000000086,ABC0086,Ford Ranger,2024,27566.00,Crossover
87,286,VIN00000000000087,ABC0087,Toyota Corolla,2018,14164.00,Hatchback
88,287,VIN00000000000088,ABC0088,Nissan Navara,2023,32404.00,Pickup
89,288,VIN00000000000089,ABC0089,Nissan Navara,2024,13241.00,Hatchback
90,289,VIN00000000000090,ABC0090,Hyundai Accent,2019,46986.00,Crossover
91,290,VIN00000000000091,ABC0091,Hyundai Accent,2020,18643.00,Hatchback
92,291,VIN00000000000092,ABC0092,Honda Civic,2019,36267.00,SUV
93,292,VIN00000000000093,ABC0093,Toyota Corolla,2022,36474.00,Van
94,293,VIN00000000000094,ABC0094,Hyundai Accent,2023,50413.00,Pickup
95,294,VIN00000000000095,ABC0095,Ford Ranger,2020,10412.00,Hatchback
96,295,VIN00000000000096,ABC0096,Suzuki Swift,2019,34006.00,Hatchback
97,296,VIN00000000000097,ABC0097,Toyota Corolla,2020,15637.00,SUV
98,297,VIN00000000000098,ABC0098,Honda Civic,2019,15308.00,Van
99,298,VIN00000000000099,ABC0099,Toyota Corolla,2024,46899.00,Hatchback
100,299,VIN00000000000100,ABC0100,Suzuki Swift,2020,34575.00,SUV
101,300,VIN00000000000101,ABC0101,Ford Ranger,2020,48569.00,Pickup
102,301,VIN00000000000102,ABC0102,Hyundai Accent,2020,33491.00,Pickup
103,302,VIN00000000000103,ABC0103,Hyundai Accent,2023,35747.00,Hatchback
104,303,VIN00000000000104,ABC0104,Hyundai Accent,2020,38769.00,SUV
105,304,VIN00000000000105,ABC0105,Suzuki Swift,2022,44113.00,Hatchback
106,305,VIN00000000000106,ABC0106,Ford Ranger,2020,33406.00,Crossover
107,306,VIN00000000000107,ABC0107,Honda Civic,2020,16737.00,Hatchback
108,307,VIN00000000000108,ABC0108,Suzuki Swift,2022,45397.00,Hatchback
109,308,VIN00000000000109,ABC0109,Hyundai Accent,2023,24734.00,Pickup
110,309,VIN00000000000110,ABC0110,Nissan Navara,2020,41559.00,SUV
111,310,VIN00000000000111,ABC0111,Suzuki Swift,2020,45559.00,Van
112,311,VIN00000000000112,ABC0112,Hyundai Accent,2024,17588.00,Van
113,312,VIN00000000000113,ABC0113,Honda Civic,2024,12619.00,SUV
114,313,VIN00000000000114,ABC0114,Hyundai Accent,2020,18669.00,Sedan
115,314,VIN00000000000115,ABC0115,Mitsubishi Montero,2024,54470.00,Sedan
116,315,VIN00000000000116,ABC0116,Suzuki Swift,2020,6561.00,SUV
117,316,VIN00000000000117,ABC0117,Hyundai Accent,2018,14056.00,Hatchback
118,317,VIN00000000000118,ABC0118,Suzuki Swift,2020,18011.00,Sedan
119,318,VIN00000000000119,ABC0119,Honda Civic,2017,26943.00,Pickup
120,319,VIN00000000000120,ABC0120,Honda Civic,2019,54528.00,Hatchback
121,320,VIN00000000000121,ABC0121,Ford Ranger,2020,27806.00,Pickup
122,321,VIN00000000000122,ABC0122,Suzuki Swift,2020,34729.00,Crossover
123,322,VIN00000000000123,ABC0123,Toyota Corolla,2020,52705.00,Hatchback
124,323,VIN00000000000124,ABC0124,Hyundai Accent,2022,16182.00,Van
125,324,VIN00000000000125,ABC0125,Hyundai Accent,2020,19011.00,SUV
126,325,VIN00000000000126,ABC0126,Suzuki Swift,2020,17349.00,SUV
127,326,VIN00000000000127,ABC0127,Nissan Navara,2023,12332.00,Sedan
128,327,VIN00000000000128,ABC0128,Mitsubishi Montero,2020,5403.00,SUV
129,328,VIN00000000000129,ABC0129,Nissan Navara,2020,26162.00,Sedan
130,329,VIN00000000000130,ABC0130,Nissan Navara,2021,32188.00,Pickup
131,330,VIN00000000000131,ABC0131,Mitsubishi Montero,2023,51412.00,Hatchback
132,331,VIN00000000000132,ABC0132,Mitsubishi Montero,2020,32342.00,Pickup
133,332,VIN00000000000133,ABC0133,Ford Ranger,2018,14111.00,Crossover
134,333,VIN00000000000134,ABC0134,Nissan Navara,2020,44090.00,Sedan
135,334,VIN00000000000135,ABC0135,Suzuki Swift,2018,34102.00,Pickup
136,335,VIN00000000000136,ABC0136,Ford Ranger,2020,36284.00,Crossover
137,336,VIN00000000000137,ABC0137,Toyota Corolla,2020,45232.00,Pickup
138,337,VIN00000000000138,ABC0138,Hyundai Accent,2020,38326.00,Pickup
139,338,VIN00000000000139,ABC0139,Honda Civic,2018,22993.00,SUV
140,339,VIN00000000000140,ABC0140,Toyota Corolla,2020,43777.00,Van
141,340,VIN00000000000141,ABC0141,Suzuki Swift,2021,16672.00,SUV
142,341,VIN00000000000142,ABC0142,Suzuki Swift,2020,28007.00,Hatchback
143,342,VIN00000000000143,ABC0143,Mitsubishi Montero,2020,19258.00,Hatchback
144,343,VIN00000000000144,ABC0144,Nissan Navara,2019,9785.00,Crossover
145,344,VIN00000000000145,ABC0145,Ford Ranger,2021,18291.00,Crossover
146,345,VIN00000000000146,ABC0146,Suzuki Swift,2020,34711.00,Van
147,346,VIN00000000000147,ABC0147,Suzuki Swift,2018,38694.00,Pickup
148,347,VIN00000000000148,ABC0148,Hyundai Accent,2023,7483.00,SUV
149,348,VIN00000000000149,ABC0149,Ford Ranger,2017,43539.00,Sedan
150,349,VIN00000000000150,ABC0150,Suzuki Swift,2021,7990.00,Pickup
151,350,VIN00000000000151,ABC0151,Suzuki Swift,2020,33409.00,Pickup
152,351,VIN00000000000152,ABC0152,Honda Civic,2020,40500.00,Pickup
153,352,VIN00000000000153,ABC0153,Mitsubishi Montero,2020,28304.00,Pickup
154,353,VIN00000000000154,ABC0154,Nissan Navara,2017,40875.00,Pickup
155,354,VIN00000000000155,ABC0155,Mitsubishi Montero,2023,28668.00,Sedan
156,355,VIN00000000000156,ABC0156,Mitsubishi Montero,2018,41409.00,SUV
157,356,VIN00000000000157,ABC0157,Hyundai Accent,2020,48893.00,Crossover
158,357,VIN00000000000158,ABC0158,Ford Ranger,2020,49525.00,Hatchback
159,358,VIN00000000000159,ABC0159,Honda Civic,2020,17267.00,SUV
160,359,VIN00000000000160,ABC0160,Nissan Navara,2020,42938.00,Hatchback
161,360,VIN00000000000161,ABC0161,Hyundai Accent,2020,31184.00,Crossover
162,361,VIN00000000000162,ABC0162,Mitsubishi Montero,2020,6353.00,Pickup
163,362,VIN00000000000163,ABC0163,Ford Ranger,2020,11235.00,Crossover
164,363,VIN00000000000164,ABC0164,Mitsubishi Montero,2020,54198.00,Pickup
165,364,VIN00000000000165,ABC0165,Nissan Navara,2017,33079.00,SUV
166,365,VIN00000000000166,ABC0166,Honda Civic,2020,22567.00,Van
167,366,VIN00000000000167,ABC0167,Mitsubishi Montero,2017,10484.00,Hatchback
168,367,VIN00000000000168,ABC0168,Toyota Corolla,2018,12275.00,Sedan
169,368,VIN00000000000169,ABC0169,Suzuki Swift,2020,44466.00,Pickup
170,369,VIN00000000000170,ABC0170,Hyundai Accent,2020,14696.00,Van
171,370,VIN00000000000171,ABC0171,Suzuki Swift,2020,25227.00,Sedan
172,371,VIN00000000000172,ABC0172,Honda Civic,2024,50269.00,Crossover
173,372,VIN00000000000173,ABC0173,Ford Ranger,2020,10545.00,SUV
174,373,VIN00000000000174,ABC0174,Nissan Navara,2020,53783.00,Van
175,374,VIN00000000000175,ABC0175,Toyota Corolla,2020,36238.00,Sedan
176,375,VIN00000000000176,ABC0176,Mitsubishi Montero,2018,47394.00,Crossover
177,376,VIN00000000000177,ABC0177,Ford Ranger,2024,45072.00,Hatchback
178,377,VIN00000000000178,ABC0178,Ford Ranger,2020,9394.00,Hatchback
179,378,VIN00000000000179,ABC0179,Honda Civic,2020,19878.00,Hatchback
180,379,VIN00000000000180,ABC0180,Honda Civic,2020,15362.00,Crossover
181,380,VIN00000000000181,ABC0181,Suzuki Swift,2019,42286.00,Sedan
182,381,VIN00000000000182,ABC0182,Honda Civic,2020,19794.00,Sedan
183,382,VIN00000000000183,ABC0183,Mitsubishi Montero,2020,50177.00,Crossover
184,383,VIN00000000000184,ABC0184,Nissan Navara,2019,22572.00,Sedan
185,384,VIN00000000000185,ABC0185,Suzuki Swift,2020,15175.00,Sedan
186,385,VIN00000000000186,ABC0186,Toyota Corolla,2020,19255.00,Crossover
187,386,VIN00000000000187,ABC0187,Mitsubishi Montero,2020,53466.00,Hatchback
188,387,VIN00000000000188,ABC0188,Ford Ranger,2021,50141.00,Hatchback
189,388,VIN00000000000189,ABC0189,Honda Civic,2020,12439.00,Crossover
190,389,VIN00000000000190,ABC0190,Ford Ranger,2020,36471.00,Hatchback
191,390,VIN00000000000191,ABC0191,Suzuki Swift,2020,45956.00,Van
192,391,VIN00000000000192,ABC0192,Mitsubishi Montero,2018,40863.00,Sedan
193,392,VIN00000000000193,ABC0193,Ford Ranger,2022,37856.00,Sedan
194,393,VIN00000000000194,ABC0194,Mitsubishi Montero,2019,12363.00,SUV
195,394,VIN00000000000195,ABC0195,Hyundai Accent,2023,47139.00,Pickup
196,395,VIN00000000000196,ABC0196,Honda Civic,2021,17415.00,Pickup
197,396,VIN00000000000197,ABC0197,Ford Ranger,2020,53691.00,SUV
198,397,VIN00000000000198,ABC0198,Mitsubishi Montero,2021,36003.00,SUV
199,398,VIN00000000000199,ABC0199,Ford Ranger,2020,13342.00,SUV
200,399,VIN00000000000200,ABC0200,Suzuki Swift,2024,38948.00,Sedan
201,400,VIN00000000000201,ABC0201,Hyundai Accent,2020,39526.00,Van
202,401,VIN00000000000202,ABC0202,Honda Civic,2022,44140.00,Sedan
203,402,VIN00000000000203,ABC0203,Toyota Corolla,2021,36552.00,Crossover
204,403,VIN00000000000204,ABC0204,Ford Ranger,2020,29734.00,Crossover
205,404,VIN00000000000205,ABC0205,Ford Ranger,2017,23128.00,Pickup
206,405,VIN00000000000206,ABC0206,Toyota Corolla,2023,20340.00,SUV
207,406,VIN00000000000207,ABC0207,Hyundai Accent,2020,41974.00,Pickup
208,407,VIN00000000000208,ABC0208,Mitsubishi Montero,2020,34903.00,Crossover
209,408,VIN00000000000209,ABC0209,Hyundai Accent,2020,46279.00,Sedan
210,409,VIN00000000000210,ABC0210,Suzuki Swift,2020,46156.00,Crossover
211,410,VIN00000000000211,ABC0211,Ford Ranger,2019,30335.00,Hatchback
212,411,VIN00000000000212,ABC0212,Suzuki Swift,2020,49842.00,Sedan
213,412,VIN00000000000213,ABC0213,Honda Civic,2020,14923.00,Sedan
214,413,VIN00000000000214,ABC0214,Mitsubishi Montero,2023,11113.00,Pickup
215,414,VIN00000000000215,ABC0215,Suzuki Swift,2022,20556.00,Hatchback
216,415,VIN00000000000216,ABC0216,Suzuki Swift,2020,44737.00,SUV
217,416,VIN00000000000217,ABC0217,Suzuki Swift,2020,51784.00,Crossover
218,417,VIN00000000000218,ABC0218,Toyota Corolla,2024,36530.00,Hatchback
219,418,VIN00000000000219,ABC0219,Hyundai Accent,2020,24861.00,Van
220,419,VIN00000000000220,ABC0220,Honda Civic,2020,54004.00,Van
221,420,VIN00000000000221,ABC0221,Nissan Navara,2023,44250.00,Sedan
222,421,VIN00000000000222,ABC0222,Mitsubishi Montero,2020,17815.00,Hatchback
223,422,VIN00000000000223,ABC0223,Mitsubishi Montero,2020,28580.00,Sedan
224,423,VIN00000000000224,ABC0224,Suzuki Swift,2020,47577.00,Pickup
225,424,VIN00000000000225,ABC0225,Hyundai Accent,2019,18716.00,Crossover
226,425,VIN00000000000226,ABC0226,Suzuki Swift,2018,47128.00,Pickup
227,426,VIN00000000000227,ABC0227,Suzuki Swift,2019,34967.00,Crossover
228,427,VIN00000000000228,ABC0228,Mitsubishi Montero,2021,25162.00,Crossover
229,428,VIN00000000000229,ABC0229,Mitsubishi Montero,2020,10893.00,Pickup
230,429,VIN00000000000230,ABC0230,Honda Civic,2024,24304.00,Van
231,430,VIN00000000000231,ABC0231,Toyota Corolla,2024,51137.00,Crossover
232,431,VIN00000000000232,ABC0232,Nissan Navara,2023,39980.00,Hatchback
233,432,VIN00000000000233,ABC0233,Hyundai Accent,2020,38882.00,SUV
234,433,VIN00000000000234,ABC0234,Ford Ranger,2020,32917.00,SUV
235,434,VIN00000000000235,ABC0235,Toyota Corolla,2020,54309.00,Van
236,435,VIN00000000000236,ABC0236,Suzuki Swift,2020,21603.00,Hatchback
237,436,VIN00000000000237,ABC0237,Toyota Corolla,2017,27466.00,Hatchback
238,437,VIN00000000000238,ABC0238,Toyota Corolla,2017,42853.00,Hatchback
239,438,VIN00000000000239,ABC0239,Toyota Corolla,2021,14658.00,Hatchback
240,439,VIN00000000000240,ABC0240,Toyota Corolla,2020,19393.00,Hatchback
241,440,VIN00000000000241,ABC0241,Nissan Navara,2020,33827.00,Van
242,441,VIN00000000000242,ABC0242,Hyundai Accent,2019,39848.00,Van
243,442,VIN00000000000243,ABC0243,Nissan Navara,2020,29592.00,Van
244,443,VIN00000000000244,ABC0244,Ford Ranger,2023,24227.00,Pickup
245,444,VIN00000000000245,ABC0245,Hyundai Accent,2023,29133.00,SUV
246,445,VIN00000000000246,ABC0246,Ford Ranger,2022,34029.00,Van
247,446,VIN00000000000247,ABC0247,Suzuki Swift,2020,28628.00,Crossover
248,447,VIN00000000000248,ABC0248,Toyota Corolla,2022,18129.00,Sedan
249,448,VIN00000000000249,ABC0249,Toyota Corolla,2020,36541.00,Pickup
250,449,VIN00000000000250,ABC0250,Nissan Navara,2020,37871.00,Van
251,450,VIN00000000000251,ABC0251,Toyota Corolla,2017,46817.00,SUV
252,451,VIN00000000000252,ABC0252,Hyundai Accent,2021,17272.00,Crossover
253,452,VIN00000000000253,ABC0253,Toyota Corolla,2019,11359.00,Pickup
254,453,VIN00000000000254,ABC0254,Honda Civic,2024,12995.00,Sedan
255,454,VIN00000000000255,ABC0255,Honda Civic,2023,9959.00,Hatchback
256,455,VIN00000000000256,ABC0256,Suzuki Swift,2020,18650.00,Pickup
257,456,VIN00000000000257,ABC0257,Toyota Corolla,2023,42301.00,Crossover
258,457,VIN00000000000258,ABC0258,Hyundai Accent,2017,42172.00,Hatchback
259,458,VIN00000000000259,ABC0259,Honda Civic,2020,49031.00,Hatchback
260,459,VIN00000000000260,ABC0260,Suzuki Swift,2018,23458.00,Sedan
261,460,VIN00000000000261,ABC0261,Hyundai Accent,2017,43256.00,Van
262,461,VIN00000000000262,ABC0262,Hyundai Accent,2021,5521.00,SUV
263,462,VIN00000000000263,ABC0263,Suzuki Swift,2020,11556.00,SUV
264,463,VIN00000000000264,ABC0264,Suzuki Swift,2019,44369.00,Van
265,464,VIN00000000000265,ABC0265,Nissan Navara,2020,25074.00,Hatchback
266,465,VIN00000000000266,ABC0266,Ford Ranger,2020,37115.00,Hatchback
267,466,VIN00000000000267,ABC0267,Mitsubishi Montero,2020,18198.00,SUV
268,467,VIN00000000000268,ABC0268,Nissan Navara,2024,44294.00,Crossover
269,468,VIN00000000000269,ABC0269,Ford Ranger,2018,42289.00,Crossover
270,469,VIN00000000000270,ABC0270,Suzuki Swift,2024,16975.00,Crossover
271,470,VIN00000000000271,ABC0271,Honda Civic,2019,36173.00,SUV
272,471,VIN00000000000272,ABC0272,Suzuki Swift,2024,44779.00,Pickup
273,472,VIN00000000000273,ABC0273,Suzuki Swift,2020,42092.00,Crossover
274,473,VIN00000000000274,ABC0274,Nissan Navara,2020,44510.00,Crossover
275,474,VIN00000000000275,ABC0275,Suzuki Swift,2022,52337.00,Sedan
276,475,VIN00000000000276,ABC0276,Nissan Navara,2019,19439.00,Hatchback
277,476,VIN00000000000277,ABC0277,Suzuki Swift,2024,49959.00,Crossover
278,477,VIN00000000000278,ABC0278,Ford Ranger,2022,13347.00,Hatchback
279,478,VIN00000000000279,ABC0279,Nissan Navara,2020,9842.00,Sedan
280,479,VIN00000000000280,ABC0280,Honda Civic,2020,24838.00,Sedan
281,480,VIN00000000000281,ABC0281,Honda Civic,2022,52188.00,Pickup
282,481,VIN00000000000282,ABC0282,Ford Ranger,2020,48385.00,Crossover
283,482,VIN00000000000283,ABC0283,Hyundai Accent,2021,37369.00,Sedan
284,483,VIN00000000000284,ABC0284,Honda Civic,2020,54026.00,Van
285,484,VIN00000000000285,ABC0285,Hyundai Accent,2020,18800.00,Hatchback
286,485,VIN00000000000286,ABC0286,Suzuki Swift,2018,11944.00,Crossover
287,486,VIN00000000000287,ABC0287,Honda Civic,2022,35402.00,Van
288,487,VIN00000000000288,ABC0288,Suzuki Swift,2020,10029.00,Crossover
289,488,VIN00000000000289,ABC0289,Mitsubishi Montero,2022,41960.00,Hatchback
290,489,VIN00000000000290,ABC0290,Nissan Navara,2020,25887.00,Sedan
291,490,VIN00000000000291,ABC0291,Honda Civic,2023,26146.00,Van
292,491,VIN00000000000292,ABC0292,Hyundai Accent,2024,6401.00,SUV
293,492,VIN00000000000293,ABC0293,Hyundai Accent,2018,11503.00,Van
294,493,VIN00000000000294,ABC0294,Hyundai Accent,2020,37116.00,Crossover
295,494,VIN00000000000295,ABC0295,Mitsubishi Montero,2020,29521.00,SUV
296,495,VIN00000000000296,ABC0296,Honda Civic,2021,44701.00,SUV
297,496,VIN00000000000297,ABC0297,Toyota Corolla,2020,22330.00,Hatchback
298,497,VIN00000000000298,ABC0298,Ford Ranger,2020,44096.00,Van
299,498,VIN00000000000299,ABC0299,Honda Civic,2023,26850.00,Van
300,499,VIN00000000000300,ABC0300,Toyota Corolla,2017,50581.00,Pickup
301,500,VIN00000000000301,ABC0301,Toyota Corolla,2024,44575.00,SUV
302,501,VIN00000000000302,ABC0302,Nissan Navara,2022,38945.00,Sedan
303,502,VIN00000000000303,ABC0303,Mitsubishi Montero,2018,53869.00,Van
304,503,VIN00000000000304,ABC0304,Toyota Corolla,2020,47729.00,Crossover
305,504,VIN00000000000305,ABC0305,Honda Civic,2018,27872.00,SUV
306,505,VIN00000000000306,ABC0306,Hyundai Accent,2020,19033.00,Van
307,506,VIN00000000000307,ABC0307,Nissan Navara,2020,34102.00,Van
308,507,VIN00000000000308,ABC0308,Ford Ranger,2024,15929.00,SUV
309,508,VIN00000000000309,ABC0309,Suzuki Swift,2020,54580.00,Pickup
310,509,VIN00000000000310,ABC0310,Ford Ranger,2022,49067.00,SUV
311,510,VIN00000000000311,ABC0311,Mitsubishi Montero,2023,12307.00,Van
312,511,VIN00000000000312,ABC0312,Toyota Corolla,2020,26828.00,Crossover
313,512,VIN00000000000313,ABC0313,Honda Civic,2019,23917.00,Crossover
314,513,VIN00000000000314,ABC0314,Toyota Corolla,2024,44131.00,Crossover
315,514,VIN00000000000315,ABC0315,Mitsubishi Montero,2020,27263.00,Sedan
316,515,VIN00000000000316,ABC0316,Nissan Navara,2020,16476.00,Crossover
317,516,VIN00000000000317,ABC0317,Nissan Navara,2018,43361.00,Pickup
318,517,VIN00000000000318,ABC0318,Mitsubishi Montero,2020,37708.00,Hatchback
319,518,VIN00000000000319,ABC0319,Suzuki Swift,2020,44714.00,SUV
320,519,VIN00000000000320,ABC0320,Toyota Corolla,2020,51026.00,Sedan
321,520,VIN00000000000321,ABC0321,Nissan Navara,2020,27163.00,Sedan
322,521,VIN00000000000322,ABC0322,Honda Civic,2020,15882.00,Crossover
323,522,VIN00000000000323,ABC0323,Hyundai Accent,2020,37243.00,Crossover
324,523,VIN00000000000324,ABC0324,Honda Civic,2023,24094.00,Van
325,524,VIN00000000000325,ABC0325,Suzuki Swift,2021,50305.00,Sedan
326,525,VIN00000000000326,ABC0326,Toyota Corolla,2021,46957.00,Hatchback
327,526,VIN00000000000327,ABC0327,Toyota Corolla,2020,24226.00,Sedan
328,527,VIN00000000000328,ABC0328,Honda Civic,2018,28465.00,Pickup
329,528,VIN00000000000329,ABC0329,Nissan Navara,2024,27803.00,SUV
330,529,VIN00000000000330,ABC0330,Mitsubishi Montero,2017,16023.00,Hatchback
331,530,VIN00000000000331,ABC0331,Mitsubishi Montero,2020,12105.00,Pickup
332,531,VIN00000000000332,ABC0332,Suzuki Swift,2018,11546.00,Sedan
333,532,VIN00000000000333,ABC0333,Suzuki Swift,2019,26577.00,Crossover
334,533,VIN00000000000334,ABC0334,Hyundai Accent,2019,21931.00,Crossover
335,534,VIN00000000000335,ABC0335,Suzuki Swift,2020,41815.00,Sedan
336,535,VIN00000000000336,ABC0336,Toyota Corolla,2022,38997.00,Pickup
337,536,VIN00000000000337,ABC0337,Nissan Navara,2020,24734.00,Sedan
338,537,VIN00000000000338,ABC0338,Mitsubishi Montero,2023,18079.00,Hatchback
339,538,VIN00000000000339,ABC0339,Mitsubishi Montero,2018,17636.00,SUV
340,539,VIN00000000000340,ABC0340,Honda Civic,2020,53058.00,Crossover
341,540,VIN00000000000341,ABC0341,Ford Ranger,2020,38133.00,Crossover
342,541,VIN00000000000342,ABC0342,Suzuki Swift,2020,7813.00,Crossover
343,542,VIN00000000000343,ABC0343,Toyota Corolla,2023,47060.00,Van
344,543,VIN00000000000344,ABC0344,Toyota Corolla,2020,13306.00,Sedan
345,544,VIN00000000000345,ABC0345,Nissan Navara,2020,39872.00,Van
346,545,VIN00000000000346,ABC0346,Honda Civic,2021,50138.00,Crossover
347,546,VIN00000000000347,ABC0347,Honda Civic,2024,44362.00,Hatchback
348,547,VIN00000000000348,ABC0348,Honda Civic,2020,17878.00,SUV
349,548,VIN00000000000349,ABC0349,Nissan Navara,2020,40047.00,Pickup
350,549,VIN00000000000350,ABC0350,Honda Civic,2022,24257.00,Crossover
351,550,VIN00000000000351,ABC0351,Hyundai Accent,2017,54091.00,Van
352,551,VIN00000000000352,ABC0352,Toyota Corolla,2020,27658.00,Pickup
353,552,VIN00000000000353,ABC0353,Ford Ranger,2020,37714.00,Sedan
354,553,VIN00000000000354,ABC0354,Ford Ranger,2020,21481.00,Pickup
355,554,VIN00000000000355,ABC0355,Toyota Corolla,2019,28299.00,Pickup
356,555,VIN00000000000356,ABC0356,Honda Civic,2017,28134.00,Pickup
357,556,VIN00000000000357,ABC0357,Ford Ranger,2020,40130.00,Van
358,557,VIN00000000000358,ABC0358,Suzuki Swift,2020,5549.00,Van
359,558,VIN00000000000359,ABC0359,Hyundai Accent,2020,54207.00,Pickup
360,559,VIN00000000000360,ABC0360,Toyota Corolla,2020,18071.00,Pickup
361,560,VIN00000000000361,ABC0361,Suzuki Swift,2020,24327.00,Crossover
362,561,VIN00000000000362,ABC0362,Ford Ranger,2020,46917.00,Pickup
363,562,VIN00000000000363,ABC0363,Mitsubishi Montero,2017,54041.00,Hatchback
364,563,VIN00000000000364,ABC0364,Hyundai Accent,2017,54617.00,Pickup
365,564,VIN00000000000365,ABC0365,Toyota Corolla,2020,31488.00,SUV
366,565,VIN00000000000366,ABC0366,Hyundai Accent,2023,46700.00,Pickup
367,566,VIN00000000000367,ABC0367,Nissan Navara,2020,30044.00,SUV
368,567,VIN00000000000368,ABC0368,Suzuki Swift,2024,14883.00,Sedan
369,568,VIN00000000000369,ABC0369,Hyundai Accent,2020,18177.00,Van
370,569,VIN00000000000370,ABC0370,Hyundai Accent,2019,16203.00,Van
371,570,VIN00000000000371,ABC0371,Hyundai Accent,2020,19609.00,Van
372,571,VIN00000000000372,ABC0372,Nissan Navara,2018,51473.00,Pickup
373,572,VIN00000000000373,ABC0373,Mitsubishi Montero,2022,48963.00,Crossover
374,573,VIN00000000000374,ABC0374,Ford Ranger,2020,36283.00,Hatchback
375,574,VIN00000000000375,ABC0375,Honda Civic,2018,43801.00,Hatchback
376,575,VIN00000000000376,ABC0376,Toyota Corolla,2020,41640.00,Hatchback
377,576,VIN00000000000377,ABC0377,Toyota Corolla,2020,53474.00,Crossover
378,577,VIN00000000000378,ABC0378,Hyundai Accent,2020,26974.00,Van
379,578,VIN00000000000379,ABC0379,Honda Civic,2019,48325.00,SUV
380,579,VIN00000000000380,ABC0380,Suzuki Swift,2017,54056.00,Crossover
381,580,VIN00000000000381,ABC0381,Toyota Corolla,2022,37832.00,SUV
382,581,VIN00000000000382,ABC0382,Honda Civic,2020,6845.00,Sedan
383,582,VIN00000000000383,ABC0383,Honda Civic,2020,14204.00,Sedan
384,583,VIN00000000000384,ABC0384,Nissan Navara,2020,33122.00,Pickup
385,584,VIN00000000000385,ABC0385,Mitsubishi Montero,2020,44953.00,Sedan
386,585,VIN00000000000386,ABC0386,Toyota Corolla,2018,31695.00,Crossover
387,586,VIN00000000000387,ABC0387,Hyundai Accent,2020,52698.00,Crossover
388,587,VIN00000000000388,ABC0388,Nissan Navara,2020,9226.00,SUV
389,588,VIN00000000000389,ABC0389,Ford Ranger,2020,30404.00,Van
390,589,VIN00000000000390,ABC0390,Nissan Navara,2020,18431.00,Pickup
391,590,VIN00000000000391,ABC0391,Nissan Navara,2020,50448.00,Hatchback
392,591,VIN00000000000392,ABC0392,Mitsubishi Montero,2024,11729.00,Hatchback
393,592,VIN00000000000393,ABC0393,Nissan Navara,2017,53412.00,SUV
394,593,VIN00000000000394,ABC0394,Honda Civic,2018,33612.00,Sedan
395,594,VIN00000000000395,ABC0395,Honda Civic,2020,51250.00,SUV
396,595,VIN00000000000396,ABC0396,Ford Ranger,2021,41019.00,Van
397,596,VIN00000000000397,ABC0397,Suzuki Swift,2020,46566.00,SUV
398,597,VIN00000000000398,ABC0398,Suzuki Swift,2017,35518.00,Sedan
399,598,VIN00000000000399,ABC0399,Mitsubishi Montero,2019,52269.00,SUV
400,599,VIN00000000000400,ABC0400,Suzuki Swift,2020,23876.00,Hatchback
401,600,VIN00000000000401,ABC0401,Toyota Corolla,2019,52239.00,SUV
402,601,VIN00000000000402,ABC0402,Honda Civic,2018,20273.00,Crossover
403,602,VIN00000000000403,ABC0403,Nissan Navara,2020,53605.00,SUV
404,603,VIN00000000000404,ABC0404,Ford Ranger,2018,16287.00,SUV
405,604,VIN00000000000405,ABC0405,Nissan Navara,2020,14881.00,Van
406,605,VIN00000000000406,ABC0406,Suzuki Swift,2020,34305.00,Crossover
407,606,VIN00000000000407,ABC0407,Toyota Corolla,2017,33578.00,SUV
408,607,VIN00000000000408,ABC0408,Hyundai Accent,2020,17504.00,Hatchback
409,608,VIN00000000000409,ABC0409,Hyundai Accent,2019,47411.00,Hatchback
410,609,VIN00000000000410,ABC0410,Hyundai Accent,2023,7679.00,Van
411,610,VIN00000000000411,ABC0411,Nissan Navara,2018,29342.00,Crossover
412,611,VIN00000000000412,ABC0412,Honda Civic,2020,49829.00,Crossover
413,612,VIN00000000000413,ABC0413,Mitsubishi Montero,2019,28046.00,Van
414,613,VIN00000000000414,ABC0414,Honda Civic,2020,44658.00,Hatchback
415,614,VIN00000000000415,ABC0415,Toyota Corolla,2020,47025.00,Sedan
416,615,VIN00000000000416,ABC0416,Hyundai Accent,2020,20046.00,Van
417,616,VIN00000000000417,ABC0417,Hyundai Accent,2019,35244.00,SUV
418,617,VIN00000000000418,ABC0418,Honda Civic,2024,20233.00,Hatchback
419,618,VIN00000000000419,ABC0419,Hyundai Accent,2018,40806.00,Van
420,619,VIN00000000000420,ABC0420,Toyota Corolla,2020,44164.00,Hatchback
421,620,VIN00000000000421,ABC0421,Nissan Navara,2023,10314.00,Van
422,621,VIN00000000000422,ABC0422,Hyundai Accent,2020,23114.00,Crossover
423,622,VIN00000000000423,ABC0423,Nissan Navara,2020,21387.00,Hatchback
424,623,VIN00000000000424,ABC0424,Suzuki Swift,2020,20158.00,Van
425,624,VIN00000000000425,ABC0425,Hyundai Accent,2022,9938.00,Hatchback
426,625,VIN00000000000426,ABC0426,Ford Ranger,2022,35615.00,Van
427,626,VIN00000000000427,ABC0427,Mitsubishi Montero,2020,35079.00,SUV
428,627,VIN00000000000428,ABC0428,Hyundai Accent,2024,31972.00,SUV
429,628,VIN00000000000429,ABC0429,Ford Ranger,2024,52535.00,Van
430,629,VIN00000000000430,ABC0430,Mitsubishi Montero,2020,11433.00,Pickup
431,630,VIN00000000000431,ABC0431,Suzuki Swift,2022,11864.00,Crossover
432,631,VIN00000000000432,ABC0432,Nissan Navara,2020,46252.00,Van
433,632,VIN00000000000433,ABC0433,Toyota Corolla,2020,13849.00,Hatchback
434,633,VIN00000000000434,ABC0434,Suzuki Swift,2020,54966.00,Pickup
435,634,VIN00000000000435,ABC0435,Toyota Corolla,2020,26488.00,SUV
436,635,VIN00000000000436,ABC0436,Ford Ranger,2020,5851.00,Van
437,636,VIN00000000000437,ABC0437,Nissan Navara,2020,14190.00,Pickup
438,637,VIN00000000000438,ABC0438,Hyundai Accent,2020,54730.00,SUV
439,638,VIN00000000000439,ABC0439,Hyundai Accent,2017,6850.00,Van
440,639,VIN00000000000440,ABC0440,Ford Ranger,2018,36814.00,Van
441,640,VIN00000000000441,ABC0441,Ford Ranger,2019,50270.00,Pickup
442,641,VIN00000000000442,ABC0442,Hyundai Accent,2020,46193.00,Crossover
443,642,VIN00000000000443,ABC0443,Hyundai Accent,2020,20233.00,Crossover
444,643,VIN00000000000444,ABC0444,Mitsubishi Montero,2020,36287.00,Crossover
445,644,VIN00000000000445,ABC0445,Honda Civic,2020,48719.00,Van
446,645,VIN00000000000446,ABC0446,Hyundai Accent,2019,23645.00,Van
447,646,VIN00000000000447,ABC0447,Honda Civic,2020,11386.00,Hatchback
448,647,VIN00000000000448,ABC0448,Hyundai Accent,2023,48096.00,Sedan
449,648,VIN00000000000449,ABC0449,Mitsubishi Montero,2020,33105.00,Van
450,649,VIN00000000000450,ABC0450,Toyota Corolla,2020,7212.00,Pickup
451,650,VIN00000000000451,ABC0451,Toyota Corolla,2020,10748.00,Van
452,651,VIN00000000000452,ABC0452,Mitsubishi Montero,2020,46578.00,Van
453,652,VIN00000000000453,ABC0453,Ford Ranger,2019,25063.00,Crossover
454,653,VIN00000000000454,ABC0454,Hyundai Accent,2020,39595.00,SUV
455,654,VIN00000000000455,ABC0455,Mitsubishi Montero,2020,45830.00,Sedan
456,655,VIN00000000000456,ABC0456,Ford Ranger,2020,43837.00,SUV
457,656,VIN00000000000457,ABC0457,Nissan Navara,2020,54428.00,Crossover
458,657,VIN00000000000458,ABC0458,Suzuki Swift,2020,22719.00,Sedan
459,658,VIN00000000000459,ABC0459,Suzuki Swift,2020,32765.00,Sedan
460,659,VIN00000000000460,ABC0460,Ford Ranger,2020,13584.00,Hatchback
461,660,VIN00000000000461,ABC0461,Mitsubishi Montero,2020,45723.00,Van
462,661,VIN00000000000462,ABC0462,Toyota Corolla,2021,27987.00,Crossover
463,662,VIN00000000000463,ABC0463,Toyota Corolla,2020,51251.00,Van
464,663,VIN00000000000464,ABC0464,Ford Ranger,2020,10993.00,Pickup
465,664,VIN00000000000465,ABC0465,Mitsubishi Montero,2019,11219.00,Hatchback
466,665,VIN00000000000466,ABC0466,Ford Ranger,2020,42707.00,SUV
467,666,VIN00000000000467,ABC0467,Toyota Corolla,2020,41902.00,Van
468,667,VIN00000000000468,ABC0468,Ford Ranger,2020,44555.00,Pickup
469,668,VIN00000000000469,ABC0469,Ford Ranger,2023,25573.00,Van
470,669,VIN00000000000470,ABC0470,Suzuki Swift,2020,36780.00,Hatchback
471,670,VIN00000000000471,ABC0471,Hyundai Accent,2022,49040.00,SUV
472,671,VIN00000000000472,ABC0472,Hyundai Accent,2020,30775.00,Hatchback
473,672,VIN00000000000473,ABC0473,Nissan Navara,2017,40479.00,Sedan
474,673,VIN00000000000474,ABC0474,Ford Ranger,2020,17771.00,Sedan
475,674,VIN00000000000475,ABC0475,Suzuki Swift,2020,42766.00,Crossover
476,675,VIN00000000000476,ABC0476,Mitsubishi Montero,2018,50417.00,Pickup
477,676,VIN00000000000477,ABC0477,Toyota Corolla,2023,29035.00,Crossover
478,677,VIN00000000000478,ABC0478,Honda Civic,2020,14577.00,Pickup
479,678,VIN00000000000479,ABC0479,Suzuki Swift,2023,49651.00,Crossover
480,679,VIN00000000000480,ABC0480,Toyota Corolla,2024,6788.00,Van
481,680,VIN00000000000481,ABC0481,Mitsubishi Montero,2020,17295.00,Pickup
482,681,VIN00000000000482,ABC0482,Nissan Navara,2020,9851.00,Pickup
483,682,VIN00000000000483,ABC0483,Mitsubishi Montero,2020,21567.00,Crossover
484,683,VIN00000000000484,ABC0484,Suzuki Swift,2023,29574.00,SUV
485,684,VIN00000000000485,ABC0485,Honda Civic,2020,25456.00,SUV
486,685,VIN00000000000486,ABC0486,Hyundai Accent,2020,50893.00,Van
487,686,VIN00000000000487,ABC0487,Hyundai Accent,2020,30575.00,Sedan
488,687,VIN00000000000488,ABC0488,Suzuki Swift,2017,11736.00,Crossover
489,688,VIN00000000000489,ABC0489,Hyundai Accent,2020,36429.00,Van
490,689,VIN00000000000490,ABC0490,Ford Ranger,2020,39064.00,Van
491,690,VIN00000000000491,ABC0491,Nissan Navara,2017,7938.00,Pickup
492,691,VIN00000000000492,ABC0492,Hyundai Accent,2020,14301.00,Van
493,692,VIN00000000000493,ABC0493,Honda Civic,2020,24194.00,Van
494,693,VIN00000000000494,ABC0494,Nissan Navara,2017,51759.00,Hatchback
495,694,VIN00000000000495,ABC0495,Toyota Corolla,2020,13210.00,Van
496,695,VIN00000000000496,ABC0496,Hyundai Accent,2022,5822.00,Crossover
497,696,VIN00000000000497,ABC0497,Mitsubishi Montero,2021,45844.00,Sedan
498,697,VIN00000000000498,ABC0498,Mitsubishi Montero,2021,12206.00,Pickup
499,698,VIN00000000000499,ABC0499,Toyota Corolla,2020,9464.00,Crossover
500,699,VIN00000000000500,ABC0500,Nissan Navara,2020,54791.00,Sedan
501,700,SA5E9D17E41001700,YAB-1401,Isuzu D-Max,2014,68948.69,Hatchback
502,701,SA970627414001701,ZAB-1403,Toyota Fortuner,2011,97261.45,Pickup
503,702,SACF866614B001702,ABB-1405,Toyota Land Cruiser,2010,91540.09,Van
504,703,SAB91F5A1E5001703,BBB-1407,Ford Expedition,2014,122206.85,Sedan
505,704,SA7C93EBE87001704,CBB-1409,Toyota Fortuner,2015,79855.55,SUV
506,705,SABA3C73666001705,DBB-1411,Chevrolet Trailblazer,2012,78275.28,Pickup
507,706,SA6495CF7CA001706,EBB-1413,Ford Expedition,2016,107180.76,SUV
508,707,SA059D9E011001707,FBB-1415,Ford Expedition,2012,99551.38,Crossover
509,708,SADF438E520001708,GBB-1417,Mazda CX-5,2011,149627.45,Crossover
510,709,SA328347805001709,HBB-1419,Mazda CX-5,2013,107989.30,Pickup
511,710,SAB33128CB0001710,IBB-1421,Ford Ranger,2016,71149.32,Pickup
512,711,SA1AB60B5E8001711,JBB-1423,Toyota Land Cruiser,2011,109031.71,Hatchback
513,712,SA738A6457B001712,KBB-1425,Isuzu D-Max,2010,93615.61,Van
514,713,SA50E207AB6001713,LBB-1427,Toyota Fortuner,2011,93664.58,SUV
515,714,SA817C99C48001714,MBB-1429,Honda CR-V,2012,77285.60,SUV
516,715,SAFC394E993001715,NBB-1431,Ford Ranger,2016,103840.66,SUV
517,716,SA8860A4E27001716,OBB-1433,Nissan Patrol,2012,89442.33,Van
518,717,SAA35F4223B001717,PBB-1435,Mazda CX-5,2015,107221.75,Pickup
519,718,SA99C83C904001718,QBB-1437,Honda CR-V,2015,94117.67,Pickup
520,719,SAF06048518001719,RBB-1439,Mazda CX-5,2010,86592.98,Van
521,720,SAF9AB16852001720,SBB-1441,Nissan Patrol,2010,52347.82,Crossover
522,721,SAF10F2DA9A001721,TBB-1443,Chevrolet Trailblazer,2016,92690.51,Pickup
523,722,SA5ECF33FD9001722,UBB-1445,Honda CR-V,2013,94163.57,Hatchback
524,723,SAB52225971001723,VBB-1447,Nissan Patrol,2014,78132.78,Pickup
525,724,SA040D45CCC001724,WBB-1449,Kia Sorento,2011,77668.60,Pickup
526,725,SA3472AB80B001725,XBB-1451,Kia Sorento,2016,69399.05,Van
527,726,SA8346DB44A001726,YBB-1453,Ford Ranger,2011,121071.97,Crossover
528,727,SA52FC2AEE8001727,ZBB-1455,Mitsubishi Pajero,2014,85393.95,Sedan
529,728,SA701D80454001728,ACB-1457,Kia Sorento,2012,124979.03,Pickup
530,729,SA3000311CA001729,BCB-1459,Hyundai Tucson,2016,61212.22,Pickup
531,730,SA9C779F56F001730,CCB-1461,Honda CR-V,2014,106075.38,Pickup
532,731,SAC7B037829001731,DCB-1463,Ford Ranger,2010,60632.42,Sedan
533,732,SAC2C701FE3001732,ECB-1465,Isuzu D-Max,2013,99177.28,Hatchback
534,733,SAAC64504CC001733,FCB-1467,Kia Sorento,2011,134455.07,Pickup
535,734,SA40F6992C3001734,GCB-1469,Ford Expedition,2013,76029.60,SUV
536,735,SAA18AD9F9B001735,HCB-1471,Honda CR-V,2016,66811.83,SUV
537,736,SA3E9F7C16B001736,ICB-1473,Hyundai Tucson,2016,127270.56,Hatchback
538,737,SA0D46839F6001737,JCB-1475,Mazda CX-5,2011,92340.54,SUV
539,738,SA64DE16663001738,KCB-1477,Nissan Patrol,2014,69907.77,Pickup
540,739,SA88CF91A1A001739,LCB-1479,Chevrolet Trailblazer,2012,73630.49,Crossover
541,740,SA9B91D245C001740,MCB-1481,Mazda CX-5,2012,117932.83,Sedan
542,741,SA8BE6ADAE5001741,NCB-1483,Toyota Fortuner,2015,53400.88,Hatchback
543,742,SAB9ACB4AE6001742,OCB-1485,Ford Expedition,2015,130999.34,Sedan
544,743,SA51C68DC08001743,PCB-1487,Toyota Land Cruiser,2016,59875.65,Van
545,744,SAE35D7A576001744,QCB-1489,Toyota Fortuner,2012,124899.43,Van
546,745,SAD11509055001745,RCB-1491,Ford Expedition,2016,139426.16,Pickup
547,746,SAC5AD7D5C8001746,SCB-1493,Kia Sorento,2010,66471.87,SUV
548,747,SA1E591403F001747,TCB-1495,Honda CR-V,2014,117678.87,Pickup
549,748,SA8860E834A001748,UCB-1497,Mitsubishi Pajero,2016,101501.80,SUV
550,749,SAA46B6B588001749,VCB-1499,Mazda CX-5,2013,71683.96,SUV
552,751,SA1E44FDF9C001751,XCB-1503,Nissan Patrol,2013,99236.50,Van
553,752,SAE1E1F667C001752,YCB-1505,Toyota Land Cruiser,2015,89030.16,Sedan
554,753,SA021F6DD88001753,ZCB-1507,Ford Expedition,2016,114847.18,Pickup
555,754,SA8900FAAAF001754,ADB-1509,Chevrolet Trailblazer,2011,116566.61,Crossover
556,755,SA44E76E99B001755,BDB-1511,Chevrolet Trailblazer,2011,98592.08,Pickup
557,756,SA17256F049001756,CDB-1513,Chevrolet Trailblazer,2011,88342.04,Pickup
558,757,SA25702D423001757,DDB-1515,Toyota Land Cruiser,2012,112857.05,Hatchback
559,758,SA0B794A037001758,EDB-1517,Kia Sorento,2011,67187.62,Crossover
560,759,SA274231193001759,FDB-1519,Toyota Fortuner,2015,61510.96,Hatchback
561,760,SA43207FD5E001760,GDB-1521,Hyundai Tucson,2011,66200.72,Crossover
562,761,SAF12A6A747001761,HDB-1523,Toyota Fortuner,2015,122093.52,Sedan
563,762,SA9F4E3847F001762,IDB-1525,Ford Ranger,2016,131413.24,SUV
564,763,SA312ECFDFA001763,JDB-1527,Mitsubishi Pajero,2012,56791.45,Crossover
565,764,SABC3EA2161001764,KDB-1529,Hyundai Tucson,2013,51965.07,Sedan
566,765,SA83DECBC20001765,LDB-1531,Mitsubishi Pajero,2010,96244.53,Hatchback
567,766,SA2EC0274C1001766,MDB-1533,Mazda CX-5,2011,128364.89,Pickup
568,767,SA06FB3CBA8001767,NDB-1535,Mitsubishi Pajero,2013,136151.77,SUV
569,768,SAD367EEF13001768,ODB-1537,Mazda CX-5,2011,141933.90,Sedan
570,769,SAC74C4BF0D001769,PDB-1539,Nissan Patrol,2013,149959.79,Sedan
571,770,SA350A7F5EE001770,QDB-1541,Nissan Patrol,2016,87161.39,Van
572,771,SA2794F6A20001771,RDB-1543,Toyota Fortuner,2011,55700.45,Hatchback
573,772,SA5513C36E7001772,SDB-1545,Hyundai Tucson,2016,132451.31,Van
574,773,SA507373BA5001773,TDB-1547,Mitsubishi Pajero,2012,138765.45,Van
575,774,SA0DEFD533D001774,UDB-1549,Mazda CX-5,2015,50875.10,Hatchback
576,775,SAA4EE59DD8001775,VDB-1551,Isuzu D-Max,2011,128606.65,SUV
577,776,SA7F367281B001776,WDB-1553,Mitsubishi Pajero,2014,106217.80,Van
578,777,SACD81CFD0A001777,XDB-1555,Kia Sorento,2011,73384.36,SUV
579,778,SA0DFD8A39E001778,YDB-1557,Nissan Patrol,2015,72297.49,SUV
580,779,SAC024D58AD001779,ZDB-1559,Ford Ranger,2016,98695.51,Van
581,780,SAC28F6AE14001780,AEB-1561,Nissan Patrol,2010,113225.88,Sedan
582,781,SADDD1DF443001781,BEB-1563,Ford Ranger,2015,86689.86,Sedan
583,782,SA2D5D4CF93001782,CEB-1565,Honda CR-V,2011,98602.80,Van
584,783,SAEF48E3EF0001783,DEB-1567,Toyota Fortuner,2014,85820.05,Sedan
585,784,SA2A2107D1B001784,EEB-1569,Hyundai Tucson,2016,50882.28,SUV
586,785,SA47951A40E001785,FEB-1571,Hyundai Tucson,2012,107065.32,Hatchback
587,786,SAAA78C3DB4001786,GEB-1573,Toyota Land Cruiser,2015,122149.60,Van
588,787,SAE46709AA5001787,HEB-1575,Nissan Patrol,2010,71431.87,Sedan
589,788,SA7C9E9AFA5001788,IEB-1577,Ford Expedition,2013,137174.33,Hatchback
590,789,SAEFB3D8BE0001789,JEB-1579,Chevrolet Trailblazer,2010,53324.05,Crossover
591,790,SA3E883840F001790,KEB-1581,Chevrolet Trailblazer,2010,75547.37,Pickup
592,791,SA11833D4B4001791,LEB-1583,Mitsubishi Pajero,2011,91116.32,Hatchback
593,792,SAAD62CFD33001792,MEB-1585,Honda CR-V,2012,146793.22,Pickup
594,793,SA36DCD5249001793,NEB-1587,Mitsubishi Pajero,2010,66236.58,Hatchback
595,794,SA46C7CB50B001794,OEB-1589,Kia Sorento,2012,130403.61,SUV
596,795,SA416E5CF0A001795,PEB-1591,Isuzu D-Max,2014,147762.12,Sedan
597,796,SAAC8A91435001796,QEB-1593,Ford Expedition,2010,123007.49,Pickup
598,797,SACC225865B001797,REB-1595,Ford Expedition,2011,141504.53,Crossover
599,798,SA7F2111CBE001798,SEB-1597,Toyota Fortuner,2013,103722.78,Van
600,799,SAEF7BE8C57001799,TEB-1599,Nissan Patrol,2014,75589.14,Sedan
601,800,SABC3C4A633001800,UEB-1601,Ford Expedition,2016,85510.75,SUV
602,801,SAE1226495C001801,VEB-1603,Hyundai Tucson,2016,144991.47,SUV
603,802,SA31917677A001802,WEB-1605,Chevrolet Trailblazer,2010,50388.48,Sedan
604,803,SA67038AAA0001803,XEB-1607,Ford Ranger,2014,63225.93,Sedan
605,804,SA1A07BCC79001804,YEB-1609,Mazda CX-5,2015,67312.03,Van
606,805,SA5982E32D2001805,ZEB-1611,Chevrolet Trailblazer,2014,148238.76,SUV
607,806,SA8F4D94FA7001806,AFB-1613,Kia Sorento,2014,104699.05,Van
608,807,SA82138B11A001807,BFB-1615,Toyota Fortuner,2014,67519.01,Hatchback
609,808,SA4AFE04491001808,CFB-1617,Ford Expedition,2015,141407.72,Pickup
610,809,SA37740D59B001809,DFB-1619,Ford Ranger,2012,138051.17,Crossover
611,810,SAC03522664001810,EFB-1621,Mitsubishi Pajero,2015,138860.17,SUV
612,811,SA30410BE14001811,FFB-1623,Mitsubishi Pajero,2015,110005.68,Sedan
613,812,SAAFECC60F8001812,GFB-1625,Toyota Fortuner,2011,149115.17,Crossover
614,813,SABD9DC58C7001813,HFB-1627,Ford Ranger,2010,116915.41,Crossover
615,814,SAF1DE51009001814,IFB-1629,Hyundai Tucson,2011,105093.50,Pickup
616,815,SADEBE236F3001815,JFB-1631,Chevrolet Trailblazer,2016,120404.16,Van
617,816,SA64DAFB11E001816,KFB-1633,Toyota Fortuner,2012,76214.19,Hatchback
618,817,SA594CA7ADB001817,LFB-1635,Isuzu D-Max,2016,64360.78,Crossover
619,818,SA299DC35E7001818,MFB-1637,Nissan Patrol,2012,88109.57,SUV
620,819,SA4B2944DFE001819,NFB-1639,Ford Ranger,2011,90084.52,Crossover
621,820,SAC61AED648001820,OFB-1641,Mazda CX-5,2012,136752.38,Pickup
622,821,SAA8D279576001821,PFB-1643,Toyota Fortuner,2010,57415.61,Hatchback
623,822,SAD4CA950DA001822,QFB-1645,Honda CR-V,2014,105737.74,Van
624,823,SA2004E0F2B001823,RFB-1647,Mitsubishi Pajero,2016,104300.69,Crossover
625,824,SA1E00746CE001824,SFB-1649,Ford Expedition,2012,81444.68,SUV
626,825,SAC8ECFAEA0001825,TFB-1651,Nissan Patrol,2016,117359.94,SUV
627,826,SA60CB558C4001826,UFB-1653,Toyota Fortuner,2010,95718.39,SUV
628,827,SAD1D5923FC001827,VFB-1655,Isuzu D-Max,2010,120789.43,Crossover
629,828,SA937508462001828,WFB-1657,Honda CR-V,2012,113218.45,Crossover
630,829,SAE2A08F2EB001829,XFB-1659,Ford Expedition,2016,86668.13,Van
631,830,SA1E7959687001830,YFB-1661,Toyota Fortuner,2012,59718.78,Van
632,831,SA1F5F6AD95001831,ZFB-1663,Honda CR-V,2012,101513.02,Hatchback
633,832,SAD428D0706001832,AGB-1665,Kia Sorento,2013,122993.68,Crossover
634,833,SA076CCD93A001833,BGB-1667,Kia Sorento,2015,138299.16,Pickup
635,834,SAE70981FD3001834,CGB-1669,Toyota Land Cruiser,2013,66122.28,Van
636,835,SA609A19988001835,DGB-1671,Mazda CX-5,2011,55357.44,Pickup
637,836,SA8D2355364001836,EGB-1673,Chevrolet Trailblazer,2013,52261.25,Van
638,837,SA8CE241E1E001837,FGB-1675,Nissan Patrol,2012,53814.52,Sedan
639,838,SA8606BDB6F001838,GGB-1677,Chevrolet Trailblazer,2011,109573.85,Pickup
640,839,SA77B830096001839,HGB-1679,Ford Expedition,2016,105389.47,Crossover
641,840,SAC055DCC74001840,IGB-1681,Toyota Land Cruiser,2016,122367.02,Hatchback
642,841,SAA3DE03CB4001841,JGB-1683,Hyundai Tucson,2012,118408.11,Van
643,842,SAE38E37A99001842,KGB-1685,Kia Sorento,2015,138717.95,Hatchback
644,843,SAF69543A0F001843,LGB-1687,Mitsubishi Pajero,2013,86758.49,Sedan
645,844,SA43A234802001844,MGB-1689,Toyota Land Cruiser,2013,75300.07,Hatchback
646,845,SA8E0CE4145001845,NGB-1691,Nissan Patrol,2010,140629.93,Sedan
647,846,SAFC1A36821001846,OGB-1693,Ford Ranger,2012,78336.04,Pickup
648,847,SA35FA44C24001847,PGB-1695,Toyota Fortuner,2010,86685.43,Crossover
649,848,SA234E5DC39001848,QGB-1697,Toyota Land Cruiser,2013,144620.79,Pickup
650,849,SAAE4503EC3001849,RGB-1699,Mitsubishi Pajero,2015,102876.33,SUV
651,850,SA25048EB6A001850,SGB-1701,Toyota Fortuner,2013,52506.61,SUV
652,851,SA3B777B775001851,TGB-1703,Ford Ranger,2012,89350.09,Hatchback
653,852,SAD0F88BFBF001852,UGB-1705,Mitsubishi Pajero,2011,110770.60,Hatchback
654,853,SA749A8E6C2001853,VGB-1707,Nissan Patrol,2016,81205.93,Sedan
655,854,SA93661C10E001854,WGB-1709,Ford Expedition,2014,57215.09,Crossover
656,855,SAEBEB30088001855,XGB-1711,Hyundai Tucson,2013,63348.72,Sedan
657,856,SA7D92C0887001856,YGB-1713,Nissan Patrol,2014,60082.34,Crossover
658,857,SABCF9D6BD1001857,ZGB-1715,Nissan Patrol,2016,122899.03,Pickup
659,858,SAC75E10EF9001858,AHB-1717,Mitsubishi Pajero,2010,70291.92,Pickup
660,859,SACD6B73B67001859,BHB-1719,Honda CR-V,2013,57877.96,Van
661,860,SAD2AB2B971001860,CHB-1721,Isuzu D-Max,2013,136091.11,Sedan
662,861,SA08B7DC6E8001861,DHB-1723,Ford Ranger,2011,50855.67,Sedan
663,862,SA64517D843001862,EHB-1725,Toyota Land Cruiser,2015,133644.15,SUV
664,863,SA4738A8F6F001863,FHB-1727,Mazda CX-5,2014,56345.29,Hatchback
665,864,SA51FD081FB001864,GHB-1729,Ford Ranger,2013,83552.61,Pickup
666,865,SA281683D06001865,HHB-1731,Nissan Patrol,2010,66176.54,Pickup
667,866,SA919D23562001866,IHB-1733,Ford Ranger,2014,88171.79,Sedan
668,867,SAA03CAEC56001867,JHB-1735,Honda CR-V,2011,76223.41,Crossover
669,868,SA4DBF29D90001868,KHB-1737,Ford Expedition,2012,114521.20,Van
670,869,SAE22C686BC001869,LHB-1739,Mazda CX-5,2010,76102.92,Van
671,870,SA818CDCF06001870,MHB-1741,Mitsubishi Pajero,2011,98696.38,SUV
672,871,SAFD9E2AE32001871,NHB-1743,Ford Ranger,2016,125007.29,Sedan
673,872,SA032ABCD42001872,OHB-1745,Ford Ranger,2012,65400.54,Pickup
674,873,SA80A9EFD37001873,PHB-1747,Toyota Fortuner,2013,134743.01,Sedan
675,874,SAA35D11C2F001874,QHB-1749,Nissan Patrol,2016,60317.46,Sedan
676,875,SA5C48FF18E001875,RHB-1751,Mitsubishi Pajero,2011,105259.55,SUV
677,876,SA7690DD4DB001876,SHB-1753,Honda CR-V,2011,107589.33,Pickup
678,877,SA575AFBDCA001877,THB-1755,Nissan Patrol,2015,96193.84,Hatchback
679,878,SAB3DDB7C5B001878,UHB-1757,Chevrolet Trailblazer,2013,130215.43,SUV
680,879,SAC9BC734C0001879,VHB-1759,Isuzu D-Max,2015,84594.37,SUV
681,880,SA97EA3CFB6001880,WHB-1761,Honda CR-V,2014,105945.24,Crossover
682,881,SA3F9E3767E001881,XHB-1763,Isuzu D-Max,2016,140986.32,Sedan
683,882,SA709D00F20001882,YHB-1765,Toyota Land Cruiser,2015,54862.71,Crossover
684,883,SABF4334A24001883,ZHB-1767,Mitsubishi Pajero,2014,148078.41,Pickup
685,884,SA6E88EC145001884,AIB-1769,Nissan Patrol,2012,50985.36,Crossover
686,885,SAADB0E2C46001885,BIB-1771,Toyota Fortuner,2011,63742.32,Crossover
687,886,SAB4B758962001886,CIB-1773,Ford Expedition,2010,65680.61,Van
688,887,SA222AFBE0D001887,DIB-1775,Ford Expedition,2010,136051.71,Hatchback
689,888,SA76BBA5EE2001888,EIB-1777,Toyota Land Cruiser,2010,124342.98,SUV
690,889,SA5747A0021001889,FIB-1779,Mazda CX-5,2015,54409.22,Crossover
691,890,SAF4D87ED3B001890,GIB-1781,Honda CR-V,2011,143322.51,SUV
692,891,SAFED537780001891,HIB-1783,Honda CR-V,2013,76623.11,SUV
693,892,SA610190314001892,IIB-1785,Isuzu D-Max,2011,146535.15,Sedan
694,893,SA32B8923DC001893,JIB-1787,Ford Ranger,2011,114172.64,Van
695,894,SA09AB23B6B001894,KIB-1789,Hyundai Tucson,2013,146447.85,SUV
696,895,SA1AE5168B1001895,LIB-1791,Ford Expedition,2016,88584.96,Sedan
697,896,SA9523147E5001896,MIB-1793,Mazda CX-5,2011,83627.80,Van
698,897,SA6E839DD93001897,NIB-1795,Honda CR-V,2014,73046.74,Van
699,898,SA7B647A7D8001898,OIB-1797,Nissan Patrol,2016,96554.72,SUV
700,899,SA2AAC0E275001899,PIB-1799,Mazda CX-5,2010,56627.83,Hatchback
701,900,SAC3DABA8BA001900,QIB-1801,Ford Ranger,2013,52966.43,Pickup
702,901,SA840C3EDA3001901,RIB-1803,Ford Expedition,2016,64222.77,Sedan
703,902,SAD846E38F1001902,SIB-1805,Mitsubishi Pajero,2013,130844.23,Van
704,903,SAE2E142353001903,TIB-1807,Nissan Patrol,2012,146986.05,Van
705,904,SA70D355680001904,UIB-1809,Mazda CX-5,2013,73695.44,Sedan
706,905,SAF9209B786001905,VIB-1811,Hyundai Tucson,2012,113796.53,Pickup
707,906,SA4D7E0D728001906,WIB-1813,Honda CR-V,2010,126759.43,Crossover
708,907,SA427184662001907,XIB-1815,Honda CR-V,2012,146468.84,Hatchback
709,908,SAB367E525A001908,YIB-1817,Kia Sorento,2010,60976.28,Pickup
710,909,SA0A7D7A81E001909,ZIB-1819,Honda CR-V,2015,146627.90,Van
711,910,SAABCEEDF50001910,AJB-1821,Ford Expedition,2015,70833.53,Van
712,911,SA81D7118D8001911,BJB-1823,Nissan Patrol,2015,58955.59,Pickup
713,912,SA94FEE470B001912,CJB-1825,Ford Expedition,2015,129145.02,Crossover
714,913,SA5C9452254001913,DJB-1827,Isuzu D-Max,2011,86085.99,Van
715,914,SA3677481DC001914,EJB-1829,Toyota Fortuner,2012,140051.89,SUV
716,915,SAB1B14F09E001915,FJB-1831,Hyundai Tucson,2015,143882.49,Crossover
717,916,SA97737A793001916,GJB-1833,Ford Ranger,2011,141415.23,Van
718,917,SA9DC603EAD001917,HJB-1835,Mazda CX-5,2015,116725.54,Crossover
719,918,SA4D215AB75001918,IJB-1837,Ford Expedition,2015,108866.37,Crossover
720,919,SADFC7DEFAC001919,JJB-1839,Toyota Fortuner,2016,145641.27,Crossover
721,920,SAEBF99BB5D001920,KJB-1841,Hyundai Tucson,2013,124544.29,Sedan
722,921,SABD6226970001921,LJB-1843,Kia Sorento,2014,58694.25,Van
723,922,SABC45EE460001922,MJB-1845,Honda CR-V,2012,132075.98,Hatchback
724,923,SABC2BA6BFF001923,NJB-1847,Ford Expedition,2016,141725.35,SUV
725,924,SA30F607DCA001924,OJB-1849,Ford Expedition,2012,74514.10,SUV
726,925,SAA2CE8F170001925,PJB-1851,Toyota Land Cruiser,2012,148904.75,SUV
727,926,SA43F8E83D1001926,QJB-1853,Mitsubishi Pajero,2016,112255.88,Hatchback
728,927,SA146F7DD4C001927,RJB-1855,Hyundai Tucson,2010,50886.89,Van
729,928,SA85554F207001928,SJB-1857,Isuzu D-Max,2016,113594.40,SUV
730,929,SA14C4F3614001929,TJB-1859,Mazda CX-5,2016,105946.66,SUV
731,930,SA42BA513C4001930,UJB-1861,Kia Sorento,2010,103721.90,Sedan
732,931,SA37F76C6FE001931,VJB-1863,Toyota Fortuner,2014,82145.91,Pickup
733,932,SA7B780BE82001932,WJB-1865,Nissan Patrol,2011,142808.18,Van
734,933,SABD9D03102001933,XJB-1867,Toyota Fortuner,2013,100504.54,Pickup
735,934,SA8F187F643001934,YJB-1869,Chevrolet Trailblazer,2015,75909.46,Sedan
736,935,SA0DC11DC17001935,ZJB-1871,Kia Sorento,2013,62252.05,SUV
737,936,SA0BC10D8A7001936,AKB-1873,Kia Sorento,2011,64857.65,Crossover
738,937,SA9C7AA2E1F001937,BKB-1875,Toyota Land Cruiser,2013,64226.63,Crossover
739,938,SA49F85A9ED001938,CKB-1877,Mitsubishi Pajero,2014,54713.27,Crossover
740,939,SA7D128C1D4001939,DKB-1879,Honda CR-V,2014,127516.17,Pickup
741,940,SA9F067D8D6001940,EKB-1881,Kia Sorento,2016,142043.34,SUV
742,941,SAE3844E186001941,FKB-1883,Nissan Patrol,2016,125861.87,Hatchback
743,942,SAE9074DF9D001942,GKB-1885,Toyota Land Cruiser,2013,59381.80,Van
744,943,SA7F9BCC339001943,HKB-1887,Ford Ranger,2012,59604.25,Van
745,944,SA2222F99FE001944,IKB-1889,Toyota Land Cruiser,2011,125890.80,Hatchback
746,945,SABD5B4F9A5001945,JKB-1891,Mitsubishi Pajero,2013,78300.24,SUV
747,946,SAB6F76D7DB001946,KKB-1893,Chevrolet Trailblazer,2013,70951.36,Pickup
748,947,SA3142C42CA001947,LKB-1895,Mitsubishi Pajero,2011,58902.58,Sedan
749,948,SA689016F6E001948,MKB-1897,Mitsubishi Pajero,2015,83409.14,Sedan
750,949,SA003DD617C001949,NKB-1899,Kia Sorento,2011,118511.71,Van
751,950,SAB950EA26C001950,OKB-1901,Kia Sorento,2014,84998.96,Hatchback
752,951,SA58D2F9253001951,PKB-1903,Toyota Land Cruiser,2010,139748.57,Van
753,952,SA97F832F6F001952,QKB-1905,Honda CR-V,2010,128153.12,Hatchback
754,953,SA576E5EFFA001953,RKB-1907,Toyota Land Cruiser,2012,110307.10,SUV
755,954,SA0EBEFBE6A001954,SKB-1909,Ford Expedition,2015,148810.82,Van
756,955,SA67AD4113A001955,TKB-1911,Ford Expedition,2010,132929.22,Sedan
757,956,SA2D13D9019001956,UKB-1913,Toyota Fortuner,2015,78740.95,SUV
758,957,SA4F649B16C001957,VKB-1915,Toyota Fortuner,2015,78149.21,Crossover
759,958,SA123650DD0001958,WKB-1917,Nissan Patrol,2011,107096.85,Crossover
760,959,SAA6D8ECC0B001959,XKB-1919,Kia Sorento,2013,110597.46,Hatchback
761,960,SAA01F3CA6E001960,YKB-1921,Chevrolet Trailblazer,2013,142492.63,Van
762,961,SAB02D46E8A001961,ZKB-1923,Chevrolet Trailblazer,2014,133957.01,Hatchback
763,962,SA9F975093D001962,ALB-1925,Honda CR-V,2010,103411.83,Sedan
764,963,SAF6BC7E9DC001963,BLB-1927,Hyundai Tucson,2010,80552.97,Hatchback
765,964,SA39D4B545F001964,CLB-1929,Mazda CX-5,2010,144059.37,Van
766,965,SAC21387742001965,DLB-1931,Ford Ranger,2014,141127.37,SUV
767,966,SA953ECC4B2001966,ELB-1933,Chevrolet Trailblazer,2010,82885.48,Van
768,967,SA4572101F5001967,FLB-1935,Hyundai Tucson,2015,64267.94,Van
769,968,SA68CFB8F8A001968,GLB-1937,Honda CR-V,2012,119964.99,Hatchback
770,969,SA5D3145E12001969,HLB-1939,Nissan Patrol,2012,75862.04,Sedan
771,970,SACD163419A001970,ILB-1941,Isuzu D-Max,2010,129000.29,Pickup
772,971,SA5E632913B001971,JLB-1943,Ford Ranger,2012,67251.36,SUV
773,972,SA3D98B79AC001972,KLB-1945,Isuzu D-Max,2011,76858.75,Hatchback
774,973,SA535B8A7C2001973,LLB-1947,Toyota Fortuner,2011,107164.63,SUV
775,974,SA69DB61CE3001974,MLB-1949,Isuzu D-Max,2013,107753.04,Sedan
776,975,SA46AAC8E8C001975,NLB-1951,Hyundai Tucson,2010,95821.54,Crossover
777,976,SA4B3ACF483001976,OLB-1953,Toyota Land Cruiser,2010,79095.78,Van
778,977,SA07470878B001977,PLB-1955,Mitsubishi Pajero,2010,60049.72,Sedan
779,978,SA9D3D9B886001978,QLB-1957,Ford Expedition,2010,125791.62,Sedan
780,979,SA44089D5F7001979,RLB-1959,Mitsubishi Pajero,2014,75532.02,Van
781,980,SAB7B58836D001980,SLB-1961,Ford Expedition,2012,85083.45,Pickup
782,981,SA0383314BF001981,TLB-1963,Honda CR-V,2010,119717.67,Van
783,982,SA0A30A980E001982,ULB-1965,Isuzu D-Max,2014,137819.16,Crossover
784,983,SAA62DD1EB9001983,VLB-1967,Toyota Fortuner,2014,147235.23,Sedan
785,984,SA300BEDD5A001984,WLB-1969,Ford Ranger,2012,110421.73,Crossover
786,985,SAD35BF56AC001985,XLB-1971,Honda CR-V,2012,143697.29,Van
787,986,SA5B9373FC1001986,YLB-1973,Nissan Patrol,2012,115274.54,Hatchback
788,987,SA4BD6A600D001987,ZLB-1975,Chevrolet Trailblazer,2016,113043.51,SUV
789,988,SA4BA929900001988,AMB-1977,Mitsubishi Pajero,2012,84332.35,Hatchback
790,989,SAED1D136FF001989,BMB-1979,Chevrolet Trailblazer,2013,70261.29,Hatchback
791,990,SAFA60438AC001990,CMB-1981,Ford Expedition,2012,120109.02,Van
792,991,SAA02EF8389001991,DMB-1983,Nissan Patrol,2015,107187.28,Crossover
793,992,SA79A988726001992,EMB-1985,Isuzu D-Max,2011,128650.68,SUV
794,993,SA6591D327F001993,FMB-1987,Mitsubishi Pajero,2011,81095.09,SUV
795,994,SAF228BDA69001994,GMB-1989,Toyota Fortuner,2015,111864.56,Van
796,995,SAFB6C84779001995,HMB-1991,Chevrolet Trailblazer,2012,52898.49,Pickup
797,996,SAF2876DF2A001996,IMB-1993,Toyota Fortuner,2013,85289.89,Van
798,997,SA90DD303AB001997,JMB-1995,Kia Sorento,2010,75500.54,Sedan
799,998,SA05D8CCCB5001998,KMB-1997,Toyota Fortuner,2010,69304.95,Sedan
800,999,SAD005CE7AE001999,LMB-1999,Honda CR-V,2010,94401.98,Van
801,1000,SAD89F3A359002000,MMB-2001,Toyota Fortuner,2010,55599.28,Van
802,1001,SAA2369958A002001,NMB-2003,Honda CR-V,2016,87980.03,Crossover
803,1002,SAF702DEFBC002002,OMB-2005,Ford Expedition,2015,59641.59,Hatchback
804,1003,SAD2CB583F4002003,PMB-2007,Mitsubishi Pajero,2013,70813.65,Crossover
805,1004,SA6D38B80C1002004,QMB-2009,Mazda CX-5,2013,65007.91,Pickup
806,1005,SAA536FB548002005,RMB-2011,Nissan Patrol,2013,86338.42,Pickup
807,1006,SA7FE3D16A8002006,SMB-2013,Toyota Land Cruiser,2015,59268.99,Hatchback
808,1007,SA4910FCDAE002007,TMB-2015,Toyota Fortuner,2013,147927.44,Hatchback
809,1008,SA725215ED8002008,UMB-2017,Mitsubishi Pajero,2013,67605.04,SUV
810,1009,SAB219F59C2002009,VMB-2019,Hyundai Tucson,2013,137614.88,SUV
811,1010,SA6DFC35C47002010,WMB-2021,Ford Ranger,2013,105243.69,Hatchback
812,1011,SA70BB83C92002011,XMB-2023,Toyota Land Cruiser,2012,135586.58,Pickup
813,1012,SA17DF67628002012,YMB-2025,Honda CR-V,2015,78030.08,Sedan
814,1013,SA50D2E70CD002013,ZMB-2027,Ford Expedition,2016,107569.84,SUV
815,1014,SA5C12A4BCA002014,ANB-2029,Chevrolet Trailblazer,2015,73470.67,Hatchback
816,1015,SA6375F3472002015,BNB-2031,Hyundai Tucson,2010,100169.36,SUV
817,1016,SAB569502F4002016,CNB-2033,Ford Expedition,2011,83279.21,Sedan
818,1017,SAA6A71CB59002017,DNB-2035,Nissan Patrol,2014,118650.64,Pickup
819,1018,SAAC457BA97002018,ENB-2037,Hyundai Tucson,2011,128900.73,Sedan
820,1019,SA6B8027F8D002019,FNB-2039,Mazda CX-5,2016,83928.65,Pickup
821,1020,SA7FD3B80FB002020,GNB-2041,Toyota Land Cruiser,2013,59650.10,Hatchback
822,1021,SA115C51EB3002021,HNB-2043,Toyota Land Cruiser,2011,85223.64,Pickup
823,1022,SAA59AFB1B7002022,INB-2045,Ford Ranger,2016,129079.90,Van
824,1023,SAD36CAD380002023,JNB-2047,Toyota Fortuner,2016,69476.63,Van
825,1024,SA137971982002024,KNB-2049,Kia Sorento,2011,102143.32,Pickup
826,1025,SA5802616AB002025,LNB-2051,Ford Ranger,2016,131151.94,Van
827,1026,SA784A9C5BC002026,MNB-2053,Mitsubishi Pajero,2012,59299.84,Pickup
828,1027,SA1B5959F90002027,NNB-2055,Ford Expedition,2015,98220.69,SUV
829,1028,SA6356D91DC002028,ONB-2057,Kia Sorento,2015,96254.44,Hatchback
830,1029,SAEF1890585002029,PNB-2059,Mazda CX-5,2016,95774.75,Pickup
831,1030,SAB1F130B49002030,QNB-2061,Chevrolet Trailblazer,2016,58491.75,Sedan
832,1031,SA65A5E7764002031,RNB-2063,Ford Ranger,2013,77377.38,SUV
833,1032,SA7684E5225002032,SNB-2065,Toyota Fortuner,2013,102248.53,Hatchback
834,1033,SA6E71D53B8002033,TNB-2067,Honda CR-V,2014,136717.91,Van
835,1034,SA859B75556002034,UNB-2069,Toyota Land Cruiser,2013,144141.35,Sedan
836,1035,SAB34517C68002035,VNB-2071,Hyundai Tucson,2012,106158.52,SUV
837,1036,SA015389E74002036,WNB-2073,Hyundai Tucson,2012,68373.50,Pickup
838,1037,SA0DECD736E002037,XNB-2075,Chevrolet Trailblazer,2015,73263.06,Van
839,1038,SA691F73FDF002038,YNB-2077,Mazda CX-5,2010,147304.45,Van
840,1039,SA5DFD38837002039,ZNB-2079,Kia Sorento,2010,122222.09,SUV
841,1040,SA071F8A367002040,AOB-2081,Nissan Patrol,2012,119849.28,Van
842,1041,SA2D5B53F80002041,BOB-2083,Kia Sorento,2013,127615.87,SUV
843,1042,SA8493EEACC002042,COB-2085,Toyota Land Cruiser,2016,55857.84,Pickup
844,1043,SA5CC33DFE7002043,DOB-2087,Kia Sorento,2016,69255.52,Hatchback
845,1044,SA293835C2C002044,EOB-2089,Kia Sorento,2014,124673.73,Sedan
846,1045,SA4B730BB36002045,FOB-2091,Isuzu D-Max,2010,125169.70,Van
847,1046,SA8A2D33453002046,GOB-2093,Hyundai Tucson,2010,91949.46,Pickup
848,1047,SAE6D76B264002047,HOB-2095,Nissan Patrol,2016,92169.56,Crossover
849,1048,SA3BB39BAF4002048,IOB-2097,Ford Expedition,2011,95422.39,Van
850,1049,SAB62682B1A002049,JOB-2099,Honda CR-V,2013,74631.82,SUV
851,1050,SA08FA43588002050,KOB-2101,Hyundai Tucson,2016,114507.33,SUV
852,1051,SA99113167F002051,LOB-2103,Kia Sorento,2015,62055.84,SUV
853,1052,SA3FAF3B08D002052,MOB-2105,Ford Expedition,2016,81304.71,Van
854,1053,SAB84A25D15002053,NOB-2107,Honda CR-V,2011,67110.22,Crossover
855,1054,SA274895FD4002054,OOB-2109,Mitsubishi Pajero,2014,124159.22,SUV
856,1055,SA3804BFF92002055,POB-2111,Isuzu D-Max,2015,141898.03,Hatchback
857,1056,SA69C418C33002056,QOB-2113,Mitsubishi Pajero,2014,117517.53,SUV
858,1057,SA447664A31002057,ROB-2115,Toyota Land Cruiser,2012,131272.76,Pickup
859,1058,SA73601BC3B002058,SOB-2117,Mazda CX-5,2013,116011.11,Van
860,1059,SADD4729902002059,TOB-2119,Hyundai Tucson,2015,93816.13,SUV
861,1060,SA1AA4DE654002060,UOB-2121,Mazda CX-5,2013,59442.99,Sedan
862,1061,SA101345BA7002061,VOB-2123,Honda CR-V,2012,104263.86,Pickup
863,1062,SAEB76C4A54002062,WOB-2125,Mitsubishi Pajero,2012,64795.56,SUV
864,1063,SA7E8C3B367002063,XOB-2127,Chevrolet Trailblazer,2013,63504.82,Crossover
865,1064,SAC95D62C68002064,YOB-2129,Mitsubishi Pajero,2010,57983.20,Sedan
866,1065,SA747653395002065,ZOB-2131,Kia Sorento,2016,117536.15,Van
867,1066,SAEF2F8301B002066,APB-2133,Kia Sorento,2010,78839.19,Crossover
868,1067,SAEA4C796CC002067,BPB-2135,Mazda CX-5,2016,77440.20,Hatchback
869,1068,SAB70D15BF5002068,CPB-2137,Chevrolet Trailblazer,2013,85209.41,Crossover
870,1069,SA77B88288E002069,DPB-2139,Toyota Fortuner,2010,135091.32,Van
871,1070,SA33F248117002070,EPB-2141,Nissan Patrol,2016,129126.69,Sedan
872,1071,SA231E535A6002071,FPB-2143,Isuzu D-Max,2010,138389.57,Hatchback
873,1072,SA9012AFF7C002072,GPB-2145,Toyota Land Cruiser,2011,71835.23,Pickup
874,1073,SA4E5062571002073,HPB-2147,Ford Ranger,2011,91521.29,Van
875,1074,SAF7A124943002074,IPB-2149,Kia Sorento,2014,53956.69,Crossover
876,1075,SA5699EA73C002075,JPB-2151,Nissan Patrol,2014,101758.89,Pickup
877,1076,SA44C742899002076,KPB-2153,Mazda CX-5,2012,81308.61,Sedan
878,1077,SA85BE7E923002077,LPB-2155,Mitsubishi Pajero,2012,54965.35,Pickup
879,1078,SA6AFD3A1BB002078,MPB-2157,Mazda CX-5,2016,85436.50,Hatchback
880,1079,SAEC3183A7F002079,NPB-2159,Hyundai Tucson,2016,97061.85,Hatchback
881,1080,SAA3CE63A7A002080,OPB-2161,Ford Ranger,2016,99013.57,SUV
882,1081,SAD787F83A9002081,PPB-2163,Mazda CX-5,2013,134450.19,Van
883,1082,SAF0BBF5FB2002082,QPB-2165,Hyundai Tucson,2015,65806.32,Crossover
884,1083,SA10976997A002083,RPB-2167,Hyundai Tucson,2013,73087.85,Van
885,1084,SA24CCEAB7F002084,SPB-2169,Isuzu D-Max,2015,103254.66,Van
886,1085,SA7792B558C002085,TPB-2171,Ford Expedition,2011,138185.84,Crossover
887,1086,SAA4267159A002086,UPB-2173,Mazda CX-5,2014,135079.10,Van
888,1087,SAA5AE355FB002087,VPB-2175,Hyundai Tucson,2011,127276.61,Crossover
889,1088,SA9EC1994BB002088,WPB-2177,Chevrolet Trailblazer,2011,131136.26,Pickup
890,1089,SA76C65DEF2002089,XPB-2179,Hyundai Tucson,2010,77563.01,Sedan
891,1090,SA25D9E7C11002090,YPB-2181,Mitsubishi Pajero,2014,137859.57,Van
892,1091,SA6BD2AB1DE002091,ZPB-2183,Nissan Patrol,2016,139911.15,SUV
893,1092,SA9A4D6E868002092,AQB-2185,Mazda CX-5,2015,124269.98,Sedan
894,1093,SA40D32AB6B002093,BQB-2187,Chevrolet Trailblazer,2014,50977.76,Hatchback
895,1094,SAF18288B44002094,CQB-2189,Ford Expedition,2010,97962.70,Pickup
896,1095,SA0561BC7EC002095,DQB-2191,Nissan Patrol,2014,56680.53,Crossover
897,1096,SAD9BEC6B99002096,EQB-2193,Nissan Patrol,2015,59979.26,Crossover
898,1097,SA164FBF608002097,FQB-2195,Nissan Patrol,2016,80682.47,Hatchback
899,1098,SA0B01C7D68002098,GQB-2197,Mitsubishi Pajero,2016,115901.18,Van
900,1099,SA35D58F24D002099,HQB-2199,Chevrolet Trailblazer,2010,92478.84,Van
901,1100,SA64254DB83002100,IQB-2201,Toyota Land Cruiser,2011,76932.39,Hatchback
902,1101,SA35569D4C2002101,JQB-2203,Honda CR-V,2015,105098.51,Crossover
903,1102,SAEBF9F48AB002102,KQB-2205,Isuzu D-Max,2011,139007.81,SUV
904,1103,SA09D7DE7EB002103,LQB-2207,Kia Sorento,2010,127439.92,Crossover
905,1104,SAE10559D57002104,MQB-2209,Ford Ranger,2012,102097.19,Crossover
906,1105,SA6AA21DD99002105,NQB-2211,Ford Ranger,2010,99927.68,Van
907,1106,SA14C1633AD002106,OQB-2213,Mitsubishi Pajero,2015,127592.21,Sedan
908,1107,SA7E2674F6F002107,PQB-2215,Ford Ranger,2016,121536.83,SUV
909,1108,SA77772713A002108,QQB-2217,Chevrolet Trailblazer,2015,53019.83,Pickup
910,1109,SAF508AFAA8002109,RQB-2219,Mitsubishi Pajero,2015,87787.37,Crossover
911,1110,SAE4DB4FC1E002110,SQB-2221,Ford Ranger,2011,107516.42,Van
912,1111,SAB0BAEE9D2002111,TQB-2223,Toyota Land Cruiser,2015,65125.75,SUV
913,1112,SA0FB94B523002112,UQB-2225,Ford Expedition,2011,65380.37,Pickup
914,1113,SAE896DB75D002113,VQB-2227,Ford Expedition,2016,123702.30,Crossover
915,1114,SA4CEEFB51A002114,WQB-2229,Mitsubishi Pajero,2010,128108.23,SUV
916,1115,SA0F9447C0F002115,XQB-2231,Kia Sorento,2014,127265.81,Sedan
917,1116,SA2190834CF002116,YQB-2233,Toyota Fortuner,2012,128935.89,Sedan
918,1117,SA3BC31A430002117,ZQB-2235,Hyundai Tucson,2013,102894.24,Crossover
919,1118,SAE46BE61F0002118,ARB-2237,Mazda CX-5,2011,88858.06,Pickup
920,1119,SAEE7AF88F5002119,BRB-2239,Toyota Fortuner,2016,147849.03,Crossover
921,1120,SADC1D3CB95002120,CRB-2241,Hyundai Tucson,2011,55231.16,Crossover
922,1121,SA68DFFF284002121,DRB-2243,Kia Sorento,2013,113483.13,SUV
923,1122,SA0E105949D002122,ERB-2245,Mitsubishi Pajero,2013,144682.01,Hatchback
924,1123,SA87373DF3F002123,FRB-2247,Chevrolet Trailblazer,2016,75712.82,Van
925,1124,SA4E316BF7C002124,GRB-2249,Honda CR-V,2011,125665.81,SUV
926,1125,SA6CB993C8F002125,HRB-2251,Nissan Patrol,2011,149192.49,SUV
927,1126,SA481D66D70002126,IRB-2253,Nissan Patrol,2010,99492.51,Hatchback
928,1127,SA15FA1FAD1002127,JRB-2255,Mitsubishi Pajero,2015,114833.45,Van
929,1128,SA33B5450D7002128,KRB-2257,Hyundai Tucson,2014,110385.42,Crossover
930,1129,SAD3B8CF8B9002129,LRB-2259,Ford Ranger,2015,104353.08,Pickup
931,1130,SAB983273D8002130,MRB-2261,Mazda CX-5,2012,51103.23,Crossover
932,1131,SA7EF6026BB002131,NRB-2263,Kia Sorento,2011,72517.31,Pickup
933,1132,SAFE09F091F002132,ORB-2265,Toyota Land Cruiser,2011,137864.16,Crossover
934,1133,SA53DBBE2E2002133,PRB-2267,Nissan Patrol,2010,129245.53,Van
935,1134,SA7F6B55068002134,QRB-2269,Toyota Fortuner,2011,54978.30,SUV
936,1135,SA7F46C947F002135,RRB-2271,Chevrolet Trailblazer,2010,57611.07,Pickup
937,1136,SADB00F1B7F002136,SRB-2273,Ford Expedition,2012,115848.05,Pickup
938,1137,SA8E80AA866002137,TRB-2275,Mazda CX-5,2010,97744.56,SUV
939,1138,SA189E3F782002138,URB-2277,Kia Sorento,2011,134006.51,Sedan
940,1139,SAFF4DFDF59002139,VRB-2279,Ford Ranger,2014,128166.74,Van
941,1140,SAC11ABFD29002140,WRB-2281,Mazda CX-5,2011,53462.32,Hatchback
942,1141,SA77CF0096C002141,XRB-2283,Kia Sorento,2012,128701.37,Pickup
943,1142,SA6B3AFA9EF002142,YRB-2285,Isuzu D-Max,2015,89861.27,Pickup
944,1143,SA9B7C8D13E002143,ZRB-2287,Toyota Land Cruiser,2013,119854.43,Sedan
945,1144,SA79F56E5E3002144,ASB-2289,Ford Expedition,2015,148105.44,Sedan
946,1145,SAF0EB6568E002145,BSB-2291,Toyota Fortuner,2010,64528.86,Pickup
947,1146,SAF806C5D27002146,CSB-2293,Kia Sorento,2010,143963.41,Sedan
948,1147,SA892D9369D002147,DSB-2295,Ford Ranger,2014,96797.08,SUV
949,1148,SA86654AA91002148,ESB-2297,Nissan Patrol,2015,91581.92,Pickup
950,1149,SA3A93A609B002149,FSB-2299,Ford Expedition,2010,129958.54,SUV
951,1150,SA0374AEE11002150,GSB-2301,Hyundai Tucson,2012,87608.00,Van
952,1151,SAB55796D2D002151,HSB-2303,Nissan Patrol,2011,94732.99,Hatchback
953,1152,SA40A0F39C6002152,ISB-2305,Honda CR-V,2012,142784.23,Van
954,1153,SAFD92A703E002153,JSB-2307,Honda CR-V,2010,94857.90,Pickup
955,1154,SA28BBD522F002154,KSB-2309,Isuzu D-Max,2015,120991.46,Sedan
956,1155,SA34B9E872A002155,LSB-2311,Isuzu D-Max,2011,61245.55,Crossover
957,1156,SA1D73570DD002156,MSB-2313,Hyundai Tucson,2015,123794.43,Van
958,1157,SA20AEB8A86002157,NSB-2315,Honda CR-V,2010,124427.00,Van
959,1158,SA588CB956D002158,OSB-2317,Mitsubishi Pajero,2014,75419.58,SUV
960,1159,SA6595F3201002159,PSB-2319,Honda CR-V,2013,56076.48,Sedan
961,1160,SA0BF31D0D7002160,QSB-2321,Hyundai Tucson,2016,113416.11,Crossover
962,1161,SA433A6EA54002161,RSB-2323,Toyota Land Cruiser,2011,133029.81,Pickup
963,1162,SAC6243FD9F002162,SSB-2325,Hyundai Tucson,2011,85510.80,Pickup
964,1163,SAFDEC523BD002163,TSB-2327,Kia Sorento,2016,112473.73,Sedan
965,1164,SA3D928258C002164,USB-2329,Chevrolet Trailblazer,2013,55441.97,Van
966,1165,SA9B34958C2002165,VSB-2331,Isuzu D-Max,2014,124945.41,Crossover
967,1166,SA69748BBBC002166,WSB-2333,Ford Expedition,2014,99315.92,Crossover
968,1167,SA9274EAE5C002167,XSB-2335,Nissan Patrol,2014,143223.36,Crossover
969,1168,SA7A6BDA9AD002168,YSB-2337,Honda CR-V,2014,68471.27,Pickup
970,1169,SACC823B8F1002169,ZSB-2339,Toyota Land Cruiser,2014,140740.39,Crossover
971,1170,SA80CA4EE10002170,ATB-2341,Toyota Land Cruiser,2010,149664.52,SUV
972,1171,SA668482846002171,BTB-2343,Mazda CX-5,2011,58664.51,Van
973,1172,SA2B2E7393B002172,CTB-2345,Nissan Patrol,2016,70781.58,Hatchback
974,1173,SA0A656CC19002173,DTB-2347,Nissan Patrol,2014,149835.24,Pickup
975,1174,SABDDCDA5D6002174,ETB-2349,Hyundai Tucson,2012,93960.65,SUV
976,1175,SAE464656ED002175,FTB-2351,Isuzu D-Max,2013,80157.91,SUV
977,1176,SAE0F66D318002176,GTB-2353,Mitsubishi Pajero,2013,81969.14,Hatchback
978,1177,SADC4A4D9C5002177,HTB-2355,Toyota Fortuner,2015,111276.21,Pickup
979,1178,SA30F21D8FA002178,ITB-2357,Toyota Land Cruiser,2013,97174.34,Pickup
980,1179,SA5C1F2CFAE002179,JTB-2359,Hyundai Tucson,2014,54222.20,Hatchback
981,1180,SAFEC3392B0002180,KTB-2361,Hyundai Tucson,2010,129395.49,Crossover
982,1181,SA988FFC07E002181,LTB-2363,Chevrolet Trailblazer,2014,116243.01,Sedan
983,1182,SAB99F42429002182,MTB-2365,Hyundai Tucson,2010,69754.69,Van
984,1183,SA38956A068002183,NTB-2367,Mitsubishi Pajero,2013,118146.58,Crossover
985,1184,SADAED21030002184,OTB-2369,Toyota Land Cruiser,2013,59599.33,Crossover
986,1185,SAB1B3CC561002185,PTB-2371,Chevrolet Trailblazer,2011,133085.34,Crossover
987,1186,SAD5C604967002186,QTB-2373,Mazda CX-5,2012,147765.77,Crossover
988,1187,SAEBC2AA04E002187,RTB-2375,Toyota Fortuner,2014,89450.06,Van
989,1188,SA713F96370002188,STB-2377,Nissan Patrol,2015,84903.40,SUV
990,1189,SA6EF1173B0002189,TTB-2379,Honda CR-V,2016,91858.37,SUV
991,1190,SA108F6A488002190,UTB-2381,Kia Sorento,2015,63435.25,Pickup
992,1191,SAEBB11AE4E002191,VTB-2383,Mitsubishi Pajero,2016,110095.98,Sedan
993,1192,SA9AE5F16BB002192,WTB-2385,Mitsubishi Pajero,2015,133323.04,Van
994,1193,SA0B3645153002193,XTB-2387,Toyota Fortuner,2010,131486.79,Hatchback
995,1194,SA87A1CE410002194,YTB-2389,Mazda CX-5,2011,53643.31,Sedan
996,1195,SA20858F1E6002195,ZTB-2391,Honda CR-V,2010,91931.10,SUV
997,1196,SA0A97E4F47002196,AUB-2393,Mazda CX-5,2014,69259.80,Crossover
998,1197,SAE702100AA002197,BUB-2395,Ford Ranger,2016,67363.66,Hatchback
999,1198,SA6338B0034002198,CUB-2397,Mitsubishi Pajero,2012,145567.96,Pickup
1000,1199,SA0A2090E24002199,DUB-2399,Toyota Land Cruiser,2015,63554.92,SUV
1001,700,SA14B85B075002700,YAC-1402,Ford Expedition,2010,131783.51,Hatchback
1002,701,SA55FD13681002701,ZAC-1404,Mitsubishi Pajero,2011,129568.06,Sedan
1003,702,SA1F33D7CF6002702,ABC-1406,Ford Ranger,2015,83999.03,Hatchback
1004,703,SA6AF97D7DE002703,BBC-1408,Toyota Fortuner,2010,108607.42,Pickup
1005,704,SA8C66BB198002704,CBC-1410,Toyota Land Cruiser,2013,56098.85,Crossover
1006,705,SA0428BE749002705,DBC-1412,Ford Ranger,2013,69679.20,Van
1007,706,SA6CF75A28E002706,EBC-1414,Toyota Land Cruiser,2010,90874.11,Van
1008,707,SA29E11EA8E002707,FBC-1416,Mitsubishi Pajero,2012,68408.80,Hatchback
1009,708,SA3BF29F384002708,GBC-1418,Hyundai Tucson,2016,132993.42,Pickup
1010,709,SAD4A932970002709,HBC-1420,Kia Sorento,2010,133346.74,Crossover
1011,710,SAC9D9EDBF9002710,IBC-1422,Mitsubishi Pajero,2010,113372.90,Hatchback
1012,711,SABA7609EE5002711,JBC-1424,Ford Ranger,2010,80953.26,SUV
1013,712,SADF334B223002712,KBC-1426,Isuzu D-Max,2011,50214.12,SUV
1014,713,SA32B127307002713,LBC-1428,Kia Sorento,2013,60628.18,Crossover
1015,714,SA914101EC4002714,MBC-1430,Honda CR-V,2013,95596.45,Crossover
1016,715,SA185E48A43002715,NBC-1432,Honda CR-V,2012,96802.16,Pickup
1017,716,SA7DD3ED2E1002716,OBC-1434,Chevrolet Trailblazer,2016,93847.57,Van
1018,717,SA1D0832C49002717,PBC-1436,Mitsubishi Pajero,2012,82961.19,SUV
1019,718,SAEF70E26A0002718,QBC-1438,Mitsubishi Pajero,2016,120044.92,SUV
1020,719,SA73EFCFE5F002719,RBC-1440,Nissan Patrol,2011,53881.61,SUV
1021,720,SAF862D1345002720,SBC-1442,Ford Ranger,2013,95551.38,Sedan
1022,721,SAE14E58299002721,TBC-1444,Mitsubishi Pajero,2016,78705.08,Hatchback
1023,722,SA3C5BE6328002722,UBC-1446,Ford Ranger,2013,125440.80,Sedan
1024,723,SAD8EA5F53C002723,VBC-1448,Kia Sorento,2015,99940.04,Crossover
1025,724,SAA09B68ADA002724,WBC-1450,Honda CR-V,2010,132756.42,Sedan
1026,725,SA201D54699002725,XBC-1452,Honda CR-V,2015,101993.81,Pickup
1027,726,SA9773D3352002726,YBC-1454,Ford Ranger,2013,135316.50,Sedan
1028,727,SAD2A1E34D8002727,ZBC-1456,Hyundai Tucson,2013,56969.95,SUV
1029,728,SA21C2C2548002728,ACC-1458,Ford Expedition,2015,112146.00,SUV
1030,729,SAF0E6BE4CE002729,BCC-1460,Chevrolet Trailblazer,2015,93560.82,Sedan
1031,730,SAD9437926C002730,CCC-1462,Toyota Fortuner,2010,75036.80,Van
1032,731,SAFC2022C89002731,DCC-1464,Mazda CX-5,2014,122196.50,Sedan
1033,732,SA182BD81EA002732,ECC-1466,Ford Expedition,2015,57893.68,Hatchback
1034,733,SA3D1296C4B002733,FCC-1468,Hyundai Tucson,2016,119177.66,Van
1035,734,SA8612C55D2002734,GCC-1470,Mazda CX-5,2013,134147.14,Crossover
1036,735,SAAB73F542B002735,HCC-1472,Ford Ranger,2012,105630.01,Sedan
1037,736,SA1E9B64527002736,ICC-1474,Hyundai Tucson,2013,55940.01,Sedan
1038,737,SA8F91C9C26002737,JCC-1476,Honda CR-V,2010,57724.48,Crossover
1039,738,SAC9DD73F5C002738,KCC-1478,Mazda CX-5,2016,98235.34,Crossover
1040,739,SA7A1D9028A002739,LCC-1480,Ford Ranger,2016,148903.40,SUV
1041,740,SAB6846B018002740,MCC-1482,Isuzu D-Max,2013,148844.57,Crossover
1042,741,SAE13748298002741,NCC-1484,Hyundai Tucson,2010,99961.05,SUV
1043,742,SA52AAA62E7002742,OCC-1486,Toyota Land Cruiser,2014,64756.27,Sedan
1044,743,SA48BEA99C8002743,PCC-1488,Kia Sorento,2013,141779.29,Hatchback
1045,744,SAE41990B12002744,QCC-1490,Hyundai Tucson,2012,63597.67,Sedan
1046,745,SA71CC107D2002745,RCC-1492,Hyundai Tucson,2015,94992.34,Van
1047,746,SAB8102D1FA002746,SCC-1494,Ford Expedition,2013,71932.89,Van
1048,747,SAE5E6851E7002747,TCC-1496,Kia Sorento,2014,75335.99,Hatchback
1049,748,SA34F5297EF002748,UCC-1498,Honda CR-V,2010,86576.99,Van
1050,749,SAC82B01331002749,VCC-1500,Toyota Fortuner,2011,55236.07,Crossover
1051,750,SA475CC020A002750,WCC-1502,Toyota Fortuner,2012,104526.11,Van
1052,751,SA161C5C5AD002751,XCC-1504,Hyundai Tucson,2016,122478.84,Pickup
1053,752,SA67E235E7F002752,YCC-1506,Mazda CX-5,2016,104225.89,Hatchback
1054,753,SAAEECC5A9C002753,ZCC-1508,Hyundai Tucson,2011,62246.43,Sedan
1055,754,SA2A8A8BDE5002754,ADC-1510,Hyundai Tucson,2014,108090.94,Crossover
1056,755,SA626FBE83F002755,BDC-1512,Ford Ranger,2014,77940.47,SUV
1057,756,SAEB46C61F9002756,CDC-1514,Toyota Land Cruiser,2011,149192.13,Hatchback
1058,757,SA9B8EF2722002757,DDC-1516,Toyota Land Cruiser,2012,148019.10,Van
1059,758,SA48C4A756D002758,EDC-1518,Chevrolet Trailblazer,2016,72160.97,Hatchback
1060,759,SAFC9812127002759,FDC-1520,Chevrolet Trailblazer,2016,73956.64,Sedan
1061,760,SAB3D6E130A002760,GDC-1522,Mazda CX-5,2016,120710.79,Hatchback
1062,761,SACE5D75028002761,HDC-1524,Ford Expedition,2010,112905.73,SUV
1063,762,SA2175F8C5C002762,IDC-1526,Mazda CX-5,2015,106934.60,Crossover
1064,763,SA20754AEB1002763,JDC-1528,Mazda CX-5,2015,147343.78,Crossover
1065,764,SA60A0DD962002764,KDC-1530,Nissan Patrol,2016,114738.28,Sedan
1066,765,SA341CD4053002765,LDC-1532,Ford Expedition,2015,86129.06,Van
1067,766,SADE8AA43E5002766,MDC-1534,Kia Sorento,2010,81137.36,Crossover
1068,767,SA7EC2442AA002767,NDC-1536,Ford Expedition,2013,139639.01,Van
1069,768,SA159210403002768,ODC-1538,Toyota Fortuner,2010,101956.08,SUV
1070,769,SA15BB63B28002769,PDC-1540,Ford Expedition,2013,134039.42,Pickup
1071,770,SA8FC4BC380002770,QDC-1542,Hyundai Tucson,2012,92153.40,Hatchback
1072,771,SAC5EEE1896002771,RDC-1544,Chevrolet Trailblazer,2016,81619.96,Van
1073,772,SABE26ABE76002772,SDC-1546,Chevrolet Trailblazer,2011,94724.01,SUV
1074,773,SA9B07F5014002773,TDC-1548,Toyota Land Cruiser,2012,60483.57,Hatchback
1075,774,SAE43739BBA002774,UDC-1550,Hyundai Tucson,2015,122490.13,SUV
1076,775,SA804741413002775,VDC-1552,Mitsubishi Pajero,2015,80769.46,Van
1077,776,SA02709600F002776,WDC-1554,Chevrolet Trailblazer,2010,93681.66,Sedan
1078,777,SA36E51F22C002777,XDC-1556,Isuzu D-Max,2015,116722.72,Crossover
1079,778,SAAC5C48227002778,YDC-1558,Mazda CX-5,2016,85137.72,Hatchback
1080,779,SA33866F3A2002779,ZDC-1560,Isuzu D-Max,2013,143163.87,Van
1081,780,SAAD551FD8C002780,AEC-1562,Ford Ranger,2014,70886.78,Pickup
1082,781,SAEEFC7BFE8002781,BEC-1564,Mazda CX-5,2015,50035.70,SUV
1083,782,SA1E669A61F002782,CEC-1566,Hyundai Tucson,2014,60028.44,Crossover
1084,783,SAED0E6F99C002783,DEC-1568,Toyota Fortuner,2015,142854.00,Crossover
1085,784,SA881CB5534002784,EEC-1570,Isuzu D-Max,2011,95299.67,Van
1086,785,SAB16574C54002785,FEC-1572,Mitsubishi Pajero,2016,70497.06,Pickup
1087,786,SAA6B964C0B002786,GEC-1574,Honda CR-V,2012,70092.49,Crossover
1088,787,SAB543376B5002787,HEC-1576,Toyota Land Cruiser,2012,120212.33,Pickup
1089,788,SA3DDE11A76002788,IEC-1578,Ford Ranger,2015,64557.89,Van
1090,789,SAF880D0D6A002789,JEC-1580,Kia Sorento,2016,71664.44,Sedan
1091,790,SA66FE2BCC7002790,KEC-1582,Toyota Fortuner,2015,106641.48,Pickup
1092,791,SA5C7A3B81A002791,LEC-1584,Toyota Fortuner,2012,60361.89,Hatchback
1093,792,SA2CD2915E6002792,MEC-1586,Kia Sorento,2011,147021.06,Hatchback
1094,793,SA7FC346397002793,NEC-1588,Mitsubishi Pajero,2012,80626.28,Sedan
1095,794,SA0F541ECCC002794,OEC-1590,Kia Sorento,2016,106411.20,Pickup
1096,795,SAF316E3FE3002795,PEC-1592,Kia Sorento,2015,143752.02,Sedan
1097,796,SAEBB87FAA7002796,QEC-1594,Isuzu D-Max,2010,56290.91,Hatchback
1098,797,SAB5507F51B002797,REC-1596,Ford Expedition,2011,68875.47,Sedan
1099,798,SA4EFA8B668002798,SEC-1598,Hyundai Tucson,2014,63512.07,Pickup
1100,799,SAE02AF5824002799,TEC-1600,Toyota Land Cruiser,2014,123762.06,Hatchback
1101,800,SAD9FBED9DA002800,UEC-1602,Mazda CX-5,2010,87910.63,Sedan
1102,801,SA8BCF57CAA002801,VEC-1604,Ford Ranger,2012,106649.85,SUV
1103,802,SA60C97BEF0002802,WEC-1606,Toyota Fortuner,2014,87108.60,Sedan
1104,803,SA319BE2A70002803,XEC-1608,Isuzu D-Max,2014,62604.99,Crossover
1105,804,SA6EBB69FFB002804,YEC-1610,Mitsubishi Pajero,2011,83892.96,SUV
1106,805,SA93C83A131002805,ZEC-1612,Hyundai Tucson,2010,78101.27,SUV
1107,806,SAEE492A6C8002806,AFC-1614,Ford Expedition,2013,135735.15,Pickup
1108,807,SA85DFBA75B002807,BFC-1616,Isuzu D-Max,2015,106504.64,Pickup
1109,808,SAB9E4093F9002808,CFC-1618,Isuzu D-Max,2013,123995.10,Hatchback
1110,809,SA630EFF1B3002809,DFC-1620,Ford Expedition,2014,106877.28,Sedan
1111,810,SA9C693B040002810,EFC-1622,Nissan Patrol,2011,116072.53,Crossover
1112,811,SA45D6637B7002811,FFC-1624,Isuzu D-Max,2011,129978.50,Crossover
1113,812,SAE9507053D002812,GFC-1626,Kia Sorento,2012,114381.22,Hatchback
1114,813,SA8677065F1002813,HFC-1628,Toyota Land Cruiser,2014,113367.67,Crossover
1115,814,SA4B5B81483002814,IFC-1630,Mitsubishi Pajero,2016,139162.04,Hatchback
1116,815,SA8460637FC002815,JFC-1632,Toyota Fortuner,2014,94294.27,Crossover
1117,816,SA7F2776F55002816,KFC-1634,Isuzu D-Max,2015,100740.78,Van
1118,817,SA86F2FBB60002817,LFC-1636,Toyota Fortuner,2014,101541.35,Hatchback
1119,818,SA427357DFB002818,MFC-1638,Hyundai Tucson,2011,105752.93,Van
1120,819,SA774412967002819,NFC-1640,Toyota Fortuner,2016,79809.15,Sedan
1121,820,SA7C6F8DBA4002820,OFC-1642,Kia Sorento,2011,119661.43,Van
1122,821,SA9F655CC88002821,PFC-1644,Isuzu D-Max,2013,112315.29,Crossover
1123,822,SA532923F11002822,QFC-1646,Toyota Fortuner,2016,57655.15,Sedan
1124,823,SAE61EAA38A002823,RFC-1648,Mitsubishi Pajero,2011,127263.74,SUV
1125,824,SAD47BF0AF6002824,SFC-1650,Isuzu D-Max,2011,129273.43,Van
1126,825,SA88B057334002825,TFC-1652,Isuzu D-Max,2011,129726.69,Crossover
1127,826,SA35BF98501002826,UFC-1654,Toyota Land Cruiser,2012,123178.82,Van
1128,827,SAF4BEEBA0D002827,VFC-1656,Mazda CX-5,2015,66805.95,Pickup
1129,828,SA168EFC366002828,WFC-1658,Mazda CX-5,2014,93448.29,Pickup
1130,829,SAD6B5B6924002829,XFC-1660,Chevrolet Trailblazer,2014,134637.94,Van
1131,830,SAC1BB2EC7A002830,YFC-1662,Mazda CX-5,2013,108561.00,Van
1132,831,SAE046EDE63002831,ZFC-1664,Mitsubishi Pajero,2015,59196.65,Sedan
1133,832,SA71969A804002832,AGC-1666,Mazda CX-5,2012,56811.66,SUV
1134,833,SA2B515E2BD002833,BGC-1668,Isuzu D-Max,2011,142189.28,Hatchback
1135,834,SA363CE3CD6002834,CGC-1670,Toyota Fortuner,2016,55430.73,Hatchback
1136,835,SAB71F5AAF3002835,DGC-1672,Ford Expedition,2015,71428.67,Crossover
1137,836,SAD27B95CAC002836,EGC-1674,Hyundai Tucson,2010,99001.22,Crossover
1138,837,SAE95A45D0B002837,FGC-1676,Kia Sorento,2012,114722.41,Sedan
1139,838,SAB3592B070002838,GGC-1678,Honda CR-V,2016,100354.63,Pickup
1140,839,SA1D01BD2E1002839,HGC-1680,Mitsubishi Pajero,2011,70303.22,Sedan
1141,840,SAA749E38F5002840,IGC-1682,Ford Ranger,2016,149476.12,Pickup
1142,841,SA831B342D8002841,JGC-1684,Toyota Fortuner,2011,122417.13,Crossover
1143,842,SA9DFCF16F0002842,KGC-1686,Toyota Land Cruiser,2012,148407.29,SUV
1144,843,SA117FFC1AC002843,LGC-1688,Hyundai Tucson,2016,98877.18,Crossover
1145,844,SA915E3742D002844,MGC-1690,Nissan Patrol,2013,149201.78,SUV
1146,845,SAA1ADA9947002845,NGC-1692,Mitsubishi Pajero,2010,87689.81,Pickup
1147,846,SA108670E12002846,OGC-1694,Honda CR-V,2010,65439.73,SUV
1148,847,SA6D1E481BD002847,PGC-1696,Toyota Fortuner,2011,148864.85,Van
1149,848,SACC3F5463B002848,QGC-1698,Nissan Patrol,2016,56910.58,Sedan
1150,849,SA8CFEF17BE002849,RGC-1700,Hyundai Tucson,2012,65194.17,Pickup
1151,850,SA37ECD2760002850,SGC-1702,Nissan Patrol,2011,123988.99,Van
1152,851,SAE092AED53002851,TGC-1704,Isuzu D-Max,2011,115544.40,Sedan
1153,852,SAA29268555002852,UGC-1706,Chevrolet Trailblazer,2016,111525.47,SUV
1154,853,SAA383D162A002853,VGC-1708,Hyundai Tucson,2012,84527.36,Pickup
1155,854,SA4EE0932F4002854,WGC-1710,Ford Expedition,2016,116814.24,SUV
1156,855,SAA563B6D5A002855,XGC-1712,Ford Expedition,2014,95591.96,Pickup
1157,856,SA37CFFF3C0002856,YGC-1714,Ford Ranger,2015,112637.32,Hatchback
1158,857,SAFCE34B6AE002857,ZGC-1716,Toyota Land Cruiser,2011,58935.21,Van
1159,858,SA022898BBC002858,AHC-1718,Kia Sorento,2013,126389.62,Crossover
1160,859,SA670C26185002859,BHC-1720,Toyota Land Cruiser,2010,80366.28,Crossover
1161,860,SA58C58F9C6002860,CHC-1722,Honda CR-V,2013,129304.31,Hatchback
1162,861,SAEC79D4BED002861,DHC-1724,Toyota Land Cruiser,2010,65909.66,Pickup
1163,862,SA0C52D419A002862,EHC-1726,Ford Ranger,2013,115785.41,Sedan
1164,863,SA5C8CB735A002863,FHC-1728,Chevrolet Trailblazer,2012,95160.06,Hatchback
1165,864,SA0912D0F15002864,GHC-1730,Ford Ranger,2012,137339.19,Van
1166,865,SAAA495E18C002865,HHC-1732,Ford Ranger,2011,76967.67,Sedan
1167,866,SA687FE34A9002866,IHC-1734,Honda CR-V,2012,122829.11,Van
1168,867,SA44885837C002867,JHC-1736,Ford Expedition,2013,82868.32,Hatchback
1169,868,SAEC3BA9232002868,KHC-1738,Mazda CX-5,2010,129389.14,Van
1170,869,SA7BD87E2F2002869,LHC-1740,Mazda CX-5,2014,141455.66,SUV
1171,870,SA647A8664E002870,MHC-1742,Honda CR-V,2012,129224.22,SUV
1172,871,SA5C341D10C002871,NHC-1744,Toyota Land Cruiser,2016,59917.41,Van
1173,872,SADA40657C9002872,OHC-1746,Mitsubishi Pajero,2015,80830.84,Van
1174,873,SA1E6E25D95002873,PHC-1748,Honda CR-V,2016,104080.53,Pickup
1175,874,SA6B1A864B2002874,QHC-1750,Chevrolet Trailblazer,2014,76973.20,Sedan
1176,875,SA191552377002875,RHC-1752,Mazda CX-5,2013,83796.86,Van
1177,876,SA0C5534F55002876,SHC-1754,Toyota Fortuner,2011,93874.15,SUV
1178,877,SA699616570002877,THC-1756,Hyundai Tucson,2016,89236.53,Crossover
1179,878,SA171AE1BBB002878,UHC-1758,Isuzu D-Max,2012,123230.36,Sedan
1180,879,SADC91D6E23002879,VHC-1760,Mitsubishi Pajero,2012,109128.40,Van
1181,880,SA4C92D46D3002880,WHC-1762,Kia Sorento,2014,113407.57,Pickup
1182,881,SABA3C95C29002881,XHC-1764,Ford Expedition,2011,100509.80,Sedan
1183,882,SA1074CF6DE002882,YHC-1766,Nissan Patrol,2012,54848.62,SUV
1184,883,SA060FD70A0002883,ZHC-1768,Hyundai Tucson,2012,135953.84,Van
1185,884,SA551FDBB81002884,AIC-1770,Honda CR-V,2015,132073.22,Van
1186,885,SA6BA5BC4FE002885,BIC-1772,Toyota Land Cruiser,2010,107099.14,Pickup
1187,886,SAECA336BC4002886,CIC-1774,Toyota Land Cruiser,2011,56051.55,Pickup
1188,887,SA42CBF4730002887,DIC-1776,Toyota Fortuner,2016,113406.32,Crossover
1189,888,SAD5B03D3AC002888,EIC-1778,Nissan Patrol,2012,104862.78,Hatchback
1190,889,SA10A409F70002889,FIC-1780,Kia Sorento,2016,116982.48,Hatchback
1191,890,SAC56030557002890,GIC-1782,Isuzu D-Max,2013,147794.99,Sedan
1192,891,SAFE27F92B1002891,HIC-1784,Isuzu D-Max,2011,113173.57,Crossover
1193,892,SA5A751D6A0002892,IIC-1786,Honda CR-V,2011,94771.22,Hatchback
1194,893,SA864465FB3002893,JIC-1788,Ford Expedition,2015,114436.54,SUV
1195,894,SA3BF75F717002894,KIC-1790,Ford Expedition,2015,103384.01,Hatchback
1196,895,SAE3670CE0C002895,LIC-1792,Toyota Land Cruiser,2011,108707.11,Pickup
1197,896,SA0A3DF7039002896,MIC-1794,Ford Expedition,2010,94340.79,SUV
1198,897,SA0CB5EBB1B002897,NIC-1796,Toyota Fortuner,2014,98691.40,SUV
1199,898,SA37CA649D9002898,OIC-1798,Honda CR-V,2011,52839.30,Van
1200,899,SA4AEE31B0E002899,PIC-1800,Toyota Fortuner,2016,146719.61,Van
1201,900,SAF3957FA3B002900,QIC-1802,Ford Expedition,2016,116590.68,SUV
1202,901,SAC5C53759E002901,RIC-1804,Kia Sorento,2011,73584.82,Crossover
1203,902,SAE6FF10745002902,SIC-1806,Honda CR-V,2014,98133.60,Sedan
1204,903,SA869B61D6A002903,TIC-1808,Ford Ranger,2015,68207.72,Hatchback
1205,904,SABFE6CAA90002904,UIC-1810,Toyota Land Cruiser,2014,137864.87,Crossover
1206,905,SA1FA6269F5002905,VIC-1812,Ford Ranger,2016,130052.21,Hatchback
1207,906,SAE00944D55002906,WIC-1814,Chevrolet Trailblazer,2012,125466.29,Van
1208,907,SA2EA6241CF002907,XIC-1816,Chevrolet Trailblazer,2015,143658.53,SUV
1209,908,SAF655E8F93002908,YIC-1818,Toyota Land Cruiser,2013,131987.26,Sedan
1210,909,SAEFE34C4E2002909,ZIC-1820,Isuzu D-Max,2014,72941.23,SUV
1211,910,SAFF1D4796F002910,AJC-1822,Isuzu D-Max,2013,130010.87,Van
1212,911,SA3187B1703002911,BJC-1824,Ford Ranger,2012,134278.43,SUV
1213,912,SA9FDEF890A002912,CJC-1826,Hyundai Tucson,2013,133275.43,SUV
1214,913,SA21186D7B1002913,DJC-1828,Isuzu D-Max,2014,118151.22,Van
1215,914,SA7C21C080C002914,EJC-1830,Toyota Land Cruiser,2013,63700.83,SUV
1216,915,SADB27A2459002915,FJC-1832,Isuzu D-Max,2010,68649.86,SUV
1217,916,SA2191B602B002916,GJC-1834,Isuzu D-Max,2014,76118.82,Hatchback
1218,917,SAE05E2327A002917,HJC-1836,Ford Ranger,2012,119561.47,Crossover
1219,918,SA3D57FE6DE002918,IJC-1838,Nissan Patrol,2011,114117.56,Sedan
1220,919,SA0AE775A8C002919,JJC-1840,Kia Sorento,2013,59432.43,Sedan
1221,920,SA89DAA89C4002920,KJC-1842,Mitsubishi Pajero,2012,82562.75,Van
1222,921,SA8386FA112002921,LJC-1844,Ford Expedition,2010,99554.16,Sedan
1223,922,SA497D0B20F002922,MJC-1846,Hyundai Tucson,2012,119274.38,SUV
1224,923,SA2A51262B6002923,NJC-1848,Ford Expedition,2013,107364.17,Crossover
1225,924,SAA399F7F15002924,OJC-1850,Ford Expedition,2016,53311.14,Sedan
1226,925,SA613690CD9002925,PJC-1852,Hyundai Tucson,2011,123684.14,Sedan
1227,926,SA0801B20E0002926,QJC-1854,Nissan Patrol,2012,129036.02,Crossover
1228,927,SA54BAF7F82002927,RJC-1856,Mazda CX-5,2011,145414.28,Hatchback
1229,928,SAC4C32F6C2002928,SJC-1858,Mazda CX-5,2010,73225.99,Sedan
1230,929,SA5F7039B1B002929,TJC-1860,Toyota Fortuner,2011,141148.11,Sedan
1231,930,SAA88AEEEC4002930,UJC-1862,Toyota Fortuner,2011,131862.61,Hatchback
1232,931,SAB6DFD4187002931,VJC-1864,Kia Sorento,2014,54425.76,Van
1233,932,SA28D6ABF29002932,WJC-1866,Mazda CX-5,2011,89281.10,Van
1234,933,SA6FC3F254B002933,XJC-1868,Nissan Patrol,2013,147446.39,Crossover
1235,934,SADCF321971002934,YJC-1870,Ford Ranger,2014,140198.59,Pickup
1236,935,SA3D460F2A7002935,ZJC-1872,Nissan Patrol,2014,114170.40,Hatchback
1237,936,SA7296D81C3002936,AKC-1874,Toyota Land Cruiser,2015,135998.96,Van
1238,937,SAD0B9A6A56002937,BKC-1876,Nissan Patrol,2015,99061.45,Pickup
1239,938,SAD9A5CF487002938,CKC-1878,Toyota Land Cruiser,2015,73764.62,Sedan
1240,939,SA93B71FF08002939,DKC-1880,Mitsubishi Pajero,2012,100986.30,Hatchback
1241,940,SAB4F8E5C5F002940,EKC-1882,Kia Sorento,2011,122206.04,Pickup
1242,941,SAE62111F5D002941,FKC-1884,Chevrolet Trailblazer,2010,84432.98,Hatchback
1243,942,SAE9D36F808002942,GKC-1886,Toyota Fortuner,2016,108688.27,Hatchback
1244,943,SAF3935D39E002943,HKC-1888,Kia Sorento,2013,77263.90,Hatchback
1245,944,SA5907C88DF002944,IKC-1890,Toyota Land Cruiser,2011,119052.48,Sedan
1246,945,SAF9AFA9753002945,JKC-1892,Hyundai Tucson,2010,50949.57,Pickup
1247,946,SA9CAFD121B002946,KKC-1894,Isuzu D-Max,2012,145906.86,Crossover
1248,947,SA86F3F50A6002947,LKC-1896,Ford Ranger,2014,53617.33,Van
1249,948,SAC5A3C867A002948,MKC-1898,Mitsubishi Pajero,2016,127147.42,Hatchback
1250,949,SA0D8F8313C002949,NKC-1900,Isuzu D-Max,2010,119515.54,Crossover
1251,950,SA97E401A02002950,OKC-1902,Kia Sorento,2015,119638.72,Van
1252,951,SA0B9B6D6D1002951,PKC-1904,Hyundai Tucson,2011,65505.02,Hatchback
1253,952,SAFDC42B6B0002952,QKC-1906,Honda CR-V,2013,113590.18,Crossover
1254,953,SAA133710CB002953,RKC-1908,Toyota Fortuner,2012,84091.20,Sedan
1255,954,SACDDAA6E1A002954,SKC-1910,Honda CR-V,2010,89431.89,Pickup
1256,955,SA019FA4FDF002955,TKC-1912,Mazda CX-5,2011,61371.23,Pickup
1257,956,SA92C466168002956,UKC-1914,Ford Ranger,2016,103290.57,SUV
1258,957,SA89829755B002957,VKC-1916,Isuzu D-Max,2011,76042.19,Hatchback
1259,958,SAE20B21AE6002958,WKC-1918,Mitsubishi Pajero,2015,100094.17,Hatchback
1260,959,SAB538F279C002959,XKC-1920,Isuzu D-Max,2010,138358.20,Hatchback
1261,960,SA6FFAD86B9002960,YKC-1922,Mitsubishi Pajero,2015,59697.51,Hatchback
1262,961,SA85B6C99BB002961,ZKC-1924,Ford Ranger,2016,71163.77,SUV
1263,962,SA97C8DD448002962,ALC-1926,Ford Ranger,2010,50192.90,Crossover
1264,963,SAE17A5A399002963,BLC-1928,Hyundai Tucson,2011,76146.32,Hatchback
1265,964,SA137FFEA93002964,CLC-1930,Honda CR-V,2014,132663.64,Crossover
1266,965,SA33D3B157D002965,DLC-1932,Chevrolet Trailblazer,2015,75182.72,Van
1267,966,SA99F16D388002966,ELC-1934,Ford Expedition,2010,108367.59,Van
1268,967,SA66705064B002967,FLC-1936,Chevrolet Trailblazer,2013,110610.56,Sedan
1269,968,SA38D67C3E2002968,GLC-1938,Mazda CX-5,2010,83397.09,SUV
1270,969,SAF044BD02E002969,HLC-1940,Isuzu D-Max,2011,127414.51,Hatchback
1271,970,SAAFB0B97DF002970,ILC-1942,Chevrolet Trailblazer,2010,141272.63,SUV
1272,971,SAC55D22F5C002971,JLC-1944,Toyota Fortuner,2012,120168.61,Hatchback
1273,972,SA11953163D002972,KLC-1946,Isuzu D-Max,2010,70469.38,Crossover
1274,973,SA570320A43002973,LLC-1948,Nissan Patrol,2016,126768.03,Hatchback
1275,974,SA02AFF7969002974,MLC-1950,Ford Expedition,2016,78756.94,Hatchback
1276,975,SA95A0810A9002975,NLC-1952,Toyota Land Cruiser,2013,149280.44,Van
1277,976,SA5FCC629ED002976,OLC-1954,Chevrolet Trailblazer,2015,146124.37,SUV
1278,977,SAC86C6AAE8002977,PLC-1956,Nissan Patrol,2010,77818.34,SUV
1279,978,SA32BD40362002978,QLC-1958,Ford Ranger,2016,132221.51,Sedan
1280,979,SA6754828E6002979,RLC-1960,Kia Sorento,2012,68271.04,SUV
1281,980,SA7985672DB002980,SLC-1962,Mitsubishi Pajero,2012,134854.90,Sedan
1282,981,SA4A5A06221002981,TLC-1964,Kia Sorento,2010,112394.45,Crossover
1283,982,SAD9EB09A4D002982,ULC-1966,Ford Ranger,2015,89587.14,Hatchback
1284,983,SAD08726019002983,VLC-1968,Toyota Fortuner,2016,140063.84,Sedan
1285,984,SAF0682320C002984,WLC-1970,Nissan Patrol,2011,142822.92,Pickup
1286,985,SAC8BE3BE0F002985,XLC-1972,Nissan Patrol,2016,114416.05,Hatchback
1287,986,SADDBC86DC4002986,YLC-1974,Mitsubishi Pajero,2010,67809.03,Van
1288,987,SA21E4EF94F002987,ZLC-1976,Chevrolet Trailblazer,2015,85705.62,SUV
1289,988,SAC9504EA38002988,AMC-1978,Toyota Fortuner,2011,50069.32,Crossover
1290,989,SA426BF156A002989,BMC-1980,Mitsubishi Pajero,2010,106323.22,Pickup
1291,990,SAA729D7629002990,CMC-1982,Mazda CX-5,2015,52055.59,Sedan
1292,991,SA0E1422EA7002991,DMC-1984,Kia Sorento,2013,147764.67,Hatchback
1293,992,SA7A06AD497002992,EMC-1986,Chevrolet Trailblazer,2015,92219.45,Van
1294,993,SA4EF2F8259002993,FMC-1988,Toyota Land Cruiser,2011,123035.65,Sedan
1295,994,SA154AA6866002994,GMC-1990,Chevrolet Trailblazer,2012,82655.54,Pickup
1296,995,SA74765968C002995,HMC-1992,Chevrolet Trailblazer,2015,127126.08,Sedan
1297,996,SAEF8256736002996,IMC-1994,Chevrolet Trailblazer,2013,148149.04,Crossover
1298,997,SA35675FD71002997,JMC-1996,Mazda CX-5,2011,128532.02,Pickup
1299,998,SA1B932EAF9002998,KMC-1998,Toyota Land Cruiser,2014,65904.72,Sedan
1300,999,SAB8C4C8B22002999,LMC-2000,Ford Expedition,2011,56299.08,Hatchback
1301,1000,SA9103C8C82003000,MMC-2002,Mitsubishi Pajero,2014,68305.26,SUV
1302,1001,SAD3AB9B41F003001,NMC-2004,Kia Sorento,2015,77397.47,Sedan
1303,1002,SA93A27B0BD003002,OMC-2006,Toyota Fortuner,2010,120302.34,Hatchback
1304,1003,SAC63A5650D003003,PMC-2008,Mitsubishi Pajero,2010,93943.22,Sedan
1305,1004,SA425F116BF003004,QMC-2010,Toyota Land Cruiser,2013,141046.29,Van
1306,1005,SAD6F8D1240003005,RMC-2012,Ford Ranger,2015,97558.96,SUV
1307,1006,SAF89244754003006,SMC-2014,Toyota Fortuner,2014,107305.15,Van
1308,1007,SACC2B1BA03003007,TMC-2016,Chevrolet Trailblazer,2013,120789.71,Hatchback
1309,1008,SA9B22A4025003008,UMC-2018,Honda CR-V,2010,136563.84,Crossover
1310,1009,SAC0C3A9FB8003009,VMC-2020,Kia Sorento,2016,70383.44,Hatchback
1311,1010,SA696B0709B003010,WMC-2022,Hyundai Tucson,2013,149828.62,SUV
1312,1011,SA712A67567003011,XMC-2024,Mazda CX-5,2012,104195.20,SUV
1313,1012,SAB282D1735003012,YMC-2026,Ford Expedition,2014,115437.99,SUV
1314,1013,SA7A1BB1AE4003013,ZMC-2028,Kia Sorento,2010,83869.80,Hatchback
1315,1014,SA4EB7D41AE003014,ANC-2030,Kia Sorento,2012,78975.38,Crossover
1316,1015,SA50698C07F003015,BNC-2032,Kia Sorento,2013,119864.68,Pickup
1317,1016,SA11AA8D2C7003016,CNC-2034,Toyota Land Cruiser,2015,55296.46,Van
1318,1017,SAE447193F2003017,DNC-2036,Hyundai Tucson,2012,108428.95,Sedan
1319,1018,SAE847D1800003018,ENC-2038,Toyota Land Cruiser,2016,103031.72,Van
1320,1019,SABE629262D003019,FNC-2040,Nissan Patrol,2014,88095.09,Hatchback
1321,1020,SA532A082CC003020,GNC-2042,Ford Ranger,2015,120287.91,Hatchback
1322,1021,SA8FCD9E548003021,HNC-2044,Chevrolet Trailblazer,2015,114096.26,Pickup
1323,1022,SA3F4BD1F11003022,INC-2046,Mazda CX-5,2013,144316.92,SUV
1324,1023,SA1662D1307003023,JNC-2048,Toyota Fortuner,2011,60890.57,Sedan
1325,1024,SA617974172003024,KNC-2050,Ford Expedition,2015,119585.37,Van
1326,1025,SAB1DA5960A003025,LNC-2052,Kia Sorento,2013,127278.96,Crossover
1327,1026,SA0247F3DD8003026,MNC-2054,Hyundai Tucson,2012,148463.32,Crossover
1328,1027,SACAE7115F4003027,NNC-2056,Toyota Fortuner,2010,145205.32,Hatchback
1329,1028,SA9B5474E72003028,ONC-2058,Chevrolet Trailblazer,2012,57122.22,SUV
1330,1029,SADBAFB94AC003029,PNC-2060,Mitsubishi Pajero,2013,131075.58,Crossover
1331,1030,SAB578F2A52003030,QNC-2062,Mitsubishi Pajero,2012,92405.62,Van
1332,1031,SADB0CF003E003031,RNC-2064,Chevrolet Trailblazer,2013,77071.94,SUV
1333,1032,SA648F4BAA4003032,SNC-2066,Ford Expedition,2015,116444.53,Sedan
1334,1033,SAB974006F6003033,TNC-2068,Mitsubishi Pajero,2016,125665.65,Van
1335,1034,SA7B3564B05003034,UNC-2070,Ford Expedition,2011,126661.23,Pickup
1336,1035,SA7FC0E8DE9003035,VNC-2072,Hyundai Tucson,2012,79343.51,Hatchback
1337,1036,SAC8B9ABFFB003036,WNC-2074,Ford Ranger,2015,132801.71,Pickup
1338,1037,SAF1AB58817003037,XNC-2076,Isuzu D-Max,2010,73117.61,Crossover
1339,1038,SA9C274B1E7003038,YNC-2078,Toyota Land Cruiser,2016,117784.54,Hatchback
1340,1039,SA26ED695E9003039,ZNC-2080,Mitsubishi Pajero,2011,89597.73,Van
1341,1040,SAF9D3A954D003040,AOC-2082,Toyota Fortuner,2012,50584.37,Van
1342,1041,SA1B6171FF2003041,BOC-2084,Ford Ranger,2011,124030.52,Hatchback
1343,1042,SA67388F183003042,COC-2086,Honda CR-V,2012,112077.53,Pickup
1344,1043,SA3181D59D1003043,DOC-2088,Nissan Patrol,2013,123206.57,Pickup
1345,1044,SA890FF0581003044,EOC-2090,Isuzu D-Max,2012,135508.23,SUV
1346,1045,SA3C057CB2B003045,FOC-2092,Honda CR-V,2016,147035.91,SUV
1347,1046,SAA8621FDFB003046,GOC-2094,Hyundai Tucson,2010,115093.73,Hatchback
1348,1047,SA2DB3545A4003047,HOC-2096,Toyota Fortuner,2014,116274.78,SUV
1349,1048,SA77983CF4F003048,IOC-2098,Toyota Land Cruiser,2013,92457.05,SUV
1350,1049,SA8791DD630003049,JOC-2100,Isuzu D-Max,2014,63850.50,Sedan
1351,1050,SAA7DA6BA05003050,KOC-2102,Honda CR-V,2014,144732.00,Pickup
1352,1051,SA1F16DDE7E003051,LOC-2104,Toyota Fortuner,2011,56165.37,Crossover
1353,1052,SA00C9F07B1003052,MOC-2106,Hyundai Tucson,2012,118416.10,Sedan
1354,1053,SA6E2894394003053,NOC-2108,Mazda CX-5,2016,123278.64,SUV
1355,1054,SA44E207AEC003054,OOC-2110,Honda CR-V,2015,56245.53,SUV
1356,1055,SAC4A981880003055,POC-2112,Mitsubishi Pajero,2011,93919.35,Sedan
1357,1056,SA5A5A2994B003056,QOC-2114,Toyota Fortuner,2014,91367.90,Pickup
1358,1057,SA411FAC00C003057,ROC-2116,Honda CR-V,2011,137648.49,SUV
1359,1058,SA106FAC81E003058,SOC-2118,Ford Expedition,2012,128503.45,SUV
1360,1059,SAF6C2A0C4B003059,TOC-2120,Chevrolet Trailblazer,2012,70090.06,Crossover
1361,1060,SAE92B755EB003060,UOC-2122,Isuzu D-Max,2010,144501.69,Crossover
1362,1061,SAB5DD0E435003061,VOC-2124,Toyota Fortuner,2012,63050.84,Van
1363,1062,SA8A3A60CA2003062,WOC-2126,Honda CR-V,2016,97824.62,Crossover
1364,1063,SA2EEB0CA3F003063,XOC-2128,Isuzu D-Max,2010,66910.75,Sedan
1365,1064,SA924D312B3003064,YOC-2130,Toyota Fortuner,2015,142837.09,Pickup
1366,1065,SA73D13A256003065,ZOC-2132,Nissan Patrol,2016,53603.24,Crossover
1367,1066,SA01B7575C3003066,APC-2134,Isuzu D-Max,2012,148111.84,Hatchback
1368,1067,SA5470ABE68003067,BPC-2136,Ford Ranger,2016,107450.93,Sedan
1369,1068,SA34FF028FC003068,CPC-2138,Toyota Land Cruiser,2013,146333.53,Hatchback
1370,1069,SA8640FF6CA003069,DPC-2140,Honda CR-V,2011,63025.71,Pickup
1371,1070,SAE2C2FF9C7003070,EPC-2142,Ford Expedition,2012,126796.23,Hatchback
1372,1071,SA87EFE7B5F003071,FPC-2144,Ford Expedition,2012,57901.32,Van
1373,1072,SA9E9AA9CFA003072,GPC-2146,Nissan Patrol,2013,101085.02,Hatchback
1374,1073,SA4CCE0644E003073,HPC-2148,Kia Sorento,2014,124173.80,Pickup
1375,1074,SA4C26F3C29003074,IPC-2150,Nissan Patrol,2016,116777.11,Crossover
1376,1075,SABDF0F5F84003075,JPC-2152,Mazda CX-5,2011,94203.99,SUV
1377,1076,SA085EBBEC4003076,KPC-2154,Kia Sorento,2015,142926.27,Van
1378,1077,SA51CA7239C003077,LPC-2156,Mitsubishi Pajero,2015,135176.23,Van
1379,1078,SABC9D03FCA003078,MPC-2158,Honda CR-V,2016,119686.60,Crossover
1380,1079,SABD3718AD4003079,NPC-2160,Toyota Land Cruiser,2015,82752.72,Pickup
1381,1080,SADE9D96171003080,OPC-2162,Mitsubishi Pajero,2013,89884.40,Hatchback
1382,1081,SA1B7DBE36E003081,PPC-2164,Chevrolet Trailblazer,2013,92283.91,Van
1383,1082,SAC940E50F9003082,QPC-2166,Mazda CX-5,2016,65068.07,Pickup
1384,1083,SA25B30EED5003083,RPC-2168,Ford Expedition,2013,77204.39,Pickup
1385,1084,SA983C25C7E003084,SPC-2170,Ford Ranger,2015,62871.74,SUV
1386,1085,SA2A93F3902003085,TPC-2172,Mitsubishi Pajero,2013,90790.44,Van
1387,1086,SA2578EB9CD003086,UPC-2174,Chevrolet Trailblazer,2011,53623.19,Crossover
1388,1087,SA63E8E3643003087,VPC-2176,Honda CR-V,2014,148831.08,Van
1389,1088,SA1EEE58F7A003088,WPC-2178,Toyota Land Cruiser,2010,63170.06,Crossover
1390,1089,SA39375E855003089,XPC-2180,Isuzu D-Max,2010,114912.73,Pickup
1391,1090,SA2FFE95614003090,YPC-2182,Nissan Patrol,2011,88561.22,Pickup
1392,1091,SAAEB7B30EF003091,ZPC-2184,Honda CR-V,2014,114722.18,Sedan
1393,1092,SA4219840F5003092,AQC-2186,Kia Sorento,2014,60314.32,Van
1394,1093,SADF5192A28003093,BQC-2188,Ford Expedition,2015,125282.00,Van
1395,1094,SA5723CE745003094,CQC-2190,Mazda CX-5,2014,57459.55,Hatchback
1396,1095,SAED7336AA1003095,DQC-2192,Chevrolet Trailblazer,2013,77979.75,Pickup
1397,1096,SAAA55A0B1A003096,EQC-2194,Toyota Land Cruiser,2016,78099.97,Hatchback
1398,1097,SA234B941E8003097,FQC-2196,Ford Ranger,2010,64829.80,SUV
1399,1098,SAA7CE4026F003098,GQC-2198,Honda CR-V,2011,63708.27,Pickup
1400,1099,SA48DD34FA4003099,HQC-2200,Nissan Patrol,2013,62224.18,Hatchback
1401,1100,SA30777B47A003100,IQC-2202,Kia Sorento,2013,139434.12,Hatchback
1402,1101,SAB6358755A003101,JQC-2204,Ford Ranger,2014,82751.53,SUV
1403,1102,SA0BCD25B83003102,KQC-2206,Mazda CX-5,2015,72327.32,Sedan
1404,1103,SAB43500A3D003103,LQC-2208,Kia Sorento,2013,78806.08,SUV
1405,1104,SA35769AF29003104,MQC-2210,Ford Ranger,2016,74909.89,SUV
1406,1105,SA74E1513CC003105,NQC-2212,Mitsubishi Pajero,2014,137743.75,Van
1407,1106,SAED2357BBB003106,OQC-2214,Nissan Patrol,2015,128699.44,Sedan
1408,1107,SAF51338D73003107,PQC-2216,Toyota Fortuner,2011,53016.37,Hatchback
1409,1108,SA4BCD83A98003108,QQC-2218,Mazda CX-5,2012,136813.19,Van
1410,1109,SA6605CF6F9003109,RQC-2220,Isuzu D-Max,2013,104043.23,SUV
1411,1110,SA52C4608C2003110,SQC-2222,Honda CR-V,2014,89187.56,Pickup
1412,1111,SAAFCB7A2F1003111,TQC-2224,Mitsubishi Pajero,2015,128420.43,Crossover
1413,1112,SA2BF0CCDBB003112,UQC-2226,Hyundai Tucson,2016,101664.29,Sedan
1414,1113,SAD9DE6A144003113,VQC-2228,Isuzu D-Max,2011,94593.28,Sedan
1415,1114,SAB20BD2A22003114,WQC-2230,Ford Ranger,2011,62839.96,Hatchback
1416,1115,SAC8BCFD3FE003115,XQC-2232,Ford Ranger,2015,94884.87,Sedan
1417,1116,SA9BBB9A5DF003116,YQC-2234,Toyota Land Cruiser,2016,50501.66,SUV
1418,1117,SA1330FEF5F003117,ZQC-2236,Chevrolet Trailblazer,2016,119727.22,Crossover
1419,1118,SA1F89885D5003118,ARC-2238,Kia Sorento,2010,89981.02,Hatchback
1420,1119,SA3791226CB003119,BRC-2240,Nissan Patrol,2011,64156.84,Crossover
1421,1120,SAFE998B49C003120,CRC-2242,Mazda CX-5,2013,149843.36,SUV
1422,1121,SA82680BFEC003121,DRC-2244,Mazda CX-5,2015,61238.45,Crossover
1423,1122,SA480EB5445003122,ERC-2246,Honda CR-V,2016,126114.34,Hatchback
1424,1123,SAC291B0151003123,FRC-2248,Nissan Patrol,2011,76769.75,SUV
1425,1124,SA559B4C29F003124,GRC-2250,Nissan Patrol,2010,134520.25,SUV
1426,1125,SA753A04367003125,HRC-2252,Mazda CX-5,2010,88044.74,Pickup
1427,1126,SA3029352D5003126,IRC-2254,Kia Sorento,2013,97470.38,Pickup
1428,1127,SADBDC69EA6003127,JRC-2256,Kia Sorento,2010,63070.27,Hatchback
1429,1128,SA6EEC765FF003128,KRC-2258,Chevrolet Trailblazer,2013,149101.76,Van
1430,1129,SA4A6762703003129,LRC-2260,Ford Ranger,2011,83946.52,Van
1431,1130,SA793D8E745003130,MRC-2262,Kia Sorento,2013,129708.87,Pickup
1432,1131,SA2301A7BDD003131,NRC-2264,Chevrolet Trailblazer,2015,53092.63,Pickup
1433,1132,SA73C66ED63003132,ORC-2266,Honda CR-V,2016,67810.73,Van
1434,1133,SAF0F072C0D003133,PRC-2268,Chevrolet Trailblazer,2010,141585.58,Pickup
1435,1134,SA9CD6F5566003134,QRC-2270,Hyundai Tucson,2010,134013.73,Crossover
1436,1135,SACCD2D123F003135,RRC-2272,Mitsubishi Pajero,2012,144348.84,Hatchback
1437,1136,SA0DE109FEF003136,SRC-2274,Isuzu D-Max,2012,90346.81,Sedan
1438,1137,SAF4B31BEE1003137,TRC-2276,Hyundai Tucson,2016,100688.81,Hatchback
1439,1138,SACB3213ADA003138,URC-2278,Honda CR-V,2015,82157.61,Hatchback
1440,1139,SA2B6BB5354003139,VRC-2280,Kia Sorento,2016,79687.84,Sedan
1441,1140,SA49C2694AC003140,WRC-2282,Hyundai Tucson,2015,116848.59,Van
1442,1141,SAC90B7A69D003141,XRC-2284,Kia Sorento,2012,113204.10,Van
1443,1142,SAF39FD0E38003142,YRC-2286,Hyundai Tucson,2012,70254.52,Crossover
1444,1143,SA57335EB19003143,ZRC-2288,Toyota Land Cruiser,2010,104488.72,Pickup
1445,1144,SACB1D78EDC003144,ASC-2290,Toyota Land Cruiser,2015,107867.00,Pickup
1446,1145,SA211FFF9E6003145,BSC-2292,Toyota Land Cruiser,2011,97330.09,Hatchback
1447,1146,SA1D6A9227D003146,CSC-2294,Mazda CX-5,2016,116660.47,Crossover
1448,1147,SAB7852F3D3003147,DSC-2296,Ford Expedition,2015,62817.41,SUV
1449,1148,SA3F2E2A6FC003148,ESC-2298,Chevrolet Trailblazer,2013,101662.14,Crossover
1450,1149,SA89D50FBB8003149,FSC-2300,Toyota Fortuner,2016,128763.39,Pickup
1451,1150,SAEE8DCA136003150,GSC-2302,Isuzu D-Max,2010,144823.54,SUV
1452,1151,SA646C9941D003151,HSC-2304,Mazda CX-5,2015,96728.71,SUV
1453,1152,SAE94A37C9B003152,ISC-2306,Ford Expedition,2011,127511.09,Sedan
1454,1153,SABFAD2C17C003153,JSC-2308,Toyota Land Cruiser,2013,99617.91,Hatchback
1455,1154,SABA4849411003154,KSC-2310,Ford Ranger,2013,133159.76,SUV
1456,1155,SA31929D25D003155,LSC-2312,Mazda CX-5,2015,104740.40,Sedan
1457,1156,SA673DE96B0003156,MSC-2314,Toyota Land Cruiser,2015,73341.65,Sedan
1458,1157,SA94629EB2F003157,NSC-2316,Mazda CX-5,2015,103178.21,Sedan
1459,1158,SA7498903B9003158,OSC-2318,Chevrolet Trailblazer,2016,123905.22,SUV
1460,1159,SAF57A221F4003159,PSC-2320,Mazda CX-5,2016,84311.20,SUV
1461,1160,SA6412FE12D003160,QSC-2322,Ford Expedition,2011,140897.52,Pickup
1462,1161,SA840AAE12C003161,RSC-2324,Toyota Land Cruiser,2014,101456.72,Sedan
1463,1162,SAFFD3D44AF003162,SSC-2326,Nissan Patrol,2015,62283.53,Pickup
1464,1163,SA5711796EA003163,TSC-2328,Mitsubishi Pajero,2014,103847.33,Hatchback
1465,1164,SA05D74C48B003164,USC-2330,Toyota Land Cruiser,2012,108552.86,Pickup
1466,1165,SA8C71D6367003165,VSC-2332,Kia Sorento,2013,53247.62,Sedan
1467,1166,SA62D888241003166,WSC-2334,Mitsubishi Pajero,2015,89572.65,Pickup
1468,1167,SA2E23B6442003167,XSC-2336,Mitsubishi Pajero,2013,91622.42,Van
1469,1168,SA9518DFAA6003168,YSC-2338,Toyota Fortuner,2011,122954.46,Crossover
1470,1169,SA7C63A554C003169,ZSC-2340,Toyota Land Cruiser,2012,112161.16,Van
1471,1170,SA239786E7C003170,ATC-2342,Toyota Fortuner,2016,105314.44,Van
1472,1171,SA7D420E2B2003171,BTC-2344,Isuzu D-Max,2012,116940.66,Pickup
1473,1172,SA1BD413DE7003172,CTC-2346,Toyota Land Cruiser,2010,129383.76,Hatchback
1474,1173,SA3A97A9A15003173,DTC-2348,Hyundai Tucson,2011,141785.44,Crossover
1475,1174,SA46DFB1FD2003174,ETC-2350,Ford Ranger,2015,143647.34,Hatchback
1476,1175,SAAEE5620FA003175,FTC-2352,Toyota Land Cruiser,2013,84596.01,SUV
1477,1176,SA360C19682003176,GTC-2354,Toyota Fortuner,2012,143767.82,Van
1478,1177,SA740C6FAEC003177,HTC-2356,Toyota Fortuner,2011,90269.78,Hatchback
1479,1178,SA30B4A9251003178,ITC-2358,Hyundai Tucson,2011,84713.25,Hatchback
1480,1179,SA93E687F26003179,JTC-2360,Ford Expedition,2016,64736.12,SUV
1481,1180,SA153E7487E003180,KTC-2362,Mazda CX-5,2013,77342.25,Pickup
1482,1181,SA8374BD0A2003181,LTC-2364,Isuzu D-Max,2016,84435.09,Pickup
1483,1182,SAC6BCB74C5003182,MTC-2366,Mitsubishi Pajero,2014,121504.96,SUV
1484,1183,SAD20D9896E003183,NTC-2368,Honda CR-V,2016,113847.41,Van
1485,1184,SAE44491D23003184,OTC-2370,Mitsubishi Pajero,2016,148176.86,Hatchback
1486,1185,SABA67E7771003185,PTC-2372,Mitsubishi Pajero,2011,136153.82,Hatchback
1487,1186,SA0F06B381E003186,QTC-2374,Honda CR-V,2016,69933.71,Hatchback
1488,1187,SAF1558E79C003187,RTC-2376,Ford Expedition,2010,140152.90,Crossover
1489,1188,SAFA2246FA0003188,STC-2378,Ford Expedition,2016,76935.72,Hatchback
1490,1189,SA2D16AD196003189,TTC-2380,Toyota Land Cruiser,2012,105849.95,Pickup
1491,1190,SA63F35343D003190,UTC-2382,Hyundai Tucson,2012,103918.48,Sedan
1492,1191,SAFBF6C9145003191,VTC-2384,Isuzu D-Max,2011,111959.25,Van
1493,1192,SAD42E57930003192,WTC-2386,Isuzu D-Max,2015,60328.87,Pickup
1494,1193,SA4ACD76878003193,XTC-2388,Mitsubishi Pajero,2011,63990.51,Crossover
1495,1194,SAC93E07F14003194,YTC-2390,Nissan Patrol,2016,98361.35,Pickup
1496,1195,SAB8C78EE23003195,ZTC-2392,Honda CR-V,2011,93172.29,Van
1497,1196,SAE8C1BDC55003196,AUC-2394,Ford Expedition,2010,67530.82,Crossover
1498,1197,SA6D79E0303003197,BUC-2396,Toyota Fortuner,2015,97918.31,Crossover
1499,1198,SAB87546C7A003198,CUC-2398,Isuzu D-Max,2015,68663.06,Sedan
1500,1199,SA949686ECE003199,DUC-2400,Isuzu D-Max,2014,101471.02,SUV
1501,1200,SBBA3ABB2C0002200,EUC-7401,Honda City,2021,11125.78,Sedan
1502,1200,SBF6BC0623A003200,EUD-7402,Toyota Vios,2023,15271.48,Sedan
1503,1201,SB9D624E9FD002201,FUC-7403,Kia Soluto,2026,27657.88,SUV
1504,1201,SB652040AB6003201,FUD-7404,Nissan Almera,2024,1970.23,Sedan
1505,1202,SB49CA03822002202,GUC-7405,Kia Soluto,2024,4391.21,Hatchback
1506,1202,SB1BA3C09EA003202,GUD-7406,Toyota Vios,2024,10083.48,SUV
1507,1203,SB1F5394711002203,HUC-7407,Mitsubishi Mirage,2025,25276.20,Sedan
1508,1203,SB7104A226F003203,HUD-7408,Mitsubishi Mirage,2023,29159.04,Sedan
1509,1204,SBAA1F5F733002204,IUC-7409,Suzuki Swift,2026,19265.77,SUV
1510,1204,SB8585939E1003204,IUD-7410,Kia Picanto,2024,25783.47,Sedan
1511,1205,SB50E1781E6002205,JUC-7411,Kia Picanto,2023,27398.68,Crossover
1512,1205,SBBE929A31E003205,JUD-7412,Kia Picanto,2024,14344.24,Sedan
1513,1206,SB25D0A45CC002206,KUC-7413,Suzuki Dzire,2023,9533.96,Hatchback
1514,1206,SB60BE21F3E003206,KUD-7414,Honda Brio,2025,9154.58,Crossover
1515,1207,SBC333BAD2A002207,LUC-7415,Suzuki Swift,2023,3603.78,SUV
1516,1207,SBC54C1353A003207,LUD-7416,Toyota Wigo,2023,20322.71,Crossover
1517,1208,SB7CECFE41E002208,MUC-7417,Honda Brio,2023,1179.27,SUV
1518,1208,SB1831D62B4003208,MUD-7418,Mitsubishi Mirage,2022,16834.39,Crossover
1519,1209,SB845C31A2F002209,NUC-7419,Mitsubishi Mirage,2022,14734.38,Hatchback
1520,1209,SB397D6B4C8003209,NUD-7420,Toyota Wigo,2025,18062.80,SUV
1521,1210,SBBA01E0390002210,OUC-7421,Toyota Yaris,2025,14910.18,Hatchback
1522,1210,SBC728615C8003210,OUD-7422,Kia Picanto,2022,29758.49,Hatchback
1523,1211,SB94D2A3C6D002211,PUC-7423,Kia Soluto,2026,20073.90,Crossover
1524,1211,SBE022C20AD003211,PUD-7424,Suzuki Dzire,2022,20395.93,Hatchback
1525,1212,SBDE872154F002212,QUC-7425,Suzuki Swift,2026,17813.57,Crossover
1526,1212,SB1D388729F003212,QUD-7426,Suzuki Swift,2025,3437.75,Hatchback
1527,1213,SB7A6322D4C002213,RUC-7427,Honda City,2025,29248.02,Hatchback
1528,1213,SB1A523F735003213,RUD-7428,Kia Picanto,2023,5601.68,Hatchback
1529,1214,SBAE8BB42B9002214,SUC-7429,Toyota Wigo,2021,11073.96,Sedan
1530,1214,SB87CA4EB84003214,SUD-7430,Toyota Vios,2021,28641.49,Sedan
1531,1215,SB43413CEAF002215,TUC-7431,Hyundai Accent,2022,1353.91,SUV
1532,1215,SBE6E315296003215,TUD-7432,Toyota Yaris,2023,24408.13,Sedan
1533,1216,SB14B75C2D3002216,UUC-7433,Toyota Wigo,2026,13421.28,Hatchback
1534,1216,SBC58EC9AF2003216,UUD-7434,Honda Brio,2025,7327.47,SUV
1535,1217,SBEC4DE54F2002217,VUC-7435,Nissan Almera,2025,7761.07,SUV
1536,1217,SB37DE71064003217,VUD-7436,Mitsubishi Mirage,2026,16122.33,Sedan
1537,1218,SBB75867B59002218,WUC-7437,Suzuki Swift,2023,7562.67,Crossover
1538,1218,SBA36470CF1003218,WUD-7438,Suzuki Swift,2021,16212.59,Hatchback
1539,1219,SBC4C28B367002219,XUC-7439,Suzuki Swift,2026,9925.27,Sedan
1540,1219,SB9BDEF7D91003219,XUD-7440,Nissan Almera,2022,24010.95,SUV
1541,1220,SB853B72222002220,YUC-7441,Kia Picanto,2023,25590.17,SUV
1542,1220,SB8AE7733F9003220,YUD-7442,Toyota Yaris,2024,11680.81,Sedan
1543,1221,SB9806B902E002221,ZUC-7443,Kia Soluto,2021,17229.08,Sedan
1544,1221,SB1EC12035E003221,ZUD-7444,Honda Brio,2025,20745.38,Sedan
1545,1222,SB00C1DE56B002222,AVC-7445,Mitsubishi Mirage,2025,9073.57,Sedan
1546,1222,SBBAE175604003222,AVD-7446,Honda Brio,2022,16335.00,Crossover
1547,1223,SBC851A9FD5002223,BVC-7447,Mitsubishi Mirage,2022,10618.12,Sedan
1548,1223,SB43904AA51003223,BVD-7448,Hyundai Accent,2026,24410.97,Sedan
1549,1224,SB1B0251CCB002224,CVC-7449,Suzuki Swift,2025,2058.98,Hatchback
1550,1224,SB47A878D19003224,CVD-7450,Toyota Yaris,2026,28507.01,Crossover
1551,1225,SB956058422002225,DVC-7451,Kia Picanto,2022,18063.06,Hatchback
1552,1225,SBA9BCA7629003225,DVD-7452,Suzuki Swift,2021,17155.80,SUV
1553,1226,SBFAAF2536A002226,EVC-7453,Honda City,2023,27197.15,Sedan
1554,1226,SB424F7EF1B003226,EVD-7454,Honda City,2022,18626.89,Hatchback
1555,1227,SBDEA92BA3D002227,FVC-7455,Suzuki Swift,2023,29633.69,Hatchback
1556,1227,SBF868FBC40003227,FVD-7456,Kia Picanto,2022,14812.57,Crossover
1557,1228,SBFB51AEA20002228,GVC-7457,Toyota Vios,2021,19293.65,SUV
1558,1228,SBFDA2217A3003228,GVD-7458,Toyota Wigo,2022,17210.21,Sedan
1559,1229,SB191595DC1002229,HVC-7459,Kia Soluto,2025,2053.71,SUV
1560,1229,SB2FDF132BC003229,HVD-7460,Suzuki Swift,2025,5521.01,Sedan
1561,1230,SB1B08A97DD002230,IVC-7461,Suzuki Swift,2026,18061.68,Hatchback
1562,1230,SBC96B5AB3E003230,IVD-7462,Toyota Wigo,2025,22854.34,SUV
1563,1231,SB35E2DCDBE002231,JVC-7463,Honda City,2026,2163.83,Hatchback
1564,1231,SBB3DDBC502003231,JVD-7464,Honda City,2021,29035.87,Hatchback
1565,1232,SB8542516F8002232,KVC-7465,Hyundai Accent,2021,12504.42,Sedan
1566,1232,SBF3BB06607003232,KVD-7466,Suzuki Dzire,2021,1439.05,SUV
1567,1233,SBE4C4E24ED002233,LVC-7467,Toyota Vios,2023,25632.42,Hatchback
1568,1233,SBF668BD04D003233,LVD-7468,Hyundai Accent,2026,19593.95,Hatchback
1569,1234,SBF190CE9AC002234,MVC-7469,Honda City,2024,12264.33,SUV
1570,1234,SBBE041B21F003234,MVD-7470,Suzuki Swift,2022,27154.20,Hatchback
1571,1235,SB269EFC038002235,NVC-7471,Toyota Wigo,2024,12777.54,Crossover
1572,1235,SB49B44FC23003235,NVD-7472,Suzuki Dzire,2021,4118.21,Crossover
1573,1236,SBA3A51080D002236,OVC-7473,Suzuki Dzire,2025,6051.77,SUV
1574,1236,SB01A2F2129003236,OVD-7474,Toyota Wigo,2026,22995.11,SUV
1575,1237,SB3B153DEB1002237,PVC-7475,Suzuki Swift,2026,19796.45,Sedan
1576,1237,SB109F71393003237,PVD-7476,Toyota Vios,2026,26324.70,Hatchback
1577,1238,SBCB163CA89002238,QVC-7477,Suzuki Dzire,2021,8561.71,Crossover
1578,1238,SB9A1D8E7DC003238,QVD-7478,Toyota Wigo,2025,4677.18,Hatchback
1579,1239,SB47C00B40B002239,RVC-7479,Toyota Yaris,2021,7058.27,Crossover
1580,1239,SBD6F1DD034003239,RVD-7480,Kia Soluto,2023,5895.92,Hatchback
1581,1240,SB6AAA65BB3002240,SVC-7481,Nissan Almera,2026,17544.11,Sedan
1582,1240,SB8E5A80868003240,SVD-7482,Toyota Wigo,2024,24386.36,Crossover
1583,1241,SBBCAD7B839002241,TVC-7483,Suzuki Swift,2025,1304.72,Crossover
1584,1241,SB3FD1B2C1E003241,TVD-7484,Honda City,2021,15974.61,Hatchback
1585,1242,SBEFF2AFAF7002242,UVC-7485,Honda Brio,2025,7172.66,Hatchback
1586,1242,SBAB9BC301E003242,UVD-7486,Toyota Yaris,2026,17752.84,Crossover
1587,1243,SB5DCEF39F7002243,VVC-7487,Toyota Wigo,2024,10190.33,Hatchback
1588,1243,SBFBAD05797003243,VVD-7488,Nissan Almera,2025,16371.95,SUV
1589,1244,SB1E50B8B75002244,WVC-7489,Nissan Almera,2021,16574.07,SUV
1590,1244,SB52156F719003244,WVD-7490,Kia Soluto,2021,25670.61,Hatchback
1591,1245,SB492F94880002245,XVC-7491,Hyundai Accent,2024,20531.48,SUV
1592,1245,SB89113BDE0003245,XVD-7492,Honda Brio,2025,18759.15,Hatchback
1593,1246,SBF6002B64F002246,YVC-7493,Mitsubishi Mirage,2023,19553.37,Sedan
1594,1246,SBFADB05D51003246,YVD-7494,Suzuki Swift,2025,22437.73,Hatchback
1595,1247,SB7BAB7650B002247,ZVC-7495,Toyota Wigo,2023,3688.45,SUV
1596,1247,SB4C78F7B58003247,ZVD-7496,Kia Picanto,2022,24072.16,Crossover
1597,1248,SB705A25424002248,AWC-7497,Suzuki Swift,2025,10364.92,Sedan
1598,1248,SBEAE048851003248,AWD-7498,Hyundai Accent,2022,7485.09,Hatchback
1599,1249,SB1D0D0D977002249,BWC-7499,Suzuki Swift,2025,8598.30,Sedan
1600,1249,SBC9772667B003249,BWD-7500,Suzuki Dzire,2026,2157.57,Hatchback
1601,1250,SB7FB89619C002250,CWC-7501,Kia Picanto,2024,6545.51,Sedan
1602,1250,SBB1501A952003250,CWD-7502,Toyota Vios,2023,29279.83,Crossover
1603,1251,SBDDDC621EB002251,DWC-7503,Toyota Vios,2025,10787.80,SUV
1604,1251,SB74A8F4223003251,DWD-7504,Kia Soluto,2023,27774.34,SUV
1605,1252,SB70322D106002252,EWC-7505,Suzuki Swift,2025,20541.63,Sedan
1606,1252,SB4FD5A0FCB003252,EWD-7506,Toyota Wigo,2022,9966.24,Crossover
1607,1253,SB4BCD537B6002253,FWC-7507,Toyota Wigo,2022,26799.87,Hatchback
1608,1253,SBAA9884470003253,FWD-7508,Toyota Yaris,2022,9834.80,Crossover
1609,1254,SB2AA99900A002254,GWC-7509,Toyota Wigo,2021,9352.37,Hatchback
1610,1254,SB719E427D3003254,GWD-7510,Mitsubishi Mirage,2024,4112.54,Sedan
1611,1255,SB8050F8F13002255,HWC-7511,Hyundai Accent,2021,5359.15,Hatchback
1612,1255,SB90A6A3E4B003255,HWD-7512,Kia Picanto,2021,29158.34,SUV
1613,1256,SB1514F1879002256,IWC-7513,Toyota Wigo,2023,11322.22,Crossover
1614,1256,SBB219918BA003256,IWD-7514,Toyota Wigo,2025,4381.15,Sedan
1615,1257,SBA0715B3D3002257,JWC-7515,Honda Brio,2024,13939.68,Hatchback
1616,1257,SB4CBA8B40E003257,JWD-7516,Nissan Almera,2026,24563.02,Crossover
1617,1258,SBE2575ED7D002258,KWC-7517,Toyota Yaris,2021,25531.28,Crossover
1618,1258,SBB9531E7D2003258,KWD-7518,Kia Picanto,2025,8086.73,Hatchback
1619,1259,SB89F3C3317002259,LWC-7519,Suzuki Dzire,2026,15781.23,Hatchback
1620,1259,SBFF47AFC1B003259,LWD-7520,Kia Picanto,2026,13035.93,SUV
1621,1260,SB47AF10EDF002260,MWC-7521,Toyota Vios,2025,4496.62,SUV
1622,1260,SBFD8979ADA003260,MWD-7522,Kia Picanto,2025,18348.47,Sedan
1623,1261,SBC4DC035D6002261,NWC-7523,Kia Soluto,2021,3757.64,Hatchback
1624,1261,SB1B31A4F23003261,NWD-7524,Toyota Yaris,2026,26733.25,Sedan
1625,1262,SBAC4C0C5D6002262,OWC-7525,Kia Picanto,2022,12613.12,Crossover
1626,1262,SBE9352A448003262,OWD-7526,Honda City,2022,8970.17,SUV
1627,1263,SB84ADF1B96002263,PWC-7527,Honda Brio,2022,26919.28,Crossover
1628,1263,SB0D9D154FB003263,PWD-7528,Honda City,2026,5135.55,Hatchback
1629,1264,SBE2E46F7E1002264,QWC-7529,Suzuki Dzire,2025,10451.05,SUV
1630,1264,SB845375903003264,QWD-7530,Nissan Almera,2026,9829.84,SUV
1631,1265,SB6FBB69865002265,RWC-7531,Suzuki Dzire,2023,2691.45,Hatchback
1632,1265,SBB252E54ED003265,RWD-7532,Toyota Wigo,2021,4867.19,Hatchback
1633,1266,SBD8C1D3177002266,SWC-7533,Toyota Wigo,2025,29222.23,Hatchback
1634,1266,SB6E6DFB0BD003266,SWD-7534,Toyota Vios,2022,5573.53,Hatchback
1635,1267,SBA7BA7390E002267,TWC-7535,Toyota Yaris,2026,26371.73,Hatchback
1636,1267,SBD5542EC46003267,TWD-7536,Suzuki Dzire,2022,10563.72,Crossover
1637,1268,SB9232965E3002268,UWC-7537,Honda City,2025,23094.33,Sedan
1638,1268,SBB79B48DD6003268,UWD-7538,Toyota Vios,2026,19174.39,Crossover
1639,1269,SBEDF7F2F34002269,VWC-7539,Honda City,2024,14277.10,Hatchback
1640,1269,SBD8A3B2DDE003269,VWD-7540,Toyota Yaris,2021,12507.13,Hatchback
1641,1270,SB8FC81FD76002270,WWC-7541,Hyundai Accent,2021,11449.74,Crossover
1642,1270,SBF9E817650003270,WWD-7542,Honda City,2024,7762.30,Crossover
1643,1271,SBE18B6F179002271,XWC-7543,Toyota Yaris,2023,24389.19,Hatchback
1644,1271,SB9CA905938003271,XWD-7544,Suzuki Swift,2021,3067.13,Sedan
1645,1272,SBB26BE92D3002272,YWC-7545,Honda Brio,2023,3271.16,Sedan
1646,1272,SB40DFE505D003272,YWD-7546,Toyota Wigo,2023,25038.87,Hatchback
1647,1273,SBA2A4586D3002273,ZWC-7547,Suzuki Dzire,2021,4225.38,Crossover
1648,1273,SB36157DC9B003273,ZWD-7548,Nissan Almera,2023,16345.27,Hatchback
1649,1274,SBB2651C992002274,AXC-7549,Kia Soluto,2021,6546.16,Sedan
1650,1274,SB97208E4CB003274,AXD-7550,Suzuki Dzire,2022,7321.13,Sedan
1651,1275,SBC77704219002275,BXC-7551,Suzuki Dzire,2021,1215.12,SUV
1652,1275,SBDB4DB5EC5003275,BXD-7552,Suzuki Dzire,2023,9001.44,Sedan
1653,1276,SB6E361E90C002276,CXC-7553,Toyota Vios,2023,3061.94,Hatchback
1654,1276,SB154D7DA9E003276,CXD-7554,Suzuki Dzire,2026,25694.32,SUV
1655,1277,SB01BBD2E04002277,DXC-7555,Nissan Almera,2025,3314.20,Sedan
1656,1277,SB423215DAE003277,DXD-7556,Mitsubishi Mirage,2026,6381.79,Sedan
1657,1278,SBCC7D159D6002278,EXC-7557,Honda City,2021,21351.18,Sedan
1658,1278,SBF665651BC003278,EXD-7558,Kia Picanto,2022,13573.73,SUV
1659,1279,SB32523734B002279,FXC-7559,Kia Picanto,2026,29088.58,Sedan
1660,1279,SB4F30ECA4E003279,FXD-7560,Kia Soluto,2025,25966.83,Hatchback
1661,1280,SBBC786A7E5002280,GXC-7561,Kia Soluto,2024,7460.66,Sedan
1662,1280,SB93C6CEA60003280,GXD-7562,Suzuki Dzire,2022,11928.98,Sedan
1663,1281,SBEC26DCDC2002281,HXC-7563,Toyota Wigo,2026,22633.76,Sedan
1664,1281,SB179DB7479003281,HXD-7564,Hyundai Accent,2026,9661.08,Crossover
1665,1282,SBC05C903E3002282,IXC-7565,Nissan Almera,2023,28928.37,Hatchback
1666,1282,SB03EA90673003282,IXD-7566,Toyota Vios,2023,13700.55,Sedan
1667,1283,SBD0E7244B3002283,JXC-7567,Honda City,2021,1458.98,Crossover
1668,1283,SB1DFE25747003283,JXD-7568,Toyota Wigo,2021,14270.11,Sedan
1669,1284,SBC4A665596002284,KXC-7569,Kia Picanto,2024,29182.09,Crossover
1670,1284,SB3521A3A5B003284,KXD-7570,Kia Soluto,2024,16163.91,Sedan
1671,1285,SB1D2FF8C09002285,LXC-7571,Nissan Almera,2026,9891.32,Hatchback
1672,1285,SB186F8F4EB003285,LXD-7572,Toyota Vios,2022,27426.84,Sedan
1673,1286,SB75A84B531002286,MXC-7573,Hyundai Accent,2023,23851.15,Hatchback
1674,1286,SBE056E52C8003286,MXD-7574,Nissan Almera,2024,14717.54,Crossover
1675,1287,SBF1B9528D5002287,NXC-7575,Suzuki Swift,2023,5147.58,SUV
1676,1287,SB83B7E1C6A003287,NXD-7576,Suzuki Swift,2021,22135.39,Sedan
1677,1288,SBCE74B141B002288,OXC-7577,Nissan Almera,2026,15443.80,Crossover
1678,1288,SB71964ED9F003288,OXD-7578,Mitsubishi Mirage,2023,21636.35,Hatchback
1679,1289,SB324CEEE24002289,PXC-7579,Honda Brio,2026,7763.58,SUV
1680,1289,SBA56AF13F4003289,PXD-7580,Toyota Yaris,2026,29564.21,Crossover
1681,1290,SB570AD3934002290,QXC-7581,Kia Soluto,2022,27536.88,Sedan
1682,1290,SB469410DB9003290,QXD-7582,Honda Brio,2021,1350.08,Hatchback
1683,1291,SB136AA7FE7002291,RXC-7583,Toyota Vios,2021,12180.71,Hatchback
1684,1291,SBE7CCBD117003291,RXD-7584,Suzuki Dzire,2024,1790.05,Sedan
1685,1292,SB0B0EE8B71002292,SXC-7585,Kia Picanto,2025,26159.69,Hatchback
1686,1292,SBBE590CE17003292,SXD-7586,Honda Brio,2023,14454.20,Hatchback
1687,1293,SBD4C074C60002293,TXC-7587,Toyota Yaris,2021,19359.59,SUV
1688,1293,SB41884C79B003293,TXD-7588,Kia Picanto,2022,19124.01,Sedan
1689,1294,SBE833AECDC002294,UXC-7589,Honda Brio,2023,1196.66,Hatchback
1690,1294,SB8D2583B31003294,UXD-7590,Honda Brio,2023,22795.81,Sedan
1691,1295,SB3E62CA0E3002295,VXC-7591,Kia Soluto,2023,22770.37,Hatchback
1692,1295,SB1EB933076003295,VXD-7592,Kia Picanto,2023,10640.47,Hatchback
1693,1296,SB4830891D0002296,WXC-7593,Nissan Almera,2026,9871.85,Hatchback
1694,1296,SB0164681A5003296,WXD-7594,Toyota Yaris,2026,6970.59,Sedan
1695,1297,SB9BB9852B7002297,XXC-7595,Hyundai Accent,2021,29362.85,Sedan
1696,1297,SBC1F22F4C3003297,XXD-7596,Kia Soluto,2021,18455.21,Hatchback
1697,1298,SBAAF662BE6002298,YXC-7597,Toyota Yaris,2026,5118.38,Sedan
1698,1298,SB7AD2E4FC2003298,YXD-7598,Kia Soluto,2025,7350.81,SUV
1699,1299,SB6A54289B2002299,ZXC-7599,Toyota Vios,2021,20119.95,Crossover
1700,1299,SBEC2F08AE4003299,ZXD-7600,Hyundai Accent,2023,2133.67,Hatchback
1701,1300,SBC0EAB2DCE002300,AYC-7601,Kia Picanto,2022,29014.06,SUV
1702,1300,SBDC1F1E86D003300,AYD-7602,Suzuki Dzire,2022,18147.68,SUV
1703,1301,SB3DA508DE4002301,BYC-7603,Mitsubishi Mirage,2026,8240.99,Crossover
1704,1301,SBD4E879ACA003301,BYD-7604,Toyota Vios,2023,15377.29,Hatchback
1705,1302,SB83A46F92E002302,CYC-7605,Suzuki Swift,2025,24488.78,Sedan
1706,1302,SB250202B14003302,CYD-7606,Kia Picanto,2021,15379.54,Crossover
1707,1303,SB9E1A4AD15002303,DYC-7607,Suzuki Dzire,2025,19476.20,Sedan
1708,1303,SB015C11191003303,DYD-7608,Mitsubishi Mirage,2021,7357.77,Sedan
1709,1304,SB2CA1CE4A6002304,EYC-7609,Honda City,2026,29975.87,Hatchback
1710,1304,SBF511186B0003304,EYD-7610,Mitsubishi Mirage,2021,6861.40,Hatchback
1711,1305,SBB594F8F8F002305,FYC-7611,Hyundai Accent,2026,20003.46,Hatchback
1712,1305,SB096CE33C9003305,FYD-7612,Suzuki Swift,2025,13916.45,SUV
1713,1306,SB658900B71002306,GYC-7613,Mitsubishi Mirage,2021,26983.64,Hatchback
1714,1306,SB9D70ADA63003306,GYD-7614,Nissan Almera,2024,25326.70,Sedan
1715,1307,SB57947ED4D002307,HYC-7615,Kia Soluto,2026,1786.82,Sedan
1716,1307,SB7835A9EF2003307,HYD-7616,Toyota Wigo,2025,16729.86,Hatchback
1717,1308,SB1960B8912002308,IYC-7617,Honda City,2021,1940.96,Hatchback
1718,1308,SBD685F5B94003308,IYD-7618,Toyota Wigo,2023,5914.23,Crossover
1719,1309,SB5FBCBA6B9002309,JYC-7619,Nissan Almera,2025,7474.40,Hatchback
1720,1309,SB9084DF79B003309,JYD-7620,Kia Picanto,2022,28083.06,SUV
1721,1310,SB037CA1E2C002310,KYC-7621,Toyota Vios,2026,26180.36,Sedan
1722,1310,SB213B9C781003310,KYD-7622,Mitsubishi Mirage,2024,26584.12,Hatchback
1723,1311,SB2C3587935002311,LYC-7623,Kia Picanto,2024,8607.69,Hatchback
1724,1311,SBD6D46A852003311,LYD-7624,Mitsubishi Mirage,2024,26059.06,Sedan
1725,1312,SB74890305F002312,MYC-7625,Toyota Wigo,2022,13468.89,Hatchback
1726,1312,SB8922176F5003312,MYD-7626,Toyota Wigo,2021,14876.08,Sedan
1727,1313,SB052A1A3C0002313,NYC-7627,Toyota Vios,2022,5755.64,SUV
1728,1313,SBA868D710A003313,NYD-7628,Honda City,2026,24346.11,Crossover
1729,1314,SB732586672002314,OYC-7629,Mitsubishi Mirage,2022,7617.72,Sedan
1730,1314,SBCBD37FC75003314,OYD-7630,Kia Soluto,2026,6459.06,Hatchback
1731,1315,SBA370AFDA4002315,PYC-7631,Kia Soluto,2022,29616.34,SUV
1732,1315,SBD92D7EC47003315,PYD-7632,Nissan Almera,2026,6945.68,Crossover
1733,1316,SB1DF146AF0002316,QYC-7633,Honda City,2023,7312.26,Crossover
1734,1316,SB50DE294B9003316,QYD-7634,Honda Brio,2022,23121.93,Sedan
1735,1317,SBD65146769002317,RYC-7635,Suzuki Swift,2025,21968.34,Sedan
1736,1317,SB2A3D16448003317,RYD-7636,Honda Brio,2023,20336.80,Crossover
1737,1318,SB3CDD0DFEC002318,SYC-7637,Honda City,2023,24748.92,Hatchback
1738,1318,SB0A90C1FDD003318,SYD-7638,Kia Soluto,2025,3488.48,Crossover
1739,1319,SB978362CE7002319,TYC-7639,Kia Picanto,2024,16994.79,Crossover
1740,1319,SBFC7079C59003319,TYD-7640,Honda City,2023,28332.62,Sedan
1741,1320,SBB0A3F2A0D002320,UYC-7641,Kia Picanto,2021,21636.46,Sedan
1742,1320,SBA3B1C195E003320,UYD-7642,Toyota Vios,2024,4459.29,Sedan
1743,1321,SB4A4AE8ED6002321,VYC-7643,Suzuki Dzire,2025,4061.02,Hatchback
1744,1321,SB1EE3007CB003321,VYD-7644,Honda City,2023,20298.84,Sedan
1745,1322,SB9E7A5230C002322,WYC-7645,Mitsubishi Mirage,2021,22759.38,Hatchback
1746,1322,SBEB352BCF0003322,WYD-7646,Toyota Wigo,2022,6879.98,Sedan
1747,1323,SBEA2D131C2002323,XYC-7647,Toyota Wigo,2022,3560.43,Hatchback
1748,1323,SB695553C0C003323,XYD-7648,Kia Picanto,2025,19894.12,Sedan
1749,1324,SBE1241D1B9002324,YYC-7649,Toyota Yaris,2021,27109.38,Sedan
1750,1324,SB3A78F1864003324,YYD-7650,Nissan Almera,2025,10349.33,Hatchback
1751,1325,SB645F86B5C002325,ZYC-7651,Suzuki Swift,2022,2465.86,Sedan
1752,1325,SB319146895003325,ZYD-7652,Kia Picanto,2022,17815.05,Sedan
1753,1326,SBB8ACB9F37002326,AZC-7653,Kia Picanto,2024,4301.62,Sedan
1754,1326,SB5328C873D003326,AZD-7654,Hyundai Accent,2024,8345.14,Hatchback
1755,1327,SB1CBAA4E56002327,BZC-7655,Mitsubishi Mirage,2024,9213.21,Hatchback
1756,1327,SBFD7FB6F83003327,BZD-7656,Toyota Vios,2024,14661.45,SUV
1757,1328,SB44680B5F7002328,CZC-7657,Honda Brio,2022,2205.09,Hatchback
1758,1328,SBAD1AEE423003328,CZD-7658,Suzuki Swift,2021,5617.08,Crossover
1759,1329,SB8FF717D61002329,DZC-7659,Nissan Almera,2023,9959.88,Hatchback
1760,1329,SB21EA3211C003329,DZD-7660,Honda Brio,2022,19090.06,Crossover
1761,1330,SBE1F581B9F002330,EZC-7661,Nissan Almera,2021,26419.99,Hatchback
1762,1330,SBA4D4EC4AA003330,EZD-7662,Mitsubishi Mirage,2025,6388.27,Hatchback
1763,1331,SB9A0F86604002331,FZC-7663,Toyota Wigo,2024,3091.98,Hatchback
1764,1331,SB9DD48D8DF003331,FZD-7664,Honda Brio,2025,3857.18,SUV
1765,1332,SBE430F779F002332,GZC-7665,Suzuki Dzire,2023,14547.74,Sedan
1766,1332,SBCE81F8E75003332,GZD-7666,Kia Soluto,2022,17913.25,Hatchback
1767,1333,SBF055C54D1002333,HZC-7667,Toyota Wigo,2026,19081.07,Hatchback
1768,1333,SB8110EAEB5003333,HZD-7668,Suzuki Dzire,2025,17315.42,Sedan
1769,1334,SBDC506560E002334,IZC-7669,Suzuki Swift,2025,7378.54,Sedan
1770,1334,SB05C410633003334,IZD-7670,Honda Brio,2023,29078.81,Crossover
1771,1335,SB404A9F611002335,JZC-7671,Toyota Yaris,2026,23012.94,Sedan
1772,1335,SB487550280003335,JZD-7672,Hyundai Accent,2026,10423.41,Hatchback
1773,1336,SBBB8C2A522002336,KZC-7673,Toyota Yaris,2023,7234.75,SUV
1774,1336,SB1E5E1435C003336,KZD-7674,Suzuki Swift,2026,26485.46,Crossover
1775,1337,SB234F16175002337,LZC-7675,Kia Picanto,2024,1553.68,Sedan
1776,1337,SB4251C47FD003337,LZD-7676,Toyota Yaris,2022,7431.27,Hatchback
1777,1338,SB8DACD3D8B002338,MZC-7677,Kia Soluto,2025,16062.13,Sedan
1778,1338,SBD0812EDF4003338,MZD-7678,Suzuki Swift,2026,22368.68,Sedan
1779,1339,SB81F89EDA5002339,NZC-7679,Toyota Yaris,2021,25745.19,Sedan
1780,1339,SB73A863F2A003339,NZD-7680,Mitsubishi Mirage,2023,8892.59,Sedan
1781,1340,SB7CF68B210002340,OZC-7681,Kia Soluto,2022,14401.66,SUV
1782,1340,SBD90D80183003340,OZD-7682,Toyota Wigo,2025,14994.27,Crossover
1783,1341,SB728C1CA93002341,PZC-7683,Toyota Wigo,2024,18173.74,Hatchback
1784,1341,SB52AF145BA003341,PZD-7684,Toyota Wigo,2025,3790.05,Sedan
1785,1342,SB0D2CF6886002342,QZC-7685,Kia Soluto,2021,5810.43,Hatchback
1786,1342,SBBFDAA0357003342,QZD-7686,Mitsubishi Mirage,2022,11127.67,SUV
1787,1343,SB065982E89002343,RZC-7687,Honda Brio,2024,17753.54,Sedan
1788,1343,SB51FF210A6003343,RZD-7688,Toyota Yaris,2023,6405.39,Hatchback
1789,1344,SB4E79E96EB002344,SZC-7689,Nissan Almera,2023,14853.41,Hatchback
1790,1344,SB16CAA0964003344,SZD-7690,Honda City,2026,13792.12,Sedan
1791,1345,SB0AE12DC36002345,TZC-7691,Toyota Yaris,2026,11150.24,Crossover
1792,1345,SBDA5DA79FC003345,TZD-7692,Suzuki Swift,2026,22462.82,Sedan
1793,1346,SBC2E8B74DE002346,UZC-7693,Nissan Almera,2024,21261.58,Crossover
1794,1346,SB27DCFA6C9003346,UZD-7694,Mitsubishi Mirage,2023,22538.71,Sedan
1795,1347,SBBFFA67E33002347,VZC-7695,Mitsubishi Mirage,2023,7133.32,Sedan
1796,1347,SB65C1700FD003347,VZD-7696,Kia Soluto,2025,18399.84,Crossover
1797,1348,SB76D0863B5002348,WZC-7697,Nissan Almera,2025,18284.83,Sedan
1798,1348,SB917FAC06D003348,WZD-7698,Toyota Wigo,2022,1619.26,Sedan
1799,1349,SB61940B7BC002349,XZC-7699,Honda Brio,2022,9615.63,Sedan
1800,1349,SB799974951003349,XZD-7700,Kia Picanto,2023,5461.59,Sedan
1801,1350,SBE50F835E1002350,YZC-7701,Toyota Yaris,2024,19536.10,SUV
1802,1350,SB13DFE127C003350,YZD-7702,Mitsubishi Mirage,2021,4167.18,Sedan
1803,1351,SB3C252FA14002351,ZZC-7703,Toyota Vios,2024,22926.78,Sedan
1804,1351,SB01788BF6C003351,ZZD-7704,Toyota Yaris,2024,7519.17,Sedan
1805,1352,SBF2A58D530002352,AAC-7705,Toyota Wigo,2026,14335.46,SUV
1806,1352,SB468CBAC05003352,AAD-7706,Toyota Yaris,2026,11040.93,Crossover
1807,1353,SBE185111CE002353,BAC-7707,Honda City,2023,12694.59,Hatchback
1808,1353,SB48C49B993003353,BAD-7708,Toyota Wigo,2025,28882.07,Sedan
1809,1354,SB42A7E8017002354,CAC-7709,Hyundai Accent,2024,14423.16,Sedan
1810,1354,SBF28C49D8B003354,CAD-7710,Toyota Yaris,2026,20446.16,Crossover
1811,1355,SB1259817CF002355,DAC-7711,Honda Brio,2026,17615.52,Sedan
1812,1355,SBCDAD43159003355,DAD-7712,Suzuki Dzire,2024,19212.94,Crossover
1813,1356,SBA7DFD48CC002356,EAC-7713,Mitsubishi Mirage,2025,23081.54,Crossover
1814,1356,SBE6482081C003356,EAD-7714,Suzuki Dzire,2024,15813.07,Hatchback
1815,1357,SB34D237931002357,FAC-7715,Toyota Wigo,2025,6894.84,Hatchback
1816,1357,SB3F85A33ED003357,FAD-7716,Kia Soluto,2022,26508.33,Hatchback
1817,1358,SB117CDC17F002358,GAC-7717,Toyota Vios,2021,5202.55,Hatchback
1818,1358,SB40882BEBD003358,GAD-7718,Toyota Wigo,2022,29809.94,Sedan
1819,1359,SB36D838A7F002359,HAC-7719,Toyota Vios,2025,19726.91,Sedan
1820,1359,SB8EF899FE3003359,HAD-7720,Suzuki Swift,2023,1848.75,Crossover
1821,1360,SBB7EAD1D09002360,IAC-7721,Nissan Almera,2026,2665.35,SUV
1822,1360,SBD7419AE04003360,IAD-7722,Suzuki Dzire,2024,1676.38,Crossover
1823,1361,SB556950CD2002361,JAC-7723,Nissan Almera,2023,10235.91,Sedan
1824,1361,SB9FF0BBC7C003361,JAD-7724,Hyundai Accent,2025,3433.18,Hatchback
1825,1362,SB72A18EFB5002362,KAC-7725,Kia Picanto,2021,10647.63,Crossover
1826,1362,SB177FDB0C1003362,KAD-7726,Suzuki Dzire,2025,29570.14,SUV
1827,1363,SBCB4E345E4002363,LAC-7727,Kia Picanto,2022,13154.89,Hatchback
1828,1363,SBB7E5D59EF003363,LAD-7728,Toyota Vios,2025,20418.80,Sedan
1829,1364,SB27A5EAAFD002364,MAC-7729,Nissan Almera,2025,8339.88,Sedan
1830,1364,SBFA10E81E2003364,MAD-7730,Suzuki Swift,2025,16215.46,Sedan
1831,1365,SBAA3F874FB002365,NAC-7731,Kia Picanto,2026,6334.85,Sedan
1832,1365,SB4223A1D5B003365,NAD-7732,Toyota Yaris,2022,4485.01,Hatchback
1833,1366,SB676028519002366,OAC-7733,Toyota Vios,2025,5044.41,Crossover
1834,1366,SB6A57122A7003366,OAD-7734,Kia Soluto,2022,18768.18,SUV
1835,1367,SBCC0A521E0002367,PAC-7735,Kia Soluto,2026,2815.44,SUV
1836,1367,SBDFAE769C7003367,PAD-7736,Hyundai Accent,2023,22376.17,Hatchback
1837,1368,SB561381860002368,QAC-7737,Toyota Yaris,2024,8547.26,Crossover
1838,1368,SB9EB39F498003368,QAD-7738,Suzuki Dzire,2021,6362.89,Hatchback
1839,1369,SB3CDAD14C5002369,RAC-7739,Suzuki Swift,2023,7625.84,Sedan
1840,1369,SB1288625A4003369,RAD-7740,Suzuki Swift,2025,3095.69,Sedan
1841,1370,SBBB9CAF960002370,SAC-7741,Suzuki Dzire,2024,16647.00,Sedan
1842,1370,SB5113FBBF6003370,SAD-7742,Mitsubishi Mirage,2025,13470.87,Crossover
1843,1371,SBE3537CCCE002371,TAC-7743,Kia Picanto,2026,7197.62,Crossover
1844,1371,SB76EDF3AEE003371,TAD-7744,Toyota Vios,2026,19994.92,Sedan
1845,1372,SB15501C574002372,UAC-7745,Suzuki Swift,2025,15375.51,Hatchback
1846,1372,SB2E8CE8530003372,UAD-7746,Kia Picanto,2023,7316.43,Sedan
1847,1373,SB331A2164F002373,VAC-7747,Kia Picanto,2021,13162.67,Sedan
1848,1373,SB934535DC5003373,VAD-7748,Toyota Yaris,2025,13413.89,Sedan
1849,1374,SBBB41D7BA7002374,WAC-7749,Toyota Wigo,2026,17611.54,Sedan
1850,1374,SBBBFAC18D2003374,WAD-7750,Honda Brio,2022,4982.98,Hatchback
1851,1375,SB72A6D73AB002375,XAC-7751,Honda Brio,2023,4107.03,Sedan
1852,1375,SBADED6EE2A003375,XAD-7752,Toyota Yaris,2022,20994.22,Sedan
1853,1376,SB0E78A1B0B002376,YAC-7753,Toyota Vios,2023,15712.12,Hatchback
1854,1376,SB01BAF7673003376,YAD-7754,Hyundai Accent,2023,3263.40,Crossover
1855,1377,SB3894DE97E002377,ZAC-7755,Toyota Wigo,2022,23629.01,Sedan
1856,1377,SB2FF87EF2C003377,ZAD-7756,Suzuki Dzire,2025,6740.53,Sedan
1857,1378,SB64FBE576C002378,ABC-7757,Honda Brio,2025,12925.17,Crossover
1858,1378,SB5655CF23B003378,ABD-7758,Suzuki Swift,2021,9459.29,Sedan
1859,1379,SB01BD1435B002379,BBC-7759,Suzuki Swift,2022,4258.40,Hatchback
1860,1379,SB2E51055E7003379,BBD-7760,Toyota Yaris,2025,21199.68,Hatchback
1861,1380,SB84B184211002380,CBC-7761,Nissan Almera,2026,26234.90,Hatchback
1862,1380,SB646E69D6E003380,CBD-7762,Honda Brio,2022,5108.55,Crossover
1863,1381,SB729404B28002381,DBC-7763,Toyota Vios,2024,20974.08,Hatchback
1864,1381,SBF5C80B20F003381,DBD-7764,Honda Brio,2024,22988.03,Hatchback
1865,1382,SB4EF5A564B002382,EBC-7765,Mitsubishi Mirage,2025,13162.80,SUV
1866,1382,SB4AB3564CC003382,EBD-7766,Mitsubishi Mirage,2023,8063.20,Crossover
1867,1383,SBABA2B11D0002383,FBC-7767,Suzuki Dzire,2026,27718.74,Crossover
1868,1383,SB2D8FE42DE003383,FBD-7768,Honda City,2026,2860.15,SUV
1869,1384,SBCDCC686A4002384,GBC-7769,Toyota Yaris,2024,25581.93,SUV
1870,1384,SBEBD58B8A3003384,GBD-7770,Toyota Wigo,2025,4288.71,Sedan
1871,1385,SB4D419D5B4002385,HBC-7771,Toyota Vios,2026,8571.95,Sedan
1872,1385,SB7F64F0CAB003385,HBD-7772,Honda City,2025,6569.17,SUV
1873,1386,SB320274EE8002386,IBC-7773,Toyota Yaris,2024,7138.30,Sedan
1874,1386,SB4C74DCFEA003386,IBD-7774,Honda Brio,2025,23979.38,Hatchback
1875,1387,SBBCA314ED6002387,JBC-7775,Toyota Wigo,2022,19974.14,Hatchback
1876,1387,SB7E7A41B81003387,JBD-7776,Nissan Almera,2022,15380.43,Sedan
1877,1388,SB114CDAC53002388,KBC-7777,Kia Soluto,2022,27384.00,Crossover
1878,1388,SBB7CDA51A7003388,KBD-7778,Suzuki Dzire,2026,13147.55,Hatchback
1879,1389,SBBB83B72BF002389,LBC-7779,Hyundai Accent,2021,25277.60,Hatchback
1880,1389,SBBBE2977A4003389,LBD-7780,Suzuki Dzire,2023,23788.18,Crossover
1881,1390,SBB27152E13002390,MBC-7781,Hyundai Accent,2026,13710.63,Sedan
1882,1390,SBC07D10191003390,MBD-7782,Nissan Almera,2023,18577.78,SUV
1883,1391,SB45E442E4B002391,NBC-7783,Nissan Almera,2022,5867.39,Sedan
1884,1391,SB69F00C668003391,NBD-7784,Honda Brio,2021,17437.92,Hatchback
1885,1392,SB0CBFF6DD7002392,OBC-7785,Suzuki Swift,2022,21813.20,Crossover
1886,1392,SBC052E590B003392,OBD-7786,Kia Soluto,2023,23910.07,Crossover
1887,1393,SB77A4DF1AB002393,PBC-7787,Kia Picanto,2021,12853.97,Hatchback
1888,1393,SBF29E862F7003393,PBD-7788,Toyota Yaris,2025,16273.70,Crossover
1889,1394,SBB06CBB874002394,QBC-7789,Toyota Yaris,2025,24960.66,Hatchback
1890,1394,SB5A2CB441C003394,QBD-7790,Toyota Wigo,2021,2844.12,Crossover
1891,1395,SBD56FAC4FC002395,RBC-7791,Toyota Yaris,2021,26688.36,SUV
1892,1395,SB4A3CFFE00003395,RBD-7792,Honda City,2026,12396.63,Sedan
1893,1396,SB262F3D665002396,SBC-7793,Nissan Almera,2022,6521.87,Hatchback
1894,1396,SBF84F4800D003396,SBD-7794,Mitsubishi Mirage,2021,26683.91,SUV
1895,1397,SB95E2B3BC3002397,TBC-7795,Honda Brio,2025,6586.22,Hatchback
1896,1397,SBC4D856156003397,TBD-7796,Hyundai Accent,2021,23647.79,Sedan
1897,1398,SB68E0937D0002398,UBC-7797,Hyundai Accent,2023,17408.04,Sedan
1898,1398,SB6EA1301C7003398,UBD-7798,Hyundai Accent,2026,9565.16,Crossover
1899,1399,SB7207CC49A002399,VBC-7799,Toyota Yaris,2026,25758.61,Crossover
1900,1399,SBD13DDA855003399,VBD-7800,Toyota Yaris,2022,21099.36,Sedan
1901,1400,SBC47A3BA2C002400,WBC-7801,Nissan Almera,2025,19814.57,Crossover
1902,1400,SB86158A6B3003400,WBD-7802,Kia Picanto,2026,2621.49,Hatchback
1903,1401,SBCEF762ECE002401,XBC-7803,Nissan Almera,2024,10824.40,Hatchback
1904,1401,SBA22EDE5D7003401,XBD-7804,Nissan Almera,2021,6559.44,SUV
1905,1402,SBE1F5448F1002402,YBC-7805,Suzuki Swift,2022,17782.17,Hatchback
1906,1402,SB87C527CAC003402,YBD-7806,Honda City,2021,4780.68,Sedan
1907,1403,SBB16D68771002403,ZBC-7807,Kia Picanto,2024,26698.93,Hatchback
1908,1403,SB2950B6AFD003403,ZBD-7808,Kia Soluto,2024,25709.36,Sedan
1909,1404,SBC4A39D2DA002404,ACC-7809,Honda Brio,2021,9760.65,SUV
1910,1404,SB45EFA623F003404,ACD-7810,Nissan Almera,2024,14735.66,Crossover
1911,1405,SB668940126002405,BCC-7811,Suzuki Dzire,2022,19723.22,Hatchback
1912,1405,SB818E9B09B003405,BCD-7812,Hyundai Accent,2024,20835.63,SUV
1913,1406,SBA9DAB015B002406,CCC-7813,Honda Brio,2022,26172.38,Sedan
1914,1406,SBE775A20F0003406,CCD-7814,Toyota Wigo,2023,27730.91,Hatchback
1915,1407,SBCCCB7EC70002407,DCC-7815,Honda City,2026,9121.11,Hatchback
1916,1407,SB87BEDA256003407,DCD-7816,Kia Soluto,2024,15739.78,Hatchback
1917,1408,SB037A15F03002408,ECC-7817,Toyota Vios,2021,27765.67,Hatchback
1918,1408,SBEE0F827FE003408,ECD-7818,Toyota Vios,2021,5740.13,SUV
1919,1409,SBDD32C0FC8002409,FCC-7819,Mitsubishi Mirage,2026,21605.56,SUV
1920,1409,SB734805FC5003409,FCD-7820,Suzuki Swift,2021,2259.63,Hatchback
1921,1410,SB56D8B82BC002410,GCC-7821,Honda City,2024,22147.24,Sedan
1922,1410,SBC5EB4987B003410,GCD-7822,Hyundai Accent,2026,7117.35,Hatchback
1923,1411,SBB85437CFC002411,HCC-7823,Hyundai Accent,2025,10628.95,Sedan
1924,1411,SB107387D5D003411,HCD-7824,Kia Picanto,2023,1121.06,Crossover
1925,1412,SB17A24DF73002412,ICC-7825,Honda Brio,2022,1173.10,Hatchback
1926,1412,SBAEAEB80C3003412,ICD-7826,Hyundai Accent,2021,8648.97,Crossover
1927,1413,SBDE073D2CF002413,JCC-7827,Toyota Vios,2021,15325.35,Hatchback
1928,1413,SB539A4BA7E003413,JCD-7828,Honda Brio,2022,24813.11,Crossover
1929,1414,SBCA6D6B468002414,KCC-7829,Nissan Almera,2021,22877.63,Sedan
1930,1414,SBB304D1215003414,KCD-7830,Toyota Yaris,2021,28897.68,Sedan
1931,1415,SBEE2689A41002415,LCC-7831,Kia Picanto,2026,26963.99,SUV
1932,1415,SB7EC9EC493003415,LCD-7832,Nissan Almera,2023,13179.53,Crossover
1933,1416,SB2298D401E002416,MCC-7833,Suzuki Swift,2024,19471.82,SUV
1934,1416,SB6410BB923003416,MCD-7834,Suzuki Dzire,2024,24922.91,SUV
1935,1417,SB4346AD94C002417,NCC-7835,Kia Soluto,2023,27888.24,Sedan
1936,1417,SB9F3D342D3003417,NCD-7836,Kia Soluto,2021,17843.43,Hatchback
1937,1418,SB55F04EA8D002418,OCC-7837,Hyundai Accent,2024,2095.53,Crossover
1938,1418,SB093C72C52003418,OCD-7838,Mitsubishi Mirage,2025,7586.35,Crossover
1939,1419,SB04C32D4D9002419,PCC-7839,Suzuki Dzire,2026,7038.05,Sedan
1940,1419,SB0AAF61723003419,PCD-7840,Honda City,2021,23549.68,SUV
1941,1420,SB58FE20031002420,QCC-7841,Mitsubishi Mirage,2025,17951.21,Hatchback
1942,1420,SB5A834EC7E003420,QCD-7842,Honda City,2022,3256.36,Hatchback
1943,1421,SBF416D0FBC002421,RCC-7843,Nissan Almera,2021,11366.46,Sedan
1944,1421,SB65F4086DB003421,RCD-7844,Mitsubishi Mirage,2024,20512.21,Sedan
1945,1422,SB266C430A5002422,SCC-7845,Nissan Almera,2026,15077.71,Hatchback
1946,1422,SB164F545C2003422,SCD-7846,Honda City,2026,10373.50,Crossover
1947,1423,SBCFCFC30E3002423,TCC-7847,Honda City,2022,25091.28,Sedan
1948,1423,SB0EE7E7106003423,TCD-7848,Hyundai Accent,2022,18257.55,Hatchback
1949,1424,SB7551E734E002424,UCC-7849,Nissan Almera,2022,5167.35,Sedan
1950,1424,SB24988D9AA003424,UCD-7850,Nissan Almera,2022,18095.33,Sedan
1951,1425,SBA4315D65E002425,VCC-7851,Kia Soluto,2024,10776.80,Hatchback
1952,1425,SBDCE30DEE7003425,VCD-7852,Mitsubishi Mirage,2023,18074.49,Hatchback
1953,1426,SB40F4D6054002426,WCC-7853,Honda Brio,2026,28616.78,Sedan
1954,1426,SBAB42FC5C2003426,WCD-7854,Hyundai Accent,2023,12340.06,Sedan
1955,1427,SBC0CC6FA12002427,XCC-7855,Honda Brio,2024,3330.55,Sedan
1956,1427,SB8D2DBF39A003427,XCD-7856,Mitsubishi Mirage,2026,13554.54,Hatchback
1957,1428,SB3AB9A9924002428,YCC-7857,Suzuki Swift,2023,8731.71,Crossover
1958,1428,SB1FC87E47C003428,YCD-7858,Kia Picanto,2021,27847.56,Crossover
1959,1429,SB95A5A8221002429,ZCC-7859,Kia Picanto,2022,9895.65,Hatchback
1960,1429,SB8D060ABE1003429,ZCD-7860,Hyundai Accent,2025,22160.50,Hatchback
1961,1430,SB901E70DA0002430,ADC-7861,Kia Soluto,2021,10272.66,Crossover
1962,1430,SB65BE44AE7003430,ADD-7862,Honda Brio,2025,12567.15,Crossover
1963,1431,SBBFE6C14C9002431,BDC-7863,Hyundai Accent,2026,8402.10,SUV
1964,1431,SBEF6FE5033003431,BDD-7864,Kia Soluto,2026,3553.11,SUV
1965,1432,SB08FCB5EAD002432,CDC-7865,Toyota Wigo,2025,4419.39,Sedan
1966,1432,SBD3DDEDD99003432,CDD-7866,Honda City,2022,22320.71,Hatchback
1967,1433,SB0503BF609002433,DDC-7867,Mitsubishi Mirage,2022,9111.07,Sedan
1968,1433,SB7DD21654C003433,DDD-7868,Kia Picanto,2024,11216.55,Sedan
1969,1434,SB787E86653002434,EDC-7869,Suzuki Swift,2025,6778.55,Crossover
1970,1434,SB70CF1F7EB003434,EDD-7870,Nissan Almera,2023,11767.15,Crossover
1971,1435,SBCCD44234C002435,FDC-7871,Toyota Wigo,2022,2371.76,Sedan
1972,1435,SB37B1FE960003435,FDD-7872,Toyota Vios,2026,23896.51,Hatchback
1973,1436,SB0E2CB0396002436,GDC-7873,Hyundai Accent,2024,3944.10,Sedan
1974,1436,SBE58151519003436,GDD-7874,Suzuki Dzire,2021,8173.70,Crossover
1975,1437,SB306B0C0A9002437,HDC-7875,Mitsubishi Mirage,2023,3237.14,Hatchback
1976,1437,SB5B3A93D10003437,HDD-7876,Suzuki Swift,2026,10721.02,SUV
1977,1438,SB235FBA44E002438,IDC-7877,Mitsubishi Mirage,2023,13719.67,SUV
1978,1438,SB60C4A88BA003438,IDD-7878,Suzuki Dzire,2025,19972.44,SUV
1979,1439,SB3ABB56915002439,JDC-7879,Kia Picanto,2025,27250.01,Sedan
1980,1439,SB625D2D310003439,JDD-7880,Toyota Vios,2025,26102.48,Sedan
1981,1440,SBE6D559092002440,KDC-7881,Hyundai Accent,2022,21158.41,Crossover
1982,1440,SB757C26BB2003440,KDD-7882,Nissan Almera,2023,19067.64,Hatchback
1983,1441,SBE620A25AE002441,LDC-7883,Kia Soluto,2024,18371.80,Hatchback
1984,1441,SB8EA980547003441,LDD-7884,Nissan Almera,2022,15019.99,SUV
1985,1442,SB036AD3E51002442,MDC-7885,Honda City,2026,20512.39,Hatchback
1986,1442,SB2D66AED7A003442,MDD-7886,Toyota Vios,2023,8848.01,Sedan
1987,1443,SB6E2C22AB0002443,NDC-7887,Kia Picanto,2023,18139.86,SUV
1988,1443,SBE9BBCC76E003443,NDD-7888,Toyota Vios,2023,21416.40,Hatchback
1989,1444,SB1F30C0CE8002444,ODC-7889,Mitsubishi Mirage,2022,24131.48,Crossover
1990,1444,SB5F745F6C8003444,ODD-7890,Nissan Almera,2026,25827.58,SUV
1991,1445,SB5D5945691002445,PDC-7891,Nissan Almera,2022,13047.43,SUV
1992,1445,SB033EE0349003445,PDD-7892,Toyota Wigo,2021,20451.60,Hatchback
1993,1446,SB18091EC91002446,QDC-7893,Kia Picanto,2025,19107.41,SUV
1994,1446,SB4F9EF38ED003446,QDD-7894,Toyota Vios,2025,28382.56,Sedan
1995,1447,SB7C960F55D002447,RDC-7895,Toyota Yaris,2025,19512.12,SUV
1996,1447,SB2B8248D6E003447,RDD-7896,Kia Soluto,2025,22478.83,Hatchback
1997,1448,SB3B0CC5F59002448,SDC-7897,Kia Soluto,2026,29281.93,Hatchback
1998,1448,SBB0E2FF951003448,SDD-7898,Honda Brio,2022,6179.24,Crossover
1999,1449,SB24BDF1947002449,TDC-7899,Kia Soluto,2023,7808.01,SUV
2000,1449,SB5AE81DAA8003449,TDD-7900,Kia Soluto,2026,28836.33,Sedan
2001,1450,SB9111AA5BE002450,UDC-7901,Nissan Almera,2024,21496.83,Hatchback
2002,1450,SBF40A63582003450,UDD-7902,Honda City,2023,10616.36,Sedan
2003,1451,SBBDE7B6425002451,VDC-7903,Kia Picanto,2026,20623.43,Sedan
2004,1451,SBF589A2411003451,VDD-7904,Mitsubishi Mirage,2022,20055.63,Crossover
2005,1452,SB03E0D5F0C002452,WDC-7905,Suzuki Swift,2022,22901.94,Hatchback
2006,1452,SB67EFDEDE8003452,WDD-7906,Mitsubishi Mirage,2021,13382.12,Sedan
2007,1453,SBE91FA8906002453,XDC-7907,Kia Soluto,2021,11553.04,Sedan
2008,1453,SB6C0CBA7FD003453,XDD-7908,Kia Picanto,2025,11673.29,SUV
2009,1454,SB0EF198977002454,YDC-7909,Honda City,2025,8576.32,Crossover
2010,1454,SBD05AEBFEC003454,YDD-7910,Nissan Almera,2023,1459.36,Hatchback
2011,1455,SB668C7D9D4002455,ZDC-7911,Toyota Yaris,2026,18859.02,SUV
2012,1455,SBC802EFB97003455,ZDD-7912,Toyota Vios,2022,10785.61,Sedan
2013,1456,SBA90D826CB002456,AEC-7913,Suzuki Swift,2024,14306.36,Sedan
2014,1456,SB1772C976B003456,AED-7914,Hyundai Accent,2026,8104.80,Sedan
2015,1457,SB6DC4166C5002457,BEC-7915,Honda City,2023,29997.82,SUV
2016,1457,SBFCC852EBF003457,BED-7916,Suzuki Swift,2023,18206.32,Hatchback
2017,1458,SB72CC4C5E6002458,CEC-7917,Honda Brio,2024,26932.72,Crossover
2018,1458,SBAB51D7A8E003458,CED-7918,Kia Picanto,2021,18044.92,Sedan
2019,1459,SBADA77E9FA002459,DEC-7919,Toyota Vios,2024,23346.18,Hatchback
2020,1459,SBC51C55CEC003459,DED-7920,Mitsubishi Mirage,2022,4533.41,SUV
2021,1460,SB050B8CBE3002460,EEC-7921,Mitsubishi Mirage,2021,11838.55,Hatchback
2022,1460,SB2548E0A7D003460,EED-7922,Honda Brio,2026,12948.12,Hatchback
2023,1461,SBBA2C75B06002461,FEC-7923,Suzuki Dzire,2023,18121.40,Hatchback
2024,1461,SB9FA8928C2003461,FED-7924,Toyota Wigo,2022,22983.25,SUV
2025,1462,SBF7FF233E4002462,GEC-7925,Nissan Almera,2022,8973.17,Hatchback
2026,1462,SBA1C71B134003462,GED-7926,Mitsubishi Mirage,2024,16850.72,Sedan
2027,1463,SB67B3D697F002463,HEC-7927,Nissan Almera,2023,10630.68,Crossover
2028,1463,SB5E8359633003463,HED-7928,Suzuki Swift,2021,18663.69,Crossover
2029,1464,SB0E143C3BE002464,IEC-7929,Toyota Vios,2025,22679.07,Hatchback
2030,1464,SB1BE9573BE003464,IED-7930,Mitsubishi Mirage,2021,6001.18,Hatchback
2031,1465,SB6BAADC891002465,JEC-7931,Toyota Vios,2022,23008.86,Crossover
2032,1465,SB0F3EA482C003465,JED-7932,Toyota Wigo,2024,11120.31,SUV
2033,1466,SBE0C5E4CE2002466,KEC-7933,Mitsubishi Mirage,2024,29784.00,Hatchback
2034,1466,SB47D3158FE003466,KED-7934,Mitsubishi Mirage,2023,27497.44,Hatchback
2035,1467,SB13F3D8F0B002467,LEC-7935,Kia Picanto,2022,28896.00,SUV
2036,1467,SBEB844CBE6003467,LED-7936,Toyota Wigo,2022,11286.27,Hatchback
2037,1468,SB628F7DC50002468,MEC-7937,Nissan Almera,2021,13605.76,Hatchback
2038,1468,SB02C6A2A8C003468,MED-7938,Nissan Almera,2024,23293.18,Hatchback
2039,1469,SB634083139002469,NEC-7939,Toyota Vios,2025,22737.47,Sedan
2040,1469,SBAE7D9DC85003469,NED-7940,Honda City,2023,22225.10,Hatchback
2041,1470,SB744124DDC002470,OEC-7941,Honda City,2023,13045.19,SUV
2042,1470,SB9F44FDEE1003470,OED-7942,Mitsubishi Mirage,2025,1746.09,Crossover
2043,1471,SB7421D74F5002471,PEC-7943,Toyota Vios,2026,10397.80,Sedan
2044,1471,SB33501018D003471,PED-7944,Nissan Almera,2022,13818.42,Hatchback
2045,1472,SBB8B0E0421002472,QEC-7945,Suzuki Swift,2026,10188.49,Hatchback
2046,1472,SBE417BAA9C003472,QED-7946,Toyota Wigo,2023,1829.80,Hatchback
2047,1473,SBD4FF76AF5002473,REC-7947,Hyundai Accent,2024,28798.36,Hatchback
2048,1473,SB8F1DD6E7A003473,RED-7948,Suzuki Swift,2025,6013.92,Hatchback
2049,1474,SB7D2D180C4002474,SEC-7949,Mitsubishi Mirage,2026,22251.00,Crossover
2050,1474,SB64CD16E5E003474,SED-7950,Nissan Almera,2022,10258.51,Crossover
2051,1475,SBEFAD653E1002475,TEC-7951,Toyota Yaris,2025,28401.30,Sedan
2052,1475,SB85EBAD98D003475,TED-7952,Honda City,2025,18721.16,SUV
2053,1476,SBAD100897C002476,UEC-7953,Suzuki Dzire,2024,27314.21,Hatchback
2054,1476,SB93BB49EDE003476,UED-7954,Kia Picanto,2022,8463.18,SUV
2055,1477,SBEA3E4EBF7002477,VEC-7955,Mitsubishi Mirage,2026,8083.67,Sedan
2056,1477,SB91D5E7CAA003477,VED-7956,Kia Picanto,2024,26944.00,Hatchback
2057,1478,SB215276B5F002478,WEC-7957,Toyota Wigo,2021,27797.22,Hatchback
2058,1478,SB2405667F3003478,WED-7958,Suzuki Swift,2023,18557.21,Crossover
2059,1479,SB874DC8C9C002479,XEC-7959,Kia Soluto,2023,7462.50,Sedan
2060,1479,SB1A4A5F89E003479,XED-7960,Nissan Almera,2026,14432.38,Sedan
2061,1480,SB209DC8782002480,YEC-7961,Toyota Yaris,2024,8559.19,Sedan
2062,1480,SB29DDF7414003480,YED-7962,Toyota Yaris,2021,6080.19,Crossover
2063,1481,SB2E11FE852002481,ZEC-7963,Toyota Yaris,2025,1309.54,Hatchback
2064,1481,SBD8FA522F7003481,ZED-7964,Suzuki Swift,2024,15143.41,Hatchback
2065,1482,SB00B5D2692002482,AFC-7965,Suzuki Dzire,2022,7729.31,Sedan
2066,1482,SB7006BC554003482,AFD-7966,Suzuki Swift,2023,4758.73,SUV
2067,1483,SB7B6973D6F002483,BFC-7967,Kia Picanto,2024,9674.57,Sedan
2068,1483,SB669EA75F1003483,BFD-7968,Honda Brio,2022,11381.46,Hatchback
2069,1484,SB2ACA75210002484,CFC-7969,Suzuki Swift,2022,21359.24,Sedan
2070,1484,SB8AAD11AD0003484,CFD-7970,Honda City,2023,11752.31,Sedan
2071,1485,SBC334BA61F002485,DFC-7971,Honda Brio,2023,6123.86,Hatchback
2072,1485,SB839541BFA003485,DFD-7972,Honda City,2026,21675.48,SUV
2073,1486,SB7274F01AB002486,EFC-7973,Kia Soluto,2025,18178.55,Sedan
2074,1486,SB524E30E77003486,EFD-7974,Kia Soluto,2025,22970.88,Sedan
2075,1487,SB55E71B440002487,FFC-7975,Toyota Wigo,2021,21300.19,Hatchback
2076,1487,SBA598E7D20003487,FFD-7976,Mitsubishi Mirage,2022,21580.06,Sedan
2077,1488,SB41069C812002488,GFC-7977,Honda City,2024,11246.94,Hatchback
2078,1488,SBA8FEB0F39003488,GFD-7978,Honda Brio,2024,20880.19,Hatchback
2079,1489,SB09A7AE595002489,HFC-7979,Nissan Almera,2026,4337.71,Sedan
2080,1489,SB13D7A9001003489,HFD-7980,Suzuki Dzire,2026,29875.40,Crossover
2081,1490,SB3D6DF9D6B002490,IFC-7981,Honda Brio,2025,13839.63,Hatchback
2082,1490,SB2B662C2BC003490,IFD-7982,Mitsubishi Mirage,2021,25405.61,Hatchback
2083,1491,SB01C8A64A2002491,JFC-7983,Toyota Vios,2025,1676.35,Sedan
2084,1491,SBB7A09DCA2003491,JFD-7984,Toyota Vios,2026,8527.37,Crossover
2085,1492,SBD3989FD6B002492,KFC-7985,Kia Picanto,2025,8915.22,Sedan
2086,1492,SB3895C46AB003492,KFD-7986,Honda Brio,2023,20230.96,Sedan
2087,1493,SBF5B0E516B002493,LFC-7987,Suzuki Swift,2021,5827.57,Hatchback
2088,1493,SBC08AE3001003493,LFD-7988,Toyota Yaris,2023,11822.92,SUV
2089,1494,SB2419822E9002494,MFC-7989,Suzuki Dzire,2023,16510.88,SUV
2090,1494,SB4E292A02E003494,MFD-7990,Suzuki Dzire,2021,11144.59,Hatchback
2091,1495,SBB47A38D37002495,NFC-7991,Honda City,2021,16106.33,Crossover
2092,1495,SB71DEF22EC003495,NFD-7992,Mitsubishi Mirage,2023,7966.85,Hatchback
2093,1496,SB8E9CD83F2002496,OFC-7993,Toyota Vios,2023,24133.17,Sedan
2094,1496,SBE74C628E8003496,OFD-7994,Kia Picanto,2024,6466.71,SUV
2095,1497,SB54C024DE9002497,PFC-7995,Toyota Vios,2026,19997.86,Hatchback
2096,1497,SB7D5A3C270003497,PFD-7996,Kia Soluto,2026,5705.61,Hatchback
2097,1498,SBAE0720D73002498,QFC-7997,Mitsubishi Mirage,2025,9774.58,Hatchback
2098,1498,SB466E695C8003498,QFD-7998,Honda City,2024,15050.46,Crossover
2099,1499,SBDDD6BAC0F002499,RFC-7999,Kia Picanto,2025,27434.97,Hatchback
2100,1499,SB88F64D690003499,RFD-8000,Suzuki Swift,2022,24064.21,Crossover
2101,1500,SB8BD045C02002500,SFC-8001,Nissan Almera,2022,15628.34,Crossover
2102,1500,SB5496F4087003500,SFD-8002,Kia Picanto,2021,1857.66,Hatchback
2103,1501,SB21BF78373002501,TFC-8003,Kia Soluto,2024,22981.21,Hatchback
2104,1501,SBF8E8B1FEF003501,TFD-8004,Toyota Wigo,2021,9087.97,Sedan
2105,1502,SB5DA32258D002502,UFC-8005,Toyota Vios,2023,12734.92,Crossover
2106,1502,SB86B83F4A0003502,UFD-8006,Suzuki Dzire,2025,12894.60,Sedan
2107,1503,SB6BFE6DE4E002503,VFC-8007,Kia Soluto,2024,13275.64,Sedan
2108,1503,SB8A09E8175003503,VFD-8008,Suzuki Swift,2026,19274.09,Sedan
2109,1504,SB549D841C3002504,WFC-8009,Hyundai Accent,2021,13835.32,Hatchback
2110,1504,SBFBF8CA43D003504,WFD-8010,Kia Picanto,2026,13700.82,Hatchback
2111,1505,SB206F6A7AD002505,XFC-8011,Toyota Vios,2024,7193.51,Crossover
2112,1505,SBC932714A2003505,XFD-8012,Nissan Almera,2023,18631.64,Hatchback
2113,1506,SB0783683C4002506,YFC-8013,Toyota Wigo,2023,17163.46,Hatchback
2114,1506,SBD5215023C003506,YFD-8014,Mitsubishi Mirage,2021,11709.86,Hatchback
2115,1507,SB81616E9AB002507,ZFC-8015,Suzuki Swift,2024,19047.83,SUV
2116,1507,SB0A90E4944003507,ZFD-8016,Kia Picanto,2024,22293.36,SUV
2117,1508,SB324D63705002508,AGC-8017,Nissan Almera,2025,3664.18,SUV
2118,1508,SB12CFBD880003508,AGD-8018,Toyota Yaris,2026,15555.06,Hatchback
2119,1509,SB21F08CC6C002509,BGC-8019,Toyota Yaris,2021,29082.01,Sedan
2120,1509,SBFA522EDE9003509,BGD-8020,Hyundai Accent,2024,28327.43,Sedan
2121,1510,SB0BBFD30C6002510,CGC-8021,Kia Picanto,2023,26488.52,SUV
2122,1510,SB575DC1140003510,CGD-8022,Honda City,2026,19124.06,Hatchback
2123,1511,SB50D7F9994002511,DGC-8023,Kia Picanto,2022,11108.88,Hatchback
2124,1511,SBAC9097077003511,DGD-8024,Honda Brio,2023,13632.62,Crossover
2125,1512,SBB912BF47E002512,EGC-8025,Hyundai Accent,2023,11803.14,Sedan
2126,1512,SB6E0A4F925003512,EGD-8026,Toyota Yaris,2025,27715.75,Sedan
2127,1513,SB9E0151C8F002513,FGC-8027,Toyota Yaris,2023,15774.25,SUV
2128,1513,SB25E828AFE003513,FGD-8028,Kia Picanto,2022,26533.94,Sedan
2129,1514,SB124243DCC002514,GGC-8029,Kia Soluto,2022,25775.02,SUV
2130,1514,SB485647024003514,GGD-8030,Honda Brio,2021,13762.65,Sedan
2131,1515,SB49D26BE4D002515,HGC-8031,Toyota Vios,2023,18830.09,Hatchback
2132,1515,SBDFF4BA680003515,HGD-8032,Kia Soluto,2021,1332.15,Crossover
2133,1516,SBA16C4FCDF002516,IGC-8033,Honda City,2022,7844.96,Hatchback
2134,1516,SB957D6E060003516,IGD-8034,Mitsubishi Mirage,2024,5850.07,Hatchback
2135,1517,SB126548D40002517,JGC-8035,Nissan Almera,2026,19606.83,Crossover
2136,1517,SB406C84159003517,JGD-8036,Toyota Vios,2022,7989.28,SUV
2137,1518,SB0E87DE457002518,KGC-8037,Honda City,2026,22341.19,Hatchback
2138,1518,SBCD9DEE200003518,KGD-8038,Nissan Almera,2023,27267.28,SUV
2139,1519,SBC7174A563002519,LGC-8039,Hyundai Accent,2021,18261.11,Hatchback
2140,1519,SB182340C28003519,LGD-8040,Kia Picanto,2024,4610.59,Crossover
2141,1520,SB7C7B23FFE002520,MGC-8041,Toyota Yaris,2025,22367.35,Crossover
2142,1520,SBE65D4C415003520,MGD-8042,Kia Picanto,2021,6269.04,Hatchback
2143,1521,SB36AC2B589002521,NGC-8043,Kia Picanto,2023,19561.72,Hatchback
2144,1521,SB443934CD5003521,NGD-8044,Suzuki Swift,2026,21628.75,Crossover
2145,1522,SB57B33AE6C002522,OGC-8045,Honda Brio,2023,4513.56,Sedan
2146,1522,SB7D4A76956003522,OGD-8046,Kia Picanto,2024,5961.56,Sedan
2147,1523,SB89B3F5223002523,PGC-8047,Hyundai Accent,2026,13430.64,Hatchback
2148,1523,SB66D654980003523,PGD-8048,Honda Brio,2022,24198.98,Hatchback
2149,1524,SBA3149B45C002524,QGC-8049,Kia Picanto,2023,2861.24,Hatchback
2150,1524,SB3721E4FA1003524,QGD-8050,Toyota Vios,2025,11889.71,Sedan
2151,1525,SBFB506FFC6002525,RGC-8051,Toyota Vios,2025,24335.93,SUV
2152,1525,SB090AFE0D4003525,RGD-8052,Toyota Wigo,2025,7685.05,Hatchback
2153,1526,SB1D72D067A002526,SGC-8053,Hyundai Accent,2024,19380.04,SUV
2154,1526,SB19C81DDC9003526,SGD-8054,Kia Picanto,2023,14922.69,Sedan
2155,1527,SB2A174F994002527,TGC-8055,Honda Brio,2022,4848.68,Sedan
2156,1527,SB0FCBC3C0C003527,TGD-8056,Suzuki Swift,2024,8416.16,Hatchback
2157,1528,SBE770AA80A002528,UGC-8057,Suzuki Swift,2026,21744.21,Hatchback
2158,1528,SB35068FBF1003528,UGD-8058,Honda Brio,2025,7223.53,Hatchback
2159,1529,SBFA93E5500002529,VGC-8059,Mitsubishi Mirage,2022,11132.91,SUV
2160,1529,SBCFC34923A003529,VGD-8060,Kia Soluto,2024,4600.43,SUV
2161,1530,SBDBB77B62A002530,WGC-8061,Kia Picanto,2021,21542.44,Hatchback
2162,1530,SBA7E00935B003530,WGD-8062,Toyota Wigo,2022,22331.15,SUV
2163,1531,SBE3D3DF46B002531,XGC-8063,Toyota Yaris,2021,2637.41,SUV
2164,1531,SB09F6F87F0003531,XGD-8064,Mitsubishi Mirage,2025,2635.09,Hatchback
2165,1532,SBD50819673002532,YGC-8065,Honda City,2023,1368.82,Crossover
2166,1532,SBFE184EC32003532,YGD-8066,Toyota Wigo,2023,2632.85,SUV
2167,1533,SB3349958A3002533,ZGC-8067,Hyundai Accent,2025,3059.78,Sedan
2168,1533,SB325944802003533,ZGD-8068,Honda Brio,2022,23489.60,Sedan
2169,1534,SB417D74E9A002534,AHC-8069,Hyundai Accent,2024,13706.83,Crossover
2170,1534,SBDDABB258D003534,AHD-8070,Kia Soluto,2022,19293.62,Sedan
2171,1535,SB94F338FE2002535,BHC-8071,Suzuki Swift,2025,5921.98,Hatchback
2172,1535,SBD71ABBCC8003535,BHD-8072,Toyota Wigo,2023,8541.25,SUV
2173,1536,SB7259202CE002536,CHC-8073,Suzuki Dzire,2021,3454.42,Crossover
2174,1536,SBF514659F5003536,CHD-8074,Kia Picanto,2025,4327.33,Sedan
2175,1537,SB583EC298B002537,DHC-8075,Toyota Vios,2021,27229.48,Hatchback
2176,1537,SB9F3AD7A14003537,DHD-8076,Nissan Almera,2025,25731.49,SUV
2177,1538,SBE92C58A64002538,EHC-8077,Suzuki Swift,2025,17422.02,SUV
2178,1538,SBB33AB78DC003538,EHD-8078,Honda City,2025,29135.24,Sedan
2179,1539,SB0B8BECEDE002539,FHC-8079,Honda City,2023,8439.31,Hatchback
2180,1539,SB03931CA4C003539,FHD-8080,Honda City,2026,5885.25,Hatchback
2181,1540,SB52AEE03D2002540,GHC-8081,Nissan Almera,2025,2747.55,Crossover
2182,1540,SB91002ECA6003540,GHD-8082,Kia Picanto,2021,15014.17,SUV
2183,1541,SB895569567002541,HHC-8083,Hyundai Accent,2025,29811.07,Sedan
2184,1541,SBC7194685A003541,HHD-8084,Hyundai Accent,2024,8300.39,Hatchback
2185,1542,SBC73FF6DCE002542,IHC-8085,Hyundai Accent,2021,6964.61,Sedan
2186,1542,SB76F376382003542,IHD-8086,Toyota Yaris,2021,23234.48,Sedan
2187,1543,SB79705D796002543,JHC-8087,Mitsubishi Mirage,2023,27715.62,Sedan
2188,1543,SB94F491D64003543,JHD-8088,Honda Brio,2025,24441.80,SUV
2189,1544,SB95CE3F8D0002544,KHC-8089,Kia Picanto,2026,9614.92,Hatchback
2190,1544,SB579BB1D9C003544,KHD-8090,Toyota Vios,2025,28977.09,Crossover
2191,1545,SB231F5238A002545,LHC-8091,Suzuki Swift,2025,1893.56,Hatchback
2192,1545,SB46C3B2E84003545,LHD-8092,Toyota Vios,2025,1130.53,Sedan
2193,1546,SBC8EE2CCE3002546,MHC-8093,Toyota Wigo,2026,24165.81,Hatchback
2194,1546,SB3ACA6CC84003546,MHD-8094,Toyota Yaris,2024,19608.86,Sedan
2195,1547,SB2AEB1A8F8002547,NHC-8095,Kia Picanto,2026,10107.20,Hatchback
2196,1547,SB53A738BEB003547,NHD-8096,Honda Brio,2021,14295.39,Hatchback
2197,1548,SBABE1F87B6002548,OHC-8097,Honda Brio,2024,8247.29,Hatchback
2198,1548,SBA2A750FF6003548,OHD-8098,Toyota Yaris,2026,1877.29,SUV
2199,1549,SB208E2E328002549,PHC-8099,Toyota Wigo,2022,1006.11,Hatchback
2200,1549,SB3B0E25997003549,PHD-8100,Nissan Almera,2023,8963.01,SUV
2201,1550,SB649ECBCDB002550,QHC-8101,Toyota Vios,2025,12333.86,Crossover
2202,1550,SBF812EAB18003550,QHD-8102,Hyundai Accent,2023,8647.27,Hatchback
2203,1551,SB48E7000C9002551,RHC-8103,Hyundai Accent,2024,4498.40,Crossover
2204,1551,SB58C6EE5F6003551,RHD-8104,Kia Picanto,2024,21485.13,Sedan
2205,1552,SBBF33A114D002552,SHC-8105,Mitsubishi Mirage,2023,3179.93,Crossover
2206,1552,SBEC56522BC003552,SHD-8106,Toyota Yaris,2025,14838.60,Crossover
2207,1553,SBFAA1331E5002553,THC-8107,Mitsubishi Mirage,2025,17993.60,SUV
2208,1553,SB1EF619E8D003553,THD-8108,Suzuki Dzire,2025,28996.94,Sedan
2209,1554,SB8F646834E002554,UHC-8109,Toyota Vios,2026,8417.78,SUV
2210,1554,SBFA36DD3F3003554,UHD-8110,Kia Picanto,2022,15406.51,Sedan
2211,1555,SB09094F969002555,VHC-8111,Toyota Wigo,2023,18600.45,Sedan
2212,1555,SB47CA44124003555,VHD-8112,Mitsubishi Mirage,2026,3604.14,Crossover
2213,1556,SB28DC0EF2B002556,WHC-8113,Toyota Vios,2022,27655.34,Sedan
2214,1556,SB45961DD50003556,WHD-8114,Suzuki Dzire,2026,28451.85,Sedan
2215,1557,SB9F7C4BB39002557,XHC-8115,Kia Picanto,2024,24411.82,Sedan
2216,1557,SB06458D2EE003557,XHD-8116,Honda City,2021,2939.82,Hatchback
2217,1558,SBAB3DFE49A002558,YHC-8117,Kia Soluto,2022,13120.35,SUV
2218,1558,SBA7BA52414003558,YHD-8118,Mitsubishi Mirage,2023,15410.48,Sedan
2219,1559,SB23CCC3A27002559,ZHC-8119,Honda Brio,2024,23290.71,Sedan
2220,1559,SB345D307EA003559,ZHD-8120,Toyota Vios,2025,23695.76,Hatchback
2221,1560,SBFAE9389A7002560,AIC-8121,Toyota Yaris,2026,7977.47,SUV
2222,1560,SB13B84E27A003560,AID-8122,Nissan Almera,2022,26646.47,Sedan
2223,1561,SBFC1618C9A002561,BIC-8123,Honda City,2025,5354.41,Sedan
2224,1561,SB4CEABBD82003561,BID-8124,Toyota Yaris,2023,12911.92,Sedan
2225,1562,SB2A232FCE8002562,CIC-8125,Toyota Wigo,2023,13937.42,Sedan
2226,1562,SBFC1D0D2F2003562,CID-8126,Kia Soluto,2023,22004.09,Sedan
2227,1563,SBDFF224F2F002563,DIC-8127,Suzuki Swift,2022,8814.22,Sedan
2228,1563,SB754B8FDE5003563,DID-8128,Hyundai Accent,2023,23890.04,Sedan
2229,1564,SB5CE55ACA7002564,EIC-8129,Toyota Vios,2025,17720.21,Hatchback
2230,1564,SB3F4243A6F003564,EID-8130,Toyota Wigo,2023,25098.71,Crossover
2231,1565,SB83D105393002565,FIC-8131,Suzuki Dzire,2025,20414.35,Sedan
2232,1565,SB5FF37811D003565,FID-8132,Nissan Almera,2022,9620.54,Crossover
2233,1566,SB91944C706002566,GIC-8133,Kia Soluto,2026,5884.61,Hatchback
2234,1566,SB8EAFCDE35003566,GID-8134,Kia Soluto,2022,14220.22,Hatchback
2235,1567,SB325A7FEE2002567,HIC-8135,Toyota Wigo,2023,22283.89,Hatchback
2236,1567,SB1EEA799A5003567,HID-8136,Honda Brio,2023,3777.22,Crossover
2237,1568,SB1D939AF96002568,IIC-8137,Kia Picanto,2025,22773.98,Crossover
2238,1568,SB522FC3256003568,IID-8138,Nissan Almera,2021,4689.99,Hatchback
2239,1569,SBA18D17349002569,JIC-8139,Hyundai Accent,2026,6997.49,Crossover
2240,1569,SB2E3A567DC003569,JID-8140,Nissan Almera,2024,18803.39,Crossover
2241,1570,SB01CC1DA1D002570,KIC-8141,Suzuki Swift,2021,10404.41,SUV
2242,1570,SBF1B6FAC21003570,KID-8142,Hyundai Accent,2022,2580.85,Hatchback
2243,1571,SB06B5F6218002571,LIC-8143,Honda Brio,2024,4217.83,SUV
2244,1571,SB13FDF5CB7003571,LID-8144,Suzuki Dzire,2025,8215.99,Hatchback
2245,1572,SBB7125FC1D002572,MIC-8145,Nissan Almera,2022,24599.43,Crossover
2246,1572,SB8B3ECC6C4003572,MID-8146,Suzuki Dzire,2022,18124.05,Hatchback
2247,1573,SB0B5F2CAF4002573,NIC-8147,Toyota Wigo,2025,13172.49,Hatchback
2248,1573,SBED2DDD0DC003573,NID-8148,Mitsubishi Mirage,2023,1295.58,Hatchback
2249,1574,SBD3C72E9CE002574,OIC-8149,Suzuki Swift,2022,10759.71,Hatchback
2250,1574,SB1B1218917003574,OID-8150,Suzuki Dzire,2026,22170.30,Hatchback
2251,1575,SBF096DF080002575,PIC-8151,Hyundai Accent,2022,10006.63,Hatchback
2252,1575,SBB96FAB78F003575,PID-8152,Suzuki Swift,2022,2232.51,Hatchback
2253,1576,SB3C4DBCA5F002576,QIC-8153,Toyota Yaris,2024,19314.97,Sedan
2254,1576,SB4524B5E84003576,QID-8154,Mitsubishi Mirage,2026,27197.93,Sedan
2255,1577,SB4878DE0D7002577,RIC-8155,Honda City,2025,6261.45,Crossover
2256,1577,SB586691F81003577,RID-8156,Kia Picanto,2022,4447.17,Crossover
2257,1578,SBF30402D25002578,SIC-8157,Suzuki Dzire,2023,16850.30,Hatchback
2258,1578,SBDF74C9FF1003578,SID-8158,Mitsubishi Mirage,2024,21841.53,Sedan
2259,1579,SB4BF2689C4002579,TIC-8159,Suzuki Swift,2023,26232.99,Hatchback
2260,1579,SBC91B95CAE003579,TID-8160,Toyota Yaris,2023,27159.78,Sedan
2261,1580,SB948750A01002580,UIC-8161,Suzuki Dzire,2023,17254.53,Sedan
2262,1580,SB52FB73872003580,UID-8162,Kia Soluto,2022,9639.13,SUV
2263,1581,SB4855678CA002581,VIC-8163,Suzuki Swift,2022,16315.41,Sedan
2264,1581,SBFCEE1C9AD003581,VID-8164,Nissan Almera,2022,28938.72,Hatchback
2265,1582,SB295DAED98002582,WIC-8165,Suzuki Swift,2025,14384.41,Hatchback
2266,1582,SB17170F265003582,WID-8166,Toyota Wigo,2023,12771.38,Crossover
2267,1583,SB79F93D49F002583,XIC-8167,Honda Brio,2026,17895.40,Hatchback
2268,1583,SB97E9882D2003583,XID-8168,Kia Soluto,2025,9348.63,SUV
2269,1584,SBE6496F5F0002584,YIC-8169,Nissan Almera,2026,2555.04,Sedan
2270,1584,SB2080DD731003584,YID-8170,Honda City,2026,9872.99,Sedan
2271,1585,SBED1F65A16002585,ZIC-8171,Honda City,2026,10454.78,Sedan
2272,1585,SB61C68AC87003585,ZID-8172,Toyota Vios,2025,26902.51,Crossover
2273,1586,SB9C9621326002586,AJC-8173,Toyota Yaris,2023,22073.28,Sedan
2274,1586,SBE7D755D1A003586,AJD-8174,Suzuki Dzire,2021,21485.27,SUV
2275,1587,SBA295A55E7002587,BJC-8175,Suzuki Swift,2021,26675.41,Sedan
2276,1587,SB892815731003587,BJD-8176,Honda City,2026,2387.79,Crossover
2277,1588,SBF9915A71F002588,CJC-8177,Honda Brio,2024,4430.90,Hatchback
2278,1588,SB9F79D3E1E003588,CJD-8178,Toyota Vios,2024,23662.46,Sedan
2279,1589,SB206316442002589,DJC-8179,Kia Soluto,2021,13207.69,Sedan
2280,1589,SB8FB276FC2003589,DJD-8180,Toyota Vios,2025,1066.59,Sedan
2281,1590,SBC6C2C003A002590,EJC-8181,Toyota Yaris,2021,3269.10,Crossover
2282,1590,SBC60A617F9003590,EJD-8182,Toyota Yaris,2025,8134.72,Sedan
2283,1591,SB8A71A002D002591,FJC-8183,Toyota Vios,2022,18427.24,Sedan
2284,1591,SB06B87C9E0003591,FJD-8184,Toyota Vios,2025,4559.96,Sedan
2285,1592,SBE118E7875002592,GJC-8185,Suzuki Swift,2022,8188.56,Crossover
2286,1592,SB94BC2D7BD003592,GJD-8186,Hyundai Accent,2023,10687.48,Sedan
2287,1593,SB5B42E23FF002593,HJC-8187,Nissan Almera,2025,21080.27,Crossover
2288,1593,SB204646303003593,HJD-8188,Honda Brio,2025,25866.00,SUV
2289,1594,SB5717711E6002594,IJC-8189,Hyundai Accent,2026,9879.99,Hatchback
2290,1594,SB68230FB51003594,IJD-8190,Honda City,2021,22853.43,Sedan
2291,1595,SB8441C6AB9002595,JJC-8191,Hyundai Accent,2023,7705.41,Crossover
2292,1595,SB6C76B077D003595,JJD-8192,Nissan Almera,2022,3184.22,Crossover
2293,1596,SBEA95DE085002596,KJC-8193,Toyota Wigo,2021,20755.67,SUV
2294,1596,SB7DC18693B003596,KJD-8194,Toyota Vios,2025,18284.12,Hatchback
2295,1597,SB02F6C78DE002597,LJC-8195,Suzuki Dzire,2026,22967.68,Sedan
2296,1597,SBE71B01A76003597,LJD-8196,Honda City,2021,9593.39,SUV
2297,1598,SBA1C9A80B5002598,MJC-8197,Kia Soluto,2024,25106.06,Hatchback
2298,1598,SBF03B7237E003598,MJD-8198,Honda City,2023,17754.21,Sedan
2299,1599,SBC51C69DA7002599,NJC-8199,Suzuki Dzire,2021,13292.50,Hatchback
2300,1599,SB0B37354E8003599,NJD-8200,Honda Brio,2026,2718.09,Hatchback
2301,1600,SB6DC375089002600,OJC-8201,Nissan Almera,2022,19767.92,Sedan
2302,1600,SB637489250003600,OJD-8202,Kia Picanto,2021,9326.68,Sedan
2303,1601,SBF58EDD3A4002601,PJC-8203,Honda Brio,2022,27837.77,SUV
2304,1601,SB82CBF6C40003601,PJD-8204,Kia Picanto,2024,25317.24,Hatchback
2305,1602,SB16B2399CC002602,QJC-8205,Suzuki Swift,2022,20108.64,Hatchback
2306,1602,SB10000B07E003602,QJD-8206,Toyota Vios,2023,23878.34,Hatchback
2307,1603,SB611F6A32D002603,RJC-8207,Kia Soluto,2025,22687.74,Hatchback
2308,1603,SB00E16B766003603,RJD-8208,Suzuki Swift,2021,5942.22,Sedan
2309,1604,SB3E49D4EC1002604,SJC-8209,Toyota Vios,2026,27380.97,Sedan
2310,1604,SBFDC3507C5003604,SJD-8210,Mitsubishi Mirage,2026,21165.71,Hatchback
2311,1605,SB7F1DA4ED0002605,TJC-8211,Toyota Yaris,2022,16536.37,Crossover
2312,1605,SBCCDA428C4003605,TJD-8212,Suzuki Dzire,2023,22214.34,Sedan
2313,1606,SBA13F8DCEF002606,UJC-8213,Toyota Wigo,2022,7160.15,Hatchback
2314,1606,SB20DD77AE3003606,UJD-8214,Nissan Almera,2023,28715.53,Hatchback
2315,1607,SB400362DAC002607,VJC-8215,Hyundai Accent,2025,2922.82,Hatchback
2316,1607,SB4D2356339003607,VJD-8216,Suzuki Swift,2026,2044.77,Hatchback
2317,1608,SB6AEB3208D002608,WJC-8217,Hyundai Accent,2021,9460.66,SUV
2318,1608,SBCE7645024003608,WJD-8218,Kia Soluto,2023,28783.29,Crossover
2319,1609,SBF9D826B62002609,XJC-8219,Suzuki Swift,2025,23602.38,Sedan
2320,1609,SB24F984F75003609,XJD-8220,Toyota Wigo,2021,12571.10,Crossover
2321,1610,SB117007D71002610,YJC-8221,Suzuki Dzire,2022,5640.04,Sedan
2322,1610,SB6CA4E9AF5003610,YJD-8222,Honda Brio,2026,9337.88,SUV
2323,1611,SBC7EA80155002611,ZJC-8223,Suzuki Dzire,2022,10981.98,SUV
2324,1611,SB0A09B1D63003611,ZJD-8224,Nissan Almera,2025,11329.50,Sedan
2325,1612,SBCC073C261002612,AKC-8225,Honda City,2021,16997.87,Hatchback
2326,1612,SB0102678D1003612,AKD-8226,Mitsubishi Mirage,2025,24874.64,SUV
2327,1613,SB21C22EECA002613,BKC-8227,Honda City,2022,2390.33,Sedan
2328,1613,SBCC4288AB4003613,BKD-8228,Hyundai Accent,2023,22570.11,Sedan
2329,1614,SB81B9550F1002614,CKC-8229,Suzuki Swift,2025,21683.39,Sedan
2330,1614,SB868D5B697003614,CKD-8230,Toyota Wigo,2026,5883.46,Hatchback
2331,1615,SBF5226F60E002615,DKC-8231,Suzuki Dzire,2025,10387.45,SUV
2332,1615,SB12D836BF6003615,DKD-8232,Nissan Almera,2023,29359.67,Hatchback
2333,1616,SB85DC7996F002616,EKC-8233,Toyota Wigo,2024,8726.30,SUV
2334,1616,SB950091344003616,EKD-8234,Honda City,2026,7517.31,SUV
2335,1617,SBD78128944002617,FKC-8235,Suzuki Swift,2021,9457.19,Hatchback
2336,1617,SB1B62D7B3F003617,FKD-8236,Kia Soluto,2022,2843.79,SUV
2337,1618,SB943DBCE47002618,GKC-8237,Nissan Almera,2025,29486.59,Sedan
2338,1618,SB2194506FC003618,GKD-8238,Kia Picanto,2023,1280.23,SUV
2339,1619,SB3F1D00695002619,HKC-8239,Kia Soluto,2021,18389.22,Sedan
2340,1619,SBDB508D363003619,HKD-8240,Honda Brio,2023,27601.25,Hatchback
2341,1620,SBFEC05512A002620,IKC-8241,Kia Picanto,2021,13918.87,Hatchback
2342,1620,SB3DC023CCC003620,IKD-8242,Toyota Wigo,2025,15381.59,SUV
2343,1621,SBF5F699F14002621,JKC-8243,Toyota Yaris,2022,25799.40,Crossover
2344,1621,SB23EF43A8B003621,JKD-8244,Hyundai Accent,2025,22101.72,Sedan
2345,1622,SB02FCF87D7002622,KKC-8245,Suzuki Dzire,2024,18087.88,SUV
2346,1622,SBDFC30173C003622,KKD-8246,Toyota Yaris,2021,15510.78,Sedan
2347,1623,SB86EE78107002623,LKC-8247,Kia Picanto,2026,5362.80,Sedan
2348,1623,SBDFDAE6BDA003623,LKD-8248,Mitsubishi Mirage,2025,23901.65,Sedan
2349,1624,SBC3EEB8792002624,MKC-8249,Kia Soluto,2022,16617.66,Hatchback
2350,1624,SB8DB966959003624,MKD-8250,Honda City,2026,9197.84,Sedan
2351,1625,SB8F1E7DF42002625,NKC-8251,Nissan Almera,2024,17315.81,SUV
2352,1625,SB8BBA75078003625,NKD-8252,Toyota Wigo,2023,23874.01,Hatchback
2353,1626,SB4803EB7EF002626,OKC-8253,Honda Brio,2021,15836.18,SUV
2354,1626,SB8B4F40483003626,OKD-8254,Kia Picanto,2025,4615.73,SUV
2355,1627,SBD6891861D002627,PKC-8255,Toyota Vios,2024,27648.82,Sedan
2356,1627,SB5E04A15B7003627,PKD-8256,Hyundai Accent,2022,21651.60,Hatchback
2357,1628,SB3A1051D7B002628,QKC-8257,Kia Picanto,2023,18485.45,Hatchback
2358,1628,SBA99868F5B003628,QKD-8258,Kia Picanto,2024,25506.70,SUV
2359,1629,SB0F5C0A62B002629,RKC-8259,Suzuki Dzire,2022,11856.73,Hatchback
2360,1629,SB5F9CE39AE003629,RKD-8260,Kia Picanto,2021,20163.40,Hatchback
2361,1630,SB8576D5A52002630,SKC-8261,Toyota Wigo,2025,1316.10,SUV
2362,1630,SB9EF7F0360003630,SKD-8262,Honda City,2024,10421.61,Sedan
2363,1631,SBA5A01195B002631,TKC-8263,Kia Soluto,2021,20422.73,Crossover
2364,1631,SB0187821E7003631,TKD-8264,Honda Brio,2022,10825.12,SUV
2365,1632,SB010C46113002632,UKC-8265,Mitsubishi Mirage,2024,9940.56,Sedan
2366,1632,SB150ED5C71003632,UKD-8266,Nissan Almera,2026,28271.16,Sedan
2367,1633,SB38750C803002633,VKC-8267,Toyota Vios,2024,28424.31,SUV
2368,1633,SB1DE16907C003633,VKD-8268,Mitsubishi Mirage,2022,13307.30,Sedan
2369,1634,SB4D1240328002634,WKC-8269,Kia Soluto,2023,20755.34,Crossover
2370,1634,SB612D1D91C003634,WKD-8270,Honda Brio,2021,20970.07,Hatchback
2371,1635,SBDCB8E02B8002635,XKC-8271,Kia Soluto,2026,24431.40,Sedan
2372,1635,SB8BCF12D1A003635,XKD-8272,Mitsubishi Mirage,2025,14324.21,Crossover
2373,1636,SBDC2F35F73002636,YKC-8273,Hyundai Accent,2026,27027.20,Sedan
2374,1636,SB6F900A87E003636,YKD-8274,Honda Brio,2021,18499.99,Hatchback
2375,1637,SB3CF56C93D002637,ZKC-8275,Nissan Almera,2025,28301.79,Sedan
2376,1637,SB6318D3C5F003637,ZKD-8276,Hyundai Accent,2021,7871.95,Hatchback
2377,1638,SB25D36360C002638,ALC-8277,Kia Picanto,2025,3747.83,Hatchback
2378,1638,SB6055D2A63003638,ALD-8278,Kia Picanto,2025,25990.19,Sedan
2379,1639,SB6D179945D002639,BLC-8279,Mitsubishi Mirage,2022,23300.74,Sedan
2380,1639,SBBF9452F93003639,BLD-8280,Honda City,2025,17642.07,Sedan
2381,1640,SB19C768E48002640,CLC-8281,Hyundai Accent,2022,22086.64,Hatchback
2382,1640,SBB9BA7122B003640,CLD-8282,Suzuki Dzire,2024,2330.03,Sedan
2383,1641,SB3F402B66C002641,DLC-8283,Kia Soluto,2026,6654.94,Hatchback
2384,1641,SBE60896181003641,DLD-8284,Kia Soluto,2021,7473.17,Sedan
2385,1642,SB273887294002642,ELC-8285,Hyundai Accent,2025,4513.95,Sedan
2386,1642,SB2779D140F003642,ELD-8286,Suzuki Dzire,2023,16885.14,Hatchback
2387,1643,SB425873678002643,FLC-8287,Kia Picanto,2024,4374.73,Sedan
2388,1643,SB812BFA6D2003643,FLD-8288,Toyota Vios,2025,11842.30,SUV
2389,1644,SB8FC00922B002644,GLC-8289,Suzuki Dzire,2023,19042.78,Sedan
2390,1644,SBCD3B6E782003644,GLD-8290,Hyundai Accent,2026,21977.51,Sedan
2391,1645,SBA27E3F017002645,HLC-8291,Kia Soluto,2021,15260.91,Hatchback
2392,1645,SBE7F9DC40D003645,HLD-8292,Kia Picanto,2025,23087.07,Hatchback
2393,1646,SBAC39D58E0002646,ILC-8293,Kia Soluto,2025,1701.30,Hatchback
2394,1646,SBDF01683A1003646,ILD-8294,Toyota Yaris,2022,22438.88,Hatchback
2395,1647,SBA0CED38C8002647,JLC-8295,Kia Soluto,2023,25174.95,Hatchback
2396,1647,SB760505598003647,JLD-8296,Honda Brio,2021,16533.43,Hatchback
2397,1648,SBA6424579B002648,KLC-8297,Mitsubishi Mirage,2024,27496.60,SUV
2398,1648,SB6CF7E97DB003648,KLD-8298,Nissan Almera,2024,3627.79,Hatchback
2399,1649,SBE7F75A0EB002649,LLC-8299,Toyota Yaris,2026,9072.92,SUV
2400,1649,SB67039300A003649,LLD-8300,Hyundai Accent,2025,29638.77,Crossover
2401,1650,SB30A1AFEB8002650,MLC-8301,Kia Picanto,2025,22872.32,Sedan
2402,1650,SB0DB39A5F8003650,MLD-8302,Toyota Vios,2026,4126.62,Hatchback
2403,1651,SBE58A90520002651,NLC-8303,Nissan Almera,2022,3594.89,Crossover
2404,1651,SB41621FF11003651,NLD-8304,Suzuki Swift,2023,7539.50,Sedan
2405,1652,SBACE668D84002652,OLC-8305,Suzuki Dzire,2025,14594.13,SUV
2406,1652,SBE04C14A66003652,OLD-8306,Nissan Almera,2026,27785.07,Hatchback
2407,1653,SBAAC8F7D51002653,PLC-8307,Honda City,2021,13011.93,SUV
2408,1653,SB4A8F48DB7003653,PLD-8308,Suzuki Swift,2023,11012.80,Crossover
2409,1654,SBE5EDED351002654,QLC-8309,Honda Brio,2022,8912.25,Hatchback
2410,1654,SBEB51BAE45003654,QLD-8310,Honda City,2023,12934.79,Sedan
2411,1655,SB18F310658002655,RLC-8311,Hyundai Accent,2022,8852.26,Sedan
2412,1655,SB792D6BB3F003655,RLD-8312,Toyota Yaris,2022,14264.97,Hatchback
2413,1656,SBC4319612F002656,SLC-8313,Toyota Wigo,2022,24621.70,Hatchback
2414,1656,SB0B774DEB4003656,SLD-8314,Hyundai Accent,2025,6771.22,Crossover
2415,1657,SB74AF29E4A002657,TLC-8315,Suzuki Swift,2023,1635.53,Hatchback
2416,1657,SB756B7E381003657,TLD-8316,Kia Picanto,2023,28864.03,Crossover
2417,1658,SB183539E54002658,ULC-8317,Toyota Vios,2023,15240.32,Hatchback
2418,1658,SB1908FFE45003658,ULD-8318,Toyota Wigo,2024,16812.73,Hatchback
2419,1659,SB9F4B356AB002659,VLC-8319,Toyota Yaris,2021,16811.67,Hatchback
2420,1659,SBF585A5B60003659,VLD-8320,Nissan Almera,2021,6787.96,Sedan
2421,1660,SBC68F76664002660,WLC-8321,Honda Brio,2022,12975.32,Hatchback
2422,1660,SB409AD2875003660,WLD-8322,Suzuki Swift,2024,25200.97,Hatchback
2423,1661,SBA3F2D5754002661,XLC-8323,Mitsubishi Mirage,2021,3472.49,Crossover
2424,1661,SB86FD6C86E003661,XLD-8324,Kia Picanto,2024,7071.90,Sedan
2425,1662,SB1A5EE1FF6002662,YLC-8325,Honda City,2025,25914.67,SUV
2426,1662,SBDAE43844E003662,YLD-8326,Toyota Wigo,2023,1399.96,Hatchback
2427,1663,SB8E225B8AF002663,ZLC-8327,Mitsubishi Mirage,2026,12558.55,Sedan
2428,1663,SB07CDD4032003663,ZLD-8328,Toyota Yaris,2021,16699.87,Hatchback
2429,1664,SB82429353E002664,AMC-8329,Nissan Almera,2024,20976.25,Sedan
2430,1664,SBF563F708B003664,AMD-8330,Honda City,2022,18827.39,SUV
2431,1665,SBA6585F71F002665,BMC-8331,Suzuki Dzire,2022,4923.30,Sedan
2432,1665,SB8D9538D16003665,BMD-8332,Honda City,2026,12410.85,SUV
2433,1666,SB579C06A09002666,CMC-8333,Kia Soluto,2021,13417.86,Sedan
2434,1666,SBF7084C8DC003666,CMD-8334,Honda Brio,2021,26694.46,Sedan
2435,1667,SB5D4E2809B002667,DMC-8335,Hyundai Accent,2023,18661.49,Sedan
2436,1667,SBF9EAA8A65003667,DMD-8336,Honda City,2024,5944.03,Sedan
2437,1668,SBE746EC9D0002668,EMC-8337,Toyota Wigo,2022,10447.62,Sedan
2438,1668,SBA728F25DD003668,EMD-8338,Suzuki Dzire,2025,3850.09,Hatchback
2439,1669,SB413D1C02F002669,FMC-8339,Mitsubishi Mirage,2023,5290.26,SUV
2440,1669,SBEF05E93F3003669,FMD-8340,Nissan Almera,2025,22581.29,SUV
2441,1670,SBCEA64A883002670,GMC-8341,Toyota Yaris,2021,19648.76,Sedan
2442,1670,SB4981AE91B003670,GMD-8342,Honda City,2023,22825.82,Hatchback
2443,1671,SB2DA909B30002671,HMC-8343,Kia Picanto,2024,18751.19,Hatchback
2444,1671,SB8344CDD7D003671,HMD-8344,Kia Soluto,2025,13868.82,Sedan
2445,1672,SB6226C5B0F002672,IMC-8345,Honda City,2021,5236.82,Sedan
2446,1672,SBF9D81FF01003672,IMD-8346,Toyota Wigo,2022,22516.13,Sedan
2447,1673,SB76C1922DB002673,JMC-8347,Toyota Vios,2023,27871.69,Crossover
2448,1673,SBA19EA8027003673,JMD-8348,Mitsubishi Mirage,2024,19991.01,Crossover
2449,1674,SB50B302BA6002674,KMC-8349,Honda City,2026,19030.62,Crossover
2450,1674,SB3C26E8110003674,KMD-8350,Toyota Yaris,2026,5868.86,Hatchback
2451,1675,SBA91F5B769002675,LMC-8351,Honda Brio,2024,23258.82,Hatchback
2452,1675,SB66A168785003675,LMD-8352,Toyota Vios,2026,8757.83,SUV
2453,1676,SBDEC91085D002676,MMC-8353,Kia Soluto,2024,9151.38,Sedan
2454,1676,SBB3BF61936003676,MMD-8354,Honda Brio,2025,18125.50,Sedan
2455,1677,SB482A27600002677,NMC-8355,Hyundai Accent,2026,11570.97,Hatchback
2456,1677,SB0E06126EA003677,NMD-8356,Toyota Yaris,2022,21064.14,SUV
2457,1678,SB18DABB99C002678,OMC-8357,Honda City,2023,16026.85,Sedan
2458,1678,SBFAA1F47D9003678,OMD-8358,Honda Brio,2026,29497.76,SUV
2459,1679,SBE9D3E114B002679,PMC-8359,Toyota Yaris,2024,28269.15,SUV
2460,1679,SBF796CCD34003679,PMD-8360,Kia Picanto,2021,4173.67,Hatchback
2461,1680,SB439014823002680,QMC-8361,Toyota Wigo,2022,13591.68,SUV
2462,1680,SB03CDC6B84003680,QMD-8362,Suzuki Swift,2021,14516.43,Hatchback
2463,1681,SB9DBC59F98002681,RMC-8363,Suzuki Swift,2021,19870.33,Sedan
2464,1681,SB1560FE0E8003681,RMD-8364,Hyundai Accent,2024,16646.18,SUV
2465,1682,SB1D5988D34002682,SMC-8365,Kia Soluto,2021,13728.03,SUV
2466,1682,SBFEDDFEDC9003682,SMD-8366,Honda City,2024,27207.04,SUV
2467,1683,SBA0A052B23002683,TMC-8367,Toyota Vios,2021,7520.97,Sedan
2468,1683,SB030869ECC003683,TMD-8368,Suzuki Swift,2023,3692.87,Hatchback
2469,1684,SBA80C49E34002684,UMC-8369,Honda City,2024,1824.45,Sedan
2470,1684,SB352AADCDB003684,UMD-8370,Kia Soluto,2021,11106.24,Hatchback
2471,1685,SBB803F0A4E002685,VMC-8371,Honda Brio,2025,11421.31,Sedan
2472,1685,SB65DDC1F88003685,VMD-8372,Toyota Wigo,2021,4015.14,SUV
2473,1686,SB23D3743AD002686,WMC-8373,Hyundai Accent,2025,1440.95,Hatchback
2474,1686,SB3550284CD003686,WMD-8374,Suzuki Dzire,2022,9352.69,Hatchback
2475,1687,SB386A1940E002687,XMC-8375,Honda City,2026,25784.39,Crossover
2476,1687,SBB5BCA31DF003687,XMD-8376,Kia Picanto,2026,25146.47,Crossover
2477,1688,SB1C52486FF002688,YMC-8377,Nissan Almera,2021,6316.47,Sedan
2478,1688,SBC180EA799003688,YMD-8378,Kia Soluto,2025,3869.98,Hatchback
2479,1689,SBEB1DAA7F2002689,ZMC-8379,Kia Picanto,2025,29312.18,Crossover
2480,1689,SB0A1878666003689,ZMD-8380,Honda Brio,2024,14443.31,Hatchback
2481,1690,SB0181DBCC3002690,ANC-8381,Toyota Wigo,2023,15385.08,Sedan
2482,1690,SB19D68F6CA003690,AND-8382,Suzuki Swift,2024,3958.33,Hatchback
2483,1691,SBFB5C77496002691,BNC-8383,Hyundai Accent,2021,19273.05,SUV
2484,1691,SB81E689991003691,BND-8384,Toyota Vios,2024,25420.38,Crossover
2485,1692,SB98795443C002692,CNC-8385,Mitsubishi Mirage,2026,5016.06,Sedan
2486,1692,SB7A1BC993C003692,CND-8386,Suzuki Dzire,2026,23294.52,SUV
2487,1693,SB2D261A6E0002693,DNC-8387,Mitsubishi Mirage,2025,23161.86,Hatchback
2488,1693,SBF9CC05C31003693,DND-8388,Honda Brio,2024,16661.98,Hatchback
2489,1694,SBBCD85837D002694,ENC-8389,Toyota Yaris,2025,17674.27,Crossover
2490,1694,SB74D3B2328003694,END-8390,Toyota Vios,2024,5128.04,Sedan
2491,1695,SB74A14DC6B002695,FNC-8391,Mitsubishi Mirage,2025,19432.85,Sedan
2492,1695,SB55E0E1456003695,FND-8392,Suzuki Swift,2025,21552.88,Sedan
2493,1696,SBB8D889C4E002696,GNC-8393,Hyundai Accent,2026,24197.46,SUV
2494,1696,SBBDEE0997D003696,GND-8394,Hyundai Accent,2024,1841.50,SUV
2495,1697,SBD9BEB34EA002697,HNC-8395,Honda City,2026,27312.23,SUV
2496,1697,SB5E84BD89F003697,HND-8396,Honda City,2024,12566.43,Sedan
2497,1698,SBF731C0FDA002698,INC-8397,Kia Soluto,2021,7829.80,Sedan
2498,1698,SB6F663611E003698,IND-8398,Mitsubishi Mirage,2021,7667.32,Crossover
2499,1699,SB84C4F0B0B002699,JNC-8399,Kia Soluto,2025,3595.07,Sedan
2500,1699,SBB025801B7003699,JND-8400,Nissan Almera,2021,3188.55,Hatchback
551,750,SA21E8CADBA001750,WCB-1501,Hyundai Tucson,2015,200000.00,Van
