id,ticket_id,user_id,vehicle_id,jo_date,date_arrived,date_promised,started_at,completed_at,released_at,estimated_duration,actual_duration,estimated_grand_total,actual_grand_total,partial_payment,balance,status,quotation_notes,quotation_approved
1,1,153,786,2026-01-06,2026-01-06 21:24:39.312132,2026-01-09 03:24:39.312132,2026-01-07 03:24:39.312132,,,07:49:35,,,8357.04,4178.52,4178.52,pending_customer_approval,,False
2,2,343,292,2026-02-19,2026-02-19 04:01:43.312132,2026-02-21 08:01:43.312132,2026-02-19 08:01:43.312132,,,05:19:11,,,6076.77,0.00,6076.77,revision_pending,,False
3,3,296,74,2026-01-08,2026-01-09 02:38:15.312132,2026-01-11 06:38:15.312132,2026-01-09 06:38:15.312132,2026-01-09 13:38:15.312132,,06:53:54,04:34:32,,17764.72,0.00,17764.72,completed,,False
4,4,152,932,2026-02-05,2026-02-05 11:51:04.312132,2026-02-07 18:51:04.312132,2026-02-05 18:51:04.312132,2026-02-07 06:51:04.312132,2026-02-07 09:51:04.312132,04:13:42,08:37:51,,16400.53,16400.53,0.00,released,,False
5,5,466,962,2025-09-24,2025-09-24 10:16:19.312132,2025-09-26 14:16:19.312132,2025-09-24 14:16:19.312132,2025-09-25 10:16:19.312132,,07:16:06,02:10:14,,14356.96,0.00,14356.96,completed,,False
6,6,347,220,2026-01-07,2026-01-07 19:01:52.312132,2026-01-09 20:01:52.312132,2026-01-07 20:01:52.312132,2026-01-08 04:01:52.312132,2026-01-08 05:01:52.312132,03:17:25,09:02:46,,9013.58,9013.58,0.00,released,,False
7,7,137,610,2026-03-22,2026-03-23 08:37:11.312132,2026-03-25 17:37:11.312132,2026-03-23 17:37:11.312132,,,01:55:46,,,18952.57,9476.29,9476.28,in_progress,,False
8,8,66,318,2025-12-26,2025-12-26 13:36:06.312132,2025-12-28 21:36:06.312132,2025-12-26 21:36:06.312132,2025-12-28 09:36:06.312132,,02:35:45,08:33:03,,21220.55,0.00,21220.55,completed,,False
9,9,240,238,2026-05-18,2026-05-19 05:58:41.312132,2026-05-21 08:58:41.312132,2026-05-19 08:58:41.312132,2026-05-21 09:58:41.312132,2026-05-22 09:58:41.312132,06:20:08,05:07:11,,6262.44,6262.44,0.00,released,,False
10,10,8,670,2026-02-28,2026-02-28 03:09:58.312132,2026-03-02 07:09:58.312132,2026-02-28 07:09:58.312132,,,07:44:06,,,8867.80,0.00,8867.80,revision_pending,,False
11,11,155,946,2025-10-17,2025-10-18 12:14:23.312132,2025-10-20 14:14:23.312132,2025-10-18 14:14:23.312132,,,07:15:15,,,20095.43,0.00,20095.43,waiting_on_parts,,False
12,12,463,146,2026-07-20,2026-07-21 07:52:38.312132,2026-07-23 10:52:38.312132,2026-07-21 10:52:38.312132,2026-07-22 21:52:38.312132,,06:18:18,08:31:06,,6226.82,0.00,6226.82,completed,,False
13,13,207,376,2026-05-11,2026-05-11 18:57:34.312132,2026-05-14 05:57:34.312132,2026-05-12 05:57:34.312132,2026-05-12 18:57:34.312132,,05:26:53,01:58:28,,10406.76,5203.38,5203.38,completed,,False
14,14,68,886,2026-03-15,2026-03-16 03:36:02.312132,2026-03-18 14:36:02.312132,2026-03-16 14:36:02.312132,2026-03-16 21:36:02.312132,2026-03-17 04:36:02.312132,08:57:29,08:54:23,,18814.86,18814.86,0.00,released,,False
15,15,219,132,2026-07-23,2026-07-23 10:11:22.312132,2026-07-25 21:11:22.312132,2026-07-23 21:11:22.312132,2026-07-24 21:11:22.312132,2026-07-25 00:11:22.312132,06:42:18,05:43:28,,20952.53,20952.53,0.00,released,,False
16,16,233,47,2025-10-07,2025-10-07 20:25:29.312132,2025-10-10 03:25:29.312132,2025-10-08 03:25:29.312132,,,07:20:17,,,2647.15,0.00,2647.15,in_progress,,False
17,17,137,410,2026-01-18,2026-01-18 09:42:50.312132,2026-01-20 18:42:50.312132,2026-01-18 18:42:50.312132,2026-01-19 16:42:50.312132,,02:53:09,02:55:23,,4329.72,0.00,4329.72,completed,,False
18,18,171,737,2026-06-20,2026-06-20 16:52:18.312132,2026-06-23 00:52:18.312132,2026-06-21 00:52:18.312132,,,04:19:28,,,11143.07,0.00,11143.07,inspecting,,False
19,19,27,243,2026-03-12,2026-03-12 14:06:35.312132,2026-03-14 15:06:35.312132,2026-03-12 15:06:35.312132,2026-03-13 08:06:35.312132,,01:42:06,03:40:01,,21419.50,10709.75,10709.75,completed,,False
20,20,219,917,2026-03-20,2026-03-20 23:36:06.312132,2026-03-23 03:36:06.312132,2026-03-21 03:36:06.312132,,,08:11:48,,,12447.18,6223.59,6223.59,pending_customer_approval,,False
21,21,98,975,2025-08-22,2025-08-22 20:14:34.312132,2025-08-25 01:14:34.312132,2025-08-23 01:14:34.312132,2025-08-23 15:14:34.312132,2025-08-24 05:14:34.312132,05:42:30,07:32:25,,11986.92,11986.92,0.00,released,,False
22,22,224,363,2026-03-03,2026-03-03 16:27:03.312132,2026-03-06 00:27:03.312132,2026-03-04 00:27:03.312132,,,01:48:52,,,10262.90,5131.45,5131.45,in_progress,,False
23,23,290,463,2025-10-08,2025-10-09 19:05:15.312132,2025-10-12 07:05:15.312132,2025-10-10 07:05:15.312132,2025-10-10 17:05:15.312132,2025-10-11 07:05:15.312132,03:32:26,03:59:08,,20931.97,20931.97,0.00,released,,False
24,24,375,244,2025-10-08,2025-10-08 23:54:32.312132,2025-10-11 00:54:32.312132,2025-10-09 00:54:32.312132,,,07:31:05,,,22842.11,11421.06,11421.05,in_progress,,False
25,25,338,141,2026-03-22,2026-03-23 08:27:50.312132,2026-03-25 12:27:50.312132,2026-03-23 12:27:50.312132,2026-03-24 20:27:50.312132,2026-03-25 14:27:50.312132,08:00:12,08:48:49,,9764.74,9764.74,0.00,released,,False
26,26,424,814,2026-06-28,2026-06-28 17:04:33.312132,2026-06-30 21:04:33.312132,2026-06-28 21:04:33.312132,2026-06-30 03:04:33.312132,,08:21:45,02:02:54,,3817.32,0.00,3817.32,completed,,False
27,27,285,37,2025-11-16,2025-11-16 18:32:52.312132,2025-11-19 03:32:52.312132,2025-11-17 03:32:52.312132,2025-11-18 09:32:52.312132,,07:39:08,06:24:28,,14753.13,0.00,14753.13,completed,,False
28,28,25,664,2025-12-03,2025-12-03 11:41:22.312132,2025-12-05 20:41:22.312132,2025-12-03 20:41:22.312132,2025-12-05 00:41:22.312132,2025-12-05 17:41:22.312132,08:49:24,04:18:29,,23282.40,23282.40,0.00,released,,False
29,29,424,678,2025-10-19,2025-10-19 20:59:54.312132,2025-10-22 08:59:54.312132,2025-10-20 08:59:54.312132,,,04:41:38,,,17367.76,8683.88,8683.88,inspecting,,False
30,30,436,19,2026-04-15,2026-04-16 02:24:14.312132,2026-04-18 13:24:14.312132,2026-04-16 13:24:14.312132,2026-04-17 21:24:14.312132,,05:24:16,04:41:50,,13594.47,0.00,13594.47,completed,,False
31,31,279,2,2026-07-25,2026-07-25 05:59:44.312132,2026-07-27 16:59:44.312132,2026-07-25 16:59:44.312132,,,07:16:40,,,3216.20,1608.10,1608.10,in_progress,,False
32,32,208,85,2025-08-19,2025-08-19 03:38:57.312132,2025-08-21 14:38:57.312132,2025-08-19 14:38:57.312132,,,04:45:48,,,5166.95,2583.48,2583.47,inspecting,,False
33,33,493,609,2025-12-21,2025-12-22 04:15:04.312132,2025-12-24 16:15:04.312132,2025-12-22 16:15:04.312132,2025-12-24 04:15:04.312132,,03:43:39,08:38:52,,19330.88,9665.44,9665.44,completed,,False
34,34,134,777,2025-11-19,2025-11-19 18:04:56.312132,2025-11-21 22:04:56.312132,2025-11-19 22:04:56.312132,,,08:11:10,,,17961.90,0.00,17961.90,in_progress,,False
35,35,156,108,2025-09-22,2025-09-22 10:20:16.312132,2025-09-24 14:20:16.312132,2025-09-22 14:20:16.312132,2025-09-23 14:20:16.312132,2025-09-24 05:20:16.312132,01:02:43,05:34:45,,14696.14,14696.14,0.00,released,,False
36,36,80,295,2026-04-11,2026-04-12 09:52:29.312132,2026-04-14 20:52:29.312132,2026-04-12 20:52:29.312132,2026-04-14 09:52:29.312132,,03:41:36,03:05:09,,20690.71,0.00,20690.71,completed,,False
37,37,374,696,2026-02-24,2026-02-24 21:39:03.312132,2026-02-27 06:39:03.312132,2026-02-25 06:39:03.312132,2026-02-25 23:39:03.312132,2026-02-26 13:39:03.312132,03:28:57,01:56:26,,6106.01,6106.01,0.00,released,,False
38,38,195,654,2025-08-20,2025-08-21 07:10:03.312132,2025-08-23 10:10:03.312132,2025-08-21 10:10:03.312132,,,03:04:53,,,4093.53,0.00,4093.53,in_progress,,False
39,39,478,730,2025-09-16,2025-09-16 22:34:46.312132,2025-09-19 03:34:46.312132,2025-09-17 03:34:46.312132,2025-09-18 00:34:46.312132,,01:51:47,03:03:42,,9769.38,4884.69,4884.69,completed,,False
40,40,300,347,2025-09-22,2025-09-23 00:40:14.312132,2025-09-25 09:40:14.312132,2025-09-23 09:40:14.312132,2025-09-24 16:40:14.312132,,05:00:41,03:27:05,,10641.63,5320.82,5320.81,completed,,False
41,41,264,651,2026-05-24,2026-05-25 02:20:42.312132,2026-05-27 09:20:42.312132,2026-05-25 09:20:42.312132,,,03:33:39,,,1841.40,0.00,1841.40,pending_customer_approval,,False
42,42,357,345,2026-07-31,2026-08-01 11:59:26.312132,2026-08-03 22:59:26.312132,2026-08-01 22:59:26.312132,2026-08-02 16:59:26.312132,2026-08-03 06:59:26.312132,02:29:40,03:10:00,,18673.89,18673.89,0.00,released,,False
43,43,22,134,2026-07-18,2026-07-19 02:32:24.312132,2026-07-21 13:32:24.312132,2026-07-19 13:32:24.312132,2026-07-21 14:32:24.312132,2026-07-22 08:32:24.312132,02:59:23,03:17:39,,10448.36,10448.36,0.00,released,,False
44,44,13,216,2025-08-23,2025-08-23 18:43:48.312132,2025-08-26 03:43:48.312132,2025-08-24 03:43:48.312132,,,05:54:56,,,7471.39,3735.70,3735.69,revision_pending,,False
45,45,11,894,2025-09-05,2025-09-05 10:53:05.312132,2025-09-07 13:53:05.312132,2025-09-05 13:53:05.312132,2025-09-06 17:53:05.312132,,04:08:25,01:51:09,,25184.08,12592.04,12592.04,completed,,False
46,46,27,530,2026-07-17,2026-07-18 09:31:07.312132,2026-07-20 14:31:07.312132,2026-07-18 14:31:07.312132,2026-07-20 06:31:07.312132,2026-07-20 15:31:07.312132,02:27:54,03:25:47,,15197.56,15197.56,0.00,released,,False
47,47,203,885,2026-02-13,2026-02-13 21:23:50.312132,2026-02-16 02:23:50.312132,2026-02-14 02:23:50.312132,2026-02-15 20:23:50.312132,2026-02-15 22:23:50.312132,08:42:48,01:05:38,,19407.84,19407.84,0.00,released,,False
48,48,1,191,2026-01-04,2026-01-04 22:47:30.312132,2026-01-06 23:47:30.312132,2026-01-04 23:47:30.312132,2026-01-06 17:47:30.312132,,07:42:33,03:55:01,,8997.36,0.00,8997.36,completed,,False
49,49,93,306,2026-01-15,2026-01-16 00:27:51.312132,2026-01-18 02:27:51.312132,2026-01-16 02:27:51.312132,2026-01-16 08:27:51.312132,2026-01-17 00:27:51.312132,02:11:20,08:25:48,,7722.55,7722.55,0.00,released,,False
50,50,172,978,2026-04-11,2026-04-11 19:31:09.312132,2026-04-14 04:31:09.312132,2026-04-12 04:31:09.312132,,,04:16:08,,,25163.34,12581.67,12581.67,in_progress,,False
51,51,282,116,2026-02-28,2026-02-28 23:18:43.312132,2026-03-03 09:18:43.312132,2026-03-01 09:18:43.312132,2026-03-02 14:18:43.312132,2026-03-02 15:18:43.312132,05:25:28,07:56:42,,9142.46,9142.46,0.00,released,,False
52,52,280,745,2025-11-15,2025-11-15 20:13:36.312132,2025-11-18 00:13:36.312132,2025-11-16 00:13:36.312132,,,04:17:55,,,19305.54,0.00,19305.54,inspecting,,False
53,53,164,508,2025-12-31,2026-01-01 03:39:31.312132,2026-01-03 08:39:31.312132,2026-01-01 08:39:31.312132,2026-01-01 22:39:31.312132,,07:19:25,03:22:32,,519.63,0.00,519.63,completed,,False
54,54,99,172,2026-04-19,2026-04-19 23:06:29.312132,2026-04-22 07:06:29.312132,2026-04-20 07:06:29.312132,2026-04-20 23:06:29.312132,2026-04-21 14:06:29.312132,03:38:43,06:34:30,,24162.30,24162.30,0.00,released,,False
55,55,466,843,2026-05-15,2026-05-16 15:51:37.312132,2026-05-18 23:51:37.312132,2026-05-16 23:51:37.312132,,,05:06:46,,,20977.48,0.00,20977.48,pending_customer_approval,,False
56,56,147,543,2026-01-24,2026-01-24 09:17:27.312132,2026-01-26 12:17:27.312132,2026-01-24 12:17:27.312132,2026-01-24 19:17:27.312132,,02:19:46,09:44:20,,1668.90,834.45,834.45,completed,,False
57,57,304,386,2026-05-01,2026-05-02 07:49:37.312132,2026-05-04 14:49:37.312132,2026-05-02 14:49:37.312132,,,04:35:10,,,16063.86,8031.93,8031.93,waiting_on_parts,,False
58,58,329,219,2025-11-04,2025-11-04 21:55:31.312132,2025-11-07 02:55:31.312132,2025-11-05 02:55:31.312132,,,06:17:10,,,6478.74,0.00,6478.74,in_progress,,False
59,59,494,397,2026-06-05,2026-06-06 05:41:17.312132,2026-06-08 16:41:17.312132,2026-06-06 16:41:17.312132,2026-06-07 09:41:17.312132,2026-06-07 17:41:17.312132,08:27:43,08:17:33,,6847.28,6847.28,0.00,released,,False
60,60,442,173,2025-09-19,2025-09-20 04:40:35.312132,2025-09-22 15:40:35.312132,2025-09-20 15:40:35.312132,2025-09-21 17:40:35.312132,,01:25:33,07:54:17,,10102.22,0.00,10102.22,completed,,False
61,61,188,713,2026-07-21,2026-07-21 19:56:50.312132,2026-07-24 03:56:50.312132,2026-07-22 03:56:50.312132,2026-07-22 17:56:50.312132,2026-07-23 10:56:50.312132,06:02:24,02:47:10,,13704.14,13704.14,0.00,released,,False
62,62,187,602,2025-10-23,2025-10-23 12:12:29.312132,2025-10-25 22:12:29.312132,2025-10-23 22:12:29.312132,2025-10-24 23:12:29.312132,,04:40:40,08:28:01,,19360.49,0.00,19360.49,completed,,False
63,63,389,108,2026-03-31,2026-03-31 21:36:49.312132,2026-04-03 01:36:49.312132,2026-04-01 01:36:49.312132,2026-04-02 14:36:49.312132,2026-04-03 04:36:49.312132,04:42:26,09:43:43,,22851.77,22851.77,0.00,released,,False
64,64,218,464,2026-03-15,2026-03-15 12:06:15.312132,2026-03-17 22:06:15.312132,2026-03-15 22:06:15.312132,2026-03-17 09:06:15.312132,,08:34:06,02:30:28,,22087.63,0.00,22087.63,completed,,False
65,65,383,493,2026-02-05,2026-02-06 16:43:13.312132,2026-02-08 23:43:13.312132,2026-02-06 23:43:13.312132,2026-02-08 23:43:13.312132,,07:46:17,05:14:40,,2504.61,1252.31,1252.30,completed,,False
66,66,464,38,2026-05-22,2026-05-22 09:17:41.312132,2026-05-24 21:17:41.312132,2026-05-22 21:17:41.312132,2026-05-24 21:17:41.312132,2026-05-25 18:17:41.312132,04:06:54,03:56:44,,1582.57,1582.57,0.00,released,,False
67,67,1,740,2026-03-12,2026-03-13 00:11:17.312132,2026-03-15 02:11:17.312132,2026-03-13 02:11:17.312132,2026-03-13 18:11:17.312132,,02:30:34,01:24:34,,12838.69,6419.35,6419.34,completed,,False
68,68,10,234,2026-02-02,2026-02-02 05:36:02.312132,2026-02-04 10:36:02.312132,2026-02-02 10:36:02.312132,2026-02-03 03:36:02.312132,2026-02-04 02:36:02.312132,01:25:54,02:44:15,,4981.87,4981.87,0.00,released,,False
69,69,230,690,2026-05-16,2026-05-16 04:36:35.312132,2026-05-18 14:36:35.312132,2026-05-16 14:36:35.312132,,,04:24:19,,,8054.57,0.00,8054.57,in_progress,,False
70,70,226,874,2026-05-04,2026-05-05 11:35:03.312132,2026-05-07 21:35:03.312132,2026-05-05 21:35:03.312132,2026-05-07 06:35:03.312132,,02:53:48,03:27:28,,3743.82,1871.91,1871.91,completed,,False
71,71,85,711,2026-03-28,2026-03-28 22:28:57.312132,2026-03-31 06:28:57.312132,2026-03-29 06:28:57.312132,,,02:04:09,,,12032.08,0.00,12032.08,in_progress,,False
72,72,68,425,2026-01-14,2026-01-15 04:31:41.312132,2026-01-17 16:31:41.312132,2026-01-15 16:31:41.312132,2026-01-16 10:31:41.312132,,03:19:29,09:01:11,,15978.90,7989.45,7989.45,completed,,False
73,73,64,973,2025-10-28,2025-10-28 08:03:54.312132,2025-10-30 20:03:54.312132,2025-10-28 20:03:54.312132,2025-10-29 13:03:54.312132,,07:24:14,06:19:21,,9791.22,4895.61,4895.61,completed,,False
74,74,245,427,2025-10-16,2025-10-17 03:34:30.312132,2025-10-19 07:34:30.312132,2025-10-17 07:34:30.312132,2025-10-18 16:34:30.312132,2025-10-19 16:34:30.312132,07:57:19,08:24:04,,16535.13,16535.13,0.00,released,,False
75,75,146,341,2026-05-25,2026-05-26 21:23:43.312132,2026-05-29 02:23:43.312132,2026-05-27 02:23:43.312132,2026-05-28 15:23:43.312132,2026-05-29 13:23:43.312132,06:53:32,05:03:25,,19118.23,19118.23,0.00,released,,False
76,76,176,826,2026-02-09,2026-02-10 09:40:29.312132,2026-02-12 16:40:29.312132,2026-02-10 16:40:29.312132,2026-02-11 14:40:29.312132,2026-02-11 16:40:29.312132,01:20:58,03:21:43,,15785.64,15785.64,0.00,released,,False
77,77,284,435,2025-12-11,2025-12-12 14:16:21.312132,2025-12-14 19:16:21.312132,2025-12-12 19:16:21.312132,,,03:01:03,,,21192.68,10596.34,10596.34,inspecting,,False
78,78,56,739,2026-04-05,2026-04-05 22:42:31.312132,2026-04-08 07:42:31.312132,2026-04-06 07:42:31.312132,2026-04-07 09:42:31.312132,,03:33:44,06:36:21,,18694.88,0.00,18694.88,completed,,False
79,79,129,813,2026-07-05,2026-07-05 12:56:53.312132,2026-07-07 19:56:53.312132,2026-07-05 19:56:53.312132,2026-07-06 00:56:53.312132,2026-07-06 10:56:53.312132,06:39:40,07:49:19,,17737.29,17737.29,0.00,released,,False
80,80,213,587,2025-09-01,2025-09-02 08:59:58.312132,2025-09-04 16:59:58.312132,2025-09-02 16:59:58.312132,2025-09-03 14:59:58.312132,,08:57:45,05:38:52,,10538.92,5269.46,5269.46,completed,,False
81,81,44,477,2026-03-17,2026-03-17 13:36:13.312132,2026-03-19 21:36:13.312132,2026-03-17 21:36:13.312132,2026-03-18 19:36:13.312132,2026-03-19 16:36:13.312132,06:37:54,08:04:57,,14185.95,14185.95,0.00,released,,False
82,82,111,669,2025-10-04,2025-10-05 20:17:07.312132,2025-10-07 21:17:07.312132,2025-10-05 21:17:07.312132,2025-10-06 03:17:07.312132,2025-10-07 02:17:07.312132,06:50:46,06:59:50,,24013.21,24013.21,0.00,released,,False
83,83,284,831,2025-08-05,2025-08-06 08:24:43.312132,2025-08-08 17:24:43.312132,2025-08-06 17:24:43.312132,2025-08-07 05:24:43.312132,2025-08-07 20:24:43.312132,04:35:37,04:51:02,,10738.15,10738.15,0.00,released,,False
84,84,162,289,2025-12-19,2025-12-20 08:46:30.312132,2025-12-22 11:46:30.312132,2025-12-20 11:46:30.312132,,,04:02:18,,,3181.63,0.00,3181.63,pending_customer_approval,,False
85,85,78,666,2026-01-20,2026-01-21 16:26:30.312132,2026-01-23 17:26:30.312132,2026-01-21 17:26:30.312132,2026-01-23 18:26:30.312132,,04:52:13,07:52:35,,1958.85,0.00,1958.85,completed,,False
86,86,383,396,2026-04-12,2026-04-13 08:27:56.312132,2026-04-15 14:27:56.312132,2026-04-13 14:27:56.312132,2026-04-15 05:27:56.312132,,05:31:58,07:59:55,,21138.72,0.00,21138.72,completed,,False
87,87,474,479,2025-09-28,2025-09-28 15:04:29.312132,2025-09-30 23:04:29.312132,2025-09-28 23:04:29.312132,2025-09-30 07:04:29.312132,2025-09-30 12:04:29.312132,08:00:46,06:04:54,,23894.96,23894.96,0.00,released,,False
88,88,406,152,2026-07-23,2026-07-23 05:39:25.312132,2026-07-25 07:39:25.312132,2026-07-23 07:39:25.312132,2026-07-24 11:39:25.312132,,06:49:07,04:18:12,,20334.74,10167.37,10167.37,completed,,False
89,89,368,328,2026-02-24,2026-02-25 08:07:50.312132,2026-02-27 09:07:50.312132,2026-02-25 09:07:50.312132,,,01:44:09,,,16157.71,8078.86,8078.85,inspecting,,False
90,90,59,672,2026-02-24,2026-02-25 05:38:37.312132,2026-02-27 17:38:37.312132,2026-02-25 17:38:37.312132,,,06:57:18,,,8643.97,0.00,8643.97,revision_pending,,False
91,91,16,9,2026-01-28,2026-01-29 00:07:42.312132,2026-01-31 08:07:42.312132,2026-01-29 08:07:42.312132,2026-01-30 14:07:42.312132,,02:42:40,09:08:05,,20664.97,0.00,20664.97,completed,,False
92,92,351,657,2026-06-18,2026-06-19 03:32:58.312132,2026-06-21 15:32:58.312132,2026-06-19 15:32:58.312132,2026-06-20 07:32:58.312132,2026-06-20 09:32:58.312132,08:24:15,06:57:47,,17937.17,17937.17,0.00,released,,False
93,93,295,169,2026-06-05,2026-06-05 16:08:13.312132,2026-06-08 01:08:13.312132,2026-06-06 01:08:13.312132,2026-06-07 15:08:13.312132,2026-06-08 05:08:13.312132,06:52:24,01:23:07,,11396.23,11396.23,0.00,released,,False
94,94,309,832,2026-03-18,2026-03-19 07:38:49.312132,2026-03-21 10:38:49.312132,2026-03-19 10:38:49.312132,2026-03-19 20:38:49.312132,,08:53:18,08:38:52,,13356.99,6678.50,6678.49,completed,,False
95,95,328,467,2025-08-15,2025-08-16 05:18:43.312132,2025-08-18 10:18:43.312132,2025-08-16 10:18:43.312132,2025-08-16 13:18:43.312132,2025-08-17 03:18:43.312132,08:55:02,04:43:19,,8485.16,8485.16,0.00,released,,False
96,96,49,568,2026-06-17,2026-06-18 02:13:21.312132,2026-06-20 09:13:21.312132,2026-06-18 09:13:21.312132,2026-06-19 03:13:21.312132,2026-06-19 07:13:21.312132,07:37:31,03:03:31,,23797.62,23797.62,0.00,released,,False
97,97,283,426,2025-08-20,2025-08-21 03:43:18.312132,2025-08-23 07:43:18.312132,2025-08-21 07:43:18.312132,2025-08-22 03:43:18.312132,2025-08-22 14:43:18.312132,05:05:27,07:18:48,,13021.58,13021.58,0.00,released,,False
98,98,43,334,2026-05-05,2026-05-05 08:28:10.312132,2026-05-07 16:28:10.312132,2026-05-05 16:28:10.312132,2026-05-07 08:28:10.312132,2026-05-08 04:28:10.312132,01:10:38,09:33:57,,24456.17,24456.17,0.00,released,,False
99,99,68,5,2026-04-10,2026-04-11 06:36:19.312132,2026-04-13 16:36:19.312132,2026-04-11 16:36:19.312132,2026-04-12 21:36:19.312132,,01:07:08,07:45:01,,642.38,0.00,642.38,completed,,False
100,100,76,590,2025-10-22,2025-10-22 22:50:43.312132,2025-10-25 00:50:43.312132,2025-10-23 00:50:43.312132,2025-10-23 18:50:43.312132,,06:03:06,09:12:32,,18933.47,9466.74,9466.73,completed,,False
101,101,61,122,2025-09-30,2025-10-01 11:42:15.312132,2025-10-03 12:42:15.312132,2025-10-01 12:42:15.312132,2025-10-03 01:42:15.312132,,01:51:43,07:26:03,,19367.60,0.00,19367.60,completed,,False
102,102,232,646,2026-01-29,2026-01-30 12:19:12.312132,2026-02-01 15:19:12.312132,2026-01-30 15:19:12.312132,2026-01-31 00:19:12.312132,,03:02:35,06:33:43,,2912.99,0.00,2912.99,completed,,False
103,103,66,159,2025-11-18,2025-11-18 14:32:33.312132,2025-11-20 20:32:33.312132,2025-11-18 20:32:33.312132,2025-11-19 20:32:33.312132,,02:30:51,01:14:01,,13197.43,0.00,13197.43,completed,,False
104,104,399,808,2026-02-09,2026-02-10 00:47:36.312132,2026-02-12 06:47:36.312132,2026-02-10 06:47:36.312132,2026-02-12 04:47:36.312132,,02:24:07,07:35:27,,16418.07,8209.04,8209.03,completed,,False
105,105,34,323,2026-02-28,2026-03-01 11:17:02.312132,2026-03-03 21:17:02.312132,2026-03-01 21:17:02.312132,2026-03-02 21:17:02.312132,2026-03-02 23:17:02.312132,07:54:58,06:54:17,,5006.72,5006.72,0.00,released,,False
106,106,13,918,2026-01-29,2026-01-30 14:40:40.312132,2026-02-01 19:40:40.312132,2026-01-30 19:40:40.312132,2026-01-31 14:40:40.312132,2026-02-01 01:40:40.312132,02:55:22,09:25:06,,12884.12,12884.12,0.00,released,,False
107,107,164,493,2025-11-18,2025-11-19 00:56:46.312132,2025-11-21 12:56:46.312132,2025-11-19 12:56:46.312132,,,01:59:10,,,4095.54,0.00,4095.54,revision_pending,,False
108,108,310,263,2025-10-23,2025-10-23 18:52:53.312132,2025-10-26 03:52:53.312132,2025-10-24 03:52:53.312132,2025-10-25 03:52:53.312132,2025-10-25 09:52:53.312132,07:53:29,01:45:50,,10770.89,10770.89,0.00,released,,False
109,109,434,415,2026-05-28,2026-05-29 11:26:29.312132,2026-05-31 23:26:29.312132,2026-05-29 23:26:29.312132,2026-05-31 09:26:29.312132,2026-05-31 13:26:29.312132,07:58:19,05:57:57,,19249.42,19249.42,0.00,released,,False
110,110,177,328,2025-12-21,2025-12-21 13:27:40.312132,2025-12-23 18:27:40.312132,2025-12-21 18:27:40.312132,2025-12-22 20:27:40.312132,,08:18:14,06:48:52,,22947.31,0.00,22947.31,completed,,False
111,111,175,180,2026-07-07,2026-07-07 19:24:49.312132,2026-07-10 03:24:49.312132,2026-07-08 03:24:49.312132,2026-07-09 00:24:49.312132,,04:21:57,04:37:51,,8182.41,0.00,8182.41,completed,,False
112,112,97,134,2025-10-30,2025-10-30 03:52:40.312132,2025-11-01 07:52:40.312132,2025-10-30 07:52:40.312132,2025-10-31 15:52:40.312132,,01:36:53,03:20:26,,10535.51,0.00,10535.51,completed,,False
113,113,295,375,2025-11-29,2025-11-30 14:49:01.312132,2025-12-02 16:49:01.312132,2025-11-30 16:49:01.312132,2025-11-30 23:49:01.312132,,05:08:04,09:58:21,,8929.37,4464.69,4464.68,completed,,False
114,114,112,245,2026-06-18,2026-06-19 09:42:31.312132,2026-06-21 11:42:31.312132,2026-06-19 11:42:31.312132,2026-06-20 11:42:31.312132,,02:39:10,04:01:23,,6184.40,3092.20,3092.20,completed,,False
115,115,382,337,2025-11-14,2025-11-15 01:49:13.312132,2025-11-17 12:49:13.312132,2025-11-15 12:49:13.312132,2025-11-15 23:49:13.312132,,03:04:15,06:32:55,,14824.99,0.00,14824.99,completed,,False
116,116,113,214,2026-05-30,2026-05-31 21:44:44.312132,2026-06-03 07:44:44.312132,2026-06-01 07:44:44.312132,2026-06-03 01:44:44.312132,,08:21:44,01:32:28,,4770.96,0.00,4770.96,completed,,False
117,117,98,11,2026-03-09,2026-03-10 17:45:25.312132,2026-03-12 18:45:25.312132,2026-03-10 18:45:25.312132,2026-03-11 08:45:25.312132,,04:48:22,02:26:40,,6746.36,3373.18,3373.18,completed,,False
118,118,21,195,2026-01-15,2026-01-16 00:04:53.312132,2026-01-18 09:04:53.312132,2026-01-16 09:04:53.312132,2026-01-17 20:04:53.312132,2026-01-18 02:04:53.312132,08:59:28,07:16:50,,1871.22,1871.22,0.00,released,,False
119,119,123,935,2025-08-05,2025-08-05 21:56:24.312132,2025-08-08 08:56:24.312132,2025-08-06 08:56:24.312132,2025-08-07 12:56:24.312132,2025-08-07 15:56:24.312132,02:36:12,05:15:36,,8112.66,8112.66,0.00,released,,False
120,120,182,482,2026-07-25,2026-07-25 16:12:26.312132,2026-07-28 02:12:26.312132,2026-07-26 02:12:26.312132,2026-07-27 08:12:26.312132,,01:35:36,01:59:06,,6856.65,3428.33,3428.32,completed,,False
121,121,359,630,2025-09-05,2025-09-05 07:19:54.312132,2025-09-07 09:19:54.312132,2025-09-05 09:19:54.312132,2025-09-07 08:19:54.312132,2025-09-08 04:19:54.312132,01:31:37,03:31:06,,13155.74,13155.74,0.00,released,,False
122,122,420,672,2025-11-20,2025-11-20 18:44:15.312132,2025-11-23 01:44:15.312132,2025-11-21 01:44:15.312132,2025-11-22 19:44:15.312132,,08:16:37,03:22:30,,6210.08,0.00,6210.08,completed,,False
123,123,348,673,2025-09-04,2025-09-05 01:54:31.312132,2025-09-07 08:54:31.312132,2025-09-05 08:54:31.312132,2025-09-05 16:54:31.312132,,02:39:02,03:53:03,,16038.45,8019.23,8019.22,completed,,False
124,124,484,810,2026-06-15,2026-06-16 15:28:28.312132,2026-06-18 20:28:28.312132,2026-06-16 20:28:28.312132,,,03:01:58,,,16749.13,8374.57,8374.56,pending_customer_approval,,False
125,125,461,396,2026-03-17,2026-03-17 17:43:11.312132,2026-03-19 22:43:11.312132,2026-03-17 22:43:11.312132,,,01:50:59,,,1003.53,0.00,1003.53,waiting_on_parts,,False
126,126,294,816,2026-01-25,2026-01-26 09:04:06.312132,2026-01-28 18:04:06.312132,2026-01-26 18:04:06.312132,2026-01-27 02:04:06.312132,2026-01-27 23:04:06.312132,03:23:42,04:09:00,,7843.20,7843.20,0.00,released,,False
127,127,102,110,2025-09-09,2025-09-09 23:25:28.312132,2025-09-12 11:25:28.312132,2025-09-10 11:25:28.312132,2025-09-12 02:25:28.312132,,08:04:21,08:38:46,,17543.19,8771.60,8771.59,completed,,False
128,128,18,951,2025-09-16,2025-09-17 13:36:12.312132,2025-09-19 20:36:12.312132,2025-09-17 20:36:12.312132,2025-09-18 09:36:12.312132,2025-09-18 22:36:12.312132,08:12:21,05:05:41,,17209.16,17209.16,0.00,released,,False
129,129,46,472,2026-07-06,2026-07-06 17:12:03.312132,2026-07-08 23:12:03.312132,2026-07-06 23:12:03.312132,2026-07-08 00:12:03.312132,,05:47:08,09:58:55,,9517.57,0.00,9517.57,completed,,False
130,130,129,94,2026-01-17,2026-01-18 03:05:36.312132,2026-01-20 06:05:36.312132,2026-01-18 06:05:36.312132,,,06:22:54,,,7824.32,3912.16,3912.16,pending_customer_approval,,False
131,131,430,624,2026-07-21,2026-07-22 01:09:28.312132,2026-07-24 07:09:28.312132,2026-07-22 07:09:28.312132,,,04:14:03,,,22124.60,11062.30,11062.30,waiting_on_parts,,False
132,132,360,688,2026-04-19,2026-04-20 13:56:06.312132,2026-04-22 16:56:06.312132,2026-04-20 16:56:06.312132,2026-04-22 03:56:06.312132,,03:33:18,03:54:24,,19726.60,9863.30,9863.30,completed,,False
133,199,461,319,2025-12-24,2025-12-25 06:00:59.312132,2025-12-27 12:00:59.312132,2025-12-25 12:00:59.312132,,,03:15:27,,,6704.50,0.00,6704.50,pending_customer_approval,,False
134,133,461,421,2025-08-09,2025-08-10 01:44:51.312132,2025-08-12 05:44:51.312132,2025-08-10 05:44:51.312132,2025-08-10 14:44:51.312132,2025-08-11 14:44:51.312132,08:56:20,06:10:20,,24368.60,24368.60,0.00,released,,False
135,134,357,964,2026-01-24,2026-01-25 01:03:55.312132,2026-01-27 07:03:55.312132,2026-01-25 07:03:55.312132,,,07:37:05,,,6482.68,3241.34,3241.34,inspecting,,False
136,135,278,989,2026-02-14,2026-02-15 04:02:45.312132,2026-02-17 05:02:45.312132,2026-02-15 05:02:45.312132,,,06:17:11,,,11822.52,5911.26,5911.26,in_progress,,False
137,136,317,16,2026-01-20,2026-01-20 23:10:32.312132,2026-01-23 01:10:32.312132,2026-01-21 01:10:32.312132,2026-01-21 22:10:32.312132,,06:26:18,07:04:01,,23824.93,0.00,23824.93,completed,,False
138,137,309,333,2026-06-18,2026-06-19 13:26:48.312132,2026-06-22 00:26:48.312132,2026-06-20 00:26:48.312132,2026-06-20 14:26:48.312132,,07:01:29,09:58:12,,21328.44,0.00,21328.44,completed,,False
139,138,61,530,2025-10-27,2025-10-28 13:38:22.312132,2025-10-30 16:38:22.312132,2025-10-28 16:38:22.312132,2025-10-30 12:38:22.312132,2025-10-30 13:38:22.312132,04:18:13,05:44:15,,9634.46,9634.46,0.00,released,,False
140,139,373,21,2026-07-25,2026-07-26 05:40:39.312132,2026-07-28 15:40:39.312132,2026-07-26 15:40:39.312132,2026-07-28 12:40:39.312132,,06:26:48,09:24:38,,18180.20,0.00,18180.20,completed,,False
141,140,223,956,2025-12-18,2025-12-19 13:10:45.312132,2025-12-21 21:10:45.312132,2025-12-19 21:10:45.312132,2025-12-21 13:10:45.312132,2025-12-21 23:10:45.312132,07:00:36,03:34:00,,2153.50,2153.50,0.00,released,,False
142,141,430,534,2026-01-07,2026-01-08 03:53:37.312132,2026-01-10 09:53:37.312132,2026-01-08 09:53:37.312132,2026-01-08 16:53:37.312132,,02:34:10,05:31:13,,11976.61,0.00,11976.61,completed,,False
143,142,83,570,2026-03-09,2026-03-09 05:25:49.312132,2026-03-11 13:25:49.312132,2026-03-09 13:25:49.312132,2026-03-11 13:25:49.312132,,01:53:29,06:23:15,,4141.37,2070.69,2070.68,completed,,False
144,143,33,867,2026-04-29,2026-04-30 03:19:58.312132,2026-05-02 06:19:58.312132,2026-04-30 06:19:58.312132,2026-05-01 19:19:58.312132,2026-05-02 11:19:58.312132,07:31:38,09:28:55,,12939.56,12939.56,0.00,released,,False
145,144,40,270,2025-11-04,2025-11-04 21:19:33.312132,2025-11-07 02:19:33.312132,2025-11-05 02:19:33.312132,,,04:09:18,,,22866.95,11433.48,11433.47,pending_customer_approval,,False
146,145,60,114,2026-04-30,2026-04-30 11:23:03.312132,2026-05-02 21:23:03.312132,2026-04-30 21:23:03.312132,2026-05-02 06:23:03.312132,2026-05-03 04:23:03.312132,05:13:54,03:48:27,,7518.85,7518.85,0.00,released,,False
147,146,299,131,2026-05-02,2026-05-03 01:48:35.312132,2026-05-05 11:48:35.312132,2026-05-03 11:48:35.312132,2026-05-05 05:48:35.312132,2026-05-05 06:48:35.312132,06:08:47,05:55:23,,23009.05,23009.05,0.00,released,,False
148,147,371,778,2026-05-21,2026-05-22 09:51:38.312132,2026-05-24 21:51:38.312132,2026-05-22 21:51:38.312132,,,06:46:41,,,1442.70,0.00,1442.70,waiting_on_parts,,False
149,148,450,902,2026-05-07,2026-05-07 06:34:55.312132,2026-05-09 18:34:55.312132,2026-05-07 18:34:55.312132,,,02:34:58,,,10287.92,0.00,10287.92,waiting_on_parts,,False
150,149,440,706,2026-02-28,2026-02-28 02:23:51.312132,2026-03-02 13:23:51.312132,2026-02-28 13:23:51.312132,2026-03-01 01:23:51.312132,,01:44:52,02:55:16,,15970.04,0.00,15970.04,completed,,False
151,150,206,169,2026-01-30,2026-01-30 15:10:45.312132,2026-02-02 02:10:45.312132,2026-01-31 02:10:45.312132,,,02:14:10,,,17896.00,0.00,17896.00,inspecting,,False
152,151,479,770,2025-09-04,2025-09-05 03:18:37.312132,2025-09-07 15:18:37.312132,2025-09-05 15:18:37.312132,2025-09-07 04:18:37.312132,2025-09-07 23:18:37.312132,06:29:37,04:18:53,,15011.09,15011.09,0.00,released,,False
153,152,297,134,2025-10-21,2025-10-21 10:08:50.312132,2025-10-23 20:08:50.312132,2025-10-21 20:08:50.312132,2025-10-22 05:08:50.312132,2025-10-22 15:08:50.312132,03:46:58,06:31:56,,1123.68,1123.68,0.00,released,,False
154,153,180,974,2025-12-15,2025-12-15 06:47:06.312132,2025-12-17 17:47:06.312132,2025-12-15 17:47:06.312132,2025-12-15 23:47:06.312132,2025-12-16 12:47:06.312132,07:10:16,07:37:26,,8387.91,8387.91,0.00,released,,False
155,154,62,737,2026-04-12,2026-04-13 12:35:47.312132,2026-04-15 23:35:47.312132,2026-04-13 23:35:47.312132,2026-04-15 04:35:47.312132,2026-04-16 01:35:47.312132,04:32:04,08:55:50,,18531.00,18531.00,0.00,released,,False
156,155,5,769,2026-05-25,2026-05-26 12:27:00.312132,2026-05-28 15:27:00.312132,2026-05-26 15:27:00.312132,2026-05-27 11:27:00.312132,2026-05-28 11:27:00.312132,03:58:55,07:33:42,,15747.06,15747.06,0.00,released,,False
157,156,438,212,2025-11-03,2025-11-03 02:11:08.312132,2025-11-05 11:11:08.312132,2025-11-03 11:11:08.312132,2025-11-05 06:11:08.312132,,05:32:04,06:41:55,,10904.00,5452.00,5452.00,completed,,False
158,157,30,369,2025-08-15,2025-08-15 17:13:39.312132,2025-08-18 00:13:39.312132,2025-08-16 00:13:39.312132,,,06:23:49,,,7872.55,0.00,7872.55,pending_customer_approval,,False
159,158,203,878,2025-10-21,2025-10-22 08:36:10.312132,2025-10-24 12:36:10.312132,2025-10-22 12:36:10.312132,2025-10-22 19:36:10.312132,,08:17:47,01:56:57,,5376.81,0.00,5376.81,completed,,False
160,159,23,652,2025-08-28,2025-08-28 19:50:56.312132,2025-08-30 22:50:56.312132,2025-08-28 22:50:56.312132,2025-08-30 17:50:56.312132,,01:01:42,03:58:52,,8142.52,0.00,8142.52,completed,,False
161,160,256,284,2026-06-15,2026-06-15 23:29:23.312132,2026-06-18 00:29:23.312132,2026-06-16 00:29:23.312132,2026-06-16 21:29:23.312132,,07:06:27,05:37:08,,25048.32,12524.16,12524.16,completed,,False
162,161,316,486,2025-08-05,2025-08-05 13:13:49.312132,2025-08-07 20:13:49.312132,2025-08-05 20:13:49.312132,2025-08-05 22:13:49.312132,2025-08-06 22:13:49.312132,02:24:21,03:38:06,,13699.94,13699.94,0.00,released,,False
163,162,34,826,2025-10-07,2025-10-07 20:14:41.312132,2025-10-09 23:14:41.312132,2025-10-07 23:14:41.312132,,,08:38:20,,,23364.66,0.00,23364.66,inspecting,,False
164,163,385,167,2026-04-14,2026-04-15 06:30:01.312132,2026-04-17 10:30:01.312132,2026-04-15 10:30:01.312132,2026-04-17 08:30:01.312132,2026-04-18 01:30:01.312132,08:54:08,05:47:24,,11816.52,11816.52,0.00,released,,False
165,164,419,196,2026-03-01,2026-03-01 19:36:58.312132,2026-03-04 07:36:58.312132,2026-03-02 07:36:58.312132,2026-03-03 08:36:58.312132,,02:44:44,03:20:11,,11777.36,0.00,11777.36,completed,,False
166,165,458,10,2026-02-21,2026-02-21 16:54:03.312132,2026-02-24 02:54:03.312132,2026-02-22 02:54:03.312132,2026-02-23 03:54:03.312132,,01:05:28,05:00:33,,4745.04,2372.52,2372.52,completed,,False
167,166,12,336,2026-06-15,2026-06-16 01:30:48.312132,2026-06-18 10:30:48.312132,2026-06-16 10:30:48.312132,,,06:33:51,,,7906.51,0.00,7906.51,inspecting,,False
168,167,127,238,2025-09-29,2025-09-29 21:22:19.312132,2025-10-02 08:22:19.312132,2025-09-30 08:22:19.312132,2025-10-01 10:22:19.312132,,03:07:50,09:47:18,,12877.22,0.00,12877.22,completed,,False
169,168,331,325,2026-05-10,2026-05-11 02:14:13.312132,2026-05-13 03:14:13.312132,2026-05-11 03:14:13.312132,,,02:33:27,,,6977.10,3488.55,3488.55,pending_customer_approval,,False
170,169,23,851,2025-11-04,2025-11-04 07:36:18.312132,2025-11-06 18:36:18.312132,2025-11-04 18:36:18.312132,,,08:26:13,,,12716.98,6358.49,6358.49,waiting_on_parts,,False
171,170,201,627,2025-12-16,2025-12-17 05:31:44.312132,2025-12-19 08:31:44.312132,2025-12-17 08:31:44.312132,2025-12-18 12:31:44.312132,,06:09:11,01:03:07,,16368.12,8184.06,8184.06,completed,,False
172,171,398,53,2026-03-17,2026-03-17 12:51:20.312132,2026-03-19 18:51:20.312132,2026-03-17 18:51:20.312132,,,04:09:21,,,6068.73,3034.37,3034.36,revision_pending,,False
173,172,240,519,2025-10-06,2025-10-07 04:34:13.312132,2025-10-09 05:34:13.312132,2025-10-07 05:34:13.312132,2025-10-08 14:34:13.312132,,05:37:29,02:44:28,,17997.13,0.00,17997.13,completed,,False
174,173,311,572,2026-03-27,2026-03-27 22:12:10.312132,2026-03-30 04:12:10.312132,2026-03-28 04:12:10.312132,,,01:57:37,,,1865.87,932.94,932.93,waiting_on_parts,,False
175,174,180,489,2025-09-25,2025-09-26 07:38:44.312132,2025-09-28 17:38:44.312132,2025-09-26 17:38:44.312132,2025-09-27 07:38:44.312132,2025-09-28 07:38:44.312132,03:49:35,02:24:56,,6603.36,6603.36,0.00,released,,False
176,175,97,636,2026-06-26,2026-06-26 19:23:25.312132,2026-06-29 05:23:25.312132,2026-06-27 05:23:25.312132,2026-06-28 14:23:25.312132,,02:53:53,07:01:14,,1239.73,0.00,1239.73,completed,,False
177,176,325,847,2026-01-05,2026-01-05 21:02:50.312132,2026-01-08 08:02:50.312132,2026-01-06 08:02:50.312132,2026-01-06 15:02:50.312132,,04:59:18,06:36:57,,11790.41,5895.21,5895.20,completed,,False
178,177,465,417,2025-09-29,2025-09-30 19:28:46.312132,2025-10-02 23:28:46.312132,2025-09-30 23:28:46.312132,2025-10-01 21:28:46.312132,,08:46:47,05:05:31,,9719.85,0.00,9719.85,completed,,False
179,178,188,860,2026-05-27,2026-05-28 03:26:25.312132,2026-05-30 09:26:25.312132,2026-05-28 09:26:25.312132,2026-05-29 21:26:25.312132,,08:27:42,07:07:29,,14190.54,0.00,14190.54,completed,,False
180,179,166,268,2025-10-14,2025-10-14 11:27:17.312132,2025-10-16 14:27:17.312132,2025-10-14 14:27:17.312132,,,07:56:51,,,13581.16,6790.58,6790.58,in_progress,,False
181,180,107,306,2025-11-04,2025-11-04 14:17:32.312132,2025-11-06 18:17:32.312132,2025-11-04 18:17:32.312132,2025-11-05 20:17:32.312132,,08:13:39,08:04:50,,12312.92,6156.46,6156.46,completed,,False
182,181,438,974,2026-03-08,2026-03-08 16:19:45.312132,2026-03-10 18:19:45.312132,2026-03-08 18:19:45.312132,2026-03-09 01:19:45.312132,2026-03-09 19:19:45.312132,01:48:19,08:49:27,,18615.49,18615.49,0.00,released,,False
183,182,68,481,2026-01-27,2026-01-27 12:29:53.312132,2026-01-29 18:29:53.312132,2026-01-27 18:29:53.312132,2026-01-28 14:29:53.312132,,07:46:22,02:23:38,,22625.65,11312.83,11312.82,completed,,False
184,183,429,719,2026-02-19,2026-02-20 18:36:49.312132,2026-02-23 01:36:49.312132,2026-02-21 01:36:49.312132,2026-02-22 22:36:49.312132,,08:11:09,04:55:11,,18197.45,9098.73,9098.72,completed,,False
185,184,8,610,2025-11-27,2025-11-27 17:17:23.312132,2025-11-29 18:17:23.312132,2025-11-27 18:17:23.312132,2025-11-28 10:17:23.312132,,03:07:34,07:59:58,,8926.32,0.00,8926.32,completed,,False
186,185,134,771,2026-02-13,2026-02-14 22:36:53.312132,2026-02-17 02:36:53.312132,2026-02-15 02:36:53.312132,2026-02-15 17:36:53.312132,2026-02-16 12:36:53.312132,06:59:40,02:57:41,,2052.20,2052.20,0.00,released,,False
187,186,52,101,2026-04-29,2026-04-29 06:48:43.312132,2026-05-01 12:48:43.312132,2026-04-29 12:48:43.312132,2026-04-30 01:48:43.312132,,06:02:55,09:04:50,,7646.07,3823.04,3823.03,completed,,False
188,187,452,644,2025-08-20,2025-08-21 04:24:56.312132,2025-08-23 14:24:56.312132,2025-08-21 14:24:56.312132,,,01:35:07,,,14495.00,7247.50,7247.50,waiting_on_parts,,False
189,188,227,196,2026-05-15,2026-05-15 16:47:54.312132,2026-05-18 03:47:54.312132,2026-05-16 03:47:54.312132,2026-05-17 05:47:54.312132,,06:29:25,03:17:14,,3919.87,0.00,3919.87,completed,,False
190,189,116,334,2025-08-22,2025-08-22 06:14:40.312132,2025-08-24 08:14:40.312132,2025-08-22 08:14:40.312132,,,02:57:22,,,23038.55,11519.28,11519.27,in_progress,,False
191,190,404,999,2026-03-07,2026-03-07 10:00:28.312132,2026-03-09 13:00:28.312132,2026-03-07 13:00:28.312132,2026-03-08 16:00:28.312132,,08:37:41,02:23:17,,16992.11,0.00,16992.11,completed,,False
192,191,87,359,2025-11-09,2025-11-10 11:51:08.312132,2025-11-12 23:51:08.312132,2025-11-10 23:51:08.312132,,,07:19:53,,,7007.33,3503.67,3503.66,inspecting,,False
193,192,10,454,2026-06-14,2026-06-14 23:23:30.312132,2026-06-17 11:23:30.312132,2026-06-15 11:23:30.312132,2026-06-16 08:23:30.312132,2026-06-17 02:23:30.312132,02:10:03,01:57:05,,20055.16,20055.16,0.00,released,,False
194,193,296,562,2025-12-22,2025-12-22 12:21:50.312132,2025-12-24 15:21:50.312132,2025-12-22 15:21:50.312132,2025-12-22 20:21:50.312132,2025-12-23 03:21:50.312132,08:19:07,05:26:28,,16436.43,16436.43,0.00,released,,False
195,194,113,910,2026-02-25,2026-02-25 18:38:39.312132,2026-02-28 04:38:39.312132,2026-02-26 04:38:39.312132,2026-02-27 01:38:39.312132,2026-02-27 05:38:39.312132,01:30:15,09:50:40,,5043.17,5043.17,0.00,released,,False
196,195,241,163,2025-10-06,2025-10-07 00:23:17.312132,2025-10-09 03:23:17.312132,2025-10-07 03:23:17.312132,2025-10-07 09:23:17.312132,2025-10-07 12:23:17.312132,07:55:04,08:54:17,,10180.18,10180.18,0.00,released,,False
197,196,229,333,2025-10-14,2025-10-14 09:24:23.312132,2025-10-16 15:24:23.312132,2025-10-14 15:24:23.312132,2025-10-16 12:24:23.312132,,07:54:14,01:48:25,,2354.46,0.00,2354.46,completed,,False
198,197,143,362,2026-05-03,2026-05-03 14:51:07.312132,2026-05-05 20:51:07.312132,2026-05-03 20:51:07.312132,2026-05-04 22:51:07.312132,,08:27:12,08:51:01,,23315.26,11657.63,11657.63,completed,,False
199,198,193,277,2026-07-11,2026-07-12 01:46:24.312132,2026-07-14 07:46:24.312132,2026-07-12 07:46:24.312132,2026-07-14 04:46:24.312132,2026-07-14 10:46:24.312132,06:02:50,02:24:24,,22511.61,22511.61,0.00,released,,False
200,200,349,628,2025-11-01,2025-11-01 05:51:25.312132,2025-11-03 12:51:25.312132,2025-11-01 12:51:25.312132,2025-11-02 06:51:25.312132,,07:28:04,09:06:46,,20615.40,10307.70,10307.70,completed,,False
201,201,248,79,2026-04-21,2026-04-21 21:43:09.312132,2026-04-24 03:43:09.312132,2026-04-22 03:43:09.312132,2026-04-23 03:43:09.312132,2026-04-23 07:43:09.312132,02:24:59,04:37:08,,14409.59,14409.59,0.00,released,,False
202,202,444,492,2026-03-01,2026-03-02 13:36:10.312132,2026-03-05 00:36:10.312132,2026-03-03 00:36:10.312132,,,06:49:44,,,18756.05,9378.03,9378.02,pending_customer_approval,,False
203,203,440,481,2025-12-27,2025-12-27 09:56:13.312132,2025-12-29 12:56:13.312132,2025-12-27 12:56:13.312132,2025-12-28 21:56:13.312132,2025-12-29 06:56:13.312132,05:40:35,05:32:39,,8486.64,8486.64,0.00,released,,False
204,204,316,439,2026-05-19,2026-05-20 04:56:31.312132,2026-05-22 06:56:31.312132,2026-05-20 06:56:31.312132,,,02:45:57,,,24496.68,12248.34,12248.34,pending_customer_approval,,False
205,205,467,976,2026-04-01,2026-04-02 04:17:23.312132,2026-04-04 10:17:23.312132,2026-04-02 10:17:23.312132,,,03:53:03,,,3107.52,0.00,3107.52,inspecting,,False
206,206,486,916,2026-07-11,2026-07-11 23:18:29.312132,2026-07-14 02:18:29.312132,2026-07-12 02:18:29.312132,2026-07-12 06:18:29.312132,2026-07-12 08:18:29.312132,01:38:42,07:40:18,,6204.84,6204.84,0.00,released,,False
207,207,121,305,2026-07-19,2026-07-20 02:50:13.312132,2026-07-22 10:50:13.312132,2026-07-20 10:50:13.312132,2026-07-20 22:50:13.312132,2026-07-21 02:50:13.312132,06:31:33,09:28:37,,22702.96,22702.96,0.00,released,,False
208,208,403,572,2026-07-08,2026-07-09 14:27:29.312132,2026-07-11 19:27:29.312132,2026-07-09 19:27:29.312132,2026-07-11 06:27:29.312132,2026-07-11 08:27:29.312132,08:26:41,05:20:44,,1706.28,1706.28,0.00,released,,False
209,209,147,967,2026-03-13,2026-03-14 10:23:00.312132,2026-03-16 12:23:00.312132,2026-03-14 12:23:00.312132,2026-03-16 09:23:00.312132,2026-03-17 03:23:00.312132,02:49:11,08:08:59,,1353.43,1353.43,0.00,released,,False
210,210,381,968,2025-10-01,2025-10-01 17:04:00.312132,2025-10-03 21:04:00.312132,2025-10-01 21:04:00.312132,2025-10-02 23:04:00.312132,2025-10-03 18:04:00.312132,06:38:52,06:14:20,,18912.45,18912.45,0.00,released,,False
211,211,386,559,2026-02-23,2026-02-23 22:22:53.312132,2026-02-25 23:22:53.312132,2026-02-23 23:22:53.312132,2026-02-24 16:22:53.312132,2026-02-25 03:22:53.312132,06:38:39,08:56:20,,1813.32,1813.32,0.00,released,,False
212,212,335,549,2026-05-13,2026-05-14 20:52:48.312132,2026-05-17 05:52:48.312132,2026-05-15 05:52:48.312132,2026-05-17 05:52:48.312132,2026-05-18 05:52:48.312132,03:57:42,09:07:36,,10796.79,10796.79,0.00,released,,False
213,213,442,915,2025-09-28,2025-09-28 15:35:51.312132,2025-10-01 02:35:51.312132,2025-09-29 02:35:51.312132,2025-10-01 00:35:51.312132,2025-10-01 12:35:51.312132,01:45:12,01:30:35,,21289.68,21289.68,0.00,released,,False
214,214,422,952,2025-11-25,2025-11-25 17:28:13.312132,2025-11-28 02:28:13.312132,2025-11-26 02:28:13.312132,,,03:07:03,,,8176.61,4088.31,4088.30,inspecting,,False
215,215,71,955,2026-02-09,2026-02-09 22:31:16.312132,2026-02-12 01:31:16.312132,2026-02-10 01:31:16.312132,2026-02-10 06:31:16.312132,2026-02-10 09:31:16.312132,03:31:18,05:34:08,,11068.30,11068.30,0.00,released,,False
216,216,222,293,2025-10-16,2025-10-16 21:00:36.312132,2025-10-18 23:00:36.312132,2025-10-16 23:00:36.312132,2025-10-17 06:00:36.312132,2025-10-17 14:00:36.312132,01:11:40,01:54:17,,20407.79,20407.79,0.00,released,,False
217,217,232,179,2025-08-13,2025-08-14 09:16:00.312132,2025-08-16 13:16:00.312132,2025-08-14 13:16:00.312132,2025-08-16 10:16:00.312132,,04:18:27,01:17:51,,18529.58,0.00,18529.58,completed,,False
218,218,334,669,2026-05-05,2026-05-05 05:14:35.312132,2026-05-07 08:14:35.312132,2026-05-05 08:14:35.312132,,,07:32:34,,,7365.85,3682.93,3682.92,waiting_on_parts,,False
219,219,452,179,2025-10-20,2025-10-20 21:00:21.312132,2025-10-22 22:00:21.312132,2025-10-20 22:00:21.312132,,,03:52:30,,,23655.45,0.00,23655.45,inspecting,,False
220,220,219,282,2025-09-25,2025-09-25 17:40:14.312132,2025-09-28 04:40:14.312132,2025-09-26 04:40:14.312132,2025-09-27 11:40:14.312132,,01:55:49,08:02:15,,23903.48,0.00,23903.48,completed,,False
221,221,459,103,2026-02-20,2026-02-20 22:43:31.312132,2026-02-23 00:43:31.312132,2026-02-21 00:43:31.312132,2026-02-22 10:43:31.312132,,06:38:55,09:49:19,,15189.54,0.00,15189.54,completed,,False
222,222,48,397,2026-02-26,2026-02-26 08:45:20.312132,2026-02-28 13:45:20.312132,2026-02-26 13:45:20.312132,2026-02-26 19:45:20.312132,,07:32:04,01:07:48,,10621.91,0.00,10621.91,completed,,False
223,223,400,13,2026-05-21,2026-05-21 17:37:59.312132,2026-05-23 21:37:59.312132,2026-05-21 21:37:59.312132,,,04:26:00,,,11081.39,5540.70,5540.69,revision_pending,,False
224,224,14,375,2026-01-29,2026-01-29 22:47:37.312132,2026-02-01 05:47:37.312132,2026-01-30 05:47:37.312132,2026-01-31 17:47:37.312132,,07:09:03,01:52:07,,12972.66,0.00,12972.66,completed,,False
225,225,446,6,2025-10-01,2025-10-02 05:21:52.312132,2025-10-04 10:21:52.312132,2025-10-02 10:21:52.312132,2025-10-03 14:21:52.312132,,08:16:15,09:55:30,,18044.26,0.00,18044.26,completed,,False
226,226,45,719,2025-08-19,2025-08-20 14:27:15.312132,2025-08-23 02:27:15.312132,2025-08-21 02:27:15.312132,2025-08-22 02:27:15.312132,2025-08-22 11:27:15.312132,05:55:38,06:21:48,,897.87,897.87,0.00,released,,False
227,227,79,151,2026-02-03,2026-02-03 11:39:28.312132,2026-02-05 16:39:28.312132,2026-02-03 16:39:28.312132,2026-02-04 06:39:28.312132,2026-02-04 17:39:28.312132,04:11:57,03:54:15,,15007.17,15007.17,0.00,released,,False
228,228,200,411,2026-02-14,2026-02-15 00:41:18.312132,2026-02-17 09:41:18.312132,2026-02-15 09:41:18.312132,,,07:49:01,,,4793.02,2396.51,2396.51,in_progress,,False
229,229,155,488,2026-06-19,2026-06-20 14:55:23.312132,2026-06-22 15:55:23.312132,2026-06-20 15:55:23.312132,2026-06-21 18:55:23.312132,,08:05:44,05:49:36,,13721.60,0.00,13721.60,completed,,False
230,230,440,983,2025-10-01,2025-10-02 10:06:30.312132,2025-10-04 18:06:30.312132,2025-10-02 18:06:30.312132,2025-10-04 08:06:30.312132,2025-10-04 10:06:30.312132,05:37:10,09:35:46,,8921.81,8921.81,0.00,released,,False
231,231,155,645,2025-11-27,2025-11-28 01:47:30.312132,2025-11-30 02:47:30.312132,2025-11-28 02:47:30.312132,,,05:53:45,,,14247.82,0.00,14247.82,in_progress,,False
232,232,124,354,2025-09-20,2025-09-20 21:27:54.312132,2025-09-23 06:27:54.312132,2025-09-21 06:27:54.312132,,,01:21:13,,,4047.56,2023.78,2023.78,in_progress,,False
233,233,175,942,2026-02-01,2026-02-02 12:29:57.312132,2026-02-04 13:29:57.312132,2026-02-02 13:29:57.312132,2026-02-04 14:29:57.312132,,06:20:22,03:47:55,,8582.01,4291.01,4291.00,completed,,False
234,234,467,364,2025-10-28,2025-10-28 23:21:25.312132,2025-10-31 01:21:25.312132,2025-10-29 01:21:25.312132,2025-10-29 05:21:25.312132,2025-10-29 22:21:25.312132,04:58:02,06:45:58,,11536.18,11536.18,0.00,released,,False
235,235,206,107,2025-12-01,2025-12-02 01:11:55.312132,2025-12-04 06:11:55.312132,2025-12-02 06:11:55.312132,2025-12-03 03:11:55.312132,2025-12-03 17:11:55.312132,08:25:39,07:32:14,,12248.58,12248.58,0.00,released,,False
236,236,400,716,2026-04-13,2026-04-13 21:18:24.312132,2026-04-16 07:18:24.312132,2026-04-14 07:18:24.312132,,,05:06:13,,,11129.02,5564.51,5564.51,inspecting,,False
237,237,91,809,2025-11-18,2025-11-19 09:52:26.312132,2025-11-21 12:52:26.312132,2025-11-19 12:52:26.312132,2025-11-20 19:52:26.312132,,04:47:03,08:05:39,,21870.49,0.00,21870.49,completed,,False
238,238,379,38,2026-03-07,2026-03-07 08:50:27.312132,2026-03-09 15:50:27.312132,2026-03-07 15:50:27.312132,,,01:30:13,,,13980.04,6990.02,6990.02,in_progress,,False
239,239,336,345,2026-01-03,2026-01-03 22:35:29.312132,2026-01-05 23:35:29.312132,2026-01-03 23:35:29.312132,2026-01-04 22:35:29.312132,,02:26:42,07:29:30,,7088.21,3544.11,3544.10,completed,,False
240,240,211,248,2025-11-30,2025-11-30 18:25:54.312132,2025-12-02 22:25:54.312132,2025-11-30 22:25:54.312132,2025-12-01 15:25:54.312132,,03:49:16,08:05:56,,10415.56,0.00,10415.56,completed,,False
241,241,104,406,2026-05-15,2026-05-16 02:32:14.312132,2026-05-18 13:32:14.312132,2026-05-16 13:32:14.312132,2026-05-17 09:32:14.312132,,05:42:53,03:25:01,,22035.64,0.00,22035.64,completed,,False
242,242,181,498,2026-04-20,2026-04-21 05:30:42.312132,2026-04-23 15:30:42.312132,2026-04-21 15:30:42.312132,2026-04-22 14:30:42.312132,,07:24:40,07:18:07,,6846.61,3423.31,3423.30,completed,,False
243,243,262,414,2026-02-21,2026-02-22 00:24:40.312132,2026-02-24 12:24:40.312132,2026-02-22 12:24:40.312132,2026-02-24 13:24:40.312132,2026-02-24 22:24:40.312132,05:42:33,01:06:33,,9178.43,9178.43,0.00,released,,False
244,244,55,423,2025-08-19,2025-08-19 12:09:51.312132,2025-08-22 00:09:51.312132,2025-08-20 00:09:51.312132,2025-08-20 21:09:51.312132,,05:04:04,01:12:28,,15265.19,7632.60,7632.59,completed,,False
245,245,196,959,2026-04-20,2026-04-21 17:30:29.312132,2026-04-24 04:30:29.312132,2026-04-22 04:30:29.312132,,,04:54:28,,,25358.31,0.00,25358.31,pending_customer_approval,,False
246,246,237,467,2026-05-03,2026-05-03 12:30:08.312132,2026-05-05 23:30:08.312132,2026-05-03 23:30:08.312132,,,02:05:56,,,5289.52,2644.76,2644.76,inspecting,,False
247,247,336,298,2025-12-27,2025-12-28 21:46:39.312132,2025-12-31 05:46:39.312132,2025-12-29 05:46:39.312132,,,04:30:26,,,5483.66,0.00,5483.66,waiting_on_parts,,False
248,248,317,340,2026-07-04,2026-07-04 04:37:10.312132,2026-07-06 12:37:10.312132,2026-07-04 12:37:10.312132,,,03:03:51,,,2748.69,0.00,2748.69,inspecting,,False
249,249,398,119,2026-01-15,2026-01-16 01:38:24.312132,2026-01-18 12:38:24.312132,2026-01-16 12:38:24.312132,2026-01-17 10:38:24.312132,,04:11:29,05:19:41,,17704.15,8852.08,8852.07,completed,,False
250,250,65,471,2026-06-22,2026-06-22 06:01:42.312132,2026-06-24 17:01:42.312132,2026-06-22 17:01:42.312132,,,07:58:25,,,21148.74,10574.37,10574.37,waiting_on_parts,,False
251,251,480,519,2026-07-18,2026-07-19 16:25:08.312132,2026-07-22 01:25:08.312132,2026-07-20 01:25:08.312132,2026-07-21 07:25:08.312132,,04:35:24,09:33:56,,22626.79,0.00,22626.79,completed,,False
252,252,450,927,2025-12-01,2025-12-02 11:05:45.312132,2025-12-04 17:05:45.312132,2025-12-02 17:05:45.312132,2025-12-03 20:05:45.312132,,07:14:08,01:05:49,,16308.50,0.00,16308.50,completed,,False
253,253,440,502,2025-12-05,2025-12-05 17:57:00.312132,2025-12-07 23:57:00.312132,2025-12-05 23:57:00.312132,2025-12-06 07:57:00.312132,,02:30:14,04:40:29,,7890.56,3945.28,3945.28,completed,,False
254,254,44,112,2026-03-17,2026-03-18 04:54:32.312132,2026-03-20 10:54:32.312132,2026-03-18 10:54:32.312132,,,02:08:26,,,21777.10,0.00,21777.10,inspecting,,False
255,255,218,788,2026-01-14,2026-01-15 08:04:52.312132,2026-01-17 19:04:52.312132,2026-01-15 19:04:52.312132,2026-01-17 06:04:52.312132,,03:06:16,02:09:23,,1854.67,0.00,1854.67,completed,,False
256,256,8,42,2026-04-19,2026-04-19 10:57:51.312132,2026-04-21 18:57:51.312132,2026-04-19 18:57:51.312132,2026-04-20 22:57:51.312132,2026-04-21 15:57:51.312132,01:29:54,02:58:18,,5780.72,5780.72,0.00,released,,False
257,257,178,421,2025-10-18,2025-10-19 01:28:49.312132,2025-10-21 08:28:49.312132,2025-10-19 08:28:49.312132,2025-10-20 02:28:49.312132,,07:37:54,07:43:20,,23497.08,11748.54,11748.54,completed,,False
258,258,409,207,2025-12-20,2025-12-20 18:29:19.312132,2025-12-23 03:29:19.312132,2025-12-21 03:29:19.312132,2025-12-21 22:29:19.312132,2025-12-22 14:29:19.312132,04:24:23,03:31:59,,16512.45,16512.45,0.00,released,,False
259,259,286,608,2026-04-27,2026-04-27 18:47:50.312132,2026-04-29 21:47:50.312132,2026-04-27 21:47:50.312132,2026-04-29 20:47:50.312132,,04:55:37,09:38:31,,12214.69,0.00,12214.69,completed,,False
260,260,205,682,2025-10-25,2025-10-25 17:51:52.312132,2025-10-27 23:51:52.312132,2025-10-25 23:51:52.312132,2025-10-27 11:51:52.312132,,08:15:05,04:21:14,,3148.32,1574.16,1574.16,completed,,False
261,261,408,476,2026-03-28,2026-03-28 12:10:35.312132,2026-03-30 22:10:35.312132,2026-03-28 22:10:35.312132,2026-03-30 14:10:35.312132,2026-03-30 23:10:35.312132,02:47:53,08:17:39,,17687.37,17687.37,0.00,released,,False
262,262,316,304,2026-02-10,2026-02-10 01:06:12.312132,2026-02-12 02:06:12.312132,2026-02-10 02:06:12.312132,,,04:59:06,,,5105.17,0.00,5105.17,pending_customer_approval,,False
263,263,364,52,2025-11-25,2025-11-25 23:21:17.312132,2025-11-28 08:21:17.312132,2025-11-26 08:21:17.312132,2025-11-27 10:21:17.312132,,08:53:00,08:51:02,,21344.47,10672.24,10672.23,completed,,False
264,264,33,784,2026-05-07,2026-05-08 07:53:05.312132,2026-05-10 09:53:05.312132,2026-05-08 09:53:05.312132,2026-05-09 16:53:05.312132,,01:23:58,07:01:36,,7983.11,3991.56,3991.55,completed,,False
265,265,342,228,2026-05-29,2026-05-29 07:38:16.312132,2026-05-31 15:38:16.312132,2026-05-29 15:38:16.312132,2026-05-31 04:38:16.312132,,05:08:24,01:32:57,,20957.92,10478.96,10478.96,completed,,False
266,266,163,312,2025-12-14,2025-12-15 07:10:40.312132,2025-12-17 10:10:40.312132,2025-12-15 10:10:40.312132,,,03:56:12,,,11124.68,5562.34,5562.34,revision_pending,,False
267,267,304,686,2025-11-26,2025-11-27 11:47:29.312132,2025-11-29 16:47:29.312132,2025-11-27 16:47:29.312132,,,04:36:11,,,19812.64,0.00,19812.64,pending_customer_approval,,False
268,268,273,433,2026-03-25,2026-03-26 11:45:12.312132,2026-03-28 12:45:12.312132,2026-03-26 12:45:12.312132,,,03:51:04,,,8981.00,0.00,8981.00,waiting_on_parts,,False
269,269,132,300,2025-12-18,2025-12-18 08:02:37.312132,2025-12-20 20:02:37.312132,2025-12-18 20:02:37.312132,,,06:11:11,,,6999.02,3499.51,3499.51,revision_pending,,False
270,270,285,187,2025-10-17,2025-10-18 14:25:21.312132,2025-10-20 17:25:21.312132,2025-10-18 17:25:21.312132,2025-10-20 05:25:21.312132,2025-10-20 12:25:21.312132,01:10:35,09:33:31,,3461.33,3461.33,0.00,released,,False
271,271,107,272,2026-07-06,2026-07-06 06:36:47.312132,2026-07-08 18:36:47.312132,2026-07-06 18:36:47.312132,2026-07-08 01:36:47.312132,,06:53:59,09:57:51,,6388.90,3194.45,3194.45,completed,,False
272,272,260,605,2025-08-10,2025-08-11 05:02:08.312132,2025-08-13 12:02:08.312132,2025-08-11 12:02:08.312132,2025-08-12 23:02:08.312132,,01:14:22,03:51:07,,6935.51,3467.76,3467.75,completed,,False
273,273,350,553,2026-05-27,2026-05-28 12:21:51.312132,2026-05-30 13:21:51.312132,2026-05-28 13:21:51.312132,2026-05-28 16:21:51.312132,,07:49:17,02:28:12,,11507.48,0.00,11507.48,completed,,False
274,274,313,969,2025-09-27,2025-09-27 12:44:47.312132,2025-09-29 19:44:47.312132,2025-09-27 19:44:47.312132,2025-09-29 05:44:47.312132,,06:27:25,04:13:34,,15422.53,7711.27,7711.26,completed,,False
275,275,301,257,2026-02-27,2026-02-27 22:04:54.312132,2026-03-02 01:04:54.312132,2026-02-28 01:04:54.312132,,,03:40:35,,,7520.24,0.00,7520.24,pending_customer_approval,,False
276,276,500,366,2026-06-15,2026-06-16 02:29:32.312132,2026-06-18 10:29:32.312132,2026-06-16 10:29:32.312132,2026-06-17 14:29:32.312132,2026-06-18 13:29:32.312132,04:42:39,08:15:06,,1226.79,1226.79,0.00,released,,False
277,277,387,62,2026-02-03,2026-02-03 20:41:07.312132,2026-02-06 08:41:07.312132,2026-02-04 08:41:07.312132,2026-02-04 13:41:07.312132,,04:00:15,03:01:30,,6203.92,3101.96,3101.96,completed,,False
278,278,425,632,2025-11-08,2025-11-09 17:32:12.312132,2025-11-12 05:32:12.312132,2025-11-10 05:32:12.312132,2025-11-11 06:32:12.312132,2025-11-11 14:32:12.312132,07:37:10,03:08:52,,658.32,658.32,0.00,released,,False
279,279,340,417,2026-05-19,2026-05-19 23:38:26.312132,2026-05-22 05:38:26.312132,2026-05-20 05:38:26.312132,2026-05-21 20:38:26.312132,2026-05-21 21:38:26.312132,05:53:00,08:08:44,,17933.59,17933.59,0.00,released,,False
280,280,208,986,2026-05-29,2026-05-29 17:16:59.312132,2026-06-01 04:16:59.312132,2026-05-30 04:16:59.312132,2026-05-30 09:16:59.312132,,04:23:59,03:18:51,,20282.82,10141.41,10141.41,completed,,False
281,281,394,872,2026-03-02,2026-03-03 01:19:19.312132,2026-03-05 12:19:19.312132,2026-03-03 12:19:19.312132,2026-03-04 06:19:19.312132,2026-03-04 21:19:19.312132,02:37:39,08:32:54,,10510.03,10510.03,0.00,released,,False
282,282,413,583,2026-03-26,2026-03-26 20:24:58.312132,2026-03-29 04:24:58.312132,2026-03-27 04:24:58.312132,2026-03-28 16:24:58.312132,2026-03-29 07:24:58.312132,06:32:09,06:47:14,,11550.85,11550.85,0.00,released,,False
283,283,144,57,2026-06-02,2026-06-02 21:51:30.312132,2026-06-05 04:51:30.312132,2026-06-03 04:51:30.312132,2026-06-04 14:51:30.312132,2026-06-05 13:51:30.312132,02:41:20,07:04:35,,6803.79,6803.79,0.00,released,,False
284,284,159,191,2025-11-10,2025-11-11 04:53:28.312132,2025-11-13 11:53:28.312132,2025-11-11 11:53:28.312132,2025-11-11 15:53:28.312132,,04:43:42,02:59:42,,21534.33,10767.17,10767.16,completed,,False
285,285,432,24,2026-01-25,2026-01-25 19:48:45.312132,2026-01-28 02:48:45.312132,2026-01-26 02:48:45.312132,2026-01-26 08:48:45.312132,,01:31:25,09:59:51,,14449.56,0.00,14449.56,completed,,False
286,286,375,800,2025-12-27,2025-12-28 00:27:13.312132,2025-12-30 01:27:13.312132,2025-12-28 01:27:13.312132,,,06:35:21,,,15216.82,0.00,15216.82,in_progress,,False
287,287,103,229,2026-07-16,2026-07-17 03:19:24.312132,2026-07-19 08:19:24.312132,2026-07-17 08:19:24.312132,2026-07-17 18:19:24.312132,2026-07-18 04:19:24.312132,02:37:26,05:06:06,,6306.04,6306.04,0.00,released,,False
288,288,461,621,2025-08-31,2025-08-31 23:10:27.312132,2025-09-03 11:10:27.312132,2025-09-01 11:10:27.312132,2025-09-02 14:10:27.312132,2025-09-03 09:10:27.312132,08:25:45,05:01:41,,5408.85,5408.85,0.00,released,,False
289,289,467,291,2026-06-29,2026-06-29 13:25:44.312132,2026-07-01 14:25:44.312132,2026-06-29 14:25:44.312132,2026-06-29 21:25:44.312132,,06:29:51,09:09:14,,22639.04,11319.52,11319.52,completed,,False
290,290,246,994,2025-09-26,2025-09-26 19:00:02.312132,2025-09-29 04:00:02.312132,2025-09-27 04:00:02.312132,2025-09-28 02:00:02.312132,,01:32:45,04:11:34,,22576.55,0.00,22576.55,completed,,False
291,291,378,247,2026-02-17,2026-02-17 13:41:13.312132,2026-02-19 15:41:13.312132,2026-02-17 15:41:13.312132,2026-02-18 20:41:13.312132,,02:35:55,03:57:08,,7734.42,3867.21,3867.21,completed,,False
292,292,316,640,2026-06-02,2026-06-03 09:15:54.312132,2026-06-05 12:15:54.312132,2026-06-03 12:15:54.312132,2026-06-04 00:15:54.312132,,03:47:37,07:37:43,,19732.22,9866.11,9866.11,completed,,False
293,293,19,709,2026-02-22,2026-02-22 23:41:07.312132,2026-02-25 11:41:07.312132,2026-02-23 11:41:07.312132,,,02:02:01,,,8573.66,0.00,8573.66,pending_customer_approval,,False
294,294,111,410,2025-12-05,2025-12-06 13:09:28.312132,2025-12-08 22:09:28.312132,2025-12-06 22:09:28.312132,2025-12-07 06:09:28.312132,,08:05:19,05:10:21,,16286.09,0.00,16286.09,completed,,False
295,295,264,976,2026-06-20,2026-06-21 02:02:39.312132,2026-06-23 10:02:39.312132,2026-06-21 10:02:39.312132,2026-06-23 05:02:39.312132,2026-06-23 23:02:39.312132,06:27:31,07:02:29,,14304.89,14304.89,0.00,released,,False
296,296,236,48,2025-11-10,2025-11-10 17:35:53.312132,2025-11-13 05:35:53.312132,2025-11-11 05:35:53.312132,2025-11-12 13:35:53.312132,2025-11-13 04:35:53.312132,07:58:25,09:17:24,,11708.07,11708.07,0.00,released,,False
297,297,140,135,2026-05-27,2026-05-28 02:10:14.312132,2026-05-30 07:10:14.312132,2026-05-28 07:10:14.312132,2026-05-29 12:10:14.312132,,06:40:06,06:32:50,,23162.24,11581.12,11581.12,completed,,False
298,298,394,231,2025-08-19,2025-08-20 01:19:42.312132,2025-08-22 07:19:42.312132,2025-08-20 07:19:42.312132,,,05:40:59,,,14897.38,7448.69,7448.69,pending_customer_approval,,False
299,299,448,564,2025-08-09,2025-08-09 14:10:01.312132,2025-08-11 15:10:01.312132,2025-08-09 15:10:01.312132,,,02:09:47,,,12183.77,6091.89,6091.88,revision_pending,,False
300,300,113,8,2026-05-27,2026-05-27 16:51:01.312132,2026-05-30 03:51:01.312132,2026-05-28 03:51:01.312132,2026-05-28 12:51:01.312132,,02:05:07,01:58:35,,8922.63,0.00,8922.63,completed,,False
301,301,464,228,2026-05-26,2026-05-26 13:27:26.312132,2026-05-28 19:27:26.312132,2026-05-26 19:27:26.312132,,,07:52:30,,,12024.18,0.00,12024.18,pending_customer_approval,,False
302,302,113,80,2025-11-27,2025-11-27 21:54:42.312132,2025-11-29 23:54:42.312132,2025-11-27 23:54:42.312132,2025-11-29 18:54:42.312132,2025-11-30 10:54:42.312132,08:43:36,02:25:00,,9715.55,9715.55,0.00,released,,False
303,303,81,417,2026-03-02,2026-03-03 09:15:15.312132,2026-03-05 13:15:15.312132,2026-03-03 13:15:15.312132,,,01:04:20,,,15191.06,0.00,15191.06,in_progress,,False
304,304,50,676,2026-04-01,2026-04-02 03:17:49.312132,2026-04-04 05:17:49.312132,2026-04-02 05:17:49.312132,2026-04-03 00:17:49.312132,2026-04-03 11:17:49.312132,07:48:07,08:49:17,,12733.71,12733.71,0.00,released,,False
305,305,204,123,2026-04-13,2026-04-14 01:02:37.312132,2026-04-16 05:02:37.312132,2026-04-14 05:02:37.312132,,,07:27:03,,,10118.31,5059.16,5059.15,waiting_on_parts,,False
306,306,101,918,2026-02-14,2026-02-14 14:01:28.312132,2026-02-16 15:01:28.312132,2026-02-14 15:01:28.312132,,,03:05:29,,,25067.67,12533.84,12533.83,pending_customer_approval,,False
307,307,465,900,2026-03-21,2026-03-22 03:26:29.312132,2026-03-24 15:26:29.312132,2026-03-22 15:26:29.312132,,,06:35:02,,,13461.57,0.00,13461.57,revision_pending,,False
308,308,253,408,2026-07-21,2026-07-22 10:17:31.312132,2026-07-24 22:17:31.312132,2026-07-22 22:17:31.312132,,,05:56:46,,,13694.96,0.00,13694.96,inspecting,,False
309,309,492,718,2026-05-20,2026-05-21 01:05:19.312132,2026-05-23 02:05:19.312132,2026-05-21 02:05:19.312132,2026-05-22 01:05:19.312132,,08:46:52,07:52:04,,5880.52,0.00,5880.52,completed,,False
310,310,70,130,2026-02-23,2026-02-23 22:08:11.312132,2026-02-26 03:08:11.312132,2026-02-24 03:08:11.312132,2026-02-24 07:08:11.312132,,03:55:19,08:20:44,,4784.94,2392.47,2392.47,completed,,False
311,311,485,39,2026-02-17,2026-02-17 19:01:02.312132,2026-02-19 23:01:02.312132,2026-02-17 23:01:02.312132,,,02:08:52,,,7070.41,3535.21,3535.20,revision_pending,,False
312,312,358,870,2025-12-05,2025-12-05 07:00:23.312132,2025-12-07 12:00:23.312132,2025-12-05 12:00:23.312132,2025-12-07 09:00:23.312132,2025-12-08 05:00:23.312132,06:21:28,07:44:21,,24099.38,24099.38,0.00,released,,False
313,313,211,291,2026-02-20,2026-02-21 01:13:41.312132,2026-02-23 07:13:41.312132,2026-02-21 07:13:41.312132,2026-02-22 14:13:41.312132,,05:01:24,01:27:10,,15471.20,7735.60,7735.60,completed,,False
314,314,172,398,2026-03-12,2026-03-12 12:17:56.312132,2026-03-15 00:17:56.312132,2026-03-13 00:17:56.312132,2026-03-13 05:17:56.312132,,01:12:54,05:27:51,,25097.45,12548.73,12548.72,completed,,False
315,315,357,610,2025-12-24,2025-12-25 11:30:29.312132,2025-12-27 16:30:29.312132,2025-12-25 16:30:29.312132,2025-12-25 20:30:29.312132,,06:25:05,04:47:16,,9819.39,4909.70,4909.69,completed,,False
316,316,494,71,2026-01-27,2026-01-28 01:39:05.312132,2026-01-30 12:39:05.312132,2026-01-28 12:39:05.312132,2026-01-28 17:39:05.312132,2026-01-28 20:39:05.312132,07:58:07,08:06:33,,21386.86,21386.86,0.00,released,,False
317,317,23,808,2025-12-02,2025-12-03 05:17:50.312132,2025-12-05 11:17:50.312132,2025-12-03 11:17:50.312132,2025-12-04 12:17:50.312132,2025-12-05 08:17:50.312132,02:50:35,02:24:12,,15098.41,15098.41,0.00,released,,False
318,318,219,483,2026-01-21,2026-01-22 00:25:11.312132,2026-01-24 01:25:11.312132,2026-01-22 01:25:11.312132,2026-01-23 02:25:11.312132,2026-01-23 20:25:11.312132,04:11:16,06:28:05,,5441.20,5441.20,0.00,released,,False
319,319,445,641,2025-09-24,2025-09-25 07:21:10.312132,2025-09-27 11:21:10.312132,2025-09-25 11:21:10.312132,2025-09-26 13:21:10.312132,2025-09-27 11:21:10.312132,03:43:49,01:56:13,,19877.67,19877.67,0.00,released,,False
320,320,13,231,2025-09-12,2025-09-13 04:03:35.312132,2025-09-15 07:03:35.312132,2025-09-13 07:03:35.312132,2025-09-14 00:03:35.312132,,03:43:44,06:24:38,,15427.69,0.00,15427.69,completed,,False
321,321,412,260,2026-03-04,2026-03-04 22:32:31.312132,2026-03-07 00:32:31.312132,2026-03-05 00:32:31.312132,2026-03-05 21:32:31.312132,2026-03-05 22:32:31.312132,08:17:04,05:03:29,,18917.16,18917.16,0.00,released,,False
322,322,149,434,2026-06-04,2026-06-05 06:54:02.312132,2026-06-07 09:54:02.312132,2026-06-05 09:54:02.312132,2026-06-06 08:54:02.312132,,08:22:11,05:25:32,,15771.36,0.00,15771.36,completed,,False
323,323,370,796,2026-05-15,2026-05-16 14:41:00.312132,2026-05-18 20:41:00.312132,2026-05-16 20:41:00.312132,2026-05-17 22:41:00.312132,2026-05-18 04:41:00.312132,07:45:41,01:53:41,,1916.26,1916.26,0.00,released,,False
324,324,211,397,2025-08-31,2025-09-01 08:26:55.312132,2025-09-03 12:26:55.312132,2025-09-01 12:26:55.312132,,,01:35:38,,,10416.61,5208.31,5208.30,inspecting,,False
325,325,68,204,2025-11-16,2025-11-16 20:36:50.312132,2025-11-19 08:36:50.312132,2025-11-17 08:36:50.312132,2025-11-17 12:36:50.312132,2025-11-18 12:36:50.312132,08:54:41,08:07:43,,13076.09,13076.09,0.00,released,,False
326,326,307,731,2025-08-06,2025-08-07 11:35:34.312132,2025-08-09 14:35:34.312132,2025-08-07 14:35:34.312132,2025-08-08 12:35:34.312132,2025-08-08 14:35:34.312132,02:24:45,04:05:49,,4440.74,4440.74,0.00,released,,False
327,327,212,114,2026-05-14,2026-05-14 16:44:15.312132,2026-05-17 04:44:15.312132,2026-05-15 04:44:15.312132,2026-05-16 15:44:15.312132,2026-05-16 20:44:15.312132,06:06:33,06:40:37,,16899.96,16899.96,0.00,released,,False
328,328,499,392,2026-02-02,2026-02-03 01:11:26.312132,2026-02-05 06:11:26.312132,2026-02-03 06:11:26.312132,2026-02-04 11:11:26.312132,,03:40:00,01:17:33,,4480.25,2240.13,2240.12,completed,,False
329,329,104,352,2025-09-03,2025-09-03 10:38:04.312132,2025-09-05 14:38:04.312132,2025-09-03 14:38:04.312132,2025-09-04 05:38:04.312132,,05:02:32,04:53:34,,21639.20,0.00,21639.20,completed,,False
330,330,223,38,2025-10-22,2025-10-22 20:32:19.312132,2025-10-25 01:32:19.312132,2025-10-23 01:32:19.312132,2025-10-23 14:32:19.312132,2025-10-24 05:32:19.312132,03:21:31,05:46:27,,1144.16,1144.16,0.00,released,,False
331,331,300,973,2026-02-22,2026-02-22 07:57:17.312132,2026-02-24 13:57:17.312132,2026-02-22 13:57:17.312132,2026-02-23 23:57:17.312132,2026-02-24 16:57:17.312132,07:51:31,04:41:47,,20721.89,20721.89,0.00,released,,False
332,332,47,749,2026-07-30,2026-07-31 10:12:04.312132,2026-08-02 17:12:04.312132,2026-07-31 17:12:04.312132,2026-07-31 19:12:04.312132,,03:15:40,07:07:24,,14617.03,0.00,14617.03,completed,,False
333,333,470,424,2026-07-22,2026-07-23 03:30:24.312132,2026-07-25 13:30:24.312132,2026-07-23 13:30:24.312132,2026-07-24 22:30:24.312132,,07:55:19,09:46:48,,17234.71,8617.36,8617.35,completed,,False
334,334,123,762,2026-04-27,2026-04-28 01:47:59.312132,2026-04-30 08:47:59.312132,2026-04-28 08:47:59.312132,2026-04-29 22:47:59.312132,2026-04-30 08:47:59.312132,06:21:01,02:28:38,,18550.93,18550.93,0.00,released,,False
335,335,234,660,2026-05-04,2026-05-04 16:50:39.312132,2026-05-06 20:50:39.312132,2026-05-04 20:50:39.312132,2026-05-05 14:50:39.312132,2026-05-06 08:50:39.312132,07:11:39,07:11:38,,25023.67,25023.67,0.00,released,,False
336,336,439,493,2025-11-22,2025-11-23 00:33:02.312132,2025-11-25 02:33:02.312132,2025-11-23 02:33:02.312132,,,02:46:44,,,19794.16,0.00,19794.16,pending_customer_approval,,False
337,337,100,301,2026-07-16,2026-07-17 07:23:03.312132,2026-07-19 08:23:03.312132,2026-07-17 08:23:03.312132,2026-07-18 06:23:03.312132,,02:22:06,05:17:05,,24471.15,0.00,24471.15,completed,,False
338,338,417,959,2026-04-11,2026-04-11 17:50:42.312132,2026-04-14 01:50:42.312132,2026-04-12 01:50:42.312132,2026-04-12 04:50:42.312132,2026-04-12 09:50:42.312132,03:51:32,02:40:37,,22968.31,22968.31,0.00,released,,False
339,339,141,117,2026-01-10,2026-01-10 21:47:04.312132,2026-01-13 02:47:04.312132,2026-01-11 02:47:04.312132,,,06:28:20,,,24234.06,0.00,24234.06,revision_pending,,False
340,340,223,997,2026-07-09,2026-07-10 04:31:27.312132,2026-07-12 10:31:27.312132,2026-07-10 10:31:27.312132,2026-07-11 19:31:27.312132,2026-07-12 16:31:27.312132,07:01:20,07:13:11,,25186.17,25186.17,0.00,released,,False
341,341,389,810,2026-03-23,2026-03-24 07:59:43.312132,2026-03-26 12:59:43.312132,2026-03-24 12:59:43.312132,2026-03-26 07:59:43.312132,,07:42:13,02:33:17,,9720.31,4860.16,4860.15,completed,,False
342,342,321,865,2026-01-18,2026-01-18 11:04:14.312132,2026-01-20 14:04:14.312132,2026-01-18 14:04:14.312132,2026-01-20 12:04:14.312132,2026-01-21 05:04:14.312132,02:25:50,04:20:03,,24726.93,24726.93,0.00,released,,False
343,343,215,112,2025-09-11,2025-09-11 17:02:15.312132,2025-09-13 23:02:15.312132,2025-09-11 23:02:15.312132,2025-09-13 03:02:15.312132,,04:28:34,01:32:44,,19319.46,0.00,19319.46,completed,,False
344,344,76,470,2025-10-23,2025-10-24 12:48:53.312132,2025-10-26 15:48:53.312132,2025-10-24 15:48:53.312132,,,06:07:24,,,9205.64,0.00,9205.64,revision_pending,,False
345,345,311,739,2026-03-27,2026-03-27 13:59:47.312132,2026-03-30 00:59:47.312132,2026-03-28 00:59:47.312132,2026-03-28 21:59:47.312132,2026-03-28 23:59:47.312132,01:39:35,06:16:17,,20516.70,20516.70,0.00,released,,False
346,346,239,875,2026-06-24,2026-06-24 21:55:47.312132,2026-06-27 00:55:47.312132,2026-06-25 00:55:47.312132,2026-06-26 17:55:47.312132,2026-06-27 16:55:47.312132,05:49:13,09:41:59,,3712.97,3712.97,0.00,released,,False
347,347,42,80,2026-03-17,2026-03-17 13:46:57.312132,2026-03-19 22:46:57.312132,2026-03-17 22:46:57.312132,2026-03-18 12:46:57.312132,,06:16:07,08:42:46,,23844.71,11922.36,11922.35,completed,,False
348,348,490,340,2026-04-29,2026-04-29 18:35:41.312132,2026-05-02 02:35:41.312132,2026-04-30 02:35:41.312132,2026-04-30 06:35:41.312132,,01:46:23,06:20:38,,10454.94,0.00,10454.94,completed,,False
349,349,387,192,2026-02-05,2026-02-05 22:21:16.312132,2026-02-08 04:21:16.312132,2026-02-06 04:21:16.312132,2026-02-06 21:21:16.312132,,05:03:16,03:59:16,,19570.17,0.00,19570.17,completed,,False
350,350,409,867,2026-02-20,2026-02-20 20:20:49.312132,2026-02-22 22:20:49.312132,2026-02-20 22:20:49.312132,2026-02-22 01:20:49.312132,2026-02-22 02:20:49.312132,03:04:31,04:22:50,,5912.53,5912.53,0.00,released,,False
351,351,68,219,2026-06-30,2026-07-01 15:15:12.312132,2026-07-03 20:15:12.312132,2026-07-01 20:15:12.312132,2026-07-03 19:15:12.312132,2026-07-04 04:15:12.312132,08:41:31,09:23:48,,24102.54,24102.54,0.00,released,,False
352,352,453,132,2026-03-14,2026-03-14 21:08:15.312132,2026-03-17 09:08:15.312132,2026-03-15 09:08:15.312132,,,07:37:19,,,25301.89,12650.95,12650.94,waiting_on_parts,,False
353,353,4,540,2025-09-08,2025-09-08 20:32:35.312132,2025-09-10 22:32:35.312132,2025-09-08 22:32:35.312132,,,08:58:40,,,842.49,0.00,842.49,revision_pending,,False
354,354,319,259,2025-08-08,2025-08-08 04:47:13.312132,2025-08-10 14:47:13.312132,2025-08-08 14:47:13.312132,2025-08-10 14:47:13.312132,2025-08-11 03:47:13.312132,03:07:48,01:08:41,,18973.91,18973.91,0.00,released,,False
355,355,318,365,2026-01-27,2026-01-28 06:04:54.312132,2026-01-30 18:04:54.312132,2026-01-28 18:04:54.312132,2026-01-29 02:04:54.312132,2026-01-29 13:04:54.312132,07:10:09,02:37:43,,19653.83,19653.83,0.00,released,,False
356,356,437,699,2026-03-21,2026-03-22 10:52:24.312132,2026-03-24 14:52:24.312132,2026-03-22 14:52:24.312132,2026-03-23 11:52:24.312132,2026-03-24 00:52:24.312132,07:54:41,03:45:37,,20425.57,20425.57,0.00,released,,False
357,357,187,186,2025-09-21,2025-09-21 15:16:29.312132,2025-09-23 21:16:29.312132,2025-09-21 21:16:29.312132,,,06:54:16,,,21317.82,0.00,21317.82,waiting_on_parts,,False
358,358,41,396,2026-01-04,2026-01-05 07:02:12.312132,2026-01-07 14:02:12.312132,2026-01-05 14:02:12.312132,2026-01-07 10:02:12.312132,,01:07:23,05:00:57,,4768.13,0.00,4768.13,completed,,False
359,359,420,84,2026-03-10,2026-03-11 10:22:52.312132,2026-03-13 13:22:52.312132,2026-03-11 13:22:52.312132,2026-03-12 19:22:52.312132,2026-03-13 00:22:52.312132,04:55:09,06:47:50,,6979.90,6979.90,0.00,released,,False
360,360,339,446,2026-05-08,2026-05-08 16:40:07.312132,2026-05-10 18:40:07.312132,2026-05-08 18:40:07.312132,2026-05-09 10:40:07.312132,2026-05-10 04:40:07.312132,04:23:39,08:24:45,,6521.33,6521.33,0.00,released,,False
361,361,400,756,2025-09-01,2025-09-02 03:54:18.312132,2025-09-04 04:54:18.312132,2025-09-02 04:54:18.312132,2025-09-02 23:54:18.312132,,06:31:38,09:25:32,,17062.65,8531.33,8531.32,completed,,False
362,362,2,130,2025-08-09,2025-08-10 14:28:35.312132,2025-08-12 19:28:35.312132,2025-08-10 19:28:35.312132,2025-08-12 07:28:35.312132,2025-08-13 03:28:35.312132,05:16:54,06:37:33,,8820.11,8820.11,0.00,released,,False
363,363,415,535,2026-07-21,2026-07-21 18:25:07.312132,2026-07-24 05:25:07.312132,2026-07-22 05:25:07.312132,2026-07-24 05:25:07.312132,2026-07-24 19:25:07.312132,04:11:23,09:43:42,,2929.43,2929.43,0.00,released,,False
364,364,449,781,2026-06-10,2026-06-10 17:04:37.312132,2026-06-13 00:04:37.312132,2026-06-11 00:04:37.312132,2026-06-12 20:04:37.312132,,02:32:58,09:29:13,,11320.31,5660.16,5660.15,completed,,False
365,365,4,719,2025-08-08,2025-08-08 22:41:36.312132,2025-08-11 02:41:36.312132,2025-08-09 02:41:36.312132,,,06:20:03,,,20999.57,0.00,20999.57,waiting_on_parts,,False
366,366,459,948,2026-04-27,2026-04-27 11:16:27.312132,2026-04-29 21:16:27.312132,2026-04-27 21:16:27.312132,,,04:00:41,,,19363.39,0.00,19363.39,revision_pending,,False
367,367,337,140,2026-05-25,2026-05-26 14:05:36.312132,2026-05-28 15:05:36.312132,2026-05-26 15:05:36.312132,2026-05-26 18:05:36.312132,,01:46:18,04:12:32,,20247.77,10123.89,10123.88,completed,,False
368,368,106,943,2026-04-13,2026-04-14 00:58:47.312132,2026-04-16 02:58:47.312132,2026-04-14 02:58:47.312132,2026-04-14 18:58:47.312132,,01:59:15,08:28:40,,25007.61,12503.81,12503.80,completed,,False
369,369,489,765,2025-11-27,2025-11-28 09:16:13.312132,2025-11-30 19:16:13.312132,2025-11-28 19:16:13.312132,2025-11-29 17:16:13.312132,2025-11-30 06:16:13.312132,04:22:25,08:15:54,,22138.46,22138.46,0.00,released,,False
370,370,251,986,2026-03-19,2026-03-19 08:17:15.312132,2026-03-21 20:17:15.312132,2026-03-19 20:17:15.312132,2026-03-20 23:17:15.312132,2026-03-21 23:17:15.312132,01:33:30,04:08:46,,11420.07,11420.07,0.00,released,,False
371,371,429,689,2026-01-27,2026-01-28 02:02:59.312132,2026-01-30 08:02:59.312132,2026-01-28 08:02:59.312132,2026-01-29 21:02:59.312132,,08:20:20,01:26:49,,12173.26,6086.63,6086.63,completed,,False
372,372,161,247,2026-02-06,2026-02-07 04:17:28.312132,2026-02-09 16:17:28.312132,2026-02-07 16:17:28.312132,2026-02-08 18:17:28.312132,2026-02-09 02:17:28.312132,04:48:18,03:47:46,,15843.40,15843.40,0.00,released,,False
373,373,407,264,2026-03-14,2026-03-15 05:31:10.312132,2026-03-17 12:31:10.312132,2026-03-15 12:31:10.312132,,,02:10:19,,,17304.06,0.00,17304.06,inspecting,,False
374,374,19,393,2026-01-26,2026-01-26 19:54:44.312132,2026-01-29 03:54:44.312132,2026-01-27 03:54:44.312132,,,02:41:24,,,21214.34,10607.17,10607.17,revision_pending,,False
375,375,243,484,2025-09-04,2025-09-04 23:28:57.312132,2025-09-07 06:28:57.312132,2025-09-05 06:28:57.312132,2025-09-06 08:28:57.312132,2025-09-07 03:28:57.312132,05:17:54,08:52:40,,24902.79,24902.79,0.00,released,,False
376,376,424,41,2026-01-13,2026-01-13 09:58:59.312132,2026-01-15 19:58:59.312132,2026-01-13 19:58:59.312132,,,04:22:39,,,25045.95,12522.98,12522.97,pending_customer_approval,,False
377,377,277,254,2025-11-17,2025-11-18 02:59:22.312132,2025-11-20 11:59:22.312132,2025-11-18 11:59:22.312132,2025-11-19 02:59:22.312132,,05:59:41,06:08:28,,3577.51,1788.76,1788.75,completed,,False
378,378,154,845,2026-05-27,2026-05-28 00:06:34.312132,2026-05-30 09:06:34.312132,2026-05-28 09:06:34.312132,2026-05-29 04:06:34.312132,,08:50:02,02:52:54,,11362.65,0.00,11362.65,completed,,False
379,379,287,707,2026-04-25,2026-04-26 04:13:42.312132,2026-04-28 07:13:42.312132,2026-04-26 07:13:42.312132,2026-04-27 19:13:42.312132,,05:52:21,02:42:53,,11643.68,5821.84,5821.84,completed,,False
380,380,134,813,2026-01-08,2026-01-08 19:56:21.312132,2026-01-10 22:56:21.312132,2026-01-08 22:56:21.312132,2026-01-10 15:56:21.312132,2026-01-11 07:56:21.312132,07:22:12,08:41:14,,7329.95,7329.95,0.00,released,,False
381,381,141,132,2025-11-29,2025-11-29 21:37:24.312132,2025-12-02 01:37:24.312132,2025-11-30 01:37:24.312132,2025-12-01 11:37:24.312132,2025-12-01 16:37:24.312132,07:39:22,02:16:56,,20440.26,20440.26,0.00,released,,False
382,382,246,824,2026-06-03,2026-06-03 23:32:48.312132,2026-06-06 04:32:48.312132,2026-06-04 04:32:48.312132,2026-06-04 17:32:48.312132,2026-06-05 14:32:48.312132,04:53:32,08:01:34,,14587.83,14587.83,0.00,released,,False
383,383,240,455,2026-08-04,2026-08-05 13:03:41.312132,2026-08-07 18:03:41.312132,2026-08-05 18:03:41.312132,2026-08-07 11:03:41.312132,,05:24:30,03:15:13,,1564.52,782.26,782.26,completed,,False
384,384,44,847,2026-05-30,2026-05-31 00:51:44.312132,2026-06-02 01:51:44.312132,2026-05-31 01:51:44.312132,2026-05-31 06:51:44.312132,,02:23:31,08:11:35,,12876.84,6438.42,6438.42,completed,,False
385,385,381,964,2026-05-19,2026-05-19 23:18:10.312132,2026-05-22 05:18:10.312132,2026-05-20 05:18:10.312132,2026-05-22 03:18:10.312132,,07:13:05,08:21:50,,16286.40,0.00,16286.40,completed,,False
386,386,445,972,2026-04-03,2026-04-04 14:47:04.312132,2026-04-06 17:47:04.312132,2026-04-04 17:47:04.312132,2026-04-05 04:47:04.312132,,06:15:52,08:46:11,,24399.62,0.00,24399.62,completed,,False
387,387,348,871,2025-10-10,2025-10-11 05:12:57.312132,2025-10-13 11:12:57.312132,2025-10-11 11:12:57.312132,2025-10-12 04:12:57.312132,2025-10-13 02:12:57.312132,08:11:30,04:53:02,,11104.74,11104.74,0.00,released,,False
388,388,136,874,2026-01-09,2026-01-09 06:15:50.312132,2026-01-11 07:15:50.312132,2026-01-09 07:15:50.312132,2026-01-11 06:15:50.312132,,06:42:16,02:59:16,,19462.37,0.00,19462.37,completed,,False
389,389,291,943,2026-03-12,2026-03-13 06:39:44.312132,2026-03-15 18:39:44.312132,2026-03-13 18:39:44.312132,2026-03-14 00:39:44.312132,2026-03-14 07:39:44.312132,08:33:08,04:01:28,,1412.83,1412.83,0.00,released,,False
390,390,409,320,2026-03-04,2026-03-04 18:59:07.312132,2026-03-06 21:59:07.312132,2026-03-04 21:59:07.312132,2026-03-06 05:59:07.312132,,02:51:37,03:56:35,,22574.79,0.00,22574.79,completed,,False
391,391,492,202,2025-11-16,2025-11-17 00:37:29.312132,2025-11-19 12:37:29.312132,2025-11-17 12:37:29.312132,,,08:56:50,,,6938.31,0.00,6938.31,waiting_on_parts,,False
392,392,211,137,2026-04-23,2026-04-23 18:03:24.312132,2026-04-26 01:03:24.312132,2026-04-24 01:03:24.312132,2026-04-24 06:03:24.312132,2026-04-24 19:03:24.312132,03:47:26,07:23:55,,6043.66,6043.66,0.00,released,,False
393,393,90,851,2025-08-08,2025-08-09 11:02:02.312132,2025-08-11 16:02:02.312132,2025-08-09 16:02:02.312132,,,01:40:01,,,11083.08,0.00,11083.08,in_progress,,False
394,394,238,212,2026-05-15,2026-05-16 02:40:02.312132,2026-05-18 06:40:02.312132,2026-05-16 06:40:02.312132,2026-05-18 02:40:02.312132,,07:23:39,05:12:45,,3234.18,1617.09,1617.09,completed,,False
395,395,332,623,2025-08-15,2025-08-15 19:47:20.312132,2025-08-18 05:47:20.312132,2025-08-16 05:47:20.312132,,,03:49:00,,,12427.93,6213.97,6213.96,in_progress,,False
396,396,172,727,2026-05-02,2026-05-02 21:54:22.312132,2026-05-05 01:54:22.312132,2026-05-03 01:54:22.312132,2026-05-04 10:54:22.312132,2026-05-05 07:54:22.312132,06:19:08,07:34:33,,16938.25,16938.25,0.00,released,,False
397,397,68,535,2025-10-25,2025-10-25 12:10:59.312132,2025-10-27 22:10:59.312132,2025-10-25 22:10:59.312132,2025-10-27 16:10:59.312132,2025-10-28 10:10:59.312132,08:51:54,02:32:44,,3314.23,3314.23,0.00,released,,False
398,398,166,811,2026-02-21,2026-02-22 11:59:39.312132,2026-02-24 23:59:39.312132,2026-02-22 23:59:39.312132,2026-02-24 00:59:39.312132,,03:30:31,03:10:44,,25333.99,12667.00,12666.99,completed,,False
399,399,500,586,2026-07-01,2026-07-01 08:58:49.312132,2026-07-03 11:58:49.312132,2026-07-01 11:58:49.312132,,,03:41:15,,,22872.71,0.00,22872.71,inspecting,,False
400,400,111,489,2026-06-21,2026-06-21 23:15:43.312132,2026-06-24 04:15:43.312132,2026-06-22 04:15:43.312132,2026-06-23 05:15:43.312132,2026-06-23 20:15:43.312132,01:22:13,06:38:02,,23608.05,23608.05,0.00,released,,False
401,401,429,790,2026-02-10,2026-02-10 21:51:55.312132,2026-02-13 00:51:55.312132,2026-02-11 00:51:55.312132,2026-02-11 14:51:55.312132,2026-02-12 03:51:55.312132,07:43:15,06:30:48,,10786.78,10786.78,0.00,released,,False
402,402,129,664,2025-10-30,2025-10-31 11:36:35.312132,2025-11-02 14:36:35.312132,2025-10-31 14:36:35.312132,2025-11-02 12:36:35.312132,,04:24:45,04:41:24,,5329.52,2664.76,2664.76,completed,,False
403,403,271,941,2025-12-15,2025-12-16 04:34:53.312132,2025-12-18 09:34:53.312132,2025-12-16 09:34:53.312132,2025-12-18 03:34:53.312132,,06:39:46,02:16:37,,6809.63,0.00,6809.63,completed,,False
404,404,332,337,2026-02-05,2026-02-05 17:13:45.312132,2026-02-07 23:13:45.312132,2026-02-05 23:13:45.312132,2026-02-07 13:13:45.312132,2026-02-07 16:13:45.312132,05:21:52,08:14:28,,19543.56,19543.56,0.00,released,,False
405,405,327,734,2026-06-22,2026-06-23 08:34:55.312132,2026-06-25 19:34:55.312132,2026-06-23 19:34:55.312132,2026-06-25 05:34:55.312132,2026-06-25 20:34:55.312132,07:06:56,09:42:45,,13041.98,13041.98,0.00,released,,False
406,406,193,162,2026-05-30,2026-05-31 16:31:11.312132,2026-06-02 21:31:11.312132,2026-05-31 21:31:11.312132,2026-06-01 21:31:11.312132,2026-06-02 15:31:11.312132,08:08:38,01:00:31,,11857.95,11857.95,0.00,released,,False
407,407,222,605,2026-05-21,2026-05-22 05:56:11.312132,2026-05-24 13:56:11.312132,2026-05-22 13:56:11.312132,2026-05-22 20:56:11.312132,2026-05-23 07:56:11.312132,01:27:48,02:34:49,,21022.29,21022.29,0.00,released,,False
408,408,181,506,2025-08-25,2025-08-25 22:00:56.312132,2025-08-28 07:00:56.312132,2025-08-26 07:00:56.312132,2025-08-26 17:00:56.312132,,05:28:37,01:18:47,,23648.34,11824.17,11824.17,completed,,False
409,409,17,961,2026-06-07,2026-06-07 14:00:37.312132,2026-06-09 18:00:37.312132,2026-06-07 18:00:37.312132,2026-06-08 06:00:37.312132,2026-06-08 10:00:37.312132,01:55:35,02:12:34,,15591.54,15591.54,0.00,released,,False
410,410,63,236,2026-04-30,2026-05-01 03:37:28.312132,2026-05-03 09:37:28.312132,2026-05-01 09:37:28.312132,2026-05-02 19:37:28.312132,2026-05-03 12:37:28.312132,03:45:06,07:36:17,,6046.64,6046.64,0.00,released,,False
411,411,159,531,2026-03-06,2026-03-07 03:53:06.312132,2026-03-09 08:53:06.312132,2026-03-07 08:53:06.312132,2026-03-07 23:53:06.312132,,03:43:53,09:52:10,,14347.40,7173.70,7173.70,completed,,False
412,412,161,447,2025-08-21,2025-08-22 13:29:21.312132,2025-08-24 18:29:21.312132,2025-08-22 18:29:21.312132,2025-08-23 08:29:21.312132,2025-08-23 18:29:21.312132,03:42:18,09:05:37,,12427.47,12427.47,0.00,released,,False
413,413,77,575,2026-07-03,2026-07-03 18:28:40.312132,2026-07-06 02:28:40.312132,2026-07-04 02:28:40.312132,,,06:04:11,,,1879.10,939.55,939.55,waiting_on_parts,,False
414,414,319,185,2026-02-10,2026-02-10 18:57:15.312132,2026-02-12 19:57:15.312132,2026-02-10 19:57:15.312132,,,08:13:42,,,13486.53,0.00,13486.53,inspecting,,False
415,415,155,763,2026-06-25,2026-06-26 04:58:08.312132,2026-06-28 16:58:08.312132,2026-06-26 16:58:08.312132,2026-06-27 03:58:08.312132,,02:31:48,05:46:18,,5672.64,2836.32,2836.32,completed,,False
416,416,188,748,2026-03-11,2026-03-11 02:33:02.312132,2026-03-13 09:33:02.312132,2026-03-11 09:33:02.312132,2026-03-12 18:33:02.312132,,03:15:50,04:18:46,,667.41,0.00,667.41,completed,,False
417,417,1,533,2026-01-31,2026-01-31 08:20:02.312132,2026-02-02 19:20:02.312132,2026-01-31 19:20:02.312132,2026-02-02 18:20:02.312132,,02:57:56,02:52:14,,14092.16,7046.08,7046.08,completed,,False
418,418,433,183,2025-12-05,2025-12-06 05:23:07.312132,2025-12-08 06:23:07.312132,2025-12-06 06:23:07.312132,2025-12-07 17:23:07.312132,2025-12-08 07:23:07.312132,02:56:35,02:02:36,,16748.75,16748.75,0.00,released,,False
419,419,154,136,2025-11-06,2025-11-07 02:30:09.312132,2025-11-09 04:30:09.312132,2025-11-07 04:30:09.312132,2025-11-07 12:30:09.312132,2025-11-08 11:30:09.312132,06:06:31,09:43:33,,10044.26,10044.26,0.00,released,,False
420,420,292,141,2025-11-06,2025-11-06 16:59:33.312132,2025-11-08 22:59:33.312132,2025-11-06 22:59:33.312132,2025-11-07 07:59:33.312132,,03:55:06,08:35:08,,19118.99,9559.50,9559.49,completed,,False
421,421,456,947,2026-03-20,2026-03-21 12:07:06.312132,2026-03-23 23:07:06.312132,2026-03-21 23:07:06.312132,2026-03-22 07:07:06.312132,,04:44:50,08:41:08,,12904.25,0.00,12904.25,completed,,False
422,422,404,749,2026-01-05,2026-01-05 20:55:56.312132,2026-01-08 07:55:56.312132,2026-01-06 07:55:56.312132,,,04:30:06,,,23267.25,0.00,23267.25,inspecting,,False
423,423,95,340,2025-10-06,2025-10-07 16:25:14.312132,2025-10-10 00:25:14.312132,2025-10-08 00:25:14.312132,2025-10-08 07:25:14.312132,2025-10-09 05:25:14.312132,01:05:27,08:24:17,,22374.86,22374.86,0.00,released,,False
424,424,429,579,2026-06-30,2026-07-01 01:27:08.312132,2026-07-03 10:27:08.312132,2026-07-01 10:27:08.312132,2026-07-02 17:27:08.312132,,05:54:02,03:07:02,,1976.03,0.00,1976.03,completed,,False
425,425,38,130,2026-01-18,2026-01-18 21:30:19.312132,2026-01-21 03:30:19.312132,2026-01-19 03:30:19.312132,,,06:30:23,,,8991.00,4495.50,4495.50,pending_customer_approval,,False
426,426,385,365,2025-10-01,2025-10-01 17:34:27.312132,2025-10-04 02:34:27.312132,2025-10-02 02:34:27.312132,,,07:46:14,,,7313.67,3656.84,3656.83,in_progress,,False
427,427,434,870,2026-03-18,2026-03-19 01:15:39.312132,2026-03-21 05:15:39.312132,2026-03-19 05:15:39.312132,2026-03-21 06:15:39.312132,,01:19:48,01:48:31,,1230.79,0.00,1230.79,completed,,False
428,428,73,602,2025-12-16,2025-12-16 20:36:09.312132,2025-12-19 08:36:09.312132,2025-12-17 08:36:09.312132,2025-12-18 00:36:09.312132,,03:38:31,07:16:26,,7410.24,3705.12,3705.12,completed,,False
429,429,222,906,2026-03-22,2026-03-23 11:40:04.312132,2026-03-25 12:40:04.312132,2026-03-23 12:40:04.312132,2026-03-24 07:40:04.312132,,03:54:03,09:27:44,,10140.36,0.00,10140.36,completed,,False
430,430,220,893,2026-02-12,2026-02-12 23:49:06.312132,2026-02-15 00:49:06.312132,2026-02-13 00:49:06.312132,,,01:28:04,,,21805.46,0.00,21805.46,inspecting,,False
431,431,85,556,2025-08-18,2025-08-19 11:52:18.312132,2025-08-21 13:52:18.312132,2025-08-19 13:52:18.312132,2025-08-19 17:52:18.312132,2025-08-20 01:52:18.312132,05:43:00,09:37:19,,13928.23,13928.23,0.00,released,,False
432,432,410,461,2026-02-02,2026-02-02 17:40:47.312132,2026-02-04 21:40:47.312132,2026-02-02 21:40:47.312132,,,08:55:21,,,3086.62,0.00,3086.62,revision_pending,,False
433,433,128,456,2026-01-08,2026-01-08 19:19:45.312132,2026-01-11 01:19:45.312132,2026-01-09 01:19:45.312132,2026-01-10 16:19:45.312132,2026-01-11 04:19:45.312132,05:54:47,04:44:35,,11219.15,11219.15,0.00,released,,False
434,434,172,825,2025-11-01,2025-11-02 19:25:48.312132,2025-11-05 01:25:48.312132,2025-11-03 01:25:48.312132,,,02:57:35,,,1633.65,816.83,816.82,waiting_on_parts,,False
435,435,474,606,2025-08-09,2025-08-10 12:26:21.312132,2025-08-12 22:26:21.312132,2025-08-10 22:26:21.312132,2025-08-12 19:26:21.312132,2025-08-12 21:26:21.312132,05:03:41,04:15:46,,9175.58,9175.58,0.00,released,,False
436,436,248,103,2025-09-18,2025-09-19 15:32:29.312132,2025-09-22 03:32:29.312132,2025-09-20 03:32:29.312132,2025-09-21 02:32:29.312132,2025-09-21 23:32:29.312132,07:55:03,07:02:59,,9898.86,9898.86,0.00,released,,False
437,437,357,773,2025-08-15,2025-08-16 11:44:12.312132,2025-08-18 15:44:12.312132,2025-08-16 15:44:12.312132,,,01:54:50,,,17191.15,8595.58,8595.57,inspecting,,False
438,438,172,621,2026-06-16,2026-06-17 08:35:32.312132,2026-06-19 11:35:32.312132,2026-06-17 11:35:32.312132,2026-06-18 07:35:32.312132,2026-06-18 19:35:32.312132,06:25:59,07:07:16,,22490.75,22490.75,0.00,released,,False
439,439,410,433,2025-08-21,2025-08-22 01:59:29.312132,2025-08-24 10:59:29.312132,2025-08-22 10:59:29.312132,2025-08-22 20:59:29.312132,,02:51:29,09:12:45,,23099.52,0.00,23099.52,completed,,False
440,440,141,66,2026-07-17,2026-07-17 18:28:53.312132,2026-07-20 05:28:53.312132,2026-07-18 05:28:53.312132,2026-07-19 16:28:53.312132,2026-07-19 19:28:53.312132,02:13:10,08:57:54,,1367.76,1367.76,0.00,released,,False
441,441,177,705,2026-02-16,2026-02-16 05:23:21.312132,2026-02-18 16:23:21.312132,2026-02-16 16:23:21.312132,2026-02-18 12:23:21.312132,,04:41:23,05:06:46,,2266.19,0.00,2266.19,completed,,False
442,442,401,817,2026-03-09,2026-03-09 23:41:16.312132,2026-03-12 07:41:16.312132,2026-03-10 07:41:16.312132,2026-03-12 04:41:16.312132,2026-03-12 21:41:16.312132,08:43:52,09:46:20,,14189.78,14189.78,0.00,released,,False
443,443,267,903,2025-11-10,2025-11-11 02:56:11.312132,2025-11-13 10:56:11.312132,2025-11-11 10:56:11.312132,2025-11-13 07:56:11.312132,,05:13:39,07:43:56,,15171.11,7585.56,7585.55,completed,,False
444,444,448,547,2026-06-23,2026-06-23 21:04:29.312132,2026-06-26 05:04:29.312132,2026-06-24 05:04:29.312132,2026-06-25 13:04:29.312132,,06:08:16,04:10:59,,16292.43,0.00,16292.43,completed,,False
445,445,141,773,2026-03-16,2026-03-17 21:27:41.312132,2026-03-20 00:27:41.312132,2026-03-18 00:27:41.312132,,,08:17:07,,,17908.40,0.00,17908.40,revision_pending,,False
446,446,142,845,2025-11-16,2025-11-17 01:30:24.312132,2025-11-19 08:30:24.312132,2025-11-17 08:30:24.312132,2025-11-19 03:30:24.312132,,02:24:39,08:59:02,,19303.74,0.00,19303.74,completed,,False
447,447,387,563,2026-04-07,2026-04-08 15:26:59.312132,2026-04-11 03:26:59.312132,2026-04-09 03:26:59.312132,2026-04-10 19:26:59.312132,2026-04-11 11:26:59.312132,04:48:48,07:25:04,,4699.49,4699.49,0.00,released,,False
448,448,393,244,2026-01-25,2026-01-26 05:08:50.312132,2026-01-28 13:08:50.312132,2026-01-26 13:08:50.312132,2026-01-27 10:08:50.312132,2026-01-27 17:08:50.312132,07:13:56,06:57:27,,15133.09,15133.09,0.00,released,,False
449,449,468,650,2025-12-11,2025-12-12 13:36:40.312132,2025-12-14 17:36:40.312132,2025-12-12 17:36:40.312132,2025-12-13 07:36:40.312132,2025-12-14 01:36:40.312132,02:51:04,08:05:46,,25348.68,25348.68,0.00,released,,False
450,450,6,288,2025-12-24,2025-12-24 21:23:50.312132,2025-12-27 00:23:50.312132,2025-12-25 00:23:50.312132,2025-12-26 10:23:50.312132,,07:23:03,02:49:55,,2452.04,0.00,2452.04,completed,,False
451,451,454,604,2025-09-19,2025-09-19 20:44:03.312132,2025-09-22 01:44:03.312132,2025-09-20 01:44:03.312132,2025-09-21 22:44:03.312132,,05:34:12,02:39:56,,10604.92,5302.46,5302.46,completed,,False
452,452,204,489,2025-10-28,2025-10-28 16:17:04.312132,2025-10-30 23:17:04.312132,2025-10-28 23:17:04.312132,2025-10-29 14:17:04.312132,,04:55:02,02:13:08,,14585.68,0.00,14585.68,completed,,False
453,453,362,256,2026-04-30,2026-04-30 09:14:32.312132,2026-05-02 18:14:32.312132,2026-04-30 18:14:32.312132,2026-05-02 16:14:32.312132,,01:44:01,02:31:24,,22340.80,11170.40,11170.40,completed,,False
454,454,45,209,2026-02-26,2026-02-26 16:29:15.312132,2026-02-28 19:29:15.312132,2026-02-26 19:29:15.312132,2026-02-27 01:29:15.312132,,08:28:40,09:33:15,,13418.54,0.00,13418.54,completed,,False
455,455,265,478,2025-11-13,2025-11-14 16:03:10.312132,2025-11-17 03:03:10.312132,2025-11-15 03:03:10.312132,2025-11-16 22:03:10.312132,,06:50:11,03:44:39,,1577.78,0.00,1577.78,completed,,False
456,456,371,580,2025-10-28,2025-10-28 17:07:59.312132,2025-10-31 00:07:59.312132,2025-10-29 00:07:59.312132,2025-10-30 02:07:59.312132,,05:09:11,05:04:07,,15092.40,0.00,15092.40,completed,,False
457,457,359,978,2025-12-02,2025-12-02 23:58:15.312132,2025-12-05 00:58:15.312132,2025-12-03 00:58:15.312132,2025-12-03 20:58:15.312132,,05:47:44,04:40:49,,9438.12,0.00,9438.12,completed,,False
458,458,132,181,2026-02-26,2026-02-26 08:25:37.312132,2026-02-28 14:25:37.312132,2026-02-26 14:25:37.312132,,,08:43:46,,,16749.41,8374.71,8374.70,in_progress,,False
459,459,478,258,2025-11-06,2025-11-07 20:12:41.312132,2025-11-09 22:12:41.312132,2025-11-07 22:12:41.312132,2025-11-09 11:12:41.312132,,07:39:43,01:02:36,,11399.10,0.00,11399.10,completed,,False
460,460,366,358,2026-01-18,2026-01-18 08:28:28.312132,2026-01-20 11:28:28.312132,2026-01-18 11:28:28.312132,2026-01-20 06:28:28.312132,,01:01:08,03:30:44,,3302.32,1651.16,1651.16,completed,,False
461,461,298,265,2025-11-11,2025-11-12 06:54:01.312132,2025-11-14 15:54:01.312132,2025-11-12 15:54:01.312132,2025-11-14 02:54:01.312132,2025-11-14 07:54:01.312132,08:40:52,02:32:12,,1132.50,1132.50,0.00,released,,False
462,462,320,311,2026-01-29,2026-01-29 11:33:45.312132,2026-01-31 17:33:45.312132,2026-01-29 17:33:45.312132,2026-01-30 05:33:45.312132,2026-01-30 13:33:45.312132,04:50:20,02:00:46,,10470.41,10470.41,0.00,released,,False
463,463,148,453,2026-06-16,2026-06-16 10:02:13.312132,2026-06-18 11:02:13.312132,2026-06-16 11:02:13.312132,2026-06-17 05:02:13.312132,,01:01:05,04:34:54,,17240.48,0.00,17240.48,completed,,False
464,464,238,48,2025-12-24,2025-12-24 20:49:45.312132,2025-12-27 03:49:45.312132,2025-12-25 03:49:45.312132,2025-12-27 02:49:45.312132,,07:32:18,08:30:11,,9315.85,0.00,9315.85,completed,,False
465,465,453,70,2026-04-16,2026-04-16 15:46:15.312132,2026-04-19 00:46:15.312132,2026-04-17 00:46:15.312132,2026-04-17 18:46:15.312132,2026-04-18 12:46:15.312132,06:57:32,02:42:15,,23646.48,23646.48,0.00,released,,False
466,466,25,682,2025-09-04,2025-09-05 15:57:15.312132,2025-09-07 17:57:15.312132,2025-09-05 17:57:15.312132,2025-09-07 02:57:15.312132,,05:45:51,06:02:22,,19672.14,9836.07,9836.07,completed,,False
467,467,404,421,2026-04-05,2026-04-06 13:09:24.312132,2026-04-08 16:09:24.312132,2026-04-06 16:09:24.312132,2026-04-08 01:09:24.312132,2026-04-08 08:09:24.312132,08:39:52,07:41:23,,17797.28,17797.28,0.00,released,,False
468,468,303,861,2025-12-09,2025-12-10 09:47:33.312132,2025-12-12 17:47:33.312132,2025-12-10 17:47:33.312132,2025-12-11 13:47:33.312132,,04:56:07,04:38:20,,10448.78,0.00,10448.78,completed,,False
469,469,312,266,2025-10-24,2025-10-25 04:53:06.312132,2025-10-27 15:53:06.312132,2025-10-25 15:53:06.312132,2025-10-26 22:53:06.312132,,02:31:30,09:33:04,,14412.60,7206.30,7206.30,completed,,False
470,470,335,34,2025-10-12,2025-10-13 02:35:30.312132,2025-10-15 05:35:30.312132,2025-10-13 05:35:30.312132,,,04:07:26,,,23390.93,11695.47,11695.46,in_progress,,False
471,471,50,582,2026-05-26,2026-05-27 19:14:02.312132,2026-05-29 20:14:02.312132,2026-05-27 20:14:02.312132,2026-05-29 01:14:02.312132,2026-05-29 16:14:02.312132,03:00:09,05:43:31,,14786.84,14786.84,0.00,released,,False
472,472,456,388,2026-07-22,2026-07-22 22:39:47.312132,2026-07-25 09:39:47.312132,2026-07-23 09:39:47.312132,,,05:10:59,,,24362.23,12181.12,12181.11,in_progress,,False
473,473,355,628,2026-07-09,2026-07-09 07:01:59.312132,2026-07-11 08:01:59.312132,2026-07-09 08:01:59.312132,2026-07-09 12:01:59.312132,,06:44:41,08:02:03,,19642.97,9821.49,9821.48,completed,,False
474,474,458,111,2026-06-25,2026-06-26 02:59:28.312132,2026-06-28 06:59:28.312132,2026-06-26 06:59:28.312132,2026-06-28 02:59:28.312132,,06:53:59,01:42:38,,18157.52,9078.76,9078.76,completed,,False
475,475,245,882,2026-03-28,2026-03-28 08:21:30.312132,2026-03-30 12:21:30.312132,2026-03-28 12:21:30.312132,2026-03-29 02:21:30.312132,,04:02:04,02:05:44,,18080.39,9040.20,9040.19,completed,,False
476,476,424,58,2026-01-09,2026-01-10 13:50:50.312132,2026-01-12 18:50:50.312132,2026-01-10 18:50:50.312132,,,03:18:14,,,6416.90,0.00,6416.90,waiting_on_parts,,False
477,477,246,158,2026-05-22,2026-05-23 00:22:17.312132,2026-05-25 10:22:17.312132,2026-05-23 10:22:17.312132,2026-05-23 19:22:17.312132,2026-05-24 15:22:17.312132,02:34:45,02:34:14,,9999.65,9999.65,0.00,released,,False
478,478,162,828,2026-04-25,2026-04-26 03:40:58.312132,2026-04-28 04:40:58.312132,2026-04-26 04:40:58.312132,2026-04-28 01:40:58.312132,2026-04-28 17:40:58.312132,07:36:35,02:18:10,,24285.44,24285.44,0.00,released,,False
479,479,171,383,2026-05-27,2026-05-28 08:51:54.312132,2026-05-30 09:51:54.312132,2026-05-28 09:51:54.312132,,,04:37:29,,,15001.43,7500.72,7500.71,inspecting,,False
480,480,100,578,2026-06-03,2026-06-04 03:02:55.312132,2026-06-06 10:02:55.312132,2026-06-04 10:02:55.312132,2026-06-06 03:02:55.312132,2026-06-06 08:02:55.312132,02:04:42,06:08:53,,18070.27,18070.27,0.00,released,,False
481,481,185,474,2025-08-12,2025-08-12 10:17:53.312132,2025-08-14 12:17:53.312132,2025-08-12 12:17:53.312132,2025-08-13 10:17:53.312132,,03:54:05,01:46:07,,4787.64,0.00,4787.64,completed,,False
482,482,435,897,2025-11-19,2025-11-19 20:41:14.312132,2025-11-22 04:41:14.312132,2025-11-20 04:41:14.312132,2025-11-21 06:41:14.312132,2025-11-21 08:41:14.312132,03:47:18,04:47:44,,24953.53,24953.53,0.00,released,,False
483,483,78,839,2026-07-22,2026-07-22 08:00:36.312132,2026-07-24 14:00:36.312132,2026-07-22 14:00:36.312132,2026-07-24 05:00:36.312132,,05:45:44,09:39:12,,21442.08,0.00,21442.08,completed,,False
484,484,83,968,2025-10-02,2025-10-02 20:50:21.312132,2025-10-05 00:50:21.312132,2025-10-03 00:50:21.312132,2025-10-04 14:50:21.312132,,05:28:32,05:39:23,,4146.50,0.00,4146.50,completed,,False
485,485,102,636,2026-06-08,2026-06-09 20:06:53.312132,2026-06-11 22:06:53.312132,2026-06-09 22:06:53.312132,2026-06-10 18:06:53.312132,2026-06-11 16:06:53.312132,04:00:54,01:38:35,,13863.81,13863.81,0.00,released,,False
486,486,248,5,2026-03-12,2026-03-12 21:18:01.312132,2026-03-15 06:18:01.312132,2026-03-13 06:18:01.312132,2026-03-14 15:18:01.312132,,04:32:51,02:41:25,,10874.66,5437.33,5437.33,completed,,False
487,487,495,405,2025-08-11,2025-08-12 07:17:50.312132,2025-08-14 19:17:50.312132,2025-08-12 19:17:50.312132,2025-08-13 19:17:50.312132,2025-08-14 06:17:50.312132,02:26:07,01:27:48,,20509.38,20509.38,0.00,released,,False
488,488,260,428,2025-12-18,2025-12-19 03:39:40.312132,2025-12-21 11:39:40.312132,2025-12-19 11:39:40.312132,2025-12-20 05:39:40.312132,2025-12-20 17:39:40.312132,08:48:35,09:49:59,,7211.14,7211.14,0.00,released,,False
489,489,222,481,2025-08-29,2025-08-29 12:33:13.312132,2025-08-31 22:33:13.312132,2025-08-29 22:33:13.312132,2025-08-30 10:33:13.312132,,04:42:10,06:09:22,,18288.81,9144.41,9144.40,completed,,False
490,490,147,740,2025-12-25,2025-12-25 16:27:46.312132,2025-12-28 03:27:46.312132,2025-12-26 03:27:46.312132,,,01:09:52,,,21773.36,10886.68,10886.68,pending_customer_approval,,False
491,491,73,868,2026-02-27,2026-02-27 23:01:11.312132,2026-03-02 00:01:11.312132,2026-02-28 00:01:11.312132,,,08:24:49,,,11763.25,0.00,11763.25,pending_customer_approval,,False
492,492,354,368,2026-03-11,2026-03-11 23:19:40.312132,2026-03-14 06:19:40.312132,2026-03-12 06:19:40.312132,,,03:41:09,,,24295.33,0.00,24295.33,waiting_on_parts,,False
493,493,230,385,2026-03-09,2026-03-10 03:05:36.312132,2026-03-12 08:05:36.312132,2026-03-10 08:05:36.312132,2026-03-11 17:05:36.312132,2026-03-12 03:05:36.312132,08:37:33,05:31:58,,18989.35,18989.35,0.00,released,,False
494,494,443,508,2026-02-27,2026-02-28 03:52:39.312132,2026-03-02 10:52:39.312132,2026-02-28 10:52:39.312132,2026-02-28 13:52:39.312132,,08:47:35,05:08:48,,20882.87,10441.44,10441.43,completed,,False
495,495,193,275,2026-06-19,2026-06-20 11:37:15.312132,2026-06-22 18:37:15.312132,2026-06-20 18:37:15.312132,2026-06-21 21:37:15.312132,,05:57:48,02:54:25,,15463.34,7731.67,7731.67,completed,,False
496,496,314,507,2026-02-20,2026-02-21 18:42:11.312132,2026-02-24 06:42:11.312132,2026-02-22 06:42:11.312132,2026-02-24 00:42:11.312132,,06:29:23,04:42:43,,9172.94,4586.47,4586.47,completed,,False
497,497,51,701,2025-12-02,2025-12-03 03:39:18.312132,2025-12-05 04:39:18.312132,2025-12-03 04:39:18.312132,2025-12-03 21:39:18.312132,2025-12-04 18:39:18.312132,06:42:52,02:32:08,,24364.35,24364.35,0.00,released,,False
498,498,380,295,2026-02-19,2026-02-19 15:35:52.312132,2026-02-21 23:35:52.312132,2026-02-19 23:35:52.312132,2026-02-20 11:35:52.312132,2026-02-20 13:35:52.312132,03:51:39,06:51:37,,22651.93,22651.93,0.00,released,,False
499,499,185,427,2026-05-01,2026-05-02 13:09:38.312132,2026-05-04 20:09:38.312132,2026-05-02 20:09:38.312132,2026-05-04 13:09:38.312132,,03:39:48,05:38:29,,11348.48,0.00,11348.48,completed,,False
500,500,495,6,2025-08-18,2025-08-18 12:03:44.312132,2025-08-20 19:03:44.312132,2025-08-18 19:03:44.312132,2025-08-19 23:03:44.312132,,03:08:50,04:51:49,,24445.90,0.00,24445.90,completed,,False
501,393,90,851,2026-07-07,2026-07-08 02:35:41.312132,2026-06-23 02:35:41.312132,2026-06-27 02:35:41.312132,2026-07-17 02:35:41.312132,2026-07-27 02:35:41.312132,04:00:00,06:00:00,9762.42,3909.03,368.55,7185.38,released,Synthetic quotation notes generated for testing.,False
502,454,45,209,2026-07-23,2026-06-20 02:35:41.312132,2026-07-31 02:35:41.312132,2026-07-17 02:35:41.312132,2026-07-06 02:35:41.312132,2026-07-09 02:35:41.312132,05:00:00,04:00:00,4726.61,9118.34,859.32,3413.37,inspecting,Synthetic quotation notes generated for testing.,True
503,379,287,707,2026-06-21,2026-07-03 02:35:41.312132,2026-07-23 02:35:41.312132,2026-07-30 02:35:41.312132,2026-07-01 02:35:41.312132,2026-08-02 02:35:41.312132,05:00:00,04:00:00,2273.01,7249.58,525.47,4490.60,in_progress,Synthetic quotation notes generated for testing.,False
504,11,155,946,2026-06-23,2026-07-09 02:35:41.312132,2026-07-15 02:35:41.312132,2026-07-07 02:35:41.312132,2026-06-27 02:35:41.312132,2026-08-01 02:35:41.312132,04:00:00,03:00:00,8704.74,4403.85,208.29,6120.63,completed,Synthetic quotation notes generated for testing.,False
505,465,453,70,2026-07-23,2026-07-16 02:35:41.312132,2026-06-22 02:35:41.312132,2026-06-25 02:35:41.312132,2026-07-12 02:35:41.312132,2026-08-02 02:35:41.312132,03:00:00,02:00:00,6310.93,6530.79,987.83,518.24,completed,Synthetic quotation notes generated for testing.,True
506,67,1,740,2026-06-10,2026-06-13 02:35:41.312132,2026-06-19 02:35:41.312132,2026-07-07 02:35:41.312132,2026-07-09 02:35:41.312132,2026-07-29 02:35:41.312132,02:00:00,04:00:00,2291.42,9975.64,870.13,6931.57,released,Synthetic quotation notes generated for testing.,False
507,446,142,845,2026-07-06,2026-07-03 02:35:41.312132,2026-07-02 02:35:41.312132,2026-07-09 02:35:41.312132,2026-07-17 02:35:41.312132,2026-07-09 02:35:41.312132,02:00:00,01:00:00,8397.67,6641.52,636.06,2847.21,completed,Synthetic quotation notes generated for testing.,True
508,168,331,325,2026-06-28,2026-07-28 02:35:41.312132,2026-07-10 02:35:41.312132,2026-06-13 02:35:41.312132,2026-07-21 02:35:41.312132,2026-07-24 02:35:41.312132,02:00:00,01:00:00,2839.70,4538.12,306.84,853.30,inspecting,Synthetic quotation notes generated for testing.,True
509,73,64,973,2026-06-27,2026-07-10 02:35:41.312132,2026-07-04 02:35:41.312132,2026-07-22 02:35:41.312132,2026-07-16 02:35:41.312132,2026-07-15 02:35:41.312132,05:00:00,02:00:00,7684.11,8485.55,860.75,7821.81,in_progress,Synthetic quotation notes generated for testing.,False
510,1,153,786,2026-07-07,2026-06-19 02:35:41.312132,2026-07-08 02:35:41.312132,2026-08-04 02:35:41.312132,2026-07-28 02:35:41.312132,2026-08-05 02:35:41.312132,04:00:00,05:00:00,2962.01,1067.78,686.01,7972.31,inspecting,Synthetic quotation notes generated for testing.,True
511,405,327,734,2026-07-06,2026-07-30 02:35:41.312132,2026-07-24 02:35:41.312132,2026-08-05 02:35:41.312132,2026-07-21 02:35:41.312132,2026-07-14 02:35:41.312132,03:00:00,03:00:00,1236.03,6811.15,515.01,7588.45,released,Synthetic quotation notes generated for testing.,True
512,464,238,48,2026-06-13,2026-07-07 02:35:41.312132,2026-06-30 02:35:41.312132,2026-07-11 02:35:41.312132,2026-07-03 02:35:41.312132,2026-07-25 02:35:41.312132,04:00:00,01:00:00,5464.85,7364.88,162.70,3738.92,in_progress,Synthetic quotation notes generated for testing.,True
513,426,385,365,2026-06-28,2026-07-31 02:35:41.312132,2026-07-20 02:35:41.312132,2026-06-15 02:35:41.312132,2026-07-10 02:35:41.312132,2026-07-13 02:35:41.312132,03:00:00,03:00:00,7894.91,3613.99,913.63,2248.94,released,Synthetic quotation notes generated for testing.,True
514,285,432,24,2026-06-28,2026-07-03 02:35:41.312132,2026-06-29 02:35:41.312132,2026-06-15 02:35:41.312132,2026-07-25 02:35:41.312132,2026-08-04 02:35:41.312132,03:00:00,02:00:00,1723.94,6091.25,216.14,8364.26,pending_customer_approval,Synthetic quotation notes generated for testing.,True
515,266,163,312,2026-07-16,2026-06-17 02:35:41.312132,2026-07-01 02:35:41.312132,2026-07-18 02:35:41.312132,2026-07-19 02:35:41.312132,2026-07-08 02:35:41.312132,04:00:00,02:00:00,6878.32,3170.00,975.82,6715.17,pending_customer_approval,Synthetic quotation notes generated for testing.,False
516,73,64,973,2026-07-21,2026-07-28 02:35:41.312132,2026-06-30 02:35:41.312132,2026-08-05 02:35:41.312132,2026-07-16 02:35:41.312132,2026-07-27 02:35:41.312132,03:00:00,04:00:00,7282.55,1021.85,289.23,7495.65,completed,Synthetic quotation notes generated for testing.,True
517,90,59,672,2026-07-05,2026-06-29 02:35:41.312132,2026-07-09 02:35:41.312132,2026-06-14 02:35:41.312132,2026-07-17 02:35:41.312132,2026-07-20 02:35:41.312132,04:00:00,02:00:00,4456.71,4412.88,959.69,4268.37,pending_customer_approval,Synthetic quotation notes generated for testing.,True
518,335,234,660,2026-07-06,2026-07-31 02:35:41.312132,2026-07-16 02:35:41.312132,2026-06-22 02:35:41.312132,2026-07-21 02:35:41.312132,2026-08-05 02:35:41.312132,01:00:00,03:00:00,9249.25,8966.03,247.86,2184.44,revision_pending,Synthetic quotation notes generated for testing.,True
519,483,78,839,2026-07-21,2026-06-09 02:35:41.312132,2026-06-20 02:35:41.312132,2026-07-30 02:35:41.312132,2026-07-03 02:35:41.312132,2026-07-09 02:35:41.312132,01:00:00,04:00:00,4092.31,5510.33,398.47,4869.49,revision_pending,Synthetic quotation notes generated for testing.,False
520,360,339,446,2026-07-19,2026-07-18 02:35:41.312132,2026-07-24 02:35:41.312132,2026-07-27 02:35:41.312132,2026-07-08 02:35:41.312132,2026-07-31 02:35:41.312132,04:00:00,02:00:00,3686.05,2493.21,561.81,955.54,revision_pending,Synthetic quotation notes generated for testing.,False
521,501,501,1001,2018-09-25,2018-09-25 02:35:42.964095,2018-09-25 06:35:42.964095,2018-09-25 03:00:42.964095,2026-07-20 02:35:42.964095,2026-07-24 02:35:42.964095,00:59:43,01:17:37,318.01,327.25,0.00,706.89,completed,"Scenario B – low-cost, quick-service job order.",True
522,502,502,1002,2017-12-26,2017-12-26 02:35:42.964095,2017-12-26 06:35:42.964095,2017-12-26 02:51:42.964095,2026-07-18 02:35:42.964095,2026-06-16 02:35:42.964095,01:29:15,01:01:30,1342.15,431.92,0.00,706.20,completed,"Scenario B – low-cost, quick-service job order.",True
523,503,503,1003,2024-11-15,2024-11-15 02:35:42.964095,2024-11-15 06:35:42.964095,2024-11-15 03:00:42.964095,2026-05-12 02:35:42.964095,2026-08-05 02:35:42.964095,00:21:24,01:23:08,1932.27,2437.47,0.00,25.63,completed,"Scenario B – low-cost, quick-service job order.",True
524,504,504,1004,2024-01-18,2024-01-18 02:35:42.964095,2024-01-18 06:35:42.964095,2024-01-18 03:01:42.964095,2026-05-29 02:35:42.964095,2026-08-01 02:35:42.964095,00:36:39,00:25:25,383.70,502.76,0.00,390.75,completed,"Scenario B – low-cost, quick-service job order.",True
525,505,505,1005,2023-06-08,2023-06-08 02:35:42.964095,2023-06-08 06:35:42.964095,2023-06-08 02:53:42.964095,2026-06-14 02:35:42.964095,2026-06-30 02:35:42.964095,00:23:55,01:26:36,1423.81,610.50,472.66,275.07,completed,"Scenario B – low-cost, quick-service job order.",True
526,506,506,1006,2023-10-05,2023-10-05 02:35:42.964095,2023-10-05 06:35:42.964095,2023-10-05 02:52:42.964095,2026-07-14 02:35:42.964095,2026-06-14 02:35:42.964095,01:11:50,01:47:00,1156.26,1221.27,0.00,744.43,completed,"Scenario B – low-cost, quick-service job order.",True
527,507,507,1007,2026-05-24,2026-05-24 02:35:42.964095,2026-05-24 06:35:42.964095,2026-05-24 02:49:42.964095,2026-07-20 02:35:42.964095,2026-07-21 02:35:42.964095,01:17:13,00:22:00,327.20,923.23,0.00,346.04,completed,"Scenario B – low-cost, quick-service job order.",True
528,508,508,1008,2017-10-30,2017-10-30 02:35:42.964095,2017-10-30 06:35:42.964095,2017-10-30 02:53:42.964095,2026-07-04 02:35:42.964095,2026-06-05 02:35:42.964095,00:43:37,01:04:38,959.18,581.00,0.00,458.78,completed,"Scenario B – low-cost, quick-service job order.",True
529,509,509,1009,2025-02-26,2025-02-26 02:35:42.964095,2025-02-26 06:35:42.964095,2025-02-26 03:02:42.964095,2026-07-16 02:35:42.964095,2026-07-05 02:35:42.964095,01:11:59,01:31:44,615.87,1120.44,0.00,686.17,completed,"Scenario B – low-cost, quick-service job order.",True
530,510,510,1010,2016-10-04,2016-10-04 02:35:42.964095,2016-10-04 06:35:42.964095,2016-10-04 02:45:42.964095,2026-05-18 02:35:42.964095,2026-06-09 02:35:42.964095,00:45:04,00:23:17,1155.78,2199.31,0.00,477.88,completed,"Scenario B – low-cost, quick-service job order.",True
531,511,511,1011,2023-11-18,2023-11-18 02:35:42.964095,2023-11-18 06:35:42.964095,2023-11-18 02:55:42.964095,2026-06-14 02:35:42.964095,2026-07-25 02:35:42.964095,00:32:11,01:41:40,1418.62,2192.18,0.00,389.53,completed,"Scenario B – low-cost, quick-service job order.",True
532,512,512,1012,2023-11-22,2023-11-22 02:35:42.964095,2023-11-22 06:35:42.964095,2023-11-22 02:46:42.964095,2026-05-20 02:35:42.964095,2026-06-26 02:35:42.964095,01:22:19,00:48:20,1081.24,1273.94,0.00,127.26,completed,"Scenario B – low-cost, quick-service job order.",True
533,513,513,1013,2017-05-14,2017-05-14 02:35:42.964095,2017-05-14 06:35:42.964095,2017-05-14 02:48:42.964095,2026-06-16 02:35:42.964095,2026-06-08 02:35:42.964095,01:22:05,00:44:43,1989.78,1178.53,0.00,169.67,completed,"Scenario B – low-cost, quick-service job order.",True
534,514,514,1014,2020-07-22,2020-07-22 02:35:42.964095,2020-07-22 06:35:42.964095,2020-07-22 02:54:42.964095,2026-08-02 02:35:42.964095,2026-06-21 02:35:42.964095,01:03:50,00:50:05,1239.63,430.57,0.00,140.52,completed,"Scenario B – low-cost, quick-service job order.",True
535,515,515,1015,2019-06-07,2019-06-07 02:35:42.964095,2019-06-07 06:35:42.964095,2019-06-07 02:51:42.964095,2026-05-28 02:35:42.964095,2026-07-09 02:35:42.964095,01:17:34,00:44:45,1886.33,866.59,279.66,370.40,completed,"Scenario B – low-cost, quick-service job order.",True
536,516,516,1016,2022-06-11,2022-06-11 02:35:42.964095,2022-06-11 06:35:42.964095,2022-06-11 03:03:42.964095,2026-07-01 02:35:42.964095,2026-06-12 02:35:42.964095,00:53:53,01:08:07,1491.54,906.41,0.00,165.27,completed,"Scenario B – low-cost, quick-service job order.",True
537,517,517,1017,2024-10-06,2024-10-06 02:35:42.964095,2024-10-06 06:35:42.964095,2024-10-06 03:04:42.964095,2026-06-14 02:35:42.964095,2026-08-05 02:35:42.964095,00:20:24,01:29:19,1434.94,1850.99,0.00,581.62,completed,"Scenario B – low-cost, quick-service job order.",True
538,518,518,1018,2022-04-12,2022-04-12 02:35:42.964095,2022-04-12 06:35:42.964095,2022-04-12 03:03:42.964095,2026-08-03 02:35:42.964095,2026-07-17 02:35:42.964095,00:41:52,01:55:24,1761.75,1359.56,0.00,152.71,completed,"Scenario B – low-cost, quick-service job order.",True
539,519,519,1019,2022-06-30,2022-06-30 02:35:42.964095,2022-06-30 06:35:42.964095,2022-06-30 02:55:42.964095,2026-05-19 02:35:42.964095,2026-06-25 02:35:42.964095,00:36:58,01:38:53,1588.13,865.48,0.00,775.75,completed,"Scenario B – low-cost, quick-service job order.",True
540,520,520,1020,2023-04-18,2023-04-18 02:35:42.964095,2023-04-18 06:35:42.964095,2023-04-18 03:02:42.964095,2026-07-27 02:35:42.964095,2026-07-24 02:35:42.964095,00:18:07,00:52:20,350.82,2048.58,0.00,198.29,completed,"Scenario B – low-cost, quick-service job order.",True
541,521,521,1021,2024-03-09,2024-03-09 02:35:42.964095,2024-03-09 06:35:42.964095,2024-03-09 02:50:42.964095,2026-07-04 02:35:42.964095,2026-05-13 02:35:42.964095,01:15:33,00:51:10,1790.51,449.49,0.00,740.43,completed,"Scenario B – low-cost, quick-service job order.",True
542,522,522,1022,2021-08-30,2021-08-30 02:35:42.964095,2021-08-30 06:35:42.964095,2021-08-30 02:53:42.964095,2026-05-20 02:35:42.964095,2026-07-31 02:35:42.964095,01:06:58,01:53:50,236.88,2259.39,0.00,290.18,completed,"Scenario B – low-cost, quick-service job order.",True
543,523,523,1023,2020-06-28,2020-06-28 02:35:42.964095,2020-06-28 06:35:42.964095,2020-06-28 02:45:42.964095,2026-05-23 02:35:42.964095,2026-06-25 02:35:42.964095,00:21:38,00:42:28,824.11,623.46,0.00,589.81,completed,"Scenario B – low-cost, quick-service job order.",True
544,524,524,1024,2024-08-12,2024-08-12 02:35:42.964095,2024-08-12 06:35:42.964095,2024-08-12 02:45:42.964095,2026-05-27 02:35:42.964095,2026-07-11 02:35:42.964095,00:34:57,01:51:19,1745.82,1812.76,0.00,124.18,completed,"Scenario B – low-cost, quick-service job order.",True
545,525,525,1025,2019-03-03,2019-03-03 02:35:42.964095,2019-03-03 06:35:42.964095,2019-03-03 02:52:42.964095,2026-07-11 02:35:42.964095,2026-07-12 02:35:42.964095,01:16:53,01:55:52,587.28,1696.25,0.00,696.61,completed,"Scenario B – low-cost, quick-service job order.",True
546,526,526,1026,2023-04-07,2023-04-07 02:35:42.964095,2023-04-07 06:35:42.964095,2023-04-07 02:49:42.964095,2026-06-04 02:35:42.964095,2026-06-18 02:35:42.964095,00:16:51,01:37:34,1119.12,1633.90,0.00,595.78,completed,"Scenario B – low-cost, quick-service job order.",True
547,527,527,1027,2023-12-13,2023-12-13 02:35:42.964095,2023-12-13 06:35:42.964095,2023-12-13 02:54:42.964095,2026-05-28 02:35:42.964095,2026-06-01 02:35:42.964095,00:40:22,01:49:23,1733.26,2416.36,0.00,242.67,completed,"Scenario B – low-cost, quick-service job order.",True
548,528,528,1028,2025-01-17,2025-01-17 02:35:42.964095,2025-01-17 06:35:42.964095,2025-01-17 02:56:42.964095,2026-07-22 02:35:42.964095,2026-07-08 02:35:42.964095,00:20:34,01:06:23,1355.49,2439.46,0.00,337.64,completed,"Scenario B – low-cost, quick-service job order.",True
549,529,529,1029,2021-11-25,2021-11-25 02:35:42.964095,2021-11-25 06:35:42.964095,2021-11-25 03:02:42.964095,2026-07-16 02:35:42.964095,2026-07-06 02:35:42.964095,00:37:38,00:48:10,241.99,574.25,307.82,129.11,completed,"Scenario B – low-cost, quick-service job order.",True
550,530,530,1030,2017-03-06,2017-03-06 02:35:42.964095,2017-03-06 06:35:42.964095,2017-03-06 02:53:42.964095,2026-07-23 02:35:42.964095,2026-08-01 02:35:42.964095,00:35:43,01:45:47,1949.00,564.46,184.14,598.28,completed,"Scenario B – low-cost, quick-service job order.",True
551,531,531,1031,2021-03-02,2021-03-02 02:35:42.964095,2021-03-02 06:35:42.964095,2021-03-02 03:02:42.964095,2026-06-15 02:35:42.964095,2026-06-12 02:35:42.964095,00:24:55,01:37:25,618.45,1868.08,0.00,485.92,completed,"Scenario B – low-cost, quick-service job order.",True
552,532,532,1032,2026-03-14,2026-03-14 02:35:42.964095,2026-03-14 06:35:42.964095,2026-03-14 03:03:42.964095,2026-07-10 02:35:42.964095,2026-05-13 02:35:42.964095,00:51:12,01:02:02,441.11,1045.41,0.00,172.96,completed,"Scenario B – low-cost, quick-service job order.",True
553,533,533,1033,2024-05-24,2024-05-24 02:35:42.964095,2024-05-24 06:35:42.964095,2024-05-24 03:04:42.964095,2026-06-23 02:35:42.964095,2026-06-12 02:35:42.964095,01:24:26,00:42:48,259.99,573.86,0.00,523.54,completed,"Scenario B – low-cost, quick-service job order.",True
554,534,534,1034,2025-12-01,2025-12-01 02:35:42.964095,2025-12-01 06:35:42.964095,2025-12-01 03:00:42.964095,2026-06-27 02:35:42.964095,2026-05-27 02:35:42.964095,01:23:36,00:34:50,1430.74,596.78,0.00,692.90,completed,"Scenario B – low-cost, quick-service job order.",True
555,535,535,1035,2026-05-28,2026-05-28 02:35:42.964095,2026-05-28 06:35:42.964095,2026-05-28 02:57:42.964095,2026-08-02 02:35:42.964095,2026-06-22 02:35:42.964095,00:23:27,01:08:43,1395.11,1224.93,0.00,733.36,completed,"Scenario B – low-cost, quick-service job order.",True
556,536,536,1036,2023-02-05,2023-02-05 02:35:42.964095,2023-02-05 06:35:42.964095,2023-02-05 03:02:42.964095,2026-06-16 02:35:42.964095,2026-05-21 02:35:42.964095,00:15:10,01:25:34,345.24,1949.50,198.56,473.35,completed,"Scenario B – low-cost, quick-service job order.",True
557,537,537,1037,2019-07-29,2019-07-29 02:35:42.964095,2019-07-29 06:35:42.964095,2019-07-29 02:57:42.964095,2026-07-07 02:35:42.964095,2026-07-03 02:35:42.964095,01:17:46,01:46:58,311.83,1158.03,0.00,209.06,completed,"Scenario B – low-cost, quick-service job order.",True
558,538,538,1038,2026-06-09,2026-06-09 02:35:42.964095,2026-06-09 06:35:42.964095,2026-06-09 02:49:42.964095,2026-05-16 02:35:42.964095,2026-07-14 02:35:42.964095,01:00:55,00:22:10,964.41,782.34,0.00,662.69,completed,"Scenario B – low-cost, quick-service job order.",True
559,539,539,1039,2024-06-24,2024-06-24 02:35:42.964095,2024-06-24 06:35:42.964095,2024-06-24 03:01:42.964095,2026-05-26 02:35:42.964095,2026-07-30 02:35:42.964095,00:39:37,00:27:51,620.28,1699.05,0.00,34.50,completed,"Scenario B – low-cost, quick-service job order.",True
560,540,540,1040,2018-02-22,2018-02-22 02:35:42.964095,2018-02-22 06:35:42.964095,2018-02-22 02:55:42.964095,2026-07-21 02:35:42.964095,2026-05-26 02:35:42.964095,01:19:29,01:36:45,1522.63,2447.39,0.00,334.26,completed,"Scenario B – low-cost, quick-service job order.",True
561,541,541,1041,2020-10-05,2020-10-05 02:35:42.964095,2020-10-05 06:35:42.964095,2020-10-05 02:56:42.964095,2026-07-05 02:35:42.964095,2026-05-17 02:35:42.964095,01:17:10,01:33:06,692.80,2493.06,0.00,280.77,completed,"Scenario B – low-cost, quick-service job order.",True
562,542,542,1042,2025-01-24,2025-01-24 02:35:42.964095,2025-01-24 06:35:42.964095,2025-01-24 02:56:42.964095,2026-07-23 02:35:42.964095,2026-06-23 02:35:42.964095,00:31:05,01:49:55,975.62,1720.39,0.00,97.70,completed,"Scenario B – low-cost, quick-service job order.",True
563,543,543,1043,2022-03-15,2022-03-15 02:35:42.964095,2022-03-15 06:35:42.964095,2022-03-15 03:03:42.964095,2026-08-03 02:35:42.964095,2026-06-08 02:35:42.964095,01:13:40,01:42:06,1423.75,1507.01,0.00,718.61,completed,"Scenario B – low-cost, quick-service job order.",True
564,544,544,1044,2019-09-06,2019-09-06 02:35:42.964095,2019-09-06 06:35:42.964095,2019-09-06 02:49:42.964095,2026-08-03 02:35:42.964095,2026-07-25 02:35:42.964095,01:26:52,01:46:59,1135.25,1998.56,0.00,91.55,completed,"Scenario B – low-cost, quick-service job order.",True
565,545,545,1045,2024-09-20,2024-09-20 02:35:42.964095,2024-09-20 06:35:42.964095,2024-09-20 02:55:42.964095,2026-07-16 02:35:42.964095,2026-06-13 02:35:42.964095,00:36:32,01:04:04,1082.13,1934.80,0.00,541.02,completed,"Scenario B – low-cost, quick-service job order.",True
566,546,546,1046,2025-05-05,2025-05-05 02:35:42.964095,2025-05-05 06:35:42.964095,2025-05-05 02:45:42.964095,2026-06-21 02:35:42.964095,2026-05-21 02:35:42.964095,01:24:03,00:31:01,1797.01,1649.79,0.00,475.48,completed,"Scenario B – low-cost, quick-service job order.",True
567,547,547,1047,2026-06-28,2026-06-28 02:35:42.964095,2026-06-28 06:35:42.964095,2026-06-28 02:59:42.964095,2026-07-26 02:35:42.964095,2026-07-21 02:35:42.964095,00:45:29,01:30:07,1083.06,1360.10,0.00,425.99,completed,"Scenario B – low-cost, quick-service job order.",True
568,548,548,1048,2017-02-19,2017-02-19 02:35:42.964095,2017-02-19 06:35:42.964095,2017-02-19 02:59:42.964095,2026-05-31 02:35:42.964095,2026-05-10 02:35:42.964095,01:10:45,01:09:34,498.19,1035.61,0.00,155.37,completed,"Scenario B – low-cost, quick-service job order.",True
569,549,549,1049,2026-02-15,2026-02-15 02:35:42.964095,2026-02-15 06:35:42.964095,2026-02-15 02:55:42.964095,2026-06-24 02:35:42.964095,2026-06-21 02:35:42.964095,01:19:25,01:03:17,231.53,1010.08,0.00,107.38,completed,"Scenario B – low-cost, quick-service job order.",True
570,550,550,1050,2024-07-01,2024-07-01 02:35:42.964095,2024-07-01 06:35:42.964095,2024-07-01 02:46:42.964095,2026-05-19 02:35:42.964095,2026-07-21 02:35:42.964095,01:25:53,00:52:39,1790.45,662.12,0.00,214.23,completed,"Scenario B – low-cost, quick-service job order.",True
571,551,551,1051,2021-10-16,2021-10-16 02:35:42.964095,2021-10-16 06:35:42.964095,2021-10-16 02:57:42.964095,2026-07-03 02:35:42.964095,2026-07-01 02:35:42.964095,00:18:48,01:17:59,1687.98,502.17,385.18,35.07,completed,"Scenario B – low-cost, quick-service job order.",True
572,552,552,1052,2020-05-03,2020-05-03 02:35:42.964095,2020-05-03 06:35:42.964095,2020-05-03 03:02:42.964095,2026-05-12 02:35:42.964095,2026-06-03 02:35:42.964095,01:24:36,00:55:31,517.46,1836.65,0.00,360.49,completed,"Scenario B – low-cost, quick-service job order.",True
573,553,553,1053,2018-12-06,2018-12-06 02:35:42.964095,2018-12-06 06:35:42.964095,2018-12-06 02:46:42.964095,2026-05-13 02:35:42.964095,2026-05-29 02:35:42.964095,01:18:12,01:00:23,1500.69,1170.43,327.56,699.06,completed,"Scenario B – low-cost, quick-service job order.",True
574,554,554,1054,2020-01-28,2020-01-28 02:35:42.964095,2020-01-28 06:35:42.964095,2020-01-28 02:59:42.964095,2026-07-12 02:35:42.964095,2026-05-09 02:35:42.964095,00:51:19,01:43:52,578.21,158.63,0.00,417.68,completed,"Scenario B – low-cost, quick-service job order.",True
575,555,555,1055,2025-10-31,2025-10-31 02:35:42.964095,2025-10-31 06:35:42.964095,2025-10-31 02:51:42.964095,2026-06-02 02:35:42.964095,2026-07-07 02:35:42.964095,00:54:51,00:24:42,1980.91,1778.96,0.00,194.83,completed,"Scenario B – low-cost, quick-service job order.",True
576,556,556,1056,2019-10-16,2019-10-16 02:35:42.964095,2019-10-16 06:35:42.964095,2019-10-16 03:01:42.964095,2026-06-17 02:35:42.964095,2026-07-30 02:35:42.964095,01:05:05,01:50:04,1812.10,1271.25,0.00,763.39,completed,"Scenario B – low-cost, quick-service job order.",True
577,557,557,1057,2025-09-29,2025-09-29 02:35:42.964095,2025-09-29 06:35:42.964095,2025-09-29 02:47:42.964095,2026-08-02 02:35:42.964095,2026-05-22 02:35:42.964095,00:42:49,01:32:41,577.12,979.74,0.00,430.81,completed,"Scenario B – low-cost, quick-service job order.",True
578,558,558,1058,2017-12-12,2017-12-12 02:35:42.964095,2017-12-12 06:35:42.964095,2017-12-12 02:52:42.964095,2026-06-11 02:35:42.964095,2026-07-01 02:35:42.964095,00:54:52,01:28:49,415.78,1669.54,0.00,253.82,completed,"Scenario B – low-cost, quick-service job order.",True
579,559,559,1059,2019-09-10,2019-09-10 02:35:42.964095,2019-09-10 06:35:42.964095,2019-09-10 03:00:42.964095,2026-07-23 02:35:42.964095,2026-07-12 02:35:42.964095,00:43:11,01:00:43,253.93,1008.22,102.16,754.08,completed,"Scenario B – low-cost, quick-service job order.",True
580,560,560,1060,2024-06-29,2024-06-29 02:35:42.964095,2024-06-29 06:35:42.964095,2024-06-29 02:58:42.964095,2026-05-25 02:35:42.964095,2026-05-14 02:35:42.964095,00:22:04,00:23:18,1128.12,1730.44,0.00,794.60,completed,"Scenario B – low-cost, quick-service job order.",True
581,561,561,1061,2017-12-19,2017-12-19 02:35:42.964095,2017-12-19 06:35:42.964095,2017-12-19 02:50:42.964095,2026-06-22 02:35:42.964095,2026-05-29 02:35:42.964095,00:57:21,00:31:33,927.47,1901.39,0.00,224.90,completed,"Scenario B – low-cost, quick-service job order.",True
582,562,562,1062,2017-03-02,2017-03-02 02:35:42.964095,2017-03-02 06:35:42.964095,2017-03-02 03:04:42.964095,2026-07-24 02:35:42.964095,2026-05-25 02:35:42.964095,00:48:08,00:43:43,1664.28,2387.84,0.00,620.53,completed,"Scenario B – low-cost, quick-service job order.",True
583,563,563,1063,2022-08-08,2022-08-08 02:35:42.964095,2022-08-08 06:35:42.964095,2022-08-08 02:48:42.964095,2026-05-19 02:35:42.964095,2026-06-08 02:35:42.964095,00:37:11,01:42:47,1707.72,2308.54,0.00,0.58,completed,"Scenario B – low-cost, quick-service job order.",True
584,564,564,1064,2018-07-01,2018-07-01 02:35:42.964095,2018-07-01 06:35:42.964095,2018-07-01 02:49:42.964095,2026-05-31 02:35:42.964095,2026-08-05 02:35:42.964095,01:11:15,00:28:48,315.14,2382.30,0.00,346.33,completed,"Scenario B – low-cost, quick-service job order.",True
585,565,565,1065,2017-11-04,2017-11-04 02:35:42.964095,2017-11-04 06:35:42.964095,2017-11-04 03:00:42.964095,2026-06-28 02:35:42.964095,2026-05-22 02:35:42.964095,00:30:42,01:38:15,1970.52,219.94,0.00,319.84,completed,"Scenario B – low-cost, quick-service job order.",True
586,566,566,1066,2025-01-31,2025-01-31 02:35:42.964095,2025-01-31 06:35:42.964095,2025-01-31 02:55:42.964095,2026-06-11 02:35:42.964095,2026-08-05 02:35:42.964095,00:53:15,01:18:36,707.63,475.78,0.00,557.25,completed,"Scenario B – low-cost, quick-service job order.",True
587,567,567,1067,2017-12-20,2017-12-20 02:35:42.964095,2017-12-20 06:35:42.964095,2017-12-20 03:02:42.964095,2026-06-24 02:35:42.964095,2026-05-27 02:35:42.964095,01:04:38,00:56:12,1716.24,2300.64,0.00,240.51,completed,"Scenario B – low-cost, quick-service job order.",True
588,568,568,1068,2019-07-08,2019-07-08 02:35:42.964095,2019-07-08 06:35:42.964095,2019-07-08 02:47:42.964095,2026-06-20 02:35:42.964095,2026-05-19 02:35:42.964095,00:42:14,01:26:37,1382.86,213.79,0.00,795.41,completed,"Scenario B – low-cost, quick-service job order.",True
589,569,569,1069,2020-07-04,2020-07-04 02:35:42.964095,2020-07-04 06:35:42.964095,2020-07-04 02:51:42.964095,2026-05-14 02:35:42.964095,2026-07-10 02:35:42.964095,00:25:22,00:43:46,595.04,1598.78,425.04,382.15,completed,"Scenario B – low-cost, quick-service job order.",True
590,570,570,1070,2026-07-22,2026-07-22 02:35:42.964095,2026-07-22 06:35:42.964095,2026-07-22 02:57:42.964095,2026-08-03 02:35:42.964095,2026-05-19 02:35:42.964095,00:53:15,01:20:03,1056.05,681.99,0.00,702.49,completed,"Scenario B – low-cost, quick-service job order.",True
591,571,571,1071,2025-05-09,2025-05-09 02:35:42.964095,2025-05-09 06:35:42.964095,2025-05-09 02:48:42.964095,2026-06-10 02:35:42.964095,2026-07-11 02:35:42.964095,01:09:48,01:37:36,1814.24,434.58,0.00,556.61,completed,"Scenario B – low-cost, quick-service job order.",True
592,572,572,1072,2019-10-03,2019-10-03 02:35:42.964095,2019-10-03 06:35:42.964095,2019-10-03 02:57:42.964095,2026-06-25 02:35:42.964095,2026-06-09 02:35:42.964095,00:30:05,01:10:59,1339.14,799.29,509.36,70.16,completed,"Scenario B – low-cost, quick-service job order.",True
593,573,573,1073,2018-07-18,2018-07-18 02:35:42.964095,2018-07-18 06:35:42.964095,2018-07-18 02:48:42.964095,2026-07-11 02:35:42.964095,2026-05-20 02:35:42.964095,00:54:18,01:21:08,1233.94,2379.04,0.00,113.16,completed,"Scenario B – low-cost, quick-service job order.",True
594,574,574,1074,2023-12-21,2023-12-21 02:35:42.964095,2023-12-21 06:35:42.964095,2023-12-21 03:01:42.964095,2026-07-15 02:35:42.964095,2026-08-03 02:35:42.964095,01:29:38,00:57:35,1713.22,843.24,0.00,219.84,completed,"Scenario B – low-cost, quick-service job order.",True
595,575,575,1075,2023-03-02,2023-03-02 02:35:42.964095,2023-03-02 06:35:42.964095,2023-03-02 02:54:42.964095,2026-07-04 02:35:42.964095,2026-07-07 02:35:42.964095,00:44:07,01:19:05,366.48,2020.57,0.00,110.30,completed,"Scenario B – low-cost, quick-service job order.",True
596,576,576,1076,2017-06-05,2017-06-05 02:35:42.964095,2017-06-05 06:35:42.964095,2017-06-05 02:53:42.964095,2026-07-23 02:35:42.964095,2026-06-08 02:35:42.964095,00:31:30,01:26:06,1631.62,730.56,0.00,457.66,completed,"Scenario B – low-cost, quick-service job order.",True
597,577,577,1077,2025-12-03,2025-12-03 02:35:42.964095,2025-12-03 06:35:42.964095,2025-12-03 02:51:42.964095,2026-07-06 02:35:42.964095,2026-07-26 02:35:42.964095,01:14:33,01:07:21,349.80,2171.79,0.00,238.10,completed,"Scenario B – low-cost, quick-service job order.",True
598,578,578,1078,2025-08-28,2025-08-28 02:35:42.964095,2025-08-28 06:35:42.964095,2025-08-28 02:58:42.964095,2026-06-08 02:35:42.964095,2026-05-17 02:35:42.964095,01:28:57,00:45:12,1094.83,1568.88,0.00,665.53,completed,"Scenario B – low-cost, quick-service job order.",True
599,579,579,1079,2019-03-14,2019-03-14 02:35:42.964095,2019-03-14 06:35:42.964095,2019-03-14 02:59:42.964095,2026-05-17 02:35:42.964095,2026-07-02 02:35:42.964095,01:01:40,00:59:13,1192.27,1591.89,149.05,407.51,completed,"Scenario B – low-cost, quick-service job order.",True
600,580,580,1080,2023-05-24,2023-05-24 02:35:42.964095,2023-05-24 06:35:42.964095,2023-05-24 02:48:42.964095,2026-05-16 02:35:42.964095,2026-06-27 02:35:42.964095,01:02:12,01:33:57,1007.76,529.27,373.42,440.72,completed,"Scenario B – low-cost, quick-service job order.",True
601,581,581,1081,2025-09-18,2025-09-18 02:35:42.964095,2025-09-18 06:35:42.964095,2025-09-18 02:48:42.964095,2026-06-24 02:35:42.964095,2026-06-01 02:35:42.964095,00:20:00,00:53:01,656.73,165.83,0.00,505.43,completed,"Scenario B – low-cost, quick-service job order.",True
602,582,582,1082,2024-06-30,2024-06-30 02:35:42.964095,2024-06-30 06:35:42.964095,2024-06-30 02:50:42.964095,2026-06-19 02:35:42.964095,2026-07-27 02:35:42.964095,01:29:06,01:10:52,1632.97,403.65,0.00,227.18,completed,"Scenario B – low-cost, quick-service job order.",True
603,583,583,1083,2020-01-30,2020-01-30 02:35:42.964095,2020-01-30 06:35:42.964095,2020-01-30 02:56:42.964095,2026-07-28 02:35:42.964095,2026-05-09 02:35:42.964095,00:16:22,00:37:15,550.80,227.03,0.00,248.08,completed,"Scenario B – low-cost, quick-service job order.",True
604,584,584,1084,2023-06-22,2023-06-22 02:35:42.964095,2023-06-22 06:35:42.964095,2023-06-22 02:49:42.964095,2026-05-27 02:35:42.964095,2026-05-09 02:35:42.964095,00:30:07,00:27:37,1125.40,480.61,0.00,426.98,completed,"Scenario B – low-cost, quick-service job order.",True
605,585,585,1085,2022-08-22,2022-08-22 02:35:42.964095,2022-08-22 06:35:42.964095,2022-08-22 02:58:42.964095,2026-08-01 02:35:42.964095,2026-05-19 02:35:42.964095,00:47:11,00:20:06,1733.17,2246.01,0.00,116.70,completed,"Scenario B – low-cost, quick-service job order.",True
606,586,586,1086,2018-09-06,2018-09-06 02:35:42.964095,2018-09-06 06:35:42.964095,2018-09-06 02:51:42.964095,2026-08-02 02:35:42.964095,2026-05-22 02:35:42.964095,00:28:31,00:45:24,950.39,897.68,0.00,683.91,completed,"Scenario B – low-cost, quick-service job order.",True
607,587,587,1087,2024-05-17,2024-05-17 02:35:42.964095,2024-05-17 06:35:42.964095,2024-05-17 03:04:42.964095,2026-05-15 02:35:42.964095,2026-07-21 02:35:42.964095,01:16:43,01:09:35,1653.37,2280.06,0.00,733.85,completed,"Scenario B – low-cost, quick-service job order.",True
608,588,588,1088,2024-06-18,2024-06-18 02:35:42.964095,2024-06-18 06:35:42.964095,2024-06-18 02:51:42.964095,2026-07-12 02:35:42.964095,2026-08-03 02:35:42.964095,01:20:32,01:10:33,1927.45,160.14,0.00,777.63,completed,"Scenario B – low-cost, quick-service job order.",True
609,589,589,1089,2023-06-26,2023-06-26 02:35:42.964095,2023-06-26 06:35:42.964095,2023-06-26 02:57:42.964095,2026-05-26 02:35:42.964095,2026-07-16 02:35:42.964095,01:12:05,00:57:31,1876.65,1488.49,0.00,758.24,completed,"Scenario B – low-cost, quick-service job order.",True
610,590,590,1090,2016-10-28,2016-10-28 02:35:42.964095,2016-10-28 06:35:42.964095,2016-10-28 02:55:42.964095,2026-07-16 02:35:42.964095,2026-05-13 02:35:42.964095,00:16:21,00:21:42,750.12,2048.18,0.00,164.82,completed,"Scenario B – low-cost, quick-service job order.",True
611,591,591,1091,2023-05-17,2023-05-17 02:35:42.964095,2023-05-17 06:35:42.964095,2023-05-17 03:01:42.964095,2026-05-28 02:35:42.964095,2026-05-22 02:35:42.964095,00:31:18,01:14:13,1744.84,1327.45,0.00,646.86,completed,"Scenario B – low-cost, quick-service job order.",True
612,592,592,1092,2019-03-31,2019-03-31 02:35:42.964095,2019-03-31 06:35:42.964095,2019-03-31 02:49:42.964095,2026-05-16 02:35:42.964095,2026-07-23 02:35:42.964095,01:07:03,01:36:09,405.26,1833.62,0.00,365.35,completed,"Scenario B – low-cost, quick-service job order.",True
613,593,593,1093,2025-12-07,2025-12-07 02:35:42.964095,2025-12-07 06:35:42.964095,2025-12-07 02:45:42.964095,2026-05-18 02:35:42.964095,2026-07-20 02:35:42.964095,01:10:20,00:47:59,928.47,468.83,534.88,732.53,completed,"Scenario B – low-cost, quick-service job order.",True
614,594,594,1094,2018-05-20,2018-05-20 02:35:42.964095,2018-05-20 06:35:42.964095,2018-05-20 02:55:42.964095,2026-05-08 02:35:42.964095,2026-07-28 02:35:42.964095,01:24:17,01:01:03,1884.47,601.54,115.96,130.86,completed,"Scenario B – low-cost, quick-service job order.",True
615,595,595,1095,2017-01-15,2017-01-15 02:35:42.964095,2017-01-15 06:35:42.964095,2017-01-15 03:00:42.964095,2026-05-26 02:35:42.964095,2026-05-24 02:35:42.964095,00:39:10,01:21:45,513.78,793.50,0.00,113.82,completed,"Scenario B – low-cost, quick-service job order.",True
616,596,596,1096,2020-04-22,2020-04-22 02:35:42.964095,2020-04-22 06:35:42.964095,2020-04-22 02:55:42.964095,2026-06-25 02:35:42.964095,2026-07-30 02:35:42.964095,00:47:20,00:28:13,817.44,479.73,0.00,718.78,completed,"Scenario B – low-cost, quick-service job order.",True
617,597,597,1097,2022-08-20,2022-08-20 02:35:42.964095,2022-08-20 06:35:42.964095,2022-08-20 03:04:42.964095,2026-06-15 02:35:42.964095,2026-05-17 02:35:42.964095,00:35:44,00:45:12,839.74,1807.00,381.42,235.56,completed,"Scenario B – low-cost, quick-service job order.",True
618,598,598,1098,2025-04-01,2025-04-01 02:35:42.964095,2025-04-01 06:35:42.964095,2025-04-01 02:51:42.964095,2026-05-29 02:35:42.964095,2026-06-28 02:35:42.964095,01:22:53,01:58:08,362.86,1523.45,0.00,548.14,completed,"Scenario B – low-cost, quick-service job order.",True
619,599,599,1099,2025-11-05,2025-11-05 02:35:42.964095,2025-11-05 06:35:42.964095,2025-11-05 02:53:42.964095,2026-06-23 02:35:42.964095,2026-06-26 02:35:42.964095,00:56:18,01:22:38,933.65,165.29,0.00,476.12,completed,"Scenario B – low-cost, quick-service job order.",True
620,600,600,1100,2017-07-07,2017-07-07 02:35:42.964095,2017-07-07 06:35:42.964095,2017-07-07 02:47:42.964095,2026-06-04 02:35:42.964095,2026-06-07 02:35:42.964095,01:03:49,01:03:00,759.43,2327.09,0.00,109.29,completed,"Scenario B – low-cost, quick-service job order.",True
621,601,601,1101,2022-12-15,2022-12-15 02:35:42.964095,2022-12-15 06:35:42.964095,2022-12-15 02:47:42.964095,2026-06-29 02:35:42.964095,2026-07-29 02:35:42.964095,00:40:35,00:43:11,1476.05,1664.46,111.23,569.07,completed,"Scenario B – low-cost, quick-service job order.",True
622,602,602,1102,2017-02-02,2017-02-02 02:35:42.964095,2017-02-02 06:35:42.964095,2017-02-02 02:47:42.964095,2026-06-28 02:35:42.964095,2026-06-27 02:35:42.964095,01:03:43,01:26:21,1725.87,1921.64,0.00,78.41,completed,"Scenario B – low-cost, quick-service job order.",True
623,603,603,1103,2020-05-30,2020-05-30 02:35:42.964095,2020-05-30 06:35:42.964095,2020-05-30 02:58:42.964095,2026-07-19 02:35:42.964095,2026-07-25 02:35:42.964095,00:57:09,00:38:03,1614.58,2399.11,0.00,302.05,completed,"Scenario B – low-cost, quick-service job order.",True
624,604,604,1104,2021-11-26,2021-11-26 02:35:42.964095,2021-11-26 06:35:42.964095,2021-11-26 02:46:42.964095,2026-07-06 02:35:42.964095,2026-06-04 02:35:42.964095,00:46:25,00:51:41,1668.41,1925.07,0.00,688.74,completed,"Scenario B – low-cost, quick-service job order.",True
625,605,605,1105,2025-02-09,2025-02-09 02:35:42.964095,2025-02-09 06:35:42.964095,2025-02-09 02:51:42.964095,2026-06-14 02:35:42.964095,2026-07-18 02:35:42.964095,01:13:49,00:36:02,1127.83,721.90,396.28,387.31,completed,"Scenario B – low-cost, quick-service job order.",True
626,606,606,1106,2020-11-23,2020-11-23 02:35:42.964095,2020-11-23 06:35:42.964095,2020-11-23 02:47:42.964095,2026-06-03 02:35:42.964095,2026-07-14 02:35:42.964095,00:21:50,00:34:16,1989.79,1120.92,0.00,302.24,completed,"Scenario B – low-cost, quick-service job order.",True
627,607,607,1107,2018-08-13,2018-08-13 02:35:42.964095,2018-08-13 06:35:42.964095,2018-08-13 02:53:42.964095,2026-07-04 02:35:42.964095,2026-07-03 02:35:42.964095,00:39:58,00:56:16,1456.42,534.48,0.00,587.78,completed,"Scenario B – low-cost, quick-service job order.",True
628,608,608,1108,2018-05-30,2018-05-30 02:35:42.964095,2018-05-30 06:35:42.964095,2018-05-30 02:58:42.964095,2026-07-15 02:35:42.964095,2026-05-17 02:35:42.964095,00:28:02,00:43:30,525.35,378.96,0.00,599.01,completed,"Scenario B – low-cost, quick-service job order.",True
629,609,609,1109,2024-11-15,2024-11-15 02:35:42.964095,2024-11-15 06:35:42.964095,2024-11-15 02:51:42.964095,2026-06-19 02:35:42.964095,2026-07-27 02:35:42.964095,00:27:16,01:43:33,300.96,606.30,342.04,41.82,completed,"Scenario B – low-cost, quick-service job order.",True
630,610,610,1110,2018-02-15,2018-02-15 02:35:42.964095,2018-02-15 06:35:42.964095,2018-02-15 03:03:42.964095,2026-05-30 02:35:42.964095,2026-06-20 02:35:42.964095,01:26:07,01:13:38,1697.92,539.97,0.00,110.81,completed,"Scenario B – low-cost, quick-service job order.",True
631,611,611,1111,2025-04-10,2025-04-10 02:35:42.964095,2025-04-10 06:35:42.964095,2025-04-10 03:04:42.964095,2026-06-27 02:35:42.964095,2026-05-31 02:35:42.964095,00:36:40,01:35:04,201.62,1568.45,0.00,491.11,completed,"Scenario B – low-cost, quick-service job order.",True
632,612,612,1112,2022-07-14,2022-07-14 02:35:42.964095,2022-07-14 06:35:42.964095,2022-07-14 02:58:42.964095,2026-06-30 02:35:42.964095,2026-06-24 02:35:42.964095,00:41:59,00:38:06,890.23,541.53,0.00,670.87,completed,"Scenario B – low-cost, quick-service job order.",True
633,613,613,1113,2019-01-18,2019-01-18 02:35:42.964095,2019-01-18 06:35:42.964095,2019-01-18 03:01:42.964095,2026-05-11 02:35:42.964095,2026-06-29 02:35:42.964095,00:26:54,01:32:02,1004.55,1967.78,0.00,583.39,completed,"Scenario B – low-cost, quick-service job order.",True
634,614,614,1114,2022-11-01,2022-11-01 02:35:42.964095,2022-11-01 06:35:42.964095,2022-11-01 02:59:42.964095,2026-05-29 02:35:42.964095,2026-07-11 02:35:42.964095,00:40:44,01:47:20,1564.12,1759.35,0.00,217.35,completed,"Scenario B – low-cost, quick-service job order.",True
635,615,615,1115,2024-05-27,2024-05-27 02:35:42.964095,2024-05-27 06:35:42.964095,2024-05-27 02:51:42.964095,2026-05-08 02:35:42.964095,2026-05-17 02:35:42.964095,01:13:17,00:31:43,1341.87,200.37,0.00,221.05,completed,"Scenario B – low-cost, quick-service job order.",True
636,616,616,1116,2025-12-07,2025-12-07 02:35:42.964095,2025-12-07 06:35:42.964095,2025-12-07 03:01:42.964095,2026-07-21 02:35:42.964095,2026-07-29 02:35:42.964095,00:50:54,00:56:21,600.56,894.43,0.00,466.97,completed,"Scenario B – low-cost, quick-service job order.",True
637,617,617,1117,2021-08-16,2021-08-16 02:35:42.964095,2021-08-16 06:35:42.964095,2021-08-16 03:00:42.964095,2026-06-05 02:35:42.964095,2026-07-16 02:35:42.964095,00:39:30,00:33:07,560.79,397.46,0.00,184.63,completed,"Scenario B – low-cost, quick-service job order.",True
638,618,618,1118,2024-12-10,2024-12-10 02:35:42.964095,2024-12-10 06:35:42.964095,2024-12-10 02:47:42.964095,2026-07-28 02:35:42.964095,2026-06-11 02:35:42.964095,00:42:59,00:49:17,1179.51,1629.50,0.00,221.36,completed,"Scenario B – low-cost, quick-service job order.",True
639,619,619,1119,2021-12-29,2021-12-29 02:35:42.964095,2021-12-29 06:35:42.964095,2021-12-29 03:00:42.964095,2026-06-30 02:35:42.964095,2026-07-14 02:35:42.964095,01:00:05,00:29:25,1183.81,2358.46,237.82,17.10,completed,"Scenario B – low-cost, quick-service job order.",True
640,620,620,1120,2021-12-28,2021-12-28 02:35:42.964095,2021-12-28 06:35:42.964095,2021-12-28 02:52:42.964095,2026-08-01 02:35:42.964095,2026-06-19 02:35:42.964095,00:19:07,01:30:55,945.16,826.33,531.65,193.69,completed,"Scenario B – low-cost, quick-service job order.",True
641,621,621,1121,2022-10-13,2022-10-13 02:35:42.964095,2022-10-13 06:35:42.964095,2022-10-13 02:47:42.964095,2026-07-16 02:35:42.964095,2026-07-21 02:35:42.964095,01:23:49,00:54:39,1591.14,779.42,0.00,423.12,completed,"Scenario B – low-cost, quick-service job order.",True
642,622,622,1122,2022-01-21,2022-01-21 02:35:42.964095,2022-01-21 06:35:42.964095,2022-01-21 03:00:42.964095,2026-05-10 02:35:42.964095,2026-07-04 02:35:42.964095,01:00:59,00:42:03,1365.94,1917.61,0.00,504.74,completed,"Scenario B – low-cost, quick-service job order.",True
643,623,623,1123,2020-08-22,2020-08-22 02:35:42.964095,2020-08-22 06:35:42.964095,2020-08-22 02:53:42.964095,2026-05-15 02:35:42.964095,2026-07-18 02:35:42.964095,00:44:18,00:34:11,1407.93,967.20,0.00,344.76,completed,"Scenario B – low-cost, quick-service job order.",True
644,624,624,1124,2021-06-22,2021-06-22 02:35:42.964095,2021-06-22 06:35:42.964095,2021-06-22 02:53:42.964095,2026-07-28 02:35:42.964095,2026-06-30 02:35:42.964095,00:32:27,01:10:26,1617.29,1222.29,477.33,448.20,completed,"Scenario B – low-cost, quick-service job order.",True
645,625,625,1125,2017-03-20,2017-03-20 02:35:42.964095,2017-03-20 06:35:42.964095,2017-03-20 03:03:42.964095,2026-07-20 02:35:42.964095,2026-07-12 02:35:42.964095,00:35:32,01:37:15,1632.14,666.69,0.00,365.63,completed,"Scenario B – low-cost, quick-service job order.",True
646,626,626,1126,2023-05-23,2023-05-23 02:35:42.964095,2023-05-23 06:35:42.964095,2023-05-23 03:01:42.964095,2026-07-10 02:35:42.964095,2026-06-11 02:35:42.964095,01:07:22,01:19:25,849.17,1524.30,0.00,37.51,completed,"Scenario B – low-cost, quick-service job order.",True
647,627,627,1127,2017-12-10,2017-12-10 02:35:42.964095,2017-12-10 06:35:42.964095,2017-12-10 03:04:42.964095,2026-07-29 02:35:42.964095,2026-06-20 02:35:42.964095,00:56:34,01:48:12,583.26,1104.60,0.00,284.87,completed,"Scenario B – low-cost, quick-service job order.",True
648,628,628,1128,2018-02-05,2018-02-05 02:35:42.964095,2018-02-05 06:35:42.964095,2018-02-05 02:47:42.964095,2026-05-13 02:35:42.964095,2026-06-14 02:35:42.964095,00:38:13,01:41:15,582.90,1175.88,363.57,462.20,completed,"Scenario B – low-cost, quick-service job order.",True
649,629,629,1129,2026-01-12,2026-01-12 02:35:42.964095,2026-01-12 06:35:42.964095,2026-01-12 02:54:42.964095,2026-05-13 02:35:42.964095,2026-06-07 02:35:42.964095,01:26:12,01:35:07,1523.08,2347.80,547.98,414.69,completed,"Scenario B – low-cost, quick-service job order.",True
650,630,630,1130,2024-01-25,2024-01-25 02:35:42.964095,2024-01-25 06:35:42.964095,2024-01-25 02:52:42.964095,2026-05-13 02:35:42.964095,2026-07-07 02:35:42.964095,01:29:18,01:36:22,509.45,862.41,0.00,475.91,completed,"Scenario B – low-cost, quick-service job order.",True
651,631,631,1131,2020-09-16,2020-09-16 02:35:42.964095,2020-09-16 06:35:42.964095,2020-09-16 03:02:42.964095,2026-05-12 02:35:42.964095,2026-07-03 02:35:42.964095,01:02:57,01:41:44,749.15,449.95,470.86,492.03,completed,"Scenario B – low-cost, quick-service job order.",True
652,632,632,1132,2021-07-05,2021-07-05 02:35:42.964095,2021-07-05 06:35:42.964095,2021-07-05 02:53:42.964095,2026-06-01 02:35:42.964095,2026-05-20 02:35:42.964095,00:17:37,01:49:33,842.31,771.57,0.00,161.87,completed,"Scenario B – low-cost, quick-service job order.",True
653,633,633,1133,2021-10-25,2021-10-25 02:35:42.964095,2021-10-25 06:35:42.964095,2021-10-25 03:02:42.964095,2026-06-09 02:35:42.964095,2026-05-25 02:35:42.964095,01:02:55,00:56:56,1288.25,2034.89,100.53,425.80,completed,"Scenario B – low-cost, quick-service job order.",True
654,634,634,1134,2024-02-13,2024-02-13 02:35:42.964095,2024-02-13 06:35:42.964095,2024-02-13 02:54:42.964095,2026-07-31 02:35:42.964095,2026-07-19 02:35:42.964095,00:35:24,00:49:21,272.79,1952.73,0.00,35.72,completed,"Scenario B – low-cost, quick-service job order.",True
655,635,635,1135,2025-09-12,2025-09-12 02:35:42.964095,2025-09-12 06:35:42.964095,2025-09-12 03:04:42.964095,2026-06-11 02:35:42.964095,2026-07-15 02:35:42.964095,01:21:55,00:59:36,625.15,2294.03,0.00,185.70,completed,"Scenario B – low-cost, quick-service job order.",True
656,636,636,1136,2019-04-16,2019-04-16 02:35:42.964095,2019-04-16 06:35:42.964095,2019-04-16 02:55:42.964095,2026-05-17 02:35:42.964095,2026-05-09 02:35:42.964095,01:25:24,00:30:35,380.92,2483.92,0.00,342.82,completed,"Scenario B – low-cost, quick-service job order.",True
657,637,637,1137,2020-06-22,2020-06-22 02:35:42.964095,2020-06-22 06:35:42.964095,2020-06-22 02:59:42.964095,2026-06-15 02:35:42.964095,2026-05-17 02:35:42.964095,00:28:15,00:52:09,1686.11,582.81,0.00,289.89,completed,"Scenario B – low-cost, quick-service job order.",True
658,638,638,1138,2019-04-04,2019-04-04 02:35:42.964095,2019-04-04 06:35:42.964095,2019-04-04 02:49:42.964095,2026-06-26 02:35:42.964095,2026-07-07 02:35:42.964095,00:47:18,00:21:41,1968.13,2338.45,0.00,403.11,completed,"Scenario B – low-cost, quick-service job order.",True
659,639,639,1139,2019-10-28,2019-10-28 02:35:42.964095,2019-10-28 06:35:42.964095,2019-10-28 02:50:42.964095,2026-06-01 02:35:42.964095,2026-05-16 02:35:42.964095,00:47:12,00:42:57,1978.31,1725.42,276.76,206.81,completed,"Scenario B – low-cost, quick-service job order.",True
660,640,640,1140,2023-12-30,2023-12-30 02:35:42.964095,2023-12-30 06:35:42.964095,2023-12-30 03:00:42.964095,2026-07-15 02:35:42.964095,2026-06-01 02:35:42.964095,00:32:48,01:47:01,471.50,1158.05,0.00,574.72,completed,"Scenario B – low-cost, quick-service job order.",True
661,641,641,1141,2026-07-03,2026-07-03 02:35:42.964095,2026-07-03 06:35:42.964095,2026-07-03 02:57:42.964095,2026-05-12 02:35:42.964095,2026-05-16 02:35:42.964095,00:52:09,00:28:28,1376.81,1789.08,0.00,500.70,completed,"Scenario B – low-cost, quick-service job order.",True
662,642,642,1142,2018-02-04,2018-02-04 02:35:42.964095,2018-02-04 06:35:42.964095,2018-02-04 02:53:42.964095,2026-05-10 02:35:42.964095,2026-07-17 02:35:42.964095,00:40:14,01:11:08,1901.80,2044.17,179.58,34.00,completed,"Scenario B – low-cost, quick-service job order.",True
663,643,643,1143,2026-03-26,2026-03-26 02:35:42.964095,2026-03-26 06:35:42.964095,2026-03-26 03:02:42.964095,2026-07-19 02:35:42.964095,2026-07-23 02:35:42.964095,01:24:19,01:35:53,286.54,1244.68,348.63,688.68,completed,"Scenario B – low-cost, quick-service job order.",True
664,644,644,1144,2026-03-06,2026-03-06 02:35:42.964095,2026-03-06 06:35:42.964095,2026-03-06 02:51:42.964095,2026-06-25 02:35:42.964095,2026-05-23 02:35:42.964095,00:32:48,01:35:23,1647.04,686.59,0.00,414.37,completed,"Scenario B – low-cost, quick-service job order.",True
665,645,645,1145,2023-12-07,2023-12-07 02:35:42.964095,2023-12-07 06:35:42.964095,2023-12-07 02:58:42.964095,2026-06-24 02:35:42.964095,2026-08-01 02:35:42.964095,01:03:03,00:59:17,542.23,1893.34,0.00,145.58,completed,"Scenario B – low-cost, quick-service job order.",True
666,646,646,1146,2024-11-28,2024-11-28 02:35:42.964095,2024-11-28 06:35:42.964095,2024-11-28 02:58:42.964095,2026-06-07 02:35:42.964095,2026-05-25 02:35:42.964095,00:56:19,01:24:11,1514.58,403.04,0.00,280.43,completed,"Scenario B – low-cost, quick-service job order.",True
667,647,647,1147,2017-05-19,2017-05-19 02:35:42.964095,2017-05-19 06:35:42.964095,2017-05-19 02:51:42.964095,2026-05-31 02:35:42.964095,2026-07-22 02:35:42.964095,01:12:59,00:59:24,858.57,1160.01,0.00,176.22,completed,"Scenario B – low-cost, quick-service job order.",True
668,648,648,1148,2017-11-14,2017-11-14 02:35:42.964095,2017-11-14 06:35:42.964095,2017-11-14 03:04:42.964095,2026-07-30 02:35:42.964095,2026-07-14 02:35:42.964095,01:17:21,01:12:10,957.21,346.46,0.00,345.02,completed,"Scenario B – low-cost, quick-service job order.",True
669,649,649,1149,2018-10-22,2018-10-22 02:35:42.964095,2018-10-22 06:35:42.964095,2018-10-22 03:01:42.964095,2026-06-01 02:35:42.964095,2026-07-16 02:35:42.964095,00:59:10,01:02:55,1180.11,1652.80,0.00,330.26,completed,"Scenario B – low-cost, quick-service job order.",True
670,650,650,1150,2018-05-02,2018-05-02 02:35:42.964095,2018-05-02 06:35:42.964095,2018-05-02 03:03:42.964095,2026-07-03 02:35:42.964095,2026-06-11 02:35:42.964095,01:17:37,00:48:26,1260.44,1734.62,0.00,305.53,completed,"Scenario B – low-cost, quick-service job order.",True
671,651,651,1151,2021-10-14,2021-10-14 02:35:42.964095,2021-10-14 06:35:42.964095,2021-10-14 02:56:42.964095,2026-06-16 02:35:42.964095,2026-06-22 02:35:42.964095,01:14:23,01:43:59,647.74,601.69,0.00,693.01,completed,"Scenario B – low-cost, quick-service job order.",True
672,652,652,1152,2019-12-23,2019-12-23 02:35:42.964095,2019-12-23 06:35:42.964095,2019-12-23 03:03:42.964095,2026-06-06 02:35:42.964095,2026-07-05 02:35:42.964095,00:55:40,01:41:29,1991.81,2223.46,0.00,607.40,completed,"Scenario B – low-cost, quick-service job order.",True
673,653,653,1153,2020-04-02,2020-04-02 02:35:42.964095,2020-04-02 06:35:42.964095,2020-04-02 02:58:42.964095,2026-07-26 02:35:42.964095,2026-06-30 02:35:42.964095,01:02:15,00:18:43,1731.36,1789.66,0.00,413.06,completed,"Scenario B – low-cost, quick-service job order.",True
674,654,654,1154,2019-10-16,2019-10-16 02:35:42.964095,2019-10-16 06:35:42.964095,2019-10-16 02:52:42.964095,2026-06-16 02:35:42.964095,2026-06-16 02:35:42.964095,00:18:40,01:15:21,1175.10,2074.56,0.00,478.69,completed,"Scenario B – low-cost, quick-service job order.",True
675,655,655,1155,2016-12-15,2016-12-15 02:35:42.964095,2016-12-15 06:35:42.964095,2016-12-15 02:47:42.964095,2026-06-14 02:35:42.964095,2026-06-03 02:35:42.964095,00:24:49,01:07:06,1297.06,1984.31,0.00,49.33,completed,"Scenario B – low-cost, quick-service job order.",True
676,656,656,1156,2022-12-01,2022-12-01 02:35:42.964095,2022-12-01 06:35:42.964095,2022-12-01 02:59:42.964095,2026-07-24 02:35:42.964095,2026-06-29 02:35:42.964095,00:33:10,00:52:29,1863.34,1192.86,0.00,325.27,completed,"Scenario B – low-cost, quick-service job order.",True
677,657,657,1157,2023-07-29,2023-07-29 02:35:42.964095,2023-07-29 06:35:42.964095,2023-07-29 02:52:42.964095,2026-05-08 02:35:42.964095,2026-07-18 02:35:42.964095,00:39:30,01:28:18,501.33,946.46,0.00,485.66,completed,"Scenario B – low-cost, quick-service job order.",True
678,658,658,1158,2017-03-15,2017-03-15 02:35:42.964095,2017-03-15 06:35:42.964095,2017-03-15 03:04:42.964095,2026-07-26 02:35:42.964095,2026-05-21 02:35:42.964095,00:27:24,00:58:21,442.95,2121.90,0.00,180.77,completed,"Scenario B – low-cost, quick-service job order.",True
679,659,659,1159,2018-01-03,2018-01-03 02:35:42.964095,2018-01-03 06:35:42.964095,2018-01-03 02:53:42.964095,2026-06-09 02:35:42.964095,2026-06-12 02:35:42.964095,01:21:21,00:42:30,249.50,959.95,0.00,364.94,completed,"Scenario B – low-cost, quick-service job order.",True
680,660,660,1160,2026-04-21,2026-04-21 02:35:42.964095,2026-04-21 06:35:42.964095,2026-04-21 02:53:42.964095,2026-06-27 02:35:42.964095,2026-07-09 02:35:42.964095,00:24:58,01:44:32,479.29,338.48,384.05,35.96,completed,"Scenario B – low-cost, quick-service job order.",True
681,661,661,1161,2020-04-13,2020-04-13 02:35:42.964095,2020-04-13 06:35:42.964095,2020-04-13 02:57:42.964095,2026-05-25 02:35:42.964095,2026-07-08 02:35:42.964095,01:20:14,01:42:11,1011.37,2438.50,494.79,444.93,completed,"Scenario B – low-cost, quick-service job order.",True
682,662,662,1162,2021-08-18,2021-08-18 02:35:42.964095,2021-08-18 06:35:42.964095,2021-08-18 02:55:42.964095,2026-05-18 02:35:42.964095,2026-05-18 02:35:42.964095,01:27:16,00:55:34,1879.98,516.14,519.00,146.17,completed,"Scenario B – low-cost, quick-service job order.",True
683,663,663,1163,2018-01-02,2018-01-02 02:35:42.964095,2018-01-02 06:35:42.964095,2018-01-02 02:56:42.964095,2026-06-07 02:35:42.964095,2026-05-21 02:35:42.964095,00:40:45,00:52:49,1764.84,1493.54,0.00,477.24,completed,"Scenario B – low-cost, quick-service job order.",True
684,664,664,1164,2022-02-07,2022-02-07 02:35:42.964095,2022-02-07 06:35:42.964095,2022-02-07 02:50:42.964095,2026-06-01 02:35:42.964095,2026-06-25 02:35:42.964095,00:52:54,01:44:56,462.27,1330.40,0.00,574.50,completed,"Scenario B – low-cost, quick-service job order.",True
685,665,665,1165,2017-06-04,2017-06-04 02:35:42.964095,2017-06-04 06:35:42.964095,2017-06-04 03:00:42.964095,2026-05-19 02:35:42.964095,2026-05-17 02:35:42.964095,00:49:05,01:36:50,368.89,1345.04,0.00,130.05,completed,"Scenario B – low-cost, quick-service job order.",True
686,666,666,1166,2025-07-20,2025-07-20 02:35:42.964095,2025-07-20 06:35:42.964095,2025-07-20 03:02:42.964095,2026-05-25 02:35:42.964095,2026-06-19 02:35:42.964095,01:18:24,00:53:29,1163.16,1459.83,0.00,289.25,completed,"Scenario B – low-cost, quick-service job order.",True
687,667,667,1167,2020-02-17,2020-02-17 02:35:42.964095,2020-02-17 06:35:42.964095,2020-02-17 02:59:42.964095,2026-06-19 02:35:42.964095,2026-06-16 02:35:42.964095,01:19:15,01:28:39,442.36,1167.32,563.14,534.50,completed,"Scenario B – low-cost, quick-service job order.",True
688,668,668,1168,2025-09-12,2025-09-12 02:35:42.964095,2025-09-12 06:35:42.964095,2025-09-12 02:54:42.964095,2026-08-04 02:35:42.964095,2026-05-31 02:35:42.964095,01:27:13,00:52:17,490.73,2171.95,0.00,92.69,completed,"Scenario B – low-cost, quick-service job order.",True
689,669,669,1169,2019-12-29,2019-12-29 02:35:42.964095,2019-12-29 06:35:42.964095,2019-12-29 02:56:42.964095,2026-05-20 02:35:42.964095,2026-07-19 02:35:42.964095,00:20:24,00:28:38,1090.58,386.08,0.00,423.24,completed,"Scenario B – low-cost, quick-service job order.",True
690,670,670,1170,2017-04-02,2017-04-02 02:35:42.964095,2017-04-02 06:35:42.964095,2017-04-02 02:49:42.964095,2026-07-04 02:35:42.964095,2026-07-09 02:35:42.964095,00:28:03,01:06:47,293.67,1645.51,0.00,465.09,completed,"Scenario B – low-cost, quick-service job order.",True
691,671,671,1171,2017-05-28,2017-05-28 02:35:42.964095,2017-05-28 06:35:42.964095,2017-05-28 02:47:42.964095,2026-07-12 02:35:42.964095,2026-07-16 02:35:42.964095,01:06:11,00:26:55,1078.07,1145.14,0.00,116.47,completed,"Scenario B – low-cost, quick-service job order.",True
692,672,672,1172,2017-03-06,2017-03-06 02:35:42.964095,2017-03-06 06:35:42.964095,2017-03-06 02:57:42.964095,2026-06-28 02:35:42.964095,2026-05-09 02:35:42.964095,00:23:07,01:49:40,722.72,925.60,0.00,504.64,completed,"Scenario B – low-cost, quick-service job order.",True
693,673,673,1173,2018-07-29,2018-07-29 02:35:42.964095,2018-07-29 06:35:42.964095,2018-07-29 02:58:42.964095,2026-06-21 02:35:42.964095,2026-07-07 02:35:42.964095,01:17:37,01:12:11,878.54,1449.67,0.00,135.71,completed,"Scenario B – low-cost, quick-service job order.",True
694,674,674,1174,2020-10-31,2020-10-31 02:35:42.964095,2020-10-31 06:35:42.964095,2020-10-31 02:49:42.964095,2026-05-16 02:35:42.964095,2026-06-04 02:35:42.964095,00:42:52,00:46:22,1933.75,1937.99,0.00,762.10,completed,"Scenario B – low-cost, quick-service job order.",True
695,675,675,1175,2021-02-27,2021-02-27 02:35:42.964095,2021-02-27 06:35:42.964095,2021-02-27 03:02:42.964095,2026-06-28 02:35:42.964095,2026-05-22 02:35:42.964095,00:37:09,01:56:23,926.53,2231.48,0.00,597.82,completed,"Scenario B – low-cost, quick-service job order.",True
696,676,676,1176,2023-04-20,2023-04-20 02:35:42.964095,2023-04-20 06:35:42.964095,2023-04-20 02:51:42.964095,2026-05-12 02:35:42.964095,2026-06-10 02:35:42.964095,01:07:54,01:40:56,667.06,1197.28,0.00,352.30,completed,"Scenario B – low-cost, quick-service job order.",True
697,677,677,1177,2023-10-25,2023-10-25 02:35:42.964095,2023-10-25 06:35:42.964095,2023-10-25 02:52:42.964095,2026-05-20 02:35:42.964095,2026-07-20 02:35:42.964095,00:33:48,01:17:38,493.87,1136.29,375.32,270.37,completed,"Scenario B – low-cost, quick-service job order.",True
698,678,678,1178,2017-12-09,2017-12-09 02:35:42.964095,2017-12-09 06:35:42.964095,2017-12-09 02:56:42.964095,2026-08-03 02:35:42.964095,2026-08-03 02:35:42.964095,00:55:24,00:23:24,500.80,1385.99,0.00,546.68,completed,"Scenario B – low-cost, quick-service job order.",True
699,679,679,1179,2016-10-13,2016-10-13 02:35:42.964095,2016-10-13 06:35:42.964095,2016-10-13 03:04:42.964095,2026-07-26 02:35:42.964095,2026-06-22 02:35:42.964095,00:16:44,00:40:15,431.34,2360.74,0.00,49.45,completed,"Scenario B – low-cost, quick-service job order.",True
700,680,680,1180,2020-02-13,2020-02-13 02:35:42.964095,2020-02-13 06:35:42.964095,2020-02-13 02:57:42.964095,2026-07-03 02:35:42.964095,2026-05-29 02:35:42.964095,00:43:55,01:32:45,595.74,2123.35,267.96,106.98,completed,"Scenario B – low-cost, quick-service job order.",True
701,681,681,1181,2023-10-02,2023-10-02 02:35:42.964095,2023-10-02 06:35:42.964095,2023-10-02 02:45:42.964095,2026-08-02 02:35:42.964095,2026-06-14 02:35:42.964095,00:35:21,01:26:57,1993.21,2195.62,157.72,6.33,completed,"Scenario B – low-cost, quick-service job order.",True
702,682,682,1182,2017-09-03,2017-09-03 02:35:42.964095,2017-09-03 06:35:42.964095,2017-09-03 02:55:42.964095,2026-07-15 02:35:42.964095,2026-06-14 02:35:42.964095,00:59:08,01:34:00,1286.51,1609.41,0.00,614.82,completed,"Scenario B – low-cost, quick-service job order.",True
703,683,683,1183,2024-12-21,2024-12-21 02:35:42.964095,2024-12-21 06:35:42.964095,2024-12-21 02:49:42.964095,2026-07-07 02:35:42.964095,2026-06-09 02:35:42.964095,00:26:28,00:44:39,1724.38,1089.10,0.00,555.97,completed,"Scenario B – low-cost, quick-service job order.",True
704,684,684,1184,2022-07-06,2022-07-06 02:35:42.964095,2022-07-06 06:35:42.964095,2022-07-06 02:55:42.964095,2026-07-26 02:35:42.964095,2026-07-01 02:35:42.964095,01:17:49,00:28:02,472.82,1020.18,385.66,167.63,completed,"Scenario B – low-cost, quick-service job order.",True
705,685,685,1185,2020-03-09,2020-03-09 02:35:42.964095,2020-03-09 06:35:42.964095,2020-03-09 02:47:42.964095,2026-06-14 02:35:42.964095,2026-05-09 02:35:42.964095,00:53:57,01:03:39,214.26,1687.33,0.00,598.41,completed,"Scenario B – low-cost, quick-service job order.",True
706,686,686,1186,2017-06-08,2017-06-08 02:35:42.964095,2017-06-08 06:35:42.964095,2017-06-08 02:54:42.964095,2026-06-16 02:35:42.964095,2026-05-12 02:35:42.964095,00:30:52,00:23:52,340.08,1470.84,149.12,757.86,completed,"Scenario B – low-cost, quick-service job order.",True
707,687,687,1187,2018-02-08,2018-02-08 02:35:42.964095,2018-02-08 06:35:42.964095,2018-02-08 02:55:42.964095,2026-06-02 02:35:42.964095,2026-05-28 02:35:42.964095,00:17:57,00:56:08,1701.13,1461.24,0.00,619.31,completed,"Scenario B – low-cost, quick-service job order.",True
708,688,688,1188,2017-04-14,2017-04-14 02:35:42.964095,2017-04-14 06:35:42.964095,2017-04-14 02:56:42.964095,2026-07-26 02:35:42.964095,2026-07-20 02:35:42.964095,01:08:44,00:41:47,723.85,169.98,0.00,282.35,completed,"Scenario B – low-cost, quick-service job order.",True
709,689,689,1189,2024-09-05,2024-09-05 02:35:42.964095,2024-09-05 06:35:42.964095,2024-09-05 02:53:42.964095,2026-05-24 02:35:42.964095,2026-06-19 02:35:42.964095,00:42:03,01:13:43,605.56,369.23,533.74,792.38,completed,"Scenario B – low-cost, quick-service job order.",True
710,690,690,1190,2019-12-13,2019-12-13 02:35:42.964095,2019-12-13 06:35:42.964095,2019-12-13 03:01:42.964095,2026-06-07 02:35:42.964095,2026-05-09 02:35:42.964095,00:38:07,01:10:47,722.47,361.33,0.00,343.69,completed,"Scenario B – low-cost, quick-service job order.",True
711,691,691,1191,2025-04-29,2025-04-29 02:35:42.964095,2025-04-29 06:35:42.964095,2025-04-29 02:45:42.964095,2026-06-24 02:35:42.964095,2026-06-21 02:35:42.964095,01:08:15,01:30:19,1328.43,1999.31,0.00,788.20,completed,"Scenario B – low-cost, quick-service job order.",True
712,692,692,1192,2021-11-12,2021-11-12 02:35:42.964095,2021-11-12 06:35:42.964095,2021-11-12 02:51:42.964095,2026-07-25 02:35:42.964095,2026-05-28 02:35:42.964095,01:09:00,00:25:47,1840.03,1347.05,340.30,201.92,completed,"Scenario B – low-cost, quick-service job order.",True
713,693,693,1193,2026-06-03,2026-06-03 02:35:42.964095,2026-06-03 06:35:42.964095,2026-06-03 03:04:42.964095,2026-07-05 02:35:42.964095,2026-05-29 02:35:42.964095,01:03:19,01:31:14,1084.43,2248.63,0.00,257.55,completed,"Scenario B – low-cost, quick-service job order.",True
714,694,694,1194,2021-10-13,2021-10-13 02:35:42.964095,2021-10-13 06:35:42.964095,2021-10-13 03:02:42.964095,2026-05-24 02:35:42.964095,2026-06-25 02:35:42.964095,00:47:36,01:02:44,1623.99,2134.62,0.00,56.03,completed,"Scenario B – low-cost, quick-service job order.",True
715,695,695,1195,2024-11-10,2024-11-10 02:35:42.964095,2024-11-10 06:35:42.964095,2024-11-10 02:52:42.964095,2026-05-18 02:35:42.964095,2026-06-04 02:35:42.964095,01:15:14,01:38:59,1330.83,1486.41,0.00,502.72,completed,"Scenario B – low-cost, quick-service job order.",True
716,696,696,1196,2018-05-04,2018-05-04 02:35:42.964095,2018-05-04 06:35:42.964095,2018-05-04 03:04:42.964095,2026-07-06 02:35:42.964095,2026-06-11 02:35:42.964095,01:29:02,01:21:55,659.77,1564.92,0.00,390.43,completed,"Scenario B – low-cost, quick-service job order.",True
717,697,697,1197,2024-07-10,2024-07-10 02:35:42.964095,2024-07-10 06:35:42.964095,2024-07-10 02:59:42.964095,2026-06-25 02:35:42.964095,2026-06-09 02:35:42.964095,00:25:41,00:56:37,1847.62,1098.16,0.00,207.93,completed,"Scenario B – low-cost, quick-service job order.",True
718,698,698,1198,2019-06-11,2019-06-11 02:35:42.964095,2019-06-11 06:35:42.964095,2019-06-11 02:46:42.964095,2026-06-17 02:35:42.964095,2026-07-11 02:35:42.964095,00:33:47,01:17:42,970.48,472.03,0.00,367.61,completed,"Scenario B – low-cost, quick-service job order.",True
719,699,699,1199,2025-07-09,2025-07-09 02:35:42.964095,2025-07-09 06:35:42.964095,2025-07-09 02:55:42.964095,2026-05-27 02:35:42.964095,2026-06-10 02:35:42.964095,00:42:13,01:13:23,854.56,605.39,0.00,35.29,completed,"Scenario B – low-cost, quick-service job order.",True
720,700,700,1200,2025-02-05,2025-02-05 02:35:42.964095,2025-02-05 06:35:42.964095,2025-02-05 02:49:42.964095,2026-06-10 02:35:42.964095,2026-05-23 02:35:42.964095,00:58:31,01:33:30,344.72,200.33,0.00,322.01,completed,"Scenario B – low-cost, quick-service job order.",True
721,701,701,1201,2025-09-27,2025-09-27 02:35:42.964095,2025-09-27 06:35:42.964095,2025-09-27 02:53:42.964095,2026-05-31 02:35:42.964095,2026-05-21 02:35:42.964095,01:02:35,00:51:32,391.53,1763.97,0.00,680.98,completed,"Scenario B – low-cost, quick-service job order.",True
722,702,702,1202,2020-03-06,2020-03-06 02:35:42.964095,2020-03-06 06:35:42.964095,2020-03-06 02:56:42.964095,2026-06-26 02:35:42.964095,2026-08-05 02:35:42.964095,01:16:07,01:42:18,1872.32,1030.49,0.00,303.46,completed,"Scenario B – low-cost, quick-service job order.",True
723,703,703,1203,2023-07-15,2023-07-15 02:35:42.964095,2023-07-15 06:35:42.964095,2023-07-15 02:52:42.964095,2026-07-23 02:35:42.964095,2026-07-28 02:35:42.964095,01:28:44,00:54:16,1521.84,2139.68,0.00,396.49,completed,"Scenario B – low-cost, quick-service job order.",True
724,704,704,1204,2025-06-16,2025-06-16 02:35:42.964095,2025-06-16 06:35:42.964095,2025-06-16 03:02:42.964095,2026-06-08 02:35:42.964095,2026-06-12 02:35:42.964095,01:29:49,00:47:50,1597.01,258.44,298.41,198.54,completed,"Scenario B – low-cost, quick-service job order.",True
725,705,705,1205,2025-10-04,2025-10-04 02:35:42.964095,2025-10-04 06:35:42.964095,2025-10-04 02:53:42.964095,2026-06-16 02:35:42.964095,2026-08-04 02:35:42.964095,01:25:19,01:00:57,1793.50,930.97,0.00,403.76,completed,"Scenario B – low-cost, quick-service job order.",True
726,706,706,1206,2022-06-30,2022-06-30 02:35:42.964095,2022-06-30 06:35:42.964095,2022-06-30 03:04:42.964095,2026-07-14 02:35:42.964095,2026-07-15 02:35:42.964095,01:15:51,01:38:36,1505.64,429.44,0.00,46.65,completed,"Scenario B – low-cost, quick-service job order.",True
727,707,707,1207,2019-04-14,2019-04-14 02:35:42.964095,2019-04-14 06:35:42.964095,2019-04-14 03:04:42.964095,2026-07-29 02:35:42.964095,2026-06-02 02:35:42.964095,01:26:12,00:43:57,419.38,2084.95,0.00,606.27,completed,"Scenario B – low-cost, quick-service job order.",True
728,708,708,1208,2024-01-28,2024-01-28 02:35:42.964095,2024-01-28 06:35:42.964095,2024-01-28 02:49:42.964095,2026-05-08 02:35:42.964095,2026-06-21 02:35:42.964095,01:08:31,01:43:00,227.66,1508.07,0.00,327.76,completed,"Scenario B – low-cost, quick-service job order.",True
729,709,709,1209,2023-02-28,2023-02-28 02:35:42.964095,2023-02-28 06:35:42.964095,2023-02-28 02:56:42.964095,2026-07-29 02:35:42.964095,2026-08-02 02:35:42.964095,00:17:13,01:54:07,673.12,1028.13,0.00,70.95,completed,"Scenario B – low-cost, quick-service job order.",True
730,710,710,1210,2023-08-07,2023-08-07 02:35:42.964095,2023-08-07 06:35:42.964095,2023-08-07 02:58:42.964095,2026-05-27 02:35:42.964095,2026-05-19 02:35:42.964095,01:07:30,00:33:07,845.03,2190.60,0.00,426.44,completed,"Scenario B – low-cost, quick-service job order.",True
731,711,711,1211,2024-09-08,2024-09-08 02:35:42.964095,2024-09-08 06:35:42.964095,2024-09-08 02:45:42.964095,2026-07-13 02:35:42.964095,2026-06-12 02:35:42.964095,01:26:02,01:30:24,1176.60,370.12,0.00,686.37,completed,"Scenario B – low-cost, quick-service job order.",True
732,712,712,1212,2020-02-23,2020-02-23 02:35:42.964095,2020-02-23 06:35:42.964095,2020-02-23 03:03:42.964095,2026-07-13 02:35:42.964095,2026-07-18 02:35:42.964095,00:49:54,00:49:06,1829.24,810.80,578.75,220.71,completed,"Scenario B – low-cost, quick-service job order.",True
733,713,713,1213,2025-11-20,2025-11-20 02:35:42.964095,2025-11-20 06:35:42.964095,2025-11-20 03:03:42.964095,2026-06-19 02:35:42.964095,2026-06-11 02:35:42.964095,00:53:00,01:36:36,762.74,1366.61,0.00,716.08,completed,"Scenario B – low-cost, quick-service job order.",True
734,714,714,1214,2018-06-26,2018-06-26 02:35:42.964095,2018-06-26 06:35:42.964095,2018-06-26 03:03:42.964095,2026-07-11 02:35:42.964095,2026-07-18 02:35:42.964095,01:17:39,01:40:09,1194.35,1469.26,0.00,4.40,completed,"Scenario B – low-cost, quick-service job order.",True
735,715,715,1215,2022-08-28,2022-08-28 02:35:42.964095,2022-08-28 06:35:42.964095,2022-08-28 02:46:42.964095,2026-07-14 02:35:42.964095,2026-08-04 02:35:42.964095,00:32:26,01:39:15,528.90,2008.39,0.00,107.57,completed,"Scenario B – low-cost, quick-service job order.",True
736,716,716,1216,2022-12-26,2022-12-26 02:35:42.964095,2022-12-26 06:35:42.964095,2022-12-26 03:00:42.964095,2026-05-19 02:35:42.964095,2026-07-26 02:35:42.964095,00:38:54,01:24:48,208.63,641.79,0.00,639.11,completed,"Scenario B – low-cost, quick-service job order.",True
737,717,717,1217,2020-01-19,2020-01-19 02:35:42.964095,2020-01-19 06:35:42.964095,2020-01-19 02:59:42.964095,2026-07-08 02:35:42.964095,2026-07-12 02:35:42.964095,01:18:33,00:23:14,535.80,2293.45,0.00,585.26,completed,"Scenario B – low-cost, quick-service job order.",True
738,718,718,1218,2026-06-06,2026-06-06 02:35:42.964095,2026-06-06 06:35:42.964095,2026-06-06 02:53:42.964095,2026-05-13 02:35:42.964095,2026-05-20 02:35:42.964095,00:50:49,00:50:31,1914.70,2267.81,0.00,698.26,completed,"Scenario B – low-cost, quick-service job order.",True
739,719,719,1219,2025-09-12,2025-09-12 02:35:42.964095,2025-09-12 06:35:42.964095,2025-09-12 02:55:42.964095,2026-06-11 02:35:42.964095,2026-05-14 02:35:42.964095,00:38:12,00:44:08,1420.74,902.55,0.00,673.27,completed,"Scenario B – low-cost, quick-service job order.",True
740,720,720,1220,2022-06-17,2022-06-17 02:35:42.964095,2022-06-17 06:35:42.964095,2022-06-17 03:02:42.964095,2026-06-23 02:35:42.964095,2026-06-14 02:35:42.964095,00:22:04,00:56:40,598.44,1118.73,0.00,249.46,completed,"Scenario B – low-cost, quick-service job order.",True
741,721,721,1221,2020-05-16,2020-05-16 02:35:42.964095,2020-05-16 06:35:42.964095,2020-05-16 02:48:42.964095,2026-07-23 02:35:42.964095,2026-07-26 02:35:42.964095,01:28:28,01:37:18,1344.11,1253.27,0.00,291.50,completed,"Scenario B – low-cost, quick-service job order.",True
742,722,722,1222,2018-05-22,2018-05-22 02:35:42.964095,2018-05-22 06:35:42.964095,2018-05-22 02:52:42.964095,2026-06-04 02:35:42.964095,2026-06-22 02:35:42.964095,01:25:02,00:56:46,1306.07,747.81,478.07,48.86,completed,"Scenario B – low-cost, quick-service job order.",True
743,723,723,1223,2024-11-07,2024-11-07 02:35:42.964095,2024-11-07 06:35:42.964095,2024-11-07 02:57:42.964095,2026-06-20 02:35:42.964095,2026-08-01 02:35:42.964095,00:49:13,00:20:06,770.06,734.77,0.00,260.32,completed,"Scenario B – low-cost, quick-service job order.",True
744,724,724,1224,2023-11-25,2023-11-25 02:35:42.964095,2023-11-25 06:35:42.964095,2023-11-25 02:59:42.964095,2026-06-05 02:35:42.964095,2026-07-18 02:35:42.964095,00:43:24,01:58:25,1882.55,1156.54,0.00,260.05,completed,"Scenario B – low-cost, quick-service job order.",True
745,725,725,1225,2020-03-03,2020-03-03 02:35:42.964095,2020-03-03 06:35:42.964095,2020-03-03 02:53:42.964095,2026-06-29 02:35:42.964095,2026-05-20 02:35:42.964095,00:38:36,00:55:01,776.75,717.89,0.00,576.41,completed,"Scenario B – low-cost, quick-service job order.",True
746,726,726,1226,2025-11-18,2025-11-18 02:35:42.964095,2025-11-18 06:35:42.964095,2025-11-18 02:58:42.964095,2026-06-07 02:35:42.964095,2026-07-04 02:35:42.964095,00:36:46,01:03:25,1904.48,402.45,0.00,22.03,completed,"Scenario B – low-cost, quick-service job order.",True
747,727,727,1227,2022-11-09,2022-11-09 02:35:42.964095,2022-11-09 06:35:42.964095,2022-11-09 02:48:42.964095,2026-07-21 02:35:42.964095,2026-07-19 02:35:42.964095,00:46:13,00:38:39,1773.64,2195.46,0.00,161.69,completed,"Scenario B – low-cost, quick-service job order.",True
748,728,728,1228,2018-06-22,2018-06-22 02:35:42.964095,2018-06-22 06:35:42.964095,2018-06-22 02:58:42.964095,2026-07-09 02:35:42.964095,2026-05-27 02:35:42.964095,00:40:22,01:17:14,1494.74,1666.04,267.86,521.51,completed,"Scenario B – low-cost, quick-service job order.",True
749,729,729,1229,2018-03-17,2018-03-17 02:35:42.964095,2018-03-17 06:35:42.964095,2018-03-17 02:57:42.964095,2026-06-08 02:35:42.964095,2026-06-24 02:35:42.964095,00:25:45,01:55:44,502.76,295.82,0.00,219.15,completed,"Scenario B – low-cost, quick-service job order.",True
750,730,730,1230,2024-11-13,2024-11-13 02:35:42.964095,2024-11-13 06:35:42.964095,2024-11-13 02:52:42.964095,2026-07-09 02:35:42.964095,2026-07-20 02:35:42.964095,00:39:51,01:57:45,737.68,1403.60,373.94,541.54,completed,"Scenario B – low-cost, quick-service job order.",True
751,731,731,1231,2018-11-16,2018-11-16 02:35:42.964095,2018-11-16 06:35:42.964095,2018-11-16 02:51:42.964095,2026-05-26 02:35:42.964095,2026-05-21 02:35:42.964095,01:16:44,01:31:19,664.70,798.63,0.00,386.01,completed,"Scenario B – low-cost, quick-service job order.",True
752,732,732,1232,2021-12-19,2021-12-19 02:35:42.964095,2021-12-19 06:35:42.964095,2021-12-19 02:55:42.964095,2026-05-16 02:35:42.964095,2026-06-03 02:35:42.964095,01:08:37,01:22:06,824.23,865.46,274.57,611.79,completed,"Scenario B – low-cost, quick-service job order.",True
753,733,733,1233,2016-11-01,2016-11-01 02:35:42.964095,2016-11-01 06:35:42.964095,2016-11-01 02:55:42.964095,2026-05-14 02:35:42.964095,2026-07-24 02:35:42.964095,00:15:27,00:59:55,1343.94,476.75,0.00,431.66,completed,"Scenario B – low-cost, quick-service job order.",True
754,734,734,1234,2022-04-23,2022-04-23 02:35:42.964095,2022-04-23 06:35:42.964095,2022-04-23 02:46:42.964095,2026-06-06 02:35:42.964095,2026-06-22 02:35:42.964095,01:02:21,01:59:21,1315.40,1076.39,0.00,6.00,completed,"Scenario B – low-cost, quick-service job order.",True
755,735,735,1235,2021-03-25,2021-03-25 02:35:42.964095,2021-03-25 06:35:42.964095,2021-03-25 02:48:42.964095,2026-08-02 02:35:42.964095,2026-05-28 02:35:42.964095,00:41:26,01:45:13,284.55,2120.63,0.00,559.41,completed,"Scenario B – low-cost, quick-service job order.",True
756,736,736,1236,2022-01-01,2022-01-01 02:35:42.964095,2022-01-01 06:35:42.964095,2022-01-01 02:48:42.964095,2026-07-04 02:35:42.964095,2026-07-13 02:35:42.964095,00:42:41,00:27:49,683.95,1082.33,0.00,607.53,completed,"Scenario B – low-cost, quick-service job order.",True
757,737,737,1237,2020-06-11,2020-06-11 02:35:42.964095,2020-06-11 06:35:42.964095,2020-06-11 03:01:42.964095,2026-05-13 02:35:42.964095,2026-06-03 02:35:42.964095,01:16:52,01:53:30,1843.48,2058.72,0.00,169.41,completed,"Scenario B – low-cost, quick-service job order.",True
758,738,738,1238,2026-04-10,2026-04-10 02:35:42.964095,2026-04-10 06:35:42.964095,2026-04-10 02:47:42.964095,2026-06-17 02:35:42.964095,2026-05-29 02:35:42.964095,01:19:54,00:44:10,1312.85,2456.44,0.00,114.07,completed,"Scenario B – low-cost, quick-service job order.",True
759,739,739,1239,2024-12-18,2024-12-18 02:35:42.964095,2024-12-18 06:35:42.964095,2024-12-18 02:57:42.964095,2026-07-10 02:35:42.964095,2026-07-21 02:35:42.964095,00:17:57,01:05:38,1453.31,304.56,0.00,546.42,completed,"Scenario B – low-cost, quick-service job order.",True
760,740,740,1240,2024-05-16,2024-05-16 02:35:42.964095,2024-05-16 06:35:42.964095,2024-05-16 03:00:42.964095,2026-07-21 02:35:42.964095,2026-06-22 02:35:42.964095,01:14:11,01:14:44,1733.21,2159.12,0.00,64.83,completed,"Scenario B – low-cost, quick-service job order.",True
761,741,741,1241,2025-09-21,2025-09-21 02:35:42.964095,2025-09-21 06:35:42.964095,2025-09-21 02:52:42.964095,2026-05-25 02:35:42.964095,2026-05-23 02:35:42.964095,01:25:08,00:35:27,695.21,369.63,0.00,270.47,completed,"Scenario B – low-cost, quick-service job order.",True
762,742,742,1242,2026-07-11,2026-07-11 02:35:42.964095,2026-07-11 06:35:42.964095,2026-07-11 03:01:42.964095,2026-07-22 02:35:42.964095,2026-05-18 02:35:42.964095,01:02:18,01:12:09,1795.93,1008.75,435.15,52.35,completed,"Scenario B – low-cost, quick-service job order.",True
763,743,743,1243,2025-01-04,2025-01-04 02:35:42.964095,2025-01-04 06:35:42.964095,2025-01-04 02:51:42.964095,2026-05-27 02:35:42.964095,2026-05-14 02:35:42.964095,00:17:43,01:54:32,1457.45,677.07,0.00,430.30,completed,"Scenario B – low-cost, quick-service job order.",True
764,744,744,1244,2021-03-11,2021-03-11 02:35:42.964095,2021-03-11 06:35:42.964095,2021-03-11 03:00:42.964095,2026-07-13 02:35:42.964095,2026-08-05 02:35:42.964095,01:05:37,01:39:30,1218.38,1768.33,0.00,785.72,completed,"Scenario B – low-cost, quick-service job order.",True
765,745,745,1245,2017-09-12,2017-09-12 02:35:42.964095,2017-09-12 06:35:42.964095,2017-09-12 03:01:42.964095,2026-07-03 02:35:42.964095,2026-07-17 02:35:42.964095,00:59:31,00:28:39,1143.26,2437.12,0.00,139.73,completed,"Scenario B – low-cost, quick-service job order.",True
766,746,746,1246,2020-02-06,2020-02-06 02:35:42.964095,2020-02-06 06:35:42.964095,2020-02-06 03:01:42.964095,2026-05-31 02:35:42.964095,2026-06-05 02:35:42.964095,00:39:22,01:28:37,1675.78,1826.30,0.00,273.02,completed,"Scenario B – low-cost, quick-service job order.",True
767,747,747,1247,2023-12-19,2023-12-19 02:35:42.964095,2023-12-19 06:35:42.964095,2023-12-19 02:52:42.964095,2026-06-14 02:35:42.964095,2026-06-24 02:35:42.964095,01:00:37,01:20:23,1546.70,999.29,0.00,687.69,completed,"Scenario B – low-cost, quick-service job order.",True
768,748,748,1248,2020-02-25,2020-02-25 02:35:42.964095,2020-02-25 06:35:42.964095,2020-02-25 02:53:42.964095,2026-06-26 02:35:42.964095,2026-06-30 02:35:42.964095,00:16:24,00:53:12,1947.49,1909.44,0.00,212.98,completed,"Scenario B – low-cost, quick-service job order.",True
769,749,749,1249,2019-03-12,2019-03-12 02:35:42.964095,2019-03-12 06:35:42.964095,2019-03-12 02:45:42.964095,2026-05-21 02:35:42.964095,2026-07-16 02:35:42.964095,01:10:02,00:50:06,241.69,824.90,0.00,157.96,completed,"Scenario B – low-cost, quick-service job order.",True
770,750,750,1250,2020-05-06,2020-05-06 02:35:42.964095,2020-05-06 06:35:42.964095,2020-05-06 02:48:42.964095,2026-07-11 02:35:42.964095,2026-05-12 02:35:42.964095,01:04:27,01:41:10,1573.73,2048.63,0.00,353.82,completed,"Scenario B – low-cost, quick-service job order.",True
771,751,751,1251,2021-08-26,2021-08-26 02:35:42.964095,2021-08-26 06:35:42.964095,2021-08-26 02:47:42.964095,2026-07-30 02:35:42.964095,2026-07-23 02:35:42.964095,01:11:38,01:33:47,577.37,2245.29,0.00,719.46,completed,"Scenario B – low-cost, quick-service job order.",True
772,752,752,1252,2021-09-18,2021-09-18 02:35:42.964095,2021-09-18 06:35:42.964095,2021-09-18 02:45:42.964095,2026-06-07 02:35:42.964095,2026-06-01 02:35:42.964095,01:08:00,01:13:52,529.95,1430.39,0.00,418.11,completed,"Scenario B – low-cost, quick-service job order.",True
773,753,753,1253,2019-12-30,2019-12-30 02:35:42.964095,2019-12-30 06:35:42.964095,2019-12-30 02:49:42.964095,2026-06-20 02:35:42.964095,2026-06-18 02:35:42.964095,01:18:16,01:08:57,841.55,1196.21,0.00,395.35,completed,"Scenario B – low-cost, quick-service job order.",True
774,754,754,1254,2021-09-25,2021-09-25 02:35:42.964095,2021-09-25 06:35:42.964095,2021-09-25 02:54:42.964095,2026-07-22 02:35:42.964095,2026-06-18 02:35:42.964095,00:51:37,01:12:40,1748.74,989.15,0.00,440.97,completed,"Scenario B – low-cost, quick-service job order.",True
775,755,755,1255,2025-12-24,2025-12-24 02:35:42.964095,2025-12-24 06:35:42.964095,2025-12-24 02:53:42.964095,2026-07-18 02:35:42.964095,2026-06-14 02:35:42.964095,00:42:27,01:01:03,566.98,1985.03,0.00,262.85,completed,"Scenario B – low-cost, quick-service job order.",True
776,756,756,1256,2020-10-08,2020-10-08 02:35:42.964095,2020-10-08 06:35:42.964095,2020-10-08 02:46:42.964095,2026-07-29 02:35:42.964095,2026-07-30 02:35:42.964095,00:34:29,00:52:56,962.33,848.29,0.00,443.33,completed,"Scenario B – low-cost, quick-service job order.",True
777,757,757,1257,2019-03-17,2019-03-17 02:35:42.964095,2019-03-17 06:35:42.964095,2019-03-17 02:53:42.964095,2026-07-23 02:35:42.964095,2026-07-27 02:35:42.964095,00:47:31,01:29:45,280.54,615.67,0.00,784.20,completed,"Scenario B – low-cost, quick-service job order.",True
778,758,758,1258,2020-04-03,2020-04-03 02:35:42.964095,2020-04-03 06:35:42.964095,2020-04-03 03:00:42.964095,2026-07-23 02:35:42.964095,2026-05-09 02:35:42.964095,00:18:52,00:30:18,1290.87,1113.22,591.29,79.81,completed,"Scenario B – low-cost, quick-service job order.",True
779,759,759,1259,2025-11-17,2025-11-17 02:35:42.964095,2025-11-17 06:35:42.964095,2025-11-17 02:55:42.964095,2026-05-26 02:35:42.964095,2026-05-30 02:35:42.964095,00:37:48,00:39:03,1542.23,1780.95,309.73,507.84,completed,"Scenario B – low-cost, quick-service job order.",True
780,760,760,1260,2025-09-13,2025-09-13 02:35:42.964095,2025-09-13 06:35:42.964095,2025-09-13 03:03:42.964095,2026-05-11 02:35:42.964095,2026-06-16 02:35:42.964095,00:38:29,00:51:07,639.75,494.44,264.38,83.68,completed,"Scenario B – low-cost, quick-service job order.",True
781,761,761,1261,2019-07-15,2019-07-15 02:35:42.964095,2019-07-15 06:35:42.964095,2019-07-15 02:57:42.964095,2026-05-18 02:35:42.964095,2026-06-22 02:35:42.964095,00:40:33,00:23:11,1373.82,2329.53,0.00,502.21,completed,"Scenario B – low-cost, quick-service job order.",True
782,762,762,1262,2021-11-17,2021-11-17 02:35:42.964095,2021-11-17 06:35:42.964095,2021-11-17 02:47:42.964095,2026-07-05 02:35:42.964095,2026-05-18 02:35:42.964095,00:42:35,01:45:52,1883.70,2165.32,0.00,615.40,completed,"Scenario B – low-cost, quick-service job order.",True
783,763,763,1263,2025-07-05,2025-07-05 02:35:42.964095,2025-07-05 06:35:42.964095,2025-07-05 02:49:42.964095,2026-07-21 02:35:42.964095,2026-06-23 02:35:42.964095,00:57:28,01:51:48,1703.37,2321.71,0.00,129.58,completed,"Scenario B – low-cost, quick-service job order.",True
784,764,764,1264,2017-10-17,2017-10-17 02:35:42.964095,2017-10-17 06:35:42.964095,2017-10-17 03:04:42.964095,2026-07-03 02:35:42.964095,2026-06-20 02:35:42.964095,00:56:14,01:15:10,243.87,1591.90,0.00,255.49,completed,"Scenario B – low-cost, quick-service job order.",True
785,765,765,1265,2017-06-20,2017-06-20 02:35:42.964095,2017-06-20 06:35:42.964095,2017-06-20 03:02:42.964095,2026-06-29 02:35:42.964095,2026-05-25 02:35:42.964095,01:00:16,01:57:40,1227.47,2165.61,0.00,674.71,completed,"Scenario B – low-cost, quick-service job order.",True
786,766,766,1266,2017-12-29,2017-12-29 02:35:42.964095,2017-12-29 06:35:42.964095,2017-12-29 02:53:42.964095,2026-07-01 02:35:42.964095,2026-08-03 02:35:42.964095,00:36:41,00:51:24,1397.00,1081.84,0.00,635.15,completed,"Scenario B – low-cost, quick-service job order.",True
787,767,767,1267,2026-05-05,2026-05-05 02:35:42.964095,2026-05-05 06:35:42.964095,2026-05-05 03:02:42.964095,2026-06-18 02:35:42.964095,2026-06-17 02:35:42.964095,01:28:09,01:44:39,264.23,371.25,0.00,453.33,completed,"Scenario B – low-cost, quick-service job order.",True
788,768,768,1268,2025-09-21,2025-09-21 02:35:42.964095,2025-09-21 06:35:42.964095,2025-09-21 02:49:42.964095,2026-08-04 02:35:42.964095,2026-07-27 02:35:42.964095,00:30:42,01:24:10,1928.61,1109.75,0.00,291.80,completed,"Scenario B – low-cost, quick-service job order.",True
789,769,769,1269,2022-01-05,2022-01-05 02:35:42.964095,2022-01-05 06:35:42.964095,2022-01-05 02:50:42.964095,2026-05-22 02:35:42.964095,2026-07-26 02:35:42.964095,00:44:18,01:12:03,1823.01,1934.17,0.00,267.71,completed,"Scenario B – low-cost, quick-service job order.",True
790,770,770,1270,2020-07-12,2020-07-12 02:35:42.964095,2020-07-12 06:35:42.964095,2020-07-12 02:46:42.964095,2026-06-01 02:35:42.964095,2026-06-23 02:35:42.964095,00:28:36,00:18:45,657.99,1070.75,0.00,386.11,completed,"Scenario B – low-cost, quick-service job order.",True
791,771,771,1271,2023-08-21,2023-08-21 02:35:42.964095,2023-08-21 06:35:42.964095,2023-08-21 02:45:42.964095,2026-06-15 02:35:42.964095,2026-06-02 02:35:42.964095,01:11:35,00:34:44,621.64,434.63,0.00,670.84,completed,"Scenario B – low-cost, quick-service job order.",True
792,772,772,1272,2022-10-15,2022-10-15 02:35:42.964095,2022-10-15 06:35:42.964095,2022-10-15 02:49:42.964095,2026-05-19 02:35:42.964095,2026-06-15 02:35:42.964095,01:14:24,01:18:49,1458.86,197.42,0.00,65.27,completed,"Scenario B – low-cost, quick-service job order.",True
793,773,773,1273,2020-12-17,2020-12-17 02:35:42.964095,2020-12-17 06:35:42.964095,2020-12-17 03:04:42.964095,2026-05-14 02:35:42.964095,2026-05-14 02:35:42.964095,00:55:09,01:52:17,745.23,1270.80,0.00,402.12,completed,"Scenario B – low-cost, quick-service job order.",True
794,774,774,1274,2020-05-26,2020-05-26 02:35:42.964095,2020-05-26 06:35:42.964095,2020-05-26 02:58:42.964095,2026-06-23 02:35:42.964095,2026-08-05 02:35:42.964095,00:57:23,00:41:38,1519.59,1660.90,0.00,322.46,completed,"Scenario B – low-cost, quick-service job order.",True
795,775,775,1275,2023-02-27,2023-02-27 02:35:42.964095,2023-02-27 06:35:42.964095,2023-02-27 02:55:42.964095,2026-06-01 02:35:42.964095,2026-06-07 02:35:42.964095,00:52:15,00:31:49,1406.04,1296.44,0.00,199.05,completed,"Scenario B – low-cost, quick-service job order.",True
796,776,776,1276,2022-07-15,2022-07-15 02:35:42.964095,2022-07-15 06:35:42.964095,2022-07-15 02:45:42.964095,2026-05-15 02:35:42.964095,2026-07-24 02:35:42.964095,00:48:35,00:46:43,1900.81,755.41,264.75,433.72,completed,"Scenario B – low-cost, quick-service job order.",True
797,777,777,1277,2025-02-27,2025-02-27 02:35:42.964095,2025-02-27 06:35:42.964095,2025-02-27 03:00:42.964095,2026-05-16 02:35:42.964095,2026-05-17 02:35:42.964095,01:28:37,01:07:56,803.02,1384.97,0.00,625.15,completed,"Scenario B – low-cost, quick-service job order.",True
798,778,778,1278,2021-08-15,2021-08-15 02:35:42.964095,2021-08-15 06:35:42.964095,2021-08-15 03:03:42.964095,2026-06-09 02:35:42.964095,2026-05-15 02:35:42.964095,01:06:42,01:19:01,1465.02,689.66,0.00,660.63,completed,"Scenario B – low-cost, quick-service job order.",True
799,779,779,1279,2025-12-03,2025-12-03 02:35:42.964095,2025-12-03 06:35:42.964095,2025-12-03 02:56:42.964095,2026-05-20 02:35:42.964095,2026-05-18 02:35:42.964095,00:44:08,01:12:10,1022.15,1864.76,0.00,447.00,completed,"Scenario B – low-cost, quick-service job order.",True
800,780,780,1280,2025-04-11,2025-04-11 02:35:42.964095,2025-04-11 06:35:42.964095,2025-04-11 02:50:42.964095,2026-07-30 02:35:42.964095,2026-07-14 02:35:42.964095,01:21:09,00:27:52,1889.68,977.87,0.00,443.62,completed,"Scenario B – low-cost, quick-service job order.",True
801,781,781,1281,2022-05-05,2022-05-05 02:35:42.964095,2022-05-05 06:35:42.964095,2022-05-05 02:54:42.964095,2026-05-15 02:35:42.964095,2026-07-01 02:35:42.964095,00:47:15,00:56:07,1889.82,535.69,0.00,783.62,completed,"Scenario B – low-cost, quick-service job order.",True
802,782,782,1282,2023-01-25,2023-01-25 02:35:42.964095,2023-01-25 06:35:42.964095,2023-01-25 02:46:42.964095,2026-05-17 02:35:42.964095,2026-08-05 02:35:42.964095,00:36:54,01:56:11,1947.58,2442.71,438.22,679.22,completed,"Scenario B – low-cost, quick-service job order.",True
803,783,783,1283,2018-09-17,2018-09-17 02:35:42.964095,2018-09-17 06:35:42.964095,2018-09-17 03:03:42.964095,2026-07-08 02:35:42.964095,2026-08-02 02:35:42.964095,00:18:04,00:30:23,723.98,556.62,0.00,607.13,completed,"Scenario B – low-cost, quick-service job order.",True
804,784,784,1284,2020-01-11,2020-01-11 02:35:42.964095,2020-01-11 06:35:42.964095,2020-01-11 03:00:42.964095,2026-06-16 02:35:42.964095,2026-05-17 02:35:42.964095,00:49:45,01:34:38,923.35,2188.26,558.41,528.91,completed,"Scenario B – low-cost, quick-service job order.",True
805,785,785,1285,2025-07-25,2025-07-25 02:35:42.964095,2025-07-25 06:35:42.964095,2025-07-25 03:04:42.964095,2026-06-16 02:35:42.964095,2026-05-12 02:35:42.964095,01:08:23,01:01:58,284.70,828.45,0.00,499.57,completed,"Scenario B – low-cost, quick-service job order.",True
806,786,786,1286,2018-05-22,2018-05-22 02:35:42.964095,2018-05-22 06:35:42.964095,2018-05-22 03:04:42.964095,2026-06-22 02:35:42.964095,2026-05-10 02:35:42.964095,01:00:26,00:36:57,560.52,2401.47,0.00,409.60,completed,"Scenario B – low-cost, quick-service job order.",True
807,787,787,1287,2021-01-28,2021-01-28 02:35:42.964095,2021-01-28 06:35:42.964095,2021-01-28 02:58:42.964095,2026-05-31 02:35:42.964095,2026-05-23 02:35:42.964095,01:04:32,00:46:17,1885.81,2022.36,0.00,358.77,completed,"Scenario B – low-cost, quick-service job order.",True
808,788,788,1288,2019-07-04,2019-07-04 02:35:42.964095,2019-07-04 06:35:42.964095,2019-07-04 02:57:42.964095,2026-07-19 02:35:42.964095,2026-06-07 02:35:42.964095,00:43:45,00:28:32,1766.45,606.78,0.00,697.29,completed,"Scenario B – low-cost, quick-service job order.",True
809,789,789,1289,2022-12-25,2022-12-25 02:35:42.964095,2022-12-25 06:35:42.964095,2022-12-25 02:49:42.964095,2026-07-04 02:35:42.964095,2026-06-13 02:35:42.964095,01:04:50,01:27:45,1278.82,490.20,206.52,470.89,completed,"Scenario B – low-cost, quick-service job order.",True
810,790,790,1290,2025-04-11,2025-04-11 02:35:42.964095,2025-04-11 06:35:42.964095,2025-04-11 02:52:42.964095,2026-07-30 02:35:42.964095,2026-07-24 02:35:42.964095,00:52:27,01:56:27,1077.67,721.91,0.00,782.54,completed,"Scenario B – low-cost, quick-service job order.",True
811,791,791,1291,2025-08-11,2025-08-11 02:35:42.964095,2025-08-11 06:35:42.964095,2025-08-11 02:53:42.964095,2026-07-30 02:35:42.964095,2026-07-26 02:35:42.964095,01:23:49,00:27:06,906.44,1043.81,0.00,360.88,completed,"Scenario B – low-cost, quick-service job order.",True
812,792,792,1292,2025-05-18,2025-05-18 02:35:42.964095,2025-05-18 06:35:42.964095,2025-05-18 02:59:42.964095,2026-06-27 02:35:42.964095,2026-07-21 02:35:42.964095,00:24:17,01:02:31,803.92,626.87,0.00,277.08,completed,"Scenario B – low-cost, quick-service job order.",True
813,793,793,1293,2017-06-03,2017-06-03 02:35:42.964095,2017-06-03 06:35:42.964095,2017-06-03 03:00:42.964095,2026-05-19 02:35:42.964095,2026-07-13 02:35:42.964095,00:16:52,01:50:57,718.05,1626.77,0.00,398.61,completed,"Scenario B – low-cost, quick-service job order.",True
814,794,794,1294,2023-09-19,2023-09-19 02:35:42.964095,2023-09-19 06:35:42.964095,2023-09-19 03:04:42.964095,2026-07-17 02:35:42.964095,2026-06-05 02:35:42.964095,01:19:36,01:28:04,850.17,1723.34,543.08,591.80,completed,"Scenario B – low-cost, quick-service job order.",True
815,795,795,1295,2022-05-09,2022-05-09 02:35:42.964095,2022-05-09 06:35:42.964095,2022-05-09 02:54:42.964095,2026-06-19 02:35:42.964095,2026-07-18 02:35:42.964095,00:31:49,00:59:58,456.06,193.41,0.00,317.41,completed,"Scenario B – low-cost, quick-service job order.",True
816,796,796,1296,2018-10-30,2018-10-30 02:35:42.964095,2018-10-30 06:35:42.964095,2018-10-30 03:04:42.964095,2026-06-29 02:35:42.964095,2026-05-29 02:35:42.964095,00:45:53,00:53:40,393.60,872.71,530.42,648.31,completed,"Scenario B – low-cost, quick-service job order.",True
817,797,797,1297,2019-08-01,2019-08-01 02:35:42.964095,2019-08-01 06:35:42.964095,2019-08-01 02:47:42.964095,2026-06-22 02:35:42.964095,2026-05-21 02:35:42.964095,01:22:59,01:34:15,1775.19,440.85,0.00,276.69,completed,"Scenario B – low-cost, quick-service job order.",True
818,798,798,1298,2019-02-12,2019-02-12 02:35:42.964095,2019-02-12 06:35:42.964095,2019-02-12 02:51:42.964095,2026-06-29 02:35:42.964095,2026-07-30 02:35:42.964095,00:18:58,01:55:13,1481.67,2349.98,289.28,744.90,completed,"Scenario B – low-cost, quick-service job order.",True
819,799,799,1299,2022-02-24,2022-02-24 02:35:42.964095,2022-02-24 06:35:42.964095,2022-02-24 03:04:42.964095,2026-07-26 02:35:42.964095,2026-06-05 02:35:42.964095,01:22:23,00:54:44,1466.92,1235.89,537.27,386.21,completed,"Scenario B – low-cost, quick-service job order.",True
820,800,800,1300,2019-11-14,2019-11-14 02:35:42.964095,2019-11-14 06:35:42.964095,2019-11-14 02:59:42.964095,2026-07-23 02:35:42.964095,2026-05-15 02:35:42.964095,01:12:23,01:18:02,1551.32,2339.77,0.00,48.32,completed,"Scenario B – low-cost, quick-service job order.",True
