estimated_duration_mins,actual_amount,service_id,base_price,base_duration_hours,is_price_fixed,vehicle_age,vehicle_type_encoded,actual_duration_mins,predicted_duration_mins,predicted_amount
127.01666666666668,4052.12,3,800.0,0.5,True,10,3,150.46666666666667,149.17500000000007,4277.264499999997
117.26666666666668,1059.53,6,4500.0,0.5,True,2,0,150.58333333333334,142.36333333333346,2002.0703999999987
41.48333333333333,4477.46,4,1200.0,1.0,True,1,3,33.666666666666664,49.95149999999999,4666.962100000003
169.83333333333334,3952.56,7,2500.0,1.0,True,10,5,193.16666666666663,180.3308333333333,3846.5546000000004
229.86666666666667,3809.64,3,800.0,0.5,True,10,0,249.05,247.26283333333305,4279.045900000005
55.36666666666667,4965.73,3,800.0,0.5,True,4,1,66.58333333333333,71.58866666666661,4514.207499999993
224.56666666666663,5047.5,5,2000.0,1.5,False,3,2,265.28333333333336,250.2446666666666,4892.133500000002
34.016666666666666,4909.01,1,1500.0,1.0,True,12,2,70.9,60.7081666666666,4606.591000000004
70.23333333333333,1385.6,7,2500.0,1.0,True,8,1,76.3,80.02150000000007,2391.8448000000026
209.1,7030.63,2,3500.0,2.0,False,6,5,216.1833333333333,218.7916666666666,6329.190800000003
84.55,4840.46,7,2500.0,1.0,True,6,1,83.7,101.76733333333333,2899.6991000000007
156.95,6570.19,5,2000.0,1.5,False,15,4,187.78333333333333,180.31049999999985,6375.716199999993
65.78333333333333,6780.9,4,1200.0,1.0,True,10,3,72.85,72.97500000000008,3537.9715000000015
135.31666666666666,1438.35,7,2500.0,1.0,True,9,5,130.35,135.5428333333335,1741.7796000000017
237.3,3666.97,3,800.0,0.5,True,1,2,270.1,261.50299999999976,4079.6303999999923
218.9333333333333,2688.69,8,4000.0,2.0,False,9,1,241.15,235.8905000000001,3146.8713000000016
119.61666666666666,1646.02,1,1500.0,1.0,True,1,1,131.96666666666667,135.57700000000006,2569.4517999999975
198.96666666666667,6735.01,8,4000.0,2.0,False,2,2,228.86666666666667,222.67199999999968,6115.056000000008
118.35,533.87,5,2000.0,1.5,False,11,4,123.95,129.06700000000004,2289.7364999999977
174.46666666666667,3442.14,7,2500.0,1.0,True,16,5,159.96666666666667,171.23166666666685,3403.0653000000048
236.41666666666663,3056.83,8,4000.0,2.0,False,1,3,243.56666666666663,243.7388333333333,4028.9847000000013
53.63333333333333,3799.99,4,1200.0,1.0,True,5,5,48.3,62.33183333333335,4213.371999999995
208.41666666666663,2989.33,6,4500.0,0.5,True,1,3,223.7,227.8511666666669,3642.633000000001
92.63333333333334,2058.5,3,800.0,0.5,True,11,3,112.48333333333332,114.01550000000002,3926.307700000003
238.13333333333333,6162.74,5,2000.0,1.5,False,12,0,269.43333333333334,262.31399999999985,5778.152399999997
53.083333333333336,965.95,6,4500.0,0.5,True,4,1,93.73333333333332,80.41100000000004,2410.9118000000026
85.15,4936.72,6,4500.0,0.5,True,16,4,101.63333333333334,104.56883333333332,4676.371099999994
107.95,7524.62,2,3500.0,2.0,False,2,5,140.7,133.24100000000016,6276.538399999998
127.85,2543.58,5,2000.0,1.5,False,0,1,168.58333333333334,163.11066666666684,3186.8614999999995
226.36666666666667,6492.27,7,2500.0,1.0,True,5,4,217.56666666666663,228.14100000000005,5949.780300000005
40.98333333333333,2134.26,6,4500.0,0.5,True,4,4,74.23333333333333,63.80416666666668,4683.720699999996
153.25,7187.78,4,1200.0,1.0,True,0,4,153.25,155.22083333333333,3718.797900000001
169.21666666666667,674.51,5,2000.0,1.5,False,4,1,162.75,171.55283333333333,2029.6089000000004
194.08333333333331,3954.96,7,2500.0,1.0,True,9,5,199.31666666666663,205.92916666666667,3717.4883000000027
212.28333333333333,1485.44,2,3500.0,2.0,False,11,4,244.05,238.74599999999967,2548.614200000002
40.56666666666667,4756.43,6,4500.0,0.5,True,4,1,69.0,63.21200000000002,4487.695299999998
123.01666666666668,4607.16,6,4500.0,0.5,True,6,4,149.61666666666667,141.56483333333344,4149.321999999996
152.51666666666668,3887.52,3,800.0,0.5,True,6,4,142.21666666666667,163.05966666666663,4386.262100000003
204.6,5632.65,5,2000.0,1.5,False,6,4,193.56666666666663,222.11933333333337,5300.418500000007
81.41666666666667,1459.21,2,3500.0,2.0,False,14,2,80.21666666666667,86.73766666666657,3317.0189000000014
188.3,7642.78,3,800.0,0.5,True,5,0,220.03333333333333,211.45299999999992,6321.459200000009
110.21666666666668,6328.43,4,1200.0,1.0,True,0,5,135.5,132.09949999999998,5001.082599999996
110.38333333333334,6501.03,3,800.0,0.5,True,12,4,154.65,126.93183333333342,5739.49200000001
44.05,6310.2,3,800.0,0.5,True,6,5,34.68333333333333,38.98716666666669,4789.242800000004
205.0,6603.12,6,4500.0,0.5,True,1,1,237.9,228.7416666666668,4607.046700000001
96.23333333333332,3354.38,5,2000.0,1.5,False,7,2,93.2,98.37166666666666,3500.670500000001
162.18333333333334,2280.2,2,3500.0,2.0,False,15,2,184.21666666666667,184.4021666666668,2828.5054000000036
237.76666666666668,3048.72,6,4500.0,0.5,True,12,3,246.55,246.88133333333343,3220.012099999998
84.35,3324.05,8,4000.0,2.0,False,9,4,125.03333333333332,115.76283333333332,3744.3149999999955
238.25,5171.97,5,2000.0,1.5,False,7,4,262.93333333333334,261.2088333333333,5124.6343000000015
61.266666666666666,3458.59,4,1200.0,1.0,True,9,2,55.516666666666666,66.04099999999998,3973.3160000000016
33.25,794.71,2,3500.0,2.0,False,10,2,23.48333333333333,31.82699999999997,3276.372800000002
235.15,3458.5,3,800.0,0.5,True,15,5,222.45,235.3868333333336,3633.5216000000014
228.28333333333333,5289.01,1,1500.0,1.0,True,4,2,240.51666666666668,243.50533333333323,4262.036700000002
40.68333333333333,7138.77,1,1500.0,1.0,True,2,0,71.41666666666667,61.38700000000004,3795.3526
81.9,6171.39,1,1500.0,1.0,True,7,0,112.78333333333332,106.7926666666667,5621.060500000009
170.43333333333334,2202.06,5,2000.0,1.5,False,12,1,212.9,200.26450000000008,4308.953700000004
92.46666666666668,1319.2,7,2500.0,1.0,True,7,4,92.96666666666668,94.62649999999994,2911.5706000000023
190.7,1825.21,1,1500.0,1.0,True,2,4,181.33333333333331,196.0935000000001,4372.769600000003
201.1833333333333,6626.05,4,1200.0,1.0,True,10,2,245.11666666666667,237.81366666666636,3833.394499999999
133.43333333333334,2130.58,7,2500.0,1.0,True,3,4,130.03333333333333,134.56000000000006,2789.318699999998
221.26666666666668,5950.85,3,800.0,0.5,True,9,0,248.53333333333333,244.91066666666651,5235.829199999996
129.6,4280.38,7,2500.0,1.0,True,5,0,155.78333333333333,149.07233333333326,4310.237500000002
209.91666666666663,5365.09,3,800.0,0.5,True,9,5,241.3,239.06483333333304,3497.816100000001
223.6,2020.21,3,800.0,0.5,True,11,5,266.01666666666665,259.7619999999998,2934.2343000000023
71.41666666666667,6217.98,4,1200.0,1.0,True,4,5,85.43333333333334,93.70433333333338,5146.838699999997
119.11666666666666,3228.51,7,2500.0,1.0,True,3,2,135.18333333333334,131.14199999999985,4640.719000000003
146.5,536.61,4,1200.0,1.0,True,1,3,187.75,173.3075,4024.7733000000003
185.88333333333333,3326.11,7,2500.0,1.0,True,11,3,209.21666666666667,207.12983333333352,3775.980399999994
231.5,5714.82,7,2500.0,1.0,True,16,2,272.55,257.3494999999997,5100.500600000006
123.41666666666669,4867.51,6,4500.0,0.5,True,6,0,114.35,127.79016666666683,5533.712700000003
194.55,1802.74,3,800.0,0.5,True,12,2,215.8,212.254,3493.786299999997
112.5,6439.32,4,1200.0,1.0,True,16,2,116.36666666666666,121.59566666666667,5346.523800000004
93.2,3385.65,8,4000.0,2.0,False,6,5,133.95,122.65183333333344,4408.152000000005
161.53333333333333,5196.41,2,3500.0,2.0,False,7,0,162.03333333333333,167.79799999999994,4561.5876999999955
166.56666666666666,1938.03,7,2500.0,1.0,True,1,1,181.11666666666667,180.54016666666664,2959.200200000002
179.8,3853.12,7,2500.0,1.0,True,12,3,223.7333333333333,210.43933333333345,4705.730199999998
41.11666666666667,5224.42,6,4500.0,0.5,True,10,2,72.16666666666667,59.62449999999998,4766.221999999995
182.58333333333331,2252.45,6,4500.0,0.5,True,9,1,177.25,179.85850000000002,3925.4529000000016
57.93333333333333,6161.28,2,3500.0,2.0,False,16,5,102.7,91.59133333333332,5408.249000000011
208.7333333333333,1172.65,8,4000.0,2.0,False,10,0,235.61666666666667,233.94283333333317,1878.209699999998
92.61666666666666,3208.59,8,4000.0,2.0,False,12,0,127.9,121.33416666666658,3582.3123000000032
35.06666666666667,5920.28,8,4000.0,2.0,False,10,1,62.65,61.44916666666664,5058.421200000009
95.0,2973.57,8,4000.0,2.0,False,3,5,109.1,111.65250000000016,4421.8519
89.78333333333333,5747.92,5,2000.0,1.5,False,12,3,116.56666666666666,102.55883333333335,5035.886100000001
54.96666666666667,4161.29,5,2000.0,1.5,False,2,4,96.23333333333332,87.98900000000005,4068.9670999999958
136.58333333333334,7584.83,3,800.0,0.5,True,3,3,135.95,154.76433333333344,4083.3716
66.0,1911.91,2,3500.0,2.0,False,12,1,79.05,76.08150000000009,2584.4951000000024
212.4833333333333,2777.61,8,4000.0,2.0,False,5,0,230.45,229.83150000000023,5205.354700000001
70.58333333333333,735.72,4,1200.0,1.0,True,0,5,110.58333333333331,103.44783333333336,2702.6352
149.16666666666666,2092.2,5,2000.0,1.5,False,16,1,141.05,147.69016666666644,3021.462500000004
169.68333333333334,6591.82,2,3500.0,2.0,False,16,5,206.08333333333331,194.824,5439.094900000001
98.93333333333334,3611.64,8,4000.0,2.0,False,9,2,121.9,117.7309999999999,3440.6826000000046
210.06666666666663,5807.23,6,4500.0,0.5,True,0,4,233.06666666666663,230.29816666666676,4894.786599999994
106.36666666666666,4691.51,6,4500.0,0.5,True,13,5,109.23333333333332,109.77800000000008,4491.748900000004
79.21666666666667,4376.35,1,1500.0,1.0,True,9,5,67.6,88.83083333333335,4211.473499999993
178.2,1227.79,2,3500.0,2.0,False,16,5,214.88333333333333,210.57450000000023,5609.6954000000005
103.36666666666666,2466.05,8,4000.0,2.0,False,5,4,140.2,114.05450000000008,2983.1235999999963
31.016666666666666,3291.75,1,1500.0,1.0,True,0,2,37.03333333333333,42.8115,3732.7509999999993
176.23333333333332,540.67,1,1500.0,1.0,True,5,0,171.01666666666668,203.89733333333336,2559.1148000000026
127.26666666666668,6622.88,5,2000.0,1.5,False,0,1,158.93333333333334,156.74333333333306,4429.4845000000005
233.1,3322.0,5,2000.0,1.5,False,8,4,219.9833333333333,237.6618333333332,4921.528400000003
237.6,3396.59,1,1500.0,1.0,True,2,3,229.81666666666663,256.7963333333332,3930.145700000004
59.46666666666667,592.68,3,800.0,0.5,True,2,0,101.63333333333334,84.12733333333328,1356.843099999998
77.08333333333333,5560.09,7,2500.0,1.0,True,0,2,102.43333333333334,92.64633333333332,5137.428400000008
217.1,5680.42,2,3500.0,2.0,False,3,5,225.16666666666663,224.5023333333333,5355.266499999997
101.68333333333334,2444.87,8,4000.0,2.0,False,7,2,118.08333333333331,116.67400000000006,2937.8053999999993
72.61666666666666,1840.9,8,4000.0,2.0,False,6,1,59.63333333333333,68.58333333333329,4446.031300000003
199.78333333333333,1681.04,1,1500.0,1.0,True,0,1,203.08333333333331,224.43383333333347,2671.403500000001
77.96666666666667,7514.12,1,1500.0,1.0,True,1,3,88.7,92.64783333333332,4317.825400000002
55.6,625.32,7,2500.0,1.0,True,5,3,69.38333333333334,72.89533333333327,1909.688200000003
181.96666666666667,2008.76,3,800.0,0.5,True,12,3,184.85,192.1855,3184.2195000000042
225.6,4763.39,2,3500.0,2.0,False,2,2,241.75,242.16599999999997,4988.526100000007
113.2,7315.23,1,1500.0,1.0,True,6,5,135.3,128.25216666666668,4704.094700000004
126.96666666666668,7288.71,5,2000.0,1.5,False,1,1,143.01666666666668,148.1744999999998,6110.321400000002
84.85,7875.19,5,2000.0,1.5,False,4,1,111.91666666666669,108.56566666666669,6735.078999999993
56.05,7305.17,3,800.0,0.5,True,6,4,65.48333333333333,66.77866666666668,6370.5086
77.7,7094.62,2,3500.0,2.0,False,3,1,98.51666666666668,89.67966666666665,6075.242599999999
175.8,5196.35,5,2000.0,1.5,False,0,2,169.46666666666667,174.00383333333346,4242.197899999996
108.48333333333332,3916.75,3,800.0,0.5,True,16,1,140.65,134.28816666666654,3905.4754
98.13333333333334,4476.21,2,3500.0,2.0,False,2,1,110.31666666666666,111.86833333333342,4407.841300000003
151.15,524.56,4,1200.0,1.0,True,10,1,145.16666666666666,153.4038333333332,1568.091799999999
223.7,7918.33,4,1200.0,1.0,True,15,4,215.63333333333333,222.94266666666687,5976.6525
213.25,7925.8,8,4000.0,2.0,False,9,4,208.61666666666667,218.81483333333315,6092.143299999997
56.68333333333333,1899.6,4,1200.0,1.0,True,15,1,95.83333333333331,89.13933333333331,2481.694000000003
159.91666666666666,1414.36,5,2000.0,1.5,False,10,2,180.26666666666668,178.43583333333325,2382.8847999999975
92.16666666666669,1082.28,6,4500.0,0.5,True,9,1,112.38333333333334,110.27049999999994,2388.4405999999994
105.0,7427.48,6,4500.0,0.5,True,0,3,94.8,123.63183333333328,6717.023599999994
234.1833333333333,2362.44,1,1500.0,1.0,True,16,2,253.63333333333333,255.127,4048.881400000003
41.86666666666667,4165.71,8,4000.0,2.0,False,6,1,54.05,56.810166666666746,4255.1858000000075
232.9833333333333,7366.13,2,3500.0,2.0,False,5,3,221.2333333333333,232.68466666666671,6551.493800000004
107.51666666666668,5515.67,3,800.0,0.5,True,3,4,98.8,103.48083333333328,5198.576399999994
173.23333333333332,3808.98,3,800.0,0.5,True,11,3,171.4,179.40433333333323,4314.410199999997
177.25,1439.33,2,3500.0,2.0,False,13,1,216.51666666666668,207.7308333333333,2724.6713999999956
122.81666666666666,4096.78,3,800.0,0.5,True,11,0,142.83333333333334,142.66566666666682,3961.886800000005
179.13333333333333,7447.62,7,2500.0,1.0,True,0,5,168.38333333333333,182.84550000000013,6292.922799999998
64.8,1619.67,5,2000.0,1.5,False,6,1,58.18333333333333,64.57533333333336,3602.8387000000016
151.68333333333334,6856.66,7,2500.0,1.0,True,12,0,141.65,151.3936666666667,5766.999699999995
160.23333333333332,2292.41,8,4000.0,2.0,False,10,2,183.76666666666668,184.84349999999992,3190.8989
201.01666666666668,7999.75,7,2500.0,1.0,True,3,2,235.11666666666667,231.90399999999968,4071.596399999999
50.833333333333336,4729.73,6,4500.0,0.5,True,0,5,51.266666666666666,59.40083333333334,4958.191399999995
64.16666666666667,7458.31,8,4000.0,2.0,False,9,3,62.1,65.66883333333338,3228.461300000001
144.26666666666668,2357.14,8,4000.0,2.0,False,13,0,140.73333333333332,140.53000000000011,2577.1395000000043
113.96666666666668,3147.41,7,2500.0,1.0,True,6,1,103.58333333333331,113.0211666666668,3516.1129999999976
231.13333333333333,2478.44,2,3500.0,2.0,False,11,0,229.11666666666667,235.01183333333304,2813.4151
111.11666666666666,528.7,8,4000.0,2.0,False,6,1,96.58333333333331,105.13849999999996,1683.1794
126.15,4474.15,7,2500.0,1.0,True,15,4,121.68333333333334,141.22333333333327,4364.917700000004
54.55,6638.34,4,1200.0,1.0,True,1,2,63.98333333333333,69.31850000000003,5820.980600000005
229.91666666666663,6799.47,8,4000.0,2.0,False,6,1,244.33333333333331,236.40966666666657,5639.632499999993
66.35,1733.16,5,2000.0,1.5,False,4,5,72.33333333333333,76.54700000000005,2302.5021000000024
96.25,6241.22,3,800.0,0.5,True,7,4,99.03333333333332,98.96600000000002,5825.727199999991
33.43333333333333,878.9,6,4500.0,0.5,True,0,3,35.6,38.78899999999996,905.7640999999996
95.68333333333334,6648.03,4,1200.0,1.0,True,7,4,100.01666666666668,99.6719999999999,5733.6612000000105
148.61666666666667,2225.83,6,4500.0,0.5,True,1,2,134.51666666666668,144.60366666666658,2653.4623999999963
144.56666666666666,2370.42,5,2000.0,1.5,False,16,4,158.18333333333334,155.7291666666664,2885.227500000002
79.51666666666667,5909.34,8,4000.0,2.0,False,5,1,71.38333333333334,78.5486666666666,4952.310900000008
117.01666666666668,531.19,6,4500.0,0.5,True,3,2,131.96666666666667,131.19350000000006,4614.952300000003
150.91666666666666,5721.94,4,1200.0,1.0,True,4,3,159.76666666666668,157.62249999999986,5275.057800000002
91.05,2943.15,6,4500.0,0.5,True,14,4,107.58333333333331,107.40566666666672,4628.4821
211.1833333333333,3356.94,2,3500.0,2.0,False,7,1,197.9,210.97200000000004,3854.1473000000015
119.96666666666668,5590.64,2,3500.0,2.0,False,12,3,132.68333333333334,130.60366666666653,4945.874100000005
209.06666666666663,614.22,4,1200.0,1.0,True,1,1,243.25,237.9191666666667,1937.8366000000005
178.51666666666668,1819.06,6,4500.0,0.5,True,14,0,181.3,187.6921666666668,2828.185599999999
86.0,1070.73,8,4000.0,2.0,False,13,0,114.06666666666666,112.22266666666675,2068.6708000000026
34.833333333333336,1282.41,3,800.0,0.5,True,6,5,68.0,48.47166666666668,3142.9613999999997
139.98333333333332,2116.99,5,2000.0,1.5,False,0,4,176.71666666666667,170.76116666666672,2666.342399999997
172.38333333333333,845.44,3,800.0,0.5,True,3,5,202.95,187.2818333333333,2340.8715000000016
55.583333333333336,857.62,3,800.0,0.5,True,1,5,42.16666666666666,80.57366666666665,1818.8583999999992
213.88333333333333,7970.81,2,3500.0,2.0,False,6,1,245.83333333333331,232.07616666666675,5105.408200000001
97.88333333333334,6720.86,3,800.0,0.5,True,5,3,101.81666666666666,105.87999999999994,6245.337299999992
142.56666666666666,2743.22,3,800.0,0.5,True,9,5,163.53333333333333,164.0546666666666,2879.0589999999993
145.83333333333334,5512.91,4,1200.0,1.0,True,4,1,153.66666666666666,157.48116666666652,4620.615699999998
155.85,3399.77,4,1200.0,1.0,True,0,5,167.13333333333333,170.92799999999997,3843.6545
93.66666666666669,3406.79,8,4000.0,2.0,False,12,5,102.43333333333334,110.75499999999992,3971.566499999999
66.81666666666666,5255.07,1,1500.0,1.0,True,6,4,106.96666666666668,72.53400000000005,4055.664
150.78333333333333,5182.42,8,4000.0,2.0,False,1,0,194.3,151.45049999999998,4937.911499999998
107.26666666666668,1587.98,2,3500.0,2.0,False,6,1,110.25,110.48233333333332,2143.765700000002
189.95,7097.54,3,800.0,0.5,True,1,5,220.58333333333331,212.475,5839.113999999998
218.31666666666663,7975.56,1,1500.0,1.0,True,15,3,221.0,224.20150000000004,4337.531199999999
190.2,1589.79,2,3500.0,2.0,False,5,2,188.01666666666668,198.52383333333336,2424.451800000002
139.31666666666666,6785.59,8,4000.0,2.0,False,6,4,159.85,156.49833333333336,5959.428100000003
140.93333333333334,7152.93,3,800.0,0.5,True,7,3,145.81666666666666,156.5095000000003,6087.331300000002
68.53333333333333,2822.92,4,1200.0,1.0,True,7,4,60.05,72.05233333333335,3720.665200000001
127.53333333333332,2326.71,1,1500.0,1.0,True,6,2,148.16666666666666,144.42999999999992,2511.5044999999977
90.71666666666668,3864.89,1,1500.0,1.0,True,6,4,98.43333333333334,97.1388333333333,4452.424800000006
220.76666666666668,6791.23,6,4500.0,0.5,True,5,0,254.11666666666667,232.01716666666664,6107.327799999994
205.15,3444.42,4,1200.0,1.0,True,8,1,237.33333333333331,233.32433333333327,3138.788300000002
51.93333333333333,4622.43,3,800.0,0.5,True,2,4,42.86666666666667,52.90300000000002,4677.022599999996
176.08333333333334,5057.1,8,4000.0,2.0,False,10,5,200.15,195.54016666666664,4456.256999999999
218.78333333333333,7202.4,5,2000.0,1.5,False,16,1,209.31666666666663,213.6445000000001,6137.945300000008
70.61666666666666,651.19,2,3500.0,2.0,False,6,1,106.08333333333331,96.00766666666668,1517.755100000001
74.8,6343.47,2,3500.0,2.0,False,11,5,68.11666666666666,75.40683333333337,4931.1701999999905
34.95,5558.13,8,4000.0,2.0,False,13,4,60.91666666666666,60.8175,3191.7557
49.71666666666667,6644.28,2,3500.0,2.0,False,6,0,78.55,60.96449999999999,5256.64790000001
176.73333333333332,5623.12,1,1500.0,1.0,True,4,1,219.06666666666663,208.88483333333335,4650.629799999998
88.06666666666666,5237.98,7,2500.0,1.0,True,11,3,107.06666666666666,96.82233333333336,4866.051199999995
127.71666666666668,6133.65,4,1200.0,1.0,True,6,4,116.76666666666668,128.37283333333326,5470.918600000008
166.18333333333334,7440.42,5,2000.0,1.5,False,15,4,185.28333333333333,180.1413333333332,6680.296699999995
219.7,6760.14,2,3500.0,2.0,False,7,4,251.4333333333333,243.38566666666676,5035.3657
175.31666666666666,5571.41,5,2000.0,1.5,False,11,4,171.31666666666666,176.09266666666682,3978.3575000000005
197.16666666666663,2642.54,8,4000.0,2.0,False,10,2,189.1833333333333,217.24216666666663,3474.490499999998
106.16666666666669,4592.2,3,800.0,0.5,True,0,3,129.55,110.04733333333326,4755.652600000004
179.61666666666667,2687.88,3,800.0,0.5,True,13,5,217.33333333333331,196.73183333333336,3323.732600000001
234.33333333333331,7185.51,3,800.0,0.5,True,5,4,257.8666666666667,253.8198333333329,6239.004600000004
227.9333333333333,7382.33,3,800.0,0.5,True,7,0,238.75,239.31266666666667,6601.814899999998
141.18333333333334,1296.71,4,1200.0,1.0,True,15,5,138.01666666666668,149.2871666666666,2463.394999999999
81.63333333333334,3785.9,7,2500.0,1.0,True,11,1,72.93333333333334,83.19916666666671,3608.528100000002
79.61666666666666,6285.43,2,3500.0,2.0,False,16,1,88.2,87.84499999999998,4954.219599999997
105.85,1502.23,2,3500.0,2.0,False,6,5,110.55,111.09699999999992,3698.7807999999995
139.96666666666667,2657.63,1,1500.0,1.0,True,6,4,172.5,164.53816666666663,3601.2763000000004
78.93333333333334,887.07,8,4000.0,2.0,False,12,5,65.06666666666666,72.61699999999995,3768.9025999999985
30.73333333333333,2795.71,4,1200.0,1.0,True,9,5,63.6,43.79916666666667,3603.0895
173.86666666666667,7898.09,5,2000.0,1.5,False,12,2,191.38333333333333,186.9168333333334,6430.954300000001
230.31666666666663,2158.45,1,1500.0,1.0,True,0,5,244.01666666666668,241.56499999999983,3116.238100000004
220.7333333333333,7044.45,3,800.0,0.5,True,15,0,222.16666666666663,228.91850000000005,5863.9253000000035
131.21666666666667,5006.34,3,800.0,0.5,True,1,1,156.3,155.19366666666645,4568.288100000006
181.66666666666663,5116.68,6,4500.0,0.5,True,13,0,187.38333333333333,185.49033333333344,4413.573799999999
183.56666666666663,6761.98,2,3500.0,2.0,False,12,5,206.16666666666663,202.3705000000001,5776.741099999997
214.81666666666663,5123.76,4,1200.0,1.0,True,11,0,220.83333333333331,236.6441666666664,4035.607300000001
214.6833333333333,2379.83,8,4000.0,2.0,False,15,0,247.51666666666668,239.53049999999996,3300.3556999999987
208.53333333333333,6628.25,7,2500.0,1.0,True,0,5,220.86666666666667,221.3589999999998,4829.174000000003
173.76666666666668,1967.65,1,1500.0,1.0,True,7,1,209.1,201.8445,2841.6460999999986
101.15,3497.0,5,2000.0,1.5,False,4,1,92.33333333333331,98.0485,3863.6865999999995
140.88333333333333,5942.02,3,800.0,0.5,True,12,0,128.81666666666666,161.892,5321.247600000006
38.43333333333333,5198.31,1,1500.0,1.0,True,7,3,41.93333333333333,46.82133333333335,4894.944699999997
176.25,938.73,5,2000.0,1.5,False,11,5,196.9,197.99966666666677,2328.034700000003
110.48333333333332,2440.18,3,800.0,0.5,True,8,4,132.56666666666666,131.41433333333353,3403.3363999999965
192.9,6517.74,7,2500.0,1.0,True,1,1,208.3,206.54983333333317,6101.0194999999985
153.58333333333334,3162.62,1,1500.0,1.0,True,12,2,159.7,157.89450000000016,3942.785999999997
166.98333333333332,2550.32,4,1200.0,1.0,True,16,1,174.71666666666667,190.6578333333333,2823.941400000002
33.833333333333336,3969.47,1,1500.0,1.0,True,13,5,39.91666666666666,45.32300000000001,4189.219499999995
190.58333333333331,1319.17,8,4000.0,2.0,False,3,0,206.9,203.61783333333327,3687.554000000001
160.0,7649.28,3,800.0,0.5,True,11,3,204.76666666666668,195.3978333333332,6036.529900000008
212.9833333333333,7060.74,8,4000.0,2.0,False,3,4,211.06666666666663,214.27933333333337,5910.374399999996
74.51666666666667,2166.86,2,3500.0,2.0,False,5,2,105.46666666666668,94.82849999999992,2619.4935999999952
177.53333333333333,4653.65,7,2500.0,1.0,True,10,4,221.35,213.40349999999987,4173.176500000004
73.38333333333334,3620.74,4,1200.0,1.0,True,1,4,76.51666666666667,82.39016666666663,3176.741799999999
127.33333333333331,4383.88,5,2000.0,1.5,False,12,5,170.51666666666668,159.97216666666654,4057.2532000000024
182.9833333333333,4601.94,4,1200.0,1.0,True,6,4,189.25,195.2708333333333,4376.279100000001
196.45,1668.56,7,2500.0,1.0,True,9,3,229.9333333333333,224.1416666666668,2649.2592999999993
57.05,3622.38,2,3500.0,2.0,False,11,1,79.56666666666666,77.91383333333332,3585.0758
154.4,5185.45,4,1200.0,1.0,True,6,5,151.66666666666666,157.3688333333332,4867.780700000005
162.23333333333332,7322.41,5,2000.0,1.5,False,15,2,161.51666666666668,169.53516666666656,6109.558099999996
47.766666666666666,2293.24,3,800.0,0.5,True,12,2,74.16666666666667,70.06533333333341,4779.879700000001
222.03333333333333,2588.37,4,1200.0,1.0,True,0,1,222.38333333333333,231.55650000000023,2821.323299999999
108.45,5322.14,7,2500.0,1.0,True,10,0,105.38333333333334,111.65149999999996,5079.779200000007
102.53333333333332,502.84,7,2500.0,1.0,True,12,4,95.45,99.74100000000004,2709.667999999999
150.91666666666666,7469.96,6,4500.0,0.5,True,3,0,179.35,151.71399999999986,3341.654200000003
227.9833333333333,5882.89,1,1500.0,1.0,True,6,5,239.36666666666667,241.04099999999988,5152.789900000007
168.01666666666668,3877.94,5,2000.0,1.5,False,11,4,197.45,175.63300000000004,3705.251900000001
161.88333333333333,1954.72,3,800.0,0.5,True,9,0,176.48333333333332,182.93266666666668,2719.121200000001
186.05,6374.95,2,3500.0,2.0,False,9,1,175.46666666666667,181.73183333333344,4960.803400000006
145.6,1769.22,3,800.0,0.5,True,10,1,189.88333333333333,177.7338333333333,2295.553800000001
235.1,1891.56,1,1500.0,1.0,True,14,1,273.71666666666664,262.6730000000001,3445.5505999999987
74.81666666666666,3494.22,3,800.0,0.5,True,4,1,71.46666666666667,78.48383333333324,3530.2899999999954
168.26666666666668,2288.75,3,800.0,0.5,True,9,5,209.25,201.9198333333333,2586.1259
71.28333333333333,3054.0,2,3500.0,2.0,False,15,2,66.5,73.70916666666665,3237.3569
197.3,1435.07,8,4000.0,2.0,False,0,4,228.6833333333333,219.4858333333333,2896.519000000005
212.56666666666663,7929.52,2,3500.0,2.0,False,10,1,255.46666666666667,242.89616666666683,5697.103700000003
215.15,1582.47,1,1500.0,1.0,True,3,1,225.2333333333333,230.53883333333343,2181.3379000000014
160.4,2372.02,7,2500.0,1.0,True,3,1,196.63333333333333,193.97016666666676,3111.2794999999996
51.41666666666666,4991.14,8,4000.0,2.0,False,1,5,75.61666666666666,70.09650000000002,4878.497400000006
126.28333333333332,3712.82,7,2500.0,1.0,True,3,1,125.98333333333332,133.36500000000004,3793.9077000000048
166.3,946.94,8,4000.0,2.0,False,11,2,153.93333333333334,166.1086666666665,2146.4373000000014
75.55,981.76,5,2000.0,1.5,False,5,1,100.63333333333334,96.5946666666666,1834.6431000000014
147.15,6182.44,5,2000.0,1.5,False,0,2,164.2,161.73400000000004,3494.9143
159.75,4417.33,8,4000.0,2.0,False,3,2,178.03333333333333,175.42899999999983,3943.9429000000005
129.48333333333332,1533.11,2,3500.0,2.0,False,11,3,131.15,133.85899999999987,2583.5463999999965
50.15,5946.87,5,2000.0,1.5,False,4,2,92.36666666666666,80.15950000000004,4752.047099999997
230.36666666666667,3371.82,4,1200.0,1.0,True,6,4,218.03333333333333,226.8089999999998,3780.1191000000026
216.81666666666663,3813.48,4,1200.0,1.0,True,2,0,223.78333333333333,228.2506666666665,3640.484899999998
199.95,3586.95,5,2000.0,1.5,False,2,3,221.28333333333333,218.8783333333335,3953.859800000004
143.58333333333334,6415.36,3,800.0,0.5,True,15,3,184.0,175.7628333333333,6014.069599999993
151.8,2272.73,3,800.0,0.5,True,8,3,162.88333333333333,161.09683333333325,4981.892699999997
84.76666666666667,3963.48,5,2000.0,1.5,False,16,2,126.83333333333331,119.9883333333334,4350.427099999999
45.55,5897.54,8,4000.0,2.0,False,6,5,56.98333333333333,58.3963333333333,3824.0999000000024
53.583333333333336,6970.35,1,1500.0,1.0,True,8,5,42.41666666666666,50.85033333333335,5698.288499999992
157.61666666666667,2166.38,8,4000.0,2.0,False,4,1,157.83333333333334,182.06900000000005,2777.4606000000035
205.86666666666667,2403.06,8,4000.0,2.0,False,12,3,231.55,228.5138333333332,3109.897099999998
141.03333333333333,7456.28,2,3500.0,2.0,False,6,3,183.36666666666667,171.8316666666667,6216.958100000007
43.18333333333333,581.93,7,2500.0,1.0,True,9,0,57.88333333333333,50.93849999999997,1757.4233999999976
172.61666666666667,2326.87,3,800.0,0.5,True,11,5,193.4,192.18533333333335,2762.014999999999
236.15,2285.96,7,2500.0,1.0,True,11,0,256.2333333333333,254.6053333333334,3375.1166000000017
167.81666666666666,6460.99,4,1200.0,1.0,True,1,1,195.76666666666668,191.44883333333323,5785.223399999995
46.55,2629.2,7,2500.0,1.0,True,16,0,31.916666666666668,47.65033333333331,2468.457400000003
210.2,7835.41,8,4000.0,2.0,False,16,3,206.71666666666667,212.36316666666676,6527.766799999997
51.016666666666666,7172.53,1,1500.0,1.0,True,15,0,62.78333333333333,60.187,4248.878000000002
115.4,4191.04,2,3500.0,2.0,False,15,2,105.71666666666668,127.23549999999996,4502.892799999999
55.73333333333333,1273.02,5,2000.0,1.5,False,5,0,46.2,58.143999999999934,2540.191399999997
203.96666666666667,2176.16,3,800.0,0.5,True,9,4,229.45,230.9440000000004,3204.0369999999994
184.7333333333333,2533.31,3,800.0,0.5,True,16,2,186.3,189.5756666666664,2758.305299999999
198.78333333333333,2173.73,5,2000.0,1.5,False,10,4,194.2,206.0196666666669,2703.817700000001
163.13333333333333,4605.37,2,3500.0,2.0,False,15,3,164.61666666666667,171.46766666666673,4719.929500000001
156.23333333333332,5908.1,1,1500.0,1.0,True,12,0,188.01666666666668,178.05483333333322,5246.455799999993
81.23333333333333,2320.63,2,3500.0,2.0,False,15,5,89.86666666666666,89.67700000000005,4827.9676000000045
233.33333333333331,7239.13,8,4000.0,2.0,False,0,4,240.55,239.78816666666643,5274.746400000004
47.86666666666667,5705.72,7,2500.0,1.0,True,3,5,48.98333333333333,62.97349999999999,5531.524699999994
200.36666666666667,4644.27,1,1500.0,1.0,True,0,5,225.6,222.56583333333344,4229.901200000004
222.85,1564.93,6,4500.0,0.5,True,0,5,246.63333333333333,243.1990000000004,2333.7213999999967
233.9,6249.32,8,4000.0,2.0,False,11,4,238.85,242.03516666666664,3595.9759000000013
147.01666666666668,2853.49,8,4000.0,2.0,False,12,2,136.21666666666667,140.70550000000006,2887.116499999999
196.45,3586.87,6,4500.0,0.5,True,12,2,216.83333333333331,214.4675,4115.383899999997
63.73333333333333,5358.4,6,4500.0,0.5,True,7,1,95.65,85.17733333333325,4371.9902000000075
123.38333333333334,3932.49,5,2000.0,1.5,False,1,3,158.2,153.46183333333352,3736.173099999996
204.61666666666667,1212.5,7,2500.0,1.0,True,15,2,222.61666666666667,228.1971666666664,2511.0686000000005
209.1,6624.48,8,4000.0,2.0,False,12,2,215.61666666666667,220.19833333333304,5535.983199999995
69.6,990.27,8,4000.0,2.0,False,11,3,70.85,71.94049999999999,2169.154599999998
162.95,6043.4,1,1500.0,1.0,True,2,2,178.95,189.49799999999988,5295.433900000007
187.95,7880.94,4,1200.0,1.0,True,15,2,193.2333333333333,198.91233333333335,4112.372300000001
174.95,2623.21,5,2000.0,1.5,False,7,3,165.11666666666667,184.74583333333337,4398.124700000001
99.06666666666666,2116.78,3,800.0,0.5,True,10,4,121.88333333333334,115.28033333333326,2902.397300000001
164.36666666666667,2543.46,5,2000.0,1.5,False,11,0,203.3,185.43716666666663,3065.7970000000005
42.833333333333336,2826.99,4,1200.0,1.0,True,3,2,36.56666666666667,45.919166666666655,3392.809299999997
198.45,2255.01,5,2000.0,1.5,False,10,3,225.38333333333333,219.20100000000025,3043.1199000000033
158.81666666666666,1477.24,8,4000.0,2.0,False,16,2,175.56666666666666,174.3688333333335,2816.0091999999986
162.85,5399.62,1,1500.0,1.0,True,13,2,176.6,185.6888333333332,5082.828699999997
30.966666666666665,4475.93,1,1500.0,1.0,True,9,2,23.133333333333333,45.3115,4245.674999999996
81.76666666666667,6032.18,3,800.0,0.5,True,2,3,115.26666666666668,104.22333333333336,5304.910399999996
60.45,7210.39,5,2000.0,1.5,False,13,2,72.48333333333333,75.19116666666669,3601.8287000000005
158.53333333333333,3688.16,6,4500.0,0.5,True,1,2,162.21666666666667,163.74566666666672,2480.1700999999994
149.88333333333333,1283.56,2,3500.0,2.0,False,8,5,149.4,155.05016666666654,2558.559599999999
126.21666666666668,7806.25,4,1200.0,1.0,True,3,2,148.06666666666666,143.48650000000026,3395.1736
149.55,6175.09,3,800.0,0.5,True,11,4,181.76666666666668,175.85799999999992,5496.156700000004
88.23333333333333,7551.62,5,2000.0,1.5,False,16,5,113.38333333333334,104.12233333333336,4024.388000000006
144.66666666666666,893.86,6,4500.0,0.5,True,16,5,173.55,166.6161666666664,2395.403899999997
234.2,6700.51,7,2500.0,1.0,True,1,1,274.15,261.4321666666669,6012.210300000006
85.75,706.4,1,1500.0,1.0,True,5,5,90.88333333333334,98.29699999999993,2074.5949999999975
88.96666666666667,6480.67,5,2000.0,1.5,False,15,2,103.36666666666666,105.35050000000004,4819.822399999999
131.2,7749.29,5,2000.0,1.5,False,15,1,154.76666666666668,153.00283333333323,4268.806600000001
79.45,4514.27,6,4500.0,0.5,True,4,2,96.65,90.67183333333332,4512.933300000005
153.5,7555.49,3,800.0,0.5,True,12,5,141.71666666666667,152.05233333333342,6052.080399999994
81.06666666666666,7167.01,6,4500.0,0.5,True,16,2,96.38333333333334,92.7338333333333,4413.1348
206.83333333333331,6281.61,7,2500.0,1.0,True,6,0,207.7,211.5363333333336,4546.729900000002
47.63333333333333,6187.43,7,2500.0,1.0,True,15,0,42.95,49.29266666666662,2088.5760000000028
217.6,827.19,7,2500.0,1.0,True,4,1,237.6833333333333,233.54566666666665,1891.1282000000015
79.05,1692.66,2,3500.0,2.0,False,15,4,123.76666666666668,85.96750000000003,2205.626100000002
196.58333333333331,2677.81,3,800.0,0.5,True,12,5,220.9,218.6843333333335,3657.0231000000013
74.75,5745.57,5,2000.0,1.5,False,15,2,89.9,89.46783333333322,4977.178400000003
130.18333333333334,3835.91,7,2500.0,1.0,True,6,5,143.85,142.54033333333348,3673.5286999999958
144.68333333333334,5944.39,5,2000.0,1.5,False,6,1,156.56666666666666,157.33966666666683,5119.500600000008
213.7,4085.79,7,2500.0,1.0,True,0,0,239.26666666666668,235.2268333333333,3991.560999999997
105.53333333333332,6791.9,8,4000.0,2.0,False,12,5,137.0,125.81649999999998,5878.272000000008
157.71666666666667,2166.27,4,1200.0,1.0,True,16,2,200.53333333333333,192.16733333333315,2871.600899999999
219.9333333333333,624.98,1,1500.0,1.0,True,6,1,257.76666666666665,249.3098333333332,2129.7247000000034
190.15,7379.44,1,1500.0,1.0,True,11,0,228.35,217.30933333333329,4148.242
194.65,5625.2,5,2000.0,1.5,False,11,2,214.9833333333333,215.7150000000001,5203.861400000005
180.31666666666663,4702.17,7,2500.0,1.0,True,13,0,179.91666666666666,187.8965,4535.749899999998
197.01666666666668,2355.77,6,4500.0,0.5,True,6,5,239.56666666666663,217.88166666666672,3303.2809000000007
183.8,537.1,4,1200.0,1.0,True,7,4,224.66666666666663,214.5578333333334,1727.9542000000029
150.38333333333333,2009.41,7,2500.0,1.0,True,7,5,176.7,168.32966666666687,2694.4532000000017
200.08333333333331,1442.93,3,800.0,0.5,True,12,1,228.91666666666663,228.49066666666675,2753.2788999999966
89.2,5825.37,7,2500.0,1.0,True,6,3,88.2,99.48550000000002,4405.602200000001
235.85,6074.79,2,3500.0,2.0,False,6,0,251.6,252.34083333333308,4951.635600000001
38.88333333333333,1262.59,5,2000.0,1.5,False,1,0,33.86666666666667,38.21116666666667,2487.432899999999
16.6,421.08,6,4500.0,0.5,True,0,3,52.1,44.09283333333333,650.9987
152.71666666666667,5060.54,7,2500.0,1.0,True,8,4,140.21666666666667,146.4291666666668,3556.8339999999985
99.16666666666669,4952.29,3,800.0,0.5,True,8,4,93.05,96.34216666666666,5006.679899999993
63.93333333333333,3211.38,6,4500.0,0.5,True,12,5,55.6,60.8938333333334,4002.8523999999998
212.35,6103.1,6,4500.0,0.5,True,6,1,221.08333333333331,223.46516666666665,5556.381299999993
76.6,6038.59,4,1200.0,1.0,True,2,3,118.36666666666666,108.3663333333334,4947.691800000001
102.11666666666666,6643.45,6,4500.0,0.5,True,11,4,145.31666666666666,117.22833333333332,5633.728000000004
48.91666666666666,3429.41,6,4500.0,0.5,True,11,2,60.4,61.21166666666662,3782.837899999995
198.53333333333333,2236.14,1,1500.0,1.0,True,4,3,236.9,227.5676666666668,3689.2110000000016
223.56666666666663,5849.71,7,2500.0,1.0,True,11,4,238.26666666666668,237.7906666666665,5159.912200000005
183.63333333333333,2046.34,2,3500.0,2.0,False,10,5,176.18333333333334,200.8266666666668,2932.9147
75.2,1628.73,4,1200.0,1.0,True,3,0,92.55,90.55750000000003,2504.978400000002
238.4333333333333,6699.18,3,800.0,0.5,True,8,1,271.55,267.059833333333,6241.374600000001
151.58333333333334,4359.25,6,4500.0,0.5,True,7,4,152.18333333333334,152.75533333333308,4552.9241999999995
58.7,2717.82,4,1200.0,1.0,True,1,3,83.18333333333334,81.50583333333336,2924.266300000003
129.03333333333333,670.53,1,1500.0,1.0,True,2,3,162.8,154.79116666666653,2139.9037999999987
96.6,6003.34,3,800.0,0.5,True,5,0,119.51666666666668,108.3001666666667,5566.0567000000065
224.26666666666668,7420.34,4,1200.0,1.0,True,12,3,232.4833333333333,233.7741666666668,3863.8146000000006
69.98333333333333,6860.3,7,2500.0,1.0,True,8,4,100.35,88.7556666666668,5317.233999999996
224.28333333333333,1255.43,8,4000.0,2.0,False,15,5,210.55,219.9366666666664,2985.1340999999975
158.56666666666666,4071.72,5,2000.0,1.5,False,16,4,164.66666666666666,169.8399999999999,4037.0210999999954
155.11666666666667,4049.33,1,1500.0,1.0,True,6,1,185.61666666666667,177.62949999999998,3542.7812000000004
76.8,1603.99,3,800.0,0.5,True,0,0,76.11666666666666,87.96516666666668,1927.9589999999992
147.71666666666667,2535.25,7,2500.0,1.0,True,13,5,156.95,154.4538333333335,3111.3806999999997
80.76666666666667,5879.58,4,1200.0,1.0,True,0,2,97.53333333333332,99.15333333333336,5102.445400000006
49.016666666666666,2682.33,7,2500.0,1.0,True,16,4,82.66666666666667,59.01299999999999,3351.223799999997
147.51666666666668,4083.69,2,3500.0,2.0,False,10,2,173.2,169.36616666666686,3627.2389000000003
229.66666666666663,5756.06,6,4500.0,0.5,True,1,2,258.28333333333336,239.11749999999995,4122.990600000002
118.41666666666669,7394.77,2,3500.0,2.0,False,6,4,117.46666666666668,123.02200000000002,6025.348600000008
227.4333333333333,7244.35,7,2500.0,1.0,True,5,4,212.45,228.72833333333332,6485.361199999997
114.63333333333334,635.64,5,2000.0,1.5,False,12,5,140.51666666666668,133.50099999999998,1844.0618000000024
132.43333333333334,2685.13,2,3500.0,2.0,False,5,3,139.56666666666666,140.12200000000024,3654.058900000002
182.61666666666667,2161.41,8,4000.0,2.0,False,1,2,202.78333333333333,197.95499999999996,2818.001600000001
196.85,6318.62,5,2000.0,1.5,False,0,3,236.3,214.4265000000001,5705.448899999996
110.33333333333331,5644.98,2,3500.0,2.0,False,5,0,140.01666666666668,133.25949999999992,3490.316000000002
220.01666666666668,5437.57,5,2000.0,1.5,False,11,4,239.8,239.6534999999997,4769.4492000000055
30.75,4690.98,2,3500.0,2.0,False,4,1,34.96666666666667,42.81516666666666,3301.4517999999994
162.23333333333332,2267.91,5,2000.0,1.5,False,16,0,185.9333333333333,183.65083333333325,2715.0649000000017
186.9833333333333,4012.46,5,2000.0,1.5,False,4,1,174.21666666666667,181.47183333333345,3372.0460000000026
63.45,1673.92,2,3500.0,2.0,False,6,5,58.55,65.07116666666673,2912.1707000000024
147.96666666666667,4878.55,2,3500.0,2.0,False,16,5,190.35,179.45733333333337,4521.980700000002
160.25,2651.09,7,2500.0,1.0,True,3,4,204.86666666666667,198.2836666666665,3142.3162999999995
233.35,5085.58,1,1500.0,1.0,True,10,0,261.81666666666666,257.8408333333331,4417.240000000003
160.88333333333333,6312.38,6,4500.0,0.5,True,15,0,165.48333333333332,169.52733333333336,5316.422600000002
92.85,7305.5,1,1500.0,1.0,True,4,5,99.8,99.71033333333328,3027.8304
192.45,3015.94,2,3500.0,2.0,False,1,1,178.36666666666667,186.31116666666665,3219.833400000002
138.55,1426.4,1,1500.0,1.0,True,7,0,132.75,142.66266666666664,2446.8128999999976
71.58333333333333,3805.84,4,1200.0,1.0,True,1,2,100.68333333333334,94.0941666666666,4291.450200000006
157.03333333333333,1812.98,5,2000.0,1.5,False,2,4,164.78333333333333,169.20166666666657,2276.2980000000007
198.4333333333333,3100.66,6,4500.0,0.5,True,0,3,197.25,204.5715,3626.883199999996
46.55,2900.43,2,3500.0,2.0,False,5,3,72.61666666666666,62.37366666666671,3542.9127000000003
192.78333333333333,4611.22,2,3500.0,2.0,False,9,0,192.35,194.6518333333333,3811.813100000001
117.8,5352.03,8,4000.0,2.0,False,15,0,116.53333333333332,118.91150000000002,4399.147700000007
153.21666666666667,1536.25,6,4500.0,0.5,True,1,2,151.63333333333333,154.37166666666658,2394.0521999999987
81.53333333333333,3850.78,5,2000.0,1.5,False,11,5,116.45,105.95833333333336,3798.941000000006
219.41666666666663,7850.71,2,3500.0,2.0,False,3,4,217.45,223.26200000000023,5294.080199999998
234.55,4799.96,6,4500.0,0.5,True,1,1,222.2,234.4751666666669,4205.7119
191.06666666666663,5200.22,5,2000.0,1.5,False,1,3,233.63333333333333,216.49950000000027,5237.6162999999915
108.48333333333332,7305.95,6,4500.0,0.5,True,9,1,94.86666666666666,124.53383333333336,6043.032600000002
199.4333333333333,6451.2,8,4000.0,2.0,False,1,2,235.55,214.70233333333317,4985.132100000001
101.5,6451.12,6,4500.0,0.5,True,9,3,135.7,121.45850000000002,6012.972
101.5,7298.18,5,2000.0,1.5,False,7,3,112.4,110.22716666666656,6434.5962000000045
178.73333333333332,7133.67,1,1500.0,1.0,True,12,2,216.53333333333333,212.17566666666647,5895.528200000001
144.06666666666666,2155.69,5,2000.0,1.5,False,15,3,135.76666666666668,144.35833333333318,3228.8564000000024
210.85,5173.6,2,3500.0,2.0,False,12,2,234.3,232.0286666666664,4439.517699999998
237.51666666666668,6233.78,1,1500.0,1.0,True,8,1,268.93333333333334,267.9669999999999,5909.842800000008
236.61666666666667,5836.84,7,2500.0,1.0,True,12,1,267.4,262.528,5221.168800000007
68.46666666666667,1352.88,5,2000.0,1.5,False,1,5,81.61666666666666,84.20783333333337,2248.4762000000023
69.76666666666667,7669.48,2,3500.0,2.0,False,4,5,65.03333333333333,72.44500000000008,6150.5736999999945
136.15,2758.66,5,2000.0,1.5,False,10,2,174.0,160.91316666666668,2860.250099999999
57.016666666666666,4524.63,3,800.0,0.5,True,4,2,91.55,86.38666666666673,4203.980400000001
131.25,3571.27,2,3500.0,2.0,False,12,2,121.58333333333331,130.71616666666677,3932.101200000001
232.71666666666667,3974.55,2,3500.0,2.0,False,3,4,229.83333333333331,234.01933333333315,4443.906699999995
40.55,1367.03,8,4000.0,2.0,False,15,5,46.516666666666666,45.72133333333336,2303.3623000000002
209.9,1064.75,5,2000.0,1.5,False,10,4,212.9,233.11299999999991,3917.263000000002
70.51666666666667,1333.68,4,1200.0,1.0,True,9,5,105.0,95.45233333333336,2720.281099999997
137.81666666666666,3116.21,5,2000.0,1.5,False,15,4,133.5,142.3418333333333,3131.7817000000014
116.31666666666666,6390.9,5,2000.0,1.5,False,6,1,113.03333333333332,122.48033333333328,5676.487700000006
216.65,5769.53,8,4000.0,2.0,False,1,2,218.56666666666663,221.47766666666664,5505.61840000001
122.46666666666668,5565.81,7,2500.0,1.0,True,15,3,143.91666666666666,138.13149999999985,4865.598600000001
86.86666666666666,4220.33,5,2000.0,1.5,False,5,1,113.73333333333332,105.91016666666664,4395.261600000003
132.76666666666668,4743.16,6,4500.0,0.5,True,5,4,148.61666666666667,146.63600000000008,4552.458899999994
230.85,5012.55,7,2500.0,1.0,True,13,4,232.83333333333331,236.8533333333332,4925.114699999998
52.85,5890.17,6,4500.0,0.5,True,6,1,51.21666666666667,57.82549999999992,5049.834199999998
148.11666666666667,2058.6,1,1500.0,1.0,True,11,1,154.8,160.28499999999977,2623.852200000002
159.28333333333333,3584.74,7,2500.0,1.0,True,11,0,155.91666666666666,162.14716666666646,3957.0770999999954
128.88333333333333,6531.89,4,1200.0,1.0,True,15,3,156.18333333333334,151.22599999999971,5467.662900000007
218.05,4974.63,5,2000.0,1.5,False,6,5,214.9833333333333,219.75516666666672,4981.992400000005
113.83333333333331,2726.06,3,800.0,0.5,True,7,1,150.16666666666666,140.26383333333325,3378.9486999999995
116.23333333333332,2440.67,5,2000.0,1.5,False,6,4,138.25,133.2445,2553.0902000000033
137.36666666666667,4593.69,2,3500.0,2.0,False,1,1,179.43333333333334,170.29849999999976,4041.471500000002
63.583333333333336,6052.58,1,1500.0,1.0,True,13,5,76.11666666666666,75.48633333333338,3441.3307
62.85,2297.5,5,2000.0,1.5,False,13,5,91.15,83.97016666666657,2578.5000000000005
166.08333333333334,682.32,2,3500.0,2.0,False,1,2,194.45,185.2390000000002,1749.9022000000027
44.71666666666667,4221.91,7,2500.0,1.0,True,8,1,71.15,62.97383333333326,4463.5791999999965
67.45,4394.0,5,2000.0,1.5,False,10,5,91.71666666666668,77.74683333333337,4117.2561
155.81666666666666,3892.55,4,1200.0,1.0,True,15,3,166.36666666666667,175.84533333333326,4755.572099999994
40.53333333333333,2118.48,5,2000.0,1.5,False,16,1,74.76666666666667,66.73066666666665,3732.652599999999
86.21666666666667,6397.53,3,800.0,0.5,True,9,4,88.81666666666666,92.027,5747.70670000001
97.56666666666666,3866.9,1,1500.0,1.0,True,7,1,85.56666666666666,103.76366666666668,4510.3975000000055
104.18333333333334,5503.62,8,4000.0,2.0,False,16,1,131.26666666666668,124.01233333333326,5284.1176000000005
92.06666666666666,7486.4,1,1500.0,1.0,True,6,5,93.33333333333331,95.72416666666662,5727.135200000007
178.75,1136.78,6,4500.0,0.5,True,12,0,169.71666666666667,182.9938333333334,2289.1588999999985
189.05,4847.86,6,4500.0,0.5,True,7,4,224.8,216.05333333333311,4425.039899999994
182.58333333333331,6607.63,2,3500.0,2.0,False,0,4,192.95,191.7725000000003,5758.943300000002
189.51666666666668,6283.74,7,2500.0,1.0,True,13,5,197.0,202.1358333333333,5393.367799999996
57.96666666666667,6199.16,7,2500.0,1.0,True,10,2,69.08333333333333,72.72566666666657,5241.180699999992
232.1833333333333,5444.06,7,2500.0,1.0,True,0,5,247.25,247.327,4630.905400000001
129.23333333333332,2499.68,1,1500.0,1.0,True,4,2,141.2,149.11233333333325,3116.449500000001
232.8,4077.26,1,1500.0,1.0,True,11,5,243.78333333333333,242.0223333333331,4010.221600000005
40.85,7361.91,7,2500.0,1.0,True,3,5,58.4,59.15466666666664,6170.4586999999965
46.25,2306.16,6,4500.0,0.5,True,1,1,87.35,76.46266666666675,3245.731700000001
235.9333333333333,5532.34,5,2000.0,1.5,False,0,3,260.35,258.9076666666665,5026.660200000007
127.21666666666668,1073.68,3,800.0,0.5,True,0,0,171.58333333333334,154.89733333333328,3908.8358000000007
231.83333333333331,5460.05,2,3500.0,2.0,False,5,4,259.2333333333333,250.4301666666668,5565.276099999999
203.1833333333333,1757.64,2,3500.0,2.0,False,4,4,205.06666666666663,213.21933333333337,3402.4379000000063
226.88333333333333,5224.32,8,4000.0,2.0,False,6,0,270.15,235.5201666666667,4895.105000000005
209.0,2692.21,6,4500.0,0.5,True,12,4,251.9333333333333,241.3606666666668,3076.8976999999995
106.63333333333334,4657.11,3,800.0,0.5,True,6,4,142.68333333333334,102.15299999999996,5099.799699999991
185.21666666666667,5624.59,6,4500.0,0.5,True,11,1,181.03333333333333,183.571,4745.228300000007
62.55,2338.17,5,2000.0,1.5,False,6,1,88.36666666666666,71.58316666666664,2871.3176000000026
58.48333333333333,6640.11,6,4500.0,0.5,True,12,5,68.46666666666667,69.77333333333324,5454.608999999993
44.41666666666666,3657.35,3,800.0,0.5,True,2,2,63.766666666666666,45.683,3782.3425999999968
137.56666666666666,1098.24,4,1200.0,1.0,True,7,2,165.83333333333334,151.1864999999999,1948.9568999999985
166.3,2993.25,5,2000.0,1.5,False,6,0,167.05,170.22399999999982,3318.594200000001
152.31666666666666,4891.81,5,2000.0,1.5,False,4,5,150.08333333333334,155.602,4039.8666
128.3,4713.85,8,4000.0,2.0,False,12,4,142.38333333333333,143.58983333333325,4586.443899999995
200.25,7862.92,4,1200.0,1.0,True,2,2,231.05,231.62033333333292,3625.1208999999985
180.61666666666667,5025.58,5,2000.0,1.5,False,2,0,219.03333333333333,186.01733333333345,4394.717800000002
95.08333333333331,2221.19,3,800.0,0.5,True,10,2,125.23333333333332,119.67750000000008,2999.979300000002
90.83333333333331,6360.28,8,4000.0,2.0,False,10,3,82.68333333333334,97.9405,5556.488200000009
175.91666666666666,1772.03,5,2000.0,1.5,False,5,4,168.6,174.3186666666668,2534.177999999999
98.13333333333334,5707.74,4,1200.0,1.0,True,16,3,98.41666666666669,108.31816666666673,5190.3829000000005
135.8,7199.21,8,4000.0,2.0,False,9,3,143.63333333333333,145.77083333333326,5865.236500000002
228.1833333333333,4194.57,3,800.0,0.5,True,14,5,257.81666666666666,252.09316666666655,3907.950700000004
71.95,1433.59,2,3500.0,2.0,False,16,5,87.48333333333333,87.15916666666674,2752.0553999999993
158.75,2620.18,8,4000.0,2.0,False,12,0,200.9833333333333,188.6755000000001,3053.1217999999963
94.76666666666668,2364.96,1,1500.0,1.0,True,3,0,114.73333333333332,112.94166666666676,3287.1059000000014
201.83333333333331,6489.15,7,2500.0,1.0,True,1,1,187.88333333333333,201.91633333333357,5678.333500000007
115.6,7608.66,7,2500.0,1.0,True,1,1,151.55,143.1893333333332,5843.949999999996
123.33333333333331,1310.88,3,800.0,0.5,True,1,2,147.36666666666667,146.19066666666666,4035.7784000000024
234.11666666666667,4693.29,3,800.0,0.5,True,4,4,225.28333333333333,233.48749999999976,4395.126199999996
89.41666666666667,4006.46,3,800.0,0.5,True,11,4,77.26666666666667,90.72649999999996,4935.846300000008
100.9,2342.41,4,1200.0,1.0,True,6,5,93.18333333333334,97.7969999999999,4342.524800000005
34.6,5524.24,3,800.0,0.5,True,0,2,40.21666666666667,47.34283333333332,4730.177999999995
120.73333333333332,7570.25,7,2500.0,1.0,True,11,0,108.53333333333332,131.20916666666665,6276.227900000002
169.05,6489.67,4,1200.0,1.0,True,9,3,202.3,197.06166666666635,5315.513399999996
169.83333333333334,2869.19,6,4500.0,0.5,True,11,2,174.53333333333333,178.3519999999999,3085.8983000000007
22.9,220.85,6,4500.0,0.5,True,0,1,59.11666666666667,49.34150000000004,335.7150999999994
44.86666666666667,642.56,6,4500.0,0.5,True,0,1,28.766666666666666,35.11733333333337,771.3819999999994
22.7,1114.76,6,4500.0,0.5,True,5,4,32.483333333333334,35.04899999999995,713.7576000000003
36.65,484.25,6,4500.0,0.5,True,5,4,23.03333333333333,27.07966666666665,698.9002
29.5,330.17,6,4500.0,0.5,True,5,0,27.166666666666668,30.585500000000007,597.4139999999992
30.366666666666667,1487.3,6,4500.0,0.5,True,3,4,20.366666666666667,27.24950000000001,1189.606800000001
41.03333333333333,789.34,6,4500.0,0.5,True,3,4,55.36666666666667,45.73416666666666,757.9827999999991
36.15,308.45,6,4500.0,0.5,True,1,4,34.28333333333333,38.091166666666645,492.62389999999937
34.96666666666667,273.39,6,4500.0,0.5,True,1,4,58.0,50.39083333333334,408.6731999999996
44.083333333333336,1114.66,6,4500.0,0.5,True,1,4,59.3,55.13116666666672,1119.8028000000015
30.816666666666663,244.06,6,4500.0,0.5,True,1,4,53.56666666666667,48.126333333333314,478.82789999999994
26.95,1011.9,6,4500.0,0.5,True,2,1,26.966666666666665,32.786000000000016,1168.6400999999996
41.7,660.36,6,4500.0,0.5,True,2,1,56.85,48.827000000000005,551.3094000000002
39.75,1486.68,6,4500.0,0.5,True,5,4,36.28333333333333,34.27966666666666,1179.1982999999977
42.7,853.05,6,4500.0,0.5,True,5,4,41.31666666666667,40.661499999999975,750.3599000000008
23.383333333333333,557.8,6,4500.0,0.5,True,1,4,41.46666666666667,41.22866666666668,574.8233000000005
24.1,1143.38,6,4500.0,0.5,True,1,4,40.1,40.80049999999995,958.7901000000005
43.9,784.74,6,4500.0,0.5,True,5,3,50.86666666666667,38.575666666666656,836.7787000000009
17.05,1462.17,6,4500.0,0.5,True,5,3,46.7,44.97999999999996,1133.4689999999987
30.616666666666667,556.4,6,4500.0,0.5,True,4,1,35.11666666666667,37.17666666666668,635.3210000000004
30.966666666666665,210.76,6,4500.0,0.5,True,4,1,41.833333333333336,41.65183333333332,587.2397999999995
34.55,1342.05,6,4500.0,0.5,True,2,4,49.68333333333333,47.92383333333335,302.4056999999994
19.23333333333333,1324.34,6,4500.0,0.5,True,2,4,45.583333333333336,45.433166666666686,1040.3580999999988
43.78333333333333,1231.61,6,4500.0,0.5,True,5,1,25.666666666666668,30.04416666666665,764.9285999999993
35.583333333333336,207.77,6,4500.0,0.5,True,5,1,38.9,39.80499999999998,474.72789999999935
20.366666666666667,955.06,6,4500.0,0.5,True,0,3,30.366666666666667,36.04866666666667,572.924
32.28333333333333,1373.58,6,4500.0,0.5,True,0,3,54.71666666666667,49.56633333333331,642.270999999999
26.866666666666667,1177.22,6,4500.0,0.5,True,4,0,49.95,45.22016666666664,729.8387000000004
34.733333333333334,1279.57,6,4500.0,0.5,True,4,0,34.0,36.1675,1141.810100000002
39.78333333333333,138.63,6,4500.0,0.5,True,1,1,29.15,31.51750000000004,262.7830000000002
44.06666666666667,157.17,6,4500.0,0.5,True,1,1,43.25,47.03516666666668,760.1452000000006
42.41666666666666,875.69,6,4500.0,0.5,True,1,1,39.38333333333333,40.93816666666662,684.4491000000005
31.866666666666667,814.94,6,4500.0,0.5,True,1,1,59.8,52.1793333333334,886.2632999999993
26.5,493.88,6,4500.0,0.5,True,4,4,59.28333333333333,37.40683333333333,607.6537999999991
29.1,1167.31,6,4500.0,0.5,True,4,4,22.466666666666665,30.105166666666676,1211.4425999999994
30.216666666666665,624.1,6,4500.0,0.5,True,3,4,33.03333333333333,37.36749999999997,736.6075999999998
36.083333333333336,1332.04,6,4500.0,0.5,True,3,4,39.46666666666667,41.034166666666685,1065.585999999999
29.28333333333333,1485.74,6,4500.0,0.5,True,3,0,50.05,42.71166666666673,1167.9995000000013
16.183333333333334,889.05,6,4500.0,0.5,True,3,0,44.53333333333333,43.727166666666655,911.1193000000015
19.83333333333333,634.93,6,4500.0,0.5,True,0,1,57.333333333333336,39.64883333333332,761.2712999999997
18.466666666666665,1306.39,6,4500.0,0.5,True,0,1,53.31666666666667,50.149999999999984,989.9762999999996
43.16666666666666,575.04,6,4500.0,0.5,True,5,3,20.433333333333334,30.469666666666694,913.2712999999997
28.28333333333333,411.47,6,4500.0,0.5,True,5,3,44.6,41.31199999999998,568.5287000000006
20.0,823.96,6,4500.0,0.5,True,2,1,49.71666666666667,46.04549999999999,724.2369999999999
43.8,1371.04,6,4500.0,0.5,True,2,1,32.483333333333334,35.0228333333333,1252.6946999999977
33.0,263.96,6,4500.0,0.5,True,4,1,32.35,43.311333333333344,450.3551999999996
42.2,1384.35,6,4500.0,0.5,True,4,1,20.35,23.44033333333331,1348.2260000000003
37.88333333333333,1499.82,6,4500.0,0.5,True,3,1,23.05,28.215166666666686,548.9410999999997
21.73333333333333,435.13,6,4500.0,0.5,True,3,1,53.41666666666666,49.80783333333336,570.6605999999996
34.35,658.59,6,4500.0,0.5,True,3,0,21.716666666666665,29.32300000000002,714.7591999999987
20.5,855.45,6,4500.0,0.5,True,3,0,57.98333333333333,41.77800000000001,819.6311999999998
36.7,236.51,6,4500.0,0.5,True,0,1,29.666666666666668,29.57099999999998,424.77389999999997
38.65,510.68,6,4500.0,0.5,True,0,1,38.1,37.580999999999946,838.6806999999998
39.3,172.86,6,4500.0,0.5,True,2,0,20.866666666666667,27.397499999999997,292.5308000000003
41.75,864.54,6,4500.0,0.5,True,2,0,20.6,43.22833333333331,909.0907999999995
37.083333333333336,321.42,6,4500.0,0.5,True,3,1,26.183333333333334,29.97066666666668,540.6390999999994
40.86666666666667,1213.36,6,4500.0,0.5,True,3,1,59.583333333333336,44.41666666666664,1078.7506
32.18333333333333,558.43,6,4500.0,0.5,True,5,0,31.58333333333333,33.023666666666685,778.3206999999998
25.966666666666665,1125.61,6,4500.0,0.5,True,5,0,30.966666666666665,33.70183333333334,896.8333
26.0,673.12,6,4500.0,0.5,True,2,4,47.23333333333333,44.7901666666666,842.6543999999999
31.83333333333333,635.08,6,4500.0,0.5,True,2,4,47.8,45.61466666666672,625.7292000000003
22.25,282.43,6,4500.0,0.5,True,5,0,34.55,37.1686666666667,461.18230000000017
36.45,940.98,6,4500.0,0.5,True,5,0,44.583333333333336,39.93983333333335,833.6901000000004
42.8,377.89,6,4500.0,0.5,True,1,3,33.75,40.36349999999999,459.3023999999995
16.2,970.33,6,4500.0,0.5,True,1,3,48.23333333333333,47.21449999999997,957.546200000001
44.68333333333333,1095.4,6,4500.0,0.5,True,0,0,41.8,45.29566666666671,1075.1214999999993
44.38333333333333,1310.93,6,4500.0,0.5,True,0,0,54.25,50.466166666666666,803.6715999999999
42.36666666666667,854.2,6,4500.0,0.5,True,0,3,55.31666666666667,50.794999999999966,784.0270999999989
34.666666666666664,457.3,6,4500.0,0.5,True,0,3,52.78333333333333,48.89350000000001,688.7588999999998
23.03333333333333,928.56,6,4500.0,0.5,True,5,4,36.45,44.04533333333331,1048.978299999999
18.216666666666665,446.04,6,4500.0,0.5,True,5,4,43.333333333333336,43.187000000000026,619.4824000000006
32.38333333333333,1162.32,6,4500.0,0.5,True,0,4,45.88333333333333,42.06983333333331,990.4355000000016
21.766666666666666,401.73,6,4500.0,0.5,True,0,4,47.66666666666666,35.75433333333335,492.54510000000033
15.316666666666666,144.17,6,4500.0,0.5,True,0,3,28.2,32.65683333333329,348.17669999999947
34.016666666666666,693.6,6,4500.0,0.5,True,0,3,44.333333333333336,41.39500000000004,586.3584999999996
15.4,1112.5,6,4500.0,0.5,True,4,3,48.86666666666667,37.68133333333333,924.4716000000001
35.56666666666667,371.14,6,4500.0,0.5,True,4,3,30.2,35.012666666666625,966.5226999999999
43.35,1072.58,6,4500.0,0.5,True,3,1,29.383333333333333,34.80999999999999,1126.6112000000007
35.4,740.72,6,4500.0,0.5,True,3,1,27.4,30.697833333333364,660.1280000000005
43.21666666666667,1392.87,6,4500.0,0.5,True,0,3,32.38333333333333,42.42849999999999,653.3484000000002
38.1,607.03,6,4500.0,0.5,True,0,3,54.31666666666667,47.82083333333332,671.1638999999994
25.45,1383.69,6,4500.0,0.5,True,1,4,51.5,42.55416666666666,558.5623999999998
25.383333333333333,443.75,6,4500.0,0.5,True,1,4,23.23333333333333,30.1163333333333,555.5214000000001
17.6,1169.41,6,4500.0,0.5,True,2,3,50.65,49.12099999999999,769.0637999999999
22.383333333333333,284.35,6,4500.0,0.5,True,2,3,41.21666666666667,39.28150000000002,376.10819999999956
34.666666666666664,1279.34,6,4500.0,0.5,True,5,4,54.833333333333336,50.07766666666668,1159.1374999999985
23.53333333333333,396.61,6,4500.0,0.5,True,5,4,57.95,51.819833333333264,1250.0755999999992
44.516666666666666,1352.23,6,4500.0,0.5,True,0,4,31.0,45.70466666666666,1074.455699999999
31.1,659.06,6,4500.0,0.5,True,0,4,26.9,30.899666666666704,616.7811999999996
34.6,113.01,6,4500.0,0.5,True,3,3,32.28333333333333,36.90266666666665,305.06679999999943
22.916666666666668,1312.71,6,4500.0,0.5,True,3,3,59.766666666666666,44.732000000000006,1109.7777000000015
35.21666666666667,230.23,6,4500.0,0.5,True,4,4,32.5,35.156666666666666,405.56940000000014
18.53333333333333,1351.95,6,4500.0,0.5,True,4,4,58.016666666666666,52.34666666666667,1210.313699999999
35.78333333333333,261.79,6,4500.0,0.5,True,5,4,47.13333333333333,40.49583333333332,440.7178000000005
30.966666666666665,695.15,6,4500.0,0.5,True,5,4,28.83333333333333,33.2811666666667,773.4582000000004
33.2,1497.08,6,4500.0,0.5,True,5,0,51.05,42.2678333333334,1275.677700000001
25.016666666666666,1043.86,6,4500.0,0.5,True,5,0,58.81666666666667,51.47299999999996,667.7361999999988
23.883333333333333,1216.83,6,4500.0,0.5,True,4,1,20.78333333333333,29.38149999999999,1103.9505000000006
38.85,810.31,6,4500.0,0.5,True,4,1,50.9,46.927166666666665,641.213699999999
36.81666666666667,597.4,6,4500.0,0.5,True,4,4,30.73333333333333,32.92366666666661,824.6649000000004
19.15,1289.6,6,4500.0,0.5,True,4,4,52.21666666666667,49.5705,979.4120999999989
15.366666666666667,683.67,6,4500.0,0.5,True,5,0,30.55,34.40233333333337,687.1241999999991
21.766666666666666,380.15,6,4500.0,0.5,True,5,0,50.65,47.04000000000003,457.85180000000065
32.21666666666667,1089.56,6,4500.0,0.5,True,4,4,29.816666666666663,33.659333333333315,858.1856000000007
20.766666666666666,1212.34,6,4500.0,0.5,True,4,4,46.48333333333333,45.21816666666663,998.8306999999985
22.933333333333334,1396.62,6,4500.0,0.5,True,5,4,22.666666666666668,44.02316666666668,1252.1734999999985
35.61666666666667,1297.65,6,4500.0,0.5,True,5,4,58.28333333333333,53.77716666666672,1265.4136999999976
33.86666666666667,1003.78,6,4500.0,0.5,True,4,0,47.95,44.88399999999995,955.1878999999997
24.85,1187.57,6,4500.0,0.5,True,4,0,44.78333333333333,43.64716666666667,1031.8335000000013
37.1,750.68,6,4500.0,0.5,True,2,1,33.0,34.216333333333324,906.9141999999989
34.93333333333333,844.28,6,4500.0,0.5,True,2,1,45.66666666666666,44.28666666666666,791.5843999999993
26.466666666666665,739.81,6,4500.0,0.5,True,1,1,31.366666666666667,31.339166666666674,545.0194999999994
24.966666666666665,1084.16,6,4500.0,0.5,True,1,1,52.833333333333336,47.51016666666667,1049.4303000000014
25.08333333333333,271.48,6,4500.0,0.5,True,4,4,26.25,30.69666666666667,1177.5693000000008
22.65,1497.41,6,4500.0,0.5,True,4,4,45.083333333333336,39.71116666666669,1220.431300000002
24.383333333333333,505.23,6,4500.0,0.5,True,1,1,57.016666666666666,50.66916666666669,522.5878000000004
19.1,1302.53,6,4500.0,0.5,True,1,1,57.016666666666666,52.97616666666667,1247.473099999999
40.6,232.12,6,4500.0,0.5,True,4,4,28.75,32.43016666666666,443.3413000000006
44.8,1489.0,6,4500.0,0.5,True,4,4,31.53333333333333,31.00233333333332,1331.6856000000002
40.03333333333333,1492.12,6,4500.0,0.5,True,1,1,49.333333333333336,42.81050000000004,994.5379999999991
27.7,1267.42,6,4500.0,0.5,True,1,1,36.7,35.29166666666664,567.1281999999997
37.66666666666666,482.65,6,4500.0,0.5,True,2,4,32.833333333333336,37.37250000000001,541.3118000000006
43.75,1281.05,6,4500.0,0.5,True,2,4,25.35,32.427999999999976,1001.6822000000012
25.35,1099.55,6,4500.0,0.5,True,3,1,26.383333333333333,33.314333333333344,990.5472000000012
26.216666666666665,1238.01,6,4500.0,0.5,True,3,1,35.666666666666664,34.798166666666646,1207.6718999999991
19.28333333333333,1191.0,6,4500.0,0.5,True,5,1,24.48333333333333,28.62983333333332,1090.4030999999993
35.333333333333336,154.75,6,4500.0,0.5,True,5,1,25.316666666666663,31.32633333333331,445.62979999999976
33.25,1198.95,6,4500.0,0.5,True,0,1,42.766666666666666,40.0668333333334,1146.2529999999983
22.75,124.68,6,4500.0,0.5,True,0,1,26.85,31.9233333333333,290.4929000000002
24.066666666666663,1238.23,6,4500.0,0.5,True,5,4,41.06666666666667,39.01983333333331,1031.295399999999
41.65,287.4,6,4500.0,0.5,True,5,4,32.166666666666664,35.30766666666668,323.3452000000003
18.78333333333333,936.45,6,4500.0,0.5,True,4,4,48.73333333333333,44.604166666666586,938.5681999999989
30.1,619.21,6,4500.0,0.5,True,4,4,56.73333333333333,47.66066666666665,804.3352999999992
42.46666666666667,579.2,6,4500.0,0.5,True,4,3,58.833333333333336,49.01316666666669,620.177699999999
41.0,1132.17,6,4500.0,0.5,True,4,3,29.116666666666667,34.61766666666667,1093.9283999999993
20.5,242.63,6,4500.0,0.5,True,3,4,46.61666666666667,45.66683333333334,416.7053999999997
23.95,224.02,6,4500.0,0.5,True,3,4,37.25,40.26416666666666,423.7764999999999
31.08333333333333,490.86,6,4500.0,0.5,True,5,4,30.08333333333333,34.52250000000002,751.2653000000001
21.416666666666668,947.68,6,4500.0,0.5,True,5,4,33.2,38.7228333333333,983.1914999999988
25.383333333333333,1206.22,6,4500.0,0.5,True,4,1,56.21666666666667,44.79366666666667,1170.916000000001
29.85,1329.04,6,4500.0,0.5,True,4,1,20.08333333333333,22.85983333333333,1326.101999999998
41.98333333333333,117.63,6,4500.0,0.5,True,0,0,51.96666666666667,47.33916666666665,976.4526000000005
18.066666666666663,1353.13,6,4500.0,0.5,True,0,0,36.45,38.45483333333328,1169.3366000000003
41.56666666666667,1223.84,6,4500.0,0.5,True,0,4,35.53333333333333,38.21383333333331,1160.3841999999984
22.8,510.11,6,4500.0,0.5,True,0,4,58.55,42.309833333333366,633.3757000000002
35.88333333333333,187.18,6,4500.0,0.5,True,5,1,45.1,42.9988333333333,354.5991
15.866666666666667,1134.63,6,4500.0,0.5,True,5,1,34.983333333333334,35.999499999999955,908.2812000000006
42.98333333333333,1414.02,6,4500.0,0.5,True,5,1,28.98333333333333,28.745499999999964,1266.9991000000007
38.25,441.16,6,4500.0,0.5,True,5,1,54.35,37.82749999999999,575.3826000000007
33.1,677.55,6,4500.0,0.5,True,2,4,20.6,29.17599999999998,767.7336000000007
37.333333333333336,602.89,6,4500.0,0.5,True,2,4,44.48333333333333,41.605499999999935,562.2328999999997
43.65,1055.36,6,4500.0,0.5,True,2,3,38.86666666666667,38.622000000000014,889.8674000000001
35.06666666666667,704.76,6,4500.0,0.5,True,2,3,46.3,43.710500000000046,676.4058
18.066666666666663,1024.56,6,4500.0,0.5,True,0,1,32.71666666666667,46.6815,868.3158999999993
43.8,328.92,6,4500.0,0.5,True,0,1,57.38333333333333,49.8378333333333,499.06229999999886
28.53333333333333,1387.28,6,4500.0,0.5,True,0,1,49.28333333333333,47.213833333333376,1191.0551999999996
27.85,1192.83,6,4500.0,0.5,True,0,1,22.516666666666666,27.949333333333342,1004.7961000000007
30.75,604.6,6,4500.0,0.5,True,2,1,41.083333333333336,41.59116666666672,595.1847999999992
16.066666666666666,1234.29,6,4500.0,0.5,True,2,1,54.333333333333336,51.745166666666655,1211.4899999999982
31.23333333333333,426.86,6,4500.0,0.5,True,4,4,59.66666666666666,48.84333333333333,699.6911999999996
38.75,1377.46,6,4500.0,0.5,True,4,4,24.85,30.45316666666665,1318.6815000000015
29.35,1105.99,6,4500.0,0.5,True,5,4,57.2,50.79499999999994,1089.1454000000006
22.85,798.99,6,4500.0,0.5,True,5,4,51.85,46.37949999999998,764.2327999999999
18.116666666666667,883.7,6,4500.0,0.5,True,4,3,54.16666666666666,47.72116666666667,744.8859999999991
16.3,1364.52,6,4500.0,0.5,True,4,3,43.71666666666667,42.01766666666666,1248.0310000000009
17.833333333333332,1347.6,6,4500.0,0.5,True,3,4,49.8,48.98716666666672,951.1520999999998
34.93333333333333,1120.52,6,4500.0,0.5,True,3,4,20.9,29.069500000000037,1112.7574000000004
21.366666666666667,906.91,6,4500.0,0.5,True,3,4,36.65,41.48866666666669,769.7710000000012
16.65,1374.76,6,4500.0,0.5,True,3,4,49.6,45.84283333333334,1085.1929999999986
22.75,1469.64,6,4500.0,0.5,True,5,1,44.05,42.10133333333339,1295.0560999999998
32.1,526.84,6,4500.0,0.5,True,5,1,33.18333333333333,34.327666666666694,701.3860999999987
43.61666666666667,1313.71,6,4500.0,0.5,True,3,4,36.516666666666666,37.1423333333334,1082.5104000000017
15.033333333333331,754.26,6,4500.0,0.5,True,3,4,34.06666666666667,35.25966666666665,637.8215000000005
43.15,1228.88,6,4500.0,0.5,True,3,4,57.66666666666666,51.82950000000001,1146.2738000000004
40.31666666666667,838.83,6,4500.0,0.5,True,3,4,59.41666666666666,51.09233333333336,789.328500000001
27.166666666666668,146.62,6,4500.0,0.5,True,4,1,29.05,35.66616666666668,287.7227999999999
36.68333333333333,541.11,6,4500.0,0.5,True,4,1,41.03333333333333,36.99433333333332,556.2199000000003
18.78333333333333,789.16,6,4500.0,0.5,True,3,1,38.41666666666666,37.21883333333332,753.1173000000013
40.8,1365.04,6,4500.0,0.5,True,3,1,24.933333333333334,34.53566666666668,1227.6498999999985
17.283333333333335,1215.93,6,4500.0,0.5,True,1,1,58.63333333333333,52.398333333333305,1119.0527999999981
41.16666666666666,193.11,6,4500.0,0.5,True,1,1,39.1,39.000333333333295,386.9281000000002
30.58333333333333,1224.89,6,4500.0,0.5,True,0,1,42.63333333333333,39.867333333333335,1081.0988
33.31666666666667,921.78,6,4500.0,0.5,True,0,1,53.78333333333333,48.25283333333335,826.0932999999994
39.86666666666667,967.26,6,4500.0,0.5,True,3,4,22.65,32.57150000000004,833.1158999999996
36.48333333333333,1069.65,6,4500.0,0.5,True,3,4,55.35,50.51066666666669,936.3915999999995
15.65,696.39,6,4500.0,0.5,True,4,1,54.56666666666667,48.09766666666668,700.1072999999993
28.316666666666663,605.54,6,4500.0,0.5,True,4,1,20.566666666666663,27.267833333333307,868.736899999999
25.85,483.23,6,4500.0,0.5,True,1,0,44.583333333333336,41.70183333333338,655.0292000000007
33.18333333333333,320.63,6,4500.0,0.5,True,1,0,49.88333333333333,46.4803333333333,636.6767999999994
20.0,420.88,6,4500.0,0.5,True,0,1,29.933333333333334,46.28766666666665,586.9665999999992
21.78333333333333,872.03,6,4500.0,0.5,True,0,1,49.23333333333333,44.50383333333329,807.8658999999992
30.266666666666666,547.25,6,4500.0,0.5,True,5,3,47.8,44.71950000000007,814.0912
26.683333333333334,1065.75,6,4500.0,0.5,True,5,3,28.25,30.547166666666666,825.0394999999994
22.1,572.82,6,4500.0,0.5,True,5,1,37.25,40.10016666666667,639.2212999999991
44.48333333333333,491.2,6,4500.0,0.5,True,5,1,38.41666666666666,39.538833333333294,644.7985999999995
15.333333333333334,1019.86,6,4500.0,0.5,True,5,1,32.55,33.7526666666667,824.9360000000001
18.433333333333334,648.52,6,4500.0,0.5,True,5,1,54.583333333333336,47.898166666666654,653.4601999999988
25.7,299.67,6,4500.0,0.5,True,5,1,51.516666666666666,46.84150000000005,442.7111999999993
34.56666666666667,348.79,6,4500.0,0.5,True,5,1,24.8,29.261833333333342,758.0063999999994
15.8,1284.44,6,4500.0,0.5,True,1,0,47.0,46.33466666666667,1138.1889000000012
28.416666666666668,989.85,6,4500.0,0.5,True,1,0,54.65,48.233166666666655,889.8063000000008
37.833333333333336,1138.98,6,4500.0,0.5,True,5,4,43.11666666666667,41.15716666666669,994.3773999999999
21.433333333333334,1419.31,6,4500.0,0.5,True,5,4,58.15,51.09283333333329,1278.832599999999
24.98333333333333,149.25,6,4500.0,0.5,True,2,3,42.3,36.486,265.8626
36.6,111.53,6,4500.0,0.5,True,2,3,27.933333333333334,31.233000000000008,297.6682999999998
23.016666666666666,1189.83,6,4500.0,0.5,True,2,4,57.7,52.752833333333264,1094.5518000000009
35.516666666666666,174.92,6,4500.0,0.5,True,2,4,46.73333333333333,45.84333333333328,496.00389999999965
31.383333333333333,718.73,6,4500.0,0.5,True,0,4,24.766666666666666,29.35766666666672,767.3628
22.683333333333334,200.78,6,4500.0,0.5,True,0,4,38.9,40.92016666666672,380.0080999999996
29.066666666666663,888.1,6,4500.0,0.5,True,2,3,47.21666666666667,46.78616666666667,691.1647999999998
35.05,480.06,6,4500.0,0.5,True,2,3,58.96666666666667,52.47483333333333,964.3346999999998
27.23333333333333,869.06,6,4500.0,0.5,True,3,1,42.96666666666667,32.342,847.0315999999991
30.433333333333334,924.71,6,4500.0,0.5,True,3,1,56.45,50.65499999999994,791.2652000000006
20.3,498.45,6,4500.0,0.5,True,2,3,42.66666666666666,43.046499999999966,632.1049999999992
42.78333333333333,894.77,6,4500.0,0.5,True,2,3,54.13333333333333,49.66999999999997,727.8812999999993
36.083333333333336,531.92,6,4500.0,0.5,True,3,3,37.3,38.176666666666726,689.9887999999991
43.48333333333333,1076.52,6,4500.0,0.5,True,3,3,20.933333333333334,27.218000000000025,944.3656
43.31666666666667,1293.64,6,4500.0,0.5,True,1,0,23.1,40.79949999999999,1164.5288
40.2,240.56,6,4500.0,0.5,True,1,0,28.933333333333334,29.37816666666668,695.4510999999998
33.35,273.15,6,4500.0,0.5,True,0,1,47.583333333333336,45.87416666666669,396.24550000000016
44.083333333333336,540.13,6,4500.0,0.5,True,0,1,48.21666666666667,47.12600000000001,813.8694999999998
28.55,1221.22,6,4500.0,0.5,True,5,0,39.96666666666667,36.83833333333336,548.3830000000002
36.28333333333333,218.4,6,4500.0,0.5,True,5,0,58.2,39.54066666666666,666.8240000000004
19.133333333333333,1032.72,6,4500.0,0.5,True,0,0,56.88333333333333,47.233999999999966,993.1689000000006
24.65,1467.18,6,4500.0,0.5,True,0,0,58.3,51.82566666666673,1284.2479999999982
38.48333333333333,348.53,6,4500.0,0.5,True,4,3,54.25,48.543500000000016,455.3501999999993
41.68333333333333,933.12,6,4500.0,0.5,True,4,3,28.28333333333333,33.84133333333332,981.812600000001
38.583333333333336,1337.94,6,4500.0,0.5,True,2,0,59.25,43.01683333333332,1119.0791
29.65,395.42,6,4500.0,0.5,True,2,0,59.266666666666666,50.84050000000003,484.48359999999934
34.85,1343.1,6,4500.0,0.5,True,0,1,57.833333333333336,53.43816666666668,1295.2322999999988
23.666666666666668,616.78,6,4500.0,0.5,True,0,1,35.56666666666667,38.29549999999998,727.5780999999993
23.433333333333334,1485.64,6,4500.0,0.5,True,3,3,20.03333333333333,25.84766666666665,1423.7268000000008
19.8,317.49,6,4500.0,0.5,True,3,3,27.95,37.39933333333335,709.1423
16.583333333333332,255.63,6,4500.0,0.5,True,4,1,29.3,35.33300000000001,295.83480000000026
29.35,1083.02,6,4500.0,0.5,True,4,1,41.3,39.22550000000005,948.2463
17.033333333333335,1282.95,6,4500.0,0.5,True,1,3,57.03333333333333,51.86200000000002,1266.568799999999
15.183333333333334,279.95,6,4500.0,0.5,True,1,3,36.95,37.14599999999994,432.83839999999975
33.916666666666664,1181.24,6,4500.0,0.5,True,4,1,20.6,25.04499999999998,1324.5751
24.816666666666663,478.32,6,4500.0,0.5,True,4,1,37.1,43.74500000000002,609.4368999999997
16.85,469.23,6,4500.0,0.5,True,2,1,50.48333333333333,48.40466666666663,559.7076000000006
16.8,1313.6,6,4500.0,0.5,True,2,1,38.53333333333333,46.29166666666665,1026.0843000000007
32.38333333333333,947.36,6,4500.0,0.5,True,3,0,48.766666666666666,45.39483333333335,955.961
19.016666666666666,383.14,6,4500.0,0.5,True,3,0,21.766666666666666,26.749666666666705,498.4222999999997
43.61666666666667,530.29,6,4500.0,0.5,True,2,4,44.53333333333333,42.35116666666665,553.4481000000003
32.36666666666667,953.83,6,4500.0,0.5,True,2,4,23.98333333333333,33.07716666666661,973.943200000001
34.88333333333333,975.47,6,4500.0,0.5,True,4,1,30.85,34.60216666666663,1030.0666000000008
33.06666666666667,705.84,6,4500.0,0.5,True,4,1,46.583333333333336,43.61750000000003,688.0986999999988
34.0,503.72,6,4500.0,0.5,True,0,1,23.616666666666667,30.31249999999999,526.6178000000006
15.35,1232.79,6,4500.0,0.5,True,0,1,45.3,43.83466666666671,1091.0697999999984
19.1,365.38,6,4500.0,0.5,True,2,4,28.65,38.93750000000004,483.28929999999934
25.85,1493.85,6,4500.0,0.5,True,2,4,22.95,26.035499999999978,1196.0106000000014
36.18333333333333,853.05,6,4500.0,0.5,True,3,4,45.06666666666667,44.12349999999998,902.6141000000008
26.683333333333334,995.92,6,4500.0,0.5,True,3,4,55.03333333333333,47.79566666666668,946.5065999999986
15.683333333333334,313.35,6,4500.0,0.5,True,3,4,38.583333333333336,44.362000000000016,594.7823999999993
42.6,732.62,6,4500.0,0.5,True,3,4,37.63333333333333,43.86483333333334,785.0551999999999
30.966666666666665,1421.01,6,4500.0,0.5,True,4,4,41.63333333333333,40.14483333333333,643.9907
16.216666666666665,213.96,6,4500.0,0.5,True,4,4,40.53333333333333,42.729666666666674,845.7696000000003
22.28333333333333,964.29,6,4500.0,0.5,True,3,1,58.66666666666666,51.207166666666666,662.5258000000005
35.233333333333334,271.06,6,4500.0,0.5,True,3,1,49.43333333333333,42.40533333333335,540.6442999999997
30.916666666666668,247.24,6,4500.0,0.5,True,0,0,24.98333333333333,32.614499999999964,458.37209999999976
30.383333333333333,597.2,6,4500.0,0.5,True,0,0,43.266666666666666,42.75533333333334,839.6385999999999
26.133333333333333,1168.98,6,4500.0,0.5,True,0,4,46.86666666666667,44.21366666666668,1117.3285999999991
44.833333333333336,1233.68,6,4500.0,0.5,True,0,4,48.06666666666667,47.392666666666656,1115.6918000000014
32.85,1475.82,6,4500.0,0.5,True,4,3,52.93333333333333,46.64350000000003,491.9154999999995
25.966666666666665,550.19,6,4500.0,0.5,True,4,3,35.266666666666666,36.51750000000006,662.6376000000005
18.866666666666667,1204.42,6,4500.0,0.5,True,1,4,24.83333333333333,29.042000000000023,1048.3519999999992
34.05,477.89,6,4500.0,0.5,True,1,4,33.35,37.68549999999995,544.1540999999995
32.38333333333333,636.66,6,4500.0,0.5,True,5,1,42.78333333333333,39.21083333333332,676.4981000000008
37.38333333333333,185.78,6,4500.0,0.5,True,5,1,49.38333333333333,44.95299999999997,476.36179999999933
34.81666666666667,434.41,6,4500.0,0.5,True,0,1,34.166666666666664,41.22516666666667,489.09190000000046
30.066666666666663,639.75,6,4500.0,0.5,True,0,1,26.55,39.72200000000004,729.7862999999998
40.95,338.48,6,4500.0,0.5,True,4,3,23.05,29.157000000000025,929.2721999999995
40.083333333333336,263.78,6,4500.0,0.5,True,4,3,36.61666666666667,35.49183333333335,274.4605999999998
18.33333333333333,1297.29,6,4500.0,0.5,True,1,1,34.233333333333334,40.18933333333327,1110.9987999999983
34.31666666666667,326.98,6,4500.0,0.5,True,1,1,30.133333333333333,40.50783333333333,426.37400000000036
38.266666666666666,922.35,6,4500.0,0.5,True,5,3,40.38333333333333,39.78216666666665,833.5186000000008
25.2,900.36,6,4500.0,0.5,True,5,3,44.2,42.144,1021.1911000000005
40.86666666666667,1138.45,6,4500.0,0.5,True,2,3,47.18333333333333,43.19066666666669,961.0112999999984
43.55,880.38,6,4500.0,0.5,True,2,3,22.4,31.194000000000027,327.18259999999987
23.666666666666668,1041.39,6,4500.0,0.5,True,4,3,42.03333333333333,39.78149999999998,908.9238000000009
22.516666666666666,1464.98,6,4500.0,0.5,True,4,3,41.5,42.87966666666667,1183.921499999999
35.96666666666667,1063.81,6,4500.0,0.5,True,5,0,44.9,43.12716666666672,877.289299999999
22.916666666666668,623.52,6,4500.0,0.5,True,5,0,59.11666666666667,51.6076666666667,818.2809999999997
25.266666666666666,532.47,6,4500.0,0.5,True,5,0,44.06666666666667,45.090499999999984,596.1351000000004
16.983333333333334,164.92,6,4500.0,0.5,True,5,0,37.23333333333333,36.23249999999994,582.2350999999994
30.316666666666663,1220.17,6,4500.0,0.5,True,5,0,25.5,32.31250000000001,1159.345999999999
37.36666666666667,791.45,6,4500.0,0.5,True,2,0,45.41666666666666,42.53016666666663,944.9536
25.466666666666665,1080.1,6,4500.0,0.5,True,2,0,43.38333333333333,36.87033333333333,874.9178000000003
20.28333333333333,693.75,6,4500.0,0.5,True,1,0,49.66666666666666,46.71949999999996,675.0080999999992
31.566666666666663,549.64,6,4500.0,0.5,True,1,0,59.46666666666667,49.95833333333329,602.6650999999998
38.81666666666667,945.67,6,4500.0,0.5,True,5,1,33.53333333333333,35.66349999999998,356.2438000000002
32.516666666666666,1315.61,6,4500.0,0.5,True,5,1,22.433333333333334,25.04733333333336,1295.4324000000006
44.8,1489.47,6,4500.0,0.5,True,1,1,28.78333333333333,32.76366666666665,1215.4348000000011
15.5,1122.27,6,4500.0,0.5,True,1,1,31.15,38.39216666666671,960.4279000000002
44.21666666666667,170.1,6,4500.0,0.5,True,1,1,57.266666666666666,52.26416666666668,623.3046999999996
22.03333333333333,837.02,6,4500.0,0.5,True,1,1,28.45,33.89649999999997,871.0822000000001
26.3,1182.5,6,4500.0,0.5,True,4,1,37.3,37.38883333333338,1000.3567000000002
33.78333333333333,251.39,6,4500.0,0.5,True,4,1,46.78333333333333,43.98400000000001,490.5899999999998
17.35,1383.26,6,4500.0,0.5,True,0,0,30.416666666666668,35.16116666666664,1086.4342999999988
27.816666666666663,417.62,6,4500.0,0.5,True,0,0,51.96666666666667,37.87066666666672,676.5494000000004
25.78333333333333,657.6,6,4500.0,0.5,True,1,4,59.75,40.28733333333334,641.1476999999992
44.016666666666666,1104.12,6,4500.0,0.5,True,1,4,46.38333333333333,49.03016666666664,908.0265999999995
31.08333333333333,1045.01,6,4500.0,0.5,True,2,4,32.266666666666666,39.98983333333335,890.6051000000001
27.183333333333334,1026.95,6,4500.0,0.5,True,2,4,51.41666666666666,41.34049999999999,818.3960999999996
37.35,258.27,6,4500.0,0.5,True,3,4,21.6,26.11366666666663,654.154299999999
31.75,296.88,6,4500.0,0.5,True,3,4,21.9,41.73449999999999,415.0292999999999
23.716666666666665,1010.23,6,4500.0,0.5,True,5,4,31.4,35.14283333333336,422.5896000000004
35.11666666666667,1087.44,6,4500.0,0.5,True,5,4,40.36666666666667,41.72866666666668,473.6839999999996
22.933333333333334,779.95,6,4500.0,0.5,True,5,1,25.9,45.22133333333333,608.3616000000002
16.483333333333334,797.11,6,4500.0,0.5,True,5,1,35.166666666666664,42.14966666666668,1202.9763999999998
31.066666666666663,247.07,6,4500.0,0.5,True,5,4,40.55,39.87800000000005,488.2386999999999
22.23333333333333,949.58,6,4500.0,0.5,True,5,4,47.78333333333333,44.22233333333332,980.8478000000009
39.06666666666667,595.95,6,4500.0,0.5,True,4,1,52.88333333333333,40.21866666666666,555.5467999999993
36.23333333333333,750.15,6,4500.0,0.5,True,4,1,20.366666666666667,26.54066666666667,724.3846000000002
38.23333333333333,802.44,6,4500.0,0.5,True,5,1,42.0,40.96483333333334,783.6771000000007
38.8,374.2,6,4500.0,0.5,True,5,1,47.21666666666667,37.188833333333335,456.64650000000023
42.0,1404.97,6,4500.0,0.5,True,4,3,21.8,24.709833333333343,1391.778900000001
18.366666666666667,1085.02,6,4500.0,0.5,True,4,3,29.383333333333333,36.62083333333331,886.3438000000002
31.3,364.74,6,4500.0,0.5,True,2,4,44.11666666666667,46.3276666666667,525.4537
43.86666666666667,1363.39,6,4500.0,0.5,True,2,4,34.38333333333333,36.42816666666665,403.73900000000003
17.383333333333333,1029.48,6,4500.0,0.5,True,2,3,33.0,47.60866666666666,696.7626000000002
42.766666666666666,628.11,6,4500.0,0.5,True,2,3,53.516666666666666,50.462,663.7319000000002
25.53333333333333,591.23,6,4500.0,0.5,True,2,0,40.85,40.33066666666664,736.8137000000004
26.28333333333333,404.93,6,4500.0,0.5,True,2,0,32.766666666666666,35.37016666666675,557.6148000000001
38.46666666666667,254.74,6,4500.0,0.5,True,5,0,30.0,34.128,490.81909999999976
33.96666666666667,916.38,6,4500.0,0.5,True,5,0,43.75,41.43266666666666,981.4674
17.833333333333332,1018.46,6,4500.0,0.5,True,2,1,49.23333333333333,48.3958333333333,559.7076000000006
20.866666666666667,1387.76,6,4500.0,0.5,True,2,1,56.43333333333333,53.649833333333326,1280.071899999998
23.266666666666666,1336.88,6,4500.0,0.5,True,0,1,50.78333333333333,50.11700000000003,933.4334999999995
29.78333333333333,881.75,6,4500.0,0.5,True,0,1,44.3,43.55733333333338,918.0284999999993
18.866666666666667,562.22,6,4500.0,0.5,True,1,4,21.58333333333333,27.24216666666668,790.5427000000004
33.8,442.6,6,4500.0,0.5,True,1,4,47.66666666666666,43.434333333333306,641.4423999999991
34.61666666666667,707.91,6,4500.0,0.5,True,0,1,23.133333333333333,32.6945,697.4031000000015
32.233333333333334,862.85,6,4500.0,0.5,True,0,1,27.316666666666663,33.150999999999975,771.6213999999999
18.23333333333333,452.74,6,4500.0,0.5,True,2,1,35.0,39.83166666666665,693.5144
25.95,625.69,6,4500.0,0.5,True,2,1,28.516666666666666,31.29700000000005,568.7836000000003
32.516666666666666,782.39,6,4500.0,0.5,True,3,1,56.63333333333333,51.93233333333332,922.4012999999992
40.65,1081.22,6,4500.0,0.5,True,3,1,55.85,49.02833333333332,983.2037000000004
20.48333333333333,1498.95,6,4500.0,0.5,True,0,4,21.116666666666667,28.33716666666667,1274.9170999999985
19.883333333333333,1037.41,6,4500.0,0.5,True,0,4,28.03333333333333,33.26666666666666,466.1417999999999
22.066666666666663,1140.0,6,4500.0,0.5,True,5,0,29.216666666666665,32.28400000000001,1129.6830999999995
33.483333333333334,1497.33,6,4500.0,0.5,True,5,0,22.4,32.48916666666672,1300.8438
19.933333333333334,857.39,6,4500.0,0.5,True,1,0,21.316666666666663,28.51116666666665,792.4543999999996
21.933333333333334,277.46,6,4500.0,0.5,True,1,0,27.216666666666665,31.681500000000018,451.2135999999994
25.816666666666663,191.02,6,4500.0,0.5,True,4,1,54.083333333333336,46.38800000000001,412.26349999999945
42.7,1130.21,6,4500.0,0.5,True,4,1,49.4,44.85566666666666,1111.0064000000018
40.75,634.87,6,4500.0,0.5,True,0,4,41.66666666666666,40.91133333333328,584.5981000000007
32.11666666666667,1074.65,6,4500.0,0.5,True,0,4,38.083333333333336,38.10983333333336,924.4886999999994
36.0,1031.97,6,4500.0,0.5,True,0,3,38.03333333333333,40.23683333333332,892.4699000000005
30.466666666666665,974.47,6,4500.0,0.5,True,0,3,53.73333333333333,44.67850000000001,718.8661999999995
19.05,422.26,6,4500.0,0.5,True,2,1,46.516666666666666,44.31683333333337,749.5959999999993
17.366666666666667,420.45,6,4500.0,0.5,True,2,1,44.2,45.44566666666661,665.9705999999991
37.86666666666667,957.39,6,4500.0,0.5,True,0,0,23.816666666666663,29.89299999999998,837.7456999999996
38.5,1214.99,6,4500.0,0.5,True,0,0,51.38333333333333,45.9813333333333,1056.0594000000012
25.616666666666667,1063.32,6,4500.0,0.5,True,0,0,23.53333333333333,31.10083333333333,846.491900000001
27.73333333333333,1008.67,6,4500.0,0.5,True,0,0,40.583333333333336,38.819000000000045,916.2454999999989
16.166666666666668,126.3,6,4500.0,0.5,True,4,4,35.11666666666667,44.58449999999999,946.8997999999989
33.38333333333333,674.05,6,4500.0,0.5,True,4,4,49.16666666666666,43.14016666666664,669.8040000000008
44.48333333333333,235.88,6,4500.0,0.5,True,4,0,45.48333333333333,43.25599999999995,467.5806999999996
28.616666666666667,656.96,6,4500.0,0.5,True,4,0,38.38333333333333,38.52716666666665,683.6844
33.2,678.29,6,4500.0,0.5,True,4,0,35.56666666666667,38.47433333333336,715.5107
34.96666666666667,123.16,6,4500.0,0.5,True,4,0,57.71666666666667,49.37899999999996,257.5379999999999
30.5,589.56,6,4500.0,0.5,True,3,3,46.41666666666666,43.72066666666664,720.6086999999993
17.716666666666665,767.7,6,4500.0,0.5,True,3,3,32.15,35.68100000000003,582.5127999999994
15.483333333333333,141.76,6,4500.0,0.5,True,5,4,56.5,48.93466666666665,590.2827999999998
37.333333333333336,561.74,6,4500.0,0.5,True,5,4,23.5,27.27016666666666,1047.2015999999994
26.33333333333333,549.54,6,4500.0,0.5,True,5,1,31.966666666666665,32.506333333333366,764.1943999999999
27.15,910.34,6,4500.0,0.5,True,5,1,30.816666666666663,31.732499999999977,849.0076999999984
43.85,760.88,6,4500.0,0.5,True,2,3,52.98333333333333,49.94449999999997,733.3124999999993
37.11666666666667,261.36,6,4500.0,0.5,True,2,3,22.73333333333333,27.33949999999996,385.0039000000004
22.65,1234.84,6,4500.0,0.5,True,2,0,43.46666666666667,46.41866666666663,1014.8592999999986
33.18333333333333,1171.61,6,4500.0,0.5,True,2,0,29.216666666666665,33.75933333333336,802.5268999999998
26.23333333333333,109.99,6,4500.0,0.5,True,2,4,46.41666666666666,43.56133333333332,1133.015999999999
32.63333333333333,104.69,6,4500.0,0.5,True,2,4,50.3,46.863333333333365,231.29519999999965
30.25,597.39,6,4500.0,0.5,True,0,4,58.333333333333336,39.92583333333332,736.5135999999999
38.93333333333333,379.75,6,4500.0,0.5,True,0,4,56.016666666666666,38.42666666666664,674.8574000000002
21.25,866.51,6,4500.0,0.5,True,3,3,41.68333333333333,42.46483333333335,764.3534
38.88333333333333,363.36,6,4500.0,0.5,True,3,3,37.2,38.48333333333328,566.1928000000001
28.683333333333334,296.23,6,4500.0,0.5,True,2,4,55.13333333333333,46.95050000000002,298.00289999999967
24.516666666666666,338.05,6,4500.0,0.5,True,2,4,35.083333333333336,37.10033333333338,463.6975000000002
26.666666666666668,673.16,6,4500.0,0.5,True,5,4,38.45,35.973499999999966,687.7028999999999
35.083333333333336,227.6,6,4500.0,0.5,True,5,4,21.33333333333333,29.33683333333335,1012.6365999999997
31.633333333333333,754.56,6,4500.0,0.5,True,3,1,53.15,40.16266666666667,724.4817999999998
37.63333333333333,713.38,6,4500.0,0.5,True,3,1,32.46666666666667,34.2201666666667,910.5181
36.38333333333333,185.51,6,4500.0,0.5,True,2,4,52.56666666666667,47.79866666666665,286.6633999999995
29.933333333333334,1421.31,6,4500.0,0.5,True,2,4,58.766666666666666,44.48433333333335,1267.2934999999984
20.216666666666665,1260.93,6,4500.0,0.5,True,5,1,25.933333333333334,29.508333333333344,859.2458999999998
15.35,175.79,6,4500.0,0.5,True,5,1,20.45,27.36149999999998,430.6985000000004
42.85,281.68,6,4500.0,0.5,True,4,1,40.0,40.2555,414.3918000000001
20.6,490.98,6,4500.0,0.5,True,4,1,46.516666666666666,45.23566666666671,617.3116000000006
35.11666666666667,894.94,6,4500.0,0.5,True,1,4,54.06666666666667,48.38116666666664,778.5943000000007
42.43333333333333,204.96,6,4500.0,0.5,True,1,4,53.16666666666666,50.5305,313.9242999999995
21.85,586.66,6,4500.0,0.5,True,2,1,34.61666666666667,37.37716666666668,650.9030000000013
20.466666666666665,944.44,6,4500.0,0.5,True,2,1,54.18333333333333,51.333500000000015,752.7267000000008
18.916666666666668,1281.93,6,4500.0,0.5,True,3,4,41.016666666666666,43.63866666666673,1088.4614999999978
30.666666666666668,195.04,6,4500.0,0.5,True,3,4,31.816666666666663,35.85866666666664,374.97980000000047
25.766666666666666,314.89,6,4500.0,0.5,True,1,1,34.516666666666666,38.32966666666674,512.3752999999996
18.53333333333333,178.93,6,4500.0,0.5,True,1,1,23.1,30.547833333333298,327.9757000000002
42.78333333333333,1000.62,6,4500.0,0.5,True,0,4,54.16666666666666,51.03316666666667,842.8802999999997
22.65,263.97,6,4500.0,0.5,True,0,4,42.05,41.33500000000006,403.3362000000002
28.516666666666666,1314.5,6,4500.0,0.5,True,5,1,22.216666666666665,25.08850000000002,1294.9107000000001
24.166666666666668,298.74,6,4500.0,0.5,True,5,1,32.38333333333333,36.995,391.59790000000044
18.23333333333333,164.47,6,4500.0,0.5,True,0,1,51.38333333333333,45.86283333333331,396.23690000000016
21.53333333333333,512.14,6,4500.0,0.5,True,0,1,55.93333333333333,51.04650000000003,633.1037999999999
18.05,1215.33,6,4500.0,0.5,True,2,1,59.083333333333336,47.01916666666665,660.8281000000003
23.45,1404.85,6,4500.0,0.5,True,2,1,42.5,45.324000000000005,1155.0552000000007
16.416666666666668,557.93,6,4500.0,0.5,True,2,4,47.96666666666667,46.11149999999998,559.5173000000001
28.683333333333334,201.26,6,4500.0,0.5,True,2,4,55.81666666666667,51.29849999999997,353.92579999999964
25.816666666666663,1401.0,6,4500.0,0.5,True,4,0,24.433333333333334,31.09400000000003,1184.1639000000002
26.633333333333333,1210.59,6,4500.0,0.5,True,4,0,32.75,41.17733333333334,1081.7446999999986
17.266666666666666,1460.67,6,4500.0,0.5,True,1,4,42.333333333333336,43.5256666666667,1171.9458999999995
16.25,1085.77,6,4500.0,0.5,True,1,4,47.333333333333336,44.82300000000001,1016.8116999999999
25.9,195.97,6,4500.0,0.5,True,1,1,25.5,29.57483333333334,280.6229
28.65,818.15,6,4500.0,0.5,True,1,1,25.58333333333333,34.02750000000003,844.8644
22.516666666666666,1387.39,6,4500.0,0.5,True,2,0,53.95,52.19666666666659,1171.0877999999998
22.3,1150.37,6,4500.0,0.5,True,2,0,31.4,41.39849999999999,973.8006999999993
26.8,226.07,6,4500.0,0.5,True,0,4,27.883333333333333,33.93699999999999,426.24709999999976
38.266666666666666,1439.19,6,4500.0,0.5,True,0,4,38.56666666666667,40.64216666666668,666.0277000000002
25.8,787.45,6,4500.0,0.5,True,3,4,47.266666666666666,43.26616666666665,858.5938999999993
38.18333333333333,1007.74,6,4500.0,0.5,True,3,4,26.316666666666663,44.213500000000025,950.5624000000008
42.45,692.32,6,4500.0,0.5,True,3,0,41.35,43.38166666666664,745.3895000000006
20.266666666666666,270.5,6,4500.0,0.5,True,3,0,41.35,39.5118333333333,447.9550000000001
16.866666666666667,132.06,6,4500.0,0.5,True,2,3,33.63333333333333,38.9568333333333,270.18870000000027
34.983333333333334,110.27,6,4500.0,0.5,True,2,3,43.38333333333333,43.9873333333333,357.2729999999997
35.7,806.3,6,4500.0,0.5,True,1,4,47.583333333333336,46.34616666666668,835.1777000000012
29.716666666666665,1250.8,6,4500.0,0.5,True,1,4,38.98333333333333,39.81949999999994,989.5386000000009
44.11666666666667,645.91,6,4500.0,0.5,True,4,4,29.566666666666663,33.990999999999964,803.5114000000011
18.4,901.58,6,4500.0,0.5,True,4,4,46.6,45.78099999999996,939.5402000000006
17.65,1124.8,6,4500.0,0.5,True,0,0,41.03333333333333,41.67849999999998,654.2995000000005
20.016666666666666,834.88,6,4500.0,0.5,True,0,0,48.73333333333333,44.05999999999992,904.5990999999996
16.566666666666666,1214.13,6,4500.0,0.5,True,2,4,23.5,34.21683333333334,1128.716600000001
44.8,844.68,6,4500.0,0.5,True,2,4,51.13333333333333,50.48266666666663,666.4536
26.03333333333333,339.68,6,4500.0,0.5,True,4,4,35.733333333333334,38.68233333333334,1041.7480999999998
29.3,1228.71,6,4500.0,0.5,True,4,4,41.78333333333333,38.88866666666665,1104.0168000000008
21.3,231.96,6,4500.0,0.5,True,3,4,40.75,42.62799999999999,422.5600999999995
40.23333333333333,1228.14,6,4500.0,0.5,True,3,4,43.15,44.47566666666668,1014.3125000000001
32.81666666666667,176.39,6,4500.0,0.5,True,0,1,47.083333333333336,42.81866666666669,325.41999999999996
38.1,277.89,6,4500.0,0.5,True,0,1,26.98333333333333,29.40199999999995,818.0496999999995
42.98333333333333,1155.79,6,4500.0,0.5,True,3,1,47.48333333333333,45.35966666666663,1119.5240999999987
36.266666666666666,1225.48,6,4500.0,0.5,True,3,1,54.41666666666666,45.92849999999999,1034.9296999999997
24.8,1194.91,6,4500.0,0.5,True,4,1,34.516666666666666,35.932166666666724,1020.4417000000017
43.73333333333333,185.59,6,4500.0,0.5,True,4,1,35.516666666666666,43.01933333333331,235.38540000000003
28.366666666666667,906.71,6,4500.0,0.5,True,2,1,33.916666666666664,41.85900000000001,813.4218000000005
31.08333333333333,683.84,6,4500.0,0.5,True,2,1,42.8,40.14850000000005,905.2816999999995
25.28333333333333,478.42,6,4500.0,0.5,True,0,4,37.28333333333333,35.81249999999999,450.5268000000002
18.383333333333333,342.04,6,4500.0,0.5,True,0,4,49.0,45.64700000000002,629.1310000000008
35.81666666666667,201.53,6,4500.0,0.5,True,0,1,56.38333333333333,40.81566666666665,375.63799999999986
22.4,517.38,6,4500.0,0.5,True,0,1,38.75,41.66516666666667,553.3036999999995
25.5,447.49,6,4500.0,0.5,True,1,4,45.96666666666667,38.060333333333325,492.62389999999937
37.81666666666667,311.24,6,4500.0,0.5,True,1,4,45.46666666666667,41.10533333333333,438.8230000000001
29.366666666666667,513.85,6,4500.0,0.5,True,1,4,57.55,52.46050000000007,767.1187999999996
38.16666666666666,916.3,6,4500.0,0.5,True,1,4,26.416666666666668,32.87699999999996,880.7950000000012
37.81666666666667,332.53,6,4500.0,0.5,True,3,3,37.56666666666667,36.803333333333306,393.99549999999965
19.133333333333333,184.45,6,4500.0,0.5,True,3,3,23.9,28.27950000000003,438.53199999999975
33.85,616.48,6,4500.0,0.5,True,0,1,50.75,45.25683333333333,677.809800000001
40.2,1135.82,6,4500.0,0.5,True,0,1,51.25,39.2465,949.2740000000013
42.266666666666666,1474.45,6,4500.0,0.5,True,2,1,29.3,31.825833333333364,1021.2611999999989
22.183333333333334,158.36,6,4500.0,0.5,True,2,1,27.03333333333333,32.04799999999999,474.3727000000001
19.166666666666668,132.01,6,4500.0,0.5,True,1,3,52.38333333333333,44.38749999999996,419.6622
40.1,1311.34,6,4500.0,0.5,True,1,3,31.183333333333334,38.19600000000003,1097.3504999999982
23.3,952.37,6,4500.0,0.5,True,1,4,58.36666666666667,51.37000000000001,500.7932000000001
41.6,893.04,6,4500.0,0.5,True,1,4,24.7,30.31616666666663,712.974
33.71666666666667,1185.78,6,4500.0,0.5,True,1,0,59.53333333333333,38.148000000000025,1120.5819999999992
22.816666666666663,999.71,6,4500.0,0.5,True,1,0,39.016666666666666,40.96233333333339,992.440900000001
21.883333333333333,932.91,6,4500.0,0.5,True,5,0,31.78333333333333,40.70883333333334,943.5355000000013
15.433333333333334,828.48,6,4500.0,0.5,True,5,0,46.15,43.59166666666669,874.4262000000002
22.866666666666667,955.57,6,4500.0,0.5,True,5,1,37.96666666666667,39.83983333333335,748.4354000000004
44.833333333333336,547.58,6,4500.0,0.5,True,5,1,52.63333333333333,37.11066666666666,510.21020000000067
29.883333333333333,1296.16,6,4500.0,0.5,True,4,0,27.7,29.94983333333332,744.7856999999992
25.1,1405.78,6,4500.0,0.5,True,4,0,48.333333333333336,44.03133333333337,968.4162000000007
21.55,147.63,6,4500.0,0.5,True,2,1,47.88333333333333,41.027166666666645,359.16490000000005
16.883333333333333,295.02,6,4500.0,0.5,True,2,1,53.35,49.40283333333333,370.45900000000006
37.81666666666667,291.68,6,4500.0,0.5,True,0,0,20.1,25.326499999999964,698.1288999999998
33.416666666666664,681.97,6,4500.0,0.5,True,0,0,41.1,40.97533333333333,787.4537000000004
27.03333333333333,815.72,6,4500.0,0.5,True,4,1,27.416666666666668,29.469333333333324,970.1524000000006
33.63333333333333,810.81,6,4500.0,0.5,True,4,1,38.21666666666667,39.07516666666669,804.9069999999996
38.016666666666666,216.18,6,4500.0,0.5,True,4,1,52.41666666666666,48.8505,414.54570000000007
43.41666666666666,867.55,6,4500.0,0.5,True,4,1,22.616666666666667,28.36283333333333,840.3523999999992
39.3,750.36,6,4500.0,0.5,True,3,4,25.933333333333334,30.69283333333335,914.2304000000004
41.9,1330.84,6,4500.0,0.5,True,3,4,54.4,48.5445,1083.4070999999985
21.3,1448.93,6,4500.0,0.5,True,2,4,57.86666666666667,53.53833333333337,1103.0034999999991
25.1,1123.54,6,4500.0,0.5,True,2,4,35.0,38.50649999999999,943.7325999999994
26.316666666666663,1276.46,6,4500.0,0.5,True,3,4,45.0,38.24716666666668,1176.3227000000015
24.916666666666668,1359.4,6,4500.0,0.5,True,3,4,20.2,30.431999999999967,1199.3986999999988
43.4,469.59,6,4500.0,0.5,True,5,1,42.75,40.193,559.0838999999992
30.383333333333333,1268.21,6,4500.0,0.5,True,5,1,23.5,27.12116666666668,972.3055000000003
40.03333333333333,1376.15,6,4500.0,0.5,True,4,0,24.383333333333333,25.95350000000001,1247.901599999998
27.08333333333333,1123.58,6,4500.0,0.5,True,4,0,33.583333333333336,35.122166666666686,831.0694
20.75,328.97,6,4500.0,0.5,True,4,1,55.1,50.5371666666667,492.6896000000004
33.68333333333333,1193.08,6,4500.0,0.5,True,4,1,43.25,28.26949999999999,767.0393999999994
28.78333333333333,1188.8,6,4500.0,0.5,True,3,1,38.5,37.34966666666667,1002.9258000000013
19.716666666666665,1188.56,6,4500.0,0.5,True,3,1,56.766666666666666,48.7671666666667,1038.2480999999989
39.31666666666667,1246.35,6,4500.0,0.5,True,5,1,27.316666666666663,34.905666666666654,1073.1188000000009
24.466666666666665,1400.92,6,4500.0,0.5,True,5,1,28.266666666666666,30.78483333333338,1059.7311999999993
33.68333333333333,1319.36,6,4500.0,0.5,True,4,0,33.18333333333333,32.49033333333337,1297.6682000000005
27.33333333333333,654.31,6,4500.0,0.5,True,4,0,37.266666666666666,35.17716666666673,819.3982000000001
41.583333333333336,713.07,6,4500.0,0.5,True,3,1,45.583333333333336,44.61550000000002,919.8144000000002
28.25,807.85,6,4500.0,0.5,True,3,1,30.883333333333333,34.23216666666665,909.7390000000003
42.45,615.4,6,4500.0,0.5,True,0,4,49.8,48.66883333333334,720.1239000000003
18.816666666666663,1419.33,6,4500.0,0.5,True,0,4,36.68333333333333,38.41950000000003,1132.272600000001
18.0,1093.71,6,4500.0,0.5,True,2,4,50.9,48.655166666666666,444.2617000000005
30.53333333333333,341.72,6,4500.0,0.5,True,2,4,51.36666666666667,48.57733333333337,407.6865000000005
29.45,170.9,6,4500.0,0.5,True,0,1,43.18333333333333,42.82583333333333,362.33630000000034
28.03333333333333,729.3,6,4500.0,0.5,True,0,1,32.1,32.4143333333333,614.5068000000007
44.43333333333333,444.03,6,4500.0,0.5,True,4,1,35.06666666666667,40.68266666666664,518.4555999999998
16.7,1387.66,6,4500.0,0.5,True,4,1,28.58333333333333,33.199166666666684,1077.9278000000013
22.766666666666666,336.43,6,4500.0,0.5,True,1,4,55.833333333333336,38.32133333333337,646.5310999999998
39.266666666666666,1179.65,6,4500.0,0.5,True,1,4,47.833333333333336,44.40266666666668,1098.1160999999986
17.833333333333332,769.01,6,4500.0,0.5,True,4,4,37.78333333333333,39.17583333333332,840.8595999999997
44.63333333333333,162.14,6,4500.0,0.5,True,4,4,27.666666666666668,32.34133333333331,606.9715000000007
21.883333333333333,454.62,6,4500.0,0.5,True,3,4,45.61666666666667,44.92466666666669,548.5608000000007
33.7,319.51,6,4500.0,0.5,True,3,4,57.91666666666666,43.12683333333332,507.5886999999999
19.266666666666666,1364.01,6,4500.0,0.5,True,3,1,21.883333333333333,29.307666666666663,1078.8788999999988
31.883333333333333,493.21,6,4500.0,0.5,True,3,1,30.6,33.22516666666663,747.2202000000003
22.066666666666663,246.08,6,4500.0,0.5,True,3,4,59.03333333333333,51.12166666666671,543.6257000000008
23.35,292.01,6,4500.0,0.5,True,3,4,22.45,45.18483333333329,497.56510000000014
15.716666666666669,891.49,6,4500.0,0.5,True,0,4,54.75,50.248666666666665,890.569999999999
31.666666666666668,949.56,6,4500.0,0.5,True,0,4,58.083333333333336,50.08416666666664,907.9789999999987
39.68333333333333,657.6,6,4500.0,0.5,True,0,0,22.933333333333334,27.897833333333345,729.1619999999999
38.28333333333333,701.29,6,4500.0,0.5,True,0,0,47.41666666666666,42.516833333333295,737.4034000000003
25.58333333333333,572.54,6,4500.0,0.5,True,0,3,44.7,41.52649999999997,493.59119999999973
40.45,436.67,6,4500.0,0.5,True,0,3,32.45,33.95799999999995,475.03349999999926
15.166666666666666,1478.99,6,4500.0,0.5,True,4,0,29.0,36.451000000000015,1254.7716000000019
20.5,715.61,6,4500.0,0.5,True,4,0,40.4,42.40466666666669,829.0889000000004
32.45,1153.17,6,4500.0,0.5,True,0,1,24.0,29.507500000000004,881.181099999999
22.116666666666667,1095.52,6,4500.0,0.5,True,0,1,39.833333333333336,39.59200000000001,936.2954999999996
28.33333333333333,251.98,6,4500.0,0.5,True,1,3,42.25,41.742333333333335,374.69669999999996
42.46666666666667,1344.69,6,4500.0,0.5,True,1,3,56.71666666666667,51.671666666666624,1192.8612000000007
35.05,835.66,6,4500.0,0.5,True,4,1,37.05,38.41466666666671,832.6624000000012
34.13333333333333,486.38,6,4500.0,0.5,True,4,1,29.916666666666668,31.764999999999983,852.3950999999995
32.96666666666667,1491.51,6,4500.0,0.5,True,0,4,38.55,37.42116666666671,1156.9600999999986
32.05,1014.75,6,4500.0,0.5,True,0,4,33.166666666666664,38.09800000000001,924.4886999999994
16.983333333333334,934.73,6,4500.0,0.5,True,3,4,27.6,44.60783333333332,927.2602999999998
32.166666666666664,1238.95,6,4500.0,0.5,True,3,4,32.8,34.0261666666667,1121.287799999999
21.316666666666663,863.89,6,4500.0,0.5,True,4,4,48.43333333333333,45.85716666666669,853.7417
40.13333333333333,812.0,6,4500.0,0.5,True,4,4,27.933333333333334,46.02733333333334,806.5826999999999
30.78333333333333,1223.49,6,4500.0,0.5,True,3,0,27.316666666666663,31.71316666666664,673.5955
43.78333333333333,798.18,6,4500.0,0.5,True,3,0,59.4,53.40216666666666,939.3376999999987
21.716666666666665,175.13,6,4500.0,0.5,True,1,3,33.68333333333333,35.64766666666668,281.8949000000003
32.11666666666667,760.66,6,4500.0,0.5,True,1,3,29.1,33.2948333333333,831.2006000000011
29.55,196.54,6,4500.0,0.5,True,5,0,26.166666666666668,30.256166666666655,667.573599999999
18.2,348.36,6,4500.0,0.5,True,5,0,41.333333333333336,40.8846666666667,953.1124000000011
36.71666666666667,1397.25,6,4500.0,0.5,True,5,0,26.4,28.51200000000004,1240.5194999999994
21.28333333333333,1396.12,6,4500.0,0.5,True,5,0,33.4,36.24000000000005,951.5950999999992
44.73333333333333,707.41,6,4500.0,0.5,True,1,0,56.45,50.053666666666615,679.5470000000008
35.61666666666667,662.75,6,4500.0,0.5,True,1,0,34.31666666666667,35.28999999999998,700.1992
27.4,1025.07,6,4500.0,0.5,True,4,3,23.183333333333334,28.09033333333336,966.3358000000013
36.0,211.7,6,4500.0,0.5,True,4,3,51.9,47.366166666666665,446.76029999999986
41.63333333333333,709.65,6,4500.0,0.5,True,3,3,46.6,45.39633333333332,905.7216999999993
34.28333333333333,360.35,6,4500.0,0.5,True,3,3,53.78333333333333,45.99066666666667,639.2348999999995
23.65,108.57,6,4500.0,0.5,True,2,1,28.78333333333333,32.191166666666646,580.5908000000001
28.883333333333333,122.37,6,4500.0,0.5,True,2,1,49.85,44.524833333333305,396.4917
22.1,1316.82,6,4500.0,0.5,True,1,3,56.96666666666667,53.05966666666661,1243.154100000002
19.866666666666667,1012.24,6,4500.0,0.5,True,1,3,46.15,42.8276666666667,878.3896000000005
40.75,800.6,6,4500.0,0.5,True,5,1,46.55,44.68400000000006,773.0847
19.166666666666668,993.43,6,4500.0,0.5,True,5,1,20.166666666666668,27.27650000000001,870.4271999999986
29.066666666666663,788.62,6,4500.0,0.5,True,0,0,59.45,51.25133333333328,736.7332000000004
44.91666666666666,162.54,6,4500.0,0.5,True,0,0,37.66666666666666,38.990833333333306,444.93140000000017
18.9,688.38,6,4500.0,0.5,True,3,4,21.183333333333334,27.34933333333335,958.4578000000006
20.2,1029.21,6,4500.0,0.5,True,3,4,53.46666666666667,49.07633333333332,1100.786800000001
30.183333333333334,263.01,6,4500.0,0.5,True,2,3,37.7,41.57766666666664,355.7013999999996
15.083333333333334,1478.39,6,4500.0,0.5,True,2,3,54.48333333333333,34.90633333333332,1341.0866
43.41666666666666,530.65,6,4500.0,0.5,True,3,4,28.83333333333333,32.41250000000002,618.257700000001
32.86666666666667,938.68,6,4500.0,0.5,True,3,4,36.31666666666667,43.91866666666665,859.5917999999989
28.58333333333333,1189.93,6,4500.0,0.5,True,4,4,20.916666666666668,28.491333333333337,1172.181699999998
38.88333333333333,1006.43,6,4500.0,0.5,True,4,4,55.93333333333333,49.77800000000003,1029.3073999999983
27.28333333333333,669.34,6,4500.0,0.5,True,5,4,27.266666666666666,31.25666666666672,802.0580999999999
33.2,736.59,6,4500.0,0.5,True,5,4,28.9,31.547833333333365,837.4399999999986
41.333333333333336,557.12,6,4500.0,0.5,True,0,1,30.2,33.31999999999996,638.2120000000007
39.61666666666667,272.7,6,4500.0,0.5,True,0,1,27.933333333333334,28.698500000000017,516.1868999999995
29.85,1341.71,6,4500.0,0.5,True,0,4,49.68333333333333,47.32650000000002,1143.2336000000014
32.13333333333333,644.1,6,4500.0,0.5,True,0,4,40.2,38.181833333333294,1074.4371999999987
31.916666666666668,765.73,6,4500.0,0.5,True,4,4,43.95,41.1108333333333,827.2507000000002
24.133333333333333,1278.97,6,4500.0,0.5,True,4,4,46.266666666666666,42.207833333333376,1066.9264000000005
20.016666666666666,1474.69,6,4500.0,0.5,True,1,3,28.6,34.76966666666664,1214.3549000000012
15.0,753.88,6,4500.0,0.5,True,1,3,58.083333333333336,37.19166666666664,605.174999999999
20.633333333333333,642.92,6,4500.0,0.5,True,3,3,36.6,42.92833333333335,803.2230999999991
33.96666666666667,1386.54,6,4500.0,0.5,True,3,3,27.58333333333333,33.4491666666667,1240.0802999999987
44.36666666666667,1059.23,6,4500.0,0.5,True,3,0,42.98333333333333,44.14999999999995,987.0136000000003
27.8,117.48,6,4500.0,0.5,True,3,0,27.016666666666666,30.717000000000034,308.4082999999998
28.28333333333333,721.99,6,4500.0,0.5,True,3,3,45.65,42.28666666666669,758.6482999999998
25.266666666666666,1400.3,6,4500.0,0.5,True,3,3,50.43333333333333,43.26716666666668,1187.150000000001
28.6,728.44,6,4500.0,0.5,True,4,1,54.5,47.62533333333333,727.0617000000004
26.383333333333333,639.93,6,4500.0,0.5,True,4,1,24.83333333333333,28.518166666666684,866.7574999999988
25.616666666666667,1109.66,6,4500.0,0.5,True,3,1,36.98333333333333,34.647499999999994,1151.543700000001
26.2,668.69,6,4500.0,0.5,True,3,1,31.55,31.976500000000048,641.5691000000004
23.016666666666666,437.86,6,4500.0,0.5,True,1,4,20.116666666666667,30.78216666666668,529.8791000000002
22.933333333333334,1178.79,6,4500.0,0.5,True,1,4,42.98333333333333,45.835333333333296,1005.1407999999988
25.966666666666665,956.26,6,4500.0,0.5,True,2,4,57.23333333333333,53.71333333333328,1045.7550999999994
40.333333333333336,1140.88,6,4500.0,0.5,True,2,4,36.083333333333336,38.27400000000003,1029.4876000000002
19.75,397.09,6,4500.0,0.5,True,3,0,23.766666666666666,29.97766666666671,449.1625999999991
23.8,345.38,6,4500.0,0.5,True,3,0,58.96666666666667,51.66249999999995,1004.9462999999997
44.516666666666666,714.46,6,4500.0,0.5,True,4,1,51.66666666666666,47.30233333333332,671.1404999999994
44.583333333333336,329.22,6,4500.0,0.5,True,4,1,33.46666666666667,35.86050000000001,467.8940000000004
33.1,1449.28,6,4500.0,0.5,True,4,4,52.96666666666667,49.1033333333333,1231.0942999999988
17.883333333333333,315.6,6,4500.0,0.5,True,4,4,29.25,41.60783333333334,377.1193999999996
38.61666666666667,309.04,6,4500.0,0.5,True,4,4,41.85,41.5203333333333,433.14040000000057
29.366666666666667,994.61,6,4500.0,0.5,True,4,4,42.25,42.388000000000005,775.3393000000003
