id,job_order_id,section_id,task_title,note,task_status,completed_at,price,billable,scheduled_date,mechanic_id,estimated_finish
1,513,quotation,Test drive vehicle,Auto-generated task note based on service history.,in_progress,,,True,,,
2,245,inspecting,Check fluid levels,Auto-generated task note based on service history.,pending,,,True,,,
3,325,received,Finalize quotation,Auto-generated task note based on service history.,pending,,,True,,,
4,396,inspecting,Check tire pressure,Auto-generated task note based on service history.,in_progress,,,True,,,
5,430,in_progress,Clean interior,Auto-generated task note based on service history.,in_progress,,,True,,,
6,512,inspecting,Test drive vehicle,Auto-generated task note based on service history.,pending,,,True,,,
7,444,quotation,Check fluid levels,Auto-generated task note based on service history.,in_progress,,,True,,,
8,334,complete,Finalize quotation,Auto-generated task note based on service history.,in_progress,,,True,,,
9,451,inspecting,Check fluid levels,Auto-generated task note based on service history.,completed,2025-09-20 07:44:03.312132,,True,,,
10,246,received,Final check,Auto-generated task note based on service history.,completed,2026-05-04 03:30:08.312132,,True,,,
11,365,in_progress,Clean interior,Auto-generated task note based on service history.,in_progress,,,True,,,
12,350,quotation,Finalize quotation,Auto-generated task note based on service history.,completed,2026-02-21 18:20:49.312132,,True,,,
13,502,received,Perform alignment,Auto-generated task note based on service history.,in_progress,,,True,,,
14,243,in_progress,Inspect brake pads,Auto-generated task note based on service history.,completed,2026-02-24 00:24:40.312132,,True,,,
15,361,received,Inspect brake pads,Auto-generated task note based on service history.,pending,,,True,,,
16,105,inspecting,Finalize quotation,Auto-generated task note based on service history.,completed,2026-03-01 23:17:02.312132,,True,,,
17,227,in_progress,Check tire pressure,Auto-generated task note based on service history.,pending,,,True,,,
18,251,complete,Check fluid levels,Auto-generated task note based on service history.,pending,,,True,,,
19,176,received,Test drive vehicle,Auto-generated task note based on service history.,pending,,,True,,,
20,167,in_progress,Finalize quotation,Auto-generated task note based on service history.,pending,,,True,,,
21,349,in_progress,Clean interior,Auto-generated task note based on service history.,pending,,,True,,,
22,250,in_progress,Inspect brake pads,Auto-generated task note based on service history.,completed,2026-06-23 03:01:42.312132,,True,,,
23,351,complete,Final check,Auto-generated task note based on service history.,completed,2026-07-03 13:15:12.312132,,True,,,
24,312,in_progress,Final check,Auto-generated task note based on service history.,in_progress,,,True,,,
25,501,received,Test drive vehicle,Auto-generated task note based on service history.,in_progress,,,True,,,
26,319,in_progress,Inspect brake pads,Auto-generated task note based on service history.,in_progress,,,True,,,
27,81,inspecting,Check fluid levels,Auto-generated task note based on service history.,completed,2026-03-18 03:36:13.312132,,True,,,
28,113,in_progress,Check tire pressure,Auto-generated task note based on service history.,in_progress,,,True,,,
29,63,inspecting,Finalize quotation,Auto-generated task note based on service history.,in_progress,,,True,,,
30,20,inspecting,Inspect brake pads,Auto-generated task note based on service history.,pending,,,True,,,
31,47,in_progress,Check fluid levels,Auto-generated task note based on service history.,completed,2026-02-14 19:23:50.312132,,True,,,
32,43,quotation,Check tire pressure,Auto-generated task note based on service history.,in_progress,,,True,,,
33,510,received,Inspect brake pads,Auto-generated task note based on service history.,pending,,,True,,,
34,491,complete,Check fluid levels,Auto-generated task note based on service history.,in_progress,,,True,,,
35,281,received,Check tire pressure,Auto-generated task note based on service history.,pending,,,True,,,
36,388,quotation,Clean interior,Auto-generated task note based on service history.,completed,2026-01-09 17:15:50.312132,,True,,,
37,371,inspecting,Clean interior,Auto-generated task note based on service history.,completed,2026-01-28 08:02:59.312132,,True,,,
38,183,received,Check tire pressure,Auto-generated task note based on service history.,completed,2026-01-29 09:29:53.312132,,True,,,
39,381,inspecting,Perform alignment,Auto-generated task note based on service history.,in_progress,,,True,,,
40,393,received,Finalize quotation,Auto-generated task note based on service history.,in_progress,,,True,,,
41,183,in_progress,Test drive vehicle,Auto-generated task note based on service history.,completed,2026-01-27 18:29:53.312132,,True,,,
42,147,quotation,Finalize quotation,Auto-generated task note based on service history.,pending,,,True,,,
43,248,received,Inspect brake pads,Auto-generated task note based on service history.,completed,2026-07-05 02:37:10.312132,,True,,,
44,364,received,Finalize quotation,Auto-generated task note based on service history.,pending,,,True,,,
45,457,inspecting,Check tire pressure,Auto-generated task note based on service history.,completed,2025-12-03 09:58:15.312132,,True,,,
46,298,complete,Final check,Auto-generated task note based on service history.,in_progress,,,True,,,
47,74,inspecting,Finalize quotation,Auto-generated task note based on service history.,pending,,,True,,,
48,91,inspecting,Final check,Auto-generated task note based on service history.,completed,2026-01-30 12:07:42.312132,,True,,,
49,508,inspecting,Check fluid levels,Auto-generated task note based on service history.,completed,2026-07-28 03:35:41.312132,,True,,,
50,332,complete,Perform alignment,Auto-generated task note based on service history.,in_progress,,,True,,,
51,459,quotation,Final check,Auto-generated task note based on service history.,completed,2025-11-09 11:12:41.312132,,True,,,
52,259,complete,Check tire pressure,Auto-generated task note based on service history.,pending,,,True,,,
53,227,quotation,Test drive vehicle,Auto-generated task note based on service history.,in_progress,,,True,,,
54,9,quotation,Test drive vehicle,Auto-generated task note based on service history.,pending,,,True,,,
55,510,quotation,Test drive vehicle,Auto-generated task note based on service history.,in_progress,,,True,,,
56,258,received,Finalize quotation,Auto-generated task note based on service history.,pending,,,True,,,
57,358,in_progress,Check tire pressure,Auto-generated task note based on service history.,in_progress,,,True,,,
58,506,received,Perform alignment,Auto-generated task note based on service history.,completed,2026-06-14 20:35:41.312132,,True,,,
59,496,received,Clean interior,Auto-generated task note based on service history.,in_progress,,,True,,,
60,383,complete,Check tire pressure,Auto-generated task note based on service history.,in_progress,,,True,,,
61,274,quotation,Inspect brake pads,Auto-generated task note based on service history.,in_progress,,,True,,,
62,182,received,Test drive vehicle,Auto-generated task note based on service history.,pending,,,True,,,
63,231,quotation,Inspect brake pads,Auto-generated task note based on service history.,pending,,,True,,,
64,323,received,Check fluid levels,Auto-generated task note based on service history.,completed,2026-05-16 23:41:00.312132,,True,,,
65,314,complete,Test drive vehicle,Auto-generated task note based on service history.,pending,,,True,,,
66,112,in_progress,Final check,Auto-generated task note based on service history.,completed,2025-10-30 05:52:40.312132,,True,,,
67,61,complete,Check tire pressure,Auto-generated task note based on service history.,in_progress,,,True,,,
68,298,in_progress,Test drive vehicle,Auto-generated task note based on service history.,pending,,,True,,,
69,12,inspecting,Inspect brake pads,Auto-generated task note based on service history.,completed,2026-07-21 17:52:38.312132,,True,,,
70,349,in_progress,Finalize quotation,Auto-generated task note based on service history.,in_progress,,,True,,,
71,216,complete,Clean interior,Auto-generated task note based on service history.,in_progress,,,True,,,
72,385,quotation,Clean interior,Auto-generated task note based on service history.,pending,,,True,,,
73,480,received,Final check,Auto-generated task note based on service history.,in_progress,,,True,,,
74,473,complete,Final check,Auto-generated task note based on service history.,completed,2026-07-10 01:01:59.312132,,True,,,
75,400,quotation,Check fluid levels,Auto-generated task note based on service history.,in_progress,,,True,,,
76,322,in_progress,Finalize quotation,Auto-generated task note based on service history.,completed,2026-06-05 14:54:02.312132,,True,,,
77,66,complete,Clean interior,Auto-generated task note based on service history.,in_progress,,,True,,,
78,148,received,Inspect brake pads,Auto-generated task note based on service history.,pending,,,True,,,
79,15,in_progress,Perform alignment,Auto-generated task note based on service history.,in_progress,,,True,,,
80,496,quotation,Check fluid levels,Auto-generated task note based on service history.,in_progress,,,True,,,
81,159,inspecting,Check fluid levels,Auto-generated task note based on service history.,in_progress,,,True,,,
82,368,quotation,Finalize quotation,Auto-generated task note based on service history.,completed,2026-04-15 17:58:47.312132,,True,,,
83,188,inspecting,Check fluid levels,Auto-generated task note based on service history.,in_progress,,,True,,,
84,174,quotation,Inspect brake pads,Auto-generated task note based on service history.,completed,2026-03-29 17:12:10.312132,,True,,,
85,205,complete,Finalize quotation,Auto-generated task note based on service history.,in_progress,,,True,,,
86,56,in_progress,Test drive vehicle,Auto-generated task note based on service history.,in_progress,,,True,,,
87,388,inspecting,Clean interior,Auto-generated task note based on service history.,completed,2026-01-10 09:15:50.312132,,True,,,
88,231,inspecting,Inspect brake pads,Auto-generated task note based on service history.,in_progress,,,True,,,
89,315,complete,Test drive vehicle,Auto-generated task note based on service history.,completed,2025-12-25 14:30:29.312132,,True,,,
90,217,in_progress,Finalize quotation,Auto-generated task note based on service history.,completed,2025-08-16 01:16:00.312132,,True,,,
91,85,received,Finalize quotation,Auto-generated task note based on service history.,in_progress,,,True,,,
92,77,inspecting,Clean interior,Auto-generated task note based on service history.,completed,2025-12-13 17:16:21.312132,,True,,,
93,434,quotation,Final check,Auto-generated task note based on service history.,completed,2025-11-02 23:25:48.312132,,True,,,
94,421,inspecting,Check tire pressure,Auto-generated task note based on service history.,completed,2026-03-23 04:07:06.312132,,True,,,
95,132,in_progress,Inspect brake pads,Auto-generated task note based on service history.,completed,2026-04-21 04:56:06.312132,,True,,,
96,459,in_progress,Perform alignment,Auto-generated task note based on service history.,completed,2025-11-08 04:12:41.312132,,True,,,
97,246,in_progress,Final check,Auto-generated task note based on service history.,pending,,,True,,,
98,295,received,Clean interior,Auto-generated task note based on service history.,completed,2026-06-21 10:02:39.312132,,True,,,
99,190,quotation,Check tire pressure,Auto-generated task note based on service history.,pending,,,True,,,
100,449,quotation,Perform alignment,Auto-generated task note based on service history.,pending,,,True,,,
101,318,inspecting,Inspect brake pads,Auto-generated task note based on service history.,pending,,,True,,,
102,260,inspecting,Check fluid levels,Auto-generated task note based on service history.,in_progress,,,True,,,
103,138,complete,Clean interior,Auto-generated task note based on service history.,completed,2026-06-20 03:26:48.312132,,True,,,
104,103,complete,Final check,Auto-generated task note based on service history.,pending,,,True,,,
105,342,complete,Inspect brake pads,Auto-generated task note based on service history.,in_progress,,,True,,,
106,48,quotation,Test drive vehicle,Auto-generated task note based on service history.,pending,,,True,,,
107,340,quotation,Perform alignment,Auto-generated task note based on service history.,completed,2026-07-11 22:31:27.312132,,True,,,
108,509,received,Test drive vehicle,Auto-generated task note based on service history.,completed,2026-07-10 13:35:41.312132,,True,,,
109,242,received,Final check,Auto-generated task note based on service history.,completed,2026-04-22 18:30:42.312132,,True,,,
110,251,received,Clean interior,Auto-generated task note based on service history.,completed,2026-07-21 15:25:08.312132,,True,,,
111,494,in_progress,Clean interior,Auto-generated task note based on service history.,pending,,,True,,,
112,75,inspecting,Clean interior,Auto-generated task note based on service history.,in_progress,,,True,,,
113,136,inspecting,Check tire pressure,Auto-generated task note based on service history.,completed,2026-02-15 07:02:45.312132,,True,,,
114,313,received,Test drive vehicle,Auto-generated task note based on service history.,in_progress,,,True,,,
115,17,quotation,Check tire pressure,Auto-generated task note based on service history.,pending,,,True,,,
116,76,complete,Clean interior,Auto-generated task note based on service history.,in_progress,,,True,,,
117,19,inspecting,Inspect brake pads,Auto-generated task note based on service history.,pending,,,True,,,
118,273,received,Check tire pressure,Auto-generated task note based on service history.,pending,,,True,,,
119,410,inspecting,Clean interior,Auto-generated task note based on service history.,pending,,,True,,,
120,179,received,Check tire pressure,Auto-generated task note based on service history.,completed,2026-05-28 05:26:25.312132,,True,,,
121,223,complete,Inspect brake pads,Auto-generated task note based on service history.,in_progress,,,True,,,
122,458,in_progress,Check tire pressure,Auto-generated task note based on service history.,pending,,,True,,,
123,132,in_progress,Perform alignment,Auto-generated task note based on service history.,in_progress,,,True,,,
124,39,complete,Final check,Auto-generated task note based on service history.,pending,,,True,,,
125,97,quotation,Perform alignment,Auto-generated task note based on service history.,in_progress,,,True,,,
126,225,quotation,Perform alignment,Auto-generated task note based on service history.,pending,,,True,,,
127,297,received,Final check,Auto-generated task note based on service history.,pending,,,True,,,
128,316,in_progress,Inspect brake pads,Auto-generated task note based on service history.,pending,,,True,,,
129,486,in_progress,Inspect brake pads,Auto-generated task note based on service history.,completed,2026-03-13 14:18:01.312132,,True,,,
130,52,inspecting,Final check,Auto-generated task note based on service history.,completed,2025-11-17 02:13:36.312132,,True,,,
131,501,complete,Check tire pressure,Auto-generated task note based on service history.,pending,,,True,,,
132,60,complete,Inspect brake pads,Auto-generated task note based on service history.,in_progress,,,True,,,
133,231,complete,Inspect brake pads,Auto-generated task note based on service history.,pending,,,True,,,
134,492,received,Inspect brake pads,Auto-generated task note based on service history.,pending,,,True,,,
135,346,in_progress,Perform alignment,Auto-generated task note based on service history.,completed,2026-06-25 14:55:47.312132,,True,,,
136,160,in_progress,Check fluid levels,Auto-generated task note based on service history.,completed,2025-08-30 07:50:56.312132,,True,,,
137,10,received,Perform alignment,Auto-generated task note based on service history.,completed,2026-03-01 07:09:58.312132,,True,,,
138,441,inspecting,Clean interior,Auto-generated task note based on service history.,pending,,,True,,,
139,383,inspecting,Finalize quotation,Auto-generated task note based on service history.,pending,,,True,,,
140,362,inspecting,Final check,Auto-generated task note based on service history.,in_progress,,,True,,,
141,190,complete,Check fluid levels,Auto-generated task note based on service history.,completed,2025-08-22 09:14:40.312132,,True,,,
142,261,in_progress,Perform alignment,Auto-generated task note based on service history.,in_progress,,,True,,,
143,360,inspecting,Test drive vehicle,Auto-generated task note based on service history.,pending,,,True,,,
144,497,quotation,Inspect brake pads,Auto-generated task note based on service history.,in_progress,,,True,,,
145,465,in_progress,Finalize quotation,Auto-generated task note based on service history.,pending,,,True,,,
146,471,complete,Inspect brake pads,Auto-generated task note based on service history.,pending,,,True,,,
147,223,complete,Perform alignment,Auto-generated task note based on service history.,in_progress,,,True,,,
148,289,quotation,Check fluid levels,Auto-generated task note based on service history.,pending,,,True,,,
149,343,in_progress,Clean interior,Auto-generated task note based on service history.,completed,2025-09-12 14:02:15.312132,,True,,,
150,280,received,Finalize quotation,Auto-generated task note based on service history.,in_progress,,,True,,,
151,106,received,Check tire pressure,Auto-generated task note based on service history.,completed,2026-02-01 00:40:40.312132,,True,,,
152,474,complete,Clean interior,Auto-generated task note based on service history.,in_progress,,,True,,,
153,2,in_progress,Perform alignment,Auto-generated task note based on service history.,pending,,,True,,,
154,32,quotation,Check tire pressure,Auto-generated task note based on service history.,in_progress,,,True,,,
155,473,complete,Final check,Auto-generated task note based on service history.,pending,,,True,,,
156,498,inspecting,Clean interior,Auto-generated task note based on service history.,completed,2026-02-20 14:35:52.312132,,True,,,
157,511,complete,Finalize quotation,Auto-generated task note based on service history.,completed,2026-07-30 08:35:41.312132,,True,,,
158,44,received,Check fluid levels,Auto-generated task note based on service history.,completed,2025-08-24 10:43:48.312132,,True,,,
159,275,received,Check tire pressure,Auto-generated task note based on service history.,pending,,,True,,,
160,330,quotation,Final check,Auto-generated task note based on service history.,in_progress,,,True,,,
161,278,received,Check fluid levels,Auto-generated task note based on service history.,in_progress,,,True,,,
162,264,complete,Clean interior,Auto-generated task note based on service history.,pending,,,True,,,
163,494,quotation,Check fluid levels,Auto-generated task note based on service history.,pending,,,True,,,
164,111,inspecting,Clean interior,Auto-generated task note based on service history.,completed,2026-07-09 11:24:49.312132,,True,,,
165,377,complete,Check tire pressure,Auto-generated task note based on service history.,completed,2025-11-19 08:59:22.312132,,True,,,
166,450,inspecting,Finalize quotation,Auto-generated task note based on service history.,in_progress,,,True,,,
167,386,in_progress,Perform alignment,Auto-generated task note based on service history.,in_progress,,,True,,,
168,84,received,Clean interior,Auto-generated task note based on service history.,completed,2025-12-20 22:46:30.312132,,True,,,
169,53,received,Check tire pressure,Auto-generated task note based on service history.,in_progress,,,True,,,
170,167,inspecting,Perform alignment,Auto-generated task note based on service history.,pending,,,True,,,
171,238,inspecting,Check fluid levels,Auto-generated task note based on service history.,pending,,,True,,,
172,360,in_progress,Test drive vehicle,Auto-generated task note based on service history.,in_progress,,,True,,,
173,301,in_progress,Perform alignment,Auto-generated task note based on service history.,completed,2026-05-27 20:27:26.312132,,True,,,
174,177,inspecting,Clean interior,Auto-generated task note based on service history.,in_progress,,,True,,,
175,294,inspecting,Test drive vehicle,Auto-generated task note based on service history.,in_progress,,,True,,,
176,489,inspecting,Test drive vehicle,Auto-generated task note based on service history.,pending,,,True,,,
177,230,complete,Clean interior,Auto-generated task note based on service history.,in_progress,,,True,,,
178,56,received,Final check,Auto-generated task note based on service history.,pending,,,True,,,
179,437,in_progress,Final check,Auto-generated task note based on service history.,completed,2025-08-16 17:44:12.312132,,True,,,
180,343,received,Finalize quotation,Auto-generated task note based on service history.,in_progress,,,True,,,
181,324,received,Finalize quotation,Auto-generated task note based on service history.,in_progress,,,True,,,
182,496,inspecting,Perform alignment,Auto-generated task note based on service history.,in_progress,,,True,,,
183,248,in_progress,Finalize quotation,Auto-generated task note based on service history.,completed,2026-07-05 04:37:10.312132,,True,,,
184,141,inspecting,Final check,Auto-generated task note based on service history.,completed,2025-12-21 05:10:45.312132,,True,,,
185,4,quotation,Clean interior,Auto-generated task note based on service history.,pending,,,True,,,
186,142,inspecting,Check tire pressure,Auto-generated task note based on service history.,pending,,,True,,,
187,155,in_progress,Check fluid levels,Auto-generated task note based on service history.,pending,,,True,,,
188,480,received,Check fluid levels,Auto-generated task note based on service history.,in_progress,,,True,,,
189,44,received,Final check,Auto-generated task note based on service history.,pending,,,True,,,
190,125,complete,Clean interior,Auto-generated task note based on service history.,in_progress,,,True,,,
191,92,inspecting,Perform alignment,Auto-generated task note based on service history.,in_progress,,,True,,,
192,426,complete,Final check,Auto-generated task note based on service history.,in_progress,,,True,,,
193,487,complete,Final check,Auto-generated task note based on service history.,pending,,,True,,,
194,374,in_progress,Check tire pressure,Auto-generated task note based on service history.,in_progress,,,True,,,
195,28,in_progress,Perform alignment,Auto-generated task note based on service history.,completed,2025-12-05 00:41:22.312132,,True,,,
196,373,received,Perform alignment,Auto-generated task note based on service history.,pending,,,True,,,
197,16,complete,Final check,Auto-generated task note based on service history.,pending,,,True,,,
198,480,inspecting,Perform alignment,Auto-generated task note based on service history.,pending,,,True,,,
199,58,received,Inspect brake pads,Auto-generated task note based on service history.,in_progress,,,True,,,
200,298,in_progress,Test drive vehicle,Auto-generated task note based on service history.,in_progress,,,True,,,
201,118,in_progress,Clean interior,Auto-generated task note based on service history.,pending,,,True,,,
202,362,complete,Finalize quotation,Auto-generated task note based on service history.,in_progress,,,True,,,
203,76,inspecting,Final check,Auto-generated task note based on service history.,completed,2026-02-12 00:40:29.312132,,True,,,
204,48,received,Check fluid levels,Auto-generated task note based on service history.,pending,,,True,,,
205,22,inspecting,Perform alignment,Auto-generated task note based on service history.,in_progress,,,True,,,
206,344,received,Finalize quotation,Auto-generated task note based on service history.,pending,,,True,,,
207,210,in_progress,Perform alignment,Auto-generated task note based on service history.,in_progress,,,True,,,
208,347,in_progress,Final check,Auto-generated task note based on service history.,in_progress,,,True,,,
209,110,inspecting,Inspect brake pads,Auto-generated task note based on service history.,completed,2025-12-23 01:27:40.312132,,True,,,
210,198,in_progress,Check fluid levels,Auto-generated task note based on service history.,pending,,,True,,,
211,294,inspecting,Finalize quotation,Auto-generated task note based on service history.,pending,,,True,,,
212,111,complete,Inspect brake pads,Auto-generated task note based on service history.,in_progress,,,True,,,
213,394,in_progress,Perform alignment,Auto-generated task note based on service history.,pending,,,True,,,
214,465,complete,Test drive vehicle,Auto-generated task note based on service history.,completed,2026-04-16 22:46:15.312132,,True,,,
215,29,in_progress,Check fluid levels,Auto-generated task note based on service history.,pending,,,True,,,
216,135,complete,Inspect brake pads,Auto-generated task note based on service history.,in_progress,,,True,,,
217,499,complete,Inspect brake pads,Auto-generated task note based on service history.,completed,2026-05-03 03:09:38.312132,,True,,,
218,502,complete,Perform alignment,Auto-generated task note based on service history.,pending,,,True,,,
219,437,in_progress,Finalize quotation,Auto-generated task note based on service history.,pending,,,True,,,
220,100,complete,Check fluid levels,Auto-generated task note based on service history.,completed,2025-10-23 03:50:43.312132,,True,,,
221,515,quotation,Clean interior,Auto-generated task note based on service history.,in_progress,,,True,,,
222,485,complete,Inspect brake pads,Auto-generated task note based on service history.,in_progress,,,True,,,
223,287,quotation,Check tire pressure,Auto-generated task note based on service history.,in_progress,,,True,,,
224,251,received,Check fluid levels,Auto-generated task note based on service history.,pending,,,True,,,
225,138,received,Perform alignment,Auto-generated task note based on service history.,in_progress,,,True,,,
226,370,in_progress,Perform alignment,Auto-generated task note based on service history.,completed,2026-03-21 04:17:15.312132,,True,,,
227,100,in_progress,Final check,Auto-generated task note based on service history.,completed,2025-10-24 17:50:43.312132,,True,,,
228,202,in_progress,Inspect brake pads,Auto-generated task note based on service history.,in_progress,,,True,,,
229,437,quotation,Inspect brake pads,Auto-generated task note based on service history.,in_progress,,,True,,,
230,89,in_progress,Perform alignment,Auto-generated task note based on service history.,pending,,,True,,,
231,48,quotation,Perform alignment,Auto-generated task note based on service history.,in_progress,,,True,,,
232,335,received,Clean interior,Auto-generated task note based on service history.,in_progress,,,True,,,
233,23,in_progress,Inspect brake pads,Auto-generated task note based on service history.,in_progress,,,True,,,
234,383,inspecting,Inspect brake pads,Auto-generated task note based on service history.,completed,2026-08-07 07:03:41.312132,,True,,,
235,179,quotation,Final check,Auto-generated task note based on service history.,pending,,,True,,,
236,303,inspecting,Check tire pressure,Auto-generated task note based on service history.,pending,,,True,,,
237,482,complete,Clean interior,Auto-generated task note based on service history.,pending,,,True,,,
238,397,received,Check fluid levels,Auto-generated task note based on service history.,in_progress,,,True,,,
239,496,quotation,Test drive vehicle,Auto-generated task note based on service history.,pending,,,True,,,
240,325,received,Finalize quotation,Auto-generated task note based on service history.,pending,,,True,,,
241,450,received,Test drive vehicle,Auto-generated task note based on service history.,completed,2025-12-25 05:23:50.312132,,True,,,
242,291,in_progress,Clean interior,Auto-generated task note based on service history.,pending,,,True,,,
243,136,inspecting,Perform alignment,Auto-generated task note based on service history.,pending,,,True,,,
244,376,in_progress,Clean interior,Auto-generated task note based on service history.,completed,2026-01-14 00:58:59.312132,,True,,,
245,182,complete,Test drive vehicle,Auto-generated task note based on service history.,in_progress,,,True,,,
246,37,received,Perform alignment,Auto-generated task note based on service history.,pending,,,True,,,
247,37,inspecting,Check fluid levels,Auto-generated task note based on service history.,pending,,,True,,,
248,268,in_progress,Test drive vehicle,Auto-generated task note based on service history.,in_progress,,,True,,,
249,432,inspecting,Final check,Auto-generated task note based on service history.,completed,2026-02-04 05:40:47.312132,,True,,,
250,158,in_progress,Check tire pressure,Auto-generated task note based on service history.,pending,,,True,,,
251,476,quotation,Inspect brake pads,Auto-generated task note based on service history.,pending,,,True,,,
252,324,complete,Final check,Auto-generated task note based on service history.,in_progress,,,True,,,
253,170,inspecting,Final check,Auto-generated task note based on service history.,pending,,,True,,,
254,491,inspecting,Finalize quotation,Auto-generated task note based on service history.,pending,,,True,,,
255,190,inspecting,Test drive vehicle,Auto-generated task note based on service history.,pending,,,True,,,
256,28,inspecting,Clean interior,Auto-generated task note based on service history.,completed,2025-12-04 15:41:22.312132,,True,,,
257,285,received,Finalize quotation,Auto-generated task note based on service history.,completed,2026-01-26 09:48:45.312132,,True,,,
258,35,in_progress,Perform alignment,Auto-generated task note based on service history.,in_progress,,,True,,,
259,228,received,Clean interior,Auto-generated task note based on service history.,completed,2026-02-16 12:41:18.312132,,True,,,
260,294,inspecting,Final check,Auto-generated task note based on service history.,in_progress,,,True,,,
261,425,quotation,Perform alignment,Auto-generated task note based on service history.,in_progress,,,True,,,
262,329,received,Inspect brake pads,Auto-generated task note based on service history.,in_progress,,,True,,,
263,287,received,Inspect brake pads,Auto-generated task note based on service history.,completed,2026-07-18 18:19:24.312132,,True,,,
264,223,in_progress,Clean interior,Auto-generated task note based on service history.,in_progress,,,True,,,
265,480,complete,Perform alignment,Auto-generated task note based on service history.,in_progress,,,True,,,
266,232,in_progress,Check tire pressure,Auto-generated task note based on service history.,in_progress,,,True,,,
267,236,in_progress,Check tire pressure,Auto-generated task note based on service history.,in_progress,,,True,,,
268,114,in_progress,Final check,Auto-generated task note based on service history.,pending,,,True,,,
269,6,inspecting,Finalize quotation,Auto-generated task note based on service history.,completed,2026-01-07 23:01:52.312132,,True,,,
270,130,received,Inspect brake pads,Auto-generated task note based on service history.,pending,,,True,,,
271,490,complete,Check fluid levels,Auto-generated task note based on service history.,pending,,,True,,,
272,424,received,Inspect brake pads,Auto-generated task note based on service history.,in_progress,,,True,,,
273,311,inspecting,Test drive vehicle,Auto-generated task note based on service history.,completed,2026-02-19 15:01:02.312132,,True,,,
274,378,complete,Final check,Auto-generated task note based on service history.,pending,,,True,,,
275,219,received,Final check,Auto-generated task note based on service history.,completed,2025-10-22 02:00:21.312132,,True,,,
276,110,inspecting,Check fluid levels,Auto-generated task note based on service history.,completed,2025-12-22 05:27:40.312132,,True,,,
277,435,inspecting,Inspect brake pads,Auto-generated task note based on service history.,in_progress,,,True,,,
278,208,quotation,Check fluid levels,Auto-generated task note based on service history.,completed,2026-07-11 00:27:29.312132,,True,,,
279,183,received,Perform alignment,Auto-generated task note based on service history.,completed,2026-01-28 02:29:53.312132,,True,,,
280,460,inspecting,Clean interior,Auto-generated task note based on service history.,pending,,,True,,,
281,279,complete,Check fluid levels,Auto-generated task note based on service history.,pending,,,True,,,
282,400,complete,Test drive vehicle,Auto-generated task note based on service history.,pending,,,True,,,
283,72,inspecting,Inspect brake pads,Auto-generated task note based on service history.,completed,2026-01-15 09:31:41.312132,,True,,,
284,436,in_progress,Inspect brake pads,Auto-generated task note based on service history.,completed,2025-09-21 14:32:29.312132,,True,,,
285,38,inspecting,Inspect brake pads,Auto-generated task note based on service history.,in_progress,,,True,,,
286,110,received,Test drive vehicle,Auto-generated task note based on service history.,completed,2025-12-21 23:27:40.312132,,True,,,
287,199,received,Check tire pressure,Auto-generated task note based on service history.,in_progress,,,True,,,
288,97,received,Inspect brake pads,Auto-generated task note based on service history.,in_progress,,,True,,,
289,401,inspecting,Test drive vehicle,Auto-generated task note based on service history.,pending,,,True,,,
290,384,in_progress,Check fluid levels,Auto-generated task note based on service history.,pending,,,True,,,
291,201,quotation,Perform alignment,Auto-generated task note based on service history.,in_progress,,,True,,,
292,460,inspecting,Finalize quotation,Auto-generated task note based on service history.,in_progress,,,True,,,
293,96,quotation,Perform alignment,Auto-generated task note based on service history.,completed,2026-06-18 11:13:21.312132,,True,,,
294,412,quotation,Clean interior,Auto-generated task note based on service history.,pending,,,True,,,
295,259,complete,Final check,Auto-generated task note based on service history.,in_progress,,,True,,,
296,306,in_progress,Inspect brake pads,Auto-generated task note based on service history.,pending,,,True,,,
297,227,quotation,Clean interior,Auto-generated task note based on service history.,completed,2026-02-05 09:39:28.312132,,True,,,
298,390,quotation,Clean interior,Auto-generated task note based on service history.,pending,,,True,,,
299,449,quotation,Finalize quotation,Auto-generated task note based on service history.,in_progress,,,True,,,
300,338,complete,Test drive vehicle,Auto-generated task note based on service history.,in_progress,,,True,,,
301,389,complete,Check tire pressure,Auto-generated task note based on service history.,pending,,,True,,,
302,99,complete,Inspect brake pads,Auto-generated task note based on service history.,completed,2026-04-11 22:36:19.312132,,True,,,
303,223,quotation,Perform alignment,Auto-generated task note based on service history.,completed,2026-05-22 01:37:59.312132,,True,,,
304,154,complete,Perform alignment,Auto-generated task note based on service history.,completed,2025-12-16 01:47:06.312132,,True,,,
305,321,complete,Check tire pressure,Auto-generated task note based on service history.,in_progress,,,True,,,
306,458,quotation,Check fluid levels,Auto-generated task note based on service history.,pending,,,True,,,
307,148,received,Check fluid levels,Auto-generated task note based on service history.,completed,2026-05-23 14:51:38.312132,,True,,,
308,146,received,Perform alignment,Auto-generated task note based on service history.,in_progress,,,True,,,
309,261,quotation,Clean interior,Auto-generated task note based on service history.,pending,,,True,,,
310,52,inspecting,Clean interior,Auto-generated task note based on service history.,in_progress,,,True,,,
311,199,received,Inspect brake pads,Auto-generated task note based on service history.,in_progress,,,True,,,
312,369,quotation,Finalize quotation,Auto-generated task note based on service history.,pending,,,True,,,
313,238,inspecting,Check fluid levels,Auto-generated task note based on service history.,pending,,,True,,,
314,479,quotation,Final check,Auto-generated task note based on service history.,pending,,,True,,,
315,6,received,Test drive vehicle,Auto-generated task note based on service history.,completed,2026-01-08 17:01:52.312132,,True,,,
316,98,received,Final check,Auto-generated task note based on service history.,in_progress,,,True,,,
317,397,quotation,Final check,Auto-generated task note based on service history.,in_progress,,,True,,,
318,252,received,Perform alignment,Auto-generated task note based on service history.,in_progress,,,True,,,
319,36,complete,Inspect brake pads,Auto-generated task note based on service history.,completed,2026-04-13 12:52:29.312132,,True,,,
320,460,received,Final check,Auto-generated task note based on service history.,completed,2026-01-19 16:28:28.312132,,True,,,
321,434,in_progress,Inspect brake pads,Auto-generated task note based on service history.,pending,,,True,,,
322,391,complete,Perform alignment,Auto-generated task note based on service history.,in_progress,,,True,,,
323,284,inspecting,Inspect brake pads,Auto-generated task note based on service history.,completed,2025-11-12 18:53:28.312132,,True,,,
324,107,inspecting,Check fluid levels,Auto-generated task note based on service history.,pending,,,True,,,
325,192,received,Final check,Auto-generated task note based on service history.,in_progress,,,True,,,
326,272,inspecting,Finalize quotation,Auto-generated task note based on service history.,in_progress,,,True,,,
327,148,in_progress,Test drive vehicle,Auto-generated task note based on service history.,pending,,,True,,,
328,217,inspecting,Check tire pressure,Auto-generated task note based on service history.,completed,2025-08-14 20:16:00.312132,,True,,,
329,191,in_progress,Check tire pressure,Auto-generated task note based on service history.,pending,,,True,,,
330,308,inspecting,Test drive vehicle,Auto-generated task note based on service history.,pending,,,True,,,
331,14,inspecting,Final check,Auto-generated task note based on service history.,in_progress,,,True,,,
332,220,complete,Finalize quotation,Auto-generated task note based on service history.,in_progress,,,True,,,
333,311,in_progress,Finalize quotation,Auto-generated task note based on service history.,in_progress,,,True,,,
334,223,inspecting,Inspect brake pads,Auto-generated task note based on service history.,completed,2026-05-22 23:37:59.312132,,True,,,
335,112,in_progress,Perform alignment,Auto-generated task note based on service history.,in_progress,,,True,,,
336,217,inspecting,Test drive vehicle,Auto-generated task note based on service history.,in_progress,,,True,,,
337,88,quotation,Final check,Auto-generated task note based on service history.,completed,2026-07-25 02:39:25.312132,,True,,,
338,321,inspecting,Finalize quotation,Auto-generated task note based on service history.,completed,2026-03-05 13:32:31.312132,,True,,,
339,485,inspecting,Check tire pressure,Auto-generated task note based on service history.,in_progress,,,True,,,
340,61,in_progress,Check fluid levels,Auto-generated task note based on service history.,in_progress,,,True,,,
341,459,in_progress,Finalize quotation,Auto-generated task note based on service history.,pending,,,True,,,
342,509,inspecting,Check tire pressure,Auto-generated task note based on service history.,in_progress,,,True,,,
343,404,inspecting,Finalize quotation,Auto-generated task note based on service history.,pending,,,True,,,
344,500,in_progress,Test drive vehicle,Auto-generated task note based on service history.,in_progress,,,True,,,
345,200,received,Finalize quotation,Auto-generated task note based on service history.,pending,,,True,,,
346,292,in_progress,Clean interior,Auto-generated task note based on service history.,in_progress,,,True,,,
347,396,quotation,Finalize quotation,Auto-generated task note based on service history.,in_progress,,,True,,,
348,128,quotation,Final check,Auto-generated task note based on service history.,in_progress,,,True,,,
349,177,complete,Inspect brake pads,Auto-generated task note based on service history.,in_progress,,,True,,,
350,465,quotation,Clean interior,Auto-generated task note based on service history.,pending,,,True,,,
351,465,inspecting,Check tire pressure,Auto-generated task note based on service history.,in_progress,,,True,,,
352,296,complete,Perform alignment,Auto-generated task note based on service history.,pending,,,True,,,
353,193,in_progress,Test drive vehicle,Auto-generated task note based on service history.,pending,,,True,,,
354,364,complete,Check tire pressure,Auto-generated task note based on service history.,pending,,,True,,,
355,190,complete,Clean interior,Auto-generated task note based on service history.,pending,,,True,,,
356,80,inspecting,Check fluid levels,Auto-generated task note based on service history.,in_progress,,,True,,,
357,47,in_progress,Check fluid levels,Auto-generated task note based on service history.,completed,2026-02-14 04:23:50.312132,,True,,,
358,402,complete,Finalize quotation,Auto-generated task note based on service history.,pending,,,True,,,
359,70,complete,Perform alignment,Auto-generated task note based on service history.,completed,2026-05-05 15:35:03.312132,,True,,,
360,476,complete,Clean interior,Auto-generated task note based on service history.,in_progress,,,True,,,
361,431,quotation,Inspect brake pads,Auto-generated task note based on service history.,completed,2025-08-21 02:52:18.312132,,True,,,
362,75,quotation,Perform alignment,Auto-generated task note based on service history.,completed,2026-05-27 19:23:43.312132,,True,,,
363,359,received,Finalize quotation,Auto-generated task note based on service history.,in_progress,,,True,,,
364,442,received,Perform alignment,Auto-generated task note based on service history.,in_progress,,,True,,,
365,355,in_progress,Clean interior,Auto-generated task note based on service history.,in_progress,,,True,,,
366,182,received,Perform alignment,Auto-generated task note based on service history.,in_progress,,,True,,,
367,183,in_progress,Check tire pressure,Auto-generated task note based on service history.,in_progress,,,True,,,
368,297,quotation,Clean interior,Auto-generated task note based on service history.,completed,2026-05-29 06:10:14.312132,,True,,,
369,492,in_progress,Inspect brake pads,Auto-generated task note based on service history.,in_progress,,,True,,,
370,201,inspecting,Test drive vehicle,Auto-generated task note based on service history.,in_progress,,,True,,,
371,451,quotation,Check fluid levels,Auto-generated task note based on service history.,pending,,,True,,,
372,247,inspecting,Clean interior,Auto-generated task note based on service history.,pending,,,True,,,
373,245,inspecting,Perform alignment,Auto-generated task note based on service history.,completed,2026-04-22 22:30:29.312132,,True,,,
374,506,inspecting,Finalize quotation,Auto-generated task note based on service history.,in_progress,,,True,,,
375,284,received,Check fluid levels,Auto-generated task note based on service history.,pending,,,True,,,
376,333,complete,Test drive vehicle,Auto-generated task note based on service history.,in_progress,,,True,,,
377,90,in_progress,Final check,Auto-generated task note based on service history.,in_progress,,,True,,,
378,340,received,Inspect brake pads,Auto-generated task note based on service history.,in_progress,,,True,,,
379,35,quotation,Clean interior,Auto-generated task note based on service history.,pending,,,True,,,
380,91,quotation,Check fluid levels,Auto-generated task note based on service history.,pending,,,True,,,
381,278,received,Check fluid levels,Auto-generated task note based on service history.,pending,,,True,,,
382,6,complete,Inspect brake pads,Auto-generated task note based on service history.,completed,2026-01-08 06:01:52.312132,,True,,,
383,14,quotation,Test drive vehicle,Auto-generated task note based on service history.,in_progress,,,True,,,
384,74,received,Inspect brake pads,Auto-generated task note based on service history.,pending,,,True,,,
385,469,quotation,Check fluid levels,Auto-generated task note based on service history.,completed,2025-10-25 15:53:06.312132,,True,,,
386,502,quotation,Check fluid levels,Auto-generated task note based on service history.,pending,,,True,,,
387,402,inspecting,Finalize quotation,Auto-generated task note based on service history.,completed,2025-10-31 13:36:35.312132,,True,,,
388,105,quotation,Clean interior,Auto-generated task note based on service history.,pending,,,True,,,
389,323,inspecting,Final check,Auto-generated task note based on service history.,in_progress,,,True,,,
390,421,in_progress,Check fluid levels,Auto-generated task note based on service history.,completed,2026-03-22 10:07:06.312132,,True,,,
391,336,in_progress,Clean interior,Auto-generated task note based on service history.,completed,2025-11-23 02:33:02.312132,,True,,,
392,4,received,Check tire pressure,Auto-generated task note based on service history.,completed,2026-02-07 09:51:04.312132,,True,,,
393,148,in_progress,Inspect brake pads,Auto-generated task note based on service history.,in_progress,,,True,,,
394,86,inspecting,Test drive vehicle,Auto-generated task note based on service history.,pending,,,True,,,
395,141,quotation,Perform alignment,Auto-generated task note based on service history.,pending,,,True,,,
396,343,in_progress,Perform alignment,Auto-generated task note based on service history.,in_progress,,,True,,,
397,417,quotation,Perform alignment,Auto-generated task note based on service history.,completed,2026-02-01 21:20:02.312132,,True,,,
398,104,quotation,Check fluid levels,Auto-generated task note based on service history.,pending,,,True,,,
399,482,received,Test drive vehicle,Auto-generated task note based on service history.,pending,,,True,,,
400,340,received,Finalize quotation,Auto-generated task note based on service history.,pending,,,True,,,
401,13,quotation,Finalize quotation,Auto-generated task note based on service history.,in_progress,,,True,,,
402,285,complete,Perform alignment,Auto-generated task note based on service history.,in_progress,,,True,,,
403,2,in_progress,Final check,Auto-generated task note based on service history.,completed,2026-02-20 11:01:43.312132,,True,,,
404,267,in_progress,Final check,Auto-generated task note based on service history.,in_progress,,,True,,,
405,358,quotation,Check tire pressure,Auto-generated task note based on service history.,in_progress,,,True,,,
406,274,quotation,Final check,Auto-generated task note based on service history.,in_progress,,,True,,,
407,80,complete,Final check,Auto-generated task note based on service history.,in_progress,,,True,,,
408,201,received,Inspect brake pads,Auto-generated task note based on service history.,in_progress,,,True,,,
409,274,quotation,Final check,Auto-generated task note based on service history.,completed,2025-09-28 15:44:47.312132,,True,,,
410,316,inspecting,Inspect brake pads,Auto-generated task note based on service history.,in_progress,,,True,,,
411,58,inspecting,Perform alignment,Auto-generated task note based on service history.,in_progress,,,True,,,
412,95,in_progress,Final check,Auto-generated task note based on service history.,completed,2025-08-17 07:18:43.312132,,True,,,
413,520,inspecting,Inspect brake pads,Auto-generated task note based on service history.,in_progress,,,True,,,
414,252,inspecting,Clean interior,Auto-generated task note based on service history.,pending,,,True,,,
415,512,received,Test drive vehicle,Auto-generated task note based on service history.,completed,2026-07-07 13:35:41.312132,,True,,,
416,23,in_progress,Clean interior,Auto-generated task note based on service history.,completed,2025-10-10 04:05:15.312132,,True,,,
417,110,inspecting,Check tire pressure,Auto-generated task note based on service history.,in_progress,,,True,,,
418,313,quotation,Perform alignment,Auto-generated task note based on service history.,pending,,,True,,,
419,411,inspecting,Perform alignment,Auto-generated task note based on service history.,pending,,,True,,,
420,428,quotation,Test drive vehicle,Auto-generated task note based on service history.,in_progress,,,True,,,
421,277,complete,Clean interior,Auto-generated task note based on service history.,in_progress,,,True,,,
422,293,in_progress,Final check,Auto-generated task note based on service history.,in_progress,,,True,,,
423,206,quotation,Clean interior,Auto-generated task note based on service history.,in_progress,,,True,,,
424,61,inspecting,Inspect brake pads,Auto-generated task note based on service history.,pending,,,True,,,
425,513,in_progress,Finalize quotation,Auto-generated task note based on service history.,completed,2026-08-01 15:35:41.312132,,True,,,
426,305,in_progress,Inspect brake pads,Auto-generated task note based on service history.,completed,2026-04-14 22:02:37.312132,,True,,,
427,63,in_progress,Clean interior,Auto-generated task note based on service history.,pending,,,True,,,
428,289,received,Inspect brake pads,Auto-generated task note based on service history.,pending,,,True,,,
429,6,complete,Inspect brake pads,Auto-generated task note based on service history.,completed,2026-01-08 07:01:52.312132,,True,,,
430,506,complete,Clean interior,Auto-generated task note based on service history.,in_progress,,,True,,,
431,30,inspecting,Check tire pressure,Auto-generated task note based on service history.,in_progress,,,True,,,
432,425,inspecting,Check fluid levels,Auto-generated task note based on service history.,pending,,,True,,,
433,66,received,Clean interior,Auto-generated task note based on service history.,completed,2026-05-22 17:17:41.312132,,True,,,
434,307,complete,Inspect brake pads,Auto-generated task note based on service history.,pending,,,True,,,
435,304,quotation,Test drive vehicle,Auto-generated task note based on service history.,in_progress,,,True,,,
436,437,quotation,Inspect brake pads,Auto-generated task note based on service history.,completed,2025-08-18 11:44:12.312132,,True,,,
437,222,received,Check tire pressure,Auto-generated task note based on service history.,completed,2026-02-27 22:45:20.312132,,True,,,
438,341,in_progress,Finalize quotation,Auto-generated task note based on service history.,in_progress,,,True,,,
439,423,inspecting,Final check,Auto-generated task note based on service history.,in_progress,,,True,,,
440,341,received,Final check,Auto-generated task note based on service history.,pending,,,True,,,
441,477,quotation,Final check,Auto-generated task note based on service history.,pending,,,True,,,
442,342,received,Finalize quotation,Auto-generated task note based on service history.,pending,,,True,,,
443,58,complete,Check fluid levels,Auto-generated task note based on service history.,pending,,,True,,,
444,331,in_progress,Check fluid levels,Auto-generated task note based on service history.,pending,,,True,,,
445,390,complete,Finalize quotation,Auto-generated task note based on service history.,pending,,,True,,,
446,197,inspecting,Check fluid levels,Auto-generated task note based on service history.,pending,,,True,,,
447,341,received,Final check,Auto-generated task note based on service history.,pending,,,True,,,
448,409,inspecting,Final check,Auto-generated task note based on service history.,pending,,,True,,,
449,456,in_progress,Test drive vehicle,Auto-generated task note based on service history.,completed,2025-10-29 15:07:59.312132,,True,,,
450,285,complete,Test drive vehicle,Auto-generated task note based on service history.,in_progress,,,True,,,
451,510,inspecting,Perform alignment,Auto-generated task note based on service history.,pending,,,True,,,
452,329,in_progress,Finalize quotation,Auto-generated task note based on service history.,in_progress,,,True,,,
453,23,inspecting,Check fluid levels,Auto-generated task note based on service history.,in_progress,,,True,,,
454,43,quotation,Test drive vehicle,Auto-generated task note based on service history.,in_progress,,,True,,,
455,483,complete,Inspect brake pads,Auto-generated task note based on service history.,in_progress,,,True,,,
456,269,in_progress,Test drive vehicle,Auto-generated task note based on service history.,pending,,,True,,,
457,418,complete,Check tire pressure,Auto-generated task note based on service history.,completed,2025-12-06 06:23:07.312132,,True,,,
458,240,inspecting,Perform alignment,Auto-generated task note based on service history.,in_progress,,,True,,,
459,135,complete,Clean interior,Auto-generated task note based on service history.,in_progress,,,True,,,
460,308,quotation,Perform alignment,Auto-generated task note based on service history.,in_progress,,,True,,,
461,160,in_progress,Finalize quotation,Auto-generated task note based on service history.,completed,2025-08-29 02:50:56.312132,,True,,,
462,77,complete,Finalize quotation,Auto-generated task note based on service history.,completed,2025-12-12 19:16:21.312132,,True,,,
463,303,received,Finalize quotation,Auto-generated task note based on service history.,pending,,,True,,,
464,180,complete,Finalize quotation,Auto-generated task note based on service history.,completed,2025-10-15 00:27:17.312132,,True,,,
465,7,complete,Inspect brake pads,Auto-generated task note based on service history.,in_progress,,,True,,,
466,418,quotation,Test drive vehicle,Auto-generated task note based on service history.,pending,,,True,,,
467,123,quotation,Final check,Auto-generated task note based on service history.,pending,,,True,,,
468,296,inspecting,Inspect brake pads,Auto-generated task note based on service history.,in_progress,,,True,,,
469,319,received,Inspect brake pads,Auto-generated task note based on service history.,pending,,,True,,,
470,126,received,Inspect brake pads,Auto-generated task note based on service history.,pending,,,True,,,
471,270,quotation,Test drive vehicle,Auto-generated task note based on service history.,in_progress,,,True,,,
472,30,received,Inspect brake pads,Auto-generated task note based on service history.,completed,2026-04-17 18:24:14.312132,,True,,,
473,22,quotation,Clean interior,Auto-generated task note based on service history.,in_progress,,,True,,,
474,21,inspecting,Check tire pressure,Auto-generated task note based on service history.,in_progress,,,True,,,
475,41,inspecting,Test drive vehicle,Auto-generated task note based on service history.,pending,,,True,,,
476,69,quotation,Clean interior,Auto-generated task note based on service history.,pending,,,True,,,
477,109,quotation,Check tire pressure,Auto-generated task note based on service history.,completed,2026-05-31 05:26:29.312132,,True,,,
478,245,received,Perform alignment,Auto-generated task note based on service history.,completed,2026-04-23 01:30:29.312132,,True,,,
479,45,quotation,Clean interior,Auto-generated task note based on service history.,pending,,,True,,,
480,225,inspecting,Perform alignment,Auto-generated task note based on service history.,in_progress,,,True,,,
481,281,in_progress,Perform alignment,Auto-generated task note based on service history.,pending,,,True,,,
482,509,complete,Inspect brake pads,Auto-generated task note based on service history.,pending,,,True,,,
483,278,quotation,Check tire pressure,Auto-generated task note based on service history.,in_progress,,,True,,,
484,258,quotation,Test drive vehicle,Auto-generated task note based on service history.,completed,2025-12-22 13:29:19.312132,,True,,,
485,424,quotation,Clean interior,Auto-generated task note based on service history.,pending,,,True,,,
486,35,inspecting,Inspect brake pads,Auto-generated task note based on service history.,in_progress,,,True,,,
487,1,in_progress,Check tire pressure,Auto-generated task note based on service history.,pending,,,True,,,
488,137,quotation,Test drive vehicle,Auto-generated task note based on service history.,pending,,,True,,,
489,146,complete,Finalize quotation,Auto-generated task note based on service history.,pending,,,True,,,
490,245,complete,Test drive vehicle,Auto-generated task note based on service history.,in_progress,,,True,,,
491,519,inspecting,Inspect brake pads,Auto-generated task note based on service history.,completed,2026-06-10 05:35:41.312132,,True,,,
492,485,received,Test drive vehicle,Auto-generated task note based on service history.,pending,,,True,,,
493,505,in_progress,Test drive vehicle,Auto-generated task note based on service history.,completed,2026-07-17 11:35:41.312132,,True,,,
494,211,in_progress,Finalize quotation,Auto-generated task note based on service history.,in_progress,,,True,,,
495,179,in_progress,Final check,Auto-generated task note based on service history.,pending,,,True,,,
496,378,complete,Inspect brake pads,Auto-generated task note based on service history.,completed,2026-05-30 00:06:34.312132,,True,,,
497,188,complete,Clean interior,Auto-generated task note based on service history.,in_progress,,,True,,,
498,462,quotation,Clean interior,Auto-generated task note based on service history.,in_progress,,,True,,,
499,481,received,Check tire pressure,Auto-generated task note based on service history.,completed,2025-08-14 08:17:53.312132,,True,,,
500,394,received,Check tire pressure,Auto-generated task note based on service history.,completed,2026-05-16 22:40:02.312132,,True,,,
501,521,quotation,Wiper blade clips snapped in; full sweep tested,Scenario B – quick-service task completed efficiently.,completed,2026-07-06 02:35:42.964095,,True,,,
502,522,complete,Visual brake inspection — no action required at this visit,Scenario B – quick-service task completed efficiently.,completed,2026-05-15 02:35:42.964095,,True,,,
503,523,received,Tire swapped and torque verified to spec,Scenario B – quick-service task completed efficiently.,completed,2026-07-24 02:35:42.964095,,True,,,
504,524,complete,Cabin filter slot cleaned; new filter seated,Scenario B – quick-service task completed efficiently.,pending,,,True,,,
505,525,quotation,All fluid reservoirs verified at safe levels,Scenario B – quick-service task completed efficiently.,completed,2026-05-19 02:35:42.964095,,True,,,
506,526,in_progress,All fluid reservoirs verified at safe levels,Scenario B – quick-service task completed efficiently.,completed,2026-05-16 02:35:42.964095,,True,,,
507,527,complete,Tire swapped and torque verified to spec,Scenario B – quick-service task completed efficiently.,completed,2026-05-19 02:35:42.964095,,True,,,
508,528,quotation,Cabin filter slot cleaned; new filter seated,Scenario B – quick-service task completed efficiently.,in_progress,2026-07-29 02:35:42.964095,,True,,,
509,529,quotation,Tire swapped and torque verified to spec,Scenario B – quick-service task completed efficiently.,pending,2026-06-15 02:35:42.964095,,True,,,
510,530,received,Wiper blade clips snapped in; full sweep tested,Scenario B – quick-service task completed efficiently.,completed,2026-05-15 02:35:42.964095,,True,,,
511,531,in_progress,Wiper blade clips snapped in; full sweep tested,Scenario B – quick-service task completed efficiently.,in_progress,2026-06-07 02:35:42.964095,,True,,,
512,532,complete,Quick oil drain and fill completed,Scenario B – quick-service task completed efficiently.,pending,2026-07-04 02:35:42.964095,,True,,,
513,533,complete,Tire swapped and torque verified to spec,Scenario B – quick-service task completed efficiently.,completed,2026-07-31 02:35:42.964095,,True,,,
514,534,in_progress,Tire pressure corrected; TPMS reset performed,Scenario B – quick-service task completed efficiently.,in_progress,2026-07-22 02:35:42.964095,,True,,,
515,535,received,Battery load test passed; terminals re-tightened,Scenario B – quick-service task completed efficiently.,completed,2026-07-31 02:35:42.964095,,True,,,
516,536,received,Cabin filter slot cleaned; new filter seated,Scenario B – quick-service task completed efficiently.,in_progress,2026-06-15 02:35:42.964095,,True,,,
517,537,complete,Quick oil drain and fill completed,Scenario B – quick-service task completed efficiently.,pending,2026-07-04 02:35:42.964095,,True,,,
518,538,in_progress,Cabin filter slot cleaned; new filter seated,Scenario B – quick-service task completed efficiently.,in_progress,,,True,,,
519,539,received,Quick oil drain and fill completed,Scenario B – quick-service task completed efficiently.,in_progress,2026-05-25 02:35:42.964095,,True,,,
520,540,complete,Cabin filter slot cleaned; new filter seated,Scenario B – quick-service task completed efficiently.,completed,2026-06-19 02:35:42.964095,,True,,,
521,541,quotation,Visual brake inspection — no action required at this visit,Scenario B – quick-service task completed efficiently.,in_progress,2026-06-18 02:35:42.964095,,True,,,
522,542,received,Tire swapped and torque verified to spec,Scenario B – quick-service task completed efficiently.,completed,,,True,,,
523,543,in_progress,Visual brake inspection — no action required at this visit,Scenario B – quick-service task completed efficiently.,pending,2026-06-27 02:35:42.964095,,True,,,
524,544,in_progress,Tire pressure corrected; TPMS reset performed,Scenario B – quick-service task completed efficiently.,completed,2026-07-18 02:35:42.964095,,True,,,
525,545,complete,Cabin filter slot cleaned; new filter seated,Scenario B – quick-service task completed efficiently.,completed,2026-06-25 02:35:42.964095,,True,,,
526,546,in_progress,Tire swapped and torque verified to spec,Scenario B – quick-service task completed efficiently.,completed,2026-08-01 02:35:42.964095,,True,,,
527,547,quotation,Tire pressure corrected; TPMS reset performed,Scenario B – quick-service task completed efficiently.,in_progress,2026-06-12 02:35:42.964095,,True,,,
528,548,quotation,Tire swapped and torque verified to spec,Scenario B – quick-service task completed efficiently.,completed,2026-07-27 02:35:42.964095,,True,,,
529,549,in_progress,Tire swapped and torque verified to spec,Scenario B – quick-service task completed efficiently.,pending,2026-07-24 02:35:42.964095,,True,,,
530,550,inspecting,Wiper blade clips snapped in; full sweep tested,Scenario B – quick-service task completed efficiently.,completed,2026-07-17 02:35:42.964095,,True,,,
531,551,in_progress,All fluid reservoirs verified at safe levels,Scenario B – quick-service task completed efficiently.,completed,2026-06-15 02:35:42.964095,,True,,,
532,552,in_progress,Visual brake inspection — no action required at this visit,Scenario B – quick-service task completed efficiently.,in_progress,2026-05-18 02:35:42.964095,,True,,,
533,553,received,Tire pressure corrected; TPMS reset performed,Scenario B – quick-service task completed efficiently.,in_progress,2026-07-06 02:35:42.964095,,True,,,
534,554,received,Tire swapped and torque verified to spec,Scenario B – quick-service task completed efficiently.,pending,2026-05-16 02:35:42.964095,,True,,,
535,555,quotation,Tire pressure corrected; TPMS reset performed,Scenario B – quick-service task completed efficiently.,completed,2026-05-20 02:35:42.964095,,True,,,
536,556,complete,Tire pressure corrected; TPMS reset performed,Scenario B – quick-service task completed efficiently.,in_progress,2026-06-16 02:35:42.964095,,True,,,
537,557,inspecting,Wiper blade clips snapped in; full sweep tested,Scenario B – quick-service task completed efficiently.,completed,2026-05-21 02:35:42.964095,,True,,,
538,558,quotation,Wiper blade clips snapped in; full sweep tested,Scenario B – quick-service task completed efficiently.,pending,2026-05-23 02:35:42.964095,,True,,,
539,559,received,Tire swapped and torque verified to spec,Scenario B – quick-service task completed efficiently.,pending,2026-07-03 02:35:42.964095,,True,,,
540,560,received,Cabin filter slot cleaned; new filter seated,Scenario B – quick-service task completed efficiently.,completed,2026-05-12 02:35:42.964095,,True,,,
541,561,received,Quick oil drain and fill completed,Scenario B – quick-service task completed efficiently.,pending,2026-06-02 02:35:42.964095,,True,,,
542,562,complete,Visual brake inspection — no action required at this visit,Scenario B – quick-service task completed efficiently.,pending,2026-05-24 02:35:42.964095,,True,,,
543,563,quotation,Quick oil drain and fill completed,Scenario B – quick-service task completed efficiently.,completed,2026-06-02 02:35:42.964095,,True,,,
544,564,received,Visual brake inspection — no action required at this visit,Scenario B – quick-service task completed efficiently.,in_progress,2026-08-01 02:35:42.964095,,True,,,
545,565,inspecting,Wiper blade clips snapped in; full sweep tested,Scenario B – quick-service task completed efficiently.,pending,,,True,,,
546,566,complete,Visual brake inspection — no action required at this visit,Scenario B – quick-service task completed efficiently.,completed,2026-06-05 02:35:42.964095,,True,,,
547,567,received,Battery load test passed; terminals re-tightened,Scenario B – quick-service task completed efficiently.,in_progress,,,True,,,
548,568,complete,Wiper blade clips snapped in; full sweep tested,Scenario B – quick-service task completed efficiently.,pending,2026-07-02 02:35:42.964095,,True,,,
549,569,complete,Quick oil drain and fill completed,Scenario B – quick-service task completed efficiently.,pending,2026-07-09 02:35:42.964095,,True,,,
550,570,complete,Tire swapped and torque verified to spec,Scenario B – quick-service task completed efficiently.,completed,2026-06-17 02:35:42.964095,,True,,,
551,571,inspecting,Cabin filter slot cleaned; new filter seated,Scenario B – quick-service task completed efficiently.,completed,2026-06-06 02:35:42.964095,,True,,,
552,572,complete,Visual brake inspection — no action required at this visit,Scenario B – quick-service task completed efficiently.,in_progress,2026-07-17 02:35:42.964095,,True,,,
553,573,in_progress,Quick oil drain and fill completed,Scenario B – quick-service task completed efficiently.,completed,2026-08-03 02:35:42.964095,,True,,,
554,574,inspecting,All fluid reservoirs verified at safe levels,Scenario B – quick-service task completed efficiently.,completed,,,True,,,
555,575,received,Visual brake inspection — no action required at this visit,Scenario B – quick-service task completed efficiently.,completed,2026-06-23 02:35:42.964095,,True,,,
556,576,received,Cabin filter slot cleaned; new filter seated,Scenario B – quick-service task completed efficiently.,completed,2026-07-13 02:35:42.964095,,True,,,
557,577,received,Battery load test passed; terminals re-tightened,Scenario B – quick-service task completed efficiently.,completed,2026-07-29 02:35:42.964095,,True,,,
558,578,complete,All fluid reservoirs verified at safe levels,Scenario B – quick-service task completed efficiently.,pending,2026-07-11 02:35:42.964095,,True,,,
559,579,complete,Visual brake inspection — no action required at this visit,Scenario B – quick-service task completed efficiently.,completed,2026-07-02 02:35:42.964095,,True,,,
560,580,complete,All fluid reservoirs verified at safe levels,Scenario B – quick-service task completed efficiently.,pending,2026-06-04 02:35:42.964095,,True,,,
561,581,quotation,Cabin filter slot cleaned; new filter seated,Scenario B – quick-service task completed efficiently.,completed,2026-06-24 02:35:42.964095,,True,,,
562,582,complete,Battery load test passed; terminals re-tightened,Scenario B – quick-service task completed efficiently.,completed,2026-06-15 02:35:42.964095,,True,,,
563,583,in_progress,Cabin filter slot cleaned; new filter seated,Scenario B – quick-service task completed efficiently.,completed,,,True,,,
564,584,inspecting,Tire swapped and torque verified to spec,Scenario B – quick-service task completed efficiently.,completed,2026-05-10 02:35:42.964095,,True,,,
565,585,complete,Battery load test passed; terminals re-tightened,Scenario B – quick-service task completed efficiently.,pending,2026-08-03 02:35:42.964095,,True,,,
566,586,inspecting,Wiper blade clips snapped in; full sweep tested,Scenario B – quick-service task completed efficiently.,pending,2026-07-26 02:35:42.964095,,True,,,
567,587,received,Visual brake inspection — no action required at this visit,Scenario B – quick-service task completed efficiently.,completed,,,True,,,
568,588,complete,Wiper blade clips snapped in; full sweep tested,Scenario B – quick-service task completed efficiently.,in_progress,2026-07-16 02:35:42.964095,,True,,,
569,589,quotation,Wiper blade clips snapped in; full sweep tested,Scenario B – quick-service task completed efficiently.,pending,2026-06-23 02:35:42.964095,,True,,,
570,590,inspecting,Cabin filter slot cleaned; new filter seated,Scenario B – quick-service task completed efficiently.,pending,2026-05-25 02:35:42.964095,,True,,,
571,591,inspecting,All fluid reservoirs verified at safe levels,Scenario B – quick-service task completed efficiently.,pending,,,True,,,
572,592,in_progress,Wiper blade clips snapped in; full sweep tested,Scenario B – quick-service task completed efficiently.,completed,2026-06-25 02:35:42.964095,,True,,,
573,593,in_progress,Wiper blade clips snapped in; full sweep tested,Scenario B – quick-service task completed efficiently.,pending,2026-06-23 02:35:42.964095,,True,,,
574,594,inspecting,All fluid reservoirs verified at safe levels,Scenario B – quick-service task completed efficiently.,in_progress,2026-07-28 02:35:42.964095,,True,,,
575,595,received,Tire swapped and torque verified to spec,Scenario B – quick-service task completed efficiently.,completed,2026-07-18 02:35:42.964095,,True,,,
576,596,inspecting,Battery load test passed; terminals re-tightened,Scenario B – quick-service task completed efficiently.,completed,,,True,,,
577,597,complete,Tire pressure corrected; TPMS reset performed,Scenario B – quick-service task completed efficiently.,completed,2026-06-25 02:35:42.964095,,True,,,
578,598,received,Wiper blade clips snapped in; full sweep tested,Scenario B – quick-service task completed efficiently.,in_progress,2026-06-05 02:35:42.964095,,True,,,
579,599,inspecting,Visual brake inspection — no action required at this visit,Scenario B – quick-service task completed efficiently.,completed,2026-07-30 02:35:42.964095,,True,,,
580,600,inspecting,Quick oil drain and fill completed,Scenario B – quick-service task completed efficiently.,in_progress,2026-06-28 02:35:42.964095,,True,,,
581,601,received,Wiper blade clips snapped in; full sweep tested,Scenario B – quick-service task completed efficiently.,pending,,,True,,,
582,602,in_progress,Cabin filter slot cleaned; new filter seated,Scenario B – quick-service task completed efficiently.,pending,2026-06-06 02:35:42.964095,,True,,,
583,603,inspecting,Visual brake inspection — no action required at this visit,Scenario B – quick-service task completed efficiently.,completed,2026-05-09 02:35:42.964095,,True,,,
584,604,in_progress,Cabin filter slot cleaned; new filter seated,Scenario B – quick-service task completed efficiently.,completed,2026-08-01 02:35:42.964095,,True,,,
585,605,in_progress,Battery load test passed; terminals re-tightened,Scenario B – quick-service task completed efficiently.,in_progress,2026-05-14 02:35:42.964095,,True,,,
586,606,complete,Tire pressure corrected; TPMS reset performed,Scenario B – quick-service task completed efficiently.,completed,2026-07-12 02:35:42.964095,,True,,,
587,607,received,Tire pressure corrected; TPMS reset performed,Scenario B – quick-service task completed efficiently.,completed,2026-07-02 02:35:42.964095,,True,,,
588,608,inspecting,All fluid reservoirs verified at safe levels,Scenario B – quick-service task completed efficiently.,in_progress,2026-05-21 02:35:42.964095,,True,,,
589,609,quotation,All fluid reservoirs verified at safe levels,Scenario B – quick-service task completed efficiently.,pending,2026-06-06 02:35:42.964095,,True,,,
590,610,quotation,Tire swapped and torque verified to spec,Scenario B – quick-service task completed efficiently.,pending,2026-05-17 02:35:42.964095,,True,,,
591,611,in_progress,Wiper blade clips snapped in; full sweep tested,Scenario B – quick-service task completed efficiently.,completed,2026-07-15 02:35:42.964095,,True,,,
592,612,in_progress,All fluid reservoirs verified at safe levels,Scenario B – quick-service task completed efficiently.,pending,2026-07-08 02:35:42.964095,,True,,,
593,613,received,Battery load test passed; terminals re-tightened,Scenario B – quick-service task completed efficiently.,completed,2026-06-28 02:35:42.964095,,True,,,
594,614,quotation,Tire pressure corrected; TPMS reset performed,Scenario B – quick-service task completed efficiently.,in_progress,2026-07-24 02:35:42.964095,,True,,,
595,615,received,Battery load test passed; terminals re-tightened,Scenario B – quick-service task completed efficiently.,completed,2026-07-12 02:35:42.964095,,True,,,
596,616,received,Cabin filter slot cleaned; new filter seated,Scenario B – quick-service task completed efficiently.,in_progress,2026-06-03 02:35:42.964095,,True,,,
597,617,complete,Quick oil drain and fill completed,Scenario B – quick-service task completed efficiently.,pending,,,True,,,
598,618,quotation,Wiper blade clips snapped in; full sweep tested,Scenario B – quick-service task completed efficiently.,completed,2026-05-20 02:35:42.964095,,True,,,
599,619,complete,Tire pressure corrected; TPMS reset performed,Scenario B – quick-service task completed efficiently.,pending,2026-06-03 02:35:42.964095,,True,,,
600,620,inspecting,Wiper blade clips snapped in; full sweep tested,Scenario B – quick-service task completed efficiently.,completed,2026-07-08 02:35:42.964095,,True,,,
601,621,in_progress,Visual brake inspection — no action required at this visit,Scenario B – quick-service task completed efficiently.,in_progress,2026-05-21 02:35:42.964095,,True,,,
602,622,quotation,Cabin filter slot cleaned; new filter seated,Scenario B – quick-service task completed efficiently.,completed,2026-05-28 02:35:42.964095,,True,,,
603,623,inspecting,Quick oil drain and fill completed,Scenario B – quick-service task completed efficiently.,pending,2026-05-29 02:35:42.964095,,True,,,
604,624,in_progress,Cabin filter slot cleaned; new filter seated,Scenario B – quick-service task completed efficiently.,in_progress,,,True,,,
605,625,received,Tire pressure corrected; TPMS reset performed,Scenario B – quick-service task completed efficiently.,pending,,,True,,,
606,626,in_progress,All fluid reservoirs verified at safe levels,Scenario B – quick-service task completed efficiently.,completed,2026-07-01 02:35:42.964095,,True,,,
607,627,complete,Wiper blade clips snapped in; full sweep tested,Scenario B – quick-service task completed efficiently.,in_progress,2026-07-13 02:35:42.964095,,True,,,
608,628,quotation,Cabin filter slot cleaned; new filter seated,Scenario B – quick-service task completed efficiently.,completed,2026-06-19 02:35:42.964095,,True,,,
609,629,quotation,Tire pressure corrected; TPMS reset performed,Scenario B – quick-service task completed efficiently.,in_progress,2026-06-11 02:35:42.964095,,True,,,
610,630,inspecting,Quick oil drain and fill completed,Scenario B – quick-service task completed efficiently.,completed,2026-06-06 02:35:42.964095,,True,,,
611,631,quotation,Wiper blade clips snapped in; full sweep tested,Scenario B – quick-service task completed efficiently.,completed,2026-06-15 02:35:42.964095,,True,,,
612,632,inspecting,Battery load test passed; terminals re-tightened,Scenario B – quick-service task completed efficiently.,completed,,,True,,,
613,633,complete,Quick oil drain and fill completed,Scenario B – quick-service task completed efficiently.,completed,2026-05-18 02:35:42.964095,,True,,,
614,634,quotation,Cabin filter slot cleaned; new filter seated,Scenario B – quick-service task completed efficiently.,pending,,,True,,,
615,635,complete,Wiper blade clips snapped in; full sweep tested,Scenario B – quick-service task completed efficiently.,in_progress,2026-07-21 02:35:42.964095,,True,,,
616,636,received,Quick oil drain and fill completed,Scenario B – quick-service task completed efficiently.,completed,2026-05-10 02:35:42.964095,,True,,,
617,637,received,Quick oil drain and fill completed,Scenario B – quick-service task completed efficiently.,in_progress,2026-06-19 02:35:42.964095,,True,,,
618,638,in_progress,Quick oil drain and fill completed,Scenario B – quick-service task completed efficiently.,pending,2026-07-22 02:35:42.964095,,True,,,
619,639,inspecting,Battery load test passed; terminals re-tightened,Scenario B – quick-service task completed efficiently.,completed,,,True,,,
620,640,received,Quick oil drain and fill completed,Scenario B – quick-service task completed efficiently.,completed,2026-07-17 02:35:42.964095,,True,,,
621,641,complete,Tire swapped and torque verified to spec,Scenario B – quick-service task completed efficiently.,completed,2026-06-28 02:35:42.964095,,True,,,
622,642,received,Tire swapped and torque verified to spec,Scenario B – quick-service task completed efficiently.,pending,,,True,,,
623,643,complete,Tire pressure corrected; TPMS reset performed,Scenario B – quick-service task completed efficiently.,pending,2026-08-03 02:35:42.964095,,True,,,
624,644,inspecting,Cabin filter slot cleaned; new filter seated,Scenario B – quick-service task completed efficiently.,pending,2026-07-14 02:35:42.964095,,True,,,
625,645,in_progress,Battery load test passed; terminals re-tightened,Scenario B – quick-service task completed efficiently.,completed,2026-05-28 02:35:42.964095,,True,,,
626,646,received,Wiper blade clips snapped in; full sweep tested,Scenario B – quick-service task completed efficiently.,completed,,,True,,,
627,647,inspecting,Tire swapped and torque verified to spec,Scenario B – quick-service task completed efficiently.,completed,2026-06-26 02:35:42.964095,,True,,,
628,648,received,Quick oil drain and fill completed,Scenario B – quick-service task completed efficiently.,in_progress,2026-05-30 02:35:42.964095,,True,,,
629,649,complete,Battery load test passed; terminals re-tightened,Scenario B – quick-service task completed efficiently.,in_progress,2026-07-20 02:35:42.964095,,True,,,
630,650,inspecting,Visual brake inspection — no action required at this visit,Scenario B – quick-service task completed efficiently.,completed,2026-05-08 02:35:42.964095,,True,,,
631,651,complete,Visual brake inspection — no action required at this visit,Scenario B – quick-service task completed efficiently.,completed,2026-07-11 02:35:42.964095,,True,,,
632,652,received,Tire pressure corrected; TPMS reset performed,Scenario B – quick-service task completed efficiently.,completed,,,True,,,
633,653,received,Quick oil drain and fill completed,Scenario B – quick-service task completed efficiently.,completed,2026-07-04 02:35:42.964095,,True,,,
634,654,in_progress,Quick oil drain and fill completed,Scenario B – quick-service task completed efficiently.,pending,2026-06-12 02:35:42.964095,,True,,,
635,655,inspecting,Tire pressure corrected; TPMS reset performed,Scenario B – quick-service task completed efficiently.,in_progress,,,True,,,
636,656,complete,Battery load test passed; terminals re-tightened,Scenario B – quick-service task completed efficiently.,pending,2026-07-26 02:35:42.964095,,True,,,
637,657,in_progress,Wiper blade clips snapped in; full sweep tested,Scenario B – quick-service task completed efficiently.,completed,,,True,,,
638,658,inspecting,Quick oil drain and fill completed,Scenario B – quick-service task completed efficiently.,completed,,,True,,,
639,659,complete,Wiper blade clips snapped in; full sweep tested,Scenario B – quick-service task completed efficiently.,completed,,,True,,,
640,660,inspecting,Tire swapped and torque verified to spec,Scenario B – quick-service task completed efficiently.,in_progress,2026-05-16 02:35:42.964095,,True,,,
641,661,quotation,Battery load test passed; terminals re-tightened,Scenario B – quick-service task completed efficiently.,in_progress,2026-06-30 02:35:42.964095,,True,,,
642,662,inspecting,Cabin filter slot cleaned; new filter seated,Scenario B – quick-service task completed efficiently.,pending,,,True,,,
643,663,complete,Battery load test passed; terminals re-tightened,Scenario B – quick-service task completed efficiently.,completed,,,True,,,
644,664,complete,Cabin filter slot cleaned; new filter seated,Scenario B – quick-service task completed efficiently.,completed,2026-05-12 02:35:42.964095,,True,,,
645,665,complete,Cabin filter slot cleaned; new filter seated,Scenario B – quick-service task completed efficiently.,completed,2026-05-21 02:35:42.964095,,True,,,
646,666,in_progress,Wiper blade clips snapped in; full sweep tested,Scenario B – quick-service task completed efficiently.,pending,2026-05-30 02:35:42.964095,,True,,,
647,667,inspecting,Wiper blade clips snapped in; full sweep tested,Scenario B – quick-service task completed efficiently.,completed,2026-07-16 02:35:42.964095,,True,,,
648,668,complete,Cabin filter slot cleaned; new filter seated,Scenario B – quick-service task completed efficiently.,completed,2026-06-10 02:35:42.964095,,True,,,
649,669,complete,Tire swapped and torque verified to spec,Scenario B – quick-service task completed efficiently.,in_progress,,,True,,,
650,670,received,Wiper blade clips snapped in; full sweep tested,Scenario B – quick-service task completed efficiently.,completed,2026-05-12 02:35:42.964095,,True,,,
651,671,received,All fluid reservoirs verified at safe levels,Scenario B – quick-service task completed efficiently.,completed,2026-06-17 02:35:42.964095,,True,,,
652,672,received,Quick oil drain and fill completed,Scenario B – quick-service task completed efficiently.,in_progress,2026-05-10 02:35:42.964095,,True,,,
653,673,quotation,Cabin filter slot cleaned; new filter seated,Scenario B – quick-service task completed efficiently.,completed,2026-05-15 02:35:42.964095,,True,,,
654,674,complete,Battery load test passed; terminals re-tightened,Scenario B – quick-service task completed efficiently.,pending,2026-06-21 02:35:42.964095,,True,,,
655,675,in_progress,Cabin filter slot cleaned; new filter seated,Scenario B – quick-service task completed efficiently.,pending,2026-07-04 02:35:42.964095,,True,,,
656,676,complete,Visual brake inspection — no action required at this visit,Scenario B – quick-service task completed efficiently.,in_progress,,,True,,,
657,677,inspecting,Tire pressure corrected; TPMS reset performed,Scenario B – quick-service task completed efficiently.,in_progress,,,True,,,
658,678,complete,Wiper blade clips snapped in; full sweep tested,Scenario B – quick-service task completed efficiently.,completed,2026-06-02 02:35:42.964095,,True,,,
659,679,received,Cabin filter slot cleaned; new filter seated,Scenario B – quick-service task completed efficiently.,pending,2026-07-29 02:35:42.964095,,True,,,
660,680,inspecting,Cabin filter slot cleaned; new filter seated,Scenario B – quick-service task completed efficiently.,completed,2026-05-15 02:35:42.964095,,True,,,
661,681,quotation,Visual brake inspection — no action required at this visit,Scenario B – quick-service task completed efficiently.,completed,2026-05-21 02:35:42.964095,,True,,,
662,682,inspecting,Visual brake inspection — no action required at this visit,Scenario B – quick-service task completed efficiently.,in_progress,2026-05-09 02:35:42.964095,,True,,,
663,683,received,Visual brake inspection — no action required at this visit,Scenario B – quick-service task completed efficiently.,completed,2026-05-10 02:35:42.964095,,True,,,
664,684,complete,Quick oil drain and fill completed,Scenario B – quick-service task completed efficiently.,completed,2026-06-19 02:35:42.964095,,True,,,
665,685,in_progress,Battery load test passed; terminals re-tightened,Scenario B – quick-service task completed efficiently.,completed,2026-07-21 02:35:42.964095,,True,,,
666,686,inspecting,Wiper blade clips snapped in; full sweep tested,Scenario B – quick-service task completed efficiently.,completed,2026-05-20 02:35:42.964095,,True,,,
667,687,received,Wiper blade clips snapped in; full sweep tested,Scenario B – quick-service task completed efficiently.,completed,2026-05-26 02:35:42.964095,,True,,,
668,688,in_progress,Battery load test passed; terminals re-tightened,Scenario B – quick-service task completed efficiently.,completed,2026-07-18 02:35:42.964095,,True,,,
669,689,inspecting,Tire pressure corrected; TPMS reset performed,Scenario B – quick-service task completed efficiently.,completed,2026-06-11 02:35:42.964095,,True,,,
670,690,complete,Tire swapped and torque verified to spec,Scenario B – quick-service task completed efficiently.,pending,,,True,,,
671,691,received,Wiper blade clips snapped in; full sweep tested,Scenario B – quick-service task completed efficiently.,pending,,,True,,,
672,692,complete,Battery load test passed; terminals re-tightened,Scenario B – quick-service task completed efficiently.,completed,2026-07-18 02:35:42.964095,,True,,,
673,693,inspecting,Cabin filter slot cleaned; new filter seated,Scenario B – quick-service task completed efficiently.,completed,2026-07-14 02:35:42.964095,,True,,,
674,694,received,Tire pressure corrected; TPMS reset performed,Scenario B – quick-service task completed efficiently.,completed,2026-06-28 02:35:42.964095,,True,,,
675,695,received,Quick oil drain and fill completed,Scenario B – quick-service task completed efficiently.,completed,,,True,,,
676,696,received,Wiper blade clips snapped in; full sweep tested,Scenario B – quick-service task completed efficiently.,completed,2026-06-28 02:35:42.964095,,True,,,
677,697,received,Wiper blade clips snapped in; full sweep tested,Scenario B – quick-service task completed efficiently.,completed,2026-07-04 02:35:42.964095,,True,,,
678,698,inspecting,Tire swapped and torque verified to spec,Scenario B – quick-service task completed efficiently.,completed,2026-05-17 02:35:42.964095,,True,,,
679,699,received,Quick oil drain and fill completed,Scenario B – quick-service task completed efficiently.,completed,2026-06-19 02:35:42.964095,,True,,,
680,700,inspecting,Quick oil drain and fill completed,Scenario B – quick-service task completed efficiently.,completed,,,True,,,
681,701,received,Tire swapped and torque verified to spec,Scenario B – quick-service task completed efficiently.,completed,2026-07-30 02:35:42.964095,,True,,,
682,702,received,Quick oil drain and fill completed,Scenario B – quick-service task completed efficiently.,completed,2026-06-07 02:35:42.964095,,True,,,
683,703,received,Wiper blade clips snapped in; full sweep tested,Scenario B – quick-service task completed efficiently.,in_progress,2026-05-13 02:35:42.964095,,True,,,
684,704,complete,Cabin filter slot cleaned; new filter seated,Scenario B – quick-service task completed efficiently.,in_progress,2026-06-24 02:35:42.964095,,True,,,
685,705,inspecting,Tire swapped and torque verified to spec,Scenario B – quick-service task completed efficiently.,in_progress,2026-06-29 02:35:42.964095,,True,,,
686,706,complete,Cabin filter slot cleaned; new filter seated,Scenario B – quick-service task completed efficiently.,completed,2026-06-27 02:35:42.964095,,True,,,
687,707,quotation,Wiper blade clips snapped in; full sweep tested,Scenario B – quick-service task completed efficiently.,in_progress,2026-07-14 02:35:42.964095,,True,,,
688,708,received,Wiper blade clips snapped in; full sweep tested,Scenario B – quick-service task completed efficiently.,pending,2026-05-16 02:35:42.964095,,True,,,
689,709,received,Battery load test passed; terminals re-tightened,Scenario B – quick-service task completed efficiently.,completed,2026-07-07 02:35:42.964095,,True,,,
690,710,complete,Visual brake inspection — no action required at this visit,Scenario B – quick-service task completed efficiently.,pending,2026-07-01 02:35:42.964095,,True,,,
691,711,in_progress,Tire pressure corrected; TPMS reset performed,Scenario B – quick-service task completed efficiently.,completed,2026-07-03 02:35:42.964095,,True,,,
692,712,received,Visual brake inspection — no action required at this visit,Scenario B – quick-service task completed efficiently.,completed,2026-07-06 02:35:42.964095,,True,,,
693,713,complete,Battery load test passed; terminals re-tightened,Scenario B – quick-service task completed efficiently.,pending,,,True,,,
694,714,quotation,Wiper blade clips snapped in; full sweep tested,Scenario B – quick-service task completed efficiently.,in_progress,2026-06-04 02:35:42.964095,,True,,,
695,715,received,Visual brake inspection — no action required at this visit,Scenario B – quick-service task completed efficiently.,completed,2026-06-07 02:35:42.964095,,True,,,
696,716,complete,All fluid reservoirs verified at safe levels,Scenario B – quick-service task completed efficiently.,in_progress,2026-07-19 02:35:42.964095,,True,,,
697,717,quotation,Tire pressure corrected; TPMS reset performed,Scenario B – quick-service task completed efficiently.,completed,2026-06-17 02:35:42.964095,,True,,,
698,718,complete,Tire pressure corrected; TPMS reset performed,Scenario B – quick-service task completed efficiently.,in_progress,2026-06-23 02:35:42.964095,,True,,,
699,719,complete,Tire pressure corrected; TPMS reset performed,Scenario B – quick-service task completed efficiently.,in_progress,2026-07-10 02:35:42.964095,,True,,,
700,720,received,Tire swapped and torque verified to spec,Scenario B – quick-service task completed efficiently.,completed,2026-08-02 02:35:42.964095,,True,,,
701,721,received,Visual brake inspection — no action required at this visit,Scenario B – quick-service task completed efficiently.,completed,2026-07-02 02:35:42.964095,,True,,,
702,722,in_progress,Tire swapped and torque verified to spec,Scenario B – quick-service task completed efficiently.,completed,2026-07-20 02:35:42.964095,,True,,,
703,723,quotation,Visual brake inspection — no action required at this visit,Scenario B – quick-service task completed efficiently.,completed,,,True,,,
704,724,in_progress,Quick oil drain and fill completed,Scenario B – quick-service task completed efficiently.,pending,2026-07-20 02:35:42.964095,,True,,,
705,725,inspecting,Tire pressure corrected; TPMS reset performed,Scenario B – quick-service task completed efficiently.,completed,,,True,,,
706,726,complete,Cabin filter slot cleaned; new filter seated,Scenario B – quick-service task completed efficiently.,completed,,,True,,,
707,727,received,Quick oil drain and fill completed,Scenario B – quick-service task completed efficiently.,in_progress,2026-07-10 02:35:42.964095,,True,,,
708,728,inspecting,Quick oil drain and fill completed,Scenario B – quick-service task completed efficiently.,completed,2026-06-29 02:35:42.964095,,True,,,
709,729,quotation,Tire swapped and torque verified to spec,Scenario B – quick-service task completed efficiently.,in_progress,2026-07-18 02:35:42.964095,,True,,,
710,730,received,Battery load test passed; terminals re-tightened,Scenario B – quick-service task completed efficiently.,completed,2026-05-15 02:35:42.964095,,True,,,
711,731,received,Battery load test passed; terminals re-tightened,Scenario B – quick-service task completed efficiently.,pending,,,True,,,
712,732,complete,Tire pressure corrected; TPMS reset performed,Scenario B – quick-service task completed efficiently.,pending,2026-06-28 02:35:42.964095,,True,,,
713,733,received,All fluid reservoirs verified at safe levels,Scenario B – quick-service task completed efficiently.,completed,2026-07-06 02:35:42.964095,,True,,,
714,734,quotation,Visual brake inspection — no action required at this visit,Scenario B – quick-service task completed efficiently.,completed,2026-05-15 02:35:42.964095,,True,,,
715,735,in_progress,Tire swapped and torque verified to spec,Scenario B – quick-service task completed efficiently.,completed,,,True,,,
716,736,complete,Quick oil drain and fill completed,Scenario B – quick-service task completed efficiently.,completed,2026-08-04 02:35:42.964095,,True,,,
717,737,quotation,All fluid reservoirs verified at safe levels,Scenario B – quick-service task completed efficiently.,completed,,,True,,,
718,738,complete,Tire swapped and torque verified to spec,Scenario B – quick-service task completed efficiently.,completed,2026-05-27 02:35:42.964095,,True,,,
719,739,inspecting,Battery load test passed; terminals re-tightened,Scenario B – quick-service task completed efficiently.,completed,2026-07-25 02:35:42.964095,,True,,,
720,740,inspecting,Quick oil drain and fill completed,Scenario B – quick-service task completed efficiently.,completed,2026-07-15 02:35:42.964095,,True,,,
721,741,in_progress,Battery load test passed; terminals re-tightened,Scenario B – quick-service task completed efficiently.,completed,2026-06-03 02:35:42.964095,,True,,,
722,742,complete,Tire pressure corrected; TPMS reset performed,Scenario B – quick-service task completed efficiently.,completed,2026-05-19 02:35:42.964095,,True,,,
723,743,quotation,Tire pressure corrected; TPMS reset performed,Scenario B – quick-service task completed efficiently.,in_progress,,,True,,,
724,744,quotation,Tire swapped and torque verified to spec,Scenario B – quick-service task completed efficiently.,pending,,,True,,,
725,745,complete,Tire swapped and torque verified to spec,Scenario B – quick-service task completed efficiently.,completed,2026-07-20 02:35:42.964095,,True,,,
726,746,quotation,Battery load test passed; terminals re-tightened,Scenario B – quick-service task completed efficiently.,in_progress,,,True,,,
727,747,complete,Quick oil drain and fill completed,Scenario B – quick-service task completed efficiently.,completed,2026-06-05 02:35:42.964095,,True,,,
728,748,quotation,Battery load test passed; terminals re-tightened,Scenario B – quick-service task completed efficiently.,completed,2026-06-21 02:35:42.964095,,True,,,
729,749,in_progress,Wiper blade clips snapped in; full sweep tested,Scenario B – quick-service task completed efficiently.,pending,2026-06-24 02:35:42.964095,,True,,,
730,750,inspecting,All fluid reservoirs verified at safe levels,Scenario B – quick-service task completed efficiently.,completed,2026-05-15 02:35:42.964095,,True,,,
731,751,complete,Tire swapped and torque verified to spec,Scenario B – quick-service task completed efficiently.,completed,2026-05-26 02:35:42.964095,,True,,,
732,752,complete,Battery load test passed; terminals re-tightened,Scenario B – quick-service task completed efficiently.,pending,,,True,,,
733,753,inspecting,Visual brake inspection — no action required at this visit,Scenario B – quick-service task completed efficiently.,completed,2026-07-19 02:35:42.964095,,True,,,
734,754,quotation,Cabin filter slot cleaned; new filter seated,Scenario B – quick-service task completed efficiently.,completed,2026-06-08 02:35:42.964095,,True,,,
735,755,in_progress,Quick oil drain and fill completed,Scenario B – quick-service task completed efficiently.,completed,2026-06-02 02:35:42.964095,,True,,,
736,756,in_progress,Quick oil drain and fill completed,Scenario B – quick-service task completed efficiently.,pending,2026-08-01 02:35:42.964095,,True,,,
737,757,inspecting,Visual brake inspection — no action required at this visit,Scenario B – quick-service task completed efficiently.,completed,2026-06-02 02:35:42.964095,,True,,,
738,758,received,Battery load test passed; terminals re-tightened,Scenario B – quick-service task completed efficiently.,completed,2026-07-13 02:35:42.964095,,True,,,
739,759,received,Visual brake inspection — no action required at this visit,Scenario B – quick-service task completed efficiently.,in_progress,,,True,,,
740,760,inspecting,Cabin filter slot cleaned; new filter seated,Scenario B – quick-service task completed efficiently.,completed,,,True,,,
741,761,in_progress,Battery load test passed; terminals re-tightened,Scenario B – quick-service task completed efficiently.,completed,2026-08-01 02:35:42.964095,,True,,,
742,762,in_progress,Wiper blade clips snapped in; full sweep tested,Scenario B – quick-service task completed efficiently.,completed,2026-08-04 02:35:42.964095,,True,,,
743,763,received,All fluid reservoirs verified at safe levels,Scenario B – quick-service task completed efficiently.,completed,2026-05-18 02:35:42.964095,,True,,,
744,764,received,All fluid reservoirs verified at safe levels,Scenario B – quick-service task completed efficiently.,completed,2026-07-25 02:35:42.964095,,True,,,
745,765,received,Visual brake inspection — no action required at this visit,Scenario B – quick-service task completed efficiently.,completed,2026-06-15 02:35:42.964095,,True,,,
746,766,received,Tire swapped and torque verified to spec,Scenario B – quick-service task completed efficiently.,completed,,,True,,,
747,767,quotation,Wiper blade clips snapped in; full sweep tested,Scenario B – quick-service task completed efficiently.,pending,,,True,,,
748,768,received,Tire swapped and torque verified to spec,Scenario B – quick-service task completed efficiently.,completed,2026-07-08 02:35:42.964095,,True,,,
749,769,quotation,Wiper blade clips snapped in; full sweep tested,Scenario B – quick-service task completed efficiently.,completed,2026-07-30 02:35:42.964095,,True,,,
750,770,inspecting,Quick oil drain and fill completed,Scenario B – quick-service task completed efficiently.,in_progress,2026-06-23 02:35:42.964095,,True,,,
751,771,received,Visual brake inspection — no action required at this visit,Scenario B – quick-service task completed efficiently.,completed,,,True,,,
752,772,in_progress,Quick oil drain and fill completed,Scenario B – quick-service task completed efficiently.,completed,,,True,,,
753,773,quotation,All fluid reservoirs verified at safe levels,Scenario B – quick-service task completed efficiently.,completed,2026-06-21 02:35:42.964095,,True,,,
754,774,in_progress,Wiper blade clips snapped in; full sweep tested,Scenario B – quick-service task completed efficiently.,in_progress,2026-06-04 02:35:42.964095,,True,,,
755,775,inspecting,Visual brake inspection — no action required at this visit,Scenario B – quick-service task completed efficiently.,completed,,,True,,,
756,776,quotation,Tire swapped and torque verified to spec,Scenario B – quick-service task completed efficiently.,pending,,,True,,,
757,777,in_progress,Visual brake inspection — no action required at this visit,Scenario B – quick-service task completed efficiently.,pending,2026-06-28 02:35:42.964095,,True,,,
758,778,inspecting,Cabin filter slot cleaned; new filter seated,Scenario B – quick-service task completed efficiently.,completed,2026-06-30 02:35:42.964095,,True,,,
759,779,received,Visual brake inspection — no action required at this visit,Scenario B – quick-service task completed efficiently.,pending,,,True,,,
760,780,quotation,Wiper blade clips snapped in; full sweep tested,Scenario B – quick-service task completed efficiently.,completed,2026-07-31 02:35:42.964095,,True,,,
761,781,in_progress,Visual brake inspection — no action required at this visit,Scenario B – quick-service task completed efficiently.,completed,2026-06-15 02:35:42.964095,,True,,,
762,782,in_progress,All fluid reservoirs verified at safe levels,Scenario B – quick-service task completed efficiently.,completed,2026-07-04 02:35:42.964095,,True,,,
763,783,complete,Quick oil drain and fill completed,Scenario B – quick-service task completed efficiently.,pending,,,True,,,
764,784,inspecting,All fluid reservoirs verified at safe levels,Scenario B – quick-service task completed efficiently.,completed,2026-06-15 02:35:42.964095,,True,,,
765,785,in_progress,All fluid reservoirs verified at safe levels,Scenario B – quick-service task completed efficiently.,completed,2026-06-27 02:35:42.964095,,True,,,
766,786,quotation,Tire pressure corrected; TPMS reset performed,Scenario B – quick-service task completed efficiently.,completed,2026-07-24 02:35:42.964095,,True,,,
767,787,received,Wiper blade clips snapped in; full sweep tested,Scenario B – quick-service task completed efficiently.,completed,2026-06-21 02:35:42.964095,,True,,,
768,788,inspecting,Visual brake inspection — no action required at this visit,Scenario B – quick-service task completed efficiently.,completed,2026-07-12 02:35:42.964095,,True,,,
769,789,inspecting,Tire swapped and torque verified to spec,Scenario B – quick-service task completed efficiently.,pending,,,True,,,
770,790,inspecting,Battery load test passed; terminals re-tightened,Scenario B – quick-service task completed efficiently.,pending,2026-05-16 02:35:42.964095,,True,,,
771,791,complete,Cabin filter slot cleaned; new filter seated,Scenario B – quick-service task completed efficiently.,pending,2026-06-27 02:35:42.964095,,True,,,
772,792,quotation,Visual brake inspection — no action required at this visit,Scenario B – quick-service task completed efficiently.,completed,2026-06-16 02:35:42.964095,,True,,,
773,793,received,Battery load test passed; terminals re-tightened,Scenario B – quick-service task completed efficiently.,completed,2026-06-07 02:35:42.964095,,True,,,
774,794,complete,Wiper blade clips snapped in; full sweep tested,Scenario B – quick-service task completed efficiently.,completed,,,True,,,
775,795,quotation,Cabin filter slot cleaned; new filter seated,Scenario B – quick-service task completed efficiently.,completed,2026-06-10 02:35:42.964095,,True,,,
776,796,quotation,All fluid reservoirs verified at safe levels,Scenario B – quick-service task completed efficiently.,completed,2026-06-06 02:35:42.964095,,True,,,
777,797,received,Tire swapped and torque verified to spec,Scenario B – quick-service task completed efficiently.,completed,2026-06-18 02:35:42.964095,,True,,,
778,798,complete,Tire pressure corrected; TPMS reset performed,Scenario B – quick-service task completed efficiently.,completed,2026-05-30 02:35:42.964095,,True,,,
779,799,inspecting,Visual brake inspection — no action required at this visit,Scenario B – quick-service task completed efficiently.,pending,2026-06-20 02:35:42.964095,,True,,,
780,800,complete,Wiper blade clips snapped in; full sweep tested,Scenario B – quick-service task completed efficiently.,pending,2026-08-01 02:35:42.964095,,True,,,
781,801,in_progress,Cabin filter slot cleaned; new filter seated,Scenario B – quick-service task completed efficiently.,in_progress,,,True,,,
782,802,inspecting,All fluid reservoirs verified at safe levels,Scenario B – quick-service task completed efficiently.,completed,2026-06-22 02:35:42.964095,,True,,,
783,803,quotation,Visual brake inspection — no action required at this visit,Scenario B – quick-service task completed efficiently.,completed,2026-06-06 02:35:42.964095,,True,,,
784,804,quotation,All fluid reservoirs verified at safe levels,Scenario B – quick-service task completed efficiently.,completed,2026-08-04 02:35:42.964095,,True,,,
785,805,in_progress,Battery load test passed; terminals re-tightened,Scenario B – quick-service task completed efficiently.,completed,2026-05-12 02:35:42.964095,,True,,,
786,806,complete,Wiper blade clips snapped in; full sweep tested,Scenario B – quick-service task completed efficiently.,completed,2026-07-04 02:35:42.964095,,True,,,
787,807,complete,Tire swapped and torque verified to spec,Scenario B – quick-service task completed efficiently.,completed,2026-06-01 02:35:42.964095,,True,,,
788,808,inspecting,Battery load test passed; terminals re-tightened,Scenario B – quick-service task completed efficiently.,completed,,,True,,,
789,809,in_progress,All fluid reservoirs verified at safe levels,Scenario B – quick-service task completed efficiently.,completed,2026-07-14 02:35:42.964095,,True,,,
790,810,received,Tire pressure corrected; TPMS reset performed,Scenario B – quick-service task completed efficiently.,completed,2026-07-01 02:35:42.964095,,True,,,
791,811,complete,Battery load test passed; terminals re-tightened,Scenario B – quick-service task completed efficiently.,pending,2026-05-10 02:35:42.964095,,True,,,
792,812,inspecting,All fluid reservoirs verified at safe levels,Scenario B – quick-service task completed efficiently.,pending,2026-07-11 02:35:42.964095,,True,,,
793,813,quotation,All fluid reservoirs verified at safe levels,Scenario B – quick-service task completed efficiently.,completed,,,True,,,
794,814,inspecting,Tire swapped and torque verified to spec,Scenario B – quick-service task completed efficiently.,completed,2026-06-11 02:35:42.964095,,True,,,
795,815,received,All fluid reservoirs verified at safe levels,Scenario B – quick-service task completed efficiently.,completed,2026-05-09 02:35:42.964095,,True,,,
796,816,received,Quick oil drain and fill completed,Scenario B – quick-service task completed efficiently.,completed,2026-05-08 02:35:42.964095,,True,,,
797,817,quotation,Tire pressure corrected; TPMS reset performed,Scenario B – quick-service task completed efficiently.,pending,2026-06-16 02:35:42.964095,,True,,,
798,818,in_progress,Tire swapped and torque verified to spec,Scenario B – quick-service task completed efficiently.,completed,2026-05-10 02:35:42.964095,,True,,,
799,819,complete,Tire swapped and torque verified to spec,Scenario B – quick-service task completed efficiently.,completed,2026-06-28 02:35:42.964095,,True,,,
800,820,received,Cabin filter slot cleaned; new filter seated,Scenario B – quick-service task completed efficiently.,in_progress,2026-06-20 02:35:42.964095,,True,,,
