id,user_id,vin,plate_number,vehicle_model,vehicle_year,mileage,vehicle_type
1,304,3E7367F2330000001,MIN-0001,Hyundai Accent,2026,14724.00,Sedan
2,339,CFCEA72D4C0000002,BAZ-0002,Toyota Vios,2020,10372.00,SUV
3,23,D8B1FA3B740000003,EIO-0003,Honda Civic,2012,12521.00,Hatchback
4,416,3E4838179F0000004,YEJ-0004,Honda CR-V,2021,4724.00,Crossover
5,115,E651E1E36C0000005,VTH-0005,Ford Ranger,2022,11917.00,SUV
6,69,E72263BD940000006,YLN-0006,Toyota Fortuner,2011,13931.00,Pickup
7,195,CC1B4430E20000007,FUJ-0007,Honda CR-V,2016,14099.00,SUV
8,230,906719D86C0000008,QTR-0008,Nissan Navara,2018,10231.00,Sedan
9,72,F90B46455B0000009,SXS-0009,Suzuki Ertiga,2017,3210.00,Sedan
10,286,8E88A69BC10000010,HRT-0010,Honda Civic,2026,12683.00,Crossover
11,500,8503F299A40000011,HQY-0011,Suzuki Ertiga,2025,11952.00,Hatchback
12,314,2582E3E88C0000012,PSN-0012,Mitsubishi Montero Sport,2024,5190.00,Pickup
13,188,E559068F440000013,YKJ-0013,Toyota Fortuner,2012,13406.00,Crossover
14,441,A4491ADF980000014,ZZK-0014,Isuzu D-Max,2020,8975.00,Hatchback
15,442,61AC8C89390000015,GKC-0015,Suzuki Ertiga,2025,10587.00,Sedan
16,314,0CD9D954750000016,QYY-0016,Nissan Navara,2016,11438.00,Pickup
17,494,4750338E930000017,NLE-0017,Toyota Vios,2023,5645.00,SUV
18,403,9B861F71C90000018,JRD-0018,Honda Civic,2015,10513.00,SUV
19,222,7D4A6D7B010000019,JZR-0019,Hyundai Accent,2021,14484.00,Crossover
20,195,CF3693D4280000020,DAQ-0020,Isuzu D-Max,2024,3454.00,Crossover
21,332,8CBBFBC7920000021,VUX-0021,Mitsubishi Montero Sport,2025,1711.00,Sedan
22,312,1ADBA3754E0000022,SCZ-0022,Isuzu D-Max,2018,13371.00,Sedan
23,194,49BFB21B270000023,ELI-0023,Ford Ranger,2015,14512.00,Sedan
24,143,E74E28A6FA0000024,EZK-0024,Suzuki Ertiga,2016,1424.00,Van
25,429,41DE82CE5E0000025,ZKE-0025,Mitsubishi Montero Sport,2016,7141.00,Pickup
26,36,AA3ADCDA880000026,JJY-0026,Hyundai Accent,2013,13067.00,Crossover
27,5,CCE3026AD30000027,ANP-0027,Honda CR-V,2011,4860.00,Crossover
28,358,F6443209A40000028,UAJ-0028,Isuzu D-Max,2020,11885.00,SUV
29,83,2B3FCA4CE60000029,TTR-0029,Suzuki Ertiga,2024,5790.00,Pickup
30,473,E6071B54550000030,TCI-0030,Hyundai Accent,2014,9526.00,Pickup
31,470,950B7453F80000031,MZJ-0031,Mitsubishi Montero Sport,2010,4889.00,Pickup
32,470,02EE1516600000032,TFA-0032,Honda CR-V,2016,6207.00,Hatchback
33,391,C81BFCD8E70000033,XRA-0033,Honda CR-V,2018,3071.00,SUV
34,225,705B8D30A60000034,MQQ-0034,Mitsubishi Montero Sport,2025,13873.00,SUV
35,85,FD0F7EA6250000035,OXM-0035,Toyota Vios,2015,5629.00,Crossover
36,116,BF6C949B490000036,TXV-0036,Nissan Navara,2022,5314.00,Sedan
37,291,57250F4AD90000037,RHD-0037,Honda Civic,2021,11253.00,Van
38,421,11A0AE99F20000038,YNU-0038,Honda Civic,2020,2936.00,Sedan
39,398,B24906C0250000039,XAV-0039,Mitsubishi Montero Sport,2015,5064.00,Van
40,155,F774ABFC910000040,STC-0040,Mitsubishi Montero Sport,2022,1928.00,SUV
41,475,B8CC4D62680000041,CBW-0041,Isuzu D-Max,2023,10971.00,Pickup
42,146,FD2566D6470000042,MWQ-0042,Honda Civic,2022,3661.00,Hatchback
43,497,C38815D90F0000043,NIT-0043,Ford Ranger,2013,9925.00,Hatchback
44,202,5F38FD1E5D0000044,FME-0044,Honda Civic,2023,1963.00,Crossover
45,494,BEE0A4E1D60000045,MST-0045,Nissan Navara,2015,11778.00,Sedan
46,98,D2FEC21A090000046,JRB-0046,Honda Civic,2021,13220.00,Crossover
47,326,D72CFACDA80000047,CGY-0047,Nissan Navara,2013,13332.00,SUV
48,211,D34EEF0D450000048,EJL-0048,Suzuki Ertiga,2012,4560.00,SUV
49,228,C2DB31CAEC0000049,FON-0049,Honda CR-V,2022,12039.00,Van
50,362,57283F4C6C0000050,UOV-0050,Isuzu D-Max,2017,5398.00,Sedan
51,59,8DF3A4B5140000051,MCF-0051,Mitsubishi Montero Sport,2016,3179.00,SUV
52,486,B0595E05400000052,KSA-0052,Toyota Vios,2016,11753.00,SUV
53,481,302D0A86970000053,CXO-0053,Honda Civic,2014,9324.00,Sedan
54,348,0490B54BBB0000054,LSZ-0054,Toyota Vios,2015,7463.00,SUV
55,205,B7FC6F80A60000055,GED-0055,Hyundai Accent,2015,7948.00,Crossover
56,280,6C27CF7AE10000056,GEQ-0056,Mitsubishi Montero Sport,2026,3164.00,Hatchback
57,256,C735B572900000057,ADT-0057,Suzuki Ertiga,2022,1643.00,Hatchback
58,496,622F0B8AE30000058,LDW-0058,Nissan Navara,2019,12077.00,Pickup
59,258,5B66F82B7C0000059,XDG-0059,Ford Ranger,2010,4046.00,Pickup
60,292,526899EE4D0000060,CNN-0060,Honda CR-V,2025,12380.00,Van
61,489,63336555080000061,YQK-0061,Nissan Navara,2024,8185.00,Sedan
62,76,97D93E56C20000062,OPI-0062,Isuzu D-Max,2013,3698.00,Hatchback
63,338,BF1E5A588F0000063,HBP-0063,Toyota Fortuner,2014,1778.00,Sedan
64,230,330495DAA20000064,KVS-0064,Mitsubishi Montero Sport,2010,11670.00,Van
65,326,14F0BEB23C0000065,PZR-0065,Toyota Fortuner,2012,7449.00,Hatchback
66,120,126C2F4C3E0000066,UCS-0066,Honda Civic,2021,12856.00,Hatchback
67,404,E2ADB0DB1E0000067,JAX-0067,Nissan Navara,2017,1478.00,Sedan
68,374,6E92897B6E0000068,NFU-0068,Mitsubishi Montero Sport,2015,4340.00,Pickup
69,477,9015FC73070000069,ZVD-0069,Isuzu D-Max,2024,13743.00,Crossover
70,242,3D07BE95E20000070,UYK-0070,Suzuki Ertiga,2018,1854.00,Crossover
71,400,0E13A6B7700000071,ZXW-0071,Hyundai Accent,2018,6159.00,Sedan
72,380,992B45AD830000072,GSL-0072,Suzuki Ertiga,2015,7095.00,SUV
73,496,D7C3DBA6930000073,GWC-0073,Toyota Fortuner,2014,1681.00,Crossover
74,262,C2A4BABFF90000074,KXJ-0074,Isuzu D-Max,2023,10545.00,Van
75,252,A3790621100000075,VQP-0075,Hyundai Accent,2016,10806.00,Sedan
76,31,1277F8AB640000076,NSE-0076,Toyota Fortuner,2013,6358.00,SUV
77,133,D718BB37A40000077,LLV-0077,Isuzu D-Max,2021,4853.00,Pickup
78,222,8153AF43E90000078,WMD-0078,Mitsubishi Montero Sport,2022,5983.00,Crossover
79,193,EF5D8019E50000079,KAH-0079,Mitsubishi Montero Sport,2025,10104.00,SUV
80,296,81EB067CF60000080,LRV-0080,Nissan Navara,2012,9817.00,Hatchback
81,399,04E1D9287D0000081,REK-0081,Mitsubishi Montero Sport,2026,6389.00,Crossover
82,414,99F56812660000082,LVN-0082,Isuzu D-Max,2016,7505.00,SUV
83,208,FE62B919930000083,SXC-0083,Nissan Navara,2013,4860.00,SUV
84,158,6E26CA641D0000084,SRX-0084,Honda CR-V,2015,4632.00,Crossover
85,473,9D011EC5590000085,QIJ-0085,Hyundai Accent,2012,9774.00,SUV
86,336,92CECC271E0000086,ZZI-0086,Suzuki Ertiga,2025,13433.00,Sedan
87,458,A5E1A8B7DE0000087,PVU-0087,Mitsubishi Montero Sport,2018,14246.00,SUV
88,169,A7B8A8089D0000088,WQS-0088,Honda CR-V,2011,12108.00,Sedan
89,59,EFBDDA0A4F0000089,QYJ-0089,Toyota Vios,2022,6912.00,Hatchback
90,422,F13620F6D80000090,ZIT-0090,Ford Ranger,2020,14736.00,Hatchback
91,154,5A9DF8AA2C0000091,LEI-0091,Suzuki Ertiga,2012,12949.00,Sedan
92,319,E0242B1EA60000092,MZT-0092,Mitsubishi Montero Sport,2011,12901.00,Sedan
93,237,BC45E87ACC0000093,FCM-0093,Honda CR-V,2017,6810.00,Van
94,60,DFC91182A20000094,HSW-0094,Nissan Navara,2025,6539.00,SUV
95,90,A2355C3F2E0000095,AKK-0095,Mitsubishi Montero Sport,2024,2136.00,SUV
96,231,4286FCC11B0000096,GSM-0096,Nissan Navara,2013,7903.00,Van
97,103,0B3475B6370000097,UIS-0097,Honda CR-V,2026,10191.00,Van
98,431,813BFAD0260000098,CKO-0098,Hyundai Accent,2013,2620.00,Sedan
99,170,11E2EDA5A40000099,OZK-0099,Nissan Navara,2022,9553.00,Van
100,160,2D365106FC0000100,EIW-0100,Mitsubishi Montero Sport,2015,9179.00,Hatchback
101,413,4F5041F6290000101,IEH-0101,Toyota Fortuner,2019,5187.00,Hatchback
102,113,DF481A0EF60000102,JXQ-0102,Isuzu D-Max,2016,1988.00,Van
103,84,F01356240C0000103,AAA-0103,Honda Civic,2019,7019.00,Van
104,387,3D05D8ADDC0000104,PFT-0104,Suzuki Ertiga,2019,6168.00,Hatchback
105,487,1202244FA60000105,LTL-0105,Honda CR-V,2010,8893.00,SUV
106,462,AE500528D90000106,HYL-0106,Ford Ranger,2011,3865.00,Van
107,185,80DBBA7A7A0000107,GSX-0107,Hyundai Accent,2020,8801.00,Crossover
108,147,7ADD51292A0000108,VHG-0108,Hyundai Accent,2018,8511.00,Hatchback
109,59,F2A1141C400000109,IPC-0109,Nissan Navara,2011,6614.00,Van
110,86,0F6E2B58EF0000110,OVJ-0110,Hyundai Accent,2013,13589.00,Hatchback
111,248,D353FF82D70000111,QUR-0111,Honda CR-V,2025,1317.00,Pickup
112,271,7BC7D4D5BB0000112,DLI-0112,Suzuki Ertiga,2026,4469.00,Hatchback
113,261,A5AA0B942D0000113,QRC-0113,Mitsubishi Montero Sport,2013,6333.00,Crossover
114,67,DC918ADBBD0000114,UFM-0114,Mitsubishi Montero Sport,2024,5502.00,Van
115,17,E71AF0EB340000115,NQW-0115,Nissan Navara,2012,3393.00,Crossover
116,193,1DF0E76AE60000116,NJJ-0116,Toyota Vios,2018,8643.00,Pickup
117,205,B585F557A60000117,YVU-0117,Isuzu D-Max,2019,10988.00,Van
118,418,F241FECFC00000118,NSF-0118,Toyota Vios,2017,7786.00,Pickup
119,427,A9556CFD060000119,UJQ-0119,Nissan Navara,2024,9973.00,SUV
120,226,FDD9B9CB3A0000120,JNH-0120,Toyota Fortuner,2024,4088.00,Van
121,405,EF682388D30000121,BNN-0121,Honda Civic,2021,12686.00,Hatchback
122,465,122C3BF0140000122,VLO-0122,Toyota Fortuner,2015,4822.00,SUV
123,108,BDB1739DE70000123,HRZ-0123,Suzuki Ertiga,2020,2222.00,Hatchback
124,369,54708CB33B0000124,NMP-0124,Mitsubishi Montero Sport,2020,14481.00,SUV
125,373,22F8BB8B210000125,MQV-0125,Suzuki Ertiga,2020,5392.00,Sedan
126,254,C8DF64113B0000126,IIS-0126,Mitsubishi Montero Sport,2012,10595.00,Crossover
127,64,324168FEBB0000127,UPC-0127,Nissan Navara,2016,6448.00,Crossover
128,96,A76956B58F0000128,KMD-0128,Honda Civic,2010,3667.00,SUV
129,356,08FD1E5B440000129,CHT-0129,Toyota Vios,2019,4277.00,Crossover
130,199,FBB2826F330000130,RMQ-0130,Hyundai Accent,2015,5849.00,Crossover
131,222,B438235EAB0000131,LSP-0131,Honda CR-V,2020,12625.00,Sedan
132,94,857BB152230000132,MWW-0132,Ford Ranger,2010,7953.00,SUV
133,192,8589937FBD0000133,HZE-0133,Isuzu D-Max,2015,1676.00,Crossover
134,178,887BF095E40000134,VKX-0134,Honda CR-V,2025,13957.00,SUV
135,53,BFF6A4B6BA0000135,GIE-0135,Toyota Fortuner,2024,3282.00,SUV
136,98,CE0550A5E80000136,LLP-0136,Hyundai Accent,2025,1262.00,Sedan
137,341,5FACC3BF110000137,EQN-0137,Honda CR-V,2018,8404.00,Sedan
138,9,6749C2E8B50000138,UGX-0138,Nissan Navara,2015,6410.00,Hatchback
139,196,7B8AC3203B0000139,DJL-0139,Honda CR-V,2017,8544.00,SUV
140,363,66C79D65740000140,WJH-0140,Mitsubishi Montero Sport,2024,5542.00,Hatchback
141,478,C57DE78DC60000141,GJO-0141,Suzuki Ertiga,2019,9527.00,Hatchback
142,358,2CC8582C390000142,LIO-0142,Nissan Navara,2012,1925.00,Van
143,116,58521618F70000143,LZW-0143,Honda CR-V,2024,13120.00,Van
144,109,8A27FDC0E80000144,SFW-0144,Honda CR-V,2021,2401.00,Van
145,161,32DFA0A7B40000145,WKG-0145,Toyota Fortuner,2022,1422.00,Van
146,179,8A634872E20000146,PLJ-0146,Hyundai Accent,2010,6694.00,Pickup
147,133,8BC9CD08850000147,BEC-0147,Nissan Navara,2019,3922.00,Sedan
148,13,B823CA876F0000148,KDA-0148,Ford Ranger,2012,11889.00,Sedan
149,54,A9770A80730000149,LWJ-0149,Isuzu D-Max,2011,12349.00,Pickup
150,344,BF03947BD90000150,OCV-0150,Toyota Fortuner,2016,5554.00,Sedan
151,155,4287FFFDE80000151,BBV-0151,Toyota Vios,2021,6776.00,Pickup
152,200,32B001C9690000152,POT-0152,Honda Civic,2012,5679.00,Pickup
153,352,839E75AB830000153,UDD-0153,Mitsubishi Montero Sport,2019,9872.00,SUV
154,349,3BCA6D2E120000154,MLJ-0154,Hyundai Accent,2018,10536.00,Sedan
155,229,416E60F28B0000155,DXZ-0155,Toyota Fortuner,2011,7045.00,Sedan
156,64,B813F5BB260000156,TZA-0156,Suzuki Ertiga,2022,7769.00,SUV
157,491,6D843ABF690000157,STK-0157,Ford Ranger,2010,1349.00,Hatchback
158,88,EB9C3D60110000158,FZA-0158,Nissan Navara,2015,6368.00,Van
159,124,688EE73DAE0000159,YVO-0159,Hyundai Accent,2015,8345.00,Pickup
160,319,4B8E1CCB3E0000160,HDA-0160,Hyundai Accent,2017,5355.00,Pickup
161,230,DE4A28A23B0000161,NPS-0161,Honda Civic,2018,9041.00,Hatchback
162,67,94F6BD89930000162,VUC-0162,Hyundai Accent,2026,2228.00,Hatchback
163,104,5D48E05FEE0000163,KUH-0163,Toyota Vios,2020,5121.00,Van
164,410,7F42D4459C0000164,EBH-0164,Honda CR-V,2021,4235.00,Crossover
165,279,88F9B9E9410000165,HRL-0165,Nissan Navara,2010,12862.00,Pickup
166,330,341F9153F70000166,UOY-0166,Honda CR-V,2023,14749.00,Sedan
167,384,B51D14103E0000167,MRO-0167,Toyota Fortuner,2014,5577.00,Pickup
168,130,384286346F0000168,TSG-0168,Isuzu D-Max,2020,2642.00,SUV
169,265,B0C6CE8DD70000169,SDU-0169,Toyota Vios,2024,7881.00,Hatchback
170,330,93BE187E690000170,AIW-0170,Isuzu D-Max,2010,6994.00,SUV
171,143,42C0B79B920000171,ZIW-0171,Mitsubishi Montero Sport,2019,13875.00,Sedan
172,371,56B68409220000172,OTB-0172,Toyota Vios,2022,13034.00,Sedan
173,60,006FDA39850000173,IMT-0173,Suzuki Ertiga,2012,9360.00,Sedan
174,5,7CE3D524800000174,MTJ-0174,Hyundai Accent,2024,13983.00,Sedan
175,143,37B18993330000175,ADJ-0175,Hyundai Accent,2010,4344.00,Crossover
176,210,4965F0AFF40000176,BVZ-0176,Toyota Vios,2011,7924.00,Pickup
177,361,66369E396C0000177,OPE-0177,Hyundai Accent,2010,2233.00,Hatchback
178,280,3756B21B8D0000178,CEM-0178,Hyundai Accent,2014,2943.00,SUV
179,242,F4D5EA805F0000179,EPZ-0179,Ford Ranger,2011,13454.00,Sedan
180,140,640CC57C0C0000180,JKE-0180,Honda CR-V,2018,14709.00,Sedan
181,468,75FC2761E00000181,KFB-0181,Toyota Vios,2022,2663.00,Van
182,313,4FE7727F780000182,VPJ-0182,Suzuki Ertiga,2013,12133.00,Pickup
183,119,BA8B541ADC0000183,EXB-0183,Suzuki Ertiga,2019,10799.00,Van
184,84,DDD6A359120000184,VBV-0184,Mitsubishi Montero Sport,2022,3965.00,Crossover
185,338,E1EDD6FB9A0000185,PMF-0185,Ford Ranger,2023,6052.00,Van
186,378,1EFA62153E0000186,IWH-0186,Nissan Navara,2025,9319.00,Pickup
187,132,401AC17AD90000187,OBZ-0187,Toyota Fortuner,2021,10108.00,Pickup
188,402,AD3DB3C4330000188,IXR-0188,Suzuki Ertiga,2017,8648.00,Pickup
189,88,3270552ECB0000189,JGW-0189,Toyota Fortuner,2021,8239.00,Sedan
190,79,D229063C510000190,KBV-0190,Isuzu D-Max,2014,5122.00,Van
191,162,4CEFB4A1B20000191,LEA-0191,Hyundai Accent,2011,12432.00,Hatchback
192,389,C1B42DCD540000192,REG-0192,Mitsubishi Montero Sport,2026,7733.00,Van
193,202,89A5738C420000193,HYI-0193,Ford Ranger,2022,1846.00,Crossover
194,272,57C489C4CF0000194,TSK-0194,Ford Ranger,2011,12733.00,Van
195,430,474D23C7CB0000195,RDC-0195,Nissan Navara,2013,8405.00,Sedan
196,353,A9909964860000196,GKN-0196,Suzuki Ertiga,2024,10574.00,Van
197,440,AED08CDA220000197,EIT-0197,Toyota Vios,2025,2390.00,Hatchback
198,216,EC518D47E90000198,LUA-0198,Hyundai Accent,2018,10924.00,Hatchback
199,263,75670E3CD00000199,CNJ-0199,Hyundai Accent,2010,5092.00,Hatchback
200,484,0E1A8459E70000200,SEE-0200,Hyundai Accent,2017,8748.00,Crossover
201,216,DC443393CB0000201,MDQ-0201,Toyota Vios,2013,3003.00,SUV
202,319,6AF3C4F38E0000202,XTB-0202,Isuzu D-Max,2022,12338.00,Pickup
203,449,E65D6324160000203,CBD-0203,Toyota Fortuner,2025,2975.00,Crossover
204,102,B27FD0FC3F0000204,KNX-0204,Isuzu D-Max,2018,5321.00,Hatchback
205,390,907E53B4240000205,ARJ-0205,Honda Civic,2011,5164.00,Sedan
206,344,943EFF0E2D0000206,YCM-0206,Isuzu D-Max,2015,13803.00,Pickup
207,178,06172EE9B60000207,HOK-0207,Toyota Vios,2022,8815.00,Crossover
208,482,03769B7C7E0000208,MCS-0208,Honda Civic,2011,6404.00,Sedan
209,397,F2254A5FD20000209,ZBR-0209,Mitsubishi Montero Sport,2012,3835.00,Sedan
210,242,978357A12D0000210,TMA-0210,Toyota Fortuner,2020,4170.00,Sedan
211,72,E7FB7D10C40000211,UDD-0211,Toyota Fortuner,2010,8961.00,SUV
212,226,58429494F20000212,DLW-0212,Hyundai Accent,2011,10058.00,Pickup
213,316,CEBAA143110000213,WDX-0213,Nissan Navara,2019,4826.00,Sedan
214,270,A1F32786430000214,WAN-0214,Toyota Fortuner,2014,11274.00,Sedan
215,439,E5E895E48A0000215,WST-0215,Isuzu D-Max,2010,10835.00,SUV
216,479,9C1B04BE4D0000216,YMZ-0216,Hyundai Accent,2019,7273.00,Crossover
217,243,7FBA9A94150000217,YIU-0217,Mitsubishi Montero Sport,2022,13452.00,Pickup
218,167,0AF609D6A60000218,DUP-0218,Honda CR-V,2021,6656.00,Pickup
219,38,B5AADF4DD50000219,AHX-0219,Nissan Navara,2023,7194.00,SUV
220,456,75EDBDEE470000220,DUG-0220,Isuzu D-Max,2012,3617.00,Sedan
221,290,F0150B69C60000221,JWZ-0221,Ford Ranger,2023,3413.00,Crossover
222,171,AFC103E9C30000222,LGP-0222,Toyota Fortuner,2016,5373.00,Sedan
223,350,A92AF00A6B0000223,CYM-0223,Isuzu D-Max,2014,3478.00,Pickup
224,48,B319807F550000224,SYT-0224,Honda Civic,2014,4021.00,Pickup
225,275,38CBAB5CD60000225,MFT-0225,Ford Ranger,2011,8169.00,Pickup
226,47,0E23BA41CB0000226,IKB-0226,Toyota Vios,2011,9549.00,Van
227,55,B1B98843E20000227,GII-0227,Isuzu D-Max,2016,7467.00,Sedan
228,201,207A81C5C80000228,QVS-0228,Honda Civic,2012,9693.00,Van
229,101,F1FBE907580000229,FSA-0229,Nissan Navara,2016,11081.00,Van
230,300,F47F31599B0000230,VAJ-0230,Isuzu D-Max,2025,7845.00,Van
231,475,0E87A3A9F50000231,YOD-0231,Honda CR-V,2014,5374.00,Hatchback
232,354,F00AAAE9660000232,SHM-0232,Toyota Vios,2015,8192.00,Pickup
233,452,ADE0F74C770000233,EMZ-0233,Ford Ranger,2014,3828.00,Hatchback
234,183,8DB622A8C00000234,HBF-0234,Isuzu D-Max,2022,7060.00,Sedan
235,498,7696A4E0CE0000235,OPO-0235,Honda Civic,2013,8083.00,Crossover
236,24,D776657D9B0000236,DBK-0236,Toyota Fortuner,2012,10792.00,Pickup
237,214,06B963A0D90000237,NRP-0237,Toyota Fortuner,2010,8525.00,Van
238,66,95E33041F70000238,DTH-0238,Honda Civic,2014,2614.00,Van
239,54,ECBF136AE30000239,AOJ-0239,Suzuki Ertiga,2018,12697.00,Hatchback
240,391,4720F6AD750000240,HUX-0240,Ford Ranger,2015,6611.00,Pickup
241,309,9C85D0316D0000241,LEZ-0241,Toyota Vios,2015,13386.00,Pickup
242,18,69A5C069D00000242,FEV-0242,Toyota Vios,2024,9933.00,SUV
243,433,F7A9B7848B0000243,YNI-0243,Suzuki Ertiga,2020,4099.00,Pickup
244,234,CCF8DE91C20000244,DQW-0244,Hyundai Accent,2016,4189.00,Pickup
245,478,FD3EB6CEB90000245,LBE-0245,Honda CR-V,2018,8213.00,Crossover
246,481,312B77F87A0000246,GLA-0246,Toyota Vios,2025,7094.00,Van
247,484,F0C575DFD30000247,SRM-0247,Isuzu D-Max,2020,11863.00,Hatchback
248,272,E1EE3255240000248,NVB-0248,Ford Ranger,2010,4012.00,Crossover
249,260,D90B00E8630000249,BOQ-0249,Honda CR-V,2017,5779.00,Hatchback
250,124,315F5F9DE50000250,ATC-0250,Hyundai Accent,2014,11758.00,Pickup
251,100,FBE66C95450000251,KTR-0251,Hyundai Accent,2019,10403.00,Crossover
252,261,B7616E674C0000252,VQC-0252,Isuzu D-Max,2017,14087.00,Van
253,351,155A3B881E0000253,TGH-0253,Toyota Fortuner,2021,12511.00,SUV
254,32,F653346FB90000254,OHX-0254,Ford Ranger,2016,13921.00,Hatchback
255,156,D29389D6040000255,LZQ-0255,Suzuki Ertiga,2012,9356.00,SUV
256,277,E460EA6D040000256,XDC-0256,Honda Civic,2019,5027.00,Crossover
257,399,5FFE97A5470000257,SJF-0257,Toyota Vios,2010,13932.00,Crossover
258,497,903970C24F0000258,EAS-0258,Mitsubishi Montero Sport,2020,7358.00,SUV
259,366,6D212AAAEB0000259,RSS-0259,Isuzu D-Max,2021,12570.00,Sedan
260,426,BE0171ADAE0000260,KUG-0260,Mitsubishi Montero Sport,2018,3324.00,Crossover
261,50,708AAFF5CB0000261,PJU-0261,Hyundai Accent,2026,11393.00,Van
262,25,D4BB27C4F60000262,PCL-0262,Mitsubishi Montero Sport,2010,8167.00,Pickup
263,477,9050C701280000263,AWR-0263,Honda CR-V,2022,10271.00,Crossover
264,275,0A5F78C8E90000264,IFF-0264,Isuzu D-Max,2011,6562.00,Van
265,126,520A0638CA0000265,RJC-0265,Honda CR-V,2012,7955.00,SUV
266,409,CEEF1E30E30000266,GLE-0266,Toyota Fortuner,2026,10367.00,Crossover
267,355,73D7FBBD920000267,STO-0267,Honda Civic,2013,9791.00,Crossover
268,197,74C52CB3D20000268,OIE-0268,Toyota Vios,2020,3773.00,Sedan
269,149,BE87F2E10F0000269,PLI-0269,Mitsubishi Montero Sport,2024,1261.00,SUV
270,367,D23B6C430C0000270,JYJ-0270,Suzuki Ertiga,2010,11975.00,Sedan
271,260,F7EB9C65AF0000271,VLT-0271,Ford Ranger,2015,7510.00,Pickup
272,277,FDC313AED00000272,YBA-0272,Honda CR-V,2021,6811.00,Crossover
273,222,0D3CBB15D40000273,VKX-0273,Toyota Fortuner,2014,9165.00,Pickup
274,55,042A5412D50000274,ATT-0274,Ford Ranger,2024,13482.00,Sedan
275,136,3FD1D6234E0000275,JUU-0275,Suzuki Ertiga,2023,2476.00,SUV
276,326,83531E1BE40000276,YJE-0276,Toyota Fortuner,2015,11134.00,Sedan
277,120,BB7D9180DD0000277,SZV-0277,Suzuki Ertiga,2011,10605.00,SUV
278,113,C0F944EBC80000278,WPE-0278,Nissan Navara,2025,2655.00,Pickup
279,181,5DE280C8F80000279,XCV-0279,Mitsubishi Montero Sport,2012,5283.00,SUV
280,428,D6AFA3A3DA0000280,HPL-0280,Ford Ranger,2019,3987.00,Hatchback
281,260,93BF88C15D0000281,JGX-0281,Honda CR-V,2011,7501.00,SUV
282,43,3118E851F30000282,IUW-0282,Toyota Fortuner,2021,7964.00,Crossover
283,326,43C7EBC2430000283,NDJ-0283,Toyota Fortuner,2023,6961.00,Hatchback
284,98,FFB65F64530000284,TLE-0284,Toyota Fortuner,2013,6882.00,SUV
285,487,86F610BD4F0000285,OSL-0285,Nissan Navara,2016,13445.00,SUV
286,344,B71A8F3C600000286,LXM-0286,Hyundai Accent,2016,11362.00,Crossover
287,106,92903BFA3F0000287,ICK-0287,Ford Ranger,2012,5746.00,Sedan
288,222,7F385204770000288,STL-0288,Toyota Fortuner,2011,14750.00,Sedan
289,253,6CC5A7F39C0000289,FGI-0289,Honda Civic,2025,1347.00,Crossover
290,131,6B9028AFB50000290,WNU-0290,Ford Ranger,2012,13656.00,Sedan
291,367,5507ECF37C0000291,MDR-0291,Nissan Navara,2023,8345.00,Van
292,232,DBABCF43970000292,RCS-0292,Ford Ranger,2019,4256.00,SUV
293,393,421A0538610000293,JIK-0293,Toyota Vios,2011,11344.00,SUV
294,204,3FBE725E9D0000294,ZXF-0294,Toyota Fortuner,2016,7864.00,Pickup
295,64,9DCB2B30640000295,JSW-0295,Nissan Navara,2021,9678.00,Van
296,157,DA50B6E9370000296,WAA-0296,Hyundai Accent,2020,11695.00,Crossover
297,100,252CA0C2840000297,KAB-0297,Nissan Navara,2026,4778.00,Crossover
298,26,7D4A08CCC20000298,QGR-0298,Isuzu D-Max,2026,12413.00,SUV
299,364,66D8DB38920000299,PYC-0299,Honda Civic,2013,13820.00,Crossover
300,6,1D9596E3650000300,YMJ-0300,Honda Civic,2012,6636.00,Crossover
301,247,73E086A0ED0000301,HPS-0301,Mitsubishi Montero Sport,2022,5032.00,Sedan
302,72,B438DC73570000302,XTY-0302,Nissan Navara,2013,3219.00,Sedan
303,220,AC0A5DBAAF0000303,OPK-0303,Suzuki Ertiga,2024,7919.00,Hatchback
304,187,B31B4F01110000304,MDE-0304,Suzuki Ertiga,2011,14379.00,Van
305,495,90F28AB3F30000305,BJP-0305,Isuzu D-Max,2010,9598.00,Crossover
306,87,7E057479C30000306,APN-0306,Honda Civic,2015,2727.00,Hatchback
307,384,4FCA8F85B20000307,TBT-0307,Mitsubishi Montero Sport,2026,4423.00,Sedan
308,427,85234558270000308,GUS-0308,Honda Civic,2013,11520.00,SUV
309,463,8B326565B20000309,QJP-0309,Hyundai Accent,2013,1201.00,Van
310,390,55347B324C0000310,GQZ-0310,Honda Civic,2012,10869.00,Hatchback
311,5,4ABADBEDCC0000311,AZR-0311,Nissan Navara,2019,3575.00,Sedan
312,255,1E96766B390000312,PTX-0312,Hyundai Accent,2022,6774.00,Crossover
313,116,01122609A20000313,TMG-0313,Honda Civic,2012,5234.00,SUV
314,373,E90F0EE1810000314,VCD-0314,Mitsubishi Montero Sport,2021,3511.00,Hatchback
315,152,3D7EE28B830000315,PCQ-0315,Honda CR-V,2013,10444.00,SUV
316,168,0FB6B340810000316,AKK-0316,Ford Ranger,2024,4736.00,Van
317,46,6EC76D41F20000317,FBH-0317,Ford Ranger,2013,5470.00,Crossover
318,382,4DAFDBE95A0000318,BKJ-0318,Mitsubishi Montero Sport,2022,6411.00,SUV
319,231,51EB08FA120000319,KRX-0319,Mitsubishi Montero Sport,2026,13984.00,Sedan
320,391,8C3804B53D0000320,HSS-0320,Honda Civic,2025,9045.00,Pickup
321,437,BCBCF4D17D0000321,ESQ-0321,Nissan Navara,2012,3381.00,Hatchback
322,472,634761B3320000322,GCG-0322,Honda CR-V,2018,2778.00,Sedan
323,288,F3AE3D04760000323,UGJ-0323,Mitsubishi Montero Sport,2020,9349.00,Crossover
324,436,891E031D9F0000324,QQF-0324,Nissan Navara,2023,6026.00,Pickup
325,319,9CFB7DC17E0000325,EOV-0325,Nissan Navara,2023,13528.00,Sedan
326,202,36C68D8D480000326,GYX-0326,Ford Ranger,2020,2500.00,SUV
327,308,0C16266AFD0000327,NRR-0327,Ford Ranger,2025,14295.00,Hatchback
328,217,99D811FD5F0000328,TRE-0328,Hyundai Accent,2010,4979.00,Pickup
329,341,7C2675C1820000329,GJU-0329,Suzuki Ertiga,2023,3927.00,Hatchback
330,329,F51A2700270000330,KYQ-0330,Ford Ranger,2013,9078.00,Pickup
331,451,D5E1067BC40000331,TGC-0331,Toyota Fortuner,2018,11627.00,Crossover
332,329,F555701A7D0000332,CFW-0332,Hyundai Accent,2025,10956.00,Hatchback
333,63,9082281B860000333,ZOB-0333,Mitsubishi Montero Sport,2024,4847.00,Hatchback
334,15,BB2D87E67F0000334,VVO-0334,Suzuki Ertiga,2017,3491.00,Sedan
335,141,2FF43D0DE90000335,QOK-0335,Honda Civic,2023,9651.00,Van
336,317,9BB2ECC2620000336,OHX-0336,Mitsubishi Montero Sport,2020,11705.00,Pickup
337,208,842B957CAD0000337,CPT-0337,Isuzu D-Max,2013,14524.00,Van
338,143,15A7A86B2E0000338,DTD-0338,Suzuki Ertiga,2011,5010.00,SUV
339,470,4DC047FC7F0000339,RXL-0339,Suzuki Ertiga,2024,12135.00,Hatchback
340,362,EC228FEE5C0000340,AYL-0340,Ford Ranger,2023,12064.00,Pickup
341,102,574CE3BF690000341,NKB-0341,Nissan Navara,2015,10327.00,Pickup
342,290,24806033D50000342,IGA-0342,Mitsubishi Montero Sport,2018,1244.00,Sedan
343,87,248D8230AF0000343,UMX-0343,Ford Ranger,2024,2197.00,SUV
344,39,C6CF93E13D0000344,ECQ-0344,Hyundai Accent,2020,3149.00,Pickup
345,204,4D398C89B70000345,JES-0345,Honda CR-V,2017,8809.00,Pickup
346,108,E0453AB43B0000346,MLE-0346,Nissan Navara,2024,8649.00,Sedan
347,483,BEC9146B440000347,VWS-0347,Hyundai Accent,2019,4111.00,Crossover
348,418,F0BCD7F2480000348,UFY-0348,Nissan Navara,2010,10774.00,Hatchback
349,376,D853E3A1E10000349,WKF-0349,Isuzu D-Max,2019,8711.00,Pickup
350,29,97E9C570E50000350,NAL-0350,Toyota Vios,2013,8276.00,Sedan
351,316,352027CD6C0000351,GUL-0351,Toyota Vios,2017,14701.00,Crossover
352,82,CF7C46AD730000352,RMG-0352,Ford Ranger,2017,8336.00,Van
353,250,7D1EAFEE290000353,TCN-0353,Toyota Fortuner,2011,6516.00,SUV
354,256,E52FE48BF30000354,WMK-0354,Isuzu D-Max,2021,10453.00,Pickup
355,422,32E905D2190000355,JVK-0355,Suzuki Ertiga,2022,14380.00,Hatchback
356,404,F8C4E910450000356,XLQ-0356,Nissan Navara,2012,13598.00,Crossover
357,29,F9DA0B484F0000357,DLP-0357,Honda CR-V,2017,11051.00,SUV
358,185,7258A6A96A0000358,PJO-0358,Toyota Fortuner,2026,9048.00,Van
359,260,375B8B7F650000359,IKT-0359,Hyundai Accent,2012,7813.00,Crossover
360,244,8EF35137DB0000360,YZV-0360,Hyundai Accent,2016,10222.00,Pickup
361,226,1BEE6521C10000361,JPB-0361,Ford Ranger,2021,1976.00,Crossover
362,208,262BDC40A00000362,OTS-0362,Ford Ranger,2010,4868.00,Crossover
363,450,42CFE55FDD0000363,EQA-0363,Honda CR-V,2024,4759.00,Hatchback
364,5,9A99E895E80000364,TUR-0364,Hyundai Accent,2014,1577.00,Pickup
365,149,46172B346C0000365,FKY-0365,Toyota Fortuner,2014,7083.00,Crossover
366,109,4B3E9AEABE0000366,CAW-0366,Ford Ranger,2022,9613.00,Sedan
367,281,2BAE8FFF1E0000367,AKG-0367,Mitsubishi Montero Sport,2026,13030.00,Crossover
368,134,BF65301FFF0000368,YYI-0368,Honda Civic,2015,12360.00,Pickup
369,470,BA4BA764D90000369,XIF-0369,Suzuki Ertiga,2025,9899.00,SUV
370,238,925B446A8F0000370,TLS-0370,Honda Civic,2017,1366.00,Sedan
371,183,67E93625010000371,DRR-0371,Nissan Navara,2015,7883.00,Crossover
372,19,781230DB740000372,QQT-0372,Toyota Vios,2020,4061.00,SUV
373,395,E79AE518490000373,SSW-0373,Isuzu D-Max,2013,3404.00,Sedan
374,78,51177D43F40000374,MRI-0374,Hyundai Accent,2022,11364.00,Pickup
375,427,521D0667680000375,LHJ-0375,Suzuki Ertiga,2020,6457.00,Pickup
376,160,62448F8B9D0000376,YDN-0376,Ford Ranger,2014,9770.00,Pickup
377,125,7F8EA7FDF50000377,OGT-0377,Toyota Fortuner,2017,3393.00,Pickup
378,448,31E4E097930000378,IMC-0378,Honda Civic,2020,5372.00,Van
379,380,605D057EF00000379,VEK-0379,Honda Civic,2012,7928.00,Sedan
380,105,620F745BFC0000380,YIK-0380,Toyota Vios,2011,10782.00,Sedan
381,238,1D6939DA830000381,XST-0381,Honda Civic,2024,7483.00,Pickup
382,292,166E718A600000382,DPT-0382,Suzuki Ertiga,2023,13711.00,Pickup
383,459,9E159B49370000383,IWD-0383,Isuzu D-Max,2018,2168.00,Crossover
384,415,F51BD3907A0000384,HXQ-0384,Honda CR-V,2014,13762.00,Pickup
385,126,A7E3E58CFC0000385,ZCJ-0385,Mitsubishi Montero Sport,2013,8259.00,SUV
386,327,37BAF9FF200000386,SXD-0386,Hyundai Accent,2014,2004.00,SUV
387,9,2F9F86F71D0000387,YMJ-0387,Nissan Navara,2024,4879.00,Pickup
388,103,DC157241B90000388,TRT-0388,Isuzu D-Max,2024,11072.00,Van
389,342,C1B18317CD0000389,JRW-0389,Mitsubishi Montero Sport,2014,3525.00,Sedan
390,399,5EC7638B750000390,JPB-0390,Honda CR-V,2012,11740.00,SUV
391,311,EBC03EFD140000391,OIC-0391,Isuzu D-Max,2020,12000.00,SUV
392,168,7F3BB0207B0000392,FQI-0392,Hyundai Accent,2015,10365.00,Van
393,201,A4EBC32D210000393,RFJ-0393,Honda Civic,2011,4381.00,SUV
394,136,1145FDBA880000394,MXH-0394,Toyota Vios,2026,1981.00,Van
395,47,7269BFF9E50000395,TOW-0395,Suzuki Ertiga,2010,10962.00,Sedan
396,172,2EB9B023D90000396,ABP-0396,Hyundai Accent,2023,5108.00,SUV
397,350,115F111E870000397,LKF-0397,Toyota Vios,2013,10246.00,SUV
398,448,E2791497080000398,PFF-0398,Honda CR-V,2014,12383.00,Van
399,449,F615EA23BA0000399,UIC-0399,Honda CR-V,2013,12657.00,Sedan
400,395,6300C51EC40000400,TKN-0400,Toyota Fortuner,2020,1610.00,Sedan
401,412,63994FB5670000401,QQW-0401,Suzuki Ertiga,2022,12606.00,Van
402,422,2B5D9113B00000402,TDO-0402,Honda Civic,2021,8907.00,Hatchback
403,289,72205D71AC0000403,SMA-0403,Isuzu D-Max,2010,9925.00,Pickup
404,31,F7146E81140000404,KIB-0404,Ford Ranger,2013,6748.00,Crossover
405,396,A7419422A20000405,BDT-0405,Isuzu D-Max,2021,1150.00,Van
406,444,6106B3AF2E0000406,XFK-0406,Honda CR-V,2010,10187.00,Sedan
407,73,B6EB1314210000407,BQT-0407,Honda Civic,2022,4756.00,Pickup
408,15,EDF051CDE90000408,SDX-0408,Nissan Navara,2020,1642.00,Hatchback
409,239,C07C80D1CF0000409,LWY-0409,Suzuki Ertiga,2016,3746.00,Van
410,291,D4ED850FE10000410,DUW-0410,Honda Civic,2015,14995.00,Crossover
411,242,A4A22F07310000411,JBT-0411,Toyota Fortuner,2016,3720.00,Crossover
412,158,5AC3083F620000412,IIG-0412,Toyota Vios,2018,12175.00,Sedan
413,375,CCE0075BE20000413,PVE-0413,Suzuki Ertiga,2018,4079.00,Van
414,439,F762AB2A960000414,MJB-0414,Ford Ranger,2015,3444.00,SUV
415,158,3F32DA7CA20000415,HAG-0415,Nissan Navara,2013,8848.00,Crossover
416,13,45D90B71BA0000416,RIJ-0416,Nissan Navara,2014,3118.00,Van
417,85,28CC68DBDD0000417,LZP-0417,Honda CR-V,2015,14127.00,SUV
418,73,F9D11B2C4C0000418,KYP-0418,Honda CR-V,2012,11948.00,Sedan
419,339,CCF6E45DE20000419,GNX-0419,Honda Civic,2014,8714.00,Van
420,389,57ECC0345D0000420,FXZ-0420,Honda Civic,2024,4526.00,Sedan
421,138,FE60E441CA0000421,MCS-0421,Honda Civic,2013,6340.00,Hatchback
422,413,49F8CAB3B20000422,TCX-0422,Honda CR-V,2018,2894.00,SUV
423,368,DD6194DCCF0000423,VAR-0423,Ford Ranger,2026,9730.00,Crossover
424,79,4E7B4717D50000424,XQO-0424,Suzuki Ertiga,2016,9421.00,Pickup
425,344,E9227D2BAD0000425,WIN-0425,Ford Ranger,2015,11027.00,Sedan
426,241,ECC5310DC40000426,LSW-0426,Hyundai Accent,2014,8438.00,Van
427,467,60C98C455D0000427,NVM-0427,Nissan Navara,2015,11218.00,Sedan
428,247,293B48F1D30000428,SXV-0428,Hyundai Accent,2013,6912.00,SUV
429,104,618B76BA630000429,SHW-0429,Suzuki Ertiga,2013,1386.00,Hatchback
430,103,F82187C1180000430,ANW-0430,Isuzu D-Max,2026,1910.00,Pickup
431,255,A714FE5B8C0000431,DGW-0431,Mitsubishi Montero Sport,2013,7917.00,SUV
432,47,5116F875710000432,AMG-0432,Nissan Navara,2020,2670.00,Hatchback
433,494,49DFA77F710000433,KAU-0433,Honda CR-V,2013,13399.00,Hatchback
434,128,116ACC76A40000434,WVC-0434,Honda Civic,2014,7315.00,Pickup
435,357,A04389502C0000435,JLN-0435,Isuzu D-Max,2013,9234.00,SUV
436,483,10ACFBC8790000436,CFW-0436,Honda Civic,2016,4489.00,Pickup
437,475,40EC7FAAED0000437,MPC-0437,Hyundai Accent,2011,13380.00,Pickup
438,201,FF31C37EEF0000438,UKD-0438,Honda Civic,2025,10080.00,Hatchback
439,359,83FF23091A0000439,AIH-0439,Honda CR-V,2016,2973.00,Van
440,24,E9047E5F3B0000440,DLC-0440,Honda CR-V,2017,9470.00,SUV
441,445,1A4406CE7A0000441,DXP-0441,Honda Civic,2020,13214.00,SUV
442,267,6138DE5EB10000442,NTJ-0442,Hyundai Accent,2026,5412.00,Hatchback
443,362,103929874F0000443,ONX-0443,Toyota Vios,2020,10641.00,Pickup
444,95,1DF6A26BA60000444,LEI-0444,Honda Civic,2012,14158.00,SUV
445,89,D210255ED20000445,LJF-0445,Nissan Navara,2015,14922.00,Pickup
446,52,AC0DC17CC90000446,EPN-0446,Isuzu D-Max,2020,6235.00,Hatchback
447,365,DA41D3344C0000447,QSM-0447,Toyota Fortuner,2023,10925.00,Crossover
448,340,3F899C5C5F0000448,FDW-0448,Toyota Fortuner,2022,6833.00,SUV
449,412,442AAA9F9F0000449,HXK-0449,Ford Ranger,2011,3127.00,Hatchback
450,363,F5042ADF4C0000450,VMA-0450,Suzuki Ertiga,2019,8266.00,Pickup
451,256,EA427F4E250000451,CAG-0451,Suzuki Ertiga,2017,12815.00,Hatchback
452,438,E034912A390000452,NWP-0452,Hyundai Accent,2010,10353.00,Hatchback
453,454,B6628910E50000453,DMD-0453,Honda Civic,2026,9591.00,SUV
454,483,6597E8D0010000454,JUJ-0454,Toyota Vios,2018,3373.00,SUV
455,202,17261809910000455,MSK-0455,Suzuki Ertiga,2014,13467.00,Sedan
456,1,2A51E18C820000456,KGO-0456,Toyota Vios,2023,7780.00,Pickup
457,44,F58C51CDCC0000457,SUB-0457,Toyota Fortuner,2013,13149.00,Crossover
458,407,54E3D2B9980000458,WOD-0458,Ford Ranger,2025,10005.00,Sedan
459,11,D5EC6CC56D0000459,RCX-0459,Toyota Vios,2019,6815.00,Hatchback
460,498,F9461703060000460,MUL-0460,Nissan Navara,2011,11618.00,SUV
461,230,A6E0D25D9F0000461,WYR-0461,Nissan Navara,2021,12454.00,SUV
462,225,9D1A3404B50000462,MPM-0462,Nissan Navara,2011,2781.00,Hatchback
463,102,0DF51EF9AB0000463,JLL-0463,Toyota Vios,2011,8012.00,Sedan
464,258,FDFC648EEA0000464,IPR-0464,Isuzu D-Max,2025,7319.00,SUV
465,117,FD96652F470000465,BSL-0465,Mitsubishi Montero Sport,2012,9550.00,Sedan
466,160,F6B24B9C990000466,NBU-0466,Isuzu D-Max,2021,11383.00,Sedan
467,358,340757770E0000467,MOK-0467,Ford Ranger,2013,9003.00,Van
468,185,FA980BED0D0000468,HIK-0468,Isuzu D-Max,2016,4655.00,Crossover
469,456,D6F504ABDB0000469,MTT-0469,Hyundai Accent,2023,4522.00,Sedan
470,143,2374563DA10000470,QSE-0470,Isuzu D-Max,2016,1176.00,Crossover
471,117,F2EB7584C80000471,HNI-0471,Honda CR-V,2025,1749.00,Sedan
472,492,1304B3C3E60000472,GGN-0472,Mitsubishi Montero Sport,2014,9402.00,Sedan
473,44,AE41B8DDE20000473,ABG-0473,Toyota Fortuner,2023,10042.00,SUV
474,423,67482EDB240000474,PHG-0474,Suzuki Ertiga,2025,2292.00,Sedan
475,120,DE16988F0A0000475,ALR-0475,Mitsubishi Montero Sport,2020,14076.00,Hatchback
476,443,25614107BB0000476,OHT-0476,Isuzu D-Max,2014,4492.00,Van
477,151,5B4593F5F70000477,XQP-0477,Suzuki Ertiga,2021,1622.00,Pickup
478,388,A8C0D8DF7D0000478,WWP-0478,Hyundai Accent,2015,3840.00,Pickup
479,128,A6697A90330000479,GJI-0479,Toyota Fortuner,2016,14526.00,Van
480,365,2B8D801EC60000480,HJP-0480,Isuzu D-Max,2012,11110.00,Van
481,234,3BBC396A650000481,URZ-0481,Toyota Vios,2011,7651.00,SUV
482,24,85D6B72ED30000482,HXP-0482,Nissan Navara,2026,2861.00,SUV
483,425,EA877239C70000483,MBK-0483,Mitsubishi Montero Sport,2024,7287.00,Hatchback
484,70,3EFD7AC2310000484,UGM-0484,Hyundai Accent,2013,1537.00,Hatchback
485,163,276F63167D0000485,FDE-0485,Isuzu D-Max,2021,10055.00,Van
486,347,318D87292F0000486,QUC-0486,Suzuki Ertiga,2025,2354.00,Van
487,339,4220D7D1300000487,OGL-0487,Nissan Navara,2018,12826.00,Sedan
488,262,811C576A240000488,AZD-0488,Isuzu D-Max,2024,3819.00,Pickup
489,212,2ECF20369E0000489,BOL-0489,Hyundai Accent,2025,5359.00,Hatchback
490,479,EC8DFF40CC0000490,SGW-0490,Honda Civic,2014,12759.00,Hatchback
491,69,10FF9EC3D80000491,BEQ-0491,Hyundai Accent,2021,13185.00,Pickup
492,129,B9F407CA8A0000492,NSH-0492,Honda Civic,2024,13442.00,Sedan
493,160,B7F1B16A4C0000493,EFW-0493,Toyota Vios,2024,6702.00,Van
494,152,CBE78E049C0000494,CCV-0494,Honda CR-V,2021,13770.00,Pickup
495,296,FB7DE9F6DC0000495,YNC-0495,Isuzu D-Max,2024,14548.00,Hatchback
496,369,CA74C4BF8A0000496,MBO-0496,Ford Ranger,2013,10305.00,Pickup
497,331,5112B95B6B0000497,LCA-0497,Toyota Fortuner,2020,13125.00,SUV
498,312,625EC5230E0000498,YMB-0498,Honda CR-V,2021,1287.00,Van
499,301,452D740D2E0000499,BYV-0499,Suzuki Ertiga,2022,4717.00,SUV
500,463,92D1E77C150000500,AOP-0500,Honda CR-V,2018,2695.00,Hatchback
501,235,8206F944260000501,LXY-0501,Toyota Vios,2019,7695.00,Van
502,259,F347C47CF60000502,CIU-0502,Hyundai Accent,2022,7041.00,Sedan
503,120,3B8FDA69BF0000503,TCV-0503,Isuzu D-Max,2023,9005.00,Hatchback
504,15,2111D297AB0000504,DVO-0504,Honda Civic,2015,6481.00,Crossover
505,126,D3110F704B0000505,KUJ-0505,Hyundai Accent,2017,2885.00,Pickup
506,47,BB0F16EC350000506,JGO-0506,Nissan Navara,2023,1485.00,Hatchback
507,19,F25513739A0000507,ZQK-0507,Suzuki Ertiga,2020,4022.00,Van
508,30,6FC28491730000508,VXL-0508,Isuzu D-Max,2024,6391.00,Pickup
509,372,D25DBF3C300000509,PFF-0509,Toyota Vios,2018,10940.00,Hatchback
510,66,57F69698D50000510,DYM-0510,Toyota Fortuner,2011,13169.00,Pickup
511,102,635F0F31570000511,KOX-0511,Isuzu D-Max,2012,1385.00,SUV
512,192,A801A5517F0000512,HJX-0512,Hyundai Accent,2010,3961.00,Van
513,79,7198A7B3C80000513,RJD-0513,Suzuki Ertiga,2013,4068.00,Crossover
514,481,74D27EF2FF0000514,NRK-0514,Honda CR-V,2011,9147.00,Crossover
515,310,0C7428A21D0000515,NWV-0515,Mitsubishi Montero Sport,2022,13479.00,SUV
516,351,B4DB86111B0000516,OGQ-0516,Suzuki Ertiga,2017,1431.00,Crossover
517,139,56D563702D0000517,ZWE-0517,Hyundai Accent,2023,14509.00,Hatchback
518,256,CB6FD409470000518,TDW-0518,Suzuki Ertiga,2024,1261.00,Crossover
519,135,014BF1FBD30000519,LNH-0519,Isuzu D-Max,2023,7935.00,SUV
520,333,38518B88880000520,KKS-0520,Mitsubishi Montero Sport,2014,2846.00,Crossover
521,485,1B580F0ACB0000521,NZP-0521,Mitsubishi Montero Sport,2018,13207.00,Pickup
522,441,B4409732530000522,QBB-0522,Honda CR-V,2012,1647.00,Sedan
523,91,9BC1F906BF0000523,TOX-0523,Suzuki Ertiga,2022,6584.00,SUV
524,143,14555E029B0000524,LNO-0524,Toyota Vios,2015,14611.00,Sedan
525,63,8FB02235B90000525,KFV-0525,Isuzu D-Max,2019,3870.00,Pickup
526,440,DFEE6EEC6E0000526,HXS-0526,Mitsubishi Montero Sport,2021,5957.00,Hatchback
527,1,D3B9DF426E0000527,FZQ-0527,Mitsubishi Montero Sport,2025,6508.00,Sedan
528,355,DB31421CA60000528,FCN-0528,Honda CR-V,2016,9871.00,Van
529,488,F1898AE5330000529,DUP-0529,Honda Civic,2024,1159.00,Van
530,372,602268EAD60000530,ZIA-0530,Toyota Fortuner,2026,1921.00,SUV
531,181,3D9EE7266B0000531,VXC-0531,Honda Civic,2012,10099.00,Crossover
532,60,2FBAD5058D0000532,COE-0532,Toyota Vios,2012,8203.00,Crossover
533,96,84F0E906420000533,RIV-0533,Suzuki Ertiga,2012,1745.00,Hatchback
534,10,D23490296B0000534,COX-0534,Suzuki Ertiga,2022,8010.00,Crossover
535,141,9C4EA776BB0000535,DQG-0535,Isuzu D-Max,2017,13110.00,Van
536,279,1F05D9AE970000536,EBH-0536,Suzuki Ertiga,2014,5540.00,Crossover
537,305,EA0406658D0000537,PNO-0537,Nissan Navara,2014,9594.00,Hatchback
538,239,1BE1604C440000538,SNQ-0538,Isuzu D-Max,2013,8906.00,SUV
539,279,1F87FC0C920000539,IGW-0539,Toyota Fortuner,2021,9611.00,Pickup
540,225,040F33D59B0000540,XMI-0540,Nissan Navara,2020,7815.00,Van
541,213,A8E3819C660000541,FVT-0541,Mitsubishi Montero Sport,2025,14298.00,Sedan
542,370,63A316D2D90000542,FJC-0542,Toyota Fortuner,2015,8010.00,Van
543,390,4F35B249520000543,HEU-0543,Suzuki Ertiga,2023,10988.00,Van
544,445,37796159320000544,NJA-0544,Nissan Navara,2012,6545.00,SUV
545,15,86C86BA5730000545,RAW-0545,Toyota Vios,2013,7406.00,Pickup
546,200,0501D8413F0000546,THQ-0546,Suzuki Ertiga,2015,7545.00,Hatchback
547,448,89E2ACE58E0000547,PWP-0547,Hyundai Accent,2012,10888.00,Sedan
548,429,200C6382470000548,GPX-0548,Toyota Fortuner,2014,2679.00,SUV
549,140,6140CCED8D0000549,ZHV-0549,Hyundai Accent,2021,14662.00,Hatchback
550,89,FBF53988890000550,QXC-0550,Nissan Navara,2013,11669.00,Crossover
551,60,20F57DE7330000551,RUY-0551,Nissan Navara,2021,3909.00,Hatchback
552,119,6663D11D8E0000552,OMH-0552,Toyota Vios,2022,11626.00,Pickup
553,316,2EB8EE87F30000553,JBG-0553,Hyundai Accent,2026,4867.00,Van
554,97,F55950EA360000554,IKW-0554,Nissan Navara,2010,14627.00,SUV
555,474,5E7A17C55B0000555,STP-0555,Suzuki Ertiga,2020,14067.00,Crossover
556,216,EB3886AF9B0000556,IRV-0556,Hyundai Accent,2026,1496.00,Van
557,202,FAC6DFB8F50000557,IEU-0557,Toyota Vios,2024,13416.00,Hatchback
558,33,F2FEF454640000558,WLY-0558,Suzuki Ertiga,2013,3091.00,Hatchback
559,57,354FC61BB10000559,QXS-0559,Honda CR-V,2017,14299.00,Pickup
560,227,B3DF09E74E0000560,VRA-0560,Toyota Fortuner,2022,1251.00,Hatchback
561,264,6C72F4F6920000561,QQB-0561,Ford Ranger,2012,13987.00,SUV
562,369,7F94DBA18F0000562,XJR-0562,Honda Civic,2017,10859.00,Pickup
563,21,FC9B393C1F0000563,EVG-0563,Toyota Vios,2011,10475.00,Van
564,30,CF4430C3680000564,THF-0564,Isuzu D-Max,2012,12880.00,SUV
565,453,3DD54902380000565,WMP-0565,Honda Civic,2025,11728.00,Pickup
566,40,4C25D5C49F0000566,JOW-0566,Toyota Fortuner,2011,8838.00,Van
567,158,8D46F4C1680000567,LHE-0567,Suzuki Ertiga,2015,9226.00,SUV
568,421,78575008180000568,MEK-0568,Mitsubishi Montero Sport,2019,3033.00,Sedan
569,265,F2375D3AC80000569,KPL-0569,Nissan Navara,2017,14480.00,SUV
570,434,2EDD9194590000570,NOC-0570,Honda CR-V,2016,6768.00,Sedan
571,173,F607B74FA50000571,KRL-0571,Nissan Navara,2018,3241.00,Hatchback
572,270,56CC0F20720000572,FIE-0572,Nissan Navara,2019,8889.00,Sedan
573,375,00870510A90000573,JMA-0573,Suzuki Ertiga,2021,11717.00,SUV
574,477,69394FEE7C0000574,KKB-0574,Mitsubishi Montero Sport,2010,11888.00,SUV
575,86,856B9D74F90000575,KPK-0575,Toyota Fortuner,2011,1157.00,Hatchback
576,380,3B933962940000576,WBO-0576,Mitsubishi Montero Sport,2026,14868.00,Van
577,194,52C10796840000577,DPW-0577,Isuzu D-Max,2020,2474.00,Sedan
578,320,7A0976F4A40000578,SDU-0578,Toyota Vios,2026,9046.00,Sedan
579,484,67188A63A10000579,HJW-0579,Toyota Vios,2019,14692.00,Crossover
580,385,D34DAFA3CC0000580,SCD-0580,Hyundai Accent,2016,6478.00,Crossover
581,256,289E4B0DBC0000581,KAN-0581,Mitsubishi Montero Sport,2024,2929.00,Hatchback
582,64,E9DBF2A0E20000582,NIO-0582,Toyota Vios,2013,2545.00,Van
583,275,5C63B5D4FE0000583,PAB-0583,Toyota Fortuner,2018,1391.00,Sedan
584,189,62C43C319C0000584,ZCY-0584,Nissan Navara,2024,13049.00,Sedan
585,121,8A16C3CC880000585,REV-0585,Ford Ranger,2023,10927.00,Sedan
586,3,12BBE209710000586,BVL-0586,Toyota Fortuner,2015,11329.00,SUV
587,130,A59CC134AB0000587,FYA-0587,Honda Civic,2020,3524.00,Hatchback
588,200,CF51D00E860000588,ZDX-0588,Honda CR-V,2025,10203.00,Pickup
589,435,4E7A73F33A0000589,IOJ-0589,Honda Civic,2012,13339.00,Crossover
590,330,64EB7CBBEA0000590,DEM-0590,Hyundai Accent,2021,11194.00,Pickup
591,194,860F3B5EB50000591,XKX-0591,Suzuki Ertiga,2017,6358.00,Hatchback
592,461,FB441F1BEC0000592,LKT-0592,Mitsubishi Montero Sport,2014,6692.00,Sedan
593,373,2E9518A18D0000593,QBR-0593,Ford Ranger,2023,12901.00,Van
594,404,56D2E36FAF0000594,VNP-0594,Honda CR-V,2025,5006.00,Van
595,143,CB5946EEAB0000595,WNM-0595,Hyundai Accent,2025,8577.00,SUV
596,15,52DF432BC00000596,TSJ-0596,Hyundai Accent,2023,7616.00,SUV
597,165,E16D42FBDC0000597,MJC-0597,Suzuki Ertiga,2024,6369.00,SUV
598,299,E554801D910000598,PTQ-0598,Toyota Fortuner,2012,3473.00,SUV
599,290,41E997C0310000599,SCL-0599,Hyundai Accent,2010,10756.00,Van
600,437,E1CDFA67570000600,BXQ-0600,Ford Ranger,2015,9297.00,Pickup
601,363,75B9F683C80000601,SAI-0601,Honda Civic,2026,14718.00,Hatchback
602,421,A60826480D0000602,MFT-0602,Toyota Fortuner,2012,3050.00,Pickup
603,229,928F2E72020000603,XJQ-0603,Isuzu D-Max,2022,13509.00,Crossover
604,376,2B1F17DA990000604,BYZ-0604,Mitsubishi Montero Sport,2026,6241.00,Pickup
605,178,DDA8C05EF00000605,XRY-0605,Ford Ranger,2015,14715.00,Pickup
606,444,33D4B7AEBF0000606,RZQ-0606,Toyota Fortuner,2012,1573.00,Van
607,108,0CA78E8DC30000607,ZBN-0607,Toyota Vios,2014,14797.00,SUV
608,159,B57FDAE1DE0000608,BPU-0608,Ford Ranger,2010,14817.00,Pickup
609,197,2B4622D2B30000609,URM-0609,Ford Ranger,2026,5417.00,Van
610,254,49C94FFBBB0000610,IPI-0610,Toyota Fortuner,2021,13574.00,Van
611,144,299CEFAAB70000611,CTX-0611,Nissan Navara,2025,8703.00,Crossover
612,261,EFB18CC2DB0000612,AQF-0612,Ford Ranger,2012,8794.00,Sedan
613,140,DA71CDA6470000613,USF-0613,Ford Ranger,2014,1445.00,Pickup
614,379,4A7E014A6D0000614,VOQ-0614,Honda Civic,2011,1761.00,Sedan
615,289,9E377118710000615,DIL-0615,Honda CR-V,2017,7108.00,SUV
616,189,CB62AE95820000616,WME-0616,Mitsubishi Montero Sport,2014,7515.00,Hatchback
617,123,860D06010C0000617,UVM-0617,Ford Ranger,2026,6426.00,SUV
618,173,281B7635F90000618,OXR-0618,Toyota Fortuner,2021,7457.00,SUV
619,225,A9CC0210790000619,CHC-0619,Honda Civic,2015,11004.00,Pickup
620,105,532EFFFCF40000620,FNR-0620,Honda Civic,2019,14434.00,Hatchback
621,350,BA00A8CB2F0000621,RSE-0621,Toyota Fortuner,2023,7759.00,Van
622,244,A5F5A473CD0000622,INY-0622,Nissan Navara,2021,5716.00,Van
623,382,7CD894F5540000623,JXH-0623,Isuzu D-Max,2019,6592.00,SUV
624,158,2CD1F770180000624,WVU-0624,Honda CR-V,2020,6843.00,Sedan
625,220,08FD5668D70000625,KKE-0625,Honda CR-V,2015,3815.00,Crossover
626,146,94945A2CED0000626,KJI-0626,Isuzu D-Max,2016,4498.00,Sedan
627,117,6E17FD749E0000627,WHU-0627,Toyota Vios,2010,6099.00,Crossover
628,119,4808580B020000628,NUJ-0628,Ford Ranger,2011,10782.00,Sedan
629,220,B09E9DC83B0000629,NTS-0629,Hyundai Accent,2019,1561.00,Van
630,149,23D26D56870000630,OFU-0630,Honda Civic,2010,7555.00,SUV
631,273,1B60EB392A0000631,KSZ-0631,Ford Ranger,2011,7585.00,Van
632,86,83C28CCA4F0000632,RZS-0632,Hyundai Accent,2010,7333.00,Van
633,81,59CA4314AD0000633,QIO-0633,Toyota Fortuner,2010,5354.00,Sedan
634,89,60C6DB41830000634,IND-0634,Isuzu D-Max,2016,6230.00,Sedan
635,3,5481E5E6C20000635,IWT-0635,Honda Civic,2016,3999.00,Sedan
636,264,41B8E4E7130000636,RSZ-0636,Honda CR-V,2012,3076.00,SUV
637,101,65595A111C0000637,WLP-0637,Isuzu D-Max,2025,9788.00,Van
638,494,13B2F062E80000638,KKL-0638,Honda Civic,2014,10701.00,Crossover
639,26,AF2780FE460000639,WOG-0639,Toyota Fortuner,2025,10504.00,SUV
640,445,EC9657CD730000640,OHE-0640,Honda CR-V,2020,8673.00,Crossover
641,68,6664AA2B5F0000641,JMV-0641,Mitsubishi Montero Sport,2012,5186.00,Crossover
642,341,E50167BBCD0000642,KFP-0642,Isuzu D-Max,2017,3797.00,Sedan
643,244,92BD884EDC0000643,OPP-0643,Honda CR-V,2015,6535.00,Hatchback
644,14,F29787441D0000644,ETI-0644,Honda CR-V,2022,10791.00,Van
645,342,CCD9BDB1880000645,NYS-0645,Ford Ranger,2012,7373.00,Van
646,107,202C45CA3E0000646,CJS-0646,Toyota Vios,2017,4444.00,Sedan
647,173,D107A5460F0000647,BUQ-0647,Ford Ranger,2013,14406.00,Pickup
648,333,09F065AEE60000648,IRB-0648,Mitsubishi Montero Sport,2011,6675.00,Hatchback
649,222,D47DA2CE510000649,PJB-0649,Toyota Vios,2016,1210.00,Sedan
650,213,3CFD43E4400000650,REF-0650,Nissan Navara,2019,11742.00,Crossover
651,20,58BE8AEDCA0000651,QGN-0651,Toyota Vios,2017,10174.00,Crossover
652,248,203FD1F9650000652,NXF-0652,Nissan Navara,2019,13953.00,Hatchback
653,433,3CC45ED6EF0000653,RTS-0653,Nissan Navara,2013,14462.00,Hatchback
654,306,28ABCD46520000654,EAO-0654,Toyota Vios,2014,14687.00,Hatchback
655,415,4757B8FB220000655,UIP-0655,Hyundai Accent,2023,2116.00,Pickup
656,334,D87F6263780000656,CDK-0656,Nissan Navara,2017,6999.00,Crossover
657,250,89B9EDC6DC0000657,QYO-0657,Honda Civic,2017,13343.00,SUV
658,352,4C4ECA89000000658,AVC-0658,Hyundai Accent,2021,8487.00,Pickup
659,400,EA3478699B0000659,KNP-0659,Toyota Fortuner,2010,8510.00,Van
660,293,6A1DFF44770000660,IFC-0660,Toyota Vios,2017,12748.00,SUV
661,477,C3C0A9BB070000661,AYC-0661,Honda Civic,2014,14397.00,Crossover
662,272,261DE7BF990000662,LLJ-0662,Mitsubishi Montero Sport,2013,9134.00,SUV
663,494,38701FAAED0000663,MQA-0663,Ford Ranger,2010,9359.00,SUV
664,280,5E0E2CF0A80000664,BEP-0664,Hyundai Accent,2021,7551.00,Sedan
665,73,C9719EA0330000665,OZR-0665,Hyundai Accent,2012,7239.00,Crossover
666,46,2E6F0D9AEB0000666,HQE-0666,Honda CR-V,2025,9557.00,Crossover
667,473,26CAFD80AC0000667,HTP-0667,Suzuki Ertiga,2016,9588.00,Crossover
668,190,E234BBFB930000668,NSU-0668,Ford Ranger,2016,14689.00,Van
669,234,E683176E830000669,SSW-0669,Toyota Fortuner,2017,14695.00,Van
670,381,683728F6830000670,ABE-0670,Suzuki Ertiga,2018,8378.00,Sedan
671,16,C56A57578E0000671,ZFU-0671,Mitsubishi Montero Sport,2026,3909.00,Hatchback
672,315,827DD9045E0000672,KBF-0672,Honda CR-V,2019,5338.00,Van
673,75,C0FF2EE1430000673,OML-0673,Honda Civic,2025,10045.00,Sedan
674,260,B4265D457F0000674,WKV-0674,Nissan Navara,2021,6859.00,Hatchback
675,494,B746C98D630000675,JGM-0675,Honda Civic,2024,14757.00,Sedan
676,227,84E0E5CF950000676,QCH-0676,Ford Ranger,2011,3777.00,Crossover
677,69,5BBA6BCAF10000677,ZSK-0677,Mitsubishi Montero Sport,2011,2530.00,Crossover
678,183,E0123D56A30000678,TWC-0678,Suzuki Ertiga,2012,12880.00,Van
679,25,7701BEAD800000679,USH-0679,Toyota Fortuner,2017,9717.00,Sedan
680,241,237A6F99DB0000680,DRZ-0680,Honda Civic,2010,12569.00,SUV
681,346,C1402F9F170000681,BJR-0681,Hyundai Accent,2014,5349.00,SUV
682,457,844660407D0000682,ZMY-0682,Nissan Navara,2025,10445.00,Sedan
683,291,1483F9C9BF0000683,YQL-0683,Mitsubishi Montero Sport,2020,7692.00,Crossover
684,38,0E644F9D050000684,OYI-0684,Suzuki Ertiga,2023,8823.00,SUV
685,169,966FF9EE180000685,CIR-0685,Ford Ranger,2017,12713.00,Crossover
686,186,3A45BD99430000686,SOD-0686,Toyota Vios,2012,13191.00,Van
687,60,7406BB60D50000687,DVW-0687,Isuzu D-Max,2016,5168.00,Van
688,101,0AB0DDAEFA0000688,JAM-0688,Honda Civic,2025,4729.00,Van
689,10,65BD0E6BAC0000689,NDC-0689,Honda Civic,2012,2888.00,Hatchback
690,152,A1847217A10000690,JBV-0690,Honda Civic,2012,10146.00,Pickup
691,363,F546A30C5B0000691,DPS-0691,Isuzu D-Max,2015,7788.00,SUV
692,430,8D139932380000692,HOF-0692,Toyota Fortuner,2021,5941.00,SUV
693,82,E29C3DA14C0000693,MSE-0693,Honda Civic,2025,2426.00,Pickup
694,107,A85C900A340000694,KGD-0694,Hyundai Accent,2021,12346.00,SUV
695,356,DAD81CFB780000695,KIL-0695,Honda CR-V,2019,2568.00,Sedan
696,383,0AA1D565420000696,KVH-0696,Nissan Navara,2012,12001.00,Crossover
697,61,A707A9AF150000697,DMJ-0697,Isuzu D-Max,2010,11340.00,Hatchback
698,240,151E895E320000698,YMR-0698,Suzuki Ertiga,2010,1500.00,SUV
699,112,2EA518ED730000699,OVI-0699,Suzuki Ertiga,2022,9034.00,Hatchback
700,376,BDE5B607010000700,CFP-0700,Nissan Navara,2021,3147.00,Hatchback
701,273,67986F06070000701,SGG-0701,Hyundai Accent,2025,4372.00,Sedan
702,30,2415E608A10000702,PZO-0702,Suzuki Ertiga,2019,10412.00,SUV
703,208,D1724EB4340000703,DDX-0703,Suzuki Ertiga,2021,1611.00,Crossover
704,463,5A7021FF660000704,YAO-0704,Honda CR-V,2018,5607.00,SUV
705,322,4A96BBB8790000705,CXI-0705,Suzuki Ertiga,2014,10121.00,SUV
706,489,BDFC922FD80000706,KSM-0706,Toyota Vios,2010,11820.00,Hatchback
707,186,51BA1FF72C0000707,MNB-0707,Ford Ranger,2020,2754.00,Crossover
708,48,7E097C2DF20000708,XKT-0708,Hyundai Accent,2010,9874.00,Sedan
709,462,7BFA40E1BD0000709,WTH-0709,Mitsubishi Montero Sport,2019,1523.00,Van
710,470,429DDBA78A0000710,EKX-0710,Isuzu D-Max,2012,14840.00,Sedan
711,462,981A7025510000711,OSY-0711,Toyota Vios,2012,14403.00,SUV
712,29,E1B82034C50000712,GND-0712,Ford Ranger,2013,9693.00,Hatchback
713,310,7887E7799C0000713,IAY-0713,Hyundai Accent,2012,9090.00,Pickup
714,111,EF764E6B2A0000714,XSN-0714,Nissan Navara,2023,7903.00,Crossover
715,228,2400C3A5650000715,WRG-0715,Toyota Vios,2016,3012.00,SUV
716,173,0B43DE1B600000716,NPO-0716,Ford Ranger,2011,2793.00,Sedan
717,479,5020C98ED40000717,JRV-0717,Suzuki Ertiga,2025,10426.00,Sedan
718,104,EC3797E76D0000718,CVU-0718,Hyundai Accent,2025,12710.00,Sedan
719,310,56C5990B290000719,PXT-0719,Isuzu D-Max,2011,4870.00,Crossover
720,239,13649B50D30000720,YPX-0720,Nissan Navara,2014,10282.00,Crossover
721,459,CD3ACCCE740000721,UEB-0721,Nissan Navara,2013,6685.00,Crossover
722,11,CD10C25A420000722,DTC-0722,Honda CR-V,2024,12159.00,SUV
723,278,89C7D29B0F0000723,MIM-0723,Isuzu D-Max,2011,3954.00,Pickup
724,64,7115BAFE030000724,RTV-0724,Honda CR-V,2020,3441.00,Pickup
725,195,19E2C797950000725,FFM-0725,Hyundai Accent,2014,7062.00,Pickup
726,281,CBE8853B0C0000726,RSU-0726,Isuzu D-Max,2022,10997.00,Hatchback
727,418,C3521A95490000727,MAI-0727,Isuzu D-Max,2016,11094.00,Sedan
728,437,97FDF997EA0000728,RZD-0728,Toyota Vios,2020,10958.00,Hatchback
729,52,C0A0A170790000729,NMQ-0729,Nissan Navara,2022,14749.00,Crossover
730,492,152629761D0000730,OFN-0730,Ford Ranger,2021,10517.00,Van
731,277,D38578B3820000731,CNY-0731,Nissan Navara,2018,4905.00,Sedan
732,428,C0F38C402F0000732,TQD-0732,Nissan Navara,2023,10648.00,Van
733,86,FCB82FF2EA0000733,GHQ-0733,Toyota Fortuner,2019,11788.00,Crossover
734,60,0E299B4EA50000734,DBD-0734,Honda CR-V,2017,8081.00,Hatchback
735,16,9890C680030000735,TQT-0735,Mitsubishi Montero Sport,2014,5977.00,Crossover
736,27,2BEB099CAF0000736,FJR-0736,Mitsubishi Montero Sport,2012,5933.00,Crossover
737,317,825BADE2ED0000737,PTR-0737,Hyundai Accent,2022,10782.00,Hatchback
738,163,97011B57610000738,JZU-0738,Toyota Vios,2016,3266.00,Crossover
739,152,A61BC945E50000739,ROC-0739,Nissan Navara,2025,5169.00,Van
740,466,565D591FD00000740,YIY-0740,Mitsubishi Montero Sport,2023,14570.00,Crossover
741,244,87EC9AB7120000741,AEA-0741,Suzuki Ertiga,2023,8250.00,Van
742,300,0B32850DF50000742,GIN-0742,Hyundai Accent,2010,4682.00,SUV
743,210,BE5E22C25A0000743,EEQ-0743,Toyota Vios,2015,4335.00,Hatchback
744,390,AA610D72130000744,OOS-0744,Isuzu D-Max,2025,2617.00,Pickup
745,182,99900A0C320000745,OGA-0745,Honda CR-V,2018,7045.00,Hatchback
746,495,41316D68CE0000746,RKG-0746,Suzuki Ertiga,2017,2489.00,SUV
747,9,00546DE63A0000747,BVZ-0747,Honda CR-V,2013,14088.00,Hatchback
748,110,3131951D300000748,OQL-0748,Isuzu D-Max,2018,9491.00,SUV
749,60,A5C6C928E30000749,XTG-0749,Isuzu D-Max,2026,11483.00,Van
750,492,66DCC0B16D0000750,INU-0750,Isuzu D-Max,2012,5661.00,Crossover
751,286,6A91B578710000751,PPR-0751,Nissan Navara,2010,8537.00,Sedan
752,438,5D750EAFAB0000752,CEN-0752,Toyota Fortuner,2024,8055.00,SUV
753,117,C9C93B0E730000753,JBF-0753,Isuzu D-Max,2012,4445.00,SUV
754,477,C08DA3C73A0000754,MBN-0754,Mitsubishi Montero Sport,2020,8924.00,SUV
755,299,9CAF40F2F80000755,ULT-0755,Toyota Fortuner,2010,11188.00,Hatchback
756,108,4B8D74971C0000756,SLJ-0756,Hyundai Accent,2024,14593.00,Hatchback
757,436,EC4426E2390000757,CSH-0757,Suzuki Ertiga,2025,8897.00,Crossover
758,278,E56B88E41D0000758,QDF-0758,Ford Ranger,2016,4590.00,Pickup
759,467,1A3EFBE4F50000759,UYO-0759,Mitsubishi Montero Sport,2026,13597.00,Hatchback
760,75,07AC82BB820000760,TKM-0760,Toyota Fortuner,2014,10576.00,Crossover
761,371,A320FB6F670000761,XNZ-0761,Isuzu D-Max,2016,12494.00,Hatchback
762,372,B71FEF3C950000762,OCX-0762,Ford Ranger,2018,10128.00,Hatchback
763,163,D1C4999D860000763,OUF-0763,Isuzu D-Max,2010,9192.00,Hatchback
764,9,179561AEA20000764,PKL-0764,Nissan Navara,2014,14930.00,Van
765,40,22C74A993B0000765,XOJ-0765,Honda Civic,2012,11939.00,Van
766,245,A20AD723C60000766,PYZ-0766,Honda Civic,2026,1276.00,Van
767,486,44AF2EEF790000767,XOS-0767,Honda CR-V,2024,7258.00,Sedan
768,266,7C5914DF1E0000768,BLQ-0768,Ford Ranger,2017,12139.00,Van
769,336,D9F0B191350000769,RTQ-0769,Mitsubishi Montero Sport,2015,9740.00,Pickup
770,488,8A1F7A50AA0000770,OOC-0770,Honda Civic,2020,1355.00,Hatchback
771,98,C4433048980000771,VNP-0771,Ford Ranger,2013,4113.00,Sedan
772,156,AB0DD33EF60000772,DWT-0772,Isuzu D-Max,2013,13863.00,Sedan
773,97,8A26BAE63D0000773,IAU-0773,Suzuki Ertiga,2020,14266.00,Crossover
774,231,3354E61D270000774,SLY-0774,Honda Civic,2015,4471.00,Van
775,86,4544FED4210000775,KRC-0775,Toyota Vios,2019,7005.00,Van
776,332,F8D67255460000776,ORV-0776,Toyota Fortuner,2010,11171.00,Hatchback
777,297,572D9925580000777,XUA-0777,Suzuki Ertiga,2022,13397.00,Hatchback
778,5,016E7442910000778,RWI-0778,Honda CR-V,2011,10467.00,SUV
779,212,FF9AAB80B30000779,FIB-0779,Toyota Fortuner,2018,13843.00,Hatchback
780,42,74125F7AE90000780,WPG-0780,Toyota Vios,2024,7737.00,Sedan
781,45,8CCF2A962E0000781,FVJ-0781,Ford Ranger,2012,6141.00,SUV
782,5,8C36DE89880000782,XLW-0782,Ford Ranger,2024,14160.00,Van
783,116,3D48630E220000783,HNI-0783,Suzuki Ertiga,2024,7077.00,SUV
784,338,D600C4C2AD0000784,OBZ-0784,Mitsubishi Montero Sport,2019,13467.00,Sedan
785,368,C93709D5AF0000785,FQI-0785,Honda Civic,2022,5395.00,Van
786,210,FD149E77470000786,TCP-0786,Honda Civic,2019,11028.00,Hatchback
787,301,770BD2950A0000787,JCD-0787,Honda Civic,2026,5094.00,Crossover
788,457,2FB5F96F100000788,KMP-0788,Honda Civic,2015,7368.00,Pickup
789,69,08050181AC0000789,GNP-0789,Ford Ranger,2015,14844.00,Sedan
790,67,501D5B1F730000790,BUM-0790,Toyota Vios,2024,9800.00,Crossover
791,276,C1091EB8FD0000791,EMG-0791,Ford Ranger,2012,8689.00,Crossover
792,458,AACCBBA19E0000792,WCX-0792,Suzuki Ertiga,2012,9005.00,Van
793,311,443E6872E20000793,LFG-0793,Mitsubishi Montero Sport,2014,13232.00,Hatchback
794,497,165B898C720000794,FMU-0794,Nissan Navara,2014,7115.00,Pickup
795,165,A656992FD70000795,HIL-0795,Honda CR-V,2021,4391.00,Van
796,394,80AF62AAC00000796,ZQL-0796,Toyota Fortuner,2026,11610.00,Crossover
797,335,CF5A42A2350000797,XIL-0797,Mitsubishi Montero Sport,2017,13986.00,SUV
798,278,5334462C690000798,XRD-0798,Nissan Navara,2023,14096.00,Van
799,366,92849920170000799,IBH-0799,Toyota Vios,2025,8315.00,Sedan
800,96,4D53C3F60C0000800,TVE-0800,Ford Ranger,2022,12559.00,SUV
801,474,2AFCCCAFCC0000801,MDO-0801,Mitsubishi Montero Sport,2016,8484.00,Crossover
802,455,35D009B1BC0000802,SWM-0802,Mitsubishi Montero Sport,2024,2393.00,Van
803,239,58E62B4F300000803,BVN-0803,Suzuki Ertiga,2011,8784.00,Sedan
804,72,588A1A5E230000804,NNH-0804,Suzuki Ertiga,2019,9115.00,Pickup
805,33,3EDF3744510000805,FJS-0805,Honda CR-V,2013,14062.00,Hatchback
806,394,89BF0E000A0000806,RDS-0806,Ford Ranger,2024,4323.00,Hatchback
807,194,13A16314E40000807,DVM-0807,Suzuki Ertiga,2011,9532.00,SUV
808,372,65D02304CF0000808,VJJ-0808,Mitsubishi Montero Sport,2012,5730.00,SUV
809,405,B1AA5D262C0000809,XGF-0809,Isuzu D-Max,2023,13334.00,Pickup
810,326,3F95F7CA6C0000810,NTG-0810,Nissan Navara,2025,4329.00,SUV
811,130,F8BA82ED470000811,MIO-0811,Hyundai Accent,2011,9169.00,SUV
812,418,7F33858AB80000812,NCD-0812,Mitsubishi Montero Sport,2014,13609.00,Sedan
813,63,BEDF320F350000813,HWL-0813,Toyota Vios,2016,12054.00,Pickup
814,66,EFAD829A1C0000814,WCQ-0814,Isuzu D-Max,2016,7615.00,SUV
815,123,64B47D04D80000815,KIX-0815,Mitsubishi Montero Sport,2023,2956.00,Pickup
816,386,D4E26F38F40000816,OZX-0816,Toyota Fortuner,2020,4308.00,Hatchback
817,474,2885BB49690000817,IOS-0817,Suzuki Ertiga,2026,8178.00,Van
818,421,55AF6302140000818,HMK-0818,Honda CR-V,2019,3355.00,Crossover
819,85,F337A8354F0000819,AEF-0819,Toyota Fortuner,2024,14306.00,SUV
820,152,6F37AA5D080000820,ZTH-0820,Nissan Navara,2015,1506.00,Hatchback
821,95,5B57E40CE30000821,PUP-0821,Toyota Vios,2021,9063.00,Pickup
822,22,91EEF22BC90000822,OWQ-0822,Toyota Vios,2012,9021.00,SUV
823,159,CFE446FF7D0000823,EPW-0823,Isuzu D-Max,2023,11796.00,Hatchback
824,178,4B44CD749D0000824,XCM-0824,Isuzu D-Max,2024,1349.00,Pickup
825,450,B30F70802A0000825,IPW-0825,Honda Civic,2013,5372.00,Hatchback
826,138,0B0A147AE10000826,NGS-0826,Hyundai Accent,2025,4277.00,Sedan
827,239,5088F849550000827,XGT-0827,Mitsubishi Montero Sport,2025,2436.00,Pickup
828,5,0BCE78CA390000828,NCZ-0828,Toyota Fortuner,2010,14351.00,Crossover
829,185,B02DBF4BCC0000829,ZHP-0829,Honda Civic,2025,10135.00,Van
830,249,072CFA03DE0000830,GOV-0830,Mitsubishi Montero Sport,2025,11510.00,Crossover
831,244,5FADED17E20000831,CKN-0831,Toyota Fortuner,2014,8792.00,Hatchback
832,375,E02519AFFD0000832,MQZ-0832,Ford Ranger,2020,3836.00,Pickup
833,325,0F79A566540000833,IAB-0833,Suzuki Ertiga,2017,1400.00,SUV
834,463,D4B9418D180000834,FBV-0834,Toyota Fortuner,2023,1528.00,Crossover
835,424,C542999ACB0000835,RBR-0835,Toyota Fortuner,2020,9807.00,SUV
836,209,67B8CE0D890000836,YIC-0836,Toyota Vios,2026,13605.00,Hatchback
837,471,6C8C9902880000837,CZW-0837,Toyota Fortuner,2012,4446.00,Sedan
838,257,16F2762AF30000838,JYA-0838,Toyota Vios,2016,6567.00,Pickup
839,468,9A02531C060000839,IRR-0839,Hyundai Accent,2020,4867.00,Hatchback
840,16,A15D16CE8D0000840,CUE-0840,Hyundai Accent,2016,14476.00,SUV
841,218,FFD987ACFF0000841,SRV-0841,Nissan Navara,2026,4252.00,Crossover
842,338,F70CF0EF7A0000842,ZFT-0842,Toyota Vios,2013,10916.00,Hatchback
843,309,0DCA377CF30000843,XZE-0843,Hyundai Accent,2019,8354.00,Hatchback
844,226,F0E4CEB2A20000844,UYV-0844,Isuzu D-Max,2019,5512.00,Hatchback
845,85,B59EAB82920000845,PSH-0845,Nissan Navara,2021,12767.00,SUV
846,417,3F0B887E360000846,ZZR-0846,Hyundai Accent,2013,7900.00,Sedan
847,175,86DA351BCA0000847,MMR-0847,Toyota Fortuner,2018,6849.00,Pickup
848,27,382ABA21A40000848,HUG-0848,Toyota Fortuner,2025,14950.00,Van
849,236,BD11F3ED3B0000849,XNZ-0849,Nissan Navara,2025,9472.00,SUV
850,6,3622E6E1C40000850,RLE-0850,Honda Civic,2026,10174.00,Sedan
851,84,F9F0B59CA10000851,KQS-0851,Honda CR-V,2022,1651.00,Pickup
852,279,C80FDDF52C0000852,JNT-0852,Ford Ranger,2023,10277.00,SUV
853,205,E21D97B9AE0000853,AXB-0853,Ford Ranger,2011,3312.00,SUV
854,291,6AAECA47BA0000854,ASD-0854,Honda CR-V,2010,13055.00,Sedan
855,460,8832989DEC0000855,ZTN-0855,Hyundai Accent,2024,1312.00,Van
856,102,F7315DF5220000856,QZI-0856,Nissan Navara,2010,4015.00,SUV
857,215,7E7D756EFA0000857,UOH-0857,Toyota Fortuner,2026,2814.00,Pickup
858,177,A053722F380000858,DNZ-0858,Honda CR-V,2010,9175.00,SUV
859,423,CCFEA6D9CF0000859,GOF-0859,Honda Civic,2016,6844.00,Crossover
860,207,E254D5C91B0000860,ZPX-0860,Toyota Fortuner,2023,4444.00,Crossover
861,126,3EE38865FB0000861,IQT-0861,Toyota Fortuner,2018,11779.00,Hatchback
862,458,81114BEE140000862,TWZ-0862,Toyota Fortuner,2013,8963.00,Pickup
863,16,1DB0A001F90000863,JTV-0863,Toyota Fortuner,2021,5452.00,Sedan
864,214,24C3DA2BFF0000864,SWE-0864,Suzuki Ertiga,2014,10967.00,Sedan
865,15,6479947E2B0000865,CUO-0865,Nissan Navara,2011,6405.00,Pickup
866,66,4220D2107F0000866,ZNS-0866,Nissan Navara,2010,8464.00,Crossover
867,58,F19B4A21860000867,QHG-0867,Suzuki Ertiga,2019,1627.00,Pickup
868,50,6F6DAB92C80000868,VCO-0868,Ford Ranger,2024,7086.00,Pickup
869,20,9D4FE782F50000869,MSL-0869,Hyundai Accent,2016,10949.00,Pickup
870,202,046523922A0000870,FDZ-0870,Hyundai Accent,2010,8405.00,Pickup
871,140,8EBA02FB180000871,QKV-0871,Ford Ranger,2018,13849.00,Van
872,152,43244BBD730000872,SOV-0872,Ford Ranger,2019,6242.00,Sedan
873,1,18490910340000873,FKK-0873,Hyundai Accent,2025,5242.00,SUV
874,144,0119B607900000874,OIZ-0874,Hyundai Accent,2021,9493.00,SUV
875,375,35AA0ED8530000875,GHO-0875,Toyota Fortuner,2019,6115.00,Van
876,311,9D6E1AAB360000876,NVC-0876,Isuzu D-Max,2024,10961.00,Pickup
877,210,34116E73F10000877,KVW-0877,Ford Ranger,2014,12888.00,Sedan
878,120,0A42650AE20000878,BVK-0878,Nissan Navara,2022,8547.00,SUV
879,114,F53368977C0000879,NZO-0879,Honda Civic,2016,1575.00,Hatchback
880,82,226866BE160000880,LBI-0880,Honda CR-V,2012,6161.00,Pickup
881,103,1DA1C612400000881,ZPK-0881,Nissan Navara,2011,4261.00,SUV
882,399,A31AFF7D650000882,ZLG-0882,Nissan Navara,2010,6427.00,Crossover
883,159,3712BB3A7A0000883,WTG-0883,Ford Ranger,2017,2669.00,Van
884,489,037816D47C0000884,KVX-0884,Toyota Fortuner,2018,10636.00,Sedan
885,493,AC36C2B9600000885,YJV-0885,Isuzu D-Max,2016,6000.00,Hatchback
886,250,6D303653900000886,AFD-0886,Mitsubishi Montero Sport,2012,7875.00,Hatchback
887,444,8F3317565D0000887,WBJ-0887,Honda Civic,2025,2168.00,Hatchback
888,292,2588BA9C1A0000888,HUK-0888,Ford Ranger,2024,12331.00,Hatchback
889,378,D202D4D7610000889,UHA-0889,Honda Civic,2025,14533.00,SUV
890,200,4844316C830000890,PIU-0890,Toyota Fortuner,2013,5815.00,Crossover
891,120,EB455242FD0000891,MOZ-0891,Suzuki Ertiga,2013,6188.00,Pickup
892,347,ABC0B572740000892,EDM-0892,Mitsubishi Montero Sport,2019,2523.00,Hatchback
893,117,FF975979300000893,XQN-0893,Suzuki Ertiga,2022,8938.00,Crossover
894,40,73028FD3DE0000894,PDP-0894,Suzuki Ertiga,2025,1892.00,Sedan
895,218,FF7AA2506B0000895,RPG-0895,Honda Civic,2017,13752.00,Pickup
896,262,93638DEB910000896,ARD-0896,Honda Civic,2012,9693.00,SUV
897,459,C1B26B2C030000897,QRX-0897,Mitsubishi Montero Sport,2017,10765.00,Hatchback
898,174,0F68BE44A50000898,KSS-0898,Honda CR-V,2023,1881.00,Pickup
899,178,D239755B700000899,NYI-0899,Honda Civic,2025,7444.00,SUV
900,59,D46022A5B70000900,HIG-0900,Mitsubishi Montero Sport,2026,4156.00,Sedan
901,39,BBB13BFF710000901,FHO-0901,Suzuki Ertiga,2021,8993.00,Hatchback
902,153,A1F2CA61FF0000902,HIK-0902,Mitsubishi Montero Sport,2010,14905.00,Van
903,35,9E26D3D92E0000903,XDC-0903,Suzuki Ertiga,2024,13027.00,Pickup
904,169,C6CD5D28A10000904,NCK-0904,Honda Civic,2023,3358.00,SUV
905,254,96B39981E50000905,VYV-0905,Honda CR-V,2010,3940.00,Crossover
906,138,F9B18E1EFE0000906,VSD-0906,Isuzu D-Max,2025,11139.00,SUV
907,273,50C0E5CBB80000907,RYJ-0907,Honda Civic,2010,1496.00,Pickup
908,210,B52268672B0000908,WYG-0908,Nissan Navara,2017,6401.00,Van
909,239,1E3F0ABBE10000909,CYS-0909,Isuzu D-Max,2024,3574.00,Van
910,39,4C5E5BD6820000910,QUK-0910,Nissan Navara,2010,11627.00,Hatchback
911,190,0BA4E542580000911,LKY-0911,Hyundai Accent,2016,6433.00,Van
912,5,3A4C3DA1B00000912,VOJ-0912,Ford Ranger,2019,5767.00,SUV
913,103,B6E35161230000913,DOD-0913,Nissan Navara,2020,2251.00,SUV
914,445,251ADAFAF30000914,CUP-0914,Mitsubishi Montero Sport,2023,12103.00,Pickup
915,492,77E6E29B050000915,NOC-0915,Toyota Fortuner,2026,7470.00,Hatchback
916,34,ADCB86D0840000916,ZWD-0916,Honda CR-V,2015,9780.00,Sedan
917,450,5D0B4081300000917,BKY-0917,Suzuki Ertiga,2024,7064.00,Crossover
918,2,17E88AAA170000918,KRS-0918,Ford Ranger,2013,5870.00,SUV
919,34,32677FD0870000919,YZE-0919,Hyundai Accent,2019,2476.00,Hatchback
920,246,5343891BA00000920,VPD-0920,Isuzu D-Max,2016,12113.00,Sedan
921,17,6CEC27E56A0000921,NJA-0921,Toyota Vios,2020,4035.00,Crossover
922,412,27AC9307820000922,ZMA-0922,Ford Ranger,2025,9199.00,Van
923,208,B42D6B89260000923,BEX-0923,Isuzu D-Max,2010,4384.00,Van
924,370,6837767DE70000924,DIK-0924,Toyota Fortuner,2019,1438.00,Sedan
925,112,1FA2F3B4D50000925,YFB-0925,Nissan Navara,2024,5961.00,Pickup
926,228,9B6C0F980A0000926,RYT-0926,Honda Civic,2012,3828.00,Sedan
927,54,1D076DBD580000927,AAD-0927,Suzuki Ertiga,2012,6994.00,Van
928,398,662953997C0000928,PBF-0928,Nissan Navara,2011,13626.00,SUV
929,387,AF42B1E5CC0000929,WFV-0929,Toyota Vios,2012,10116.00,Pickup
930,36,0954F0013D0000930,FXC-0930,Mitsubishi Montero Sport,2016,11797.00,Pickup
931,247,E6A3C39E8F0000931,FII-0931,Hyundai Accent,2016,14650.00,Crossover
932,355,5715E9A8D40000932,MTQ-0932,Hyundai Accent,2018,12221.00,Hatchback
933,429,66101518AE0000933,PGC-0933,Isuzu D-Max,2010,13868.00,Hatchback
934,324,56AEBA9D9C0000934,IFI-0934,Mitsubishi Montero Sport,2025,13140.00,Van
935,317,4A16A1C0030000935,ZOE-0935,Honda CR-V,2020,12606.00,Sedan
936,407,106207A26B0000936,GTH-0936,Toyota Vios,2010,14878.00,Van
937,364,4A3687ECD80000937,ICL-0937,Mitsubishi Montero Sport,2025,10453.00,Sedan
938,166,C3D6FDEBC00000938,VZJ-0938,Toyota Vios,2012,9725.00,Crossover
939,241,EEB17E1FB60000939,PRA-0939,Honda CR-V,2019,13509.00,SUV
940,158,0B3C5012D90000940,ADX-0940,Honda Civic,2013,13846.00,Crossover
941,299,41EB7C86770000941,GZS-0941,Isuzu D-Max,2014,14553.00,SUV
942,36,03BB10AE7A0000942,QUL-0942,Isuzu D-Max,2013,1632.00,Van
943,133,495D8B54FE0000943,UAR-0943,Honda Civic,2017,1649.00,Crossover
944,406,081ACEFE450000944,QAM-0944,Isuzu D-Max,2025,13218.00,Sedan
945,337,2A4F253E7E0000945,MDG-0945,Toyota Vios,2021,1884.00,Pickup
946,388,012FDE1EF70000946,TEV-0946,Suzuki Ertiga,2022,10219.00,Hatchback
947,77,E6207C85850000947,CXF-0947,Toyota Vios,2015,12369.00,SUV
948,311,0858363E370000948,UAI-0948,Hyundai Accent,2021,1136.00,SUV
949,209,30792A6BC10000949,XQS-0949,Honda CR-V,2010,2638.00,Pickup
950,101,33C694CA180000950,UHD-0950,Isuzu D-Max,2016,1298.00,Pickup
951,356,0CA47D500E0000951,QUG-0951,Toyota Fortuner,2018,3411.00,Van
952,307,24E225D4740000952,CPL-0952,Isuzu D-Max,2011,13233.00,Sedan
953,94,D66D70D6180000953,GTR-0953,Honda Civic,2023,10905.00,SUV
954,177,7FBF25C1010000954,KEC-0954,Ford Ranger,2013,14997.00,Van
955,294,58AE6245E90000955,PQM-0955,Mitsubishi Montero Sport,2011,10207.00,Crossover
956,78,49DAF7DE850000956,RAZ-0956,Suzuki Ertiga,2026,4665.00,Van
957,421,3644B34DC70000957,VKT-0957,Hyundai Accent,2018,5561.00,Hatchback
958,338,68712267DA0000958,BSC-0958,Nissan Navara,2017,8009.00,Crossover
959,28,17CEF1C6560000959,EZB-0959,Isuzu D-Max,2017,5005.00,Sedan
960,379,8A0C0ABA950000960,ZBZ-0960,Suzuki Ertiga,2011,10045.00,Pickup
961,436,BB185C1D880000961,LAW-0961,Ford Ranger,2013,5963.00,SUV
962,354,6975552D020000962,MJY-0962,Honda CR-V,2017,12698.00,Van
963,324,788C10FFF70000963,LKU-0963,Suzuki Ertiga,2010,11551.00,Van
964,80,1E5F3986210000964,ZMX-0964,Honda CR-V,2020,11510.00,Van
965,164,1FB63684400000965,EMS-0965,Toyota Fortuner,2010,6795.00,Hatchback
966,474,2E1F8F0A740000966,WYF-0966,Honda CR-V,2021,7210.00,Hatchback
967,432,47AC5A70A60000967,XGH-0967,Toyota Vios,2015,13283.00,Van
968,212,AB078031BF0000968,SDC-0968,Ford Ranger,2017,9109.00,Pickup
969,315,552F19F8440000969,RWK-0969,Ford Ranger,2020,1766.00,Van
970,439,94C1E80C750000970,AUL-0970,Ford Ranger,2017,7477.00,Sedan
971,259,9B0F963E570000971,KFS-0971,Suzuki Ertiga,2019,7544.00,Van
972,102,F1F2E538350000972,IVU-0972,Isuzu D-Max,2021,7896.00,Sedan
973,86,2BEB042BAB0000973,SEG-0973,Honda CR-V,2021,13266.00,Hatchback
974,116,F7D3B3AA930000974,IVR-0974,Mitsubishi Montero Sport,2022,11527.00,Van
975,307,3A92872EB80000975,QHC-0975,Isuzu D-Max,2019,11938.00,Crossover
976,239,4EA18C68000000976,KRA-0976,Suzuki Ertiga,2013,11015.00,Crossover
977,449,447CE9CB610000977,PVL-0977,Isuzu D-Max,2011,11749.00,SUV
978,243,8BD2EDC1E30000978,GUF-0978,Ford Ranger,2019,1614.00,Van
979,284,177E7774CB0000979,OMG-0979,Isuzu D-Max,2015,6318.00,Van
980,23,4CD88637250000980,WLW-0980,Nissan Navara,2017,14809.00,Sedan
981,315,BBA487C03D0000981,BOW-0981,Toyota Vios,2026,13719.00,Sedan
982,174,3297BB5BB30000982,JUG-0982,Toyota Vios,2012,6845.00,SUV
983,323,65941EC1BE0000983,MNM-0983,Mitsubishi Montero Sport,2013,9766.00,Pickup
984,275,88E2E06C670000984,OWO-0984,Honda CR-V,2017,12063.00,SUV
985,350,125F4DFDA10000985,BTQ-0985,Honda Civic,2019,6800.00,SUV
986,333,FDECE026C70000986,ZQN-0986,Ford Ranger,2014,8376.00,Crossover
987,332,27B94DCCDF0000987,SEK-0987,Honda CR-V,2016,9030.00,Van
988,3,422D1042E20000988,JGR-0988,Toyota Fortuner,2011,14400.00,Van
989,77,AC6EC70A190000989,ZBT-0989,Toyota Vios,2022,9532.00,SUV
990,225,D557E3FE7C0000990,UON-0990,Ford Ranger,2019,13542.00,Crossover
991,151,36A97784620000991,OQT-0991,Isuzu D-Max,2018,7212.00,Pickup
992,178,D672CDE74A0000992,ZNE-0992,Honda Civic,2019,12952.00,Hatchback
993,360,E48F838DC30000993,OQQ-0993,Toyota Fortuner,2012,6071.00,Hatchback
994,472,2F9527AF080000994,YOZ-0994,Nissan Navara,2013,4030.00,Van
995,482,33F5E91C850000995,MYM-0995,Toyota Fortuner,2011,13411.00,Van
996,439,C6E54B66200000996,UYA-0996,Toyota Vios,2018,11181.00,Pickup
997,8,2EC2C44A3E0000997,JRI-0997,Toyota Vios,2014,13741.00,SUV
998,296,2523D18A9F0000998,XCA-0998,Hyundai Accent,2020,12201.00,Sedan
999,319,7A93792B0E0000999,SOM-0999,Toyota Vios,2017,2635.00,Pickup
1000,153,F42899D82D0001000,EYL-1000,Honda CR-V,2013,13249.00,Hatchback
1001,501,SB0342C9A7B001501,HTC-6003,Nissan Almera,2026,5955.35,Hatchback
1002,502,SB2FD5D41EC001502,ITC-6005,Kia Soluto,2024,21297.16,Sedan
1003,503,SBE327B1649001503,JTC-6007,Honda City,2023,26694.49,Sedan
1004,504,SBC7502C55F001504,KTC-6009,Toyota Wigo,2024,18380.20,Crossover
1005,505,SB744878FBD001505,LTC-6011,Kia Picanto,2024,14169.82,Hatchback
1006,506,SBF466E84E4001506,MTC-6013,Nissan Almera,2025,1157.39,Sedan
1007,507,SB785736838001507,NTC-6015,Mitsubishi Mirage,2025,28280.64,SUV
1008,508,SBA4BD4D2B1001508,OTC-6017,Nissan Almera,2025,19734.54,Sedan
1009,509,SB237168031001509,PTC-6019,Honda City,2023,26393.98,Crossover
1010,510,SB48F7D3043001510,QTC-6021,Honda Brio,2021,6171.68,Sedan
1011,511,SB250B164D8001511,RTC-6023,Suzuki Dzire,2024,15373.42,Crossover
1012,512,SB70F250E2D001512,STC-6025,Honda Brio,2022,11910.26,Hatchback
1013,513,SB8744CF92C001513,TTC-6027,Suzuki Swift,2025,8622.14,Hatchback
1014,514,SB130EA9388001514,UTC-6029,Toyota Wigo,2026,16287.52,Sedan
1015,515,SB717D8B3D6001515,VTC-6031,Toyota Vios,2023,7205.63,Sedan
1016,516,SB8452A95C4001516,WTC-6033,Honda City,2023,14950.81,Sedan
1017,517,SB9161AB7A1001517,XTC-6035,Hyundai Accent,2025,21437.28,SUV
1018,518,SB3B7D09DAC001518,YTC-6037,Suzuki Dzire,2022,19955.98,Sedan
1019,519,SB9B523B0C9001519,ZTC-6039,Honda City,2022,5712.70,Sedan
1020,520,SBF50C7035E001520,AUC-6041,Kia Picanto,2021,24480.37,Hatchback
1021,521,SB8EF0327D2001521,BUC-6043,Kia Picanto,2026,15494.61,Sedan
1022,522,SB3FF31B217001522,CUC-6045,Suzuki Dzire,2024,7189.40,Sedan
1023,523,SBA24281A03001523,DUC-6047,Toyota Yaris,2021,16449.85,Crossover
1024,524,SBD14FE370B001524,EUC-6049,Kia Picanto,2026,25220.06,Crossover
1025,525,SB6FE432699001525,FUC-6051,Hyundai Accent,2025,25896.64,Crossover
1026,526,SBC6943E764001526,GUC-6053,Kia Picanto,2026,21935.09,Sedan
1027,527,SB08AAC6AC9001527,HUC-6055,Hyundai Accent,2023,25441.83,Hatchback
1028,528,SB980B2E71A001528,IUC-6057,Honda City,2022,19119.60,Sedan
1029,529,SBBE3087E74001529,JUC-6059,Kia Soluto,2025,29028.92,Crossover
1030,530,SBB27D5296B001530,KUC-6061,Hyundai Accent,2021,19602.62,Hatchback
1031,531,SBBE3B0B544001531,LUC-6063,Kia Soluto,2025,27499.28,Crossover
1032,532,SB8DA57FAC3001532,MUC-6065,Kia Soluto,2023,13076.91,Hatchback
1033,533,SB78DAAB4F4001533,NUC-6067,Toyota Wigo,2023,28726.30,SUV
1034,534,SBCF5530D9E001534,OUC-6069,Suzuki Dzire,2022,20837.18,Hatchback
1035,535,SBB5C24AB1D001535,PUC-6071,Kia Soluto,2023,15429.75,Sedan
1036,536,SBA64A034C3001536,QUC-6073,Mitsubishi Mirage,2023,27560.69,Hatchback
1037,537,SB78719F11F001537,RUC-6075,Hyundai Accent,2021,27440.55,SUV
1038,538,SB484A231D0001538,SUC-6077,Suzuki Dzire,2025,26275.32,SUV
1039,539,SB783600913001539,TUC-6079,Nissan Almera,2025,10645.33,SUV
1040,540,SB3AB6BE46E001540,UUC-6081,Kia Soluto,2026,13941.08,Hatchback
1041,541,SB3BC71FAEB001541,VUC-6083,Nissan Almera,2026,17018.72,SUV
1042,542,SB07DBD9A18001542,WUC-6085,Honda Brio,2021,11872.50,SUV
1043,543,SBF18224A1A001543,XUC-6087,Suzuki Dzire,2022,11218.61,Hatchback
1044,544,SBD96EED180001544,YUC-6089,Kia Picanto,2023,1175.05,Sedan
1045,545,SB95A7E4252001545,ZUC-6091,Kia Soluto,2026,10415.44,Crossover
1046,546,SBB9009BEB8001546,AVC-6093,Kia Soluto,2025,17637.69,Hatchback
1047,547,SB82836CA59001547,BVC-6095,Nissan Almera,2025,14075.35,Sedan
1048,548,SB24F2F931F001548,CVC-6097,Toyota Yaris,2026,24707.74,Sedan
1049,549,SB1BC2029A8001549,DVC-6099,Honda City,2021,17320.35,Hatchback
1050,550,SB48DB71587001550,EVC-6101,Mitsubishi Mirage,2022,24060.27,Sedan
1051,551,SB3CC697419001551,FVC-6103,Hyundai Accent,2025,6608.59,Sedan
1052,552,SB8A94ECFA5001552,GVC-6105,Toyota Wigo,2022,23277.19,Crossover
1053,553,SBD5A28F818001553,HVC-6107,Kia Soluto,2021,19124.85,Hatchback
1054,554,SB1C63926EB001554,IVC-6109,Nissan Almera,2024,11752.62,SUV
1055,555,SB386854131001555,JVC-6111,Honda Brio,2026,15294.68,SUV
1056,556,SB5CB22B6AD001556,KVC-6113,Suzuki Dzire,2025,27814.63,Sedan
1057,557,SB3366297A6001557,LVC-6115,Kia Soluto,2022,14652.11,Hatchback
1058,558,SBA084F26F6001558,MVC-6117,Mitsubishi Mirage,2021,18159.15,Crossover
1059,559,SB217B4C718001559,NVC-6119,Toyota Yaris,2021,21426.73,Crossover
1060,560,SB832635D69001560,OVC-6121,Toyota Wigo,2023,22787.14,Sedan
1061,561,SB01846AE47001561,PVC-6123,Kia Picanto,2021,8127.27,Hatchback
1062,562,SB249338E60001562,QVC-6125,Toyota Vios,2026,29563.37,Crossover
1063,563,SBCACBF64B8001563,RVC-6127,Kia Soluto,2024,20722.86,SUV
1064,564,SB48FBAB000001564,SVC-6129,Toyota Yaris,2026,26530.70,Hatchback
1065,565,SB9B2E035E5001565,TVC-6131,Toyota Wigo,2025,1989.12,SUV
1066,566,SB0C4B1EEB4001566,UVC-6133,Suzuki Swift,2021,23353.91,Hatchback
1067,567,SB63A8F9E30001567,VVC-6135,Mitsubishi Mirage,2022,8171.45,Hatchback
1068,568,SBB47682899001568,WVC-6137,Nissan Almera,2021,26468.69,Sedan
1069,569,SB87784ECA6001569,XVC-6139,Mitsubishi Mirage,2026,4400.48,Crossover
1070,570,SBBAC49B876001570,YVC-6141,Kia Soluto,2026,4717.09,Crossover
1071,571,SBC10F48884001571,ZVC-6143,Suzuki Swift,2024,14048.91,Crossover
1072,572,SB5A66B9200001572,AWC-6145,Nissan Almera,2022,24793.70,Sedan
1073,573,SB164BF317E001573,BWC-6147,Suzuki Dzire,2025,10079.98,Sedan
1074,574,SBEDEA29844001574,CWC-6149,Nissan Almera,2021,29850.00,SUV
1075,575,SBA4C42BFD5001575,DWC-6151,Hyundai Accent,2021,29963.79,Sedan
1076,576,SB81CACBB44001576,EWC-6153,Toyota Yaris,2026,5555.20,Crossover
1077,577,SBD156D4836001577,FWC-6155,Kia Picanto,2024,9285.25,Sedan
1078,578,SB8E2C381D4001578,GWC-6157,Suzuki Swift,2024,16825.76,Hatchback
1079,579,SB05B0AFD26001579,HWC-6159,Kia Picanto,2025,17074.80,SUV
1080,580,SB1CE4FE042001580,IWC-6161,Nissan Almera,2021,7851.82,Hatchback
1081,581,SBBDC8B08CA001581,JWC-6163,Nissan Almera,2024,14036.69,Crossover
1082,582,SB926C11CC0001582,KWC-6165,Honda Brio,2026,20109.88,Sedan
1083,583,SB228669109001583,LWC-6167,Suzuki Dzire,2025,15523.98,Crossover
1084,584,SB5FC34ED30001584,MWC-6169,Kia Soluto,2024,2064.53,SUV
1085,585,SB2AEC405D4001585,NWC-6171,Nissan Almera,2022,18954.79,Crossover
1086,586,SBCCDF3864E001586,OWC-6173,Nissan Almera,2025,27518.66,Hatchback
1087,587,SB07BBA581A001587,PWC-6175,Toyota Vios,2022,23575.74,Sedan
1088,588,SB6D378765F001588,QWC-6177,Mitsubishi Mirage,2023,1346.04,SUV
1089,589,SB3D9DABE52001589,RWC-6179,Kia Picanto,2026,2062.60,Hatchback
1090,590,SBF4661398C001590,SWC-6181,Toyota Vios,2021,28011.09,Crossover
1091,591,SB84A955D5F001591,TWC-6183,Suzuki Swift,2021,4652.15,SUV
1092,592,SBB59442085001592,UWC-6185,Suzuki Dzire,2026,8261.13,Hatchback
1093,593,SBAA1B6B26D001593,VWC-6187,Kia Picanto,2026,10805.26,SUV
1094,594,SBE0B60D939001594,WWC-6189,Honda Brio,2026,24656.39,SUV
1095,595,SB800B03685001595,XWC-6191,Honda City,2021,3382.93,Hatchback
1096,596,SB094366EAA001596,YWC-6193,Nissan Almera,2024,12054.62,Sedan
1097,597,SB73983C019001597,ZWC-6195,Toyota Vios,2025,12241.41,Sedan
1098,598,SBABB9D15B3001598,AXC-6197,Kia Picanto,2021,27067.28,Hatchback
1099,599,SBC0356641F001599,BXC-6199,Hyundai Accent,2026,24488.02,Hatchback
1100,600,SBEA1818CBE001600,CXC-6201,Toyota Wigo,2026,6773.36,Hatchback
1101,601,SBE3B80D30A001601,DXC-6203,Suzuki Swift,2024,4232.98,SUV
1102,602,SBB075703BB001602,EXC-6205,Toyota Wigo,2024,29458.42,Sedan
1103,603,SBB56EA7B6A001603,FXC-6207,Suzuki Dzire,2021,27782.13,Sedan
1104,604,SB58EE2794C001604,GXC-6209,Kia Picanto,2026,14442.64,Hatchback
1105,605,SB1D0932D7F001605,HXC-6211,Toyota Vios,2023,9740.24,Hatchback
1106,606,SBA775361D1001606,IXC-6213,Kia Picanto,2023,2925.41,Sedan
1107,607,SB7FA1575CB001607,JXC-6215,Toyota Yaris,2026,7678.54,SUV
1108,608,SBADF854F41001608,KXC-6217,Kia Picanto,2025,18553.47,Crossover
1109,609,SBA4E858C15001609,LXC-6219,Nissan Almera,2023,10716.18,Hatchback
1110,610,SB2CFA47A65001610,MXC-6221,Toyota Vios,2021,28570.05,Hatchback
1111,611,SB721E049E9001611,NXC-6223,Honda Brio,2024,27111.73,SUV
1112,612,SB03FCD68E5001612,OXC-6225,Toyota Wigo,2021,17657.46,Hatchback
1113,613,SB392526094001613,PXC-6227,Toyota Vios,2024,18151.01,Sedan
1114,614,SB13D2B7361001614,QXC-6229,Toyota Yaris,2026,1823.33,Crossover
1115,615,SB761B42CFF001615,RXC-6231,Toyota Wigo,2024,13615.08,Sedan
1116,616,SB5BF73BC6C001616,SXC-6233,Toyota Wigo,2025,14101.74,Crossover
1117,617,SBB5D3AD899001617,TXC-6235,Kia Soluto,2021,12235.38,Crossover
1118,618,SB7873B66CA001618,UXC-6237,Kia Picanto,2024,26632.39,Sedan
1119,619,SB9D4C03631001619,VXC-6239,Nissan Almera,2025,2879.10,SUV
1120,620,SBE0CD3F16F001620,WXC-6241,Kia Picanto,2025,9038.69,Crossover
1121,621,SB0F34132B1001621,XXC-6243,Honda City,2022,13667.53,Sedan
1122,622,SBABD987257001622,YXC-6245,Kia Soluto,2024,9591.44,SUV
1123,623,SB0A17AD0FA001623,ZXC-6247,Kia Picanto,2022,15496.45,SUV
1124,624,SB154F596A0001624,AYC-6249,Honda Brio,2026,28336.01,Hatchback
1125,625,SB9AC1382FD001625,BYC-6251,Hyundai Accent,2025,6281.81,Hatchback
1126,626,SBAFF82E881001626,CYC-6253,Toyota Yaris,2024,2380.70,Hatchback
1127,627,SBA1B63B36B001627,DYC-6255,Honda Brio,2021,6722.20,Hatchback
1128,628,SBF86890095001628,EYC-6257,Nissan Almera,2021,3060.79,Hatchback
1129,629,SBC9F029A6A001629,FYC-6259,Toyota Vios,2026,7164.35,SUV
1130,630,SB1DFFEFA65001630,GYC-6261,Nissan Almera,2023,29972.72,Crossover
1131,631,SBC00193E70001631,HYC-6263,Suzuki Dzire,2022,21349.65,Crossover
1132,632,SB7CB36E235001632,IYC-6265,Mitsubishi Mirage,2024,17482.04,Sedan
1133,633,SB5CC4BB753001633,JYC-6267,Toyota Vios,2022,9228.59,Hatchback
1134,634,SB0ACA829C0001634,KYC-6269,Nissan Almera,2026,12874.71,Hatchback
1135,635,SBC6862D63B001635,LYC-6271,Honda City,2024,9595.45,SUV
1136,636,SB38EB982EE001636,MYC-6273,Suzuki Dzire,2023,16463.24,Sedan
1137,637,SB15825AEE1001637,NYC-6275,Toyota Wigo,2026,19742.16,SUV
1138,638,SBBD4302570001638,OYC-6277,Hyundai Accent,2026,13350.44,Hatchback
1139,639,SBF73A9F957001639,PYC-6279,Mitsubishi Mirage,2021,25284.04,Sedan
1140,640,SB012D9FE15001640,QYC-6281,Honda Brio,2022,5807.27,SUV
1141,641,SB8091588A3001641,RYC-6283,Toyota Vios,2026,28012.51,Hatchback
1142,642,SBEBBDFEA21001642,SYC-6285,Toyota Vios,2021,10452.92,Sedan
1143,643,SBE1DC4BF1F001643,TYC-6287,Hyundai Accent,2022,5976.36,Sedan
1144,644,SB0B07C4AAB001644,UYC-6289,Kia Soluto,2025,3970.23,SUV
1145,645,SB022E0EE51001645,VYC-6291,Toyota Yaris,2024,12712.29,Hatchback
1146,646,SBDEAD35FA1001646,WYC-6293,Kia Picanto,2024,24201.73,Hatchback
1147,647,SBA274315E1001647,XYC-6295,Suzuki Dzire,2023,27355.68,SUV
1148,648,SB959AB9A06001648,YYC-6297,Toyota Wigo,2023,15873.28,Hatchback
1149,649,SBCD17D3CE3001649,ZYC-6299,Toyota Wigo,2021,7641.15,SUV
1150,650,SB692BAEBEC001650,AZC-6301,Toyota Yaris,2023,11515.93,Crossover
1151,651,SBFC2E6A440001651,BZC-6303,Mitsubishi Mirage,2021,12517.02,Sedan
1152,652,SB5B80DC308001652,CZC-6305,Suzuki Dzire,2021,16566.13,Sedan
1153,653,SB0A7D83F08001653,DZC-6307,Hyundai Accent,2022,26319.90,SUV
1154,654,SB751F915C2001654,EZC-6309,Toyota Vios,2024,14837.74,Sedan
1155,655,SB01922CBEA001655,FZC-6311,Mitsubishi Mirage,2021,12938.29,Hatchback
1156,656,SB118BD5580001656,GZC-6313,Mitsubishi Mirage,2022,27810.66,Crossover
1157,657,SBAD0F7A252001657,HZC-6315,Suzuki Dzire,2024,28084.98,Crossover
1158,658,SB7AEE5D5DF001658,IZC-6317,Honda Brio,2025,12884.35,Hatchback
1159,659,SB486FBD761001659,JZC-6319,Kia Picanto,2026,12540.63,Crossover
1160,660,SB7A576629F001660,KZC-6321,Nissan Almera,2023,19087.01,Sedan
1161,661,SB11704817E001661,LZC-6323,Hyundai Accent,2022,5368.49,Hatchback
1162,662,SBD4DF7B623001662,MZC-6325,Suzuki Dzire,2026,27263.36,Sedan
1163,663,SB524F141E1001663,NZC-6327,Nissan Almera,2026,16358.12,SUV
1164,664,SBFCF55A303001664,OZC-6329,Mitsubishi Mirage,2023,5229.73,Sedan
1165,665,SB06CCC6FAC001665,PZC-6331,Kia Picanto,2026,6334.49,Sedan
1166,666,SBD1AC549DB001666,QZC-6333,Suzuki Swift,2024,5895.09,Hatchback
1167,667,SBA1E865A9B001667,RZC-6335,Kia Soluto,2022,7051.79,Hatchback
1168,668,SB65586803F001668,SZC-6337,Suzuki Dzire,2023,28216.66,Crossover
1169,669,SB1E7875CF3001669,TZC-6339,Nissan Almera,2026,7599.38,Hatchback
1170,670,SBE987EFF4A001670,UZC-6341,Toyota Wigo,2021,25649.06,Hatchback
1171,671,SB50982FB2F001671,VZC-6343,Toyota Wigo,2023,27434.54,Sedan
1172,672,SBA0D3973AD001672,WZC-6345,Toyota Yaris,2022,19207.26,Sedan
1173,673,SB0E915DB63001673,XZC-6347,Toyota Wigo,2023,29879.08,Sedan
1174,674,SBC9E37C28C001674,YZC-6349,Honda City,2021,21787.01,SUV
1175,675,SBF77ECC171001675,ZZC-6351,Toyota Vios,2026,7992.93,Crossover
1176,676,SB8AB70731B001676,AAC-6353,Honda Brio,2022,10031.30,SUV
1177,677,SB195F15384001677,BAC-6355,Suzuki Dzire,2023,24614.98,Hatchback
1178,678,SB2A845D4D2001678,CAC-6357,Hyundai Accent,2022,23710.04,Hatchback
1179,679,SB35B50410D001679,DAC-6359,Kia Soluto,2021,4301.57,Sedan
1180,680,SB1FB333BC3001680,EAC-6361,Honda City,2024,28598.73,Crossover
1181,681,SB2ADCFC392001681,FAC-6363,Mitsubishi Mirage,2026,20438.30,Crossover
1182,682,SBBA0A4D6EC001682,GAC-6365,Mitsubishi Mirage,2022,24697.03,Hatchback
1183,683,SB4D0B954F0001683,HAC-6367,Toyota Yaris,2022,6738.80,SUV
1184,684,SB9559FC73B001684,IAC-6369,Toyota Vios,2026,17167.03,Hatchback
1185,685,SB478D04447001685,JAC-6371,Mitsubishi Mirage,2026,14208.24,Sedan
1186,686,SBA957AA962001686,KAC-6373,Honda Brio,2023,17621.48,Crossover
1187,687,SB7EA25C95B001687,LAC-6375,Suzuki Dzire,2024,22806.63,Sedan
1188,688,SB5F6ECC968001688,MAC-6377,Suzuki Dzire,2025,22838.42,Hatchback
1189,689,SB83DA7C539001689,NAC-6379,Toyota Wigo,2026,14872.96,Sedan
1190,690,SB84B64E537001690,OAC-6381,Suzuki Dzire,2023,4517.07,Sedan
1191,691,SBED77EAB0B001691,PAC-6383,Kia Soluto,2024,21805.88,Crossover
1192,692,SB39E98420B001692,QAC-6385,Kia Picanto,2021,9315.45,Hatchback
1193,693,SBC70341DE2001693,RAC-6387,Kia Soluto,2023,22634.64,Hatchback
1194,694,SBAAD64398A001694,SAC-6389,Hyundai Accent,2026,4080.33,Sedan
1195,695,SBF5CFBC876001695,TAC-6391,Toyota Wigo,2025,9098.88,Hatchback
1196,696,SB09779BB79001696,UAC-6393,Toyota Vios,2023,27614.05,Hatchback
1197,697,SB1C280E54C001697,VAC-6395,Kia Picanto,2023,12754.42,Hatchback
1198,698,SB4B0091F82001698,WAC-6397,Kia Soluto,2021,29565.45,Hatchback
1199,699,SB0394EA689001699,XAC-6399,Honda Brio,2025,10407.64,SUV
1200,700,SB5E9D17E41001700,YAC-6401,Kia Picanto,2023,15743.61,Hatchback
1201,701,SB970627414001701,ZAC-6403,Honda City,2021,12856.42,Hatchback
1202,702,SBCF866614B001702,ABC-6405,Honda Brio,2021,17355.79,Hatchback
1203,703,SBB91F5A1E5001703,BBC-6407,Mitsubishi Mirage,2024,17965.10,Hatchback
1204,704,SB7C93EBE87001704,CBC-6409,Toyota Wigo,2021,12742.11,Sedan
1205,705,SBBA3C73666001705,DBC-6411,Kia Picanto,2024,13554.21,Sedan
1206,706,SB6495CF7CA001706,EBC-6413,Kia Picanto,2022,10587.62,SUV
1207,707,SB059D9E011001707,FBC-6415,Honda Brio,2023,23978.32,Sedan
1208,708,SBDF438E520001708,GBC-6417,Toyota Yaris,2025,20298.11,Hatchback
1209,709,SB328347805001709,HBC-6419,Toyota Wigo,2023,9002.17,Sedan
1210,710,SBB33128CB0001710,IBC-6421,Hyundai Accent,2023,24364.52,Sedan
1211,711,SB1AB60B5E8001711,JBC-6423,Honda Brio,2023,21534.32,Hatchback
1212,712,SB738A6457B001712,KBC-6425,Hyundai Accent,2022,6351.28,Sedan
1213,713,SB50E207AB6001713,LBC-6427,Hyundai Accent,2022,13095.51,Crossover
1214,714,SB817C99C48001714,MBC-6429,Kia Soluto,2023,7956.10,SUV
1215,715,SBFC394E993001715,NBC-6431,Honda City,2022,6669.87,Sedan
1216,716,SB8860A4E27001716,OBC-6433,Toyota Yaris,2025,25780.99,Sedan
1217,717,SBA35F4223B001717,PBC-6435,Kia Picanto,2026,20182.43,Sedan
1218,718,SB99C83C904001718,QBC-6437,Toyota Wigo,2025,5447.23,Hatchback
1219,719,SBF06048518001719,RBC-6439,Hyundai Accent,2022,13439.37,Hatchback
1220,720,SBF9AB16852001720,SBC-6441,Toyota Vios,2025,16591.90,Hatchback
1221,721,SBF10F2DA9A001721,TBC-6443,Kia Picanto,2025,14424.48,Sedan
1222,722,SB5ECF33FD9001722,UBC-6445,Honda Brio,2021,17474.29,Hatchback
1223,723,SBB52225971001723,VBC-6447,Honda City,2023,28454.57,SUV
1224,724,SB040D45CCC001724,WBC-6449,Toyota Vios,2021,4930.74,Crossover
1225,725,SB3472AB80B001725,XBC-6451,Honda Brio,2026,10200.89,Sedan
1226,726,SB8346DB44A001726,YBC-6453,Toyota Vios,2023,5838.79,SUV
1227,727,SB52FC2AEE8001727,ZBC-6455,Toyota Wigo,2023,16702.57,Hatchback
1228,728,SB701D80454001728,ACC-6457,Suzuki Dzire,2024,17576.12,Sedan
1229,729,SB3000311CA001729,BCC-6459,Hyundai Accent,2023,21898.63,Hatchback
1230,730,SB9C779F56F001730,CCC-6461,Honda City,2026,2397.95,Sedan
1231,731,SBC7B037829001731,DCC-6463,Kia Picanto,2024,17571.60,Crossover
1232,732,SBC2C701FE3001732,ECC-6465,Toyota Yaris,2025,5514.32,Hatchback
1233,733,SBAC64504CC001733,FCC-6467,Kia Soluto,2023,3058.21,Hatchback
1234,734,SB40F6992C3001734,GCC-6469,Suzuki Swift,2025,27999.62,Sedan
1235,735,SBA18AD9F9B001735,HCC-6471,Mitsubishi Mirage,2021,23560.98,Hatchback
1236,736,SB3E9F7C16B001736,ICC-6473,Nissan Almera,2026,18548.36,Sedan
1237,737,SB0D46839F6001737,JCC-6475,Kia Soluto,2021,13183.04,SUV
1238,738,SB64DE16663001738,KCC-6477,Kia Picanto,2021,18066.81,Hatchback
1239,739,SB88CF91A1A001739,LCC-6479,Toyota Vios,2025,12555.78,Hatchback
1240,740,SB9B91D245C001740,MCC-6481,Suzuki Dzire,2021,2875.96,Hatchback
1241,741,SB8BE6ADAE5001741,NCC-6483,Honda City,2026,14914.04,Sedan
1242,742,SBB9ACB4AE6001742,OCC-6485,Toyota Wigo,2022,11583.45,Sedan
1243,743,SB51C68DC08001743,PCC-6487,Honda City,2023,11734.81,Sedan
1244,744,SBE35D7A576001744,QCC-6489,Kia Soluto,2022,12669.57,Crossover
1245,745,SBD11509055001745,RCC-6491,Toyota Yaris,2024,12233.04,Hatchback
1246,746,SBC5AD7D5C8001746,SCC-6493,Kia Soluto,2021,2951.22,Sedan
1247,747,SB1E591403F001747,TCC-6495,Toyota Vios,2021,12738.65,Hatchback
1248,748,SB8860E834A001748,UCC-6497,Suzuki Swift,2023,14708.37,Hatchback
1249,749,SBA46B6B588001749,VCC-6499,Toyota Wigo,2026,9536.82,Sedan
1250,750,SB21E8CADBA001750,WCC-6501,Toyota Wigo,2021,20923.06,Hatchback
1251,751,SB1E44FDF9C001751,XCC-6503,Honda City,2022,23135.00,Sedan
1252,752,SBE1E1F667C001752,YCC-6505,Toyota Yaris,2025,10805.98,Sedan
1253,753,SB021F6DD88001753,ZCC-6507,Suzuki Swift,2021,5037.22,Hatchback
1254,754,SB8900FAAAF001754,ADC-6509,Nissan Almera,2023,28083.68,Hatchback
1255,755,SB44E76E99B001755,BDC-6511,Kia Picanto,2023,21865.69,Sedan
1256,756,SB17256F049001756,CDC-6513,Hyundai Accent,2026,24025.06,SUV
1257,757,SB25702D423001757,DDC-6515,Toyota Vios,2021,15898.36,Sedan
1258,758,SB0B794A037001758,EDC-6517,Nissan Almera,2022,27143.46,Crossover
1259,759,SB274231193001759,FDC-6519,Kia Soluto,2023,10354.80,Crossover
1260,760,SB43207FD5E001760,GDC-6521,Suzuki Dzire,2024,28713.30,Sedan
1261,761,SBF12A6A747001761,HDC-6523,Toyota Yaris,2021,25567.24,Sedan
1262,762,SB9F4E3847F001762,IDC-6525,Honda City,2023,6155.50,SUV
1263,763,SB312ECFDFA001763,JDC-6527,Suzuki Dzire,2024,22904.23,Sedan
1264,764,SBBC3EA2161001764,KDC-6529,Toyota Yaris,2025,27244.28,SUV
1265,765,SB83DECBC20001765,LDC-6531,Toyota Vios,2023,7653.52,SUV
1266,766,SB2EC0274C1001766,MDC-6533,Suzuki Dzire,2022,11172.57,Crossover
1267,767,SB06FB3CBA8001767,NDC-6535,Toyota Vios,2026,5550.33,Hatchback
1268,768,SBD367EEF13001768,ODC-6537,Suzuki Dzire,2025,18157.75,Hatchback
1269,769,SBC74C4BF0D001769,PDC-6539,Suzuki Swift,2022,2671.75,Sedan
1270,770,SB350A7F5EE001770,QDC-6541,Mitsubishi Mirage,2025,28600.97,Hatchback
1271,771,SB2794F6A20001771,RDC-6543,Nissan Almera,2026,12966.05,Sedan
1272,772,SB5513C36E7001772,SDC-6545,Hyundai Accent,2026,20211.23,Sedan
1273,773,SB507373BA5001773,TDC-6547,Kia Picanto,2025,13355.59,Hatchback
1274,774,SB0DEFD533D001774,UDC-6549,Toyota Yaris,2023,21100.95,Hatchback
1275,775,SBA4EE59DD8001775,VDC-6551,Nissan Almera,2025,28345.55,Hatchback
1276,776,SB7F367281B001776,WDC-6553,Mitsubishi Mirage,2025,5295.76,SUV
1277,777,SBCD81CFD0A001777,XDC-6555,Kia Picanto,2026,27470.35,Hatchback
1278,778,SB0DFD8A39E001778,YDC-6557,Toyota Vios,2022,11412.73,Hatchback
1279,779,SBC024D58AD001779,ZDC-6559,Mitsubishi Mirage,2023,20261.41,Sedan
1280,780,SBC28F6AE14001780,AEC-6561,Suzuki Swift,2024,17760.76,Hatchback
1281,781,SBDDD1DF443001781,BEC-6563,Toyota Wigo,2022,14819.97,Hatchback
1282,782,SB2D5D4CF93001782,CEC-6565,Nissan Almera,2022,26936.58,Crossover
1283,783,SBEF48E3EF0001783,DEC-6567,Toyota Wigo,2022,12792.08,Crossover
1284,784,SB2A2107D1B001784,EEC-6569,Kia Picanto,2023,29944.36,Sedan
1285,785,SB47951A40E001785,FEC-6571,Suzuki Swift,2023,24445.66,Sedan
1286,786,SBAA78C3DB4001786,GEC-6573,Mitsubishi Mirage,2025,8687.01,Sedan
1287,787,SBE46709AA5001787,HEC-6575,Toyota Wigo,2026,19697.07,Crossover
1288,788,SB7C9E9AFA5001788,IEC-6577,Toyota Yaris,2023,12104.98,Sedan
1289,789,SBEFB3D8BE0001789,JEC-6579,Suzuki Dzire,2025,1756.14,Sedan
1290,790,SB3E883840F001790,KEC-6581,Toyota Wigo,2024,16521.11,Hatchback
1291,791,SB11833D4B4001791,LEC-6583,Toyota Wigo,2025,5559.03,Sedan
1292,792,SBAD62CFD33001792,MEC-6585,Kia Soluto,2024,26070.35,Sedan
1293,793,SB36DCD5249001793,NEC-6587,Kia Soluto,2026,19715.24,Hatchback
1294,794,SB46C7CB50B001794,OEC-6589,Kia Picanto,2023,26336.64,Crossover
1295,795,SB416E5CF0A001795,PEC-6591,Toyota Vios,2026,16415.60,Crossover
1296,796,SBAC8A91435001796,QEC-6593,Kia Picanto,2025,17261.66,Hatchback
1297,797,SBCC225865B001797,REC-6595,Kia Soluto,2021,29775.91,Hatchback
1298,798,SB7F2111CBE001798,SEC-6597,Honda Brio,2023,1804.50,Hatchback
1299,799,SBEF7BE8C57001799,TEC-6599,Mitsubishi Mirage,2022,11991.29,Hatchback
1300,800,SBBC3C4A633001800,UEC-6601,Kia Soluto,2021,29608.37,Hatchback
1301,501,SBF0873A91B002501,HTD-6004,Honda City,2022,5932.29,Sedan
1302,502,SBE36258B3C002502,ITD-6006,Hyundai Accent,2025,2556.07,Hatchback
1303,503,SBA7971ABB4002503,JTD-6008,Mitsubishi Mirage,2023,13278.18,Hatchback
1304,504,SBBA6D843EB002504,KTD-6010,Kia Picanto,2026,19604.38,Crossover
1305,505,SB86B48B560002505,LTD-6012,Mitsubishi Mirage,2021,27631.29,Hatchback
1306,506,SB05C7AC946002506,MTD-6014,Honda City,2025,23563.00,Hatchback
1307,507,SBA6E8AD490002507,NTD-6016,Mitsubishi Mirage,2023,5920.25,Hatchback
1308,508,SBFE663A72B002508,OTD-6018,Toyota Wigo,2025,24138.87,Hatchback
1309,509,SB73D915C91002509,PTD-6020,Toyota Yaris,2022,7653.66,Crossover
1310,510,SB2C26F9A59002510,QTD-6022,Mitsubishi Mirage,2024,5486.42,SUV
1311,511,SB9A0EE0A9E002511,RTD-6024,Toyota Vios,2022,4026.77,Sedan
1312,512,SB5516ADB14002512,STD-6026,Mitsubishi Mirage,2025,2084.95,SUV
1313,513,SB0EBB145BD002513,TTD-6028,Mitsubishi Mirage,2021,21812.49,Crossover
1314,514,SB58155FC7F002514,UTD-6030,Kia Picanto,2024,27870.30,Sedan
1315,515,SB876E1C590002515,VTD-6032,Suzuki Dzire,2026,14908.21,Crossover
1316,516,SBC6C61ABDA002516,WTD-6034,Suzuki Swift,2024,15440.23,Sedan
1317,517,SB08FC80DE8002517,XTD-6036,Toyota Vios,2023,1384.98,Sedan
1318,518,SB5CDE6DEDE002518,YTD-6038,Honda Brio,2024,23838.46,Hatchback
1319,519,SB9D0333318002519,ZTD-6040,Kia Soluto,2023,26775.32,SUV
1320,520,SB4FBE073F1002520,AUD-6042,Honda City,2026,18913.31,Hatchback
1321,521,SBC5D215777002521,BUD-6044,Toyota Yaris,2021,23072.59,Crossover
1322,522,SB23E846638002522,CUD-6046,Mitsubishi Mirage,2021,23542.70,Sedan
1323,523,SB067EE197A002523,DUD-6048,Suzuki Dzire,2024,24715.43,Sedan
1324,524,SB009A5510A002524,EUD-6050,Nissan Almera,2021,5307.62,Sedan
1325,525,SB5553CFAF7002525,FUD-6052,Honda City,2023,22654.92,Hatchback
1326,526,SB04DA4AEA8002526,GUD-6054,Suzuki Dzire,2023,14948.45,Hatchback
1327,527,SBE8855B352002527,HUD-6056,Nissan Almera,2022,29313.06,Hatchback
1328,528,SB91E82999C002528,IUD-6058,Honda City,2022,10914.52,Sedan
1329,529,SB7E8750D4A002529,JUD-6060,Toyota Wigo,2024,20353.28,Hatchback
1330,530,SBB7046757C002530,KUD-6062,Kia Soluto,2021,20052.29,Hatchback
1331,531,SB5E0F17D9E002531,LUD-6064,Toyota Vios,2025,4692.93,Hatchback
1332,532,SBA4A8A3175002532,MUD-6066,Honda Brio,2025,7084.31,Crossover
1333,533,SB7070F9088002533,NUD-6068,Kia Soluto,2025,25120.45,Hatchback
1334,534,SB4F714C73D002534,OUD-6070,Toyota Yaris,2025,4689.44,Hatchback
1335,535,SB726192597002535,PUD-6072,Toyota Wigo,2021,15580.25,Hatchback
1336,536,SB32F6C513B002536,QUD-6074,Kia Picanto,2024,21342.70,Hatchback
1337,537,SBE7A0AC723002537,RUD-6076,Honda City,2023,4655.69,Sedan
1338,538,SB6B5CE5A5A002538,SUD-6078,Mitsubishi Mirage,2021,7121.11,Hatchback
1339,539,SB2A1066552002539,TUD-6080,Honda Brio,2024,25881.66,Hatchback
1340,540,SBD1359F993002540,UUD-6082,Hyundai Accent,2024,7531.68,Sedan
1341,541,SB56DC0997D002541,VUD-6084,Suzuki Swift,2025,18941.21,Hatchback
1342,542,SBCEB059511002542,WUD-6086,Hyundai Accent,2022,6925.67,Crossover
1343,543,SB2E92962C0002543,XUD-6088,Toyota Yaris,2023,15168.12,Sedan
1344,544,SBA0DC078CA002544,YUD-6090,Hyundai Accent,2021,23651.89,Crossover
1345,545,SBFEBEFE1CC002545,ZUD-6092,Suzuki Swift,2023,13496.75,SUV
1346,546,SBD63C4A5E9002546,AVD-6094,Honda City,2022,4039.29,Hatchback
1347,547,SB64C26B2A2002547,BVD-6096,Honda Brio,2022,8100.41,Sedan
1348,548,SBF4F691AC9002548,CVD-6098,Toyota Yaris,2025,19522.58,Hatchback
1349,549,SBF01ACD85B002549,DVD-6100,Hyundai Accent,2022,26084.23,Crossover
1350,550,SB13D4635DE002550,EVD-6102,Mitsubishi Mirage,2025,17988.77,SUV
1351,551,SB517F24C02002551,FVD-6104,Toyota Wigo,2021,7339.64,Hatchback
1352,552,SB132D6C140002552,GVD-6106,Honda Brio,2024,12968.94,Sedan
1353,553,SB378FB9F58002553,HVD-6108,Suzuki Dzire,2024,17576.65,SUV
1354,554,SBBD4D08CD7002554,IVD-6110,Toyota Vios,2021,28514.33,Sedan
1355,555,SB4502591A3002555,JVD-6112,Nissan Almera,2022,8920.56,Hatchback
1356,556,SBE84401AD2002556,KVD-6114,Honda City,2021,19449.54,Sedan
1357,557,SB30BA10575002557,LVD-6116,Kia Picanto,2026,4411.30,SUV
1358,558,SBC2368D3D4002558,MVD-6118,Kia Picanto,2024,24811.25,Hatchback
1359,559,SB94F4EDE62002559,NVD-6120,Toyota Yaris,2022,20373.32,Hatchback
1360,560,SB1A3650AED002560,OVD-6122,Suzuki Dzire,2025,27851.29,Hatchback
1361,561,SB6E8404C3B002561,PVD-6124,Kia Soluto,2022,24434.63,Sedan
1362,562,SBB4681A619002562,QVD-6126,Toyota Yaris,2024,29698.10,Sedan
1363,563,SBA2232B5B6002563,RVD-6128,Suzuki Dzire,2024,19016.81,Crossover
1364,564,SB754C32EB3002564,SVD-6130,Toyota Yaris,2022,13036.48,Crossover
1365,565,SBB4F1EC9F4002565,TVD-6132,Honda Brio,2026,7691.69,Sedan
1366,566,SB887CAADC3002566,UVD-6134,Suzuki Swift,2022,17808.92,Hatchback
1367,567,SBE7C573C14002567,VVD-6136,Mitsubishi Mirage,2021,5975.29,Crossover
1368,568,SB2F8914853002568,WVD-6138,Kia Picanto,2023,24421.95,Hatchback
1369,569,SBB597460C5002569,XVD-6140,Mitsubishi Mirage,2024,10619.34,Hatchback
1370,570,SBBA500F040002570,YVD-6142,Toyota Vios,2023,9676.86,Crossover
1371,571,SBA6B8DEB77002571,ZVD-6144,Toyota Yaris,2024,15726.91,Crossover
1372,572,SBC94A589BD002572,AWD-6146,Kia Soluto,2025,9448.48,Hatchback
1373,573,SBC19AF480C002573,BWD-6148,Toyota Yaris,2023,8444.72,SUV
1374,574,SBC7BE03F5D002574,CWD-6150,Suzuki Dzire,2024,3475.53,Hatchback
1375,575,SBC7B3F097F002575,DWD-6152,Hyundai Accent,2022,17736.34,Sedan
1376,576,SBD384DEC9F002576,EWD-6154,Mitsubishi Mirage,2026,3383.63,Sedan
1377,577,SBF6A8DD1C9002577,FWD-6156,Nissan Almera,2024,27229.79,Hatchback
1378,578,SBCF9DC5E4E002578,GWD-6158,Toyota Wigo,2022,5434.50,Crossover
1379,579,SB89B9C689A002579,HWD-6160,Nissan Almera,2026,8708.44,Hatchback
1380,580,SB077B83AF5002580,IWD-6162,Mitsubishi Mirage,2026,6009.94,Hatchback
1381,581,SBB1BC40D05002581,JWD-6164,Honda City,2022,6640.38,SUV
1382,582,SBFD2AE8EC9002582,KWD-6166,Toyota Vios,2022,28675.24,Hatchback
1383,583,SB677FA4059002583,LWD-6168,Hyundai Accent,2025,17385.77,Hatchback
1384,584,SBFB3EA77A2002584,MWD-6170,Toyota Vios,2025,6456.90,Hatchback
1385,585,SB805163A0F002585,NWD-6172,Honda City,2022,13786.62,SUV
1386,586,SBECB287FF7002586,OWD-6174,Hyundai Accent,2026,20738.90,Hatchback
1387,587,SB94F192DEE002587,PWD-6176,Hyundai Accent,2023,22569.28,Hatchback
1388,588,SBDFFAC38DF002588,QWD-6178,Nissan Almera,2024,7309.82,Hatchback
1389,589,SBF1DAF122C002589,RWD-6180,Honda City,2022,2683.61,SUV
1390,590,SB70A32110F002590,SWD-6182,Toyota Wigo,2022,13051.05,Crossover
1391,591,SBEDDEB82DF002591,TWD-6184,Toyota Wigo,2026,1251.58,Hatchback
1392,592,SBD76D8DEEA002592,UWD-6186,Hyundai Accent,2026,15052.68,Hatchback
1393,593,SB3D191EF6E002593,VWD-6188,Toyota Wigo,2024,18795.68,Hatchback
1394,594,SBB0DD033CB002594,WWD-6190,Kia Picanto,2023,4797.35,Hatchback
1395,595,SB761EFC843002595,XWD-6192,Suzuki Swift,2022,22278.63,Hatchback
1396,596,SBBAEABB8FF002596,YWD-6194,Kia Picanto,2022,15131.45,SUV
1397,597,SBD8A3A3C32002597,ZWD-6196,Suzuki Swift,2024,20659.00,Hatchback
1398,598,SBC23497BD6002598,AXD-6198,Suzuki Swift,2025,4158.91,Hatchback
1399,599,SB675F98206002599,BXD-6200,Hyundai Accent,2026,8208.76,Hatchback
1400,600,SB4B01078E9002600,CXD-6202,Nissan Almera,2023,20510.52,Crossover
1401,601,SB4C4C937B6002601,DXD-6204,Mitsubishi Mirage,2021,2426.61,Hatchback
1402,602,SBDA54DD5A0002602,EXD-6206,Toyota Vios,2024,13658.33,Sedan
1403,603,SBFB3A30A2E002603,FXD-6208,Mitsubishi Mirage,2023,13523.65,Hatchback
1404,604,SB838AAC83E002604,GXD-6210,Toyota Yaris,2025,14623.19,Sedan
1405,605,SBD2A10B0BD002605,HXD-6212,Toyota Vios,2023,5971.03,Hatchback
1406,606,SB09CCF3183002606,IXD-6214,Mitsubishi Mirage,2026,10822.21,Crossover
1407,607,SB3FFEBB08D002607,JXD-6216,Toyota Wigo,2026,29102.16,Crossover
1408,608,SBA6E38981E002608,KXD-6218,Toyota Vios,2026,28559.05,Sedan
1409,609,SB265C2B6A2002609,LXD-6220,Kia Soluto,2026,4780.29,Hatchback
1410,610,SB7BEC7E63A002610,MXD-6222,Kia Soluto,2023,3574.16,SUV
1411,611,SB0B6A27E2B002611,NXD-6224,Suzuki Swift,2021,13537.61,SUV
1412,612,SB8AA2C95DC002612,OXD-6226,Mitsubishi Mirage,2022,12646.70,Hatchback
1413,613,SB36D5EF2A0002613,PXD-6228,Mitsubishi Mirage,2021,3958.00,SUV
1414,614,SB7D4BA7006002614,QXD-6230,Suzuki Dzire,2023,21815.03,SUV
1415,615,SB92AE5CFEF002615,RXD-6232,Suzuki Dzire,2026,29773.61,Crossover
1416,616,SB6AABA9A12002616,SXD-6234,Suzuki Dzire,2021,12931.45,Hatchback
1417,617,SBC5EF831F5002617,TXD-6236,Mitsubishi Mirage,2022,10982.45,Hatchback
1418,618,SB4C5A99856002618,UXD-6238,Hyundai Accent,2023,1165.03,Sedan
1419,619,SBF91CEB5AF002619,VXD-6240,Honda Brio,2021,29525.83,Sedan
1420,620,SB38CCDF8D5002620,WXD-6242,Nissan Almera,2024,11213.45,SUV
1421,621,SB9A83EABFB002621,XXD-6244,Hyundai Accent,2022,28028.04,Hatchback
1422,622,SB1A260649D002622,YXD-6246,Kia Picanto,2026,2081.05,SUV
1423,623,SB575425A3F002623,ZXD-6248,Hyundai Accent,2022,29706.94,Crossover
1424,624,SBD82A1853D002624,AYD-6250,Nissan Almera,2025,5200.33,Sedan
1425,625,SBFE7407459002625,BYD-6252,Kia Soluto,2022,24364.75,Hatchback
1426,626,SB481FBFA59002626,CYD-6254,Honda Brio,2021,24048.42,Crossover
1427,627,SB146389F11002627,DYD-6256,Suzuki Swift,2022,17131.05,SUV
1428,628,SBC2073FFA7002628,EYD-6258,Mitsubishi Mirage,2021,5907.15,SUV
1429,629,SB89D3D7800002629,FYD-6260,Toyota Yaris,2021,18174.32,SUV
1430,630,SBA06087436002630,GYD-6262,Kia Picanto,2023,6531.20,Hatchback
1431,631,SB6467C327E002631,HYD-6264,Suzuki Swift,2026,7445.54,SUV
1432,632,SBFE1F9C70B002632,IYD-6266,Hyundai Accent,2026,3892.11,SUV
1433,633,SB53B354612002633,JYD-6268,Honda City,2025,11254.98,Crossover
1434,634,SBADAD9E1C9002634,KYD-6270,Toyota Wigo,2025,10587.97,Hatchback
1435,635,SB9F16B57BD002635,LYD-6272,Hyundai Accent,2024,6801.72,Crossover
1436,636,SB7F687767C002636,MYD-6274,Honda Brio,2021,20332.79,SUV
1437,637,SB5EF78F63B002637,NYD-6276,Nissan Almera,2023,5524.57,Sedan
1438,638,SBFE04E05FB002638,OYD-6278,Hyundai Accent,2021,10097.61,Sedan
1439,639,SB3001EF257002639,PYD-6280,Honda Brio,2021,14262.95,Sedan
1440,640,SB72C25197B002640,QYD-6282,Honda City,2021,29488.59,Crossover
1441,641,SBCDF66A6A7002641,RYD-6284,Toyota Vios,2021,22601.88,Hatchback
1442,642,SBEE0C1616B002642,SYD-6286,Honda Brio,2026,16600.23,SUV
1443,643,SBA0AFDF1AC002643,TYD-6288,Honda Brio,2021,3076.71,Hatchback
1444,644,SBCEBD648F9002644,UYD-6290,Toyota Vios,2022,12068.40,Sedan
1445,645,SB2FCD5CF1E002645,VYD-6292,Mitsubishi Mirage,2024,28931.82,Hatchback
1446,646,SBDCA49D1A5002646,WYD-6294,Mitsubishi Mirage,2023,17189.98,Hatchback
1447,647,SB832353270002647,XYD-6296,Toyota Wigo,2024,17567.88,Hatchback
1448,648,SB889091FF7002648,YYD-6298,Suzuki Swift,2023,1112.00,Hatchback
1449,649,SBAA8FDBB7D002649,ZYD-6300,Suzuki Dzire,2025,29710.27,Hatchback
1450,650,SB4B97B5AD9002650,AZD-6302,Honda Brio,2026,10675.82,Sedan
1451,651,SBABD1C7828002651,BZD-6304,Honda City,2026,12617.16,SUV
1452,652,SBC900FE928002652,CZD-6306,Kia Soluto,2023,23955.77,Hatchback
1453,653,SBB9A25E422002653,DZD-6308,Kia Soluto,2022,2649.02,Hatchback
1454,654,SBF56D81839002654,EZD-6310,Nissan Almera,2023,7542.10,SUV
1455,655,SBBA5451D3C002655,FZD-6312,Suzuki Dzire,2021,22841.80,Hatchback
1456,656,SB22F7E8345002656,GZD-6314,Nissan Almera,2024,15837.33,Sedan
1457,657,SB44A6A9FEE002657,HZD-6316,Kia Soluto,2024,1286.17,SUV
1458,658,SBA14185BF0002658,IZD-6318,Toyota Wigo,2024,27056.72,Crossover
1459,659,SB71DD9B48F002659,JZD-6320,Nissan Almera,2023,24784.81,Sedan
1460,660,SBAB6B331E9002660,KZD-6322,Kia Picanto,2024,14059.38,Hatchback
1461,661,SBD37EB50D8002661,LZD-6324,Suzuki Dzire,2021,2246.83,Hatchback
1462,662,SB4D0505284002662,MZD-6326,Toyota Vios,2021,15898.42,Crossover
1463,663,SB44E65D3E9002663,NZD-6328,Suzuki Swift,2023,29414.98,Sedan
1464,664,SB58E16DC76002664,OZD-6330,Suzuki Swift,2022,8192.30,Crossover
1465,665,SBE1AB840A0002665,PZD-6332,Mitsubishi Mirage,2024,10026.65,Hatchback
1466,666,SB0E2DB0CB2002666,QZD-6334,Honda Brio,2021,7973.59,SUV
1467,667,SBB9B852AC7002667,RZD-6336,Toyota Yaris,2024,17534.75,Hatchback
1468,668,SBC46489A2D002668,SZD-6338,Mitsubishi Mirage,2023,7364.68,Hatchback
1469,669,SBB154E7B21002669,TZD-6340,Kia Picanto,2024,28697.07,Sedan
1470,670,SB9823C9091002670,UZD-6342,Hyundai Accent,2022,12563.94,Hatchback
1471,671,SB5726DAF2C002671,VZD-6344,Suzuki Dzire,2023,9527.64,Crossover
1472,672,SBA2802CADE002672,WZD-6346,Mitsubishi Mirage,2024,26486.60,Sedan
1473,673,SB5DB30D43F002673,XZD-6348,Hyundai Accent,2021,12425.85,Sedan
1474,674,SB325EAEAC5002674,YZD-6350,Hyundai Accent,2021,5621.31,Sedan
1475,675,SB751F6B6B0002675,ZZD-6352,Kia Picanto,2021,20933.73,Crossover
1476,676,SB01DED4259002676,AAD-6354,Toyota Yaris,2021,10268.02,Hatchback
1477,677,SB2639C6BD2002677,BAD-6356,Hyundai Accent,2021,21279.83,Hatchback
1478,678,SB128AC9C42002678,CAD-6358,Nissan Almera,2026,23654.47,Sedan
1479,679,SB5E98D23AF002679,DAD-6360,Suzuki Swift,2021,15944.68,Crossover
1480,680,SBDBB240D23002680,EAD-6362,Kia Soluto,2021,28457.78,Sedan
1481,681,SB92B70A527002681,FAD-6364,Toyota Wigo,2021,27317.08,Hatchback
1482,682,SBE6BE4C22A002682,GAD-6366,Suzuki Swift,2022,24378.64,Hatchback
1483,683,SB349F36AA7002683,HAD-6368,Honda City,2021,10585.52,Crossover
1484,684,SB74961657A002684,IAD-6370,Suzuki Dzire,2026,26106.94,Crossover
1485,685,SB6E96BE832002685,JAD-6372,Nissan Almera,2026,3374.60,Crossover
1486,686,SB55ED523B2002686,KAD-6374,Nissan Almera,2025,17273.24,SUV
1487,687,SB83715FD47002687,LAD-6376,Honda City,2022,26298.15,Sedan
1488,688,SB5317B6799002688,MAD-6378,Honda Brio,2022,17315.40,SUV
1489,689,SBF2F446980002689,NAD-6380,Kia Soluto,2025,17996.14,Sedan
1490,690,SBE2459AE2C002690,OAD-6382,Hyundai Accent,2023,21960.51,Sedan
1491,691,SB15756C350002691,PAD-6384,Kia Picanto,2026,14393.40,SUV
1492,692,SB29FDFF891002692,QAD-6386,Honda Brio,2024,29993.26,SUV
1493,693,SBCAAA29EAB002693,RAD-6388,Kia Soluto,2022,15045.96,Hatchback
1494,694,SBC236337B0002694,SAD-6390,Honda Brio,2025,9435.39,Sedan
1495,695,SBA61F27AB2002695,TAD-6392,Suzuki Dzire,2022,22191.21,Sedan
1496,696,SB5F1D3986F002696,UAD-6394,Kia Picanto,2026,28461.60,Sedan
1497,697,SB566F0EA4F002697,VAD-6396,Toyota Yaris,2021,20384.61,SUV
1498,698,SB0EA711391002698,WAD-6398,Suzuki Dzire,2021,12889.48,Hatchback
1499,699,SB9BCB182AB002699,XAD-6400,Toyota Wigo,2025,28794.27,SUV
1500,700,SB14B85B075002700,YAD-6402,Suzuki Swift,2022,6235.90,Sedan
1501,701,SB55FD13681002701,ZAD-6404,Honda City,2021,11630.67,SUV
1502,702,SB1F33D7CF6002702,ABD-6406,Toyota Yaris,2021,20000.92,Hatchback
1503,703,SB6AF97D7DE002703,BBD-6408,Honda City,2021,25605.38,Hatchback
1504,704,SB8C66BB198002704,CBD-6410,Honda City,2022,27831.72,SUV
1505,705,SB0428BE749002705,DBD-6412,Kia Soluto,2021,15589.70,Sedan
1506,706,SB6CF75A28E002706,EBD-6414,Suzuki Swift,2021,1832.52,Hatchback
1507,707,SB29E11EA8E002707,FBD-6416,Honda City,2025,27640.42,Hatchback
1508,708,SB3BF29F384002708,GBD-6418,Mitsubishi Mirage,2024,27069.66,Hatchback
1509,709,SBD4A932970002709,HBD-6420,Honda Brio,2024,29161.83,Crossover
1510,710,SBC9D9EDBF9002710,IBD-6422,Suzuki Dzire,2022,22315.11,Hatchback
1511,711,SBBA7609EE5002711,JBD-6424,Toyota Yaris,2021,12895.36,Sedan
1512,712,SBDF334B223002712,KBD-6426,Suzuki Dzire,2024,17855.35,SUV
1513,713,SB32B127307002713,LBD-6428,Kia Picanto,2023,16550.32,SUV
1514,714,SB914101EC4002714,MBD-6430,Toyota Wigo,2024,27596.64,Hatchback
1515,715,SB185E48A43002715,NBD-6432,Kia Picanto,2025,28291.07,SUV
1516,716,SB7DD3ED2E1002716,OBD-6434,Nissan Almera,2024,4610.93,Hatchback
1517,717,SB1D0832C49002717,PBD-6436,Suzuki Dzire,2021,21068.57,Hatchback
1518,718,SBEF70E26A0002718,QBD-6438,Suzuki Dzire,2022,16022.12,Sedan
1519,719,SB73EFCFE5F002719,RBD-6440,Suzuki Dzire,2026,5320.37,Crossover
1520,720,SBF862D1345002720,SBD-6442,Toyota Wigo,2024,28665.58,Hatchback
1521,721,SBE14E58299002721,TBD-6444,Kia Picanto,2025,4355.08,Sedan
1522,722,SB3C5BE6328002722,UBD-6446,Toyota Wigo,2026,5546.67,Crossover
1523,723,SBD8EA5F53C002723,VBD-6448,Honda Brio,2026,26675.60,Sedan
1524,724,SBA09B68ADA002724,WBD-6450,Honda City,2026,22894.39,Sedan
1525,725,SB201D54699002725,XBD-6452,Toyota Yaris,2021,26920.90,Hatchback
1526,726,SB9773D3352002726,YBD-6454,Toyota Yaris,2026,8551.54,Sedan
1527,727,SBD2A1E34D8002727,ZBD-6456,Suzuki Dzire,2026,22742.36,Crossover
1528,728,SB21C2C2548002728,ACD-6458,Mitsubishi Mirage,2023,17961.91,Crossover
1529,729,SBF0E6BE4CE002729,BCD-6460,Hyundai Accent,2024,2555.46,Hatchback
1530,730,SBD9437926C002730,CCD-6462,Honda City,2023,19059.88,SUV
1531,731,SBFC2022C89002731,DCD-6464,Honda Brio,2024,6319.22,Hatchback
1532,732,SB182BD81EA002732,ECD-6466,Suzuki Dzire,2022,6646.43,Sedan
1533,733,SB3D1296C4B002733,FCD-6468,Hyundai Accent,2021,16015.09,Hatchback
1534,734,SB8612C55D2002734,GCD-6470,Honda Brio,2021,29073.33,Sedan
1535,735,SBAB73F542B002735,HCD-6472,Suzuki Swift,2022,3531.35,Sedan
1536,736,SB1E9B64527002736,ICD-6474,Kia Soluto,2023,25768.47,SUV
1537,737,SB8F91C9C26002737,JCD-6476,Toyota Vios,2025,24455.74,Sedan
1538,738,SBC9DD73F5C002738,KCD-6478,Kia Soluto,2022,3567.79,Hatchback
1539,739,SB7A1D9028A002739,LCD-6480,Honda City,2024,12472.01,Hatchback
1540,740,SBB6846B018002740,MCD-6482,Hyundai Accent,2026,9882.09,Hatchback
1541,741,SBE13748298002741,NCD-6484,Toyota Vios,2024,16149.98,Sedan
1542,742,SB52AAA62E7002742,OCD-6486,Toyota Wigo,2024,27090.23,SUV
1543,743,SB48BEA99C8002743,PCD-6488,Toyota Wigo,2023,25587.18,Hatchback
1544,744,SBE41990B12002744,QCD-6490,Hyundai Accent,2023,27753.59,Hatchback
1545,745,SB71CC107D2002745,RCD-6492,Suzuki Dzire,2025,19438.14,Sedan
1546,746,SBB8102D1FA002746,SCD-6494,Suzuki Dzire,2021,7653.67,Hatchback
1547,747,SBE5E6851E7002747,TCD-6496,Toyota Wigo,2026,10832.30,Crossover
1548,748,SB34F5297EF002748,UCD-6498,Honda Brio,2025,22411.08,SUV
1549,749,SBC82B01331002749,VCD-6500,Nissan Almera,2022,27069.46,Sedan
1550,750,SB475CC020A002750,WCD-6502,Toyota Wigo,2021,8279.18,Crossover
1551,751,SB161C5C5AD002751,XCD-6504,Mitsubishi Mirage,2024,13219.17,SUV
1552,752,SB67E235E7F002752,YCD-6506,Toyota Vios,2021,22885.36,Crossover
1553,753,SBAEECC5A9C002753,ZCD-6508,Suzuki Dzire,2023,9634.01,Crossover
1554,754,SB2A8A8BDE5002754,ADD-6510,Toyota Wigo,2022,7169.08,Sedan
1555,755,SB626FBE83F002755,BDD-6512,Suzuki Swift,2024,11772.43,Sedan
1556,756,SBEB46C61F9002756,CDD-6514,Toyota Wigo,2023,12328.53,Hatchback
1557,757,SB9B8EF2722002757,DDD-6516,Hyundai Accent,2021,14059.23,Sedan
1558,758,SB48C4A756D002758,EDD-6518,Kia Picanto,2022,18329.67,Crossover
1559,759,SBFC9812127002759,FDD-6520,Mitsubishi Mirage,2023,12661.67,Crossover
1560,760,SBB3D6E130A002760,GDD-6522,Suzuki Dzire,2023,28055.14,Hatchback
1561,761,SBCE5D75028002761,HDD-6524,Honda Brio,2021,3723.21,SUV
1562,762,SB2175F8C5C002762,IDD-6526,Kia Picanto,2026,19522.65,SUV
1563,763,SB20754AEB1002763,JDD-6528,Honda City,2026,2934.58,Crossover
1564,764,SB60A0DD962002764,KDD-6530,Nissan Almera,2023,23464.01,Hatchback
1565,765,SB341CD4053002765,LDD-6532,Hyundai Accent,2025,3370.48,Sedan
1566,766,SBDE8AA43E5002766,MDD-6534,Honda Brio,2025,20993.00,Sedan
1567,767,SB7EC2442AA002767,NDD-6536,Kia Soluto,2026,2887.01,SUV
1568,768,SB159210403002768,ODD-6538,Kia Picanto,2021,2269.61,Crossover
1569,769,SB15BB63B28002769,PDD-6540,Suzuki Dzire,2024,17557.33,Crossover
1570,770,SB8FC4BC380002770,QDD-6542,Suzuki Dzire,2026,16551.89,SUV
1571,771,SBC5EEE1896002771,RDD-6544,Toyota Yaris,2025,28540.10,Sedan
1572,772,SBBE26ABE76002772,SDD-6546,Suzuki Swift,2022,6755.94,Crossover
1573,773,SB9B07F5014002773,TDD-6548,Toyota Vios,2025,22688.54,Sedan
1574,774,SBE43739BBA002774,UDD-6550,Nissan Almera,2026,4770.99,Hatchback
1575,775,SB804741413002775,VDD-6552,Mitsubishi Mirage,2021,24031.12,Hatchback
1576,776,SB02709600F002776,WDD-6554,Toyota Yaris,2021,13926.80,Sedan
1577,777,SB36E51F22C002777,XDD-6556,Hyundai Accent,2026,14630.10,Sedan
1578,778,SBAC5C48227002778,YDD-6558,Mitsubishi Mirage,2022,6676.22,Hatchback
1579,779,SB33866F3A2002779,ZDD-6560,Hyundai Accent,2022,17567.46,Hatchback
1580,780,SBAD551FD8C002780,AED-6562,Toyota Yaris,2023,16476.68,Sedan
1581,781,SBEEFC7BFE8002781,BED-6564,Toyota Yaris,2021,3454.20,Hatchback
1582,782,SB1E669A61F002782,CED-6566,Toyota Wigo,2026,8446.21,Crossover
1583,783,SBED0E6F99C002783,DED-6568,Mitsubishi Mirage,2021,12046.55,Crossover
1584,784,SB881CB5534002784,EED-6570,Honda City,2021,15859.29,Hatchback
1585,785,SBB16574C54002785,FED-6572,Toyota Vios,2024,19159.04,Hatchback
1586,786,SBA6B964C0B002786,GED-6574,Kia Picanto,2026,9957.73,Crossover
1587,787,SBB543376B5002787,HED-6576,Suzuki Swift,2021,26920.95,SUV
1588,788,SB3DDE11A76002788,IED-6578,Honda Brio,2022,17187.19,Sedan
1589,789,SBF880D0D6A002789,JED-6580,Kia Soluto,2026,17117.98,Hatchback
1590,790,SB66FE2BCC7002790,KED-6582,Toyota Yaris,2024,6222.26,Crossover
1591,791,SB5C7A3B81A002791,LED-6584,Toyota Yaris,2022,14127.26,Hatchback
1592,792,SB2CD2915E6002792,MED-6586,Honda City,2026,29888.19,Hatchback
1593,793,SB7FC346397002793,NED-6588,Kia Picanto,2022,23053.47,SUV
1594,794,SB0F541ECCC002794,OED-6590,Suzuki Dzire,2021,18208.05,Hatchback
1595,795,SBF316E3FE3002795,PED-6592,Mitsubishi Mirage,2024,17543.40,Sedan
1596,796,SBEBB87FAA7002796,QED-6594,Kia Picanto,2021,15554.63,Sedan
1597,797,SBB5507F51B002797,RED-6596,Kia Picanto,2023,1466.51,SUV
1598,798,SB4EFA8B668002798,SED-6598,Suzuki Swift,2024,6643.25,Hatchback
1599,799,SBE02AF5824002799,TED-6600,Mitsubishi Mirage,2021,13806.63,Hatchback
1600,800,SBD9FBED9DA002800,UED-6602,Nissan Almera,2023,9009.32,Sedan
