job_order_id,part_name,base_name,tier,is_oem,category,quantity,unit,unit_price,total,include,is_synthetic
1,Synchronizer Gear,Synchronizer Gear,replacement,False,General,1.0,pc,6000.00,6000.00,True,False
1,Third Gear,Third Gear,replacement,False,General,1.0,pc,6000.00,6000.00,True,False
1,"Shaft Fork, Third Gear","Shaft Fork, Third Gear",replacement,False,General,1.0,pc,6500.00,6500.00,True,False
1,Gear / Differential Oil,Gear / Differential Oil,standard,False,Fluids & Consumables,5.0,liter,650.00,3250.00,True,False
2,Pressure Plate,Pressure Plate,replacement,False,Transmission,1.0,pc,3500.00,3500.00,True,False
2,Clutch Disc,Clutch Disc,replacement,False,Transmission,1.0,pc,4200.00,4200.00,True,False
2,Release Brng.,Release Brng.,replacement,False,General,1.0,pc,1200.00,1200.00,True,False
4,Timing Chain,Timing Chain,replacement,False,Engine,1.0,pc,13500.00,13500.00,True,False
4,Injector Damper,Injector Damper,replacement,False,General,1.0,pc,350.00,350.00,True,False
4,Crankshaft Pulley,Crankshaft Pulley,replacement,False,General,1.0,pc,0.00,3500.00,True,False
4,Tensioner,Tensioner,replacement,False,General,1.0,pc,0.00,2500.00,True,False
4,Valve Cover Gasket,Valve Cover Gasket,replacement,False,Engine,1.0,pc,0.00,1800.00,True,False
5,Valve Seal,Valve Seal,replacement,False,General,16.0,pc,120.00,1920.00,True,False
5,Cylinder Head Gasket,Cylinder Head Gasket,replacement,False,Engine,1.0,pc,1800.00,1800.00,True,False
5,Engine Coolant,Engine Coolant,standard,False,Fluids & Consumables,8.0,liter,175.00,1400.00,True,False
5,Rack and Pinion Kit,Rack and Pinion Kit,replacement,False,General,1.0,pc,3500.00,3500.00,True,False
5,Steering Pump Kit,Steering Pump Kit,replacement,False,General,1.0,pc,1200.00,1200.00,True,False
5,Sealing Fluid,Sealing Fluid,replacement,False,General,1.0,pc,450.00,450.00,True,False
6,Silicone,Silicone,replacement,False,General,1.0,pc,250.00,250.00,True,False
7,Aircon Parts,Aircon Parts,replacement,False,General,1.0,pc,21600.00,21600.00,True,False
7,Mechanical Parts,Mechanical Parts,replacement,False,General,1.0,pc,71000.00,71000.00,True,False
8,Carbon Brush,Carbon Brush,replacement,False,General,1.0,pc,1000.00,1000.00,True,False
8,Solenoid Switch,Solenoid Switch,replacement,False,General,1.0,pc,2200.00,2200.00,True,False
9,Intercooler Hose (oil),Intercooler Hose (oil),replacement,False,General,1.0,pc,6800.00,6800.00,True,False
10,Timing Belt,Timing Belt,replacement,False,Engine,1.0,pc,3000.00,3000.00,True,False
10,Tensioner Timing Belt,Tensioner Timing Belt,replacement,False,General,1.0,pc,3300.00,3300.00,True,False
10,Tensioner Adjuster,Tensioner Adjuster,replacement,False,General,1.0,pc,2450.00,2450.00,True,False
10,Crankshaft Oil Seal,Crankshaft Oil Seal,replacement,False,Engine,1.0,pc,450.00,450.00,True,False
10,Camshaft Oil Seal,Camshaft Oil Seal,replacement,False,Engine,1.0,pc,450.00,450.00,True,False
10,Drive / Fan Belt,Drive / Fan Belt,replacement,False,Engine,1.0,pc,1250.00,1250.00,True,False
10,Water Pump,Water Pump,replacement,False,Engine Cooling,1.0,pc,3500.00,3500.00,True,False
10,Water Coolant,Water Coolant,replacement,False,General,6.0,pc,175.00,1050.00,True,False
10,Coolant Bypass Hose / Tube,Coolant Bypass Hose / Tube,replacement,False,Engine Cooling,1.0,pc,2800.00,2800.00,True,False
10,Alternator,Alternator,replacement,False,Ignition & Electrical,1.0,pc,1000.00,1000.00,True,False
11,Pressure Plate,Pressure Plate,replacement,False,Transmission,1.0,pc,3300.00,3300.00,True,False
11,Clutch Disc,Clutch Disc,replacement,False,Transmission,1.0,pc,3100.00,3100.00,True,False
11,Release Bearing,Release Bearing,replacement,False,Transmission,1.0,pc,1250.00,1250.00,True,False
11,Set Oil Seal,Set Oil Seal,replacement,False,General,1.0,pc,1700.00,1700.00,True,False
11,Pilot Bearing,Pilot Bearing,replacement,False,Transmission,1.0,pc,250.00,250.00,True,False
12,Pressure Plate,Pressure Plate,replacement,False,Transmission,1.0,pc,3500.00,3500.00,True,False
12,Clutch Disc,Clutch Disc,replacement,False,Transmission,1.0,pc,3300.00,3300.00,True,False
12,Release Bearing,Release Bearing,replacement,False,Transmission,1.0,pc,1250.00,1250.00,True,False
12,Oil Seal,Oil Seal,replacement,False,General,1.0,pc,1300.00,1300.00,True,False
14,Wheel Bearing,Wheel Bearing,replacement,False,Steering & Suspension,2.0,pc,1800.00,3600.00,True,False
14,Oil Filter,Oil Filter,replacement,False,Filters,1.0,pc,350.00,350.00,True,False
14,Cabin Filter,Cabin Filter,replacement,False,Filters,1.0,pc,450.00,450.00,True,False
14,Air Filter,Air Filter,replacement,False,Filters,1.0,pc,450.00,450.00,True,False
14,Brake Cleaner,Brake Cleaner,standard,False,Fluids & Consumables,1.0,liter,250.00,250.00,True,False
14,Suspension Bushing,Suspension Bushing,replacement,False,Steering & Suspension,2.0,pc,650.00,1300.00,True,False
14,Brake Pads,Brake Pads,replacement,False,Braking,1.0,pc,1700.00,1700.00,True,False
15,Timing Belt,Timing Belt,replacement,False,Engine,1.0,pc,3000.00,3000.00,True,False
15,Tensioner Timing Belt,Tensioner Timing Belt,replacement,False,General,1.0,pc,3300.00,3300.00,True,False
15,Transmission Adjuster,Transmission Adjuster,replacement,False,General,1.0,pc,450.00,450.00,True,False
15,Camshaft,Camshaft,replacement,False,General,1.0,pc,450.00,450.00,True,False
15,Drive / Fan Belt,Drive / Fan Belt,replacement,False,Engine,1.0,pc,1250.00,1250.00,True,False
15,Water Pump,Water Pump,replacement,False,Engine Cooling,1.0,pc,3500.00,3500.00,True,False
15,Engine Coolant,Engine Coolant,standard,False,Fluids & Consumables,6.0,liter,175.00,1050.00,True,False
16,Pressure Plate,Pressure Plate,replacement,False,Transmission,1.0,pc,5800.00,5800.00,True,False
16,Clutch Disc,Clutch Disc,replacement,False,Transmission,1.0,pc,4600.00,4600.00,True,False
16,Release Bearing,Release Bearing,replacement,False,Transmission,1.0,pc,2550.00,2550.00,True,False
16,Md Canl Cat,Md Canl Cat,replacement,False,General,1.0,pc,2000.00,2000.00,True,False
16,Pilot Bearing,Pilot Bearing,replacement,False,Transmission,1.0,pc,350.00,350.00,True,False
17,Engine Oil,Engine Oil,standard,False,Fluids & Consumables,4.0,liter,400.00,1600.00,True,False
17,Oil Filter,Oil Filter,replacement,False,Filters,1.0,pc,350.00,350.00,True,False
18,Engine Oil,Engine Oil,standard,False,Fluids & Consumables,8.0,liter,450.00,3600.00,True,False
18,Tie Rod End,Tie Rod End,replacement,False,Steering & Suspension,2.0,pc,1200.00,2400.00,True,False
18,Tie Rod End,Tie Rod End,replacement,False,Steering & Suspension,2.0,pc,1250.00,2500.00,True,False
18,Clutch Slave Cylinder,Clutch Slave Cylinder,replacement,False,Transmission,1.0,pc,500.00,500.00,True,False
18,Brake Pads,Brake Pads,replacement,False,Braking,1.0,pc,2000.00,2000.00,True,False
18,Brake Shoe,Brake Shoe,replacement,False,Braking,1.0,pc,2500.00,2500.00,True,False
18,Cabin Filter,Cabin Filter,replacement,False,Filters,1.0,pc,550.00,550.00,True,False
18,Air Filter,Air Filter,replacement,False,Filters,1.0,pc,750.00,750.00,True,False
18,Fuel Filter,Fuel Filter,replacement,False,Filters,1.0,pc,850.00,850.00,True,False
18,Oil Filter,Oil Filter,replacement,False,Filters,1.0,pc,650.00,650.00,True,False
18,Engine Coolant,Engine Coolant,standard,False,Fluids & Consumables,8.0,liter,175.00,1400.00,True,False
18,Brake Fluid,Brake Fluid,standard,False,Fluids & Consumables,1.0,liter,300.00,300.00,True,False
18,Power Steering Fluid,Power Steering Fluid,standard,False,Fluids & Consumables,1.0,liter,400.00,400.00,True,False
18,Steering Boots,Steering Boots,replacement,False,General,2.0,pc,500.00,1000.00,True,False
19,Brake Pads,Brake Pads,replacement,False,Braking,1.0,pc,1800.00,1800.00,True,False
19,Brake Cleaner,Brake Cleaner,standard,False,Fluids & Consumables,1.0,liter,200.00,200.00,True,False
19,Brake Fluid,Brake Fluid,standard,False,Fluids & Consumables,1.0,liter,300.00,300.00,True,False
19,Replace Kit,Replace Kit,replacement,False,General,1.0,pc,950.00,950.00,True,False
19,Shock Absorber,Shock Absorber,replacement,False,Steering & Suspension,2.0,pc,4000.00,8000.00,True,False
20,Fuel Pump Assy,Fuel Pump Assy,replacement,False,General,1.0,pc,6800.00,6800.00,True,False
20,Ignition Coil,Ignition Coil,replacement,False,Ignition & Electrical,1.0,pc,2200.00,2200.00,True,False
20,Socket,Socket,replacement,False,General,4.0,pc,250.00,1000.00,True,False
21,Engine Oil,Engine Oil,standard,False,Fluids & Consumables,7.0,liter,350.00,2450.00,True,False
21,Brake Cleaner,Brake Cleaner,standard,False,Fluids & Consumables,1.0,liter,250.00,250.00,True,False
21,Oil,Oil,replacement,False,General,1.0,pc,350.00,350.00,True,False
21,Air Filter,Air Filter,replacement,False,Filters,1.0,pc,650.00,650.00,True,False
21,Fuel Filter,Fuel Filter,replacement,False,Filters,1.0,pc,450.00,450.00,True,False
22,Lower Suspension,Lower Suspension,replacement,False,General,1.0,pc,3800.00,3800.00,True,False
22,Upper Suspension,Upper Suspension,replacement,False,General,1.0,pc,2500.00,2500.00,True,False
22,Tie Rod End,Tie Rod End,replacement,False,Steering & Suspension,2.0,pc,1200.00,2400.00,True,False
22,Tie Rod End,Tie Rod End,replacement,False,Steering & Suspension,2.0,pc,1200.00,2400.00,True,False
23,Oil Pump,Oil Pump,replacement,False,General,1.0,pc,9500.00,9500.00,True,False
23,Engine Oil,Engine Oil,standard,False,Fluids & Consumables,8.0,liter,400.00,3200.00,True,False
23,Oil Filter,Oil Filter,replacement,False,Filters,1.0,pc,450.00,450.00,True,False
23,Air Filter,Air Filter,replacement,False,Filters,1.0,pc,550.00,550.00,True,False
23,Fuel Filter,Fuel Filter,replacement,False,Filters,1.0,pc,750.00,750.00,True,False
23,Cabin Filter,Cabin Filter,replacement,False,Filters,1.0,pc,450.00,450.00,True,False
24,Engine Oil,Engine Oil,standard,False,Fluids & Consumables,8.0,liter,450.00,3600.00,True,False
24,Tie Rod End,Tie Rod End,replacement,False,Steering & Suspension,2.0,pc,1200.00,2400.00,True,False
24,Tie Rod End,Tie Rod End,replacement,False,Steering & Suspension,2.0,pc,1250.00,2500.00,True,False
24,Air Filter,Air Filter,replacement,False,Filters,1.0,pc,650.00,650.00,True,False
24,Fuel Filter,Fuel Filter,replacement,False,Filters,1.0,pc,850.00,850.00,True,False
24,Oil Filter,Oil Filter,replacement,False,Filters,1.0,pc,650.00,650.00,True,False
24,Cabin Filter,Cabin Filter,replacement,False,Filters,1.0,pc,550.00,550.00,True,False
24,Brake Shoe,Brake Shoe,replacement,False,Braking,1.0,pc,2500.00,2500.00,True,False
24,Brake Caliper Repair Kit,Brake Caliper Repair Kit,replacement,False,Braking,1.0,pc,750.00,750.00,True,False
24,Engine Coolant,Engine Coolant,standard,False,Fluids & Consumables,8.0,liter,175.00,1400.00,True,False
24,Brake Fluid,Brake Fluid,standard,False,Fluids & Consumables,1.0,liter,300.00,300.00,True,False
24,Power Steering Fluid,Power Steering Fluid,standard,False,Fluids & Consumables,1.0,liter,350.00,350.00,True,False
24,Steering Boots,Steering Boots,replacement,False,General,2.0,pc,550.00,1100.00,True,False
24,Wheel Cylinder,Wheel Cylinder,replacement,False,Braking,2.0,pc,1000.00,2000.00,True,False
24,Brake Pads,Brake Pads,replacement,False,Braking,1.0,pc,2000.00,2000.00,True,False
25,Cylinder Head Gasket,Cylinder Head Gasket,replacement,False,General,1.0,pc,3500.00,3500.00,True,False
25,Valve Seal,Valve Seal,replacement,False,General,16.0,pc,120.00,1920.00,True,False
25,Engine Coolant,Engine Coolant,standard,False,Fluids & Consumables,8.0,liter,200.00,1600.00,True,False
25,Silicone,Silicone,replacement,False,General,1.0,pc,250.00,250.00,True,False
26,Wheel Bearing,Wheel Bearing,replacement,False,Steering & Suspension,1.0,pc,3500.00,3500.00,True,False
27,Radiator,Radiator,replacement,False,Engine Cooling,1.0,pc,5500.00,5500.00,True,False
27,Engine Coolant,Engine Coolant,standard,False,Fluids & Consumables,8.0,liter,200.00,1600.00,True,False
27,Transmission Oil Seal,Transmission Oil Seal,replacement,False,General,1.0,pc,2200.00,2200.00,True,False
27,Crankshaft Oil Seal,Crankshaft Oil Seal,replacement,False,Engine,1.0,pc,2500.00,2500.00,True,False
27,Automatic Transmission Fluid (ATF),Automatic Transmission Fluid (ATF),standard,False,Fluids & Consumables,6.0,liter,500.00,3000.00,True,False
27,Drive / Fan Belt,Drive / Fan Belt,replacement,False,Engine,1.0,pc,2500.00,2500.00,True,False
27,N70 Battery (amaron),N70 Battery (amaron),replacement,False,General,1.0,pc,7200.00,7200.00,True,False
27,Engine Oil,Engine Oil,standard,False,Fluids & Consumables,8.0,liter,400.00,3200.00,True,False
27,Cabin Filter,Cabin Filter,replacement,False,Filters,1.0,pc,350.00,350.00,True,False
27,Fuel Filter,Fuel Filter,replacement,False,Filters,1.0,pc,450.00,450.00,True,False
27,Air Filter,Air Filter,replacement,False,Filters,1.0,pc,450.00,450.00,True,False
27,Oil Filter,Oil Filter,replacement,False,Filters,1.0,pc,250.00,250.00,True,False
29,Tie Rod End,Tie Rod End,replacement,False,Steering & Suspension,2.0,pc,950.00,1900.00,True,False
29,Tie Rod End,Tie Rod End,replacement,False,Steering & Suspension,2.0,pc,950.00,1900.00,True,False
29,Stab Clamp Bushing,Stab Clamp Bushing,replacement,False,General,2.0,pc,500.00,1000.00,True,False
29,Shock Upper,Shock Upper,replacement,False,General,2.0,pc,350.00,700.00,True,False
29,Engine Oil,Engine Oil,standard,False,Fluids & Consumables,4.0,liter,400.00,1600.00,True,False
29,Oil Filter,Oil Filter,replacement,False,Filters,1.0,pc,350.00,350.00,True,False
29,Cabin Filter,Cabin Filter,replacement,False,Filters,1.0,pc,450.00,450.00,True,False
30,Shock,Shock,replacement,False,General,2.0,pc,2200.00,4400.00,True,False
30,Brake Pads,Brake Pads,replacement,False,Braking,1.0,pc,1300.00,1300.00,True,False
30,Engine Oil,Engine Oil,standard,False,Fluids & Consumables,4.0,liter,450.00,1800.00,True,False
30,Oil Filter,Oil Filter,replacement,False,Filters,1.0,pc,350.00,350.00,True,False
30,Cabin Filter,Cabin Filter,replacement,False,Filters,1.0,pc,350.00,350.00,True,False
30,Air Filter,Air Filter,replacement,False,Filters,1.0,pc,450.00,450.00,True,False
30,Brake Cleaner,Brake Cleaner,standard,False,Fluids & Consumables,1.0,liter,250.00,250.00,True,False
30,Sparkplug,Sparkplug,replacement,False,General,3.0,pc,1250.00,3750.00,True,False
31,Brake Master Cylinder,Brake Master Cylinder,replacement,False,Braking,1.0,pc,4000.00,4000.00,True,False
31,Brake Fluid,Brake Fluid,standard,False,Fluids & Consumables,1.0,liter,300.00,300.00,True,False
31,Brake Cleaner,Brake Cleaner,standard,False,Fluids & Consumables,1.0,liter,200.00,200.00,True,False
32,Engine Oil,Engine Oil,standard,False,Fluids & Consumables,8.0,liter,500.00,4000.00,True,False
32,Oil Filter,Oil Filter,replacement,False,Filters,1.0,pc,650.00,650.00,True,False
32,Cabin Filter,Cabin Filter,replacement,False,Filters,1.0,pc,500.00,500.00,True,False
32,Fuel Filter,Fuel Filter,replacement,False,Filters,1.0,pc,450.00,450.00,True,False
32,Brake Cleaner,Brake Cleaner,standard,False,Fluids & Consumables,1.0,liter,250.00,250.00,True,False
32,Air Filter,Air Filter,replacement,False,Filters,1.0,pc,500.00,500.00,True,False
32,Wheel Cylinder,Wheel Cylinder,replacement,False,Braking,2.0,pc,900.00,1800.00,True,False
33,Shock KYB,Shock KYB,replacement,False,General,2.0,pc,4200.00,8400.00,True,False
33,Stabilizer Link,Stabilizer Link,replacement,False,Steering & Suspension,2.0,pc,1200.00,2400.00,True,False
33,Auxiliary Fan / Blower Motor,Auxiliary Fan / Blower Motor,replacement,False,Engine Cooling,1.0,pc,6000.00,6000.00,True,False
34,Spark Plug,Spark Plug,replacement,False,Ignition & Electrical,4.0,pc,280.00,1120.00,True,False
35,Transmission Assy,Transmission Assy,replacement,False,General,1.0,pc,28000.00,28000.00,True,False
35,Dexron 3,Dexron 3,replacement,False,General,6.0,pc,300.00,1800.00,True,False
35,Gear / Differential Oil,Gear / Differential Oil,standard,False,Fluids & Consumables,2.0,liter,250.00,500.00,True,False
35,Crankshaft Oil Seal,Crankshaft Oil Seal,replacement,False,Engine,1.0,pc,3000.00,3000.00,True,False
36,Toyota Gear Oil,Toyota Gear Oil,replacement,False,General,4.0,pc,400.00,1600.00,True,False
36,Oil Filter,Oil Filter,replacement,False,Filters,1.0,pc,250.00,250.00,True,False
36,Air Filter,Air Filter,replacement,False,Filters,1.0,pc,350.00,350.00,True,False
36,Cabin Filter,Cabin Filter,replacement,False,Filters,1.0,pc,350.00,350.00,True,False
36,Suspension Bushing,Suspension Bushing,replacement,False,Steering & Suspension,2.0,pc,450.00,900.00,True,False
36,Valve Cover Gasket,Valve Cover Gasket,replacement,False,Engine,1.0,pc,650.00,650.00,True,False
36,Brake Shoe,Brake Shoe,replacement,False,Braking,1.0,pc,1500.00,1500.00,True,False
37,Stabilizer Link,Stabilizer Link,replacement,False,Steering & Suspension,8.0,pc,80.00,640.00,True,False
37,Stab Clamp Bushing,Stab Clamp Bushing,replacement,False,General,1.0,pc,200.00,200.00,True,False
37,Tie Rod End,Tie Rod End,replacement,False,Steering & Suspension,2.0,pc,950.00,1900.00,True,False
37,Tie Rod End,Tie Rod End,replacement,False,Steering & Suspension,2.0,pc,900.00,1800.00,True,False
37,Clutch Set,Clutch Set,replacement,False,Transmission,1.0,pc,6000.00,6000.00,True,False
38,Axle Oil Seal,Axle Oil Seal,replacement,False,Steering & Suspension,2.0,pc,1600.00,3200.00,True,False
38,Inner Oil Seal,Inner Oil Seal,replacement,False,General,1.0,pc,1500.00,1500.00,True,False
38,Crankshaft Oil Seal,Crankshaft Oil Seal,replacement,False,Engine,1.0,pc,2000.00,2000.00,True,False
38,Automatic Transmission Fluid (ATF),Automatic Transmission Fluid (ATF),standard,False,Fluids & Consumables,8.0,liter,900.00,7200.00,True,False
38,Transmission Filter,Transmission Filter,replacement,False,General,1.0,pc,3000.00,3000.00,True,False
39,Cabin Filter,Cabin Filter,replacement,False,Filters,1.0,pc,1000.00,1000.00,True,False
39,Air Filter,Air Filter,replacement,False,Filters,1.0,pc,1500.00,1500.00,True,False
39,Oil Filter,Oil Filter,replacement,False,Filters,1.0,pc,1300.00,1300.00,True,False
39,Engine Oil,Engine Oil,standard,False,Fluids & Consumables,4.0,liter,600.00,2400.00,True,False
40,Fuel Filter,Fuel Filter,replacement,False,Filters,1.0,pc,750.00,750.00,True,False
40,Valve Cover Gasket,Valve Cover Gasket,replacement,False,Engine,1.0,pc,950.00,950.00,True,False
42,Auxiliary Fan / Blower Motor,Auxiliary Fan / Blower Motor,replacement,False,Engine Cooling,1.0,pc,3500.00,3500.00,True,False
43,Shock,Shock,replacement,False,General,2.0,pc,4200.00,8400.00,True,False
43,CV Joint,CV Joint,replacement,False,Steering & Suspension,2.0,pc,3200.00,6400.00,True,False
43,Suspension Bushing,Suspension Bushing,replacement,False,Steering & Suspension,2.0,pc,550.00,1100.00,True,False
43,Shock Boot,Shock Boot,replacement,False,General,2.0,pc,400.00,800.00,True,False
43,Inner Boot,Inner Boot,replacement,False,General,2.0,pc,350.00,700.00,True,False
44,Starter Motor,Starter Motor,replacement,False,Ignition & Electrical,1.0,pc,2200.00,2200.00,True,False
44,Automotive Light Bulb,Automotive Light Bulb,replacement,False,Ignition & Electrical,2.0,pc,120.00,240.00,True,False
45,Clutch Disc,Clutch Disc,replacement,False,Transmission,1.0,pc,4000.00,4000.00,True,False
45,Pressure Plate,Pressure Plate,replacement,False,Transmission,1.0,pc,5500.00,5500.00,True,False
45,Release Bearing,Release Bearing,replacement,False,Transmission,1.0,pc,1200.00,1200.00,True,False
45,Pilot Bearing,Pilot Bearing,replacement,False,Transmission,1.0,pc,350.00,350.00,True,False
46,Engine Oil,Engine Oil,standard,False,Fluids & Consumables,3.0,liter,350.00,1050.00,True,False
46,Valve Cover Gasket,Valve Cover Gasket,replacement,False,Engine,1.0,pc,1250.00,1250.00,True,False
46,Silicone,Silicone,replacement,False,General,1.0,pc,250.00,250.00,True,False
47,Brake Caliper Repair Kit,Brake Caliper Repair Kit,replacement,False,Braking,1.0,pc,850.00,850.00,True,False
47,Rack End,Rack End,replacement,False,Steering & Suspension,1.0,pc,9000.00,9000.00,True,False
47,Brake Fluid,Brake Fluid,standard,False,Fluids & Consumables,1.0,liter,350.00,350.00,True,False
48,Transmission Assy,Transmission Assy,replacement,False,General,1.0,pc,2800.00,2800.00,True,False
48,Differencial Gear Oil,Differencial Gear Oil,replacement,False,General,2.0,pc,250.00,500.00,True,False
48,Crankshaft Oil Seal,Crankshaft Oil Seal,replacement,False,Engine,1.0,pc,3000.00,3000.00,True,False
48,Rack in Pinion Kit,Rack in Pinion Kit,replacement,False,General,1.0,pc,3500.00,3500.00,True,False
48,Dextron 3,Dextron 3,replacement,False,General,6.0,pc,300.00,1800.00,True,False
49,Pressure Plate,Pressure Plate,replacement,False,Transmission,1.0,pc,3200.00,3200.00,True,False
49,Clutch Disc,Clutch Disc,replacement,False,Transmission,1.0,pc,2500.00,2500.00,True,False
49,Release Bearing,Release Bearing,replacement,False,Transmission,1.0,pc,1200.00,1200.00,True,False
49,Crankshaft Oil Seal,Crankshaft Oil Seal,replacement,False,Engine,1.0,pc,1100.00,1100.00,True,False
49,Axle Oil Seal,Axle Oil Seal,replacement,False,Steering & Suspension,2.0,pc,600.00,1200.00,True,False
49,Camshaft Bushings,Camshaft Bushings,replacement,False,General,1.0,pc,1100.00,1100.00,True,False
49,Suspension Bushing,Suspension Bushing,replacement,False,Steering & Suspension,2.0,pc,450.00,900.00,True,False
49,Axle Boot,Axle Boot,replacement,False,Steering & Suspension,2.0,pc,450.00,900.00,True,False
49,Engine / Transmission Support,Engine / Transmission Support,replacement,False,Engine,1.0,pc,2800.00,2800.00,True,False
49,Valve Cover Gasket,Valve Cover Gasket,replacement,False,Engine,1.0,pc,2500.00,2500.00,True,False
49,Brake Pads,Brake Pads,replacement,False,Braking,1.0,pc,1500.00,1500.00,True,False
49,Gear / Differential Oil,Gear / Differential Oil,standard,False,Fluids & Consumables,1.0,liter,400.00,400.00,True,False
50,Engine / Transmission Support,Engine / Transmission Support,replacement,False,Engine,1.0,pc,2200.00,2200.00,True,False
50,Drive / Fan Belt,Drive / Fan Belt,replacement,False,Engine,1.0,pc,3000.00,3000.00,True,False
50,Shock Rr KYB,Shock Rr KYB,replacement,False,General,2.0,pc,2800.00,5600.00,True,False
50,Silicone,Silicone,replacement,False,General,1.0,pc,250.00,250.00,True,False
50,Engine / Transmission Support,Engine / Transmission Support,replacement,False,Engine,2.0,pc,1600.00,3200.00,True,False
50,Cross Joint,Cross Joint,replacement,False,General,3.0,pc,850.00,2550.00,True,False
50,Trans Oil Seal,Trans Oil Seal,replacement,False,General,1.0,pc,450.00,450.00,True,False
50,Brake Cleaner,Brake Cleaner,standard,False,Fluids & Consumables,1.0,liter,250.00,250.00,True,False
52,Suspension Arm,Suspension Arm,replacement,False,General,1.0,pc,1900.00,1900.00,True,False
52,Tie Rod End,Tie Rod End,replacement,False,Steering & Suspension,1.0,pc,1500.00,1500.00,True,False
52,Replace RH Support,Replace RH Support,replacement,False,General,1.0,pc,800.00,800.00,True,False
52,Support Rear Lower,Support Rear Lower,replacement,False,General,1.0,pc,800.00,800.00,True,False
52,Replace LH Support,Replace LH Support,replacement,False,General,1.0,pc,1800.00,1800.00,True,False
53,Engine Oil,Engine Oil,standard,False,Fluids & Consumables,8.0,liter,350.00,2800.00,True,False
53,Oil Filter,Oil Filter,replacement,False,Filters,1.0,pc,450.00,450.00,True,False
53,Air Filter,Air Filter,replacement,False,Filters,1.0,pc,650.00,650.00,True,False
53,Cabin Filter,Cabin Filter,replacement,False,Filters,1.0,pc,450.00,450.00,True,False
53,Fuel Filter,Fuel Filter,replacement,False,Filters,1.0,pc,450.00,450.00,True,False
53,Spiral Cable,Spiral Cable,replacement,False,General,1.0,pc,3500.00,3500.00,True,False
53,Headlight Bulbs,Headlight Bulbs,replacement,False,General,1.0,pc,450.00,450.00,True,False
53,Stud Bolt,Stud Bolt,replacement,False,General,2.0,pc,250.00,500.00,True,False
53,Stud Nut,Stud Nut,replacement,False,General,2.0,pc,250.00,500.00,True,False
53,Brake Cleaner,Brake Cleaner,standard,False,Fluids & Consumables,1.0,liter,250.00,250.00,True,False
53,Brake Shoe,Brake Shoe,replacement,False,Braking,1.0,pc,2800.00,2800.00,True,False
54,Engine Oil,Engine Oil,standard,False,Fluids & Consumables,3.0,liter,450.00,1350.00,True,False
54,Cabin Filter,Cabin Filter,replacement,False,Filters,1.0,pc,350.00,350.00,True,False
54,Oil Filter,Oil Filter,replacement,False,Filters,1.0,pc,350.00,350.00,True,False
54,Pressure Plate,Pressure Plate,replacement,False,Transmission,1.0,pc,3800.00,3800.00,True,False
54,Pressure Plate,Pressure Plate,original,True,Transmission,1.0,pc,4800.00,4800.00,True,False
54,Clutch Disc,Clutch Disc,replacement,False,Transmission,1.0,pc,2800.00,2800.00,True,False
54,Clutch Disc,Clutch Disc,original,True,Transmission,1.0,pc,5200.00,5200.00,True,False
54,Release Bearing,Release Bearing,original,True,Transmission,1.0,pc,950.00,950.00,True,False
54,Release Bearing,Release Bearing,replacement,False,Transmission,1.0,pc,2000.00,2000.00,True,False
54,Wheel Cylinder,Wheel Cylinder,replacement,False,Braking,1.0,pc,950.00,950.00,True,False
55,Engine Oil,Engine Oil,standard,False,Fluids & Consumables,4.0,liter,450.00,1800.00,True,False
55,Oil Filter,Oil Filter,replacement,False,Filters,1.0,pc,450.00,450.00,True,False
55,Brake Cleaner,Brake Cleaner,standard,False,Fluids & Consumables,1.0,liter,250.00,250.00,True,False
55,Carb / Throttle Cleaner,Carb / Throttle Cleaner,standard,False,Fluids & Consumables,1.0,liter,250.00,250.00,True,False
56,Valve Cover Gasket,Valve Cover Gasket,replacement,False,Engine,1.0,pc,1500.00,1500.00,True,False
56,Injector Washer,Injector Washer,replacement,False,General,4.0,pc,250.00,1000.00,True,False
56,Injector O-ring,Injector O-ring,replacement,False,General,4.0,pc,150.00,600.00,True,False
56,Power Steering Fluid,Power Steering Fluid,standard,False,Fluids & Consumables,2.0,liter,450.00,900.00,True,False
56,Pressurized Hose,Pressurized Hose,replacement,False,General,1.0,pc,3500.00,3500.00,True,False
56,Silicone,Silicone,replacement,False,General,1.0,pc,250.00,250.00,True,False
56,Engine Oil,Engine Oil,standard,False,Fluids & Consumables,8.0,liter,450.00,3600.00,True,False
56,Oil Filter,Oil Filter,replacement,False,Filters,1.0,pc,550.00,550.00,True,False
56,Air Filter,Air Filter,replacement,False,Filters,1.0,pc,650.00,650.00,True,False
56,Cabin Filter,Cabin Filter,replacement,False,Filters,1.0,pc,550.00,550.00,True,False
56,Fuel Filter,Fuel Filter,replacement,False,Filters,1.0,pc,1200.00,1200.00,True,False
57,Transmission,Transmission,replacement,False,General,1.0,pc,65000.00,65000.00,True,False
57,Automatic Transmission Fluid (ATF),Automatic Transmission Fluid (ATF),standard,False,Fluids & Consumables,8.0,liter,450.00,3600.00,True,False
58,Rack End,Rack End,replacement,False,Steering & Suspension,1.0,pc,8500.00,8500.00,True,False
58,Brake Caliper Repair Kit,Brake Caliper Repair Kit,replacement,False,Braking,1.0,pc,850.00,850.00,True,False
58,Brake Fluid,Brake Fluid,standard,False,Fluids & Consumables,1.0,liter,300.00,300.00,True,False
59,Drive / Fan Belt,Drive / Fan Belt,replacement,False,Engine,1.0,pc,750.00,750.00,True,False
59,Ignition Coil,Ignition Coil,replacement,False,Ignition & Electrical,2.0,pc,800.00,1600.00,True,False
59,Spark Plug,Spark Plug,replacement,False,Ignition & Electrical,3.0,pc,250.00,750.00,True,False
59,Engine Coolant,Engine Coolant,standard,False,Fluids & Consumables,1.0,liter,1000.00,1000.00,True,False
60,Silicone,Silicone,replacement,False,General,1.0,pc,250.00,250.00,True,False
60,Oil Filter,Oil Filter,replacement,False,Filters,1.0,pc,250.00,250.00,True,False
60,Engine Oil,Engine Oil,standard,False,Fluids & Consumables,3.0,liter,350.00,1050.00,True,False
60,Valve Seal,Valve Seal,replacement,False,General,12.0,pc,100.00,1200.00,True,False
61,Engine Oil,Engine Oil,standard,False,Fluids & Consumables,8.0,liter,450.00,3600.00,True,False
61,Oil Filter,Oil Filter,replacement,False,Filters,1.0,pc,450.00,450.00,True,False
61,Cabin Filter,Cabin Filter,replacement,False,Filters,1.0,pc,450.00,450.00,True,False
61,Brake Cleaner,Brake Cleaner,standard,False,Fluids & Consumables,1.0,liter,250.00,250.00,True,False
61,Air Filter,Air Filter,replacement,False,Filters,1.0,pc,750.00,750.00,True,False
61,Fuel Filter,Fuel Filter,replacement,False,Filters,1.0,pc,650.00,650.00,True,False
61,EGR,EGR,replacement,False,General,1.0,pc,13500.00,13500.00,True,False
62,Stabilizer Link,Stabilizer Link,replacement,False,Steering & Suspension,8.0,pc,800.00,6400.00,True,False
62,Stab Clamp Bushing,Stab Clamp Bushing,replacement,False,General,2.0,pc,250.00,500.00,True,False
62,Tie Rod End,Tie Rod End,replacement,False,Steering & Suspension,2.0,pc,950.00,1900.00,True,False
62,Tie Rod End,Tie Rod End,replacement,False,Steering & Suspension,2.0,pc,650.00,1300.00,True,False
63,Cabin Filter,Cabin Filter,replacement,False,Filters,1.0,pc,1000.00,1000.00,True,False
63,Air Filter,Air Filter,replacement,False,Filters,1.0,pc,1500.00,1500.00,True,False
63,Oil Filter,Oil Filter,replacement,False,Filters,1.0,pc,1300.00,1300.00,True,False
63,Engine Oil,Engine Oil,standard,False,Fluids & Consumables,4.0,liter,600.00,2400.00,True,False
65,Returned Hose,Returned Hose,replacement,False,General,3.0,pc,1100.00,3300.00,True,False
65,Pressurized Hose,Pressurized Hose,replacement,False,General,1.0,pc,3200.00,3200.00,True,False
65,Power Steering Fluid,Power Steering Fluid,standard,False,Fluids & Consumables,1.0,liter,350.00,350.00,True,False
66,Valve Cover Gasket,Valve Cover Gasket,replacement,False,Engine,1.0,pc,650.00,650.00,True,False
66,Brake Pads,Brake Pads,replacement,False,Braking,1.0,pc,1300.00,1300.00,True,False
66,Oil Filter,Oil Filter,replacement,False,Filters,1.0,pc,350.00,350.00,True,False
66,Air Filter,Air Filter,replacement,False,Filters,1.0,pc,450.00,450.00,True,False
66,Engine Oil,Engine Oil,standard,False,Fluids & Consumables,4.0,liter,400.00,1600.00,True,False
66,Shock Mounting,Shock Mounting,replacement,False,Steering & Suspension,2.0,pc,750.00,1500.00,True,False
66,Brake Cleaner,Brake Cleaner,standard,False,Fluids & Consumables,1.0,liter,250.00,250.00,True,False
66,Cabin Filter,Cabin Filter,replacement,False,Filters,1.0,pc,350.00,350.00,True,False
67,Connecting Rod Bearing,Connecting Rod Bearing,replacement,False,General,1.0,pc,1200.00,1200.00,True,False
67,Main Bearing (min),Main Bearing (min),replacement,False,General,1.0,pc,2000.00,2000.00,True,False
67,Thrust Washer Daido,Thrust Washer Daido,replacement,False,General,1.0,pc,600.00,600.00,True,False
67,Piston Ring,Piston Ring,replacement,False,General,1.0,pc,3500.00,3500.00,True,False
67,Overhauling Gasket Set,Overhauling Gasket Set,replacement,False,Engine,1.0,pc,4500.00,4500.00,True,False
67,Engine Oil,Engine Oil,standard,False,Fluids & Consumables,6.0,liter,400.00,2400.00,True,False
67,Oil Filter,Oil Filter,replacement,False,Filters,1.0,pc,350.00,350.00,True,False
67,Engine Coolant,Engine Coolant,standard,False,Fluids & Consumables,7.0,liter,150.00,1050.00,True,False
67,Silicone,Silicone,replacement,False,General,1.0,pc,250.00,250.00,True,False
67,Liner,Liner,replacement,False,General,1.0,pc,4500.00,4500.00,True,False
68,Air Filter,Air Filter,replacement,False,Filters,1.0,pc,550.00,550.00,True,False
68,Oil Filter,Oil Filter,replacement,False,Filters,1.0,pc,450.00,450.00,True,False
68,Tie Rod End,Tie Rod End,replacement,False,Steering & Suspension,2.0,pc,850.00,1700.00,True,False
68,Tie Rod End,Tie Rod End,replacement,False,Steering & Suspension,2.0,pc,850.00,1700.00,True,False
68,Brake Pads,Brake Pads,replacement,False,Braking,1.0,pc,1800.00,1800.00,True,False
68,Engine Oil,Engine Oil,standard,False,Fluids & Consumables,5.0,liter,450.00,2250.00,True,False
68,Steering Boots,Steering Boots,replacement,False,General,2.0,pc,350.00,700.00,True,False
69,Shocking Bearing,Shocking Bearing,replacement,False,General,3.0,pc,450.00,1350.00,True,False
69,Brake Cleaner,Brake Cleaner,standard,False,Fluids & Consumables,1.0,liter,250.00,250.00,True,False
70,Shock,Shock,replacement,False,General,2.0,pc,5500.00,11000.00,True,False
70,Rack End,Rack End,replacement,False,Steering & Suspension,2.0,pc,1700.00,3400.00,True,False
70,Tier Rod Bar,Tier Rod Bar,replacement,False,General,2.0,pc,1800.00,3600.00,True,False
70,Suspension Arm,Suspension Arm,replacement,False,General,2.0,pc,5000.00,10000.00,True,False
71,Brake Cleaner,Brake Cleaner,standard,False,Fluids & Consumables,1.0,liter,250.00,250.00,True,False
71,Ball Joint,Ball Joint,replacement,False,Steering & Suspension,2.0,pc,750.00,1500.00,True,False
72,Shock Front - KYB,Shock Front - KYB,replacement,False,General,2.0,pc,3500.00,7000.00,True,False
72,Shock Mounting,Shock Mounting,replacement,False,Steering & Suspension,2.0,pc,750.00,1500.00,True,False
73,Transmission Filter,Transmission Filter,replacement,False,General,1.0,pc,5000.00,5000.00,True,False
73,Engine / Transmission Support,Engine / Transmission Support,replacement,False,Engine,1.0,pc,5000.00,5000.00,True,False
73,Transmission Oil Seal,Transmission Oil Seal,replacement,False,General,1.0,pc,1200.00,1200.00,True,False
73,Inhibitor Oil Seal,Inhibitor Oil Seal,replacement,False,General,1.0,pc,350.00,350.00,True,False
74,Brake Pads,Brake Pads,replacement,False,Braking,1.0,pc,1400.00,1400.00,True,False
74,Brake Shoe,Brake Shoe,replacement,False,Braking,1.0,pc,1500.00,1500.00,True,False
74,Shock Mounting,Shock Mounting,replacement,False,Steering & Suspension,2.0,pc,950.00,1900.00,True,False
74,Air Filter,Air Filter,replacement,False,Filters,1.0,pc,450.00,450.00,True,False
74,Cabin Filter,Cabin Filter,replacement,False,Filters,1.0,pc,350.00,350.00,True,False
74,Oil Filter,Oil Filter,replacement,False,Filters,1.0,pc,350.00,350.00,True,False
74,Engine Oil,Engine Oil,standard,False,Fluids & Consumables,3.0,liter,450.00,1350.00,True,False
75,Cylinder Head Gasket,Cylinder Head Gasket,replacement,False,Engine,1.0,pc,2200.00,2200.00,True,False
75,Thermostat,Thermostat,replacement,False,Engine Cooling,1.0,pc,800.00,800.00,True,False
75,Valve Cover Gasket,Valve Cover Gasket,replacement,False,Engine,1.0,pc,750.00,750.00,True,False
75,Engine Coolant,Engine Coolant,standard,False,Fluids & Consumables,8.0,liter,200.00,1600.00,True,False
75,Engine Oil,Engine Oil,standard,False,Fluids & Consumables,6.0,liter,550.00,3300.00,True,False
75,Air Filter,Air Filter,replacement,False,Filters,1.0,pc,650.00,650.00,True,False
75,Oil Filter,Oil Filter,replacement,False,Filters,1.0,pc,450.00,450.00,True,False
75,Cabin Filter,Cabin Filter,replacement,False,Filters,1.0,pc,550.00,550.00,True,False
75,Silicone,Silicone,replacement,False,General,2.0,pc,250.00,500.00,True,False
75,Copper Spray,Copper Spray,replacement,False,General,1.0,pc,1200.00,1200.00,True,False
75,Intake Gasket,Intake Gasket,replacement,False,General,1.0,pc,550.00,550.00,True,False
75,Valve Seal,Valve Seal,replacement,False,General,6.0,pc,150.00,900.00,True,False
77,Engine Oil,Engine Oil,standard,False,Fluids & Consumables,5.0,liter,400.00,2000.00,True,False
77,Oil Filter,Oil Filter,replacement,False,Filters,1.0,pc,450.00,450.00,True,False
77,Air Filter,Air Filter,replacement,False,Filters,1.0,pc,450.00,450.00,True,False
77,Cabin Filter,Cabin Filter,replacement,False,Filters,1.0,pc,400.00,400.00,True,False
79,Injector Seal,Injector Seal,replacement,False,General,4.0,pc,350.00,1400.00,True,False
79,Injector Seal,Injector Seal,replacement,False,General,4.0,pc,350.00,1400.00,True,False
79,Oil Filter,Oil Filter,replacement,False,Filters,1.0,pc,450.00,450.00,True,False
79,Fuel Filter,Fuel Filter,replacement,False,Filters,1.0,pc,350.00,350.00,True,False
79,Air Filter,Air Filter,replacement,False,Filters,1.0,pc,450.00,450.00,True,False
79,Brake Pads,Brake Pads,replacement,False,Braking,1.0,pc,1350.00,1350.00,True,False
79,Injector O-ring,Injector O-ring,replacement,False,General,4.0,pc,550.00,2200.00,True,False
79,Injector Washer,Injector Washer,replacement,False,General,4.0,pc,450.00,1800.00,True,False
79,Timing Belt,Timing Belt,replacement,False,Engine,1.0,pc,2700.00,2700.00,True,False
79,Timing Belt,Timing Belt,replacement,False,Engine,1.0,pc,1500.00,1500.00,True,False
80,Brake Cleaner,Brake Cleaner,standard,False,Fluids & Consumables,1.0,liter,250.00,250.00,True,False
80,Engine Oil,Engine Oil,standard,False,Fluids & Consumables,8.0,liter,400.00,3200.00,True,False
80,Cabin Filter,Cabin Filter,replacement,False,Filters,1.0,pc,450.00,450.00,True,False
80,Oil Filter,Oil Filter,replacement,False,Filters,1.0,pc,350.00,350.00,True,False
80,Fuel Filter,Fuel Filter,replacement,False,Filters,1.0,pc,450.00,450.00,True,False
80,Ws ATF,Ws ATF,replacement,False,General,1.0,pc,2200.00,2200.00,True,False
80,Silacone,Silacone,replacement,False,General,1.0,pc,250.00,250.00,True,False
80,Transmission Filter,Transmission Filter,replacement,False,General,1.0,pc,2500.00,2500.00,True,False
81,Pressure Plate,Pressure Plate,replacement,False,Transmission,1.0,pc,6000.00,6000.00,True,False
81,Clutch Disc,Clutch Disc,replacement,False,Transmission,1.0,pc,4200.00,4200.00,True,False
81,Release Bearing,Release Bearing,replacement,False,Transmission,1.0,pc,1250.00,1250.00,True,False
81,Pivot,Pivot,replacement,False,General,1.0,pc,250.00,250.00,True,False
81,Crankshaft Oil Seal,Crankshaft Oil Seal,replacement,False,Engine,1.0,pc,850.00,850.00,True,False
82,Tie Rod End,Tie Rod End,replacement,False,Steering & Suspension,2.0,pc,1200.00,2400.00,True,False
82,Stabilizer Link,Stabilizer Link,replacement,False,Steering & Suspension,2.0,pc,1200.00,2400.00,True,False
82,Engine Oil,Engine Oil,standard,False,Fluids & Consumables,8.0,liter,350.00,2800.00,True,False
82,Oil Filter,Oil Filter,replacement,False,Filters,1.0,pc,250.00,250.00,True,False
82,Cabin Filter,Cabin Filter,replacement,False,Filters,1.0,pc,350.00,350.00,True,False
82,Air Filter,Air Filter,original,True,Filters,1.0,pc,2200.00,2200.00,True,False
82,Fuel Filter,Fuel Filter,replacement,False,Filters,1.0,pc,450.00,450.00,True,False
82,Brake Cleaner,Brake Cleaner,standard,False,Fluids & Consumables,1.0,liter,250.00,250.00,True,False
83,Silicone,Silicone,replacement,False,General,1.0,pc,250.00,250.00,True,False
83,Valve Gasket,Valve Gasket,original,True,General,1.0,pc,1500.00,1500.00,True,False
85,Engine Oil,Engine Oil,standard,False,Fluids & Consumables,4.0,liter,400.00,1600.00,True,False
85,Cvtf,Cvtf,replacement,False,General,1.0,pc,1800.00,1800.00,True,False
85,Brake Cleaner,Brake Cleaner,standard,False,Fluids & Consumables,1.0,liter,250.00,250.00,True,False
86,Pitman Arm,Pitman Arm,replacement,False,General,1.0,pc,900.00,900.00,True,False
86,Suspension Bushing,Suspension Bushing,replacement,False,Steering & Suspension,1.0,pc,800.00,800.00,True,False
86,Handbrake Cable,Handbrake Cable,replacement,False,General,1.0,pc,2500.00,2500.00,True,False
87,Engine Oil,Engine Oil,standard,False,Fluids & Consumables,4.0,liter,350.00,1400.00,True,False
87,Cvtf,Cvtf,replacement,False,General,1.0,pc,2200.00,2200.00,True,False
87,Brake Cleaner,Brake Cleaner,standard,False,Fluids & Consumables,1.0,liter,250.00,250.00,True,False
87,Oil Filter,Oil Filter,replacement,False,Filters,1.0,pc,350.00,350.00,True,False
87,Air Filter,Air Filter,replacement,False,Filters,1.0,pc,650.00,650.00,True,False
87,Cabin Filter,Cabin Filter,replacement,False,Filters,1.0,pc,450.00,450.00,True,False
88,Engine Oil,Engine Oil,standard,False,Fluids & Consumables,4.0,liter,400.00,1600.00,True,False
88,Cvtf,Cvtf,replacement,False,General,1.0,pc,3500.00,3500.00,True,False
88,Brake Cleaner,Brake Cleaner,standard,False,Fluids & Consumables,1.0,liter,250.00,250.00,True,False
88,Air Filter,Air Filter,replacement,False,Filters,1.0,pc,650.00,650.00,True,False
88,Cabin Filter,Cabin Filter,replacement,False,Filters,1.0,pc,450.00,450.00,True,False
88,Oil Filter,Oil Filter,replacement,False,Filters,1.0,pc,350.00,350.00,True,False
90,Timing Belt,Timing Belt,replacement,False,Engine,1.0,pc,4500.00,4500.00,True,False
90,Belt Tensioner,Belt Tensioner,replacement,False,Engine,1.0,pc,800.00,800.00,True,False
90,Tensioner Adjuster,Tensioner Adjuster,replacement,False,General,1.0,pc,2700.00,2700.00,True,False
90,Water Pump,Water Pump,replacement,False,Engine Cooling,1.0,pc,3000.00,3000.00,True,False
90,Water Inlet,Water Inlet,replacement,False,General,1.0,pc,2500.00,2500.00,True,False
90,Engine Coolant,Engine Coolant,standard,False,Fluids & Consumables,4.0,liter,200.00,800.00,True,False
90,Axle Oil Seal,Axle Oil Seal,replacement,False,Steering & Suspension,1.0,pc,850.00,850.00,True,False
90,Oil Filter,Oil Filter,replacement,False,Filters,1.0,pc,450.00,450.00,True,False
90,Cabin Filter,Cabin Filter,replacement,False,Filters,1.0,pc,550.00,550.00,True,False
90,Air Filter,Air Filter,replacement,False,Filters,1.0,pc,750.00,750.00,True,False
90,Tie Rod End,Tie Rod End,replacement,False,Steering & Suspension,2.0,pc,1200.00,2400.00,True,False
90,Tie Rod End,Tie Rod End,replacement,False,Steering & Suspension,2.0,pc,1200.00,2400.00,True,False
90,Stabilizer Link,Stabilizer Link,replacement,False,Steering & Suspension,2.0,pc,1200.00,2400.00,True,False
90,Valve Cover Gasket,Valve Cover Gasket,replacement,False,Engine,1.0,pc,750.00,750.00,True,False
91,Engine Oil,Engine Oil,standard,False,Fluids & Consumables,8.0,liter,450.00,3600.00,True,False
91,Oil Filter,Oil Filter,replacement,False,Filters,1.0,pc,700.00,700.00,True,False
91,Air Filter,Air Filter,original,True,Filters,1.0,pc,1700.00,1700.00,True,False
91,Fuel Filter,Fuel Filter,replacement,False,Filters,1.0,pc,750.00,750.00,True,False
91,Brake Cleaner,Brake Cleaner,standard,False,Fluids & Consumables,1.0,liter,250.00,250.00,True,False
92,Timing Belt,Timing Belt,replacement,False,Engine,1.0,pc,4350.00,4350.00,True,False
92,Belt Tensioner,Belt Tensioner,replacement,False,Engine,1.0,pc,650.00,650.00,True,False
92,Water Pump,Water Pump,replacement,False,Engine Cooling,1.0,pc,3000.00,3000.00,True,False
92,Water Inlet,Water Inlet,replacement,False,General,1.0,pc,2500.00,2500.00,True,False
92,Engine Coolant,Engine Coolant,standard,False,Fluids & Consumables,4.0,liter,175.00,700.00,True,False
92,Axle Oil Seal,Axle Oil Seal,replacement,False,Steering & Suspension,1.0,pc,850.00,850.00,True,False
92,Oil Filter,Oil Filter,replacement,False,Filters,1.0,pc,450.00,450.00,True,False
92,Cabin Filter,Cabin Filter,replacement,False,Filters,1.0,pc,550.00,550.00,True,False
92,Air Filter,Air Filter,replacement,False,Filters,1.0,pc,750.00,750.00,True,False
92,Tier Rod Bar,Tier Rod Bar,replacement,False,General,2.0,pc,1200.00,2400.00,True,False
92,Tier Rod End,Tier Rod End,replacement,False,General,2.0,pc,1200.00,2400.00,True,False
92,Stabilizer Link,Stabilizer Link,replacement,False,Steering & Suspension,2.0,pc,1250.00,2500.00,True,False
92,Valve Cover Gasket,Valve Cover Gasket,replacement,False,Engine,1.0,pc,750.00,750.00,True,False
93,Oil Filter,Oil Filter,replacement,False,Filters,1.0,pc,750.00,750.00,True,False
93,Engine Oil,Engine Oil,standard,False,Fluids & Consumables,8.0,liter,350.00,2800.00,True,False
93,Fuel Filter,Fuel Filter,replacement,False,Filters,1.0,pc,1800.00,1800.00,True,False
93,Brake Cleaner,Brake Cleaner,standard,False,Fluids & Consumables,1.0,liter,250.00,250.00,True,False
93,Air Filter,Air Filter,replacement,False,Filters,1.0,pc,850.00,850.00,True,False
94,A/C Evaporator,A/C Evaporator,replacement,False,Climate Control,1.0,pc,11500.00,11500.00,True,False
94,A/C Expansion Valve,A/C Expansion Valve,replacement,False,Climate Control,1.0,pc,2500.00,2500.00,True,False
94,A/C Filter Drier,A/C Filter Drier,replacement,False,Climate Control,1.0,pc,800.00,800.00,True,False
95,Valve Cover Gasket,Valve Cover Gasket,replacement,False,Engine,1.0,pc,650.00,650.00,True,False
96,Suspension Bushing,Suspension Bushing,replacement,False,Steering & Suspension,2.0,pc,550.00,1100.00,True,False
96,Suspension Arm Assy,Suspension Arm Assy,replacement,False,General,2.0,pc,1800.00,3600.00,True,False
97,Engine Oil,Engine Oil,standard,False,Fluids & Consumables,8.0,liter,450.00,3600.00,True,False
97,Oil Filter,Oil Filter,replacement,False,Filters,1.0,pc,450.00,450.00,True,False
97,Air Filter,Air Filter,replacement,False,Filters,1.0,pc,750.00,750.00,True,False
97,Cabin Filter,Cabin Filter,replacement,False,Filters,1.0,pc,450.00,450.00,True,False
97,Brake Cleaner,Brake Cleaner,standard,False,Fluids & Consumables,1.0,liter,250.00,250.00,True,False
97,Fuel Filter,Fuel Filter,replacement,False,Filters,1.0,pc,650.00,650.00,True,False
97,EGR,EGR,replacement,False,General,1.0,pc,12500.00,12500.00,True,False
98,Pressure Plat,Pressure Plat,replacement,False,General,1.0,pc,4200.00,4200.00,True,False
98,Clutch Disc,Clutch Disc,replacement,False,Transmission,1.0,pc,2900.00,2900.00,True,False
98,Merge Bearing,Merge Bearing,replacement,False,General,1.0,pc,1200.00,1200.00,True,False
98,Pivot,Pivot,replacement,False,General,1.0,pc,300.00,300.00,True,False
98,Valve Cover,Valve Cover,replacement,False,General,1.0,pc,650.00,650.00,True,False
98,Gear / Differential Oil,Gear / Differential Oil,standard,False,Fluids & Consumables,2.0,liter,500.00,1000.00,True,False
99,Overhauling Gasket Set,Overhauling Gasket Set,replacement,False,Engine,1.0,pc,2000.00,2000.00,True,False
99,Timing Belt,Timing Belt,replacement,False,Engine,1.0,pc,1250.00,1250.00,True,False
99,Balancer,Balancer,replacement,False,General,1.0,pc,1500.00,1500.00,True,False
99,Tensioner,Tensioner,replacement,False,General,1.0,pc,1500.00,1500.00,True,False
99,Engine Oil,Engine Oil,standard,False,Fluids & Consumables,4.0,liter,400.00,1600.00,True,False
99,Oil Filter,Oil Filter,replacement,False,Filters,1.0,pc,250.00,250.00,True,False
99,Thermostat,Thermostat,replacement,False,Engine Cooling,1.0,pc,1200.00,1200.00,True,False
100,Spark Plug,Spark Plug,replacement,False,Ignition & Electrical,4.0,pc,450.00,1800.00,True,False
100,Shock Mounting,Shock Mounting,replacement,False,Steering & Suspension,2.0,pc,950.00,1900.00,True,False
100,CV Joint,CV Joint,replacement,False,Steering & Suspension,2.0,pc,1750.00,3500.00,True,False
100,Engine / Transmission Support,Engine / Transmission Support,replacement,False,Engine,2.0,pc,1550.00,3100.00,True,False
101,Upper Suspension,Upper Suspension,replacement,False,General,2.0,pc,1600.00,3200.00,True,False
101,Tie Rod End,Tie Rod End,replacement,False,Steering & Suspension,2.0,pc,1100.00,2200.00,True,False
101,Tie Rod End,Tie Rod End,replacement,False,Steering & Suspension,2.0,pc,900.00,1800.00,True,False
101,Stabilizer Link,Stabilizer Link,replacement,False,Steering & Suspension,2.0,pc,900.00,1800.00,True,False
101,Lateral Link,Lateral Link,replacement,False,General,2.0,pc,950.00,1900.00,True,False
101,Stabilizer Clamp,Stabilizer Clamp,replacement,False,General,2.0,pc,450.00,900.00,True,False
102,Engine Coolant,Engine Coolant,standard,False,Fluids & Consumables,6.0,liter,175.00,1050.00,True,False
103,Engine Coolant,Engine Coolant,standard,False,Fluids & Consumables,6.0,liter,175.00,1050.00,True,False
104,Rack in Pinion Assy,Rack in Pinion Assy,replacement,False,General,1.0,pc,9000.00,9000.00,True,False
105,Rack and Pinion Assy,Rack and Pinion Assy,replacement,False,General,1.0,pc,9000.00,9000.00,True,False
107,Rack N Pinion Assy,Rack N Pinion Assy,replacement,False,General,1.0,pc,9000.00,9000.00,True,False
107,Rebushing Rack N Pinion,Rebushing Rack N Pinion,replacement,False,General,1.0,pc,4500.00,4500.00,True,False
108,Air Filter,Air Filter,original,True,Filters,1.0,pc,2650.00,2650.00,True,False
108,Brake Pads,Brake Pads,replacement,False,Braking,1.0,pc,13200.00,13200.00,True,False
108,Engine Oil,Engine Oil,standard,False,Fluids & Consumables,7.0,liter,400.00,2800.00,True,False
108,Oil Filter,Oil Filter,replacement,False,Filters,1.0,pc,350.00,350.00,True,False
108,Cabin Filter,Cabin Filter,replacement,False,Filters,1.0,pc,350.00,350.00,True,False
108,Fuel Filter,Fuel Filter,replacement,False,Filters,1.0,pc,450.00,450.00,True,False
108,Fender Liner,Fender Liner,replacement,False,General,1.0,pc,1800.00,1800.00,True,False
109,Steering Pump,Steering Pump,replacement,False,General,1.0,pc,4800.00,4800.00,True,False
109,Power Steering Fluid,Power Steering Fluid,standard,False,Fluids & Consumables,1.0,liter,400.00,400.00,True,False
110,Brake Pads,Brake Pads,replacement,False,Braking,1.0,pc,4700.00,4700.00,True,False
110,Automatic Transmission Fluid (ATF),Automatic Transmission Fluid (ATF),standard,False,Fluids & Consumables,1.0,liter,1000.00,1000.00,True,False
110,Cabin Filter,Cabin Filter,replacement,False,Filters,1.0,pc,350.00,350.00,True,False
110,Oil Filter,Oil Filter,replacement,False,Filters,1.0,pc,550.00,550.00,True,False
111,Shock Mounting,Shock Mounting,replacement,False,Steering & Suspension,2.0,pc,2000.00,4000.00,True,False
111,Shock Absorber,Shock Absorber,replacement,False,Steering & Suspension,2.0,pc,3500.00,7000.00,True,False
112,Assy. Differential,Assy. Differential,replacement,False,General,1.0,pc,55000.00,55000.00,True,False
112,Gear / Differential Oil,Gear / Differential Oil,standard,False,Fluids & Consumables,3.0,liter,400.00,1200.00,True,False
113,Water Pump,Water Pump,replacement,False,Engine Cooling,1.0,pc,2800.00,2800.00,True,False
115,Cabin Filter,Cabin Filter,replacement,False,Filters,1.0,pc,600.00,600.00,True,False
115,Oil Filter,Oil Filter,replacement,False,Filters,1.0,pc,600.00,600.00,True,False
115,Brake Pads,Brake Pads,replacement,False,Braking,1.0,pc,1450.00,1450.00,True,False
115,Engine Oil,Engine Oil,standard,False,Fluids & Consumables,8.0,liter,450.00,3600.00,True,False
115,Brake Cleaner,Brake Cleaner,standard,False,Fluids & Consumables,1.0,liter,250.00,250.00,True,False
115,Air Filter,Air Filter,replacement,False,Filters,1.0,pc,650.00,650.00,True,False
117,Engine Oil,Engine Oil,standard,False,Fluids & Consumables,5.0,liter,400.00,2000.00,True,False
117,Oil Filter,Oil Filter,replacement,False,Filters,1.0,pc,350.00,350.00,True,False
117,Cabin Filter,Cabin Filter,replacement,False,Filters,1.0,pc,650.00,650.00,True,False
117,Air Filter,Air Filter,replacement,False,Filters,1.0,pc,750.00,750.00,True,False
117,Brake Cleaner,Brake Cleaner,standard,False,Fluids & Consumables,1.0,liter,250.00,250.00,True,False
117,Spark Plug,Spark Plug,replacement,False,Ignition & Electrical,4.0,pc,400.00,1600.00,True,False
117,Brake Fluid,Brake Fluid,standard,False,Fluids & Consumables,1.0,liter,300.00,300.00,True,False
118,Engine Oil,Engine Oil,standard,False,Fluids & Consumables,5.0,liter,400.00,2000.00,True,False
118,Oil Filter,Oil Filter,replacement,False,Filters,1.0,pc,350.00,350.00,True,False
118,Cabin Filter,Cabin Filter,replacement,False,Filters,1.0,pc,650.00,650.00,True,False
118,Air Filter,Air Filter,replacement,False,Filters,1.0,pc,750.00,750.00,True,False
118,Brake Cleaner,Brake Cleaner,standard,False,Fluids & Consumables,1.0,liter,250.00,250.00,True,False
118,Sparkplug,Sparkplug,replacement,False,General,4.0,pc,400.00,1600.00,True,False
118,Brake Fluid,Brake Fluid,standard,False,Fluids & Consumables,1.0,liter,300.00,300.00,True,False
118,Brake Pads,Brake Pads,replacement,False,Braking,1.0,pc,1500.00,1500.00,True,False
118,Engine Coolant,Engine Coolant,standard,False,Fluids & Consumables,1.0,liter,350.00,350.00,True,False
119,Drive / Fan Belt,Drive / Fan Belt,replacement,False,Engine,2.0,pc,550.00,1100.00,True,False
119,Drive / Fan Belt,Drive / Fan Belt,replacement,False,Engine,1.0,pc,450.00,450.00,True,False
119,Reverse Switch,Reverse Switch,replacement,False,General,1.0,pc,950.00,950.00,True,False
120,Upper Suspension,Upper Suspension,replacement,False,General,1.0,pc,4500.00,4500.00,True,False
120,Tie Rod End,Tie Rod End,replacement,False,Steering & Suspension,2.0,pc,1200.00,2400.00,True,False
120,Pitman Bar,Pitman Bar,replacement,False,General,2.0,pc,1200.00,2400.00,True,False
120,Brake Pads,Brake Pads,replacement,False,Braking,1.0,pc,1500.00,1500.00,True,False
120,Fuel Filter,Fuel Filter,replacement,False,Filters,1.0,pc,450.00,450.00,True,False
120,Air Filter,Air Filter,replacement,False,Filters,1.0,pc,750.00,750.00,True,False
120,Cabin Filter,Cabin Filter,replacement,False,Filters,1.0,pc,350.00,350.00,True,False
120,Oil Filter,Oil Filter,replacement,False,Filters,1.0,pc,350.00,350.00,True,False
120,Engine Oil,Engine Oil,standard,False,Fluids & Consumables,9.0,liter,400.00,3600.00,True,False
120,Brake Shoe,Brake Shoe,replacement,False,Braking,1.0,pc,2500.00,2500.00,True,False
120,Brake Cleaner,Brake Cleaner,standard,False,Fluids & Consumables,1.0,liter,250.00,250.00,True,False
121,Cabin Filter,Cabin Filter,replacement,False,Filters,1.0,pc,350.00,350.00,True,False
121,Air Filter,Air Filter,replacement,False,Filters,1.0,pc,450.00,450.00,True,False
122,Upper Suspension,Upper Suspension,replacement,False,General,1.0,pc,4300.00,4300.00,True,False
122,Tie Rod End,Tie Rod End,replacement,False,Steering & Suspension,2.0,pc,1100.00,2200.00,True,False
122,Tie Rod End,Tie Rod End,replacement,False,Steering & Suspension,2.0,pc,1150.00,2300.00,True,False
122,Brake Pads,Brake Pads,replacement,False,Braking,1.0,pc,1400.00,1400.00,True,False
122,Fuel Filter,Fuel Filter,replacement,False,Filters,1.0,pc,500.00,500.00,True,False
122,Air Filter,Air Filter,replacement,False,Filters,1.0,pc,700.00,700.00,True,False
122,Cabin Filter,Cabin Filter,replacement,False,Filters,1.0,pc,350.00,350.00,True,False
122,Oil Filter,Oil Filter,replacement,False,Filters,1.0,pc,350.00,350.00,True,False
122,Brake Shoe,Brake Shoe,replacement,False,Braking,1.0,pc,2300.00,2300.00,True,False
122,Brake Cleaner,Brake Cleaner,standard,False,Fluids & Consumables,1.0,liter,250.00,250.00,True,False
122,Engine Oil,Engine Oil,standard,False,Fluids & Consumables,9.0,liter,370.00,3330.00,True,False
122,Drive / Fan Belt,Drive / Fan Belt,replacement,False,Engine,1.0,pc,2300.00,2300.00,True,False
123,Auxiliary Fan / Blower Motor,Auxiliary Fan / Blower Motor,replacement,False,Engine Cooling,1.0,pc,2800.00,2800.00,True,False
124,Steering Pump,Steering Pump,replacement,False,General,1.0,pc,4800.00,4800.00,True,False
124,Power Steering Fluid,Power Steering Fluid,standard,False,Fluids & Consumables,1.0,liter,400.00,400.00,True,False
124,Engine Oil,Engine Oil,standard,False,Fluids & Consumables,9.0,liter,450.00,4050.00,True,False
124,Air Filter,Air Filter,replacement,False,Filters,1.0,pc,750.00,750.00,True,False
124,Oil Filter,Oil Filter,replacement,False,Filters,1.0,pc,650.00,650.00,True,False
125,Upper Suspension,Upper Suspension,replacement,False,General,1.0,pc,4300.00,4300.00,True,False
125,Tie Rod End,Tie Rod End,replacement,False,Steering & Suspension,2.0,pc,1100.00,2200.00,True,False
125,Tie Rod End,Tie Rod End,replacement,False,Steering & Suspension,2.0,pc,1150.00,2300.00,True,False
125,Brake Pads,Brake Pads,replacement,False,Braking,1.0,pc,1400.00,1400.00,True,False
125,Fuel Filter,Fuel Filter,replacement,False,Filters,1.0,pc,500.00,500.00,True,False
125,Air Filter,Air Filter,replacement,False,Filters,1.0,pc,700.00,700.00,True,False
125,Cabin Filter,Cabin Filter,replacement,False,Filters,1.0,pc,350.00,350.00,True,False
125,Oil Filter,Oil Filter,replacement,False,Filters,1.0,pc,350.00,350.00,True,False
125,Brake Shoe,Brake Shoe,replacement,False,Braking,1.0,pc,2200.00,2200.00,True,False
125,Brake Cleaner,Brake Cleaner,standard,False,Fluids & Consumables,1.0,liter,250.00,250.00,True,False
125,Engine Oil,Engine Oil,standard,False,Fluids & Consumables,9.0,liter,370.00,3330.00,True,False
126,Steering Pump,Steering Pump,replacement,False,General,1.0,pc,4800.00,4800.00,True,False
126,Power Steering Fluid,Power Steering Fluid,standard,False,Fluids & Consumables,1.0,liter,400.00,400.00,True,False
126,Engine Oil,Engine Oil,standard,False,Fluids & Consumables,9.0,liter,450.00,4050.00,True,False
126,Air Filter,Air Filter,replacement,False,Filters,1.0,pc,750.00,750.00,True,False
126,Oil Filter,Oil Filter,replacement,False,Filters,1.0,pc,650.00,650.00,True,False
127,Wheel Bearing,Wheel Bearing,replacement,False,Steering & Suspension,1.0,pc,2300.00,2300.00,True,False
127,Engine Oil,Engine Oil,standard,False,Fluids & Consumables,7.0,liter,400.00,2800.00,True,False
127,Oil Filter,Oil Filter,replacement,False,Filters,1.0,pc,350.00,350.00,True,False
127,Air Filter,Air Filter,replacement,False,Filters,1.0,pc,650.00,650.00,True,False
127,Cabin Filter,Cabin Filter,replacement,False,Filters,1.0,pc,350.00,350.00,True,False
127,Fuel Filter,Fuel Filter,replacement,False,Filters,1.0,pc,550.00,550.00,True,False
127,Brake Cleaner,Brake Cleaner,standard,False,Fluids & Consumables,1.0,liter,250.00,250.00,True,False
128,Stabilizer Bar Bushing,Stabilizer Bar Bushing,replacement,False,General,2.0,pc,700.00,1400.00,True,False
128,Suspension Bushing,Suspension Bushing,replacement,False,Steering & Suspension,1.0,pc,1700.00,1700.00,True,False
128,Axle Oil Seal,Axle Oil Seal,replacement,False,Steering & Suspension,2.0,pc,750.00,1500.00,True,False
128,Automatic Transmission Fluid (ATF),Automatic Transmission Fluid (ATF),standard,False,Fluids & Consumables,7.0,liter,1050.00,7350.00,True,False
129,Stabilizer Bar Bushing,Stabilizer Bar Bushing,replacement,False,General,2.0,pc,700.00,1400.00,True,False
129,Suspension Bushing,Suspension Bushing,replacement,False,Steering & Suspension,1.0,pc,1700.00,1700.00,True,False
129,Axle Oil Seal,Axle Oil Seal,replacement,False,Steering & Suspension,2.0,pc,750.00,1500.00,True,False
129,Automatic Transmission Fluid (ATF),Automatic Transmission Fluid (ATF),standard,False,Fluids & Consumables,7.0,liter,1050.00,7350.00,True,False
129,Wheel Hubs,Wheel Hubs,replacement,False,General,2.0,pc,14000.00,28000.00,True,False
129,Brake Pads,Brake Pads,replacement,False,Braking,1.0,pc,1800.00,1800.00,True,False
129,Brake Pads,Brake Pads,replacement,False,Braking,1.0,pc,2000.00,2000.00,True,False
129,Axle Boot,Axle Boot,replacement,False,Steering & Suspension,1.0,pc,450.00,450.00,True,False
130,Oil Seal,Oil Seal,replacement,False,General,1.0,pc,350.00,350.00,True,False
130,Glanding,Glanding,replacement,False,General,3.0,pc,200.00,600.00,True,False
130,Gas,Gas,replacement,False,General,1.0,pc,500.00,500.00,True,False
130,Alternator,Alternator,replacement,False,Ignition & Electrical,1.0,pc,1100.00,1100.00,True,False
130,Drive / Fan Belt,Drive / Fan Belt,replacement,False,Engine,1.0,pc,450.00,450.00,True,False
130,Reverse Switch,Reverse Switch,replacement,False,General,1.0,pc,950.00,950.00,True,False
131,Tie Rod End,Tie Rod End,replacement,False,Steering & Suspension,2.0,pc,1800.00,3600.00,True,False
131,Rack End,Rack End,replacement,False,Steering & Suspension,1.0,pc,1200.00,1200.00,True,False
131,Stabilizer Link,Stabilizer Link,replacement,False,Steering & Suspension,1.0,pc,1850.00,1850.00,True,False
131,Suspension Bushing,Suspension Bushing,replacement,False,Steering & Suspension,1.0,pc,3200.00,3200.00,True,False
131,Stab Clamp,Stab Clamp,replacement,False,General,1.0,pc,250.00,250.00,True,False
132,Oil Filter,Oil Filter,replacement,False,Filters,1.0,pc,250.00,250.00,True,False
132,Air Filter,Air Filter,replacement,False,Filters,1.0,pc,450.00,450.00,True,False
132,Engine Oil,Engine Oil,standard,False,Fluids & Consumables,4.0,liter,400.00,1600.00,True,False
132,Crankshaft Oil Seal,Crankshaft Oil Seal,replacement,False,Engine,1.0,pc,1200.00,1200.00,True,False
132,Wiper Motor,Wiper Motor,replacement,False,General,1.0,pc,4500.00,4500.00,True,False
133,Side Mirror,Side Mirror,replacement,False,General,2.0,pc,2200.00,4400.00,True,False
134,Air Filter,Air Filter,replacement,False,Filters,1.0,pc,650.00,650.00,True,False
134,Drive / Fan Belt,Drive / Fan Belt,replacement,False,Engine,1.0,pc,1700.00,1700.00,True,False
134,Spark Plug,Spark Plug,replacement,False,Ignition & Electrical,4.0,pc,320.00,1280.00,True,False
134,Brake Cleaner,Brake Cleaner,standard,False,Fluids & Consumables,2.0,liter,250.00,500.00,True,False
134,Engine Oil,Engine Oil,standard,False,Fluids & Consumables,4.0,liter,380.00,1520.00,True,False
134,Valve Cover Gasket,Valve Cover Gasket,replacement,False,Engine,1.0,pc,650.00,650.00,True,False
135,Pressure Plate,Pressure Plate,replacement,False,Transmission,1.0,pc,4800.00,4800.00,True,False
135,Clutch Disc,Clutch Disc,replacement,False,Transmission,1.0,pc,8800.00,8800.00,True,False
135,Crankshaft Oil Seal,Crankshaft Oil Seal,replacement,False,Engine,1.0,pc,2500.00,2500.00,True,False
135,Flywheel,Flywheel,replacement,False,General,1.0,pc,68000.00,68000.00,True,False
135,Main Bearing,Main Bearing,replacement,False,General,1.0,pc,6600.00,6600.00,True,False
136,Air Filter,Air Filter,replacement,False,Filters,1.0,pc,750.00,750.00,True,False
136,Cabin Filter,Cabin Filter,replacement,False,Filters,1.0,pc,750.00,750.00,True,False
136,Oil Filter,Oil Filter,replacement,False,Filters,1.0,pc,550.00,550.00,True,False
136,Fuel Filter,Fuel Filter,replacement,False,Filters,1.0,pc,750.00,750.00,True,False
136,Engine Oil,Engine Oil,standard,False,Fluids & Consumables,8.0,liter,450.00,3600.00,True,False
136,Brake Cleaner,Brake Cleaner,standard,False,Fluids & Consumables,1.0,liter,250.00,250.00,True,False
137,Overhauling Gasket Set,Overhauling Gasket Set,replacement,False,Engine,1.0,pc,3500.00,3500.00,True,False
137,Engine Oil,Engine Oil,standard,False,Fluids & Consumables,5.0,liter,400.00,2000.00,True,False
137,Silicone,Silicone,replacement,False,General,2.0,pc,250.00,500.00,True,False
137,Piston Ring,Piston Ring,replacement,False,General,1.0,pc,2800.00,2800.00,True,False
137,Oil Filter,Oil Filter,replacement,False,Filters,1.0,pc,250.00,250.00,True,False
137,Cabin Filter,Cabin Filter,replacement,False,Filters,1.0,pc,350.00,350.00,True,False
137,Air Filter,Air Filter,replacement,False,Filters,1.0,pc,650.00,650.00,True,False
137,Spark Plug,Spark Plug,replacement,False,Ignition & Electrical,4.0,pc,350.00,1400.00,True,False
137,Main Bearing,Main Bearing,replacement,False,General,1.0,pc,2500.00,2500.00,True,False
137,Con Rod,Con Rod,replacement,False,General,1.0,pc,2200.00,2200.00,True,False
137,4 Set Piston Pin Bushing,4 Set Piston Pin Bushing,replacement,False,General,1.0,pc,1000.00,1000.00,True,False
137,Liner,Liner,replacement,False,General,4.0,pc,1375.00,5500.00,True,False
138,Overhauling Gasket Set,Overhauling Gasket Set,replacement,False,Engine,1.0,pc,3500.00,3500.00,True,False
138,Engine Oil,Engine Oil,standard,False,Fluids & Consumables,5.0,liter,400.00,2000.00,True,False
138,Silicone,Silicone,replacement,False,General,2.0,pc,250.00,500.00,True,False
138,Piston Ring,Piston Ring,replacement,False,General,1.0,pc,2800.00,2800.00,True,False
138,Oil Filter,Oil Filter,replacement,False,Filters,1.0,pc,250.00,250.00,True,False
138,Cabin Filter,Cabin Filter,replacement,False,Filters,1.0,pc,350.00,350.00,True,False
138,Air Filter,Air Filter,replacement,False,Filters,1.0,pc,650.00,650.00,True,False
138,Spark Plug,Spark Plug,replacement,False,Ignition & Electrical,4.0,pc,350.00,1400.00,True,False
138,Liner,Liner,replacement,False,General,1.0,pc,5500.00,5500.00,True,False
138,Main Bearing,Main Bearing,replacement,False,General,1.0,pc,2500.00,2500.00,True,False
138,Con Rod Bearing,Con Rod Bearing,replacement,False,General,1.0,pc,2200.00,2200.00,True,False
138,Piston Pin Bushing.,Piston Pin Bushing.,replacement,False,General,1.0,pc,1000.00,1000.00,True,False
138,Copper Spray,Copper Spray,replacement,False,General,1.0,pc,1200.00,1200.00,True,False
138,Fuel Filter,Fuel Filter,replacement,False,Filters,1.0,pc,750.00,750.00,True,False
139,Spool O-ring,Spool O-ring,replacement,False,General,1.0,pc,650.00,650.00,True,False
139,Valve Cover Gasket,Valve Cover Gasket,replacement,False,Engine,1.0,pc,750.00,750.00,True,False
139,Crankshaft Cap Front,Crankshaft Cap Front,replacement,False,General,1.0,pc,650.00,650.00,True,False
139,Crankshaft O-ring Rear,Crankshaft O-ring Rear,replacement,False,General,1.0,pc,750.00,750.00,True,False
139,Silicone,Silicone,replacement,False,General,1.0,pc,250.00,250.00,True,False
140,A/C Evaporator,A/C Evaporator,replacement,False,Climate Control,1.0,pc,4500.00,4500.00,True,False
140,A/C Evaporator,A/C Evaporator,original,True,Climate Control,1.0,pc,7500.00,7500.00,True,False
141,Engine Oil,Engine Oil,standard,False,Fluids & Consumables,5.0,liter,400.00,2000.00,True,False
141,Oil Filter,Oil Filter,replacement,False,Filters,1.0,pc,350.00,350.00,True,False
141,Cabin Filter,Cabin Filter,replacement,False,Filters,1.0,pc,350.00,350.00,True,False
141,Air Filter,Air Filter,replacement,False,Filters,1.0,pc,450.00,450.00,True,False
141,Fuel Filter,Fuel Filter,replacement,False,Filters,1.0,pc,450.00,450.00,True,False
142,A/C Evaporator,A/C Evaporator,original,True,Climate Control,1.0,pc,7500.00,7500.00,True,False
142,A/C Evaporator,A/C Evaporator,replacement,False,Climate Control,1.0,pc,4000.00,4000.00,True,False
142,A/C Filter Drier,A/C Filter Drier,replacement,False,Climate Control,1.0,pc,850.00,850.00,True,False
142,Comp - Oil,Comp - Oil,replacement,False,General,1.0,pc,200.00,200.00,True,False
142,Carb / Throttle Cleaner,Carb / Throttle Cleaner,standard,False,Fluids & Consumables,1.0,liter,600.00,600.00,True,False
142,Freon (R134a),Freon (R134a),standard,False,Fluids & Consumables,1.0,liter,1200.00,1200.00,True,False
142,Flushing,Flushing,replacement,False,General,1.0,pc,500.00,500.00,True,False
143,A/C Evaporator,A/C Evaporator,original,True,Climate Control,1.0,pc,7500.00,7500.00,True,False
143,A/C Evaporator,A/C Evaporator,replacement,False,Climate Control,1.0,pc,11500.00,11500.00,True,False
143,A/C Filter Drier,A/C Filter Drier,replacement,False,Climate Control,1.0,pc,850.00,850.00,True,False
143,A/C Compressor,A/C Compressor,replacement,False,Climate Control,1.0,pc,200.00,200.00,True,False
143,Aircon Cleaner,Aircon Cleaner,replacement,False,General,2.0,pc,300.00,600.00,True,False
143,Freon (R134a),Freon (R134a),standard,False,Fluids & Consumables,1.0,liter,1200.00,1200.00,True,False
143,Flushing,Flushing,replacement,False,General,1.0,pc,500.00,500.00,True,False
143,A/C Compressor,A/C Compressor,replacement,False,Climate Control,1.0,pc,21000.00,21000.00,True,False
144,Return Hose,Return Hose,replacement,False,General,1.0,pc,650.00,650.00,True,False
144,O-ring,O-ring,replacement,False,General,2.0,pc,150.00,300.00,True,False
144,Power Steering Fluid,Power Steering Fluid,standard,False,Fluids & Consumables,1.0,liter,400.00,400.00,True,False
146,Oxygen Sensor,Oxygen Sensor,replacement,False,General,2.0,pc,3500.00,7000.00,True,False
148,Transmission Asm.,Transmission Asm.,replacement,False,General,1.0,pc,55000.00,55000.00,True,False
148,Automatic Transmission Fluid (ATF),Automatic Transmission Fluid (ATF),standard,False,Fluids & Consumables,9.0,liter,500.00,4500.00,True,False
148,Immobilizer,Immobilizer,replacement,False,General,1.0,pc,7500.00,7500.00,True,False
148,Intercooler Hose,Intercooler Hose,replacement,False,General,2.0,pc,3600.00,7200.00,True,False
149,Oxygen Sensor,Oxygen Sensor,replacement,False,General,2.0,pc,3500.00,7000.00,True,False
150,Belt Tensioner,Belt Tensioner,replacement,False,Engine,1.0,pc,4500.00,4500.00,True,False
150,Drive / Fan Belt,Drive / Fan Belt,replacement,False,Engine,1.0,pc,2800.00,2800.00,True,False
150,Silicone,Silicone,replacement,False,General,1.0,pc,200.00,200.00,True,False
151,Auxiliary Fan / Blower Motor,Auxiliary Fan / Blower Motor,replacement,False,Engine Cooling,1.0,pc,4500.00,4500.00,True,False
152,Transmission Assy,Transmission Assy,replacement,False,General,1.0,pc,55000.00,55000.00,True,False
152,Automatic Transmission Fluid (ATF),Automatic Transmission Fluid (ATF),standard,False,Fluids & Consumables,9.0,liter,500.00,4500.00,True,False
152,Immobilizer,Immobilizer,replacement,False,General,1.0,pc,7500.00,7500.00,True,False
152,Intercooler Hose,Intercooler Hose,replacement,False,General,2.0,pc,3600.00,7200.00,True,False
153,Engine Oil,Engine Oil,standard,False,Fluids & Consumables,8.0,liter,450.00,3600.00,True,False
153,Cabin Filter,Cabin Filter,replacement,False,Filters,1.0,pc,650.00,650.00,True,False
153,Oil Filter,Oil Filter,replacement,False,Filters,1.0,pc,450.00,450.00,True,False
153,Air Filter,Air Filter,replacement,False,Filters,1.0,pc,750.00,750.00,True,False
153,Brake Cleaner,Brake Cleaner,standard,False,Fluids & Consumables,1.0,liter,250.00,250.00,True,False
154,Spark Plug,Spark Plug,replacement,False,Ignition & Electrical,4.0,pc,350.00,1400.00,True,False
154,Cabin Filter,Cabin Filter,replacement,False,Filters,1.0,pc,350.00,350.00,True,False
154,Oil Filter,Oil Filter,replacement,False,Filters,1.0,pc,250.00,250.00,True,False
154,Air Filter,Air Filter,replacement,False,Filters,1.0,pc,450.00,450.00,True,False
154,Engine Oil,Engine Oil,standard,False,Fluids & Consumables,4.0,liter,400.00,1600.00,True,False
154,Brake Cleaner,Brake Cleaner,standard,False,Fluids & Consumables,1.0,liter,250.00,250.00,True,False
155,Tie Rod End,Tie Rod End,replacement,False,Steering & Suspension,2.0,pc,1350.00,2700.00,True,False
155,Shock Absorber,Shock Absorber,replacement,False,Steering & Suspension,2.0,pc,2500.00,5000.00,True,False
155,Pressure Plate,Pressure Plate,replacement,False,Transmission,2.0,pc,6800.00,13600.00,True,False
155,Suspension Arm,Suspension Arm,replacement,False,General,2.0,pc,5600.00,11200.00,True,False
155,Stabilizer Link,Stabilizer Link,replacement,False,Steering & Suspension,2.0,pc,1200.00,2400.00,True,False
155,Stab Clamp,Stab Clamp,replacement,False,General,2.0,pc,450.00,900.00,True,False
155,Shock Boots,Shock Boots,replacement,False,General,2.0,pc,500.00,1000.00,True,False
155,Tie Rod End,Tie Rod End,replacement,False,Steering & Suspension,2.0,pc,1300.00,2600.00,True,False
155,Steering Boots,Steering Boots,replacement,False,General,2.0,pc,1500.00,3000.00,True,False
155,Power Window Motor,Power Window Motor,replacement,False,General,1.0,pc,7000.00,7000.00,True,False
155,Axle Boot,Axle Boot,replacement,False,Steering & Suspension,1.0,pc,950.00,950.00,True,False
156,Engine / Transmission Support,Engine / Transmission Support,replacement,False,Engine,1.0,pc,3000.00,3000.00,True,False
156,Engine Oil,Engine Oil,standard,False,Fluids & Consumables,3.0,liter,450.00,1350.00,True,False
156,Air Filter,Air Filter,replacement,False,Filters,1.0,pc,350.00,350.00,True,False
156,Chain Filter,Chain Filter,replacement,False,General,1.0,pc,350.00,350.00,True,False
156,Oil Filter,Oil Filter,replacement,False,Filters,1.0,pc,350.00,350.00,True,False
157,Valve Cover Gasket,Valve Cover Gasket,replacement,False,Engine,1.0,pc,850.00,850.00,True,False
157,Transmission Oil,Transmission Oil,replacement,False,General,2.0,pc,250.00,500.00,True,False
157,Gas,Gas,replacement,False,General,1.0,pc,200.00,200.00,True,False
158,Automotive Light Bulb,Automotive Light Bulb,replacement,False,Ignition & Electrical,3.0,pc,100.00,300.00,True,False
158,Wheel Cylinder,Wheel Cylinder,replacement,False,Braking,2.0,pc,950.00,1900.00,True,False
158,Wiper Motor,Wiper Motor,replacement,False,General,1.0,pc,3500.00,3500.00,True,False
158,Brake Pads,Brake Pads,replacement,False,Braking,1.0,pc,1400.00,1400.00,True,False
159,Lower Suspension Bushing,Lower Suspension Bushing,replacement,False,General,4.0,pc,1200.00,4800.00,True,False
160,Support Kit,Support Kit,replacement,False,General,1.0,pc,1700.00,1700.00,True,False
160,Support Kit,Support Kit,replacement,False,General,1.0,pc,2200.00,2200.00,True,False
161,Auxiliary Fan / Blower Motor,Auxiliary Fan / Blower Motor,replacement,False,Engine Cooling,1.0,pc,6800.00,6800.00,True,False
162,Auxiliary Fan / Blower Motor,Auxiliary Fan / Blower Motor,replacement,False,Engine Cooling,1.0,pc,6800.00,6800.00,True,False
162,Engine Coolant,Engine Coolant,standard,False,Fluids & Consumables,6.0,liter,175.00,1050.00,True,False
163,Water Pump,Water Pump,replacement,False,Engine Cooling,1.0,pc,3500.00,3500.00,True,False
163,Injector Oil Seal,Injector Oil Seal,replacement,False,General,4.0,pc,550.00,2200.00,True,False
163,Injector Grommet,Injector Grommet,replacement,False,General,4.0,pc,450.00,1800.00,True,False
163,Valve Cover Gasket,Valve Cover Gasket,replacement,False,Engine,1.0,pc,850.00,850.00,True,False
163,Engine Coolant,Engine Coolant,standard,False,Fluids & Consumables,6.0,liter,175.00,1050.00,True,False
163,Camshaft Oil Seal,Camshaft Oil Seal,replacement,False,Engine,1.0,pc,850.00,850.00,True,False
163,Slilicone,Slilicone,replacement,False,General,1.0,pc,250.00,250.00,True,False
163,Engine Coolant,Engine Coolant,standard,False,Fluids & Consumables,2.0,liter,175.00,350.00,True,False
164,Accelerator Pedal,Accelerator Pedal,replacement,False,General,1.0,pc,1200.00,1200.00,True,False
165,Automotive Light Bulb,Automotive Light Bulb,replacement,False,Ignition & Electrical,3.0,pc,100.00,300.00,True,False
165,Wheel Cylinder,Wheel Cylinder,replacement,False,Braking,2.0,pc,950.00,1900.00,True,False
165,Automotive Light Bulb,Automotive Light Bulb,replacement,False,Ignition & Electrical,1.0,pc,250.00,250.00,True,False
165,Wiper Motor,Wiper Motor,replacement,False,General,1.0,pc,3500.00,3500.00,True,False
166,Cylinder Head Gasket,Cylinder Head Gasket,replacement,False,Engine,1.0,pc,2200.00,2200.00,True,False
166,Engine Oil,Engine Oil,standard,False,Fluids & Consumables,5.0,liter,400.00,2000.00,True,False
166,Oil Filter,Oil Filter,replacement,False,Filters,1.0,pc,250.00,250.00,True,False
166,Ignition Coil,Ignition Coil,replacement,False,Ignition & Electrical,2.0,pc,1800.00,3600.00,True,False
166,Engine Coolant,Engine Coolant,standard,False,Fluids & Consumables,6.0,liter,175.00,1050.00,True,False
166,Radiator,Radiator,replacement,False,Engine Cooling,2.0,pc,150.00,300.00,True,False
166,Gas,Gas,replacement,False,General,1.0,pc,290.00,290.00,True,False
167,Piston,Piston,replacement,False,General,1.0,pc,1800.00,1800.00,True,False
167,Brake Caliper Repair Kit,Brake Caliper Repair Kit,replacement,False,Braking,1.0,pc,1250.00,1250.00,True,False
169,A/C Evaporator,A/C Evaporator,replacement,False,Climate Control,1.0,pc,7500.00,7500.00,True,False
169,A/C Expansion Valve,A/C Expansion Valve,replacement,False,Climate Control,1.0,pc,2500.00,2500.00,True,False
169,A/C Filter Drier,A/C Filter Drier,replacement,False,Climate Control,1.0,pc,850.00,850.00,True,False
169,A/C Compressor,A/C Compressor,replacement,False,Climate Control,1.0,pc,200.00,200.00,True,False
169,Aircon Cleaner,Aircon Cleaner,replacement,False,General,2.0,pc,300.00,600.00,True,False
169,Freon (R134a),Freon (R134a),standard,False,Fluids & Consumables,1.0,liter,1200.00,1200.00,True,False
169,Flushing,Flushing,replacement,False,General,1.0,pc,500.00,500.00,True,False
170,Stab. Bar Bushing,Stab. Bar Bushing,replacement,False,General,2.0,pc,700.00,1400.00,True,False
170,Suspension Bushing,Suspension Bushing,replacement,False,Steering & Suspension,1.0,pc,1700.00,1700.00,True,False
170,Axle Oil Seal,Axle Oil Seal,replacement,False,Steering & Suspension,2.0,pc,750.00,1500.00,True,False
170,Automatic Transmission Fluid (ATF),Automatic Transmission Fluid (ATF),standard,False,Fluids & Consumables,7.0,liter,1050.00,7350.00,True,False
170,Wheel Hub,Wheel Hub,replacement,False,General,2.0,pc,14000.00,28000.00,True,False
170,Brake Pads,Brake Pads,replacement,False,Braking,1.0,pc,1800.00,1800.00,True,False
170,Brake Pads,Brake Pads,replacement,False,Braking,1.0,pc,2300.00,2300.00,True,False
170,Cafe Promo,Cafe Promo,replacement,False,General,1.0,pc,450.00,450.00,True,False
171,Engine Oil,Engine Oil,standard,False,Fluids & Consumables,5.0,liter,400.00,2000.00,True,False
171,Oil Filter,Oil Filter,replacement,False,Filters,1.0,pc,350.00,350.00,True,False
171,Cabin Filter,Cabin Filter,replacement,False,Filters,1.0,pc,450.00,450.00,True,False
171,Air Filter,Air Filter,replacement,False,Filters,1.0,pc,650.00,650.00,True,False
171,Fuel Filter,Fuel Filter,replacement,False,Filters,1.0,pc,550.00,550.00,True,False
172,Overhauling Gasket Set,Overhauling Gasket Set,replacement,False,Engine,1.0,pc,4500.00,4500.00,True,False
172,Liner Set,Liner Set,replacement,False,General,1.0,pc,8500.00,8500.00,True,False
172,Main Bearing,Main Bearing,replacement,False,General,1.0,pc,2500.00,2500.00,True,False
172,Con Rod Bearing,Con Rod Bearing,replacement,False,General,1.0,pc,1500.00,1500.00,True,False
172,Thrust Washer,Thrust Washer,replacement,False,General,1.0,pc,650.00,650.00,True,False
172,Piston Assy,Piston Assy,replacement,False,General,1.0,pc,8000.00,8000.00,True,False
172,Piston Ring,Piston Ring,replacement,False,General,1.0,pc,4300.00,4300.00,True,False
172,Engine Oil,Engine Oil,standard,False,Fluids & Consumables,5.0,liter,450.00,2250.00,True,False
172,Oil Filter,Oil Filter,replacement,False,Filters,1.0,pc,450.00,450.00,True,False
172,Distilled Water,Distilled Water,replacement,False,General,1.0,pc,100.00,100.00,True,False
172,Engine Coolant,Engine Coolant,standard,False,Fluids & Consumables,4.0,liter,175.00,700.00,True,False
172,Air Filter,Air Filter,replacement,False,Filters,1.0,pc,450.00,450.00,True,False
172,Cabin Filter,Cabin Filter,replacement,False,Filters,1.0,pc,350.00,350.00,True,False
172,Silicone,Silicone,replacement,False,General,1.0,pc,250.00,250.00,True,False
172,Copper Spray,Copper Spray,replacement,False,General,1.0,pc,1200.00,1200.00,True,False
173,A/C Expansion Valve,A/C Expansion Valve,replacement,False,Climate Control,2.0,pc,2500.00,5000.00,True,False
173,A/C Filter Drier,A/C Filter Drier,replacement,False,Climate Control,1.0,pc,850.00,850.00,True,False
173,Freon (R134a),Freon (R134a),standard,False,Fluids & Consumables,1.0,liter,1800.00,1800.00,True,False
173,A/C Compressor,A/C Compressor,replacement,False,Climate Control,1.0,pc,200.00,200.00,True,False
173,Aircon Cleaner,Aircon Cleaner,replacement,False,General,2.0,pc,300.00,600.00,True,False
173,A/C Evaporator,A/C Evaporator,replacement,False,Climate Control,1.0,pc,4500.00,4500.00,True,False
174,Valve Cover Gasket,Valve Cover Gasket,replacement,False,Engine,1.0,pc,680.00,680.00,True,False
174,Half Moon,Half Moon,replacement,False,General,1.0,pc,650.00,650.00,True,False
174,Valve Cover Seal,Valve Cover Seal,replacement,False,General,2.0,pc,550.00,1100.00,True,False
174,Silicone,Silicone,replacement,False,General,2.0,pc,250.00,500.00,True,False
174,Clutch Disc,Clutch Disc,replacement,False,Transmission,1.0,pc,3200.00,3200.00,True,False
174,Pressure Plate,Pressure Plate,replacement,False,Transmission,1.0,pc,3200.00,3200.00,True,False
174,Pilot Bearing,Pilot Bearing,replacement,False,Transmission,1.0,pc,350.00,350.00,True,False
174,Release Bearing,Release Bearing,replacement,False,Transmission,1.0,pc,1200.00,1200.00,True,False
174,Engine Oil,Engine Oil,standard,False,Fluids & Consumables,6.0,liter,450.00,2700.00,True,False
174,Air Filter,Air Filter,replacement,False,Filters,1.0,pc,650.00,650.00,True,False
174,Oil Filter,Oil Filter,replacement,False,Filters,1.0,pc,750.00,750.00,True,False
174,Brake Cleaner,Brake Cleaner,standard,False,Fluids & Consumables,1.0,liter,250.00,250.00,True,False
174,Fuel Filter,Fuel Filter,replacement,False,Filters,1.0,pc,950.00,950.00,True,False
175,A/C Expansion Valve,A/C Expansion Valve,replacement,False,Climate Control,2.0,pc,2500.00,5000.00,True,False
175,A/C Filter Drier,A/C Filter Drier,replacement,False,Climate Control,1.0,pc,850.00,850.00,True,False
175,Freon (R134a),Freon (R134a),standard,False,Fluids & Consumables,1.0,liter,1800.00,1800.00,True,False
175,A/C Compressor,A/C Compressor,replacement,False,Climate Control,1.0,pc,200.00,200.00,True,False
175,Aircon Cleaner,Aircon Cleaner,replacement,False,General,2.0,pc,300.00,600.00,True,False
175,A/C Evaporator,A/C Evaporator,replacement,False,Climate Control,1.0,pc,4500.00,4500.00,True,False
176,Main Bearing,Main Bearing,replacement,False,General,1.0,pc,1200.00,1200.00,True,False
176,Con Rod Bearing,Con Rod Bearing,replacement,False,General,1.0,pc,950.00,950.00,True,False
176,Overhauling Gasket Set,Overhauling Gasket Set,replacement,False,Engine,1.0,pc,2500.00,2500.00,True,False
176,Engine Oil,Engine Oil,standard,False,Fluids & Consumables,4.0,liter,350.00,1400.00,True,False
176,Oil Filter,Oil Filter,replacement,False,Filters,1.0,pc,450.00,450.00,True,False
176,Copper Spray,Copper Spray,replacement,False,General,1.0,pc,1200.00,1200.00,True,False
176,Distilled Water,Distilled Water,replacement,False,General,1.0,pc,100.00,100.00,True,False
176,Engine Coolant,Engine Coolant,standard,False,Fluids & Consumables,1.0,liter,300.00,300.00,True,False
176,Kit Liner,Kit Liner,replacement,False,General,1.0,pc,8000.00,8000.00,True,False
176,Piston Ring,Piston Ring,replacement,False,General,1.0,pc,2000.00,2000.00,True,False
176,Water Jacket,Water Jacket,replacement,False,General,8.0,pc,100.00,800.00,True,False
176,Clutch Disc,Clutch Disc,replacement,False,Transmission,1.0,pc,1800.00,1800.00,True,False
176,Pressure Plate,Pressure Plate,replacement,False,Transmission,1.0,pc,2500.00,2500.00,True,False
176,Bearing,Bearing,replacement,False,General,1.0,pc,950.00,950.00,True,False
177,Valve Cover Gasket,Valve Cover Gasket,replacement,False,Engine,1.0,pc,850.00,850.00,True,False
177,Transmission O-ring,Transmission O-ring,replacement,False,General,2.0,pc,250.00,500.00,True,False
177,CV Joint,CV Joint,replacement,False,Steering & Suspension,2.0,pc,2300.00,4600.00,True,False
177,Engine / Transmission Support,Engine / Transmission Support,replacement,False,Engine,1.0,pc,3500.00,3500.00,True,False
177,Axle Grease / Lubricant,Axle Grease / Lubricant,standard,False,Fluids & Consumables,4.0,liter,150.00,600.00,True,False
177,Engine / Transmission Support,Engine / Transmission Support,replacement,False,Engine,1.0,pc,3500.00,3500.00,True,False
178,Oil Filter,Oil Filter,replacement,False,Filters,1.0,pc,650.00,650.00,True,False
178,Spark Plug,Spark Plug,replacement,False,Ignition & Electrical,4.0,pc,350.00,1400.00,True,False
178,Engine Oil,Engine Oil,standard,False,Fluids & Consumables,5.0,liter,400.00,2000.00,True,False
178,Air Filter,Air Filter,replacement,False,Filters,1.0,pc,550.00,550.00,True,False
179,Drive / Fan Belt,Drive / Fan Belt,replacement,False,Engine,1.0,pc,2000.00,2000.00,True,False
179,H11 Bulb,H11 Bulb,replacement,False,General,1.0,pc,3000.00,3000.00,True,False
179,Wiper Blade,Wiper Blade,replacement,False,Accessories,2.0,pc,300.00,600.00,True,False
180,A/C Expansion Valve,A/C Expansion Valve,replacement,False,Climate Control,2.0,pc,2500.00,5000.00,True,False
180,A/C Filter Drier,A/C Filter Drier,replacement,False,Climate Control,1.0,pc,800.00,800.00,True,False
180,Freon (R134a),Freon (R134a),standard,False,Fluids & Consumables,1.0,liter,1200.00,1200.00,True,False
180,Aircon Cleaner,Aircon Cleaner,replacement,False,General,2.0,pc,300.00,600.00,True,False
180,Oil,Oil,replacement,False,General,1.0,pc,200.00,200.00,True,False
180,A/C Evaporator,A/C Evaporator,replacement,False,Climate Control,1.0,pc,4500.00,4500.00,True,False
181,Engine Oil,Engine Oil,standard,False,Fluids & Consumables,4.0,liter,450.00,1800.00,True,False
181,Automatic Transmission Fluid (ATF),Automatic Transmission Fluid (ATF),standard,False,Fluids & Consumables,4.0,liter,450.00,1800.00,True,False
181,Cabin Filter,Cabin Filter,replacement,False,Filters,1.0,pc,650.00,650.00,True,False
181,Oil Filter,Oil Filter,replacement,False,Filters,1.0,pc,300.00,300.00,True,False
181,Air Filter,Air Filter,replacement,False,Filters,1.0,pc,650.00,650.00,True,False
181,Brake Cleaner,Brake Cleaner,standard,False,Fluids & Consumables,1.0,liter,250.00,250.00,True,False
182,Drive / Fan Belt,Drive / Fan Belt,replacement,False,Engine,1.0,pc,2000.00,2000.00,True,False
182,LED Bulb (lumina),LED Bulb (lumina),replacement,False,General,1.0,pc,3500.00,3500.00,True,False
182,Fog Lamp,Fog Lamp,replacement,False,General,1.0,pc,3000.00,3000.00,True,False
182,Wiper Blade,Wiper Blade,replacement,False,Accessories,2.0,pc,300.00,600.00,True,False
183,Brake Pads,Brake Pads,replacement,False,Braking,1.0,pc,1500.00,1500.00,True,False
183,Brake Caliper Repair Kit,Brake Caliper Repair Kit,replacement,False,Braking,1.0,pc,850.00,850.00,True,False
183,Brake Cleaner,Brake Cleaner,standard,False,Fluids & Consumables,1.0,liter,250.00,250.00,True,False
183,Engine Oil,Engine Oil,standard,False,Fluids & Consumables,4.0,liter,400.00,1600.00,True,False
183,Air Filter,Air Filter,replacement,False,Filters,1.0,pc,450.00,450.00,True,False
183,Oil Filter,Oil Filter,replacement,False,Filters,1.0,pc,350.00,350.00,True,False
183,Cabin Filter,Cabin Filter,replacement,False,Filters,1.0,pc,350.00,350.00,True,False
183,Brake Fluid,Brake Fluid,standard,False,Fluids & Consumables,1.0,liter,350.00,350.00,True,False
183,Socket Coil,Socket Coil,replacement,False,General,4.0,pc,250.00,1000.00,True,False
184,Brake Master Cylinder,Brake Master Cylinder,replacement,False,Braking,1.0,pc,4500.00,4500.00,True,False
184,Wheel Cylinder,Wheel Cylinder,replacement,False,Braking,2.0,pc,850.00,1700.00,True,False
184,Brake Fluid,Brake Fluid,standard,False,Fluids & Consumables,1.0,liter,350.00,350.00,True,False
185,Valve Cover Gasket,Valve Cover Gasket,replacement,False,Engine,1.0,pc,750.00,750.00,True,False
185,Cylinder Head Gasket,Cylinder Head Gasket,replacement,False,Engine,1.0,pc,1000.00,1000.00,True,False
185,Engine Oil,Engine Oil,standard,False,Fluids & Consumables,1.0,liter,450.00,450.00,True,False
185,Oil Filter,Oil Filter,replacement,False,Filters,1.0,pc,350.00,350.00,True,False
185,Silicone,Silicone,replacement,False,General,1.0,pc,250.00,250.00,True,False
186,Solenoid Valve,Solenoid Valve,replacement,False,General,3.0,pc,6500.00,19500.00,True,False
186,Solenoid Valve,Solenoid Valve,replacement,False,General,3.0,pc,8500.00,25500.00,True,False
186,Solenoid Valve,Solenoid Valve,replacement,False,General,1.0,pc,2500.00,2500.00,True,False
187,Solenoid Valve,Solenoid Valve,replacement,False,General,7.0,pc,9500.00,66500.00,True,False
188,Engine Oil,Engine Oil,standard,False,Fluids & Consumables,7.0,liter,400.00,2800.00,True,False
188,Oil Filter,Oil Filter,replacement,False,Filters,1.0,pc,250.00,250.00,True,False
188,Air Filter,Air Filter,replacement,False,Filters,1.0,pc,450.00,450.00,True,False
188,Fuel Filter,Fuel Filter,replacement,False,Filters,1.0,pc,450.00,450.00,True,False
188,Cabin Filter,Cabin Filter,replacement,False,Filters,1.0,pc,350.00,350.00,True,False
188,Brake Pads,Brake Pads,replacement,False,Braking,1.0,pc,1450.00,1450.00,True,False
188,Brake Shoe,Brake Shoe,replacement,False,Braking,1.0,pc,2800.00,2800.00,True,False
188,Rr Back Door Stay,Rr Back Door Stay,replacement,False,General,1.0,pc,2500.00,2500.00,True,False
188,Clutch Disc,Clutch Disc,replacement,False,Transmission,1.0,pc,3500.00,3500.00,True,False
188,Pressure Plate,Pressure Plate,replacement,False,Transmission,1.0,pc,3800.00,3800.00,True,False
188,Release Bearing,Release Bearing,replacement,False,Transmission,1.0,pc,2500.00,2500.00,True,False
188,Pilot Bearing,Pilot Bearing,replacement,False,Transmission,1.0,pc,950.00,950.00,True,False
189,Brake Pads,Brake Pads,replacement,False,Braking,1.0,pc,1600.00,1600.00,True,False
189,Engine Oil,Engine Oil,standard,False,Fluids & Consumables,4.0,liter,450.00,1800.00,True,False
189,Cabin Filter,Cabin Filter,replacement,False,Filters,1.0,pc,450.00,450.00,True,False
189,Air Filter,Air Filter,replacement,False,Filters,1.0,pc,650.00,650.00,True,False
189,Oil Filter,Oil Filter,replacement,False,Filters,1.0,pc,350.00,350.00,True,False
189,Brake Cleaner,Brake Cleaner,standard,False,Fluids & Consumables,1.0,liter,250.00,250.00,True,False
190,Brake Pads,Brake Pads,replacement,False,Braking,1.0,pc,2200.00,2200.00,True,False
190,CV Joint,CV Joint,replacement,False,Steering & Suspension,1.0,pc,4300.00,4300.00,True,False
191,Valve Cover Gasket,Valve Cover Gasket,replacement,False,Engine,1.0,pc,950.00,950.00,True,False
192,A/C Compressor,A/C Compressor,original,True,Climate Control,1.0,pc,16000.00,16000.00,True,False
192,A/C Compressor,A/C Compressor,replacement,False,Climate Control,1.0,pc,12500.00,12500.00,True,False
192,Condenser,Condenser,replacement,False,General,1.0,pc,6500.00,6500.00,True,False
194,Alternator,Alternator,replacement,False,Ignition & Electrical,1.0,pc,6000.00,6000.00,True,False
195,A/C Evaporator,A/C Evaporator,replacement,False,Climate Control,1.0,pc,5000.00,5000.00,True,False
195,A/C Compressor,A/C Compressor,replacement,False,Climate Control,1.0,pc,200.00,200.00,True,False
195,Freon (R134a),Freon (R134a),standard,False,Fluids & Consumables,1.0,liter,1200.00,1200.00,True,False
196,Engine Oil,Engine Oil,standard,False,Fluids & Consumables,4.0,liter,450.00,1800.00,True,False
196,Automatic Transmission Fluid (ATF),Automatic Transmission Fluid (ATF),standard,False,Fluids & Consumables,4.0,liter,450.00,1800.00,True,False
196,Cabin Filter,Cabin Filter,replacement,False,Filters,1.0,pc,650.00,650.00,True,False
196,Oil Filter,Oil Filter,replacement,False,Filters,1.0,pc,300.00,300.00,True,False
196,Air Filter,Air Filter,replacement,False,Filters,1.0,pc,650.00,650.00,True,False
196,Brake Cleaner,Brake Cleaner,standard,False,Fluids & Consumables,1.0,liter,250.00,250.00,True,False
196,Drive / Fan Belt,Drive / Fan Belt,replacement,False,Engine,1.0,pc,2000.00,2000.00,True,False
196,LED Set Lumina,LED Set Lumina,replacement,False,General,1.0,pc,3500.00,3500.00,True,False
196,Fog Lamp,Fog Lamp,replacement,False,General,1.0,pc,3000.00,3000.00,True,False
196,Wiper Blade,Wiper Blade,replacement,False,Accessories,2.0,pc,300.00,600.00,True,False
197,Brake Cleaner,Brake Cleaner,standard,False,Fluids & Consumables,1.0,liter,250.00,250.00,True,False
197,Brake Pads,Brake Pads,replacement,False,Braking,1.0,pc,2500.00,2500.00,True,False
198,Brake Cleaner,Brake Cleaner,standard,False,Fluids & Consumables,1.0,liter,250.00,250.00,True,False
199,Engine Oil,Engine Oil,standard,False,Fluids & Consumables,8.0,liter,400.00,3200.00,True,False
199,Oil Filter,Oil Filter,replacement,False,Filters,1.0,pc,350.00,350.00,True,False
199,Air Filter,Air Filter,replacement,False,Filters,1.0,pc,450.00,450.00,True,False
199,Cabin Filter,Cabin Filter,replacement,False,Filters,1.0,pc,350.00,350.00,True,False
199,Brake Cleaner,Brake Cleaner,standard,False,Fluids & Consumables,1.0,liter,250.00,250.00,True,False
199,Fuel Filter,Fuel Filter,replacement,False,Filters,1.0,pc,450.00,450.00,True,False
200,Upper Suspension Bushing,Upper Suspension Bushing,replacement,False,General,2.0,pc,650.00,1300.00,True,False
200,Ball Joint,Ball Joint,replacement,False,Steering & Suspension,2.0,pc,650.00,1300.00,True,False
200,Lower Ball Joint,Lower Ball Joint,replacement,False,General,2.0,pc,1200.00,2400.00,True,False
200,Lower Suspension Bushing,Lower Suspension Bushing,replacement,False,General,2.0,pc,1300.00,2600.00,True,False
200,Tie Rod End,Tie Rod End,replacement,False,Steering & Suspension,2.0,pc,1200.00,2400.00,True,False
200,Tie Rod End,Tie Rod End,replacement,False,Steering & Suspension,2.0,pc,1200.00,2400.00,True,False
200,Front Shock,Front Shock,replacement,False,General,2.0,pc,3000.00,6000.00,True,False
200,Stabilizer Link,Stabilizer Link,replacement,False,Steering & Suspension,2.0,pc,750.00,1500.00,True,False
201,Injector Seal,Injector Seal,replacement,False,General,4.0,pc,450.00,1800.00,True,False
201,Injector Oil Seal,Injector Oil Seal,replacement,False,General,4.0,pc,450.00,1800.00,True,False
201,Valve Cover Gasket,Valve Cover Gasket,replacement,False,Engine,1.0,pc,650.00,650.00,True,False
201,Injector Washer,Injector Washer,replacement,False,General,4.0,pc,650.00,2600.00,True,False
201,Silicone,Silicone,replacement,False,General,1.0,pc,200.00,200.00,True,False
201,Fuel Filter,Fuel Filter,replacement,False,Filters,1.0,pc,450.00,450.00,True,False
202,Stabilizer Link,Stabilizer Link,replacement,False,Steering & Suspension,2.0,pc,1450.00,2900.00,True,False
202,Engine / Transmission Support,Engine / Transmission Support,replacement,False,Engine,1.0,pc,3500.00,3500.00,True,False
202,Engine / Transmission Support,Engine / Transmission Support,replacement,False,Engine,1.0,pc,3300.00,3300.00,True,False
204,Shock Front,Shock Front,replacement,False,General,2.0,pc,5200.00,10400.00,True,False
204,Shock Rear,Shock Rear,replacement,False,General,2.0,pc,5200.00,10400.00,True,False
204,Shock Stopper,Shock Stopper,replacement,False,General,2.0,pc,350.00,700.00,True,False
206,Shock,Shock,replacement,False,General,2.0,pc,4800.00,9600.00,True,False
206,Shock Stopper,Shock Stopper,replacement,False,General,2.0,pc,250.00,500.00,True,False
207,Shock Front KYB,Shock Front KYB,replacement,False,General,2.0,pc,4500.00,9000.00,True,False
207,Brake Pads,Brake Pads,replacement,False,Braking,1.0,pc,1200.00,1200.00,True,False
207,Engine Oil,Engine Oil,standard,False,Fluids & Consumables,4.0,liter,450.00,1800.00,True,False
207,Oil Filter,Oil Filter,replacement,False,Filters,1.0,pc,350.00,350.00,True,False
207,Cabin Filter,Cabin Filter,replacement,False,Filters,1.0,pc,350.00,350.00,True,False
207,Air Filter,Air Filter,replacement,False,Filters,1.0,pc,450.00,450.00,True,False
207,Brake Cleaner,Brake Cleaner,standard,False,Fluids & Consumables,1.0,liter,250.00,250.00,True,False
208,Engine Oil,Engine Oil,standard,False,Fluids & Consumables,6.0,liter,450.00,2700.00,True,False
208,Oil Filter,Oil Filter,replacement,False,Filters,1.0,pc,550.00,550.00,True,False
208,Air Filter,Air Filter,replacement,False,Filters,1.0,pc,650.00,650.00,True,False
209,Engine Oil,Engine Oil,standard,False,Fluids & Consumables,6.0,liter,450.00,2700.00,True,False
209,Brake Fluid,Brake Fluid,standard,False,Fluids & Consumables,1.0,liter,300.00,300.00,True,False
209,Steering Belt,Steering Belt,replacement,False,General,1.0,pc,1200.00,1200.00,True,False
209,Wheel Cylinder,Wheel Cylinder,replacement,False,Braking,2.0,pc,1500.00,3000.00,True,False
210,Engine Oil,Engine Oil,standard,False,Fluids & Consumables,4.0,liter,450.00,1800.00,True,False
210,Oil Filter,Oil Filter,replacement,False,Filters,1.0,pc,350.00,350.00,True,False
210,Air Filter,Air Filter,replacement,False,Filters,1.0,pc,450.00,450.00,True,False
210,Valve Cover Gasket,Valve Cover Gasket,replacement,False,Engine,1.0,pc,950.00,950.00,True,False
210,Brake Cleaner,Brake Cleaner,standard,False,Fluids & Consumables,1.0,liter,250.00,250.00,True,False
210,Spark Plug,Spark Plug,replacement,False,Ignition & Electrical,4.0,pc,350.00,1400.00,True,False
211,Shock Stopper,Shock Stopper,replacement,False,General,2.0,pc,350.00,700.00,True,False
211,Shock Mounting,Shock Mounting,replacement,False,Steering & Suspension,2.0,pc,2500.00,5000.00,True,False
211,Shock Front,Shock Front,replacement,False,General,1.0,pc,5200.00,5200.00,True,False
211,Shock Rear,Shock Rear,replacement,False,General,1.0,pc,5200.00,5200.00,True,False
212,Valve Seal,Valve Seal,replacement,False,General,12.0,pc,100.00,1200.00,True,False
212,Cylinder Head Gasket,Cylinder Head Gasket,replacement,False,Engine,1.0,pc,2500.00,2500.00,True,False
212,Engine Oil,Engine Oil,standard,False,Fluids & Consumables,4.0,liter,450.00,1800.00,True,False
212,Oil Filter,Oil Filter,replacement,False,Filters,1.0,pc,350.00,350.00,True,False
212,Engine Coolant,Engine Coolant,standard,False,Fluids & Consumables,5.0,liter,200.00,1000.00,True,False
212,Silicone,Silicone,replacement,False,General,1.0,pc,250.00,250.00,True,False
212,Copper Spray,Copper Spray,replacement,False,General,1.0,pc,1200.00,1200.00,True,False
213,Rack End,Rack End,replacement,False,Steering & Suspension,2.0,pc,1200.00,2400.00,True,False
213,Tie Rod End,Tie Rod End,replacement,False,Steering & Suspension,2.0,pc,1200.00,2400.00,True,False
213,Wheel Bearing,Wheel Bearing,replacement,False,Steering & Suspension,1.0,pc,3800.00,3800.00,True,False
213,Brake Pads,Brake Pads,replacement,False,Braking,1.0,pc,1500.00,1500.00,True,False
213,Brake Cleaner,Brake Cleaner,standard,False,Fluids & Consumables,1.0,liter,250.00,250.00,True,False
213,Brake Caliper Repair Kit,Brake Caliper Repair Kit,replacement,False,Braking,1.0,pc,2200.00,2200.00,True,False
214,Ignition Coil,Ignition Coil,replacement,False,Ignition & Electrical,2.0,pc,2200.00,4400.00,True,False
214,Carb / Throttle Cleaner,Carb / Throttle Cleaner,standard,False,Fluids & Consumables,1.0,liter,250.00,250.00,True,False
215,Cabin Filter,Cabin Filter,replacement,False,Filters,1.0,pc,600.00,600.00,True,False
215,Oil Filter,Oil Filter,replacement,False,Filters,1.0,pc,600.00,600.00,True,False
215,Engine Oil,Engine Oil,standard,False,Fluids & Consumables,8.0,liter,450.00,3600.00,True,False
215,Brake Cleaner,Brake Cleaner,standard,False,Fluids & Consumables,1.0,liter,250.00,250.00,True,False
215,Air Filter,Air Filter,replacement,False,Filters,1.0,pc,650.00,650.00,True,False
215,Automatic Transmission Fluid (ATF),Automatic Transmission Fluid (ATF),standard,False,Fluids & Consumables,5.0,liter,450.00,2250.00,True,False
215,Brake Pads,Brake Pads,replacement,False,Braking,1.0,pc,1450.00,1450.00,True,False
216,Valve Guide,Valve Guide,replacement,False,General,1.0,pc,1200.00,1200.00,True,False
216,Engine Valve,Engine Valve,replacement,False,General,1.0,pc,4000.00,4000.00,True,False
216,Steering Kit,Steering Kit,replacement,False,General,1.0,pc,2500.00,2500.00,True,False
216,Power Steering Fluid,Power Steering Fluid,standard,False,Fluids & Consumables,1.0,liter,250.00,250.00,True,False
217,Transmission Assy,Transmission Assy,replacement,False,General,1.0,pc,32000.00,32000.00,True,False
217,Automatic Transmission Fluid (ATF),Automatic Transmission Fluid (ATF),standard,False,Fluids & Consumables,6.0,liter,500.00,3000.00,True,False
217,Suspension Bushing,Suspension Bushing,replacement,False,Steering & Suspension,2.0,pc,550.00,1100.00,True,False
217,Suspension Bushing,Suspension Bushing,replacement,False,Steering & Suspension,2.0,pc,450.00,900.00,True,False
217,Crankshaft Oil Seal,Crankshaft Oil Seal,replacement,False,Engine,1.0,pc,950.00,950.00,True,False
218,Cabin Filter,Cabin Filter,replacement,False,Filters,1.0,pc,600.00,600.00,True,False
218,Oil Filter,Oil Filter,replacement,False,Filters,1.0,pc,600.00,600.00,True,False
218,Engine Oil,Engine Oil,standard,False,Fluids & Consumables,8.0,liter,450.00,3600.00,True,False
218,Brake Cleaner,Brake Cleaner,standard,False,Fluids & Consumables,1.0,liter,250.00,250.00,True,False
218,Automatic Transmission Fluid (ATF),Automatic Transmission Fluid (ATF),standard,False,Fluids & Consumables,1.0,liter,650.00,650.00,True,False
218,Automatic Transmission Fluid (ATF),Automatic Transmission Fluid (ATF),standard,False,Fluids & Consumables,5.0,liter,450.00,2250.00,True,False
218,Brake Adj,Brake Adj,replacement,False,General,1.0,pc,1450.00,1450.00,True,False
219,Transmission Assy,Transmission Assy,replacement,False,General,1.0,pc,32000.00,32000.00,True,False
219,Automatic Transmission Fluid (ATF),Automatic Transmission Fluid (ATF),standard,False,Fluids & Consumables,6.0,liter,500.00,3000.00,True,False
219,Engine / Transmission Support,Engine / Transmission Support,replacement,False,Engine,1.0,pc,1500.00,1500.00,True,False
219,Engine / Transmission Support,Engine / Transmission Support,replacement,False,Engine,1.0,pc,1900.00,1900.00,True,False
219,Engine / Transmission Support,Engine / Transmission Support,replacement,False,Engine,1.0,pc,2200.00,2200.00,True,False
219,Engine / Transmission Support,Engine / Transmission Support,replacement,False,Engine,1.0,pc,2800.00,2800.00,True,False
219,Suspension Bushing,Suspension Bushing,replacement,False,Steering & Suspension,2.0,pc,550.00,1100.00,True,False
219,Suppression Bushing (small),Suppression Bushing (small),replacement,False,General,2.0,pc,450.00,900.00,True,False
219,Crankshaft Oil Seal,Crankshaft Oil Seal,replacement,False,Engine,1.0,pc,950.00,950.00,True,False
219,Vacuum Hose,Vacuum Hose,replacement,False,General,1.0,pc,250.00,250.00,True,False
220,Engine Oil,Engine Oil,standard,False,Fluids & Consumables,8.0,liter,450.00,3600.00,True,False
220,Oil Filter,Oil Filter,replacement,False,Filters,1.0,pc,350.00,350.00,True,False
220,Cabin Filter,Cabin Filter,replacement,False,Filters,1.0,pc,400.00,400.00,True,False
220,Automatic Transmission Fluid (ATF),Automatic Transmission Fluid (ATF),standard,False,Fluids & Consumables,1.0,liter,650.00,650.00,True,False
220,Brake Cleaner,Brake Cleaner,standard,False,Fluids & Consumables,1.0,liter,250.00,250.00,True,False
220,Fuel Filter,Fuel Filter,replacement,False,Filters,1.0,pc,450.00,450.00,True,False
221,Valve Cover Gasket,Valve Cover Gasket,replacement,False,Engine,1.0,pc,750.00,750.00,True,False
221,Injector Seal,Injector Seal,replacement,False,General,4.0,pc,450.00,1800.00,True,False
221,Injector Oil Seal,Injector Oil Seal,replacement,False,General,4.0,pc,450.00,1800.00,True,False
221,Valve Cover O-ring,Valve Cover O-ring,replacement,False,General,4.0,pc,350.00,1400.00,True,False
221,Coolant Bypass Hose / Tube,Coolant Bypass Hose / Tube,replacement,False,Engine Cooling,1.0,pc,4500.00,4500.00,True,False
221,Engine Oil,Engine Oil,standard,False,Fluids & Consumables,8.0,liter,450.00,3600.00,True,False
221,Oil Filter,Oil Filter,replacement,False,Filters,1.0,pc,350.00,350.00,True,False
221,Air Filter,Air Filter,replacement,False,Filters,1.0,pc,650.00,650.00,True,False
221,Cabin Filter,Cabin Filter,replacement,False,Filters,1.0,pc,400.00,400.00,True,False
221,Engine Coolant,Engine Coolant,standard,False,Fluids & Consumables,6.0,liter,175.00,1050.00,True,False
221,Fuel Filter,Fuel Filter,replacement,False,Filters,1.0,pc,750.00,750.00,True,False
221,Silicone,Silicone,replacement,False,General,1.0,pc,200.00,200.00,True,False
221,Auxiliary Fan / Blower Motor,Auxiliary Fan / Blower Motor,replacement,False,Engine Cooling,1.0,pc,7500.00,7500.00,True,False
221,Thermostat,Thermostat,replacement,False,Engine Cooling,1.0,pc,1300.00,1300.00,True,False
221,Injector Washer,Injector Washer,replacement,False,General,4.0,pc,450.00,1800.00,True,False
221,Injector O Ring,Injector O Ring,replacement,False,General,4.0,pc,300.00,1200.00,True,False
222,Engine Oil,Engine Oil,standard,False,Fluids & Consumables,8.0,liter,400.00,3200.00,True,False
222,Oil Filter,Oil Filter,replacement,False,Filters,1.0,pc,350.00,350.00,True,False
222,Air Filter,Air Filter,replacement,False,Filters,1.0,pc,450.00,450.00,True,False
222,Cabin Filter,Cabin Filter,replacement,False,Filters,1.0,pc,400.00,400.00,True,False
222,Fuel Filter,Fuel Filter,replacement,False,Filters,1.0,pc,750.00,750.00,True,False
222,Brake Pads,Brake Pads,replacement,False,Braking,2.0,pc,1800.00,3600.00,True,False
222,Brake Cleaner,Brake Cleaner,standard,False,Fluids & Consumables,1.0,liter,250.00,250.00,True,False
223,Brake Pads,Brake Pads,replacement,False,Braking,1.0,pc,1800.00,1800.00,True,False
223,Engine Oil,Engine Oil,standard,False,Fluids & Consumables,6.0,liter,450.00,2700.00,True,False
223,Oil Filter,Oil Filter,replacement,False,Filters,1.0,pc,650.00,650.00,True,False
223,Air Filter,Air Filter,replacement,False,Filters,1.0,pc,750.00,750.00,True,False
223,Brake Cleaner,Brake Cleaner,standard,False,Fluids & Consumables,1.0,liter,250.00,250.00,True,False
223,Fuel Filter,Fuel Filter,replacement,False,Filters,1.0,pc,850.00,850.00,True,False
223,Brake Pads,Brake Pads,replacement,False,Braking,1.0,pc,1800.00,1800.00,True,False
224,Brake Pads,Brake Pads,replacement,False,Braking,1.0,pc,1800.00,1800.00,True,False
224,Engine Oil,Engine Oil,standard,False,Fluids & Consumables,6.0,liter,450.00,2700.00,True,False
224,Air Filter,Air Filter,replacement,False,Filters,1.0,pc,750.00,750.00,True,False
224,Brake Cleaner,Brake Cleaner,standard,False,Fluids & Consumables,1.0,liter,250.00,250.00,True,False
224,Fuel Filter,Fuel Filter,replacement,False,Filters,1.0,pc,850.00,850.00,True,False
224,Brake Pads,Brake Pads,replacement,False,Braking,1.0,pc,1800.00,1800.00,True,False
224,Oil Filter,Oil Filter,replacement,False,Filters,1.0,pc,750.00,750.00,True,False
225,Engine Oil,Engine Oil,standard,False,Fluids & Consumables,4.0,liter,500.00,2000.00,True,False
225,Oil Filter,Oil Filter,replacement,False,Filters,1.0,pc,850.00,850.00,True,False
225,Cabin Filter,Cabin Filter,replacement,False,Filters,1.0,pc,850.00,850.00,True,False
225,Shock KYB,Shock KYB,replacement,False,General,2.0,pc,5000.00,10000.00,True,False
225,Spark Plug,Spark Plug,replacement,False,Ignition & Electrical,3.0,pc,1200.00,3600.00,True,False
225,Brake Pads,Brake Pads,replacement,False,Braking,1.0,pc,2000.00,2000.00,True,False
225,Brake Cleaner,Brake Cleaner,standard,False,Fluids & Consumables,1.0,liter,250.00,250.00,True,False
225,Carb / Throttle Cleaner,Carb / Throttle Cleaner,standard,False,Fluids & Consumables,1.0,liter,250.00,250.00,True,False
225,Automatic Transmission Fluid (ATF),Automatic Transmission Fluid (ATF),standard,False,Fluids & Consumables,4.0,liter,550.00,2200.00,True,False
226,Overhauling Gasket Set,Overhauling Gasket Set,replacement,False,Engine,1.0,pc,13000.00,13000.00,True,False
226,Engine Oil,Engine Oil,standard,False,Fluids & Consumables,8.0,liter,450.00,3600.00,True,False
226,Oil Filter,Oil Filter,replacement,False,Filters,1.0,pc,350.00,350.00,True,False
226,Cabin Filter,Cabin Filter,replacement,False,Filters,1.0,pc,400.00,400.00,True,False
226,Engine Coolant,Engine Coolant,standard,False,Fluids & Consumables,6.0,liter,175.00,1050.00,True,False
226,Fuel Filter,Fuel Filter,replacement,False,Filters,1.0,pc,750.00,750.00,True,False
226,Silicone,Silicone,replacement,False,General,1.0,pc,200.00,200.00,True,False
226,Thermostat,Thermostat,replacement,False,Engine Cooling,1.0,pc,1300.00,1300.00,True,False
226,Coolant Bypass Hose / Tube,Coolant Bypass Hose / Tube,replacement,False,Engine Cooling,1.0,pc,4500.00,4500.00,True,False
226,Auxiliary Fan / Blower Motor,Auxiliary Fan / Blower Motor,replacement,False,Engine Cooling,1.0,pc,7500.00,7500.00,True,False
226,Water Jacket,Water Jacket,replacement,False,General,1.0,pc,1500.00,1500.00,True,False
226,Bearing,Bearing,replacement,False,General,1.0,pc,250.00,250.00,True,False
226,Vacuum Hose,Vacuum Hose,replacement,False,General,1.0,pc,250.00,250.00,True,False
228,Tie Rod End,Tie Rod End,replacement,False,Steering & Suspension,2.0,pc,1200.00,2400.00,True,False
228,Base Joint,Base Joint,replacement,False,General,2.0,pc,1250.00,2500.00,True,False
228,Suspension Bushing,Suspension Bushing,replacement,False,Steering & Suspension,2.0,pc,750.00,1500.00,True,False
228,Shock Mounting,Shock Mounting,replacement,False,Steering & Suspension,2.0,pc,1100.00,2200.00,True,False
229,Rack N Pinion,Rack N Pinion,replacement,False,General,1.0,pc,13000.00,13000.00,True,False
229,Stabilizer Link,Stabilizer Link,replacement,False,Steering & Suspension,8.0,pc,200.00,1600.00,True,False
229,Valve Cover Gasket,Valve Cover Gasket,replacement,False,Engine,1.0,pc,1250.00,1250.00,True,False
229,Suspension Bushing,Suspension Bushing,replacement,False,Steering & Suspension,2.0,pc,650.00,1300.00,True,False
229,Suspension Bushing,Suspension Bushing,replacement,False,Steering & Suspension,2.0,pc,750.00,1500.00,True,False
230,Rack N Pinion Assy,Rack N Pinion Assy,replacement,False,General,1.0,pc,9500.00,9500.00,True,False
230,Stabilizer Link,Stabilizer Link,replacement,False,Steering & Suspension,1.0,pc,1600.00,1600.00,True,False
230,Value Cover Gasket,Value Cover Gasket,replacement,False,General,1.0,pc,1250.00,1250.00,True,False
230,Suspension Bushing,Suspension Bushing,replacement,False,Steering & Suspension,2.0,pc,750.00,1500.00,True,False
230,Suspension Bushing,Suspension Bushing,replacement,False,Steering & Suspension,2.0,pc,650.00,1300.00,True,False
232,Rack End,Rack End,replacement,False,Steering & Suspension,1.0,pc,8500.00,8500.00,True,False
232,Stabilizer Link,Stabilizer Link,replacement,False,Steering & Suspension,1.0,pc,1450.00,1450.00,True,False
232,Valve Cover Gasket,Valve Cover Gasket,replacement,False,Engine,1.0,pc,1250.00,1250.00,True,False
232,Suspension Bushing,Suspension Bushing,replacement,False,Steering & Suspension,2.0,pc,750.00,1500.00,True,False
232,Suspension Bushing,Suspension Bushing,replacement,False,Steering & Suspension,2.0,pc,650.00,1300.00,True,False
233,Oil Filter,Oil Filter,replacement,False,Filters,1.0,pc,750.00,750.00,True,False
233,Engine Oil,Engine Oil,standard,False,Fluids & Consumables,5.0,liter,500.00,2500.00,True,False
234,Rack End,Rack End,replacement,False,Steering & Suspension,2.0,pc,1200.00,2400.00,True,False
234,Tie Rod End,Tie Rod End,replacement,False,Steering & Suspension,2.0,pc,1200.00,2400.00,True,False
234,Ball Joint,Ball Joint,replacement,False,Steering & Suspension,2.0,pc,1250.00,2500.00,True,False
234,Stabilizer Link,Stabilizer Link,replacement,False,Steering & Suspension,2.0,pc,1200.00,2400.00,True,False
234,Shock Mounting,Shock Mounting,replacement,False,Steering & Suspension,2.0,pc,1100.00,2200.00,True,False
234,Air Filter,Air Filter,replacement,False,Filters,1.0,pc,750.00,750.00,True,False
234,Cabin Filter,Cabin Filter,replacement,False,Filters,1.0,pc,750.00,750.00,True,False
234,Oil Filter,Oil Filter,replacement,False,Filters,1.0,pc,650.00,650.00,True,False
234,Spark Plug,Spark Plug,replacement,False,Ignition & Electrical,4.0,pc,900.00,3600.00,True,False
234,Engine Oil,Engine Oil,standard,False,Fluids & Consumables,4.0,liter,500.00,2000.00,True,False
236,Stabilizer,Stabilizer,replacement,False,General,2.0,pc,850.00,1700.00,True,False
236,Engine / Transmission Support,Engine / Transmission Support,replacement,False,Engine,1.0,pc,3500.00,3500.00,True,False
236,Suspension Bushing,Suspension Bushing,replacement,False,Steering & Suspension,2.0,pc,650.00,1300.00,True,False
236,Shock,Shock,replacement,False,General,1.0,pc,4000.00,4000.00,True,False
237,Spark Plug,Spark Plug,replacement,False,Ignition & Electrical,4.0,pc,500.00,2000.00,True,False
237,Brake Pads,Brake Pads,replacement,False,Braking,1.0,pc,3200.00,3200.00,True,False
237,Oil Filter,Oil Filter,replacement,False,Filters,1.0,pc,350.00,350.00,True,False
237,Engine Oil,Engine Oil,standard,False,Fluids & Consumables,4.0,liter,500.00,2000.00,True,False
237,Air Filter,Air Filter,replacement,False,Filters,1.0,pc,950.00,950.00,True,False
237,Brake Cleaner,Brake Cleaner,standard,False,Fluids & Consumables,1.0,liter,250.00,250.00,True,False
238,Tie Rod End,Tie Rod End,replacement,False,Steering & Suspension,2.0,pc,1200.00,2400.00,True,False
238,Rack End,Rack End,replacement,False,Steering & Suspension,2.0,pc,1200.00,2400.00,True,False
238,Rubber Boot,Rubber Boot,replacement,False,General,2.0,pc,550.00,1100.00,True,False
238,Stabilizer,Stabilizer,replacement,False,General,2.0,pc,1250.00,2500.00,True,False
239,Stabilizer Link,Stabilizer Link,replacement,False,Steering & Suspension,2.0,pc,850.00,1700.00,True,False
239,Engine / Transmission Support,Engine / Transmission Support,replacement,False,Engine,1.0,pc,3500.00,3500.00,True,False
239,Suspension Bushing,Suspension Bushing,replacement,False,Steering & Suspension,2.0,pc,650.00,1300.00,True,False
239,Shock Absorber,Shock Absorber,replacement,False,Steering & Suspension,2.0,pc,4000.00,8000.00,True,False
240,Cabin Filter,Cabin Filter,replacement,False,Filters,1.0,pc,600.00,600.00,True,False
240,Oil Filter,Oil Filter,replacement,False,Filters,1.0,pc,600.00,600.00,True,False
240,Engine Oil,Engine Oil,standard,False,Fluids & Consumables,8.0,liter,450.00,3600.00,True,False
240,Brake Cleaner,Brake Cleaner,standard,False,Fluids & Consumables,1.0,liter,250.00,250.00,True,False
240,Air Filter,Air Filter,replacement,False,Filters,1.0,pc,650.00,650.00,True,False
241,Air Filter,Air Filter,replacement,False,Filters,1.0,pc,650.00,650.00,True,False
241,Clutch Solenoid,Clutch Solenoid,replacement,False,General,1.0,pc,4500.00,4500.00,True,False
241,Dry Clutch Set,Dry Clutch Set,replacement,False,General,1.0,pc,50000.00,50000.00,True,False
242,Tire Mounting,Tire Mounting,replacement,False,General,2.0,pc,500.00,1000.00,True,False
242,Tire,Tire,replacement,False,General,1.0,pc,4200.00,4200.00,True,False
243,Cylinder Head Gasket,Cylinder Head Gasket,original,True,Engine,1.0,pc,3500.00,3500.00,True,False
243,Axle Boot,Axle Boot,replacement,False,Steering & Suspension,2.0,pc,750.00,1500.00,True,False
243,Axle Boot,Axle Boot,replacement,False,Steering & Suspension,2.0,pc,750.00,1500.00,True,False
243,Engine Oil,Engine Oil,standard,False,Fluids & Consumables,4.0,liter,450.00,1800.00,True,False
243,Engine Coolant,Engine Coolant,standard,False,Fluids & Consumables,7.0,liter,175.00,1225.00,True,False
243,Socket Injector,Socket Injector,replacement,False,General,4.0,pc,200.00,800.00,True,False
244,Wheel Cylinder,Wheel Cylinder,replacement,False,Braking,1.0,pc,950.00,950.00,True,False
244,Cabin Filter,Cabin Filter,replacement,False,Filters,1.0,pc,350.00,350.00,True,False
244,Oil Filter,Oil Filter,replacement,False,Filters,1.0,pc,350.00,350.00,True,False
244,Pressure Plate,Pressure Plate,replacement,False,Transmission,1.0,pc,4800.00,4800.00,True,False
244,Release Bearing,Release Bearing,replacement,False,Transmission,1.0,pc,2000.00,2000.00,True,False
244,Clutch Disc,Clutch Disc,replacement,False,Transmission,1.0,pc,5200.00,5200.00,True,False
245,Crankshaft Oil Seal,Crankshaft Oil Seal,original,True,Engine,1.0,pc,2400.00,2400.00,True,False
245,Crankshaft Oil Seal,Crankshaft Oil Seal,replacement,False,Engine,1.0,pc,1800.00,1800.00,True,False
245,Valve Cover Gasket,Valve Cover Gasket,original,True,Engine,1.0,pc,950.00,950.00,True,False
245,Valve Cover Gasket,Valve Cover Gasket,replacement,False,Engine,1.0,pc,550.00,550.00,True,False
245,Engine / Transmission Support,Engine / Transmission Support,original,True,Engine,1.0,pc,4200.00,4200.00,True,False
245,Engine / Transmission Support,Engine / Transmission Support,replacement,False,Engine,1.0,pc,2300.00,2300.00,True,False
245,Water Plug,Water Plug,replacement,False,General,1.0,pc,250.00,250.00,True,False
245,Axle Oil Seal,Axle Oil Seal,replacement,False,Steering & Suspension,1.0,pc,750.00,750.00,True,False
247,Overhauling Gasket Set,Overhauling Gasket Set,replacement,False,Engine,1.0,pc,4200.00,4200.00,True,False
247,Piston Ring OEM,Piston Ring OEM,replacement,False,General,1.0,pc,4500.00,4500.00,True,False
247,Liner,Liner,replacement,False,General,1.0,pc,6500.00,6500.00,True,False
247,Main Bearing Std,Main Bearing Std,replacement,False,General,1.0,pc,2500.00,2500.00,True,False
247,Con Rod Bearing Std,Con Rod Bearing Std,replacement,False,General,1.0,pc,2500.00,2500.00,True,False
247,Oil Cooler Hose,Oil Cooler Hose,replacement,False,General,2.0,pc,1250.00,2500.00,True,False
247,Heater Hose Orig,Heater Hose Orig,replacement,False,General,2.0,pc,1250.00,2500.00,True,False
247,Oil Cooler Assy Orig,Oil Cooler Assy Orig,replacement,False,General,1.0,pc,4500.00,4500.00,True,False
247,Thrust Washer Std,Thrust Washer Std,replacement,False,General,1.0,pc,450.00,450.00,True,False
247,Main Drive Pulley Orig,Main Drive Pulley Orig,replacement,False,General,1.0,pc,5700.00,5700.00,True,False
247,Crankshaft Oil Seal,Crankshaft Oil Seal,replacement,False,Engine,1.0,pc,5600.00,5600.00,True,False
247,Automatic Transmission Fluid (ATF),Automatic Transmission Fluid (ATF),standard,False,Fluids & Consumables,8.0,liter,500.00,4000.00,True,False
247,Engine Oil,Engine Oil,standard,False,Fluids & Consumables,8.0,liter,50.00,400.00,True,False
248,Alternator,Alternator,replacement,False,Ignition & Electrical,1.0,pc,4500.00,4500.00,True,False
250,Pitman,Pitman,replacement,False,General,1.0,pc,900.00,900.00,True,False
250,Center Post,Center Post,replacement,False,General,1.0,pc,800.00,800.00,True,False
250,Handbrake Cable,Handbrake Cable,replacement,False,General,1.0,pc,2500.00,2500.00,True,False
251,Spark Plug,Spark Plug,replacement,False,Ignition & Electrical,3.0,pc,250.00,750.00,True,False
251,Shock Mounting,Shock Mounting,replacement,False,Steering & Suspension,2.0,pc,1050.00,2100.00,True,False
251,Tie Rod End,Tie Rod End,replacement,False,Steering & Suspension,2.0,pc,1200.00,2400.00,True,False
251,Tie Rod End,Tie Rod End,replacement,False,Steering & Suspension,2.0,pc,1200.00,2400.00,True,False
251,Air Filter,Air Filter,replacement,False,Filters,1.0,pc,450.00,450.00,True,False
251,Cabin Filter,Cabin Filter,replacement,False,Filters,1.0,pc,450.00,450.00,True,False
251,Oil Filter,Oil Filter,replacement,False,Filters,1.0,pc,350.00,350.00,True,False
252,Drive / Fan Belt,Drive / Fan Belt,replacement,False,Engine,1.0,pc,1800.00,1800.00,True,False
252,Pulley Belt,Pulley Belt,replacement,False,General,2.0,pc,1200.00,2400.00,True,False
252,Alternator,Alternator,replacement,False,Ignition & Electrical,1.0,pc,7500.00,7500.00,True,False
253,Tensioner,Tensioner,replacement,False,General,1.0,pc,2500.00,2500.00,True,False
253,Drive / Fan Belt,Drive / Fan Belt,replacement,False,Engine,1.0,pc,1800.00,1800.00,True,False
253,Air Filter,Air Filter,replacement,False,Filters,1.0,pc,600.00,600.00,True,False
253,Water Pump,Water Pump,replacement,False,Engine Cooling,1.0,pc,2500.00,2500.00,True,False
253,Engine Coolant,Engine Coolant,standard,False,Fluids & Consumables,4.0,liter,150.00,600.00,True,False
253,Brake Cleaner,Brake Cleaner,standard,False,Fluids & Consumables,1.0,liter,250.00,250.00,True,False
253,Automatic Transmission Fluid (ATF),Automatic Transmission Fluid (ATF),standard,False,Fluids & Consumables,4.0,liter,450.00,1800.00,True,False
253,Brake Pads,Brake Pads,replacement,False,Braking,1.0,pc,1200.00,1200.00,True,False
254,Automotive Light Bulb,Automotive Light Bulb,replacement,False,Ignition & Electrical,2.0,pc,350.00,700.00,True,False
254,Socket,Socket,replacement,False,General,2.0,pc,200.00,400.00,True,False
255,Air Filter,Air Filter,replacement,False,Filters,1.0,pc,700.00,700.00,True,False
255,Oil Filter,Oil Filter,replacement,False,Filters,1.0,pc,650.00,650.00,True,False
255,Engine Flusher,Engine Flusher,replacement,False,General,1.0,pc,700.00,700.00,True,False
255,Daphine Oil,Daphine Oil,replacement,False,General,8.0,pc,450.00,3600.00,True,False
256,Engine / Transmission Support,Engine / Transmission Support,replacement,False,Engine,1.0,pc,2500.00,2500.00,True,False
256,Psf,Psf,replacement,False,General,1.0,pc,450.00,450.00,True,False
256,Transmission Oil Seal,Transmission Oil Seal,replacement,False,General,1.0,pc,1200.00,1200.00,True,False
256,Brake Fluid,Brake Fluid,standard,False,Fluids & Consumables,1.0,liter,350.00,350.00,True,False
257,Clutch Set,Clutch Set,replacement,False,Transmission,1.0,pc,15500.00,15500.00,True,False
257,Release Bearing,Release Bearing,replacement,False,Transmission,1.0,pc,1200.00,1200.00,True,False
257,Gear / Differential Oil,Gear / Differential Oil,standard,False,Fluids & Consumables,3.0,liter,650.00,1950.00,True,False
257,Plywheel,Plywheel,replacement,False,General,1.0,pc,32000.00,32000.00,True,False
257,Pilot Bearing,Pilot Bearing,replacement,False,Transmission,1.0,pc,300.00,300.00,True,False
258,Clutch Disc,Clutch Disc,replacement,False,Transmission,1.0,pc,15500.00,15500.00,True,False
258,Release Bearing,Release Bearing,replacement,False,Transmission,1.0,pc,1200.00,1200.00,True,False
258,Gear / Differential Oil,Gear / Differential Oil,standard,False,Fluids & Consumables,3.0,liter,650.00,1950.00,True,False
258,Plywheel,Plywheel,replacement,False,General,1.0,pc,32000.00,32000.00,True,False
260,Engine Oil,Engine Oil,standard,False,Fluids & Consumables,4.0,liter,350.00,1400.00,True,False
260,Air Filter,Air Filter,replacement,False,Filters,1.0,pc,500.00,500.00,True,False
260,Oil Filter,Oil Filter,replacement,False,Filters,1.0,pc,350.00,350.00,True,False
260,Brake Cleaner,Brake Cleaner,standard,False,Fluids & Consumables,1.0,liter,300.00,300.00,True,False
261,Engine Oil,Engine Oil,standard,False,Fluids & Consumables,4.0,liter,350.00,1400.00,True,False
261,Air Filter,Air Filter,replacement,False,Filters,1.0,pc,500.00,500.00,True,False
261,Oil Filter,Oil Filter,replacement,False,Filters,1.0,pc,350.00,350.00,True,False
261,Brake Cleaner,Brake Cleaner,standard,False,Fluids & Consumables,1.0,liter,300.00,300.00,True,False
262,Automatic Transmission Fluid (ATF),Automatic Transmission Fluid (ATF),standard,False,Fluids & Consumables,6.0,liter,380.00,2280.00,True,False
262,Psf,Psf,replacement,False,General,1.0,pc,380.00,380.00,True,False
262,Engine / Transmission Support,Engine / Transmission Support,replacement,False,Engine,1.0,pc,1800.00,1800.00,True,False
262,Transmission Oil Seal,Transmission Oil Seal,replacement,False,General,1.0,pc,850.00,850.00,True,False
263,Air Filter,Air Filter,replacement,False,Filters,1.0,pc,650.00,650.00,True,False
263,Oil Filter,Oil Filter,replacement,False,Filters,1.0,pc,400.00,400.00,True,False
263,Cabin Filter,Cabin Filter,replacement,False,Filters,1.0,pc,750.00,750.00,True,False
263,Engine Oil,Engine Oil,standard,False,Fluids & Consumables,8.0,liter,450.00,3600.00,True,False
263,Brake Cleaner,Brake Cleaner,standard,False,Fluids & Consumables,1.0,liter,250.00,250.00,True,False
264,Engine / Transmission Support,Engine / Transmission Support,replacement,False,Engine,1.0,pc,2500.00,2500.00,True,False
264,Automatic Transmission Fluid (ATF),Automatic Transmission Fluid (ATF),standard,False,Fluids & Consumables,6.0,liter,450.00,2700.00,True,False
264,Psf,Psf,replacement,False,General,1.0,pc,450.00,450.00,True,False
264,Transmission Oil Seal,Transmission Oil Seal,replacement,False,General,1.0,pc,1200.00,1200.00,True,False
265,Main Bearing,Main Bearing,replacement,False,General,1.0,pc,1200.00,1200.00,True,False
265,Conrod Bearing,Conrod Bearing,replacement,False,General,1.0,pc,950.00,950.00,True,False
265,Overhauling Gasket Set,Overhauling Gasket Set,replacement,False,Engine,1.0,pc,2500.00,2500.00,True,False
265,Oil,Oil,replacement,False,General,4.0,pc,350.00,1400.00,True,False
265,Oil Filter,Oil Filter,replacement,False,Filters,1.0,pc,450.00,450.00,True,False
265,RTV Silicone Gasket Maker,RTV Silicone Gasket Maker,standard,False,Fluids & Consumables,1.0,liter,250.00,250.00,True,False
265,Copper Spray,Copper Spray,replacement,False,General,1.0,pc,1200.00,1200.00,True,False
265,Distilled Water,Distilled Water,replacement,False,General,1.0,pc,100.00,100.00,True,False
265,Engine Coolant,Engine Coolant,standard,False,Fluids & Consumables,1.0,liter,300.00,300.00,True,False
265,Liner,Liner,replacement,False,General,1.0,pc,8000.00,8000.00,True,False
266,Brake Pads,Brake Pads,replacement,False,Braking,1.0,pc,2500.00,2500.00,True,False
266,Engine Oil,Engine Oil,standard,False,Fluids & Consumables,5.0,liter,450.00,2250.00,True,False
266,Oil Filter,Oil Filter,replacement,False,Filters,1.0,pc,250.00,250.00,True,False
266,Automatic Transmission Fluid (ATF),Automatic Transmission Fluid (ATF),standard,False,Fluids & Consumables,6.0,liter,380.00,2280.00,True,False
266,Air Filter,Air Filter,replacement,False,Filters,1.0,pc,300.00,300.00,True,False
266,Spark Plug,Spark Plug,replacement,False,Ignition & Electrical,4.0,pc,200.00,800.00,True,False
266,Carb / Throttle Cleaner,Carb / Throttle Cleaner,standard,False,Fluids & Consumables,1.0,liter,250.00,250.00,True,False
266,Brake Fluid,Brake Fluid,standard,False,Fluids & Consumables,1.0,liter,250.00,250.00,True,False
266,Right Engine Support,Right Engine Support,replacement,False,General,1.0,pc,2200.00,2200.00,True,False
267,Crankshaft Oil Seal,Crankshaft Oil Seal,replacement,False,Engine,1.0,pc,1800.00,1800.00,True,False
267,Silicone,Silicone,replacement,False,General,1.0,pc,250.00,250.00,True,False
268,Airflow,Airflow,replacement,False,General,1.0,pc,4500.00,4500.00,True,False
268,Fuel Filter,Fuel Filter,replacement,False,Filters,1.0,pc,650.00,650.00,True,False
269,Rack End,Rack End,replacement,False,Steering & Suspension,2.0,pc,1200.00,2400.00,True,False
269,The Rod,The Rod,replacement,False,General,2.0,pc,1500.00,3000.00,True,False
269,Stabilizer Link,Stabilizer Link,replacement,False,Steering & Suspension,2.0,pc,1200.00,2400.00,True,False
269,Stab. Bui Hng,Stab. Bui Hng,replacement,False,General,2.0,pc,350.00,700.00,True,False
270,Engine Oil,Engine Oil,standard,False,Fluids & Consumables,8.0,liter,400.00,3200.00,True,False
270,Brake Master Cylinder,Brake Master Cylinder,replacement,False,Braking,1.0,pc,4000.00,4000.00,True,False
270,Fuel Filter,Fuel Filter,replacement,False,Filters,1.0,pc,350.00,350.00,True,False
270,Cabin Filter,Cabin Filter,replacement,False,Filters,1.0,pc,350.00,350.00,True,False
270,Oil Filter,Oil Filter,replacement,False,Filters,1.0,pc,250.00,250.00,True,False
270,Brake Cleaner,Brake Cleaner,standard,False,Fluids & Consumables,1.0,liter,250.00,250.00,True,False
270,Air Filter,Air Filter,replacement,False,Filters,1.0,pc,650.00,650.00,True,False
270,Brake Fluid,Brake Fluid,standard,False,Fluids & Consumables,1.0,liter,350.00,350.00,True,False
271,Engine Oil,Engine Oil,standard,False,Fluids & Consumables,8.0,liter,400.00,3200.00,True,False
271,Brake Master Cylinder,Brake Master Cylinder,replacement,False,Braking,1.0,pc,4000.00,4000.00,True,False
271,Fuel Filter,Fuel Filter,replacement,False,Filters,1.0,pc,350.00,350.00,True,False
271,Cabin Filter,Cabin Filter,replacement,False,Filters,1.0,pc,250.00,250.00,True,False
271,Oil Filter,Oil Filter,replacement,False,Filters,1.0,pc,250.00,250.00,True,False
271,Air Filter,Air Filter,replacement,False,Filters,1.0,pc,650.00,650.00,True,False
271,Brake Cleaner,Brake Cleaner,standard,False,Fluids & Consumables,1.0,liter,250.00,250.00,True,False
271,Brake Fluid,Brake Fluid,standard,False,Fluids & Consumables,1.0,liter,350.00,350.00,True,False
272,Timing Chain,Timing Chain,replacement,False,Engine,1.0,pc,2000.00,2000.00,True,False
272,Valve Cover Gasket,Valve Cover Gasket,replacement,False,Engine,1.0,pc,900.00,900.00,True,False
272,Oil Filter,Oil Filter,replacement,False,Filters,1.0,pc,950.00,950.00,True,False
272,Engine Oil,Engine Oil,standard,False,Fluids & Consumables,8.0,liter,420.00,3360.00,True,False
272,Gas,Gas,replacement,False,General,1.0,pc,300.00,300.00,True,False
272,Valve Cover Half Moon,Valve Cover Half Moon,replacement,False,General,1.0,pc,350.00,350.00,True,False
272,Crankshaft Oil Seal,Crankshaft Oil Seal,replacement,False,Engine,1.0,pc,1800.00,1800.00,True,False
272,Silicone,Silicone,replacement,False,General,1.0,pc,250.00,250.00,True,False
273,Brake Master Cylinder,Brake Master Cylinder,replacement,False,Braking,1.0,pc,3200.00,3200.00,True,False
273,Engine Oil,Engine Oil,standard,False,Fluids & Consumables,5.0,liter,450.00,2250.00,True,False
273,Oil Filter,Oil Filter,replacement,False,Filters,1.0,pc,250.00,250.00,True,False
273,Automatic Transmission Fluid (ATF),Automatic Transmission Fluid (ATF),standard,False,Fluids & Consumables,6.0,liter,450.00,2700.00,True,False
273,Air Filter,Air Filter,replacement,False,Filters,1.0,pc,450.00,450.00,True,False
273,Sparkplug,Sparkplug,replacement,False,General,4.0,pc,300.00,1200.00,True,False
273,Carb / Throttle Cleaner,Carb / Throttle Cleaner,standard,False,Fluids & Consumables,1.0,liter,250.00,250.00,True,False
273,Brake Fluid,Brake Fluid,standard,False,Fluids & Consumables,1.0,liter,300.00,300.00,True,False
273,Engine / Transmission Support,Engine / Transmission Support,replacement,False,Engine,1.0,pc,2200.00,2200.00,True,False
273,Brake Cleaner,Brake Cleaner,standard,False,Fluids & Consumables,1.0,liter,250.00,250.00,True,False
273,Freon (R134a),Freon (R134a),standard,False,Fluids & Consumables,1.0,liter,2500.00,2500.00,True,False
274,Spark Plug,Spark Plug,replacement,False,Ignition & Electrical,1.0,pc,750.00,750.00,True,False
274,Injector,Injector,replacement,False,General,1.0,pc,11500.00,11500.00,True,False
275,Brake Cleaner,Brake Cleaner,standard,False,Fluids & Consumables,1.0,liter,250.00,250.00,True,False
275,Wheel Cylinder,Wheel Cylinder,replacement,False,Braking,2.0,pc,800.00,1600.00,True,False
275,Automatic Transmission Fluid (ATF),Automatic Transmission Fluid (ATF),standard,False,Fluids & Consumables,1.0,liter,450.00,450.00,True,False
275,Psf,Psf,replacement,False,General,1.0,pc,450.00,450.00,True,False
276,Krl Piston,Krl Piston,replacement,False,General,1.0,pc,1500.00,1500.00,True,False
277,Engine Oil,Engine Oil,standard,False,Fluids & Consumables,5.0,liter,400.00,2000.00,True,False
277,Air Filter,Air Filter,replacement,False,Filters,1.0,pc,650.00,650.00,True,False
277,Cabin Filter,Cabin Filter,replacement,False,Filters,1.0,pc,350.00,350.00,True,False
277,Oil Filter,Oil Filter,replacement,False,Filters,1.0,pc,250.00,250.00,True,False
277,Brake Cleaner,Brake Cleaner,standard,False,Fluids & Consumables,1.0,liter,250.00,250.00,True,False
278,Spark Plug,Spark Plug,replacement,False,Ignition & Electrical,4.0,pc,750.00,3000.00,True,False
278,Injector,Injector,replacement,False,General,1.0,pc,7000.00,7000.00,True,False
278,Brake Pads,Brake Pads,replacement,False,Braking,1.0,pc,5000.00,5000.00,True,False
278,Brake Pads,Brake Pads,replacement,False,Braking,1.0,pc,5500.00,5500.00,True,False
278,Brake Fluid,Brake Fluid,standard,False,Fluids & Consumables,1.0,liter,350.00,350.00,True,False
278,Brake Cleaner,Brake Cleaner,standard,False,Fluids & Consumables,1.0,liter,250.00,250.00,True,False
279,A/C Expansion Valve,A/C Expansion Valve,replacement,False,Climate Control,2.0,pc,2500.00,5000.00,True,False
279,A/C Filter Drier,A/C Filter Drier,replacement,False,Climate Control,1.0,pc,850.00,850.00,True,False
279,A/C Compressor,A/C Compressor,replacement,False,Climate Control,1.0,pc,200.00,200.00,True,False
279,Aircon Cleaner,Aircon Cleaner,replacement,False,General,2.0,pc,300.00,600.00,True,False
279,Discharge Hose,Discharge Hose,replacement,False,General,1.0,pc,950.00,950.00,True,False
279,Freon (R134a),Freon (R134a),standard,False,Fluids & Consumables,1.0,liter,1800.00,1800.00,True,False
280,Engine Oil,Engine Oil,standard,False,Fluids & Consumables,8.0,liter,450.00,3600.00,True,False
280,Automatic Transmission Fluid (ATF),Automatic Transmission Fluid (ATF),standard,False,Fluids & Consumables,6.0,liter,950.00,5700.00,True,False
280,Silicone,Silicone,replacement,False,General,5.0,pc,150.00,750.00,True,False
280,Engine Coolant,Engine Coolant,standard,False,Fluids & Consumables,8.0,liter,175.00,1400.00,True,False
280,Air Filter,Air Filter,replacement,False,Filters,1.0,pc,850.00,850.00,True,False
280,Cabin Filter,Cabin Filter,replacement,False,Filters,1.0,pc,650.00,650.00,True,False
280,Oil Filter,Oil Filter,replacement,False,Filters,1.0,pc,450.00,450.00,True,False
280,Brake Cleaner,Brake Cleaner,standard,False,Fluids & Consumables,1.0,liter,250.00,250.00,True,False
280,Turbo,Turbo,replacement,False,General,1.0,pc,34000.00,34000.00,True,False
280,Transmission Filter,Transmission Filter,replacement,False,General,1.0,pc,2200.00,2200.00,True,False
281,Turbo,Turbo,replacement,False,General,1.0,pc,34000.00,34000.00,True,False
281,Engine Oil,Engine Oil,standard,False,Fluids & Consumables,8.0,liter,480.00,3840.00,True,False
281,Automatic Transmission Fluid (ATF),Automatic Transmission Fluid (ATF),standard,False,Fluids & Consumables,6.0,liter,980.00,5880.00,True,False
281,Transmission Filter,Transmission Filter,replacement,False,General,1.0,pc,2500.00,2500.00,True,False
281,Silicon Oil,Silicon Oil,replacement,False,General,5.0,pc,150.00,750.00,True,False
281,Engine Coolant,Engine Coolant,standard,False,Fluids & Consumables,8.0,liter,200.00,1600.00,True,False
281,Air Filter,Air Filter,replacement,False,Filters,1.0,pc,850.00,850.00,True,False
281,Cabin Filter,Cabin Filter,replacement,False,Filters,1.0,pc,650.00,650.00,True,False
281,Oil Filter,Oil Filter,replacement,False,Filters,1.0,pc,550.00,550.00,True,False
281,Brake Cleaner,Brake Cleaner,standard,False,Fluids & Consumables,1.0,liter,250.00,250.00,True,False
281,Silicon Gasket,Silicon Gasket,replacement,False,General,1.0,pc,249.99,249.99,True,False
283,Overhauling Gasket Set,Overhauling Gasket Set,replacement,False,Engine,1.0,pc,4300.00,4300.00,True,False
283,Con Rod Bearing,Con Rod Bearing,replacement,False,General,1.0,pc,1200.00,1200.00,True,False
283,Main Bearing,Main Bearing,replacement,False,General,1.0,pc,2200.00,2200.00,True,False
283,Thrust Washer,Thrust Washer,replacement,False,General,1.0,pc,850.00,850.00,True,False
283,Liner,Liner,replacement,False,General,4.0,pc,6200.00,24800.00,True,False
283,Piston,Piston,replacement,False,General,4.0,pc,3750.00,15000.00,True,False
283,Piston Ring,Piston Ring,replacement,False,General,4.0,pc,2500.00,10000.00,True,False
283,Engine Oil,Engine Oil,standard,False,Fluids & Consumables,8.0,liter,400.00,3200.00,True,False
283,Oil Filter,Oil Filter,replacement,False,Filters,1.0,pc,350.00,350.00,True,False
283,Air Filter,Air Filter,replacement,False,Filters,1.0,pc,650.00,650.00,True,False
283,Cabin Filter,Cabin Filter,replacement,False,Filters,1.0,pc,350.00,350.00,True,False
283,Fuel Filter,Fuel Filter,replacement,False,Filters,1.0,pc,650.00,650.00,True,False
283,Automatic Transmission Fluid (ATF),Automatic Transmission Fluid (ATF),standard,False,Fluids & Consumables,8.0,liter,450.00,3600.00,True,False
284,Con Rod Bearing,Con Rod Bearing,replacement,False,General,1.0,pc,1200.00,1200.00,True,False
284,Main Bearing,Main Bearing,replacement,False,General,1.0,pc,2200.00,2200.00,True,False
284,Thrust Washer,Thrust Washer,replacement,False,General,1.0,pc,850.00,850.00,True,False
284,Liner,Liner,replacement,False,General,4.0,pc,5800.00,23200.00,True,False
284,Piston Ring,Piston Ring,replacement,False,General,1.0,pc,2500.00,2500.00,True,False
284,Engine Oil,Engine Oil,standard,False,Fluids & Consumables,8.0,liter,380.00,3040.00,True,False
284,Oil Filter,Oil Filter,replacement,False,Filters,1.0,pc,350.00,350.00,True,False
284,Air Filter,Air Filter,replacement,False,Filters,1.0,pc,650.00,650.00,True,False
284,Cabin Filter,Cabin Filter,replacement,False,Filters,1.0,pc,350.00,350.00,True,False
284,Gasoline,Gasoline,replacement,False,General,1.0,pc,500.00,500.00,True,False
284,Overhauling Gasket Set,Overhauling Gasket Set,replacement,False,Engine,1.0,pc,4300.00,4300.00,True,False
284,Fuel Filter,Fuel Filter,replacement,False,Filters,1.0,pc,650.00,650.00,True,False
284,Automatic Transmission Fluid (ATF),Automatic Transmission Fluid (ATF),standard,False,Fluids & Consumables,8.0,liter,450.00,3600.00,True,False
285,Overhauling Gasket Set,Overhauling Gasket Set,replacement,False,Engine,1.0,pc,4300.00,4300.00,True,False
285,Conrod Bearing,Conrod Bearing,replacement,False,General,1.0,pc,1200.00,1200.00,True,False
285,Main Bearing,Main Bearing,replacement,False,General,1.0,pc,2200.00,2200.00,True,False
285,Thrust Washer,Thrust Washer,replacement,False,General,1.0,pc,850.00,850.00,True,False
285,Liner,Liner,replacement,False,General,1.0,pc,6200.00,6200.00,True,False
285,Piston,Piston,replacement,False,General,1.0,pc,15000.00,15000.00,True,False
285,Piston Ring,Piston Ring,replacement,False,General,1.0,pc,2500.00,2500.00,True,False
285,Engine Oil,Engine Oil,standard,False,Fluids & Consumables,8.0,liter,400.00,3200.00,True,False
285,Oil Filter,Oil Filter,replacement,False,Filters,1.0,pc,250.00,250.00,True,False
285,Air Filter,Air Filter,replacement,False,Filters,1.0,pc,650.00,650.00,True,False
285,Cabin Filter,Cabin Filter,replacement,False,Filters,1.0,pc,375.00,375.00,True,False
285,Fuel Filter,Fuel Filter,replacement,False,Filters,1.0,pc,450.00,450.00,True,False
285,Automatic Transmission Fluid (ATF),Automatic Transmission Fluid (ATF),standard,False,Fluids & Consumables,8.0,liter,450.00,3600.00,True,False
285,Piston Ring,Piston Ring,replacement,False,General,1.0,pc,12000.00,12000.00,True,False
285,Thrust Washer,Thrust Washer,replacement,False,General,1.0,pc,3500.00,3500.00,True,False
285,Conrod Bearing,Conrod Bearing,replacement,False,General,1.0,pc,4800.00,4800.00,True,False
285,Overhauling Gasket Set,Overhauling Gasket Set,replacement,False,Engine,1.0,pc,16000.00,16000.00,True,False
287,A/C Filter Drier,A/C Filter Drier,replacement,False,Climate Control,1.0,pc,850.00,850.00,True,False
287,A/C Compressor,A/C Compressor,replacement,False,Climate Control,1.0,pc,12500.00,12500.00,True,False
287,A/C Expansion Valve,A/C Expansion Valve,original,True,Climate Control,1.0,pc,2500.00,2500.00,True,False
287,Freon (R134a),Freon (R134a),standard,False,Fluids & Consumables,1.0,liter,1000.00,1000.00,True,False
287,A/C Expansion Valve,A/C Expansion Valve,replacement,False,Climate Control,1.0,pc,1800.00,1800.00,True,False
288,Tensioner,Tensioner,replacement,False,General,1.0,pc,2500.00,2500.00,True,False
288,Drive / Fan Belt,Drive / Fan Belt,replacement,False,Engine,1.0,pc,1800.00,1800.00,True,False
288,Belt Tensioner,Belt Tensioner,replacement,False,Engine,1.0,pc,600.00,600.00,True,False
289,Tensioner,Tensioner,replacement,False,General,1.0,pc,2500.00,2500.00,True,False
289,Drive / Fan Belt,Drive / Fan Belt,replacement,False,Engine,1.0,pc,1800.00,1800.00,True,False
289,Air Filter,Air Filter,replacement,False,Filters,1.0,pc,600.00,600.00,True,False
289,A/C Compressor,A/C Compressor,replacement,False,Climate Control,1.0,pc,6500.00,6500.00,True,False
289,A/C Expansion Valve,A/C Expansion Valve,replacement,False,Climate Control,1.0,pc,1800.00,1800.00,True,False
289,A/C Filter Drier,A/C Filter Drier,replacement,False,Climate Control,1.0,pc,850.00,850.00,True,False
289,Freon (R134a),Freon (R134a),standard,False,Fluids & Consumables,1.0,liter,1000.00,1000.00,True,False
290,Brake Shoe,Brake Shoe,replacement,False,Braking,1.0,pc,1300.00,1300.00,True,False
290,Wheel Cylinder,Wheel Cylinder,replacement,False,Braking,1.0,pc,1800.00,1800.00,True,False
290,Axle Oil Seal,Axle Oil Seal,replacement,False,Steering & Suspension,2.0,pc,350.00,700.00,True,False
290,Hand Brake Cable,Hand Brake Cable,replacement,False,General,1.0,pc,1500.00,1500.00,True,False
290,Brake Fluid,Brake Fluid,standard,False,Fluids & Consumables,1.0,liter,150.00,150.00,True,False
290,Gear / Differential Oil,Gear / Differential Oil,standard,False,Fluids & Consumables,2.0,liter,250.00,500.00,True,False
291,Brake Shoe,Brake Shoe,replacement,False,Braking,1.0,pc,1300.00,1300.00,True,False
291,Wheel Cylinder,Wheel Cylinder,replacement,False,Braking,1.0,pc,1800.00,1800.00,True,False
291,Axle Oil Seal,Axle Oil Seal,replacement,False,Steering & Suspension,2.0,pc,350.00,700.00,True,False
291,Handbrake Cable,Handbrake Cable,replacement,False,General,1.0,pc,1800.00,1800.00,True,False
291,Brake Fluid,Brake Fluid,standard,False,Fluids & Consumables,1.0,liter,150.00,150.00,True,False
291,Gear / Differential Oil,Gear / Differential Oil,standard,False,Fluids & Consumables,2.0,liter,250.00,500.00,True,False
292,Oil Cooler,Oil Cooler,replacement,False,General,1.0,pc,9600.00,9600.00,True,False
293,Oil Cooler,Oil Cooler,replacement,False,General,1.0,pc,8500.00,8500.00,True,False
293,Support LH,Support LH,replacement,False,General,1.0,pc,2200.00,2200.00,True,False
293,Support RH,Support RH,replacement,False,General,1.0,pc,2300.00,2300.00,True,False
293,Support Front,Support Front,replacement,False,General,1.0,pc,1500.00,1500.00,True,False
293,Support Rr,Support Rr,replacement,False,General,1.0,pc,1600.00,1600.00,True,False
293,Coolant Bypass Hose / Tube,Coolant Bypass Hose / Tube,replacement,False,Engine Cooling,1.0,pc,850.00,850.00,True,False
294,Engine Oil,Engine Oil,standard,False,Fluids & Consumables,8.0,liter,450.00,3600.00,True,False
294,Oil Filter,Oil Filter,replacement,False,Filters,1.0,pc,500.00,500.00,True,False
295,Engine Oil,Engine Oil,standard,False,Fluids & Consumables,1.0,liter,450.00,450.00,True,False
295,Oil Filter,Oil Filter,replacement,False,Filters,1.0,pc,350.00,350.00,True,False
295,Air Filter,Air Filter,replacement,False,Filters,1.0,pc,550.00,550.00,True,False
295,Fuel,Fuel,replacement,False,General,1.0,pc,500.00,500.00,True,False
295,Cabin Filter,Cabin Filter,replacement,False,Filters,1.0,pc,500.00,500.00,True,False
295,Outer Bearing,Outer Bearing,replacement,False,General,1.0,pc,3000.00,3000.00,True,False
296,Engine Oil,Engine Oil,standard,False,Fluids & Consumables,8.0,liter,450.00,3600.00,True,False
296,Oil Filter,Oil Filter,replacement,False,Filters,1.0,pc,500.00,500.00,True,False
296,Air Filter,Air Filter,replacement,False,Filters,1.0,pc,550.00,550.00,True,False
296,Cabin Filter,Cabin Filter,replacement,False,Filters,1.0,pc,500.00,500.00,True,False
296,Brake Cleaner,Brake Cleaner,standard,False,Fluids & Consumables,1.0,liter,250.00,250.00,True,False
296,Center Support Bearing,Center Support Bearing,replacement,False,Transmission,1.0,pc,3000.00,3000.00,True,False
296,Cross Joint,Cross Joint,replacement,False,General,1.0,pc,1500.00,1500.00,True,False
297,Engine Oil,Engine Oil,standard,False,Fluids & Consumables,8.0,liter,450.00,3600.00,True,False
297,Oil Filter,Oil Filter,replacement,False,Filters,1.0,pc,500.00,500.00,True,False
297,Air Filter,Air Filter,replacement,False,Filters,1.0,pc,550.00,550.00,True,False
297,Cabin Filter,Cabin Filter,replacement,False,Filters,1.0,pc,500.00,500.00,True,False
297,Brake Cleaner,Brake Cleaner,standard,False,Fluids & Consumables,1.0,liter,250.00,250.00,True,False
297,Cross Joint,Cross Joint,replacement,False,General,1.0,pc,1500.00,1500.00,True,False
297,Center Support Bearing,Center Support Bearing,replacement,False,Transmission,1.0,pc,3000.00,3000.00,True,False
298,Brake Pads,Brake Pads,replacement,False,Braking,1.0,pc,1800.00,1800.00,True,False
298,Cabin Filter,Cabin Filter,replacement,False,Filters,1.0,pc,500.00,500.00,True,False
298,Fuel Filter,Fuel Filter,replacement,False,Filters,1.0,pc,5500.00,5500.00,True,False
298,Oil Filter,Oil Filter,replacement,False,Filters,1.0,pc,550.00,550.00,True,False
298,Wiper Blade,Wiper Blade,replacement,False,Accessories,2.0,pc,800.00,1600.00,True,False
298,Engine Oil,Engine Oil,standard,False,Fluids & Consumables,1.0,liter,5400.00,5400.00,True,False
298,Air Filter,Air Filter,replacement,False,Filters,1.0,pc,750.00,750.00,True,False
298,Brake Pads,Brake Pads,replacement,False,Braking,1.0,pc,2000.00,2000.00,True,False
298,Wiper Blade,Wiper Blade,replacement,False,Accessories,1.0,pc,650.00,650.00,True,False
299,Brake Pads,Brake Pads,replacement,False,Braking,1.0,pc,1800.00,1800.00,True,False
299,Brake Pads,Brake Pads,replacement,False,Braking,1.0,pc,2000.00,2000.00,True,False
299,Fuel Filter,Fuel Filter,replacement,False,Filters,1.0,pc,5500.00,5500.00,True,False
299,Oil Filter,Oil Filter,replacement,False,Filters,1.0,pc,550.00,550.00,True,False
299,Wiper Blade,Wiper Blade,replacement,False,Accessories,2.0,pc,600.00,1200.00,True,False
299,Air Filter,Air Filter,replacement,False,Filters,1.0,pc,750.00,750.00,True,False
299,Engine Oil,Engine Oil,standard,False,Fluids & Consumables,6.0,liter,900.00,5400.00,True,False
301,Engine Oil,Engine Oil,standard,False,Fluids & Consumables,8.0,liter,450.00,3600.00,True,False
301,Oil Filter,Oil Filter,replacement,False,Filters,1.0,pc,500.00,500.00,True,False
301,Air Filter,Air Filter,replacement,False,Filters,1.0,pc,550.00,550.00,True,False
301,Cabin Filter,Cabin Filter,replacement,False,Filters,1.0,pc,500.00,500.00,True,False
302,Valve Cover Gasket,Valve Cover Gasket,replacement,False,Engine,1.0,pc,650.00,650.00,True,False
302,Engine Oil,Engine Oil,standard,False,Fluids & Consumables,4.0,liter,450.00,1800.00,True,False
302,Oil Filter,Oil Filter,replacement,False,Filters,1.0,pc,300.00,300.00,True,False
302,Air Filter,Air Filter,replacement,False,Filters,1.0,pc,450.00,450.00,True,False
302,Spark Plug,Spark Plug,replacement,False,Ignition & Electrical,3.0,pc,250.00,750.00,True,False
302,Cabin Filter,Cabin Filter,replacement,False,Filters,1.0,pc,450.00,450.00,True,False
302,Brake Cleaner,Brake Cleaner,standard,False,Fluids & Consumables,1.0,liter,250.00,250.00,True,False
303,Engine Oil,Engine Oil,standard,False,Fluids & Consumables,8.0,liter,450.00,3600.00,True,False
303,Oil Filter,Oil Filter,replacement,False,Filters,1.0,pc,500.00,500.00,True,False
303,Air Filter,Air Filter,replacement,False,Filters,1.0,pc,550.00,550.00,True,False
303,Cabin Filter,Cabin Filter,replacement,False,Filters,1.0,pc,500.00,500.00,True,False
303,Brake Cleaner,Brake Cleaner,standard,False,Fluids & Consumables,1.0,liter,250.00,250.00,True,False
304,Engine Oil,Engine Oil,standard,False,Fluids & Consumables,8.0,liter,450.00,3600.00,True,False
304,Oil Filter,Oil Filter,replacement,False,Filters,1.0,pc,500.00,500.00,True,False
304,Air Filter,Air Filter,replacement,False,Filters,1.0,pc,550.00,550.00,True,False
304,Cabin Filter,Cabin Filter,replacement,False,Filters,1.0,pc,500.00,500.00,True,False
304,Brake Cleaner,Brake Cleaner,standard,False,Fluids & Consumables,1.0,liter,250.00,250.00,True,False
305,Plywheel,Plywheel,replacement,False,General,1.0,pc,28500.00,28500.00,True,False
305,Clutch Disc,Clutch Disc,replacement,False,Transmission,1.0,pc,4800.00,4800.00,True,False
305,Pressure Plate,Pressure Plate,replacement,False,Transmission,1.0,pc,8500.00,8500.00,True,False
305,Release Bearing,Release Bearing,replacement,False,Transmission,1.0,pc,2200.00,2200.00,True,False
306,Overhauling,Overhauling,replacement,False,General,1.0,pc,4200.00,4200.00,True,False
306,Engine Oil,Engine Oil,standard,False,Fluids & Consumables,5.0,liter,400.00,2000.00,True,False
306,Oil Filter,Oil Filter,replacement,False,Filters,1.0,pc,650.00,650.00,True,False
306,Air Filter,Air Filter,replacement,False,Filters,1.0,pc,650.00,650.00,True,False
306,Engine / Transmission Support,Engine / Transmission Support,replacement,False,Engine,1.0,pc,2000.00,2000.00,True,False
306,Engine / Transmission Support,Engine / Transmission Support,replacement,False,Engine,2.0,pc,1250.00,2500.00,True,False
306,RTV Silicone Gasket Maker,RTV Silicone Gasket Maker,standard,False,Fluids & Consumables,2.0,liter,250.00,500.00,True,False
306,Spark Plug,Spark Plug,replacement,False,Ignition & Electrical,4.0,pc,250.00,1000.00,True,False
307,Tie Rod End,Tie Rod End,replacement,False,Steering & Suspension,2.0,pc,950.00,1900.00,True,False
307,Tie Rod End,Tie Rod End,replacement,False,Steering & Suspension,2.0,pc,850.00,1700.00,True,False
307,Suspension Bushing,Suspension Bushing,replacement,False,Steering & Suspension,2.0,pc,650.00,1300.00,True,False
307,Shock Absorber,Shock Absorber,replacement,False,Steering & Suspension,2.0,pc,2800.00,5600.00,True,False
307,Shock Mounting,Shock Mounting,replacement,False,Steering & Suspension,2.0,pc,1200.00,2400.00,True,False
307,Shock Boots,Shock Boots,replacement,False,General,2.0,pc,250.00,500.00,True,False
307,Drive / Fan Belt,Drive / Fan Belt,replacement,False,Engine,1.0,pc,1800.00,1800.00,True,False
307,Engine Coolant,Engine Coolant,standard,False,Fluids & Consumables,6.0,liter,350.00,2100.00,True,False
307,Spark Plug,Spark Plug,replacement,False,Ignition & Electrical,4.0,pc,650.00,2600.00,True,False
307,Brake Cleaner,Brake Cleaner,standard,False,Fluids & Consumables,1.0,liter,350.00,350.00,True,False
307,Carb / Throttle Cleaner,Carb / Throttle Cleaner,standard,False,Fluids & Consumables,1.0,liter,350.00,350.00,True,False
308,Tie Rod End,Tie Rod End,replacement,False,Steering & Suspension,2.0,pc,950.00,1900.00,True,False
308,Tie Rod End,Tie Rod End,replacement,False,Steering & Suspension,2.0,pc,850.00,1700.00,True,False
308,Suspension Bushing,Suspension Bushing,replacement,False,Steering & Suspension,2.0,pc,650.00,1300.00,True,False
308,Shock Absorber,Shock Absorber,replacement,False,Steering & Suspension,2.0,pc,2800.00,5600.00,True,False
308,Shock Mounting,Shock Mounting,replacement,False,Steering & Suspension,2.0,pc,1200.00,2400.00,True,False
308,Shock Boots,Shock Boots,replacement,False,General,2.0,pc,250.00,500.00,True,False
308,Drive / Fan Belt,Drive / Fan Belt,replacement,False,Engine,1.0,pc,1500.00,1500.00,True,False
308,Engine Coolant,Engine Coolant,standard,False,Fluids & Consumables,6.0,liter,175.00,1050.00,True,False
308,Spark Plug,Spark Plug,replacement,False,Ignition & Electrical,4.0,pc,600.00,2400.00,True,False
308,Brake Cleaner,Brake Cleaner,standard,False,Fluids & Consumables,1.0,liter,250.00,250.00,True,False
308,Carb / Throttle Cleaner,Carb / Throttle Cleaner,standard,False,Fluids & Consumables,1.0,liter,250.00,250.00,True,False
309,Pressure Plate,Pressure Plate,replacement,False,Transmission,1.0,pc,6300.00,6300.00,True,False
309,Clutch Disc,Clutch Disc,replacement,False,Transmission,1.0,pc,3900.00,3900.00,True,False
309,Timing Belt,Timing Belt,replacement,False,Engine,1.0,pc,3000.00,3000.00,True,False
309,Belt Tensioner,Belt Tensioner,replacement,False,Engine,1.0,pc,1500.00,1500.00,True,False
309,Release Bearing,Release Bearing,replacement,False,Transmission,1.0,pc,1500.00,1500.00,True,False
309,Pilot Bearing,Pilot Bearing,replacement,False,Transmission,1.0,pc,350.00,350.00,True,False
309,Clutch Fork Boots,Clutch Fork Boots,replacement,False,General,1.0,pc,400.00,400.00,True,False
310,Engine Oil,Engine Oil,standard,False,Fluids & Consumables,8.0,liter,400.00,3200.00,True,False
310,Oil Filter,Oil Filter,replacement,False,Filters,1.0,pc,250.00,250.00,True,False
310,Fuel Filter,Fuel Filter,replacement,False,Filters,1.0,pc,350.00,350.00,True,False
310,Air Filter,Air Filter,replacement,False,Filters,1.0,pc,450.00,450.00,True,False
310,Cabin Filter,Cabin Filter,replacement,False,Filters,1.0,pc,350.00,350.00,True,False
310,Brake Cleaner,Brake Cleaner,standard,False,Fluids & Consumables,1.0,liter,200.00,200.00,True,False
310,Drive / Fan Belt,Drive / Fan Belt,replacement,False,Engine,1.0,pc,2200.00,2200.00,True,False
311,Overhauling Gasket Set,Overhauling Gasket Set,replacement,False,Engine,1.0,pc,4200.00,4200.00,True,False
311,Engine / Transmission Support,Engine / Transmission Support,replacement,False,Engine,1.0,pc,1200.00,1200.00,True,False
311,Engine / Transmission Support,Engine / Transmission Support,replacement,False,Engine,1.0,pc,2000.00,2000.00,True,False
311,Engine / Transmission Support,Engine / Transmission Support,replacement,False,Engine,1.0,pc,2000.00,2000.00,True,False
311,Oil Filter,Oil Filter,replacement,False,Filters,1.0,pc,650.00,650.00,True,False
311,Air Filter,Air Filter,replacement,False,Filters,1.0,pc,650.00,650.00,True,False
311,RTV Silicone Gasket Maker,RTV Silicone Gasket Maker,standard,False,Fluids & Consumables,2.0,liter,250.00,500.00,True,False
311,Spark Plug,Spark Plug,replacement,False,Ignition & Electrical,4.0,pc,250.00,1000.00,True,False
311,Gas,Gas,replacement,False,General,1.0,pc,300.00,300.00,True,False
311,Engine / Transmission Support,Engine / Transmission Support,replacement,False,Engine,1.0,pc,1800.00,1800.00,True,False
311,Pressure Plate,Pressure Plate,replacement,False,Transmission,1.0,pc,6300.00,6300.00,True,False
311,Clutch Disc,Clutch Disc,replacement,False,Transmission,1.0,pc,3900.00,3900.00,True,False
311,Timing Belt,Timing Belt,replacement,False,Engine,1.0,pc,3000.00,3000.00,True,False
311,Belt Tensioner,Belt Tensioner,replacement,False,Engine,1.0,pc,1500.00,1500.00,True,False
311,Release Bearing,Release Bearing,replacement,False,Transmission,1.0,pc,1500.00,1500.00,True,False
311,Pilot Bearing,Pilot Bearing,replacement,False,Transmission,1.0,pc,350.00,350.00,True,False
311,Clutch Fork Boot,Clutch Fork Boot,replacement,False,General,1.0,pc,950.00,950.00,True,False
311,Engine Oil,Engine Oil,standard,False,Fluids & Consumables,4.0,liter,400.00,1600.00,True,False
312,Oil Filter,Oil Filter,replacement,False,Filters,1.0,pc,450.00,450.00,True,False
312,Air Filter,Air Filter,replacement,False,Filters,1.0,pc,650.00,650.00,True,False
312,Spark Plug,Spark Plug,replacement,False,Ignition & Electrical,2.0,pc,750.00,1500.00,True,False
312,Cabin Filter,Cabin Filter,replacement,False,Filters,1.0,pc,350.00,350.00,True,False
312,Engine Oil,Engine Oil,standard,False,Fluids & Consumables,4.0,liter,400.00,1600.00,True,False
312,Carb / Throttle Cleaner,Carb / Throttle Cleaner,standard,False,Fluids & Consumables,1.0,liter,250.00,250.00,True,False
312,Brake Pads,Brake Pads,replacement,False,Braking,1.0,pc,250.00,250.00,True,False
313,Brake Cleaner,Brake Cleaner,standard,False,Fluids & Consumables,1.0,liter,250.00,250.00,True,False
313,Cabin Filter,Cabin Filter,replacement,False,Filters,1.0,pc,350.00,350.00,True,False
314,Brake Pads,Brake Pads,replacement,False,Braking,1.0,pc,16500.00,16500.00,True,False
314,Brake Pads,Brake Pads,replacement,False,Braking,1.0,pc,16500.00,16500.00,True,False
314,Oil Filler,Oil Filler,replacement,False,General,1.0,pc,950.00,950.00,True,False
314,Cabin Filter,Cabin Filter,replacement,False,Filters,1.0,pc,2800.00,2800.00,True,False
314,Engine Oil,Engine Oil,standard,False,Fluids & Consumables,8.0,liter,980.00,7840.00,True,False
315,Tie Rod End,Tie Rod End,replacement,False,Steering & Suspension,2.0,pc,1800.00,3600.00,True,False
315,Rack End,Rack End,replacement,False,Steering & Suspension,2.0,pc,1200.00,2400.00,True,False
315,Stabilizer Link,Stabilizer Link,replacement,False,Steering & Suspension,1.0,pc,1250.00,1250.00,True,False
315,Suspension Bushing,Suspension Bushing,replacement,False,Steering & Suspension,2.0,pc,950.00,1900.00,True,False
315,Stab Clamp,Stab Clamp,replacement,False,General,2.0,pc,600.00,1200.00,True,False
316,Engine Oil,Engine Oil,standard,False,Fluids & Consumables,4.0,liter,400.00,1600.00,True,False
316,Engine / Transmission Support,Engine / Transmission Support,replacement,False,Engine,1.0,pc,1250.00,1250.00,True,False
316,Engine / Transmission Support,Engine / Transmission Support,replacement,False,Engine,1.0,pc,2000.00,2000.00,True,False
316,Engine / Transmission Support,Engine / Transmission Support,replacement,False,Engine,1.0,pc,2000.00,2000.00,True,False
316,Transmission Rear,Transmission Rear,replacement,False,General,1.0,pc,1800.00,1800.00,True,False
316,Overhauling Gasket Set,Overhauling Gasket Set,replacement,False,Engine,1.0,pc,4200.00,4200.00,True,False
316,Oil Filter,Oil Filter,replacement,False,Filters,1.0,pc,650.00,650.00,True,False
316,Air Filter,Air Filter,replacement,False,Filters,1.0,pc,650.00,650.00,True,False
316,Silicone,Silicone,replacement,False,General,2.0,pc,250.00,500.00,True,False
316,Spark Plug,Spark Plug,replacement,False,Ignition & Electrical,4.0,pc,250.00,1000.00,True,False
316,Gas,Gas,replacement,False,General,1.0,pc,300.00,300.00,True,False
316,Pressure Plate,Pressure Plate,replacement,False,Transmission,1.0,pc,6300.00,6300.00,True,False
316,Clutch Disc,Clutch Disc,replacement,False,Transmission,1.0,pc,3900.00,3900.00,True,False
316,Timing Belt,Timing Belt,replacement,False,Engine,1.0,pc,3000.00,3000.00,True,False
316,Belt Tensioner,Belt Tensioner,replacement,False,Engine,1.0,pc,1500.00,1500.00,True,False
316,Pilot Bearing,Pilot Bearing,replacement,False,Transmission,1.0,pc,350.00,350.00,True,False
316,Clutch Fork Boots,Clutch Fork Boots,replacement,False,General,1.0,pc,950.00,950.00,True,False
317,A/C Compressor,A/C Compressor,original,True,Climate Control,1.0,pc,38500.00,38500.00,True,False
317,A/C Expansion Valve,A/C Expansion Valve,replacement,False,Climate Control,1.0,pc,2500.00,2500.00,True,False
317,A/C Filter Drier,A/C Filter Drier,replacement,False,Climate Control,1.0,pc,1200.00,1200.00,True,False
317,Freon (R134a),Freon (R134a),standard,False,Fluids & Consumables,1.0,liter,2000.00,2000.00,True,False
317,Aircon Cleaner,Aircon Cleaner,replacement,False,General,1.0,pc,600.00,600.00,True,False
318,Liner - Isuzu,Liner - Isuzu,replacement,False,General,1.0,pc,0.00,0.00,True,False
318,Piston Ring - Npr,Piston Ring - Npr,replacement,False,General,1.0,pc,0.00,0.00,True,False
318,Main Bearing - Daido,Main Bearing - Daido,replacement,False,General,1.0,pc,0.00,0.00,True,False
318,Conrod Bearing - Daido,Conrod Bearing - Daido,replacement,False,General,1.0,pc,0.00,0.00,True,False
318,Piston Pin Bushing - Daido,Piston Pin Bushing - Daido,replacement,False,General,1.0,pc,0.00,0.00,True,False
319,Upper Suspension,Upper Suspension,replacement,False,General,2.0,pc,1600.00,3200.00,True,False
319,Tie Rod End,Tie Rod End,replacement,False,Steering & Suspension,2.0,pc,1100.00,2200.00,True,False
319,Lower Ball Joint Right,Lower Ball Joint Right,replacement,False,General,2.0,pc,950.00,1900.00,True,False
319,Trailing Arm Bushing,Trailing Arm Bushing,replacement,False,General,2.0,pc,900.00,1800.00,True,False
319,Stabilizer Link,Stabilizer Link,replacement,False,Steering & Suspension,2.0,pc,900.00,1800.00,True,False
319,Stabilizer Clamp Kit,Stabilizer Clamp Kit,replacement,False,General,2.0,pc,450.00,900.00,True,False
320,Rack N Piston Assembly,Rack N Piston Assembly,replacement,False,General,1.0,pc,10500.00,10500.00,True,False
320,Alternator,Alternator,replacement,False,Ignition & Electrical,1.0,pc,11000.00,11000.00,True,False
321,Cabin Filter,Cabin Filter,replacement,False,Filters,1.0,pc,350.00,350.00,True,False
321,Suspension Bushing,Suspension Bushing,replacement,False,Steering & Suspension,2.0,pc,650.00,1300.00,True,False
321,Shock Mounting,Shock Mounting,replacement,False,Steering & Suspension,2.0,pc,1200.00,2400.00,True,False
321,Shock,Shock,replacement,False,General,2.0,pc,3800.00,7600.00,True,False
321,Brake Cleaner,Brake Cleaner,standard,False,Fluids & Consumables,1.0,liter,250.00,250.00,True,False
321,Engine Oil,Engine Oil,standard,False,Fluids & Consumables,4.0,liter,400.00,1600.00,True,False
321,Wheel Hub Bearing,Wheel Hub Bearing,replacement,False,General,2.0,pc,2200.00,4400.00,True,False
321,Automatic Transmission Fluid (ATF),Automatic Transmission Fluid (ATF),standard,False,Fluids & Consumables,1.0,liter,1800.00,1800.00,True,False
321,Oil Filter,Oil Filter,replacement,False,Filters,1.0,pc,350.00,350.00,True,False
322,Engine Oil,Engine Oil,standard,False,Fluids & Consumables,4.0,liter,400.00,1600.00,True,False
322,Oil Filter,Oil Filter,replacement,False,Filters,1.0,pc,250.00,250.00,True,False
322,Cabin Filter,Cabin Filter,replacement,False,Filters,1.0,pc,350.00,350.00,True,False
322,Air Filter,Air Filter,replacement,False,Filters,1.0,pc,650.00,650.00,True,False
322,Brake Cleaner,Brake Cleaner,standard,False,Fluids & Consumables,1.0,liter,250.00,250.00,True,False
323,Cabin Filter,Cabin Filter,replacement,False,Filters,1.0,pc,350.00,350.00,True,False
323,Suspension Bushing,Suspension Bushing,replacement,False,Steering & Suspension,2.0,pc,650.00,1300.00,True,False
323,Shock Mounting,Shock Mounting,replacement,False,Steering & Suspension,2.0,pc,1200.00,2400.00,True,False
323,Engine Oil,Engine Oil,standard,False,Fluids & Consumables,4.0,liter,400.00,1600.00,True,False
323,Oil Filter,Oil Filter,replacement,False,Filters,1.0,pc,250.00,250.00,True,False
323,Wheel Hub Bearing,Wheel Hub Bearing,replacement,False,General,1.0,pc,2200.00,2200.00,True,False
323,Shock Front,Shock Front,replacement,False,General,2.0,pc,3800.00,7600.00,True,False
324,Wiper Blade,Wiper Blade,replacement,False,Accessories,1.0,pc,800.00,800.00,True,False
324,Clock Spring,Clock Spring,replacement,False,General,1.0,pc,4500.00,4500.00,True,False
325,Engine Oil,Engine Oil,standard,False,Fluids & Consumables,4.0,liter,450.00,1800.00,True,True
325,Oil Filter,Oil Filter,replacement,False,Filters,1.0,pc,350.00,350.00,True,True
325,Air Filter,Air Filter,replacement,False,Filters,1.0,pc,750.00,750.00,True,True
325,Cabin Filter,Cabin Filter,replacement,False,Filters,1.0,pc,450.00,450.00,True,True
325,Fuel Filter,Fuel Filter,replacement,False,Filters,1.0,pc,600.00,600.00,True,True
326,Oil Filter,Oil Filter,replacement,False,Filters,1.0,pc,300.00,300.00,True,True
326,Air Filter,Air Filter,replacement,False,Filters,1.0,pc,750.00,750.00,True,True
326,Cabin Filter,Cabin Filter,replacement,False,Filters,1.0,pc,450.00,450.00,True,True
326,Fuel Filter,Fuel Filter,replacement,False,Filters,1.0,pc,650.00,650.00,True,True
327,Engine Oil,Engine Oil,standard,False,Fluids & Consumables,5.0,liter,500.00,2500.00,True,True
327,Oil Filter,Oil Filter,replacement,False,Filters,1.0,pc,350.00,350.00,True,True
327,Air Filter,Air Filter,replacement,False,Filters,1.0,pc,650.00,650.00,True,True
327,Fuel Filter,Fuel Filter,replacement,False,Filters,1.0,pc,550.00,550.00,True,True
328,Brake Fluid,Brake Fluid,standard,False,Fluids & Consumables,1.0,bottle,350.00,350.00,True,True
328,Brake Pads,Brake Pads,replacement,False,Braking,1.0,set,1550.00,1550.00,True,True
328,Brake Shoe,Brake Shoe,replacement,False,Braking,1.0,set,1000.00,1000.00,True,True
328,Wheel Cylinder,Wheel Cylinder,replacement,False,Braking,2.0,pc,900.00,1800.00,True,True
329,Suspension Bushing,Suspension Bushing,replacement,False,Steering & Suspension,4.0,pc,550.00,2200.00,True,True
329,Tie Rod End,Tie Rod End,replacement,False,Steering & Suspension,2.0,pc,1150.00,2300.00,True,True
329,Stabilizer Link,Stabilizer Link,replacement,False,Steering & Suspension,2.0,pc,1150.00,2300.00,True,True
329,Shock Absorber,Shock Absorber,replacement,False,Steering & Suspension,2.0,pc,2200.00,4400.00,True,True
329,Shock Mounting,Shock Mounting,replacement,False,Steering & Suspension,2.0,pc,1100.00,2200.00,True,True
330,Valve Cover Gasket,Valve Cover Gasket,replacement,False,Engine,1.0,pc,550.00,550.00,True,True
330,Crankshaft Oil Seal,Crankshaft Oil Seal,replacement,False,Engine,1.0,pc,1200.00,1200.00,True,True
330,RTV Silicone Gasket Maker,RTV Silicone Gasket Maker,standard,False,Fluids & Consumables,1.0,tube,200.00,200.00,True,True
330,Drive / Fan Belt,Drive / Fan Belt,replacement,False,General,1.0,pc,2100.00,2100.00,True,True
330,Oil Filter,Oil Filter,replacement,False,Filters,1.0,pc,350.00,350.00,True,True
331,Brake Cleaner,Brake Cleaner,standard,False,Fluids & Consumables,1.0,can,200.00,200.00,True,True
331,Brake Fluid,Brake Fluid,standard,False,Fluids & Consumables,1.0,bottle,300.00,300.00,True,True
331,Brake Pads,Brake Pads,original,True,Braking,2.0,set,3000.00,6000.00,True,True
331,Brake Shoe,Brake Shoe,original,True,Braking,1.0,set,3000.00,3000.00,True,True
331,Wheel Cylinder,Wheel Cylinder,original,True,Braking,1.0,pc,1700.00,1700.00,True,True
332,A/C Evaporator,A/C Evaporator,original,True,General,1.0,pc,8150.00,8150.00,True,True
332,Cabin Filter,Cabin Filter,original,True,Filters,1.0,pc,1350.00,1350.00,True,True
332,Cabin Filter,Cabin Filter,original,True,Filters,1.0,pc,1000.00,1000.00,True,True
333,Overhauling Gasket Set,Overhauling Gasket Set,replacement,False,Engine,1.0,set,3500.00,3500.00,True,True
333,Valve Cover Gasket,Valve Cover Gasket,original,True,Engine,1.0,pc,1500.00,1500.00,True,True
333,Crankshaft Oil Seal,Crankshaft Oil Seal,replacement,False,Engine,1.0,pc,1550.00,1550.00,True,True
333,Spark Plug,Spark Plug,replacement,False,Ignition & Electrical,4.0,pc,350.00,1400.00,True,True
333,Engine Coolant,Engine Coolant,standard,False,Fluids & Consumables,2.0,liter,300.00,600.00,True,True
333,Engine Oil,Engine Oil,standard,False,Fluids & Consumables,6.0,liter,400.00,2400.00,True,True
333,Oil Filter,Oil Filter,replacement,False,Filters,1.0,pc,300.00,300.00,True,True
333,RTV Silicone Gasket Maker,RTV Silicone Gasket Maker,standard,False,Fluids & Consumables,2.0,tube,250.00,500.00,True,True
334,Engine Oil,Engine Oil,standard,False,Fluids & Consumables,5.0,liter,450.00,2250.00,True,True
334,Oil Filter,Oil Filter,replacement,False,Filters,1.0,pc,400.00,400.00,True,True
334,Air Filter,Air Filter,replacement,False,Filters,1.0,pc,550.00,550.00,True,True
334,Cabin Filter,Cabin Filter,replacement,False,Filters,1.0,pc,450.00,450.00,True,True
334,Fuel Filter,Fuel Filter,replacement,False,Filters,1.0,pc,600.00,600.00,True,True
335,Oil Filter,Oil Filter,original,True,Filters,1.0,pc,650.00,650.00,True,True
335,Air Filter,Air Filter,replacement,False,Filters,1.0,pc,750.00,750.00,True,True
335,Cabin Filter,Cabin Filter,replacement,False,Filters,1.0,pc,550.00,550.00,True,True
335,Fuel Filter,Fuel Filter,original,True,Filters,1.0,pc,1800.00,1800.00,True,True
336,Brake Cleaner,Brake Cleaner,standard,False,Fluids & Consumables,1.0,can,250.00,250.00,True,True
336,Brake Fluid,Brake Fluid,standard,False,Fluids & Consumables,1.0,bottle,300.00,300.00,True,True
336,Wheel Cylinder,Wheel Cylinder,original,True,Braking,2.0,pc,1850.00,3700.00,True,True
337,Overhauling Gasket Set,Overhauling Gasket Set,replacement,False,Engine,1.0,set,4300.00,4300.00,True,True
337,Valve Cover Gasket,Valve Cover Gasket,replacement,False,Engine,1.0,pc,700.00,700.00,True,True
337,Crankshaft Oil Seal,Crankshaft Oil Seal,replacement,False,Engine,1.0,pc,1250.00,1250.00,True,True
337,Spark Plug,Spark Plug,replacement,False,Ignition & Electrical,4.0,pc,350.00,1400.00,True,True
337,Engine Coolant,Engine Coolant,standard,False,Fluids & Consumables,3.0,liter,350.00,1050.00,True,True
337,Engine Oil,Engine Oil,standard,False,Fluids & Consumables,6.0,liter,450.00,2700.00,True,True
337,Oil Filter,Oil Filter,replacement,False,Filters,1.0,pc,350.00,350.00,True,True
337,RTV Silicone Gasket Maker,RTV Silicone Gasket Maker,standard,False,Fluids & Consumables,2.0,tube,250.00,500.00,True,True
338,Brake Cleaner,Brake Cleaner,standard,False,Fluids & Consumables,2.0,can,250.00,500.00,True,True
338,Brake Pads,Brake Pads,replacement,False,Braking,1.0,set,1550.00,1550.00,True,True
338,Brake Shoe,Brake Shoe,replacement,False,Braking,1.0,set,1350.00,1350.00,True,True
338,Wheel Cylinder,Wheel Cylinder,replacement,False,Braking,1.0,pc,800.00,800.00,True,True
339,Engine Oil,Engine Oil,standard,False,Fluids & Consumables,3.0,liter,500.00,1500.00,True,True
339,Oil Filter,Oil Filter,replacement,False,Filters,1.0,pc,300.00,300.00,True,True
339,Air Filter,Air Filter,replacement,False,Filters,1.0,pc,650.00,650.00,True,True
339,Cabin Filter,Cabin Filter,replacement,False,Filters,1.0,pc,500.00,500.00,True,True
339,Fuel Filter,Fuel Filter,replacement,False,Filters,1.0,pc,700.00,700.00,True,True
340,A/C Evaporator,A/C Evaporator,replacement,False,General,1.0,pc,4150.00,4150.00,True,True
340,Cabin Filter,Cabin Filter,replacement,False,Filters,1.0,pc,850.00,850.00,True,True
340,Freon (R134a),Freon (R134a),standard,False,Fluids & Consumables,1.0,can,400.00,400.00,True,True
340,Cabin Filter,Cabin Filter,replacement,False,Filters,1.0,pc,400.00,400.00,True,True
341,Brake Cleaner,Brake Cleaner,standard,False,Fluids & Consumables,1.0,can,250.00,250.00,True,True
341,Brake Fluid,Brake Fluid,standard,False,Fluids & Consumables,1.0,bottle,250.00,250.00,True,True
341,Brake Pads,Brake Pads,replacement,False,Braking,2.0,set,1650.00,3300.00,True,True
342,Tie Rod End,Tie Rod End,original,True,Steering & Suspension,2.0,pc,1900.00,3800.00,True,True
342,Stabilizer Link,Stabilizer Link,original,True,Steering & Suspension,2.0,pc,2050.00,4100.00,True,True
342,Shock Absorber,Shock Absorber,original,True,Steering & Suspension,2.0,pc,5400.00,10800.00,True,True
342,Shock Mounting,Shock Mounting,original,True,Steering & Suspension,2.0,pc,1950.00,3900.00,True,True
343,Oil Filter,Oil Filter,replacement,False,Filters,1.0,pc,350.00,350.00,True,True
343,Air Filter,Air Filter,replacement,False,Filters,1.0,pc,700.00,700.00,True,True
343,Fuel Filter,Fuel Filter,replacement,False,Filters,1.0,pc,650.00,650.00,True,True
344,Suspension Bushing,Suspension Bushing,replacement,False,Steering & Suspension,3.0,pc,650.00,1950.00,True,True
344,Tie Rod End,Tie Rod End,replacement,False,Steering & Suspension,2.0,pc,1250.00,2500.00,True,True
344,Stabilizer Link,Stabilizer Link,replacement,False,Steering & Suspension,2.0,pc,1000.00,2000.00,True,True
344,Shock Mounting,Shock Mounting,replacement,False,Steering & Suspension,2.0,pc,1150.00,2300.00,True,True
345,Brake Fluid,Brake Fluid,standard,False,Fluids & Consumables,1.0,bottle,300.00,300.00,True,True
345,Brake Pads,Brake Pads,original,True,Braking,2.0,set,3300.00,6600.00,True,True
345,Brake Shoe,Brake Shoe,original,True,Braking,1.0,set,2600.00,2600.00,True,True
345,Wheel Cylinder,Wheel Cylinder,original,True,Braking,2.0,pc,1700.00,3400.00,True,True
346,Brake Cleaner,Brake Cleaner,standard,False,Fluids & Consumables,2.0,can,250.00,500.00,True,True
346,Brake Fluid,Brake Fluid,standard,False,Fluids & Consumables,1.0,bottle,350.00,350.00,True,True
346,Brake Pads,Brake Pads,replacement,False,Braking,2.0,set,1350.00,2700.00,True,True
346,Brake Shoe,Brake Shoe,replacement,False,Braking,1.0,set,1500.00,1500.00,True,True
346,Wheel Cylinder,Wheel Cylinder,replacement,False,Braking,1.0,pc,1000.00,1000.00,True,True
347,Engine Oil,Engine Oil,standard,False,Fluids & Consumables,4.0,liter,400.00,1600.00,True,True
347,Oil Filter,Oil Filter,replacement,False,Filters,1.0,pc,300.00,300.00,True,True
347,Air Filter,Air Filter,replacement,False,Filters,1.0,pc,700.00,700.00,True,True
347,Cabin Filter,Cabin Filter,replacement,False,Filters,1.0,pc,450.00,450.00,True,True
348,Valve Cover Gasket,Valve Cover Gasket,replacement,False,Engine,1.0,pc,600.00,600.00,True,True
348,Crankshaft Oil Seal,Crankshaft Oil Seal,replacement,False,Engine,1.0,pc,1400.00,1400.00,True,True
348,Drive / Fan Belt,Drive / Fan Belt,replacement,False,General,1.0,pc,1850.00,1850.00,True,True
348,Engine Oil,Engine Oil,standard,False,Fluids & Consumables,4.0,liter,450.00,1800.00,True,True
348,Oil Filter,Oil Filter,replacement,False,Filters,1.0,pc,300.00,300.00,True,True
349,Engine Oil,Engine Oil,standard,False,Fluids & Consumables,3.0,liter,450.00,1350.00,True,True
349,Air Filter,Air Filter,replacement,False,Filters,1.0,pc,600.00,600.00,True,True
349,Cabin Filter,Cabin Filter,replacement,False,Filters,1.0,pc,450.00,450.00,True,True
349,Fuel Filter,Fuel Filter,replacement,False,Filters,1.0,pc,650.00,650.00,True,True
350,Brake Cleaner,Brake Cleaner,standard,False,Fluids & Consumables,2.0,can,250.00,500.00,True,True
350,Brake Pads,Brake Pads,original,True,Braking,1.0,set,3150.00,3150.00,True,True
350,Brake Shoe,Brake Shoe,replacement,False,Braking,1.0,set,950.00,950.00,True,True
351,Brake Cleaner,Brake Cleaner,standard,False,Fluids & Consumables,2.0,can,200.00,400.00,True,True
351,Brake Pads,Brake Pads,original,True,Braking,1.0,set,3150.00,3150.00,True,True
351,Brake Shoe,Brake Shoe,original,True,Braking,1.0,set,3300.00,3300.00,True,True
352,Suspension Bushing,Suspension Bushing,original,True,Steering & Suspension,4.0,pc,1400.00,5600.00,True,True
352,Stabilizer Link,Stabilizer Link,original,True,Steering & Suspension,2.0,pc,2150.00,4300.00,True,True
352,Shock Absorber,Shock Absorber,original,True,Steering & Suspension,2.0,pc,4350.00,8700.00,True,True
352,Shock Mounting,Shock Mounting,replacement,False,Steering & Suspension,2.0,pc,1100.00,2200.00,True,True
353,Engine Oil,Engine Oil,standard,False,Fluids & Consumables,6.0,liter,500.00,3000.00,True,True
353,Oil Filter,Oil Filter,replacement,False,Filters,1.0,pc,350.00,350.00,True,True
353,Air Filter,Air Filter,replacement,False,Filters,1.0,pc,800.00,800.00,True,True
353,Cabin Filter,Cabin Filter,replacement,False,Filters,1.0,pc,450.00,450.00,True,True
353,Fuel Filter,Fuel Filter,replacement,False,Filters,1.0,pc,650.00,650.00,True,True
354,Suspension Bushing,Suspension Bushing,replacement,False,Steering & Suspension,4.0,pc,650.00,2600.00,True,True
354,Tie Rod End,Tie Rod End,replacement,False,Steering & Suspension,2.0,pc,1350.00,2700.00,True,True
354,Shock Absorber,Shock Absorber,replacement,False,Steering & Suspension,2.0,pc,2350.00,4700.00,True,True
354,Shock Mounting,Shock Mounting,replacement,False,Steering & Suspension,2.0,pc,1250.00,2500.00,True,True
355,Engine Oil,Engine Oil,standard,False,Fluids & Consumables,6.0,liter,450.00,2700.00,True,True
355,Oil Filter,Oil Filter,original,True,Filters,1.0,pc,750.00,750.00,True,True
355,Air Filter,Air Filter,replacement,False,Filters,1.0,pc,600.00,600.00,True,True
355,Cabin Filter,Cabin Filter,original,True,Filters,1.0,pc,1150.00,1150.00,True,True
355,Fuel Filter,Fuel Filter,original,True,Filters,1.0,pc,1800.00,1800.00,True,True
356,Pressure Plate,Pressure Plate,original,True,Transmission,1.0,pc,5200.00,5200.00,True,True
356,Release Bearing,Release Bearing,replacement,False,Transmission,1.0,pc,1050.00,1050.00,True,True
356,Brake Cleaner,Brake Cleaner,standard,False,Fluids & Consumables,1.0,can,250.00,250.00,True,True
357,Suspension Bushing,Suspension Bushing,original,True,Steering & Suspension,2.0,pc,1350.00,2700.00,True,True
357,Tie Rod End,Tie Rod End,original,True,Steering & Suspension,2.0,pc,2200.00,4400.00,True,True
357,Stabilizer Link,Stabilizer Link,original,True,Steering & Suspension,2.0,pc,2300.00,4600.00,True,True
357,Shock Absorber,Shock Absorber,replacement,False,Steering & Suspension,2.0,pc,2650.00,5300.00,True,True
357,Shock Mounting,Shock Mounting,replacement,False,Steering & Suspension,2.0,pc,900.00,1800.00,True,True
358,A/C Evaporator,A/C Evaporator,replacement,False,General,1.0,pc,4050.00,4050.00,True,True
358,Cabin Filter,Cabin Filter,original,True,Filters,1.0,pc,1200.00,1200.00,True,True
358,Freon (R134a),Freon (R134a),standard,False,Fluids & Consumables,2.0,can,500.00,1000.00,True,True
358,Cabin Filter,Cabin Filter,original,True,Filters,1.0,pc,1200.00,1200.00,True,True
359,Crankshaft Oil Seal,Crankshaft Oil Seal,replacement,False,Engine,1.0,pc,1750.00,1750.00,True,True
359,RTV Silicone Gasket Maker,RTV Silicone Gasket Maker,standard,False,Fluids & Consumables,1.0,tube,250.00,250.00,True,True
359,Drive / Fan Belt,Drive / Fan Belt,original,True,General,1.0,pc,3000.00,3000.00,True,True
359,Engine Oil,Engine Oil,standard,False,Fluids & Consumables,5.0,liter,400.00,2000.00,True,True
359,Oil Filter,Oil Filter,replacement,False,Filters,1.0,pc,300.00,300.00,True,True
360,Overhauling Gasket Set,Overhauling Gasket Set,original,True,Engine,1.0,set,7250.00,7250.00,True,True
360,Valve Cover Gasket,Valve Cover Gasket,replacement,False,Engine,1.0,pc,700.00,700.00,True,True
360,Spark Plug,Spark Plug,replacement,False,Ignition & Electrical,4.0,pc,400.00,1600.00,True,True
360,Engine Coolant,Engine Coolant,standard,False,Fluids & Consumables,3.0,liter,400.00,1200.00,True,True
360,Engine Oil,Engine Oil,standard,False,Fluids & Consumables,6.0,liter,400.00,2400.00,True,True
360,Oil Filter,Oil Filter,replacement,False,Filters,1.0,pc,350.00,350.00,True,True
360,RTV Silicone Gasket Maker,RTV Silicone Gasket Maker,standard,False,Fluids & Consumables,2.0,tube,250.00,500.00,True,True
361,Oil Filter,Oil Filter,replacement,False,Filters,1.0,pc,300.00,300.00,True,True
361,Air Filter,Air Filter,replacement,False,Filters,1.0,pc,550.00,550.00,True,True
361,Cabin Filter,Cabin Filter,replacement,False,Filters,1.0,pc,500.00,500.00,True,True
361,Fuel Filter,Fuel Filter,replacement,False,Filters,1.0,pc,650.00,650.00,True,True
362,Engine Oil,Engine Oil,standard,False,Fluids & Consumables,4.0,liter,450.00,1800.00,True,True
362,Oil Filter,Oil Filter,replacement,False,Filters,1.0,pc,300.00,300.00,True,True
362,Air Filter,Air Filter,replacement,False,Filters,1.0,pc,550.00,550.00,True,True
362,Fuel Filter,Fuel Filter,replacement,False,Filters,1.0,pc,500.00,500.00,True,True
363,Brake Cleaner,Brake Cleaner,standard,False,Fluids & Consumables,2.0,can,250.00,500.00,True,True
363,Brake Fluid,Brake Fluid,standard,False,Fluids & Consumables,1.0,bottle,300.00,300.00,True,True
363,Brake Pads,Brake Pads,replacement,False,Braking,1.0,set,1500.00,1500.00,True,True
363,Brake Shoe,Brake Shoe,replacement,False,Braking,1.0,set,1400.00,1400.00,True,True
363,Wheel Cylinder,Wheel Cylinder,replacement,False,Braking,1.0,pc,1000.00,1000.00,True,True
364,Valve Cover Gasket,Valve Cover Gasket,original,True,Engine,1.0,pc,1450.00,1450.00,True,True
364,Crankshaft Oil Seal,Crankshaft Oil Seal,original,True,Engine,1.0,pc,2300.00,2300.00,True,True
364,RTV Silicone Gasket Maker,RTV Silicone Gasket Maker,standard,False,Fluids & Consumables,1.0,tube,300.00,300.00,True,True
364,Drive / Fan Belt,Drive / Fan Belt,original,True,General,1.0,pc,2700.00,2700.00,True,True
364,Engine Oil,Engine Oil,standard,False,Fluids & Consumables,6.0,liter,450.00,2700.00,True,True
364,Oil Filter,Oil Filter,original,True,Filters,1.0,pc,650.00,650.00,True,True
365,Suspension Bushing,Suspension Bushing,replacement,False,Steering & Suspension,3.0,pc,450.00,1350.00,True,True
365,Tie Rod End,Tie Rod End,replacement,False,Steering & Suspension,2.0,pc,1150.00,2300.00,True,True
365,Stabilizer Link,Stabilizer Link,replacement,False,Steering & Suspension,2.0,pc,1350.00,2700.00,True,True
365,Shock Absorber,Shock Absorber,replacement,False,Steering & Suspension,2.0,pc,1900.00,3800.00,True,True
365,Shock Mounting,Shock Mounting,replacement,False,Steering & Suspension,2.0,pc,1150.00,2300.00,True,True
366,A/C Evaporator,A/C Evaporator,replacement,False,General,1.0,pc,4400.00,4400.00,True,True
366,Cabin Filter,Cabin Filter,replacement,False,Filters,1.0,pc,800.00,800.00,True,True
366,Freon (R134a),Freon (R134a),standard,False,Fluids & Consumables,1.0,can,450.00,450.00,True,True
366,Cabin Filter,Cabin Filter,original,True,Filters,1.0,pc,1300.00,1300.00,True,True
367,Engine Oil,Engine Oil,standard,False,Fluids & Consumables,6.0,liter,500.00,3000.00,True,True
367,Air Filter,Air Filter,replacement,False,Filters,1.0,pc,550.00,550.00,True,True
367,Cabin Filter,Cabin Filter,replacement,False,Filters,1.0,pc,500.00,500.00,True,True
367,Fuel Filter,Fuel Filter,replacement,False,Filters,1.0,pc,600.00,600.00,True,True
368,A/C Evaporator,A/C Evaporator,replacement,False,General,1.0,pc,4650.00,4650.00,True,True
368,Cabin Filter,Cabin Filter,replacement,False,Filters,1.0,pc,850.00,850.00,True,True
368,Cabin Filter,Cabin Filter,original,True,Filters,1.0,pc,1300.00,1300.00,True,True
369,Brake Cleaner,Brake Cleaner,standard,False,Fluids & Consumables,2.0,can,200.00,400.00,True,True
369,Brake Fluid,Brake Fluid,standard,False,Fluids & Consumables,1.0,bottle,300.00,300.00,True,True
369,Brake Pads,Brake Pads,replacement,False,Braking,1.0,set,1550.00,1550.00,True,True
369,Brake Shoe,Brake Shoe,replacement,False,Braking,1.0,set,1300.00,1300.00,True,True
369,Wheel Cylinder,Wheel Cylinder,replacement,False,Braking,1.0,pc,1100.00,1100.00,True,True
370,Suspension Bushing,Suspension Bushing,replacement,False,Steering & Suspension,2.0,pc,550.00,1100.00,True,True
370,Tie Rod End,Tie Rod End,replacement,False,Steering & Suspension,2.0,pc,1450.00,2900.00,True,True
370,Stabilizer Link,Stabilizer Link,original,True,Steering & Suspension,2.0,pc,2150.00,4300.00,True,True
370,Shock Absorber,Shock Absorber,replacement,False,Steering & Suspension,2.0,pc,2500.00,5000.00,True,True
370,Shock Mounting,Shock Mounting,replacement,False,Steering & Suspension,2.0,pc,1000.00,2000.00,True,True
371,Tie Rod End,Tie Rod End,original,True,Steering & Suspension,2.0,pc,2600.00,5200.00,True,True
371,Shock Absorber,Shock Absorber,original,True,Steering & Suspension,2.0,pc,4600.00,9200.00,True,True
371,Shock Mounting,Shock Mounting,replacement,False,Steering & Suspension,2.0,pc,950.00,1900.00,True,True
372,A/C Evaporator,A/C Evaporator,original,True,General,1.0,pc,8750.00,8750.00,True,True
372,Cabin Filter,Cabin Filter,replacement,False,Filters,1.0,pc,850.00,850.00,True,True
372,Freon (R134a),Freon (R134a),standard,False,Fluids & Consumables,2.0,can,600.00,1200.00,True,True
372,Cabin Filter,Cabin Filter,replacement,False,Filters,1.0,pc,400.00,400.00,True,True
373,Valve Cover Gasket,Valve Cover Gasket,replacement,False,Engine,1.0,pc,500.00,500.00,True,True
373,Crankshaft Oil Seal,Crankshaft Oil Seal,replacement,False,Engine,1.0,pc,1400.00,1400.00,True,True
373,RTV Silicone Gasket Maker,RTV Silicone Gasket Maker,standard,False,Fluids & Consumables,1.0,tube,250.00,250.00,True,True
373,Drive / Fan Belt,Drive / Fan Belt,replacement,False,General,1.0,pc,2000.00,2000.00,True,True
373,Engine Oil,Engine Oil,standard,False,Fluids & Consumables,3.0,liter,450.00,1350.00,True,True
373,Oil Filter,Oil Filter,replacement,False,Filters,1.0,pc,250.00,250.00,True,True
374,Pressure Plate,Pressure Plate,replacement,False,Transmission,1.0,pc,3250.00,3250.00,True,True
374,Release Bearing,Release Bearing,replacement,False,Transmission,1.0,pc,1050.00,1050.00,True,True
374,RTV Silicone Gasket Maker,RTV Silicone Gasket Maker,standard,False,Fluids & Consumables,1.0,tube,250.00,250.00,True,True
374,Brake Cleaner,Brake Cleaner,standard,False,Fluids & Consumables,1.0,can,250.00,250.00,True,True
375,Suspension Bushing,Suspension Bushing,replacement,False,Steering & Suspension,3.0,pc,800.00,2400.00,True,True
375,Tie Rod End,Tie Rod End,replacement,False,Steering & Suspension,2.0,pc,1200.00,2400.00,True,True
375,Stabilizer Link,Stabilizer Link,original,True,Steering & Suspension,2.0,pc,1750.00,3500.00,True,True
375,Shock Absorber,Shock Absorber,replacement,False,Steering & Suspension,2.0,pc,2550.00,5100.00,True,True
375,Shock Mounting,Shock Mounting,replacement,False,Steering & Suspension,2.0,pc,1100.00,2200.00,True,True
376,Brake Cleaner,Brake Cleaner,standard,False,Fluids & Consumables,2.0,can,250.00,500.00,True,True
376,Brake Fluid,Brake Fluid,standard,False,Fluids & Consumables,1.0,bottle,300.00,300.00,True,True
376,Brake Pads,Brake Pads,original,True,Braking,2.0,set,3750.00,7500.00,True,True
376,Brake Shoe,Brake Shoe,original,True,Braking,1.0,set,3250.00,3250.00,True,True
377,Engine Oil,Engine Oil,standard,False,Fluids & Consumables,5.0,liter,450.00,2250.00,True,True
377,Air Filter,Air Filter,original,True,Filters,1.0,pc,2600.00,2600.00,True,True
377,Cabin Filter,Cabin Filter,original,True,Filters,1.0,pc,1250.00,1250.00,True,True
377,Fuel Filter,Fuel Filter,original,True,Filters,1.0,pc,1550.00,1550.00,True,True
378,Engine Oil,Engine Oil,standard,False,Fluids & Consumables,4.0,liter,500.00,2000.00,True,True
378,Oil Filter,Oil Filter,replacement,False,Filters,1.0,pc,400.00,400.00,True,True
378,Cabin Filter,Cabin Filter,replacement,False,Filters,1.0,pc,450.00,450.00,True,True
378,Fuel Filter,Fuel Filter,replacement,False,Filters,1.0,pc,750.00,750.00,True,True
379,Engine Oil,Engine Oil,standard,False,Fluids & Consumables,7.0,liter,400.00,2800.00,True,True
379,Air Filter,Air Filter,replacement,False,Filters,1.0,pc,650.00,650.00,True,True
379,Cabin Filter,Cabin Filter,replacement,False,Filters,1.0,pc,450.00,450.00,True,True
379,Fuel Filter,Fuel Filter,replacement,False,Filters,1.0,pc,600.00,600.00,True,True
380,Clutch Disc,Clutch Disc,replacement,False,Transmission,1.0,pc,2950.00,2950.00,True,True
380,Pressure Plate,Pressure Plate,original,True,Transmission,1.0,pc,4950.00,4950.00,True,True
380,Release Bearing,Release Bearing,replacement,False,Transmission,1.0,pc,1000.00,1000.00,True,True
380,RTV Silicone Gasket Maker,RTV Silicone Gasket Maker,standard,False,Fluids & Consumables,1.0,tube,250.00,250.00,True,True
380,Brake Cleaner,Brake Cleaner,standard,False,Fluids & Consumables,1.0,can,250.00,250.00,True,True
381,A/C Evaporator,A/C Evaporator,replacement,False,General,1.0,pc,4450.00,4450.00,True,True
381,Cabin Filter,Cabin Filter,replacement,False,Filters,1.0,pc,800.00,800.00,True,True
381,Freon (R134a),Freon (R134a),standard,False,Fluids & Consumables,1.0,can,400.00,400.00,True,True
381,Cabin Filter,Cabin Filter,replacement,False,Filters,1.0,pc,500.00,500.00,True,True
382,Engine Oil,Engine Oil,standard,False,Fluids & Consumables,5.0,liter,500.00,2500.00,True,True
382,Air Filter,Air Filter,replacement,False,Filters,1.0,pc,700.00,700.00,True,True
382,Cabin Filter,Cabin Filter,original,True,Filters,1.0,pc,1250.00,1250.00,True,True
382,Fuel Filter,Fuel Filter,original,True,Filters,1.0,pc,1500.00,1500.00,True,True
383,Engine Oil,Engine Oil,standard,False,Fluids & Consumables,3.0,liter,450.00,1350.00,True,True
383,Air Filter,Air Filter,replacement,False,Filters,1.0,pc,650.00,650.00,True,True
383,Cabin Filter,Cabin Filter,replacement,False,Filters,1.0,pc,450.00,450.00,True,True
383,Fuel Filter,Fuel Filter,replacement,False,Filters,1.0,pc,550.00,550.00,True,True
384,Brake Cleaner,Brake Cleaner,standard,False,Fluids & Consumables,2.0,can,250.00,500.00,True,True
384,Brake Fluid,Brake Fluid,standard,False,Fluids & Consumables,1.0,bottle,350.00,350.00,True,True
384,Brake Pads,Brake Pads,original,True,Braking,2.0,set,3800.00,7600.00,True,True
384,Brake Shoe,Brake Shoe,original,True,Braking,1.0,set,3300.00,3300.00,True,True
384,Wheel Cylinder,Wheel Cylinder,original,True,Braking,2.0,pc,1700.00,3400.00,True,True
385,Engine Oil,Engine Oil,standard,False,Fluids & Consumables,3.0,liter,450.00,1350.00,True,True
385,Oil Filter,Oil Filter,replacement,False,Filters,1.0,pc,350.00,350.00,True,True
385,Air Filter,Air Filter,replacement,False,Filters,1.0,pc,700.00,700.00,True,True
385,Cabin Filter,Cabin Filter,replacement,False,Filters,1.0,pc,450.00,450.00,True,True
385,Fuel Filter,Fuel Filter,replacement,False,Filters,1.0,pc,600.00,600.00,True,True
386,Engine Oil,Engine Oil,standard,False,Fluids & Consumables,7.0,liter,450.00,3150.00,True,True
386,Oil Filter,Oil Filter,replacement,False,Filters,1.0,pc,300.00,300.00,True,True
386,Air Filter,Air Filter,replacement,False,Filters,1.0,pc,800.00,800.00,True,True
386,Cabin Filter,Cabin Filter,replacement,False,Filters,1.0,pc,500.00,500.00,True,True
386,Fuel Filter,Fuel Filter,replacement,False,Filters,1.0,pc,750.00,750.00,True,True
387,Brake Cleaner,Brake Cleaner,standard,False,Fluids & Consumables,2.0,can,300.00,600.00,True,True
387,Brake Fluid,Brake Fluid,standard,False,Fluids & Consumables,1.0,bottle,300.00,300.00,True,True
387,Brake Pads,Brake Pads,replacement,False,Braking,1.0,set,1500.00,1500.00,True,True
387,Wheel Cylinder,Wheel Cylinder,replacement,False,Braking,1.0,pc,1000.00,1000.00,True,True
388,Engine Oil,Engine Oil,standard,False,Fluids & Consumables,4.0,liter,450.00,1800.00,True,True
388,Cabin Filter,Cabin Filter,original,True,Filters,1.0,pc,1150.00,1150.00,True,True
388,Fuel Filter,Fuel Filter,original,True,Filters,1.0,pc,1850.00,1850.00,True,True
389,A/C Evaporator,A/C Evaporator,replacement,False,General,1.0,pc,4850.00,4850.00,True,True
389,Freon (R134a),Freon (R134a),standard,False,Fluids & Consumables,1.0,can,550.00,550.00,True,True
389,Cabin Filter,Cabin Filter,replacement,False,Filters,1.0,pc,450.00,450.00,True,True
390,Engine Oil,Engine Oil,standard,False,Fluids & Consumables,7.0,liter,500.00,3500.00,True,True
390,Oil Filter,Oil Filter,replacement,False,Filters,1.0,pc,300.00,300.00,True,True
390,Air Filter,Air Filter,replacement,False,Filters,1.0,pc,800.00,800.00,True,True
390,Cabin Filter,Cabin Filter,replacement,False,Filters,1.0,pc,500.00,500.00,True,True
391,Air Filter,Air Filter,replacement,False,Filters,1.0,pc,800.00,800.00,True,True
391,Cabin Filter,Cabin Filter,replacement,False,Filters,1.0,pc,400.00,400.00,True,True
391,Fuel Filter,Fuel Filter,replacement,False,Filters,1.0,pc,600.00,600.00,True,True
392,Valve Cover Gasket,Valve Cover Gasket,original,True,Engine,1.0,pc,1300.00,1300.00,True,True
392,Crankshaft Oil Seal,Crankshaft Oil Seal,original,True,Engine,1.0,pc,2200.00,2200.00,True,True
392,RTV Silicone Gasket Maker,RTV Silicone Gasket Maker,standard,False,Fluids & Consumables,1.0,tube,300.00,300.00,True,True
392,Drive / Fan Belt,Drive / Fan Belt,original,True,General,1.0,pc,2850.00,2850.00,True,True
392,Engine Oil,Engine Oil,standard,False,Fluids & Consumables,3.0,liter,450.00,1350.00,True,True
392,Oil Filter,Oil Filter,original,True,Filters,1.0,pc,700.00,700.00,True,True
393,Suspension Bushing,Suspension Bushing,replacement,False,Steering & Suspension,2.0,pc,700.00,1400.00,True,True
393,Stabilizer Link,Stabilizer Link,replacement,False,Steering & Suspension,2.0,pc,1350.00,2700.00,True,True
393,Shock Absorber,Shock Absorber,replacement,False,Steering & Suspension,2.0,pc,2350.00,4700.00,True,True
393,Shock Mounting,Shock Mounting,replacement,False,Steering & Suspension,2.0,pc,1050.00,2100.00,True,True
394,Engine Oil,Engine Oil,standard,False,Fluids & Consumables,6.0,liter,450.00,2700.00,True,True
394,Oil Filter,Oil Filter,replacement,False,Filters,1.0,pc,350.00,350.00,True,True
394,Air Filter,Air Filter,replacement,False,Filters,1.0,pc,500.00,500.00,True,True
394,Cabin Filter,Cabin Filter,replacement,False,Filters,1.0,pc,500.00,500.00,True,True
394,Fuel Filter,Fuel Filter,replacement,False,Filters,1.0,pc,550.00,550.00,True,True
395,Valve Cover Gasket,Valve Cover Gasket,replacement,False,Engine,1.0,pc,550.00,550.00,True,True
395,Crankshaft Oil Seal,Crankshaft Oil Seal,replacement,False,Engine,1.0,pc,1450.00,1450.00,True,True
395,RTV Silicone Gasket Maker,RTV Silicone Gasket Maker,standard,False,Fluids & Consumables,1.0,tube,300.00,300.00,True,True
395,Drive / Fan Belt,Drive / Fan Belt,replacement,False,General,1.0,pc,1750.00,1750.00,True,True
395,Engine Oil,Engine Oil,standard,False,Fluids & Consumables,4.0,liter,500.00,2000.00,True,True
395,Oil Filter,Oil Filter,replacement,False,Filters,1.0,pc,350.00,350.00,True,True
396,Clutch Disc,Clutch Disc,replacement,False,Transmission,1.0,pc,3050.00,3050.00,True,True
396,Pressure Plate,Pressure Plate,replacement,False,Transmission,1.0,pc,3750.00,3750.00,True,True
396,RTV Silicone Gasket Maker,RTV Silicone Gasket Maker,standard,False,Fluids & Consumables,1.0,tube,250.00,250.00,True,True
397,Suspension Bushing,Suspension Bushing,replacement,False,Steering & Suspension,3.0,pc,600.00,1800.00,True,True
397,Tie Rod End,Tie Rod End,replacement,False,Steering & Suspension,2.0,pc,1100.00,2200.00,True,True
397,Shock Absorber,Shock Absorber,replacement,False,Steering & Suspension,2.0,pc,2100.00,4200.00,True,True
397,Shock Mounting,Shock Mounting,replacement,False,Steering & Suspension,2.0,pc,1100.00,2200.00,True,True
398,Suspension Bushing,Suspension Bushing,replacement,False,Steering & Suspension,3.0,pc,650.00,1950.00,True,True
398,Tie Rod End,Tie Rod End,replacement,False,Steering & Suspension,2.0,pc,1250.00,2500.00,True,True
398,Stabilizer Link,Stabilizer Link,replacement,False,Steering & Suspension,2.0,pc,1200.00,2400.00,True,True
398,Shock Mounting,Shock Mounting,replacement,False,Steering & Suspension,2.0,pc,1250.00,2500.00,True,True
399,Suspension Bushing,Suspension Bushing,replacement,False,Steering & Suspension,3.0,pc,500.00,1500.00,True,True
399,Tie Rod End,Tie Rod End,replacement,False,Steering & Suspension,2.0,pc,1150.00,2300.00,True,True
399,Stabilizer Link,Stabilizer Link,replacement,False,Steering & Suspension,2.0,pc,1300.00,2600.00,True,True
399,Shock Absorber,Shock Absorber,replacement,False,Steering & Suspension,2.0,pc,1950.00,3900.00,True,True
399,Shock Mounting,Shock Mounting,replacement,False,Steering & Suspension,2.0,pc,1000.00,2000.00,True,True
400,Clutch Disc,Clutch Disc,replacement,False,Transmission,1.0,pc,2700.00,2700.00,True,True
400,Pressure Plate,Pressure Plate,replacement,False,Transmission,1.0,pc,3800.00,3800.00,True,True
400,Release Bearing,Release Bearing,replacement,False,Transmission,1.0,pc,900.00,900.00,True,True
401,Engine Oil,Engine Oil,standard,False,Fluids & Consumables,4.0,liter,450.00,1800.00,True,True
401,Oil Filter,Oil Filter,original,True,Filters,1.0,pc,750.00,750.00,True,True
401,Air Filter,Air Filter,replacement,False,Filters,1.0,pc,650.00,650.00,True,True
401,Cabin Filter,Cabin Filter,replacement,False,Filters,1.0,pc,500.00,500.00,True,True
401,Fuel Filter,Fuel Filter,replacement,False,Filters,1.0,pc,600.00,600.00,True,True
402,Brake Cleaner,Brake Cleaner,standard,False,Fluids & Consumables,2.0,can,250.00,500.00,True,True
402,Brake Fluid,Brake Fluid,standard,False,Fluids & Consumables,1.0,bottle,250.00,250.00,True,True
402,Brake Pads,Brake Pads,original,True,Braking,1.0,set,2900.00,2900.00,True,True
402,Brake Shoe,Brake Shoe,original,True,Braking,1.0,set,2550.00,2550.00,True,True
402,Wheel Cylinder,Wheel Cylinder,replacement,False,Braking,1.0,pc,1050.00,1050.00,True,True
403,Clutch Disc,Clutch Disc,replacement,False,Transmission,1.0,pc,2750.00,2750.00,True,True
403,Pressure Plate,Pressure Plate,replacement,False,Transmission,1.0,pc,3400.00,3400.00,True,True
403,Release Bearing,Release Bearing,replacement,False,Transmission,1.0,pc,900.00,900.00,True,True
403,RTV Silicone Gasket Maker,RTV Silicone Gasket Maker,standard,False,Fluids & Consumables,1.0,tube,250.00,250.00,True,True
403,Brake Cleaner,Brake Cleaner,standard,False,Fluids & Consumables,1.0,can,250.00,250.00,True,True
404,Oil Filter,Oil Filter,replacement,False,Filters,1.0,pc,450.00,450.00,True,True
404,Air Filter,Air Filter,replacement,False,Filters,1.0,pc,700.00,700.00,True,True
404,Cabin Filter,Cabin Filter,replacement,False,Filters,1.0,pc,450.00,450.00,True,True
404,Fuel Filter,Fuel Filter,replacement,False,Filters,1.0,pc,600.00,600.00,True,True
405,Overhauling Gasket Set,Overhauling Gasket Set,original,True,Engine,1.0,set,7450.00,7450.00,True,True
405,Valve Cover Gasket,Valve Cover Gasket,replacement,False,Engine,1.0,pc,550.00,550.00,True,True
405,Crankshaft Oil Seal,Crankshaft Oil Seal,replacement,False,Engine,1.0,pc,1650.00,1650.00,True,True
405,Spark Plug,Spark Plug,replacement,False,Ignition & Electrical,4.0,pc,350.00,1400.00,True,True
405,Oil Filter,Oil Filter,replacement,False,Filters,1.0,pc,350.00,350.00,True,True
406,Suspension Bushing,Suspension Bushing,original,True,Steering & Suspension,4.0,pc,1250.00,5000.00,True,True
406,Tie Rod End,Tie Rod End,original,True,Steering & Suspension,2.0,pc,2200.00,4400.00,True,True
406,Stabilizer Link,Stabilizer Link,original,True,Steering & Suspension,2.0,pc,1600.00,3200.00,True,True
406,Shock Absorber,Shock Absorber,original,True,Steering & Suspension,2.0,pc,5100.00,10200.00,True,True
406,Shock Mounting,Shock Mounting,original,True,Steering & Suspension,2.0,pc,2100.00,4200.00,True,True
407,Suspension Bushing,Suspension Bushing,original,True,Steering & Suspension,4.0,pc,1100.00,4400.00,True,True
407,Tie Rod End,Tie Rod End,original,True,Steering & Suspension,2.0,pc,2150.00,4300.00,True,True
407,Stabilizer Link,Stabilizer Link,original,True,Steering & Suspension,2.0,pc,2100.00,4200.00,True,True
407,Shock Mounting,Shock Mounting,original,True,Steering & Suspension,2.0,pc,2250.00,4500.00,True,True
408,Brake Cleaner,Brake Cleaner,standard,False,Fluids & Consumables,2.0,can,250.00,500.00,True,True
408,Brake Fluid,Brake Fluid,standard,False,Fluids & Consumables,1.0,bottle,300.00,300.00,True,True
408,Brake Pads,Brake Pads,replacement,False,Braking,2.0,set,1600.00,3200.00,True,True
408,Brake Shoe,Brake Shoe,replacement,False,Braking,1.0,set,1150.00,1150.00,True,True
408,Wheel Cylinder,Wheel Cylinder,replacement,False,Braking,2.0,pc,850.00,1700.00,True,True
409,Engine Oil,Engine Oil,standard,False,Fluids & Consumables,4.0,liter,450.00,1800.00,True,True
409,Oil Filter,Oil Filter,replacement,False,Filters,1.0,pc,350.00,350.00,True,True
409,Air Filter,Air Filter,replacement,False,Filters,1.0,pc,550.00,550.00,True,True
409,Cabin Filter,Cabin Filter,replacement,False,Filters,1.0,pc,450.00,450.00,True,True
409,Fuel Filter,Fuel Filter,replacement,False,Filters,1.0,pc,650.00,650.00,True,True
410,A/C Evaporator,A/C Evaporator,replacement,False,General,1.0,pc,5050.00,5050.00,True,True
410,Cabin Filter,Cabin Filter,replacement,False,Filters,1.0,pc,1100.00,1100.00,True,True
410,Freon (R134a),Freon (R134a),standard,False,Fluids & Consumables,2.0,can,550.00,1100.00,True,True
410,Cabin Filter,Cabin Filter,replacement,False,Filters,1.0,pc,450.00,450.00,True,True
411,Suspension Bushing,Suspension Bushing,replacement,False,Steering & Suspension,2.0,pc,700.00,1400.00,True,True
411,Tie Rod End,Tie Rod End,replacement,False,Steering & Suspension,2.0,pc,1300.00,2600.00,True,True
411,Stabilizer Link,Stabilizer Link,replacement,False,Steering & Suspension,2.0,pc,1400.00,2800.00,True,True
412,Engine Oil,Engine Oil,standard,False,Fluids & Consumables,6.0,liter,450.00,2700.00,True,True
412,Oil Filter,Oil Filter,replacement,False,Filters,1.0,pc,400.00,400.00,True,True
412,Air Filter,Air Filter,replacement,False,Filters,1.0,pc,650.00,650.00,True,True
412,Cabin Filter,Cabin Filter,replacement,False,Filters,1.0,pc,450.00,450.00,True,True
412,Fuel Filter,Fuel Filter,replacement,False,Filters,1.0,pc,600.00,600.00,True,True
413,Clutch Disc,Clutch Disc,replacement,False,Transmission,1.0,pc,3150.00,3150.00,True,True
413,Pressure Plate,Pressure Plate,replacement,False,Transmission,1.0,pc,4050.00,4050.00,True,True
413,Release Bearing,Release Bearing,original,True,Transmission,1.0,pc,2000.00,2000.00,True,True
413,Brake Cleaner,Brake Cleaner,standard,False,Fluids & Consumables,1.0,can,250.00,250.00,True,True
414,Suspension Bushing,Suspension Bushing,original,True,Steering & Suspension,2.0,pc,1200.00,2400.00,True,True
414,Tie Rod End,Tie Rod End,original,True,Steering & Suspension,2.0,pc,2200.00,4400.00,True,True
414,Stabilizer Link,Stabilizer Link,original,True,Steering & Suspension,2.0,pc,1700.00,3400.00,True,True
414,Shock Absorber,Shock Absorber,original,True,Steering & Suspension,2.0,pc,5000.00,10000.00,True,True
414,Shock Mounting,Shock Mounting,original,True,Steering & Suspension,2.0,pc,2250.00,4500.00,True,True
415,Brake Fluid,Brake Fluid,standard,False,Fluids & Consumables,1.0,bottle,300.00,300.00,True,True
415,Brake Pads,Brake Pads,original,True,Braking,2.0,set,2950.00,5900.00,True,True
415,Brake Shoe,Brake Shoe,original,True,Braking,1.0,set,2750.00,2750.00,True,True
415,Wheel Cylinder,Wheel Cylinder,original,True,Braking,2.0,pc,1750.00,3500.00,True,True
416,Suspension Bushing,Suspension Bushing,original,True,Steering & Suspension,2.0,pc,1500.00,3000.00,True,True
416,Shock Absorber,Shock Absorber,original,True,Steering & Suspension,2.0,pc,4850.00,9700.00,True,True
416,Shock Mounting,Shock Mounting,original,True,Steering & Suspension,2.0,pc,1800.00,3600.00,True,True
417,Clutch Disc,Clutch Disc,replacement,False,Transmission,1.0,pc,2800.00,2800.00,True,True
417,Pressure Plate,Pressure Plate,replacement,False,Transmission,1.0,pc,3700.00,3700.00,True,True
417,Release Bearing,Release Bearing,replacement,False,Transmission,1.0,pc,950.00,950.00,True,True
417,RTV Silicone Gasket Maker,RTV Silicone Gasket Maker,standard,False,Fluids & Consumables,1.0,tube,250.00,250.00,True,True
417,Brake Cleaner,Brake Cleaner,standard,False,Fluids & Consumables,1.0,can,200.00,200.00,True,True
418,Suspension Bushing,Suspension Bushing,original,True,Steering & Suspension,3.0,pc,1350.00,4050.00,True,True
418,Tie Rod End,Tie Rod End,original,True,Steering & Suspension,2.0,pc,2400.00,4800.00,True,True
418,Shock Absorber,Shock Absorber,original,True,Steering & Suspension,2.0,pc,3850.00,7700.00,True,True
418,Shock Mounting,Shock Mounting,original,True,Steering & Suspension,2.0,pc,2000.00,4000.00,True,True
419,Brake Cleaner,Brake Cleaner,standard,False,Fluids & Consumables,1.0,can,250.00,250.00,True,True
419,Brake Fluid,Brake Fluid,standard,False,Fluids & Consumables,1.0,bottle,350.00,350.00,True,True
419,Brake Pads,Brake Pads,original,True,Braking,1.0,set,3200.00,3200.00,True,True
419,Brake Shoe,Brake Shoe,original,True,Braking,1.0,set,3100.00,3100.00,True,True
419,Wheel Cylinder,Wheel Cylinder,original,True,Braking,2.0,pc,1550.00,3100.00,True,True
420,Release Bearing,Release Bearing,replacement,False,Transmission,1.0,pc,900.00,900.00,True,True
420,RTV Silicone Gasket Maker,RTV Silicone Gasket Maker,standard,False,Fluids & Consumables,1.0,tube,200.00,200.00,True,True
420,Brake Cleaner,Brake Cleaner,standard,False,Fluids & Consumables,1.0,can,250.00,250.00,True,True
421,Engine Oil,Engine Oil,standard,False,Fluids & Consumables,4.0,liter,450.00,1800.00,True,True
421,Oil Filter,Oil Filter,original,True,Filters,1.0,pc,750.00,750.00,True,True
421,Air Filter,Air Filter,original,True,Filters,1.0,pc,2250.00,2250.00,True,True
421,Cabin Filter,Cabin Filter,replacement,False,Filters,1.0,pc,400.00,400.00,True,True
421,Fuel Filter,Fuel Filter,replacement,False,Filters,1.0,pc,600.00,600.00,True,True
422,Oil Filter,Oil Filter,replacement,False,Filters,1.0,pc,350.00,350.00,True,True
422,Air Filter,Air Filter,replacement,False,Filters,1.0,pc,600.00,600.00,True,True
422,Cabin Filter,Cabin Filter,replacement,False,Filters,1.0,pc,500.00,500.00,True,True
422,Fuel Filter,Fuel Filter,replacement,False,Filters,1.0,pc,600.00,600.00,True,True
423,Brake Cleaner,Brake Cleaner,standard,False,Fluids & Consumables,1.0,can,250.00,250.00,True,True
423,Brake Fluid,Brake Fluid,standard,False,Fluids & Consumables,1.0,bottle,350.00,350.00,True,True
423,Brake Shoe,Brake Shoe,replacement,False,Braking,1.0,set,1200.00,1200.00,True,True
424,Brake Fluid,Brake Fluid,standard,False,Fluids & Consumables,1.0,bottle,300.00,300.00,True,True
424,Brake Pads,Brake Pads,replacement,False,Braking,1.0,set,1400.00,1400.00,True,True
424,Brake Shoe,Brake Shoe,original,True,Braking,1.0,set,2800.00,2800.00,True,True
424,Wheel Cylinder,Wheel Cylinder,replacement,False,Braking,1.0,pc,900.00,900.00,True,True
425,Suspension Bushing,Suspension Bushing,original,True,Steering & Suspension,3.0,pc,1300.00,3900.00,True,True
425,Tie Rod End,Tie Rod End,replacement,False,Steering & Suspension,2.0,pc,1300.00,2600.00,True,True
425,Stabilizer Link,Stabilizer Link,replacement,False,Steering & Suspension,2.0,pc,1050.00,2100.00,True,True
425,Shock Absorber,Shock Absorber,replacement,False,Steering & Suspension,2.0,pc,2450.00,4900.00,True,True
425,Shock Mounting,Shock Mounting,replacement,False,Steering & Suspension,2.0,pc,1050.00,2100.00,True,True
426,Engine Oil,Engine Oil,standard,False,Fluids & Consumables,5.0,liter,500.00,2500.00,True,True
426,Cabin Filter,Cabin Filter,replacement,False,Filters,1.0,pc,500.00,500.00,True,True
427,Valve Cover Gasket,Valve Cover Gasket,original,True,Engine,1.0,pc,1500.00,1500.00,True,True
427,RTV Silicone Gasket Maker,RTV Silicone Gasket Maker,standard,False,Fluids & Consumables,1.0,tube,250.00,250.00,True,True
427,Drive / Fan Belt,Drive / Fan Belt,original,True,General,1.0,pc,2600.00,2600.00,True,True
427,Engine Oil,Engine Oil,standard,False,Fluids & Consumables,3.0,liter,450.00,1350.00,True,True
427,Oil Filter,Oil Filter,original,True,Filters,1.0,pc,850.00,850.00,True,True
428,A/C Evaporator,A/C Evaporator,replacement,False,General,1.0,pc,4900.00,4900.00,True,True
428,Cabin Filter,Cabin Filter,replacement,False,Filters,1.0,pc,800.00,800.00,True,True
428,Cabin Filter,Cabin Filter,replacement,False,Filters,1.0,pc,550.00,550.00,True,True
429,Valve Cover Gasket,Valve Cover Gasket,original,True,Engine,1.0,pc,1500.00,1500.00,True,True
429,Drive / Fan Belt,Drive / Fan Belt,original,True,General,1.0,pc,2700.00,2700.00,True,True
429,Engine Oil,Engine Oil,standard,False,Fluids & Consumables,4.0,liter,450.00,1800.00,True,True
429,Oil Filter,Oil Filter,original,True,Filters,1.0,pc,800.00,800.00,True,True
430,Suspension Bushing,Suspension Bushing,original,True,Steering & Suspension,3.0,pc,1350.00,4050.00,True,True
430,Tie Rod End,Tie Rod End,original,True,Steering & Suspension,2.0,pc,2650.00,5300.00,True,True
430,Shock Absorber,Shock Absorber,original,True,Steering & Suspension,2.0,pc,4450.00,8900.00,True,True
430,Shock Mounting,Shock Mounting,original,True,Steering & Suspension,2.0,pc,1800.00,3600.00,True,True
431,Brake Fluid,Brake Fluid,standard,False,Fluids & Consumables,1.0,bottle,300.00,300.00,True,True
431,Brake Pads,Brake Pads,replacement,False,Braking,1.0,set,1450.00,1450.00,True,True
431,Brake Shoe,Brake Shoe,replacement,False,Braking,1.0,set,1150.00,1150.00,True,True
431,Wheel Cylinder,Wheel Cylinder,replacement,False,Braking,2.0,pc,900.00,1800.00,True,True
432,Engine Oil,Engine Oil,standard,False,Fluids & Consumables,4.0,liter,450.00,1800.00,True,True
432,Air Filter,Air Filter,original,True,Filters,1.0,pc,2150.00,2150.00,True,True
432,Cabin Filter,Cabin Filter,original,True,Filters,1.0,pc,1250.00,1250.00,True,True
432,Fuel Filter,Fuel Filter,original,True,Filters,1.0,pc,1800.00,1800.00,True,True
433,Engine Oil,Engine Oil,standard,False,Fluids & Consumables,7.0,liter,450.00,3150.00,True,True
433,Oil Filter,Oil Filter,replacement,False,Filters,1.0,pc,350.00,350.00,True,True
433,Cabin Filter,Cabin Filter,original,True,Filters,1.0,pc,1050.00,1050.00,True,True
434,Valve Cover Gasket,Valve Cover Gasket,original,True,Engine,1.0,pc,1750.00,1750.00,True,True
434,Crankshaft Oil Seal,Crankshaft Oil Seal,original,True,Engine,1.0,pc,2750.00,2750.00,True,True
434,Drive / Fan Belt,Drive / Fan Belt,original,True,General,1.0,pc,2900.00,2900.00,True,True
434,Oil Filter,Oil Filter,original,True,Filters,1.0,pc,750.00,750.00,True,True
435,Clutch Disc,Clutch Disc,replacement,False,Transmission,1.0,pc,3100.00,3100.00,True,True
435,Pressure Plate,Pressure Plate,original,True,Transmission,1.0,pc,4850.00,4850.00,True,True
435,Release Bearing,Release Bearing,original,True,Transmission,1.0,pc,1850.00,1850.00,True,True
435,RTV Silicone Gasket Maker,RTV Silicone Gasket Maker,standard,False,Fluids & Consumables,1.0,tube,250.00,250.00,True,True
436,Brake Fluid,Brake Fluid,standard,False,Fluids & Consumables,1.0,bottle,350.00,350.00,True,True
436,Brake Pads,Brake Pads,replacement,False,Braking,2.0,set,1450.00,2900.00,True,True
436,Brake Shoe,Brake Shoe,replacement,False,Braking,1.0,set,1450.00,1450.00,True,True
436,Wheel Cylinder,Wheel Cylinder,replacement,False,Braking,2.0,pc,1050.00,2100.00,True,True
437,Clutch Disc,Clutch Disc,original,True,Transmission,1.0,pc,5850.00,5850.00,True,True
437,Pressure Plate,Pressure Plate,original,True,Transmission,1.0,pc,4850.00,4850.00,True,True
437,Release Bearing,Release Bearing,original,True,Transmission,1.0,pc,1700.00,1700.00,True,True
437,RTV Silicone Gasket Maker,RTV Silicone Gasket Maker,standard,False,Fluids & Consumables,1.0,tube,250.00,250.00,True,True
438,Freon (R134a),Freon (R134a),standard,False,Fluids & Consumables,1.0,can,450.00,450.00,True,True
438,Cabin Filter,Cabin Filter,replacement,False,Filters,1.0,pc,500.00,500.00,True,True
439,Clutch Disc,Clutch Disc,replacement,False,Transmission,1.0,pc,2600.00,2600.00,True,True
439,Pressure Plate,Pressure Plate,replacement,False,Transmission,1.0,pc,3100.00,3100.00,True,True
439,Brake Cleaner,Brake Cleaner,standard,False,Fluids & Consumables,1.0,can,250.00,250.00,True,True
440,Engine Oil,Engine Oil,standard,False,Fluids & Consumables,4.0,liter,500.00,2000.00,True,True
440,Oil Filter,Oil Filter,original,True,Filters,1.0,pc,750.00,750.00,True,True
440,Air Filter,Air Filter,original,True,Filters,1.0,pc,2200.00,2200.00,True,True
440,Cabin Filter,Cabin Filter,original,True,Filters,1.0,pc,1550.00,1550.00,True,True
440,Fuel Filter,Fuel Filter,original,True,Filters,1.0,pc,1650.00,1650.00,True,True
441,Brake Cleaner,Brake Cleaner,standard,False,Fluids & Consumables,1.0,can,300.00,300.00,True,True
441,Brake Pads,Brake Pads,replacement,False,Braking,1.0,set,1600.00,1600.00,True,True
441,Brake Shoe,Brake Shoe,replacement,False,Braking,1.0,set,1300.00,1300.00,True,True
441,Wheel Cylinder,Wheel Cylinder,replacement,False,Braking,1.0,pc,1050.00,1050.00,True,True
442,Engine Oil,Engine Oil,standard,False,Fluids & Consumables,4.0,liter,450.00,1800.00,True,True
442,Fuel Filter,Fuel Filter,replacement,False,Filters,1.0,pc,600.00,600.00,True,True
443,Engine Oil,Engine Oil,standard,False,Fluids & Consumables,4.0,liter,450.00,1800.00,True,True
443,Oil Filter,Oil Filter,replacement,False,Filters,1.0,pc,350.00,350.00,True,True
443,Air Filter,Air Filter,replacement,False,Filters,1.0,pc,800.00,800.00,True,True
443,Fuel Filter,Fuel Filter,replacement,False,Filters,1.0,pc,450.00,450.00,True,True
444,Oil Filter,Oil Filter,original,True,Filters,1.0,pc,750.00,750.00,True,True
444,Air Filter,Air Filter,original,True,Filters,1.0,pc,2000.00,2000.00,True,True
445,Tie Rod End,Tie Rod End,original,True,Steering & Suspension,2.0,pc,1850.00,3700.00,True,True
445,Stabilizer Link,Stabilizer Link,original,True,Steering & Suspension,2.0,pc,1750.00,3500.00,True,True
445,Shock Absorber,Shock Absorber,original,True,Steering & Suspension,2.0,pc,4550.00,9100.00,True,True
445,Shock Mounting,Shock Mounting,original,True,Steering & Suspension,2.0,pc,2250.00,4500.00,True,True
446,A/C Evaporator,A/C Evaporator,replacement,False,General,1.0,pc,4200.00,4200.00,True,True
446,Cabin Filter,Cabin Filter,replacement,False,Filters,1.0,pc,850.00,850.00,True,True
446,Freon (R134a),Freon (R134a),standard,False,Fluids & Consumables,2.0,can,450.00,900.00,True,True
446,Cabin Filter,Cabin Filter,replacement,False,Filters,1.0,pc,500.00,500.00,True,True
447,Oil Filter,Oil Filter,replacement,False,Filters,1.0,pc,300.00,300.00,True,True
447,Fuel Filter,Fuel Filter,replacement,False,Filters,1.0,pc,550.00,550.00,True,True
448,A/C Evaporator,A/C Evaporator,replacement,False,General,1.0,pc,4450.00,4450.00,True,True
448,Cabin Filter,Cabin Filter,replacement,False,Filters,1.0,pc,900.00,900.00,True,True
448,Cabin Filter,Cabin Filter,replacement,False,Filters,1.0,pc,500.00,500.00,True,True
449,Oil Filter,Oil Filter,original,True,Filters,1.0,pc,600.00,600.00,True,True
449,Air Filter,Air Filter,original,True,Filters,1.0,pc,2350.00,2350.00,True,True
449,Cabin Filter,Cabin Filter,replacement,False,Filters,1.0,pc,450.00,450.00,True,True
449,Fuel Filter,Fuel Filter,original,True,Filters,1.0,pc,2000.00,2000.00,True,True
450,Overhauling Gasket Set,Overhauling Gasket Set,replacement,False,Engine,1.0,set,4000.00,4000.00,True,True
450,Valve Cover Gasket,Valve Cover Gasket,replacement,False,Engine,1.0,pc,550.00,550.00,True,True
450,Crankshaft Oil Seal,Crankshaft Oil Seal,replacement,False,Engine,1.0,pc,1650.00,1650.00,True,True
450,Spark Plug,Spark Plug,replacement,False,Ignition & Electrical,4.0,pc,300.00,1200.00,True,True
450,Engine Coolant,Engine Coolant,standard,False,Fluids & Consumables,4.0,liter,250.00,1000.00,True,True
450,Engine Oil,Engine Oil,standard,False,Fluids & Consumables,4.0,liter,450.00,1800.00,True,True
450,Oil Filter,Oil Filter,replacement,False,Filters,1.0,pc,400.00,400.00,True,True
450,RTV Silicone Gasket Maker,RTV Silicone Gasket Maker,standard,False,Fluids & Consumables,2.0,tube,250.00,500.00,True,True
451,Brake Cleaner,Brake Cleaner,standard,False,Fluids & Consumables,1.0,can,200.00,200.00,True,True
451,Brake Fluid,Brake Fluid,standard,False,Fluids & Consumables,1.0,bottle,300.00,300.00,True,True
451,Brake Pads,Brake Pads,replacement,False,Braking,2.0,set,1450.00,2900.00,True,True
451,Brake Shoe,Brake Shoe,replacement,False,Braking,1.0,set,1400.00,1400.00,True,True
451,Wheel Cylinder,Wheel Cylinder,replacement,False,Braking,2.0,pc,1000.00,2000.00,True,True
452,Suspension Bushing,Suspension Bushing,original,True,Steering & Suspension,4.0,pc,1250.00,5000.00,True,True
452,Tie Rod End,Tie Rod End,replacement,False,Steering & Suspension,2.0,pc,1150.00,2300.00,True,True
452,Stabilizer Link,Stabilizer Link,replacement,False,Steering & Suspension,2.0,pc,1100.00,2200.00,True,True
452,Shock Absorber,Shock Absorber,replacement,False,Steering & Suspension,2.0,pc,2300.00,4600.00,True,True
453,Brake Cleaner,Brake Cleaner,standard,False,Fluids & Consumables,2.0,can,250.00,500.00,True,True
453,Brake Fluid,Brake Fluid,standard,False,Fluids & Consumables,1.0,bottle,350.00,350.00,True,True
453,Brake Shoe,Brake Shoe,replacement,False,Braking,1.0,set,1350.00,1350.00,True,True
453,Wheel Cylinder,Wheel Cylinder,replacement,False,Braking,1.0,pc,1150.00,1150.00,True,True
454,Brake Cleaner,Brake Cleaner,standard,False,Fluids & Consumables,2.0,can,300.00,600.00,True,True
454,Brake Fluid,Brake Fluid,standard,False,Fluids & Consumables,1.0,bottle,300.00,300.00,True,True
454,Brake Pads,Brake Pads,replacement,False,Braking,1.0,set,1250.00,1250.00,True,True
454,Brake Shoe,Brake Shoe,replacement,False,Braking,1.0,set,1100.00,1100.00,True,True
454,Wheel Cylinder,Wheel Cylinder,replacement,False,Braking,2.0,pc,950.00,1900.00,True,True
455,Suspension Bushing,Suspension Bushing,replacement,False,Steering & Suspension,4.0,pc,700.00,2800.00,True,True
455,Tie Rod End,Tie Rod End,replacement,False,Steering & Suspension,2.0,pc,1200.00,2400.00,True,True
455,Stabilizer Link,Stabilizer Link,replacement,False,Steering & Suspension,2.0,pc,1400.00,2800.00,True,True
455,Shock Absorber,Shock Absorber,original,True,Steering & Suspension,2.0,pc,5450.00,10900.00,True,True
455,Shock Mounting,Shock Mounting,replacement,False,Steering & Suspension,2.0,pc,1100.00,2200.00,True,True
456,Brake Cleaner,Brake Cleaner,standard,False,Fluids & Consumables,2.0,can,250.00,500.00,True,True
456,Brake Fluid,Brake Fluid,standard,False,Fluids & Consumables,1.0,bottle,250.00,250.00,True,True
456,Brake Pads,Brake Pads,replacement,False,Braking,1.0,set,1650.00,1650.00,True,True
456,Brake Shoe,Brake Shoe,original,True,Braking,1.0,set,2500.00,2500.00,True,True
456,Wheel Cylinder,Wheel Cylinder,original,True,Braking,2.0,pc,1600.00,3200.00,True,True
457,Suspension Bushing,Suspension Bushing,replacement,False,Steering & Suspension,3.0,pc,700.00,2100.00,True,True
457,Tie Rod End,Tie Rod End,replacement,False,Steering & Suspension,2.0,pc,1100.00,2200.00,True,True
457,Shock Absorber,Shock Absorber,replacement,False,Steering & Suspension,2.0,pc,2250.00,4500.00,True,True
457,Shock Mounting,Shock Mounting,original,True,Steering & Suspension,2.0,pc,2150.00,4300.00,True,True
458,Suspension Bushing,Suspension Bushing,replacement,False,Steering & Suspension,4.0,pc,700.00,2800.00,True,True
458,Stabilizer Link,Stabilizer Link,replacement,False,Steering & Suspension,2.0,pc,1250.00,2500.00,True,True
458,Shock Absorber,Shock Absorber,replacement,False,Steering & Suspension,2.0,pc,2450.00,4900.00,True,True
458,Shock Mounting,Shock Mounting,replacement,False,Steering & Suspension,2.0,pc,1100.00,2200.00,True,True
459,Engine Oil,Engine Oil,standard,False,Fluids & Consumables,5.0,liter,500.00,2500.00,True,True
459,Oil Filter,Oil Filter,original,True,Filters,1.0,pc,700.00,700.00,True,True
459,Cabin Filter,Cabin Filter,original,True,Filters,1.0,pc,1250.00,1250.00,True,True
459,Fuel Filter,Fuel Filter,original,True,Filters,1.0,pc,2100.00,2100.00,True,True
460,Clutch Disc,Clutch Disc,original,True,Transmission,1.0,pc,5550.00,5550.00,True,True
460,Release Bearing,Release Bearing,replacement,False,Transmission,1.0,pc,850.00,850.00,True,True
460,RTV Silicone Gasket Maker,RTV Silicone Gasket Maker,standard,False,Fluids & Consumables,1.0,tube,250.00,250.00,True,True
460,Brake Cleaner,Brake Cleaner,standard,False,Fluids & Consumables,1.0,can,250.00,250.00,True,True
461,Engine Oil,Engine Oil,standard,False,Fluids & Consumables,3.0,liter,450.00,1350.00,True,True
461,Oil Filter,Oil Filter,original,True,Filters,1.0,pc,700.00,700.00,True,True
461,Air Filter,Air Filter,original,True,Filters,1.0,pc,2000.00,2000.00,True,True
461,Cabin Filter,Cabin Filter,original,True,Filters,1.0,pc,1150.00,1150.00,True,True
461,Fuel Filter,Fuel Filter,original,True,Filters,1.0,pc,1750.00,1750.00,True,True
462,A/C Evaporator,A/C Evaporator,original,True,General,1.0,pc,7850.00,7850.00,True,True
462,Cabin Filter,Cabin Filter,replacement,False,Filters,1.0,pc,1000.00,1000.00,True,True
462,Freon (R134a),Freon (R134a),standard,False,Fluids & Consumables,1.0,can,500.00,500.00,True,True
462,Cabin Filter,Cabin Filter,replacement,False,Filters,1.0,pc,450.00,450.00,True,True
463,Stabilizer Link,Stabilizer Link,original,True,Steering & Suspension,2.0,pc,1800.00,3600.00,True,True
463,Shock Mounting,Shock Mounting,original,True,Steering & Suspension,2.0,pc,2100.00,4200.00,True,True
464,Brake Fluid,Brake Fluid,standard,False,Fluids & Consumables,1.0,bottle,300.00,300.00,True,True
464,Brake Shoe,Brake Shoe,original,True,Braking,1.0,set,2700.00,2700.00,True,True
464,Wheel Cylinder,Wheel Cylinder,replacement,False,Braking,2.0,pc,1000.00,2000.00,True,True
465,Brake Cleaner,Brake Cleaner,standard,False,Fluids & Consumables,1.0,can,250.00,250.00,True,True
465,Brake Fluid,Brake Fluid,standard,False,Fluids & Consumables,1.0,bottle,300.00,300.00,True,True
465,Brake Pads,Brake Pads,replacement,False,Braking,2.0,set,1650.00,3300.00,True,True
465,Brake Shoe,Brake Shoe,replacement,False,Braking,1.0,set,1250.00,1250.00,True,True
465,Wheel Cylinder,Wheel Cylinder,replacement,False,Braking,1.0,pc,1000.00,1000.00,True,True
466,Oil Filter,Oil Filter,original,True,Filters,1.0,pc,750.00,750.00,True,True
466,Air Filter,Air Filter,original,True,Filters,1.0,pc,2300.00,2300.00,True,True
466,Cabin Filter,Cabin Filter,original,True,Filters,1.0,pc,1400.00,1400.00,True,True
466,Fuel Filter,Fuel Filter,original,True,Filters,1.0,pc,1850.00,1850.00,True,True
467,Engine Oil,Engine Oil,standard,False,Fluids & Consumables,7.0,liter,400.00,2800.00,True,True
467,Oil Filter,Oil Filter,replacement,False,Filters,1.0,pc,400.00,400.00,True,True
467,Air Filter,Air Filter,replacement,False,Filters,1.0,pc,450.00,450.00,True,True
467,Fuel Filter,Fuel Filter,replacement,False,Filters,1.0,pc,600.00,600.00,True,True
468,Cabin Filter,Cabin Filter,replacement,False,Filters,1.0,pc,650.00,650.00,True,True
468,Freon (R134a),Freon (R134a),standard,False,Fluids & Consumables,1.0,can,450.00,450.00,True,True
468,Cabin Filter,Cabin Filter,replacement,False,Filters,1.0,pc,400.00,400.00,True,True
469,Clutch Disc,Clutch Disc,replacement,False,Transmission,1.0,pc,3000.00,3000.00,True,True
469,Pressure Plate,Pressure Plate,replacement,False,Transmission,1.0,pc,3700.00,3700.00,True,True
469,RTV Silicone Gasket Maker,RTV Silicone Gasket Maker,standard,False,Fluids & Consumables,1.0,tube,250.00,250.00,True,True
470,Engine Oil,Engine Oil,standard,False,Fluids & Consumables,4.0,liter,450.00,1800.00,True,True
470,Oil Filter,Oil Filter,replacement,False,Filters,1.0,pc,350.00,350.00,True,True
470,Air Filter,Air Filter,replacement,False,Filters,1.0,pc,550.00,550.00,True,True
470,Cabin Filter,Cabin Filter,replacement,False,Filters,1.0,pc,500.00,500.00,True,True
470,Fuel Filter,Fuel Filter,replacement,False,Filters,1.0,pc,650.00,650.00,True,True
471,Engine Oil,Engine Oil,standard,False,Fluids & Consumables,4.0,liter,450.00,1800.00,True,True
471,Air Filter,Air Filter,original,True,Filters,1.0,pc,2150.00,2150.00,True,True
471,Cabin Filter,Cabin Filter,original,True,Filters,1.0,pc,1350.00,1350.00,True,True
471,Fuel Filter,Fuel Filter,original,True,Filters,1.0,pc,1950.00,1950.00,True,True
472,Clutch Disc,Clutch Disc,replacement,False,Transmission,1.0,pc,2700.00,2700.00,True,True
472,Pressure Plate,Pressure Plate,replacement,False,Transmission,1.0,pc,3750.00,3750.00,True,True
472,Release Bearing,Release Bearing,replacement,False,Transmission,1.0,pc,1050.00,1050.00,True,True
472,RTV Silicone Gasket Maker,RTV Silicone Gasket Maker,standard,False,Fluids & Consumables,1.0,tube,250.00,250.00,True,True
473,A/C Evaporator,A/C Evaporator,replacement,False,General,1.0,pc,3900.00,3900.00,True,True
473,Cabin Filter,Cabin Filter,replacement,False,Filters,1.0,pc,1000.00,1000.00,True,True
473,Freon (R134a),Freon (R134a),standard,False,Fluids & Consumables,2.0,can,400.00,800.00,True,True
473,Cabin Filter,Cabin Filter,replacement,False,Filters,1.0,pc,550.00,550.00,True,True
474,Engine Oil,Engine Oil,standard,False,Fluids & Consumables,3.0,liter,500.00,1500.00,True,True
474,Oil Filter,Oil Filter,replacement,False,Filters,1.0,pc,350.00,350.00,True,True
474,Air Filter,Air Filter,replacement,False,Filters,1.0,pc,600.00,600.00,True,True
475,Brake Fluid,Brake Fluid,standard,False,Fluids & Consumables,1.0,bottle,300.00,300.00,True,True
475,Brake Pads,Brake Pads,replacement,False,Braking,1.0,set,1300.00,1300.00,True,True
475,Brake Shoe,Brake Shoe,replacement,False,Braking,1.0,set,1000.00,1000.00,True,True
475,Wheel Cylinder,Wheel Cylinder,replacement,False,Braking,1.0,pc,1000.00,1000.00,True,True
476,Brake Cleaner,Brake Cleaner,standard,False,Fluids & Consumables,1.0,can,250.00,250.00,True,True
476,Brake Pads,Brake Pads,replacement,False,Braking,1.0,set,1650.00,1650.00,True,True
476,Brake Shoe,Brake Shoe,replacement,False,Braking,1.0,set,1400.00,1400.00,True,True
476,Wheel Cylinder,Wheel Cylinder,original,True,Braking,2.0,pc,1700.00,3400.00,True,True
477,Engine Oil,Engine Oil,standard,False,Fluids & Consumables,5.0,liter,450.00,2250.00,True,True
477,Oil Filter,Oil Filter,original,True,Filters,1.0,pc,650.00,650.00,True,True
477,Air Filter,Air Filter,original,True,Filters,1.0,pc,2200.00,2200.00,True,True
477,Cabin Filter,Cabin Filter,original,True,Filters,1.0,pc,1300.00,1300.00,True,True
477,Fuel Filter,Fuel Filter,original,True,Filters,1.0,pc,1950.00,1950.00,True,True
478,Brake Cleaner,Brake Cleaner,standard,False,Fluids & Consumables,2.0,can,250.00,500.00,True,True
478,Brake Fluid,Brake Fluid,standard,False,Fluids & Consumables,1.0,bottle,300.00,300.00,True,True
478,Brake Pads,Brake Pads,replacement,False,Braking,2.0,set,1550.00,3100.00,True,True
478,Brake Shoe,Brake Shoe,replacement,False,Braking,1.0,set,1500.00,1500.00,True,True
478,Wheel Cylinder,Wheel Cylinder,replacement,False,Braking,2.0,pc,850.00,1700.00,True,True
479,Suspension Bushing,Suspension Bushing,original,True,Steering & Suspension,2.0,pc,1300.00,2600.00,True,True
479,Tie Rod End,Tie Rod End,original,True,Steering & Suspension,2.0,pc,2050.00,4100.00,True,True
479,Stabilizer Link,Stabilizer Link,original,True,Steering & Suspension,2.0,pc,2200.00,4400.00,True,True
479,Shock Absorber,Shock Absorber,original,True,Steering & Suspension,2.0,pc,4600.00,9200.00,True,True
480,Engine Oil,Engine Oil,standard,False,Fluids & Consumables,7.0,liter,450.00,3150.00,True,True
480,Oil Filter,Oil Filter,replacement,False,Filters,1.0,pc,350.00,350.00,True,True
480,Air Filter,Air Filter,replacement,False,Filters,1.0,pc,650.00,650.00,True,True
480,Cabin Filter,Cabin Filter,replacement,False,Filters,1.0,pc,450.00,450.00,True,True
480,Fuel Filter,Fuel Filter,replacement,False,Filters,1.0,pc,450.00,450.00,True,True
481,Engine Oil,Engine Oil,standard,False,Fluids & Consumables,6.0,liter,450.00,2700.00,True,True
481,Oil Filter,Oil Filter,replacement,False,Filters,1.0,pc,400.00,400.00,True,True
481,Air Filter,Air Filter,replacement,False,Filters,1.0,pc,700.00,700.00,True,True
481,Cabin Filter,Cabin Filter,replacement,False,Filters,1.0,pc,400.00,400.00,True,True
481,Fuel Filter,Fuel Filter,replacement,False,Filters,1.0,pc,650.00,650.00,True,True
482,Engine Oil,Engine Oil,standard,False,Fluids & Consumables,3.0,liter,450.00,1350.00,True,True
482,Oil Filter,Oil Filter,original,True,Filters,1.0,pc,700.00,700.00,True,True
482,Air Filter,Air Filter,replacement,False,Filters,1.0,pc,700.00,700.00,True,True
482,Cabin Filter,Cabin Filter,original,True,Filters,1.0,pc,1350.00,1350.00,True,True
482,Fuel Filter,Fuel Filter,original,True,Filters,1.0,pc,2150.00,2150.00,True,True
483,A/C Evaporator,A/C Evaporator,original,True,General,1.0,pc,9150.00,9150.00,True,True
483,Cabin Filter,Cabin Filter,original,True,Filters,1.0,pc,1550.00,1550.00,True,True
483,Freon (R134a),Freon (R134a),standard,False,Fluids & Consumables,1.0,can,450.00,450.00,True,True
483,Cabin Filter,Cabin Filter,original,True,Filters,1.0,pc,1000.00,1000.00,True,True
484,Engine Oil,Engine Oil,standard,False,Fluids & Consumables,7.0,liter,400.00,2800.00,True,True
484,Oil Filter,Oil Filter,replacement,False,Filters,1.0,pc,300.00,300.00,True,True
484,Air Filter,Air Filter,replacement,False,Filters,1.0,pc,700.00,700.00,True,True
484,Cabin Filter,Cabin Filter,replacement,False,Filters,1.0,pc,450.00,450.00,True,True
485,Suspension Bushing,Suspension Bushing,replacement,False,Steering & Suspension,4.0,pc,600.00,2400.00,True,True
485,Tie Rod End,Tie Rod End,replacement,False,Steering & Suspension,2.0,pc,1300.00,2600.00,True,True
485,Stabilizer Link,Stabilizer Link,replacement,False,Steering & Suspension,2.0,pc,1300.00,2600.00,True,True
485,Shock Absorber,Shock Absorber,replacement,False,Steering & Suspension,2.0,pc,2300.00,4600.00,True,True
485,Shock Mounting,Shock Mounting,replacement,False,Steering & Suspension,2.0,pc,1050.00,2100.00,True,True
486,Brake Cleaner,Brake Cleaner,standard,False,Fluids & Consumables,2.0,can,200.00,400.00,True,True
486,Brake Fluid,Brake Fluid,standard,False,Fluids & Consumables,1.0,bottle,250.00,250.00,True,True
486,Brake Shoe,Brake Shoe,replacement,False,Braking,1.0,set,1250.00,1250.00,True,True
486,Wheel Cylinder,Wheel Cylinder,replacement,False,Braking,2.0,pc,950.00,1900.00,True,True
487,Engine Oil,Engine Oil,standard,False,Fluids & Consumables,3.0,liter,450.00,1350.00,True,True
487,Oil Filter,Oil Filter,replacement,False,Filters,1.0,pc,300.00,300.00,True,True
487,Air Filter,Air Filter,replacement,False,Filters,1.0,pc,750.00,750.00,True,True
487,Cabin Filter,Cabin Filter,original,True,Filters,1.0,pc,1300.00,1300.00,True,True
487,Fuel Filter,Fuel Filter,replacement,False,Filters,1.0,pc,650.00,650.00,True,True
488,Oil Filter,Oil Filter,replacement,False,Filters,1.0,pc,350.00,350.00,True,True
488,Air Filter,Air Filter,replacement,False,Filters,1.0,pc,650.00,650.00,True,True
488,Fuel Filter,Fuel Filter,replacement,False,Filters,1.0,pc,600.00,600.00,True,True
489,Suspension Bushing,Suspension Bushing,replacement,False,Steering & Suspension,3.0,pc,650.00,1950.00,True,True
489,Stabilizer Link,Stabilizer Link,original,True,Steering & Suspension,2.0,pc,1900.00,3800.00,True,True
489,Shock Absorber,Shock Absorber,replacement,False,Steering & Suspension,2.0,pc,2250.00,4500.00,True,True
489,Shock Mounting,Shock Mounting,replacement,False,Steering & Suspension,2.0,pc,1050.00,2100.00,True,True
490,A/C Evaporator,A/C Evaporator,original,True,General,1.0,pc,8500.00,8500.00,True,True
490,Cabin Filter,Cabin Filter,original,True,Filters,1.0,pc,1350.00,1350.00,True,True
490,Freon (R134a),Freon (R134a),standard,False,Fluids & Consumables,2.0,can,400.00,800.00,True,True
490,Cabin Filter,Cabin Filter,original,True,Filters,1.0,pc,1350.00,1350.00,True,True
491,A/C Evaporator,A/C Evaporator,replacement,False,General,1.0,pc,4500.00,4500.00,True,True
491,Cabin Filter,Cabin Filter,replacement,False,Filters,1.0,pc,450.00,450.00,True,True
492,Engine Oil,Engine Oil,standard,False,Fluids & Consumables,4.0,liter,450.00,1800.00,True,True
492,Oil Filter,Oil Filter,replacement,False,Filters,1.0,pc,450.00,450.00,True,True
492,Air Filter,Air Filter,replacement,False,Filters,1.0,pc,700.00,700.00,True,True
492,Cabin Filter,Cabin Filter,replacement,False,Filters,1.0,pc,450.00,450.00,True,True
492,Fuel Filter,Fuel Filter,replacement,False,Filters,1.0,pc,650.00,650.00,True,True
493,Engine Oil,Engine Oil,standard,False,Fluids & Consumables,3.0,liter,450.00,1350.00,True,True
493,Oil Filter,Oil Filter,replacement,False,Filters,1.0,pc,250.00,250.00,True,True
493,Air Filter,Air Filter,replacement,False,Filters,1.0,pc,650.00,650.00,True,True
493,Cabin Filter,Cabin Filter,replacement,False,Filters,1.0,pc,450.00,450.00,True,True
493,Fuel Filter,Fuel Filter,replacement,False,Filters,1.0,pc,800.00,800.00,True,True
494,Engine Oil,Engine Oil,standard,False,Fluids & Consumables,6.0,liter,450.00,2700.00,True,True
494,Oil Filter,Oil Filter,original,True,Filters,1.0,pc,850.00,850.00,True,True
494,Air Filter,Air Filter,replacement,False,Filters,1.0,pc,700.00,700.00,True,True
494,Fuel Filter,Fuel Filter,replacement,False,Filters,1.0,pc,600.00,600.00,True,True
495,Brake Pads,Brake Pads,original,True,Braking,1.0,set,3750.00,3750.00,True,True
495,Wheel Cylinder,Wheel Cylinder,replacement,False,Braking,1.0,pc,850.00,850.00,True,True
496,Engine Oil,Engine Oil,standard,False,Fluids & Consumables,7.0,liter,500.00,3500.00,True,True
496,Oil Filter,Oil Filter,original,True,Filters,1.0,pc,800.00,800.00,True,True
496,Air Filter,Air Filter,original,True,Filters,1.0,pc,2550.00,2550.00,True,True
496,Cabin Filter,Cabin Filter,original,True,Filters,1.0,pc,1250.00,1250.00,True,True
497,Brake Cleaner,Brake Cleaner,standard,False,Fluids & Consumables,2.0,can,250.00,500.00,True,True
497,Brake Fluid,Brake Fluid,standard,False,Fluids & Consumables,1.0,bottle,300.00,300.00,True,True
497,Brake Pads,Brake Pads,replacement,False,Braking,2.0,set,1550.00,3100.00,True,True
497,Brake Shoe,Brake Shoe,replacement,False,Braking,1.0,set,1200.00,1200.00,True,True
497,Wheel Cylinder,Wheel Cylinder,replacement,False,Braking,2.0,pc,1050.00,2100.00,True,True
498,Engine Oil,Engine Oil,standard,False,Fluids & Consumables,4.0,liter,500.00,2000.00,True,True
498,Oil Filter,Oil Filter,replacement,False,Filters,1.0,pc,350.00,350.00,True,True
498,Air Filter,Air Filter,replacement,False,Filters,1.0,pc,700.00,700.00,True,True
498,Cabin Filter,Cabin Filter,replacement,False,Filters,1.0,pc,450.00,450.00,True,True
499,Engine Oil,Engine Oil,standard,False,Fluids & Consumables,3.0,liter,450.00,1350.00,True,True
499,Oil Filter,Oil Filter,original,True,Filters,1.0,pc,700.00,700.00,True,True
499,Cabin Filter,Cabin Filter,original,True,Filters,1.0,pc,1200.00,1200.00,True,True
499,Fuel Filter,Fuel Filter,original,True,Filters,1.0,pc,2150.00,2150.00,True,True
500,A/C Evaporator,A/C Evaporator,original,True,General,1.0,pc,7700.00,7700.00,True,True
501,Suspension Bushing,Suspension Bushing,replacement,False,Steering & Suspension,2.0,pc,600.00,1200.00,True,True
501,Tie Rod End,Tie Rod End,replacement,False,Steering & Suspension,2.0,pc,1200.00,2400.00,True,True
501,Stabilizer Link,Stabilizer Link,replacement,False,Steering & Suspension,2.0,pc,1250.00,2500.00,True,True
501,Shock Absorber,Shock Absorber,replacement,False,Steering & Suspension,2.0,pc,2650.00,5300.00,True,True
501,Shock Mounting,Shock Mounting,replacement,False,Steering & Suspension,2.0,pc,950.00,1900.00,True,True
502,A/C Evaporator,A/C Evaporator,replacement,False,General,1.0,pc,4250.00,4250.00,True,True
502,Cabin Filter,Cabin Filter,replacement,False,Filters,1.0,pc,850.00,850.00,True,True
502,Freon (R134a),Freon (R134a),standard,False,Fluids & Consumables,1.0,can,400.00,400.00,True,True
502,Cabin Filter,Cabin Filter,replacement,False,Filters,1.0,pc,550.00,550.00,True,True
503,Engine Oil,Engine Oil,standard,False,Fluids & Consumables,7.0,liter,500.00,3500.00,True,True
503,Oil Filter,Oil Filter,replacement,False,Filters,1.0,pc,350.00,350.00,True,True
503,Air Filter,Air Filter,replacement,False,Filters,1.0,pc,750.00,750.00,True,True
503,Cabin Filter,Cabin Filter,original,True,Filters,1.0,pc,1200.00,1200.00,True,True
503,Fuel Filter,Fuel Filter,replacement,False,Filters,1.0,pc,600.00,600.00,True,True
504,Overhauling Gasket Set,Overhauling Gasket Set,replacement,False,Engine,1.0,set,4650.00,4650.00,True,True
504,Valve Cover Gasket,Valve Cover Gasket,replacement,False,Engine,1.0,pc,550.00,550.00,True,True
504,Crankshaft Oil Seal,Crankshaft Oil Seal,replacement,False,Engine,1.0,pc,1350.00,1350.00,True,True
504,Spark Plug,Spark Plug,original,True,Ignition & Electrical,4.0,pc,550.00,2200.00,True,True
504,Engine Coolant,Engine Coolant,standard,False,Fluids & Consumables,2.0,liter,400.00,800.00,True,True
504,Engine Oil,Engine Oil,standard,False,Fluids & Consumables,7.0,liter,450.00,3150.00,True,True
504,Oil Filter,Oil Filter,replacement,False,Filters,1.0,pc,300.00,300.00,True,True
504,RTV Silicone Gasket Maker,RTV Silicone Gasket Maker,standard,False,Fluids & Consumables,2.0,tube,250.00,500.00,True,True
505,Brake Cleaner,Brake Cleaner,standard,False,Fluids & Consumables,2.0,can,300.00,600.00,True,True
505,Brake Fluid,Brake Fluid,standard,False,Fluids & Consumables,1.0,bottle,350.00,350.00,True,True
505,Brake Pads,Brake Pads,original,True,Braking,2.0,set,3250.00,6500.00,True,True
506,Suspension Bushing,Suspension Bushing,original,True,Steering & Suspension,2.0,pc,1000.00,2000.00,True,True
506,Stabilizer Link,Stabilizer Link,replacement,False,Steering & Suspension,2.0,pc,1150.00,2300.00,True,True
506,Shock Absorber,Shock Absorber,replacement,False,Steering & Suspension,2.0,pc,2100.00,4200.00,True,True
506,Shock Mounting,Shock Mounting,replacement,False,Steering & Suspension,2.0,pc,1250.00,2500.00,True,True
507,Brake Cleaner,Brake Cleaner,standard,False,Fluids & Consumables,1.0,can,250.00,250.00,True,True
507,Brake Fluid,Brake Fluid,standard,False,Fluids & Consumables,1.0,bottle,350.00,350.00,True,True
507,Brake Pads,Brake Pads,replacement,False,Braking,1.0,set,1600.00,1600.00,True,True
507,Brake Shoe,Brake Shoe,replacement,False,Braking,1.0,set,1350.00,1350.00,True,True
507,Wheel Cylinder,Wheel Cylinder,replacement,False,Braking,1.0,pc,750.00,750.00,True,True
508,Clutch Disc,Clutch Disc,replacement,False,Transmission,1.0,pc,2550.00,2550.00,True,True
508,Pressure Plate,Pressure Plate,replacement,False,Transmission,1.0,pc,3800.00,3800.00,True,True
508,Release Bearing,Release Bearing,replacement,False,Transmission,1.0,pc,800.00,800.00,True,True
508,RTV Silicone Gasket Maker,RTV Silicone Gasket Maker,standard,False,Fluids & Consumables,1.0,tube,250.00,250.00,True,True
508,Brake Cleaner,Brake Cleaner,standard,False,Fluids & Consumables,1.0,can,250.00,250.00,True,True
509,Valve Cover Gasket,Valve Cover Gasket,replacement,False,Engine,1.0,pc,550.00,550.00,True,True
509,Crankshaft Oil Seal,Crankshaft Oil Seal,replacement,False,Engine,1.0,pc,1400.00,1400.00,True,True
509,RTV Silicone Gasket Maker,RTV Silicone Gasket Maker,standard,False,Fluids & Consumables,1.0,tube,300.00,300.00,True,True
509,Drive / Fan Belt,Drive / Fan Belt,replacement,False,General,1.0,pc,1500.00,1500.00,True,True
509,Engine Oil,Engine Oil,standard,False,Fluids & Consumables,6.0,liter,400.00,2400.00,True,True
509,Oil Filter,Oil Filter,replacement,False,Filters,1.0,pc,400.00,400.00,True,True
510,Valve Cover Gasket,Valve Cover Gasket,replacement,False,Engine,1.0,pc,550.00,550.00,True,True
510,Crankshaft Oil Seal,Crankshaft Oil Seal,replacement,False,Engine,1.0,pc,1600.00,1600.00,True,True
510,RTV Silicone Gasket Maker,RTV Silicone Gasket Maker,standard,False,Fluids & Consumables,1.0,tube,250.00,250.00,True,True
510,Drive / Fan Belt,Drive / Fan Belt,replacement,False,General,1.0,pc,1650.00,1650.00,True,True
510,Engine Oil,Engine Oil,standard,False,Fluids & Consumables,4.0,liter,550.00,2200.00,True,True
510,Oil Filter,Oil Filter,replacement,False,Filters,1.0,pc,350.00,350.00,True,True
511,Engine Oil,Engine Oil,standard,False,Fluids & Consumables,7.0,liter,450.00,3150.00,True,True
511,Oil Filter,Oil Filter,replacement,False,Filters,1.0,pc,400.00,400.00,True,True
511,Air Filter,Air Filter,replacement,False,Filters,1.0,pc,650.00,650.00,True,True
511,Cabin Filter,Cabin Filter,replacement,False,Filters,1.0,pc,500.00,500.00,True,True
511,Fuel Filter,Fuel Filter,replacement,False,Filters,1.0,pc,650.00,650.00,True,True
512,Release Bearing,Release Bearing,replacement,False,Transmission,1.0,pc,1000.00,1000.00,True,True
512,RTV Silicone Gasket Maker,RTV Silicone Gasket Maker,standard,False,Fluids & Consumables,1.0,tube,250.00,250.00,True,True
512,Brake Cleaner,Brake Cleaner,standard,False,Fluids & Consumables,1.0,can,200.00,200.00,True,True
513,Brake Cleaner,Brake Cleaner,standard,False,Fluids & Consumables,1.0,can,250.00,250.00,True,True
513,Brake Fluid,Brake Fluid,standard,False,Fluids & Consumables,1.0,bottle,300.00,300.00,True,True
513,Brake Pads,Brake Pads,original,True,Braking,2.0,set,4150.00,8300.00,True,True
513,Brake Shoe,Brake Shoe,replacement,False,Braking,1.0,set,1300.00,1300.00,True,True
513,Wheel Cylinder,Wheel Cylinder,replacement,False,Braking,2.0,pc,1150.00,2300.00,True,True
514,A/C Evaporator,A/C Evaporator,original,True,General,1.0,pc,7300.00,7300.00,True,True
514,Cabin Filter,Cabin Filter,original,True,Filters,1.0,pc,1600.00,1600.00,True,True
514,Freon (R134a),Freon (R134a),standard,False,Fluids & Consumables,2.0,can,450.00,900.00,True,True
514,Cabin Filter,Cabin Filter,original,True,Filters,1.0,pc,1000.00,1000.00,True,True
515,Suspension Bushing,Suspension Bushing,replacement,False,Steering & Suspension,4.0,pc,650.00,2600.00,True,True
515,Tie Rod End,Tie Rod End,replacement,False,Steering & Suspension,2.0,pc,1150.00,2300.00,True,True
515,Stabilizer Link,Stabilizer Link,replacement,False,Steering & Suspension,2.0,pc,950.00,1900.00,True,True
515,Shock Absorber,Shock Absorber,replacement,False,Steering & Suspension,2.0,pc,2150.00,4300.00,True,True
515,Shock Mounting,Shock Mounting,replacement,False,Steering & Suspension,2.0,pc,900.00,1800.00,True,True
516,Suspension Bushing,Suspension Bushing,replacement,False,Steering & Suspension,3.0,pc,650.00,1950.00,True,True
516,Stabilizer Link,Stabilizer Link,replacement,False,Steering & Suspension,2.0,pc,1100.00,2200.00,True,True
516,Shock Absorber,Shock Absorber,replacement,False,Steering & Suspension,2.0,pc,2550.00,5100.00,True,True
516,Shock Mounting,Shock Mounting,replacement,False,Steering & Suspension,2.0,pc,1000.00,2000.00,True,True
517,Engine Oil,Engine Oil,standard,False,Fluids & Consumables,6.0,liter,500.00,3000.00,True,True
517,Oil Filter,Oil Filter,replacement,False,Filters,1.0,pc,300.00,300.00,True,True
517,Air Filter,Air Filter,replacement,False,Filters,1.0,pc,600.00,600.00,True,True
517,Cabin Filter,Cabin Filter,replacement,False,Filters,1.0,pc,450.00,450.00,True,True
517,Fuel Filter,Fuel Filter,replacement,False,Filters,1.0,pc,650.00,650.00,True,True
518,Valve Cover Gasket,Valve Cover Gasket,replacement,False,Engine,1.0,pc,650.00,650.00,True,True
518,RTV Silicone Gasket Maker,RTV Silicone Gasket Maker,standard,False,Fluids & Consumables,1.0,tube,250.00,250.00,True,True
518,Drive / Fan Belt,Drive / Fan Belt,replacement,False,General,1.0,pc,1900.00,1900.00,True,True
518,Engine Oil,Engine Oil,standard,False,Fluids & Consumables,4.0,liter,450.00,1800.00,True,True
518,Oil Filter,Oil Filter,replacement,False,Filters,1.0,pc,250.00,250.00,True,True
519,Brake Cleaner,Brake Cleaner,standard,False,Fluids & Consumables,1.0,can,300.00,300.00,True,True
519,Brake Fluid,Brake Fluid,standard,False,Fluids & Consumables,1.0,bottle,250.00,250.00,True,True
519,Brake Pads,Brake Pads,original,True,Braking,2.0,set,3800.00,7600.00,True,True
519,Brake Shoe,Brake Shoe,replacement,False,Braking,1.0,set,1150.00,1150.00,True,True
519,Wheel Cylinder,Wheel Cylinder,original,True,Braking,1.0,pc,1950.00,1950.00,True,True
520,A/C Evaporator,A/C Evaporator,replacement,False,General,1.0,pc,4850.00,4850.00,True,True
520,Cabin Filter,Cabin Filter,replacement,False,Filters,1.0,pc,750.00,750.00,True,True
520,Freon (R134a),Freon (R134a),standard,False,Fluids & Consumables,2.0,can,400.00,800.00,True,True
520,Cabin Filter,Cabin Filter,replacement,False,Filters,1.0,pc,400.00,400.00,True,True
521,Crankshaft Oil Seal,Crankshaft Oil Seal,replacement,False,Engine,1.0,pc,1450.00,1450.00,True,True
521,RTV Silicone Gasket Maker,RTV Silicone Gasket Maker,standard,False,Fluids & Consumables,1.0,tube,250.00,250.00,True,True
521,Drive / Fan Belt,Drive / Fan Belt,replacement,False,General,1.0,pc,1800.00,1800.00,True,True
521,Oil Filter,Oil Filter,replacement,False,Filters,1.0,pc,350.00,350.00,True,True
522,A/C Evaporator,A/C Evaporator,original,True,General,1.0,pc,7450.00,7450.00,True,True
522,Cabin Filter,Cabin Filter,original,True,Filters,1.0,pc,1400.00,1400.00,True,True
522,Freon (R134a),Freon (R134a),standard,False,Fluids & Consumables,2.0,can,500.00,1000.00,True,True
522,Cabin Filter,Cabin Filter,original,True,Filters,1.0,pc,1550.00,1550.00,True,True
523,Clutch Disc,Clutch Disc,replacement,False,Transmission,1.0,pc,2950.00,2950.00,True,True
523,Pressure Plate,Pressure Plate,replacement,False,Transmission,1.0,pc,3650.00,3650.00,True,True
523,Release Bearing,Release Bearing,replacement,False,Transmission,1.0,pc,900.00,900.00,True,True
523,RTV Silicone Gasket Maker,RTV Silicone Gasket Maker,standard,False,Fluids & Consumables,1.0,tube,250.00,250.00,True,True
523,Brake Cleaner,Brake Cleaner,standard,False,Fluids & Consumables,1.0,can,250.00,250.00,True,True
524,A/C Evaporator,A/C Evaporator,replacement,False,General,1.0,pc,4400.00,4400.00,True,True
524,Cabin Filter,Cabin Filter,replacement,False,Filters,1.0,pc,950.00,950.00,True,True
524,Cabin Filter,Cabin Filter,replacement,False,Filters,1.0,pc,500.00,500.00,True,True
525,Engine Oil,Engine Oil,standard,False,Fluids & Consumables,6.0,liter,450.00,2700.00,True,True
525,Oil Filter,Oil Filter,replacement,False,Filters,1.0,pc,400.00,400.00,True,True
525,Air Filter,Air Filter,replacement,False,Filters,1.0,pc,650.00,650.00,True,True
525,Cabin Filter,Cabin Filter,replacement,False,Filters,1.0,pc,500.00,500.00,True,True
525,Fuel Filter,Fuel Filter,replacement,False,Filters,1.0,pc,550.00,550.00,True,True
526,Suspension Bushing,Suspension Bushing,replacement,False,Steering & Suspension,3.0,pc,600.00,1800.00,True,True
526,Tie Rod End,Tie Rod End,replacement,False,Steering & Suspension,2.0,pc,1300.00,2600.00,True,True
526,Shock Absorber,Shock Absorber,replacement,False,Steering & Suspension,2.0,pc,2350.00,4700.00,True,True
526,Shock Mounting,Shock Mounting,replacement,False,Steering & Suspension,2.0,pc,950.00,1900.00,True,True
527,Suspension Bushing,Suspension Bushing,original,True,Steering & Suspension,4.0,pc,1350.00,5400.00,True,True
527,Tie Rod End,Tie Rod End,original,True,Steering & Suspension,2.0,pc,2050.00,4100.00,True,True
527,Stabilizer Link,Stabilizer Link,original,True,Steering & Suspension,2.0,pc,2150.00,4300.00,True,True
527,Shock Mounting,Shock Mounting,original,True,Steering & Suspension,2.0,pc,1850.00,3700.00,True,True
528,Clutch Disc,Clutch Disc,replacement,False,Transmission,1.0,pc,2550.00,2550.00,True,True
528,Pressure Plate,Pressure Plate,replacement,False,Transmission,1.0,pc,3350.00,3350.00,True,True
528,Release Bearing,Release Bearing,replacement,False,Transmission,1.0,pc,850.00,850.00,True,True
528,RTV Silicone Gasket Maker,RTV Silicone Gasket Maker,standard,False,Fluids & Consumables,1.0,tube,250.00,250.00,True,True
528,Brake Cleaner,Brake Cleaner,standard,False,Fluids & Consumables,1.0,can,250.00,250.00,True,True
529,Engine Oil,Engine Oil,standard,False,Fluids & Consumables,6.0,liter,450.00,2700.00,True,True
529,Oil Filter,Oil Filter,original,True,Filters,1.0,pc,700.00,700.00,True,True
529,Air Filter,Air Filter,replacement,False,Filters,1.0,pc,650.00,650.00,True,True
529,Cabin Filter,Cabin Filter,original,True,Filters,1.0,pc,1250.00,1250.00,True,True
529,Fuel Filter,Fuel Filter,original,True,Filters,1.0,pc,2050.00,2050.00,True,True
530,Engine Oil,Engine Oil,standard,False,Fluids & Consumables,3.0,liter,400.00,1200.00,True,True
530,Oil Filter,Oil Filter,original,True,Filters,1.0,pc,850.00,850.00,True,True
530,Air Filter,Air Filter,replacement,False,Filters,1.0,pc,550.00,550.00,True,True
530,Cabin Filter,Cabin Filter,original,True,Filters,1.0,pc,1200.00,1200.00,True,True
530,Fuel Filter,Fuel Filter,original,True,Filters,1.0,pc,2150.00,2150.00,True,True
531,Crankshaft Oil Seal,Crankshaft Oil Seal,original,True,Engine,1.0,pc,2750.00,2750.00,True,True
531,RTV Silicone Gasket Maker,RTV Silicone Gasket Maker,standard,False,Fluids & Consumables,1.0,tube,200.00,200.00,True,True
531,Drive / Fan Belt,Drive / Fan Belt,original,True,General,1.0,pc,2600.00,2600.00,True,True
531,Engine Oil,Engine Oil,standard,False,Fluids & Consumables,3.0,liter,450.00,1350.00,True,True
531,Oil Filter,Oil Filter,original,True,Filters,1.0,pc,650.00,650.00,True,True
532,Suspension Bushing,Suspension Bushing,replacement,False,Steering & Suspension,4.0,pc,550.00,2200.00,True,True
532,Tie Rod End,Tie Rod End,replacement,False,Steering & Suspension,2.0,pc,1100.00,2200.00,True,True
532,Stabilizer Link,Stabilizer Link,replacement,False,Steering & Suspension,2.0,pc,1350.00,2700.00,True,True
532,Shock Absorber,Shock Absorber,original,True,Steering & Suspension,2.0,pc,5450.00,10900.00,True,True
532,Shock Mounting,Shock Mounting,replacement,False,Steering & Suspension,2.0,pc,950.00,1900.00,True,True
533,Clutch Disc,Clutch Disc,original,True,Transmission,1.0,pc,5900.00,5900.00,True,True
533,Pressure Plate,Pressure Plate,original,True,Transmission,1.0,pc,5000.00,5000.00,True,True
533,Release Bearing,Release Bearing,original,True,Transmission,1.0,pc,1900.00,1900.00,True,True
533,RTV Silicone Gasket Maker,RTV Silicone Gasket Maker,standard,False,Fluids & Consumables,1.0,tube,250.00,250.00,True,True
533,Brake Cleaner,Brake Cleaner,standard,False,Fluids & Consumables,1.0,can,250.00,250.00,True,True
534,Engine Oil,Engine Oil,standard,False,Fluids & Consumables,4.0,liter,500.00,2000.00,True,True
534,Oil Filter,Oil Filter,replacement,False,Filters,1.0,pc,300.00,300.00,True,True
534,Cabin Filter,Cabin Filter,replacement,False,Filters,1.0,pc,400.00,400.00,True,True
534,Fuel Filter,Fuel Filter,replacement,False,Filters,1.0,pc,750.00,750.00,True,True
535,Oil Filter,Oil Filter,original,True,Filters,1.0,pc,700.00,700.00,True,True
535,Fuel Filter,Fuel Filter,original,True,Filters,1.0,pc,2000.00,2000.00,True,True
536,Suspension Bushing,Suspension Bushing,original,True,Steering & Suspension,4.0,pc,1350.00,5400.00,True,True
536,Tie Rod End,Tie Rod End,original,True,Steering & Suspension,2.0,pc,2250.00,4500.00,True,True
536,Stabilizer Link,Stabilizer Link,replacement,False,Steering & Suspension,2.0,pc,1200.00,2400.00,True,True
536,Shock Absorber,Shock Absorber,replacement,False,Steering & Suspension,2.0,pc,2000.00,4000.00,True,True
537,Overhauling Gasket Set,Overhauling Gasket Set,original,True,Engine,1.0,set,7350.00,7350.00,True,True
537,Crankshaft Oil Seal,Crankshaft Oil Seal,replacement,False,Engine,1.0,pc,1550.00,1550.00,True,True
537,Spark Plug,Spark Plug,replacement,False,Ignition & Electrical,4.0,pc,450.00,1800.00,True,True
537,Engine Coolant,Engine Coolant,standard,False,Fluids & Consumables,3.0,liter,300.00,900.00,True,True
537,Oil Filter,Oil Filter,replacement,False,Filters,1.0,pc,350.00,350.00,True,True
537,RTV Silicone Gasket Maker,RTV Silicone Gasket Maker,standard,False,Fluids & Consumables,2.0,tube,250.00,500.00,True,True
538,Clutch Disc,Clutch Disc,replacement,False,Transmission,1.0,pc,2550.00,2550.00,True,True
538,Pressure Plate,Pressure Plate,replacement,False,Transmission,1.0,pc,3800.00,3800.00,True,True
538,Release Bearing,Release Bearing,replacement,False,Transmission,1.0,pc,1000.00,1000.00,True,True
538,RTV Silicone Gasket Maker,RTV Silicone Gasket Maker,standard,False,Fluids & Consumables,1.0,tube,250.00,250.00,True,True
538,Brake Cleaner,Brake Cleaner,standard,False,Fluids & Consumables,1.0,can,250.00,250.00,True,True
539,Suspension Bushing,Suspension Bushing,original,True,Steering & Suspension,4.0,pc,1200.00,4800.00,True,True
539,Stabilizer Link,Stabilizer Link,original,True,Steering & Suspension,2.0,pc,1900.00,3800.00,True,True
539,Shock Absorber,Shock Absorber,original,True,Steering & Suspension,2.0,pc,4350.00,8700.00,True,True
539,Shock Mounting,Shock Mounting,original,True,Steering & Suspension,2.0,pc,2300.00,4600.00,True,True
540,Brake Cleaner,Brake Cleaner,standard,False,Fluids & Consumables,2.0,can,250.00,500.00,True,True
540,Brake Fluid,Brake Fluid,standard,False,Fluids & Consumables,1.0,bottle,300.00,300.00,True,True
540,Brake Pads,Brake Pads,original,True,Braking,2.0,set,3050.00,6100.00,True,True
540,Brake Shoe,Brake Shoe,replacement,False,Braking,1.0,set,1300.00,1300.00,True,True
540,Wheel Cylinder,Wheel Cylinder,replacement,False,Braking,1.0,pc,1100.00,1100.00,True,True
541,Engine Oil,Engine Oil,standard,False,Fluids & Consumables,5.0,liter,400.00,2000.00,True,True
541,Oil Filter,Oil Filter,replacement,False,Filters,1.0,pc,350.00,350.00,True,True
541,Air Filter,Air Filter,replacement,False,Filters,1.0,pc,550.00,550.00,True,True
541,Cabin Filter,Cabin Filter,replacement,False,Filters,1.0,pc,500.00,500.00,True,True
541,Fuel Filter,Fuel Filter,replacement,False,Filters,1.0,pc,500.00,500.00,True,True
542,Engine Oil,Engine Oil,standard,False,Fluids & Consumables,4.0,liter,450.00,1800.00,True,True
542,Oil Filter,Oil Filter,replacement,False,Filters,1.0,pc,400.00,400.00,True,True
542,Air Filter,Air Filter,replacement,False,Filters,1.0,pc,750.00,750.00,True,True
542,Cabin Filter,Cabin Filter,replacement,False,Filters,1.0,pc,400.00,400.00,True,True
542,Fuel Filter,Fuel Filter,replacement,False,Filters,1.0,pc,650.00,650.00,True,True
543,Valve Cover Gasket,Valve Cover Gasket,original,True,Engine,1.0,pc,1350.00,1350.00,True,True
543,Crankshaft Oil Seal,Crankshaft Oil Seal,original,True,Engine,1.0,pc,2350.00,2350.00,True,True
543,RTV Silicone Gasket Maker,RTV Silicone Gasket Maker,standard,False,Fluids & Consumables,1.0,tube,200.00,200.00,True,True
543,Drive / Fan Belt,Drive / Fan Belt,original,True,General,1.0,pc,2750.00,2750.00,True,True
543,Engine Oil,Engine Oil,standard,False,Fluids & Consumables,3.0,liter,400.00,1200.00,True,True
543,Oil Filter,Oil Filter,original,True,Filters,1.0,pc,750.00,750.00,True,True
544,Brake Cleaner,Brake Cleaner,standard,False,Fluids & Consumables,1.0,can,300.00,300.00,True,True
544,Brake Fluid,Brake Fluid,standard,False,Fluids & Consumables,1.0,bottle,300.00,300.00,True,True
544,Brake Pads,Brake Pads,replacement,False,Braking,1.0,set,1450.00,1450.00,True,True
544,Brake Shoe,Brake Shoe,replacement,False,Braking,1.0,set,1450.00,1450.00,True,True
544,Wheel Cylinder,Wheel Cylinder,original,True,Braking,2.0,pc,1700.00,3400.00,True,True
545,Suspension Bushing,Suspension Bushing,replacement,False,Steering & Suspension,4.0,pc,650.00,2600.00,True,True
545,Tie Rod End,Tie Rod End,replacement,False,Steering & Suspension,2.0,pc,1150.00,2300.00,True,True
545,Stabilizer Link,Stabilizer Link,replacement,False,Steering & Suspension,2.0,pc,1250.00,2500.00,True,True
545,Shock Absorber,Shock Absorber,replacement,False,Steering & Suspension,2.0,pc,2450.00,4900.00,True,True
545,Shock Mounting,Shock Mounting,replacement,False,Steering & Suspension,2.0,pc,1150.00,2300.00,True,True
546,Suspension Bushing,Suspension Bushing,replacement,False,Steering & Suspension,3.0,pc,500.00,1500.00,True,True
546,Tie Rod End,Tie Rod End,original,True,Steering & Suspension,2.0,pc,2200.00,4400.00,True,True
546,Shock Absorber,Shock Absorber,replacement,False,Steering & Suspension,2.0,pc,2250.00,4500.00,True,True
547,Brake Cleaner,Brake Cleaner,standard,False,Fluids & Consumables,2.0,can,250.00,500.00,True,True
547,Brake Pads,Brake Pads,replacement,False,Braking,2.0,set,1550.00,3100.00,True,True
547,Brake Shoe,Brake Shoe,replacement,False,Braking,1.0,set,1200.00,1200.00,True,True
547,Wheel Cylinder,Wheel Cylinder,replacement,False,Braking,1.0,pc,900.00,900.00,True,True
548,Engine Oil,Engine Oil,standard,False,Fluids & Consumables,3.0,liter,500.00,1500.00,True,True
548,Oil Filter,Oil Filter,original,True,Filters,1.0,pc,650.00,650.00,True,True
548,Air Filter,Air Filter,original,True,Filters,1.0,pc,2500.00,2500.00,True,True
548,Cabin Filter,Cabin Filter,original,True,Filters,1.0,pc,1300.00,1300.00,True,True
548,Fuel Filter,Fuel Filter,original,True,Filters,1.0,pc,1750.00,1750.00,True,True
549,Brake Fluid,Brake Fluid,standard,False,Fluids & Consumables,1.0,bottle,350.00,350.00,True,True
549,Brake Pads,Brake Pads,original,True,Braking,2.0,set,3150.00,6300.00,True,True
549,Brake Shoe,Brake Shoe,original,True,Braking,1.0,set,3200.00,3200.00,True,True
549,Wheel Cylinder,Wheel Cylinder,original,True,Braking,1.0,pc,1600.00,1600.00,True,True
550,Suspension Bushing,Suspension Bushing,replacement,False,Steering & Suspension,4.0,pc,500.00,2000.00,True,True
550,Tie Rod End,Tie Rod End,replacement,False,Steering & Suspension,2.0,pc,1050.00,2100.00,True,True
550,Shock Absorber,Shock Absorber,replacement,False,Steering & Suspension,2.0,pc,2300.00,4600.00,True,True
550,Shock Mounting,Shock Mounting,replacement,False,Steering & Suspension,2.0,pc,900.00,1800.00,True,True
551,Suspension Bushing,Suspension Bushing,replacement,False,Steering & Suspension,3.0,pc,600.00,1800.00,True,True
551,Tie Rod End,Tie Rod End,replacement,False,Steering & Suspension,2.0,pc,1000.00,2000.00,True,True
551,Stabilizer Link,Stabilizer Link,replacement,False,Steering & Suspension,2.0,pc,1200.00,2400.00,True,True
551,Shock Absorber,Shock Absorber,replacement,False,Steering & Suspension,2.0,pc,2100.00,4200.00,True,True
551,Shock Mounting,Shock Mounting,replacement,False,Steering & Suspension,2.0,pc,1000.00,2000.00,True,True
552,Clutch Disc,Clutch Disc,replacement,False,Transmission,1.0,pc,3050.00,3050.00,True,True
552,Pressure Plate,Pressure Plate,replacement,False,Transmission,1.0,pc,3850.00,3850.00,True,True
552,RTV Silicone Gasket Maker,RTV Silicone Gasket Maker,standard,False,Fluids & Consumables,1.0,tube,250.00,250.00,True,True
552,Brake Cleaner,Brake Cleaner,standard,False,Fluids & Consumables,1.0,can,250.00,250.00,True,True
553,Engine Oil,Engine Oil,standard,False,Fluids & Consumables,5.0,liter,500.00,2500.00,True,True
553,Oil Filter,Oil Filter,replacement,False,Filters,1.0,pc,300.00,300.00,True,True
553,Air Filter,Air Filter,replacement,False,Filters,1.0,pc,800.00,800.00,True,True
554,Clutch Disc,Clutch Disc,replacement,False,Transmission,1.0,pc,2750.00,2750.00,True,True
554,Pressure Plate,Pressure Plate,replacement,False,Transmission,1.0,pc,3700.00,3700.00,True,True
554,Release Bearing,Release Bearing,replacement,False,Transmission,1.0,pc,1100.00,1100.00,True,True
554,RTV Silicone Gasket Maker,RTV Silicone Gasket Maker,standard,False,Fluids & Consumables,1.0,tube,250.00,250.00,True,True
555,Suspension Bushing,Suspension Bushing,replacement,False,Steering & Suspension,3.0,pc,650.00,1950.00,True,True
555,Tie Rod End,Tie Rod End,replacement,False,Steering & Suspension,2.0,pc,1250.00,2500.00,True,True
555,Stabilizer Link,Stabilizer Link,replacement,False,Steering & Suspension,2.0,pc,1250.00,2500.00,True,True
555,Shock Absorber,Shock Absorber,replacement,False,Steering & Suspension,2.0,pc,1800.00,3600.00,True,True
555,Shock Mounting,Shock Mounting,replacement,False,Steering & Suspension,2.0,pc,1200.00,2400.00,True,True
556,Engine Oil,Engine Oil,standard,False,Fluids & Consumables,4.0,liter,450.00,1800.00,True,True
556,Oil Filter,Oil Filter,original,True,Filters,1.0,pc,650.00,650.00,True,True
556,Air Filter,Air Filter,original,True,Filters,1.0,pc,2150.00,2150.00,True,True
556,Cabin Filter,Cabin Filter,original,True,Filters,1.0,pc,950.00,950.00,True,True
556,Fuel Filter,Fuel Filter,replacement,False,Filters,1.0,pc,550.00,550.00,True,True
557,Engine Oil,Engine Oil,standard,False,Fluids & Consumables,6.0,liter,500.00,3000.00,True,True
557,Oil Filter,Oil Filter,original,True,Filters,1.0,pc,650.00,650.00,True,True
557,Cabin Filter,Cabin Filter,original,True,Filters,1.0,pc,1200.00,1200.00,True,True
557,Fuel Filter,Fuel Filter,original,True,Filters,1.0,pc,2350.00,2350.00,True,True
558,Engine Oil,Engine Oil,standard,False,Fluids & Consumables,6.0,liter,400.00,2400.00,True,True
558,Oil Filter,Oil Filter,replacement,False,Filters,1.0,pc,300.00,300.00,True,True
558,Air Filter,Air Filter,original,True,Filters,1.0,pc,2100.00,2100.00,True,True
558,Cabin Filter,Cabin Filter,original,True,Filters,1.0,pc,1450.00,1450.00,True,True
558,Fuel Filter,Fuel Filter,replacement,False,Filters,1.0,pc,750.00,750.00,True,True
559,Brake Cleaner,Brake Cleaner,standard,False,Fluids & Consumables,2.0,can,300.00,600.00,True,True
559,Brake Pads,Brake Pads,original,True,Braking,2.0,set,3250.00,6500.00,True,True
559,Brake Shoe,Brake Shoe,original,True,Braking,1.0,set,2400.00,2400.00,True,True
560,A/C Evaporator,A/C Evaporator,replacement,False,General,1.0,pc,4000.00,4000.00,True,True
560,Freon (R134a),Freon (R134a),standard,False,Fluids & Consumables,2.0,can,400.00,800.00,True,True
560,Cabin Filter,Cabin Filter,replacement,False,Filters,1.0,pc,450.00,450.00,True,True
561,Brake Cleaner,Brake Cleaner,standard,False,Fluids & Consumables,1.0,can,200.00,200.00,True,True
561,Brake Fluid,Brake Fluid,standard,False,Fluids & Consumables,1.0,bottle,300.00,300.00,True,True
561,Brake Pads,Brake Pads,original,True,Braking,2.0,set,3450.00,6900.00,True,True
561,Brake Shoe,Brake Shoe,original,True,Braking,1.0,set,2750.00,2750.00,True,True
561,Wheel Cylinder,Wheel Cylinder,original,True,Braking,1.0,pc,1650.00,1650.00,True,True
562,Brake Cleaner,Brake Cleaner,standard,False,Fluids & Consumables,2.0,can,250.00,500.00,True,True
562,Brake Pads,Brake Pads,original,True,Braking,1.0,set,2800.00,2800.00,True,True
562,Brake Shoe,Brake Shoe,original,True,Braking,1.0,set,2850.00,2850.00,True,True
562,Wheel Cylinder,Wheel Cylinder,original,True,Braking,1.0,pc,1400.00,1400.00,True,True
563,Overhauling Gasket Set,Overhauling Gasket Set,original,True,Engine,1.0,set,7250.00,7250.00,True,True
563,Valve Cover Gasket,Valve Cover Gasket,replacement,False,Engine,1.0,pc,550.00,550.00,True,True
563,Crankshaft Oil Seal,Crankshaft Oil Seal,replacement,False,Engine,1.0,pc,1450.00,1450.00,True,True
563,Spark Plug,Spark Plug,replacement,False,Ignition & Electrical,4.0,pc,350.00,1400.00,True,True
563,Engine Oil,Engine Oil,standard,False,Fluids & Consumables,7.0,liter,400.00,2800.00,True,True
563,Oil Filter,Oil Filter,replacement,False,Filters,1.0,pc,350.00,350.00,True,True
563,RTV Silicone Gasket Maker,RTV Silicone Gasket Maker,standard,False,Fluids & Consumables,2.0,tube,250.00,500.00,True,True
564,Clutch Disc,Clutch Disc,replacement,False,Transmission,1.0,pc,3300.00,3300.00,True,True
564,Pressure Plate,Pressure Plate,replacement,False,Transmission,1.0,pc,3550.00,3550.00,True,True
564,Release Bearing,Release Bearing,replacement,False,Transmission,1.0,pc,950.00,950.00,True,True
564,RTV Silicone Gasket Maker,RTV Silicone Gasket Maker,standard,False,Fluids & Consumables,1.0,tube,250.00,250.00,True,True
564,Brake Cleaner,Brake Cleaner,standard,False,Fluids & Consumables,1.0,can,250.00,250.00,True,True
565,Engine Oil,Engine Oil,standard,False,Fluids & Consumables,6.0,liter,450.00,2700.00,True,True
565,Oil Filter,Oil Filter,original,True,Filters,1.0,pc,600.00,600.00,True,True
565,Cabin Filter,Cabin Filter,original,True,Filters,1.0,pc,950.00,950.00,True,True
565,Fuel Filter,Fuel Filter,original,True,Filters,1.0,pc,1800.00,1800.00,True,True
566,Overhauling Gasket Set,Overhauling Gasket Set,original,True,Engine,1.0,set,6000.00,6000.00,True,True
566,Valve Cover Gasket,Valve Cover Gasket,original,True,Engine,1.0,pc,1500.00,1500.00,True,True
566,Crankshaft Oil Seal,Crankshaft Oil Seal,original,True,Engine,1.0,pc,2600.00,2600.00,True,True
566,Spark Plug,Spark Plug,original,True,Ignition & Electrical,4.0,pc,600.00,2400.00,True,True
566,Engine Coolant,Engine Coolant,standard,False,Fluids & Consumables,4.0,liter,350.00,1400.00,True,True
566,Engine Oil,Engine Oil,standard,False,Fluids & Consumables,4.0,liter,500.00,2000.00,True,True
566,Oil Filter,Oil Filter,original,True,Filters,1.0,pc,800.00,800.00,True,True
566,RTV Silicone Gasket Maker,RTV Silicone Gasket Maker,standard,False,Fluids & Consumables,2.0,tube,200.00,400.00,True,True
567,Engine Oil,Engine Oil,standard,False,Fluids & Consumables,5.0,liter,500.00,2500.00,True,True
567,Oil Filter,Oil Filter,replacement,False,Filters,1.0,pc,350.00,350.00,True,True
567,Air Filter,Air Filter,replacement,False,Filters,1.0,pc,500.00,500.00,True,True
567,Cabin Filter,Cabin Filter,replacement,False,Filters,1.0,pc,450.00,450.00,True,True
567,Fuel Filter,Fuel Filter,replacement,False,Filters,1.0,pc,650.00,650.00,True,True
568,Valve Cover Gasket,Valve Cover Gasket,replacement,False,Engine,1.0,pc,600.00,600.00,True,True
568,Crankshaft Oil Seal,Crankshaft Oil Seal,replacement,False,Engine,1.0,pc,1300.00,1300.00,True,True
568,RTV Silicone Gasket Maker,RTV Silicone Gasket Maker,standard,False,Fluids & Consumables,1.0,tube,300.00,300.00,True,True
568,Drive / Fan Belt,Drive / Fan Belt,replacement,False,General,1.0,pc,1450.00,1450.00,True,True
568,Engine Oil,Engine Oil,standard,False,Fluids & Consumables,5.0,liter,450.00,2250.00,True,True
568,Oil Filter,Oil Filter,original,True,Filters,1.0,pc,650.00,650.00,True,True
569,Brake Cleaner,Brake Cleaner,standard,False,Fluids & Consumables,1.0,can,300.00,300.00,True,True
569,Brake Fluid,Brake Fluid,standard,False,Fluids & Consumables,1.0,bottle,350.00,350.00,True,True
569,Brake Pads,Brake Pads,replacement,False,Braking,1.0,set,1550.00,1550.00,True,True
569,Wheel Cylinder,Wheel Cylinder,replacement,False,Braking,1.0,pc,850.00,850.00,True,True
570,Clutch Disc,Clutch Disc,replacement,False,Transmission,1.0,pc,2600.00,2600.00,True,True
570,Release Bearing,Release Bearing,replacement,False,Transmission,1.0,pc,1050.00,1050.00,True,True
570,RTV Silicone Gasket Maker,RTV Silicone Gasket Maker,standard,False,Fluids & Consumables,1.0,tube,200.00,200.00,True,True
570,Brake Cleaner,Brake Cleaner,standard,False,Fluids & Consumables,1.0,can,250.00,250.00,True,True
571,Oil Filter,Oil Filter,replacement,False,Filters,1.0,pc,400.00,400.00,True,True
571,Air Filter,Air Filter,replacement,False,Filters,1.0,pc,600.00,600.00,True,True
571,Fuel Filter,Fuel Filter,replacement,False,Filters,1.0,pc,500.00,500.00,True,True
572,Brake Cleaner,Brake Cleaner,standard,False,Fluids & Consumables,2.0,can,200.00,400.00,True,True
572,Brake Fluid,Brake Fluid,standard,False,Fluids & Consumables,1.0,bottle,300.00,300.00,True,True
572,Brake Pads,Brake Pads,replacement,False,Braking,1.0,set,1550.00,1550.00,True,True
572,Brake Shoe,Brake Shoe,replacement,False,Braking,1.0,set,1250.00,1250.00,True,True
572,Wheel Cylinder,Wheel Cylinder,replacement,False,Braking,2.0,pc,950.00,1900.00,True,True
573,Engine Oil,Engine Oil,standard,False,Fluids & Consumables,7.0,liter,450.00,3150.00,True,True
573,Oil Filter,Oil Filter,original,True,Filters,1.0,pc,900.00,900.00,True,True
573,Air Filter,Air Filter,original,True,Filters,1.0,pc,2250.00,2250.00,True,True
573,Cabin Filter,Cabin Filter,original,True,Filters,1.0,pc,1250.00,1250.00,True,True
573,Fuel Filter,Fuel Filter,replacement,False,Filters,1.0,pc,750.00,750.00,True,True
574,Engine Oil,Engine Oil,standard,False,Fluids & Consumables,4.0,liter,400.00,1600.00,True,True
574,Oil Filter,Oil Filter,replacement,False,Filters,1.0,pc,300.00,300.00,True,True
574,Air Filter,Air Filter,replacement,False,Filters,1.0,pc,500.00,500.00,True,True
574,Fuel Filter,Fuel Filter,replacement,False,Filters,1.0,pc,650.00,650.00,True,True
575,Brake Fluid,Brake Fluid,standard,False,Fluids & Consumables,1.0,bottle,300.00,300.00,True,True
575,Brake Pads,Brake Pads,replacement,False,Braking,2.0,set,1600.00,3200.00,True,True
575,Wheel Cylinder,Wheel Cylinder,replacement,False,Braking,1.0,pc,750.00,750.00,True,True
576,Brake Cleaner,Brake Cleaner,standard,False,Fluids & Consumables,2.0,can,200.00,400.00,True,True
576,Brake Fluid,Brake Fluid,standard,False,Fluids & Consumables,1.0,bottle,250.00,250.00,True,True
576,Wheel Cylinder,Wheel Cylinder,replacement,False,Braking,2.0,pc,950.00,1900.00,True,True
577,Valve Cover Gasket,Valve Cover Gasket,replacement,False,Engine,1.0,pc,600.00,600.00,True,True
577,Crankshaft Oil Seal,Crankshaft Oil Seal,replacement,False,Engine,1.0,pc,1550.00,1550.00,True,True
577,RTV Silicone Gasket Maker,RTV Silicone Gasket Maker,standard,False,Fluids & Consumables,1.0,tube,250.00,250.00,True,True
577,Drive / Fan Belt,Drive / Fan Belt,replacement,False,General,1.0,pc,1950.00,1950.00,True,True
577,Engine Oil,Engine Oil,standard,False,Fluids & Consumables,4.0,liter,500.00,2000.00,True,True
577,Oil Filter,Oil Filter,replacement,False,Filters,1.0,pc,300.00,300.00,True,True
578,Clutch Disc,Clutch Disc,original,True,Transmission,1.0,pc,5000.00,5000.00,True,True
578,Pressure Plate,Pressure Plate,original,True,Transmission,1.0,pc,4900.00,4900.00,True,True
578,Release Bearing,Release Bearing,original,True,Transmission,1.0,pc,2050.00,2050.00,True,True
578,RTV Silicone Gasket Maker,RTV Silicone Gasket Maker,standard,False,Fluids & Consumables,1.0,tube,250.00,250.00,True,True
579,Engine Oil,Engine Oil,standard,False,Fluids & Consumables,5.0,liter,450.00,2250.00,True,True
579,Oil Filter,Oil Filter,replacement,False,Filters,1.0,pc,350.00,350.00,True,True
579,Air Filter,Air Filter,replacement,False,Filters,1.0,pc,800.00,800.00,True,True
579,Fuel Filter,Fuel Filter,replacement,False,Filters,1.0,pc,650.00,650.00,True,True
580,Brake Fluid,Brake Fluid,standard,False,Fluids & Consumables,1.0,bottle,300.00,300.00,True,True
580,Brake Pads,Brake Pads,replacement,False,Braking,1.0,set,1450.00,1450.00,True,True
580,Brake Shoe,Brake Shoe,replacement,False,Braking,1.0,set,1100.00,1100.00,True,True
580,Wheel Cylinder,Wheel Cylinder,replacement,False,Braking,1.0,pc,950.00,950.00,True,True
581,Suspension Bushing,Suspension Bushing,original,True,Steering & Suspension,4.0,pc,1200.00,4800.00,True,True
581,Tie Rod End,Tie Rod End,original,True,Steering & Suspension,2.0,pc,2400.00,4800.00,True,True
581,Stabilizer Link,Stabilizer Link,original,True,Steering & Suspension,2.0,pc,2100.00,4200.00,True,True
581,Shock Absorber,Shock Absorber,original,True,Steering & Suspension,2.0,pc,4600.00,9200.00,True,True
581,Shock Mounting,Shock Mounting,original,True,Steering & Suspension,2.0,pc,2600.00,5200.00,True,True
582,Oil Filter,Oil Filter,replacement,False,Filters,1.0,pc,350.00,350.00,True,True
582,Cabin Filter,Cabin Filter,original,True,Filters,1.0,pc,1350.00,1350.00,True,True
582,Fuel Filter,Fuel Filter,original,True,Filters,1.0,pc,2150.00,2150.00,True,True
583,Clutch Disc,Clutch Disc,original,True,Transmission,1.0,pc,5450.00,5450.00,True,True
583,Pressure Plate,Pressure Plate,original,True,Transmission,1.0,pc,4950.00,4950.00,True,True
583,Release Bearing,Release Bearing,original,True,Transmission,1.0,pc,1800.00,1800.00,True,True
583,RTV Silicone Gasket Maker,RTV Silicone Gasket Maker,standard,False,Fluids & Consumables,1.0,tube,250.00,250.00,True,True
583,Brake Cleaner,Brake Cleaner,standard,False,Fluids & Consumables,1.0,can,200.00,200.00,True,True
584,Clutch Disc,Clutch Disc,replacement,False,Transmission,1.0,pc,2950.00,2950.00,True,True
584,Pressure Plate,Pressure Plate,replacement,False,Transmission,1.0,pc,3500.00,3500.00,True,True
584,Release Bearing,Release Bearing,replacement,False,Transmission,1.0,pc,950.00,950.00,True,True
584,RTV Silicone Gasket Maker,RTV Silicone Gasket Maker,standard,False,Fluids & Consumables,1.0,tube,200.00,200.00,True,True
584,Brake Cleaner,Brake Cleaner,standard,False,Fluids & Consumables,1.0,can,250.00,250.00,True,True
585,Brake Fluid,Brake Fluid,standard,False,Fluids & Consumables,1.0,bottle,250.00,250.00,True,True
585,Brake Pads,Brake Pads,replacement,False,Braking,1.0,set,1850.00,1850.00,True,True
585,Brake Shoe,Brake Shoe,replacement,False,Braking,1.0,set,1150.00,1150.00,True,True
585,Wheel Cylinder,Wheel Cylinder,original,True,Braking,1.0,pc,1450.00,1450.00,True,True
586,Engine Oil,Engine Oil,standard,False,Fluids & Consumables,3.0,liter,500.00,1500.00,True,True
586,Oil Filter,Oil Filter,replacement,False,Filters,1.0,pc,350.00,350.00,True,True
586,Air Filter,Air Filter,replacement,False,Filters,1.0,pc,750.00,750.00,True,True
586,Cabin Filter,Cabin Filter,replacement,False,Filters,1.0,pc,500.00,500.00,True,True
586,Fuel Filter,Fuel Filter,replacement,False,Filters,1.0,pc,650.00,650.00,True,True
587,Suspension Bushing,Suspension Bushing,original,True,Steering & Suspension,4.0,pc,1200.00,4800.00,True,True
587,Tie Rod End,Tie Rod End,original,True,Steering & Suspension,2.0,pc,1800.00,3600.00,True,True
587,Stabilizer Link,Stabilizer Link,original,True,Steering & Suspension,2.0,pc,2000.00,4000.00,True,True
587,Shock Absorber,Shock Absorber,original,True,Steering & Suspension,2.0,pc,4550.00,9100.00,True,True
587,Shock Mounting,Shock Mounting,original,True,Steering & Suspension,2.0,pc,2000.00,4000.00,True,True
588,Engine Oil,Engine Oil,standard,False,Fluids & Consumables,4.0,liter,400.00,1600.00,True,True
588,Oil Filter,Oil Filter,replacement,False,Filters,1.0,pc,300.00,300.00,True,True
588,Air Filter,Air Filter,replacement,False,Filters,1.0,pc,600.00,600.00,True,True
588,Cabin Filter,Cabin Filter,replacement,False,Filters,1.0,pc,450.00,450.00,True,True
588,Fuel Filter,Fuel Filter,replacement,False,Filters,1.0,pc,600.00,600.00,True,True
589,Engine Oil,Engine Oil,standard,False,Fluids & Consumables,5.0,liter,500.00,2500.00,True,True
589,Oil Filter,Oil Filter,replacement,False,Filters,1.0,pc,450.00,450.00,True,True
589,Air Filter,Air Filter,replacement,False,Filters,1.0,pc,650.00,650.00,True,True
589,Cabin Filter,Cabin Filter,replacement,False,Filters,1.0,pc,500.00,500.00,True,True
589,Fuel Filter,Fuel Filter,original,True,Filters,1.0,pc,1700.00,1700.00,True,True
590,Engine Oil,Engine Oil,standard,False,Fluids & Consumables,3.0,liter,450.00,1350.00,True,True
590,Oil Filter,Oil Filter,replacement,False,Filters,1.0,pc,400.00,400.00,True,True
590,Air Filter,Air Filter,original,True,Filters,1.0,pc,2000.00,2000.00,True,True
590,Fuel Filter,Fuel Filter,replacement,False,Filters,1.0,pc,650.00,650.00,True,True
591,Clutch Disc,Clutch Disc,replacement,False,Transmission,1.0,pc,3100.00,3100.00,True,True
591,Pressure Plate,Pressure Plate,original,True,Transmission,1.0,pc,5100.00,5100.00,True,True
591,Release Bearing,Release Bearing,original,True,Transmission,1.0,pc,1900.00,1900.00,True,True
591,RTV Silicone Gasket Maker,RTV Silicone Gasket Maker,standard,False,Fluids & Consumables,1.0,tube,250.00,250.00,True,True
591,Brake Cleaner,Brake Cleaner,standard,False,Fluids & Consumables,1.0,can,250.00,250.00,True,True
592,Clutch Disc,Clutch Disc,replacement,False,Transmission,1.0,pc,2600.00,2600.00,True,True
592,Pressure Plate,Pressure Plate,replacement,False,Transmission,1.0,pc,4000.00,4000.00,True,True
592,Release Bearing,Release Bearing,replacement,False,Transmission,1.0,pc,850.00,850.00,True,True
592,RTV Silicone Gasket Maker,RTV Silicone Gasket Maker,standard,False,Fluids & Consumables,1.0,tube,250.00,250.00,True,True
592,Brake Cleaner,Brake Cleaner,standard,False,Fluids & Consumables,1.0,can,250.00,250.00,True,True
593,Brake Cleaner,Brake Cleaner,standard,False,Fluids & Consumables,1.0,can,250.00,250.00,True,True
593,Brake Pads,Brake Pads,original,True,Braking,1.0,set,3350.00,3350.00,True,True
593,Brake Shoe,Brake Shoe,original,True,Braking,1.0,set,2900.00,2900.00,True,True
593,Wheel Cylinder,Wheel Cylinder,original,True,Braking,2.0,pc,1700.00,3400.00,True,True
594,Engine Oil,Engine Oil,standard,False,Fluids & Consumables,4.0,liter,500.00,2000.00,True,True
594,Oil Filter,Oil Filter,original,True,Filters,1.0,pc,750.00,750.00,True,True
594,Air Filter,Air Filter,original,True,Filters,1.0,pc,2200.00,2200.00,True,True
594,Cabin Filter,Cabin Filter,replacement,False,Filters,1.0,pc,550.00,550.00,True,True
594,Fuel Filter,Fuel Filter,original,True,Filters,1.0,pc,1850.00,1850.00,True,True
595,Brake Cleaner,Brake Cleaner,standard,False,Fluids & Consumables,2.0,can,250.00,500.00,True,True
595,Brake Fluid,Brake Fluid,standard,False,Fluids & Consumables,1.0,bottle,350.00,350.00,True,True
595,Brake Pads,Brake Pads,replacement,False,Braking,2.0,set,1650.00,3300.00,True,True
595,Wheel Cylinder,Wheel Cylinder,original,True,Braking,2.0,pc,1650.00,3300.00,True,True
596,Suspension Bushing,Suspension Bushing,replacement,False,Steering & Suspension,2.0,pc,600.00,1200.00,True,True
596,Tie Rod End,Tie Rod End,replacement,False,Steering & Suspension,2.0,pc,1100.00,2200.00,True,True
596,Stabilizer Link,Stabilizer Link,replacement,False,Steering & Suspension,2.0,pc,1050.00,2100.00,True,True
596,Shock Absorber,Shock Absorber,replacement,False,Steering & Suspension,2.0,pc,1900.00,3800.00,True,True
597,Suspension Bushing,Suspension Bushing,replacement,False,Steering & Suspension,3.0,pc,800.00,2400.00,True,True
597,Tie Rod End,Tie Rod End,replacement,False,Steering & Suspension,2.0,pc,1050.00,2100.00,True,True
597,Stabilizer Link,Stabilizer Link,replacement,False,Steering & Suspension,2.0,pc,1200.00,2400.00,True,True
597,Shock Absorber,Shock Absorber,replacement,False,Steering & Suspension,2.0,pc,2550.00,5100.00,True,True
597,Shock Mounting,Shock Mounting,replacement,False,Steering & Suspension,2.0,pc,1200.00,2400.00,True,True
598,Brake Fluid,Brake Fluid,standard,False,Fluids & Consumables,1.0,bottle,300.00,300.00,True,True
598,Brake Pads,Brake Pads,replacement,False,Braking,1.0,set,1600.00,1600.00,True,True
598,Brake Shoe,Brake Shoe,original,True,Braking,1.0,set,2350.00,2350.00,True,True
598,Wheel Cylinder,Wheel Cylinder,original,True,Braking,2.0,pc,1500.00,3000.00,True,True
599,Suspension Bushing,Suspension Bushing,original,True,Steering & Suspension,4.0,pc,1350.00,5400.00,True,True
599,Tie Rod End,Tie Rod End,original,True,Steering & Suspension,2.0,pc,2300.00,4600.00,True,True
599,Stabilizer Link,Stabilizer Link,original,True,Steering & Suspension,2.0,pc,2200.00,4400.00,True,True
599,Shock Absorber,Shock Absorber,replacement,False,Steering & Suspension,2.0,pc,2000.00,4000.00,True,True
599,Shock Mounting,Shock Mounting,original,True,Steering & Suspension,2.0,pc,2250.00,4500.00,True,True
600,Suspension Bushing,Suspension Bushing,replacement,False,Steering & Suspension,4.0,pc,750.00,3000.00,True,True
600,Tie Rod End,Tie Rod End,replacement,False,Steering & Suspension,2.0,pc,1200.00,2400.00,True,True
600,Stabilizer Link,Stabilizer Link,replacement,False,Steering & Suspension,2.0,pc,1400.00,2800.00,True,True
600,Shock Absorber,Shock Absorber,replacement,False,Steering & Suspension,2.0,pc,1800.00,3600.00,True,True
600,Shock Mounting,Shock Mounting,replacement,False,Steering & Suspension,2.0,pc,1000.00,2000.00,True,True
601,Suspension Bushing,Suspension Bushing,replacement,False,Steering & Suspension,3.0,pc,600.00,1800.00,True,True
601,Tie Rod End,Tie Rod End,replacement,False,Steering & Suspension,2.0,pc,1200.00,2400.00,True,True
601,Stabilizer Link,Stabilizer Link,replacement,False,Steering & Suspension,2.0,pc,1000.00,2000.00,True,True
601,Shock Absorber,Shock Absorber,replacement,False,Steering & Suspension,2.0,pc,2550.00,5100.00,True,True
601,Shock Mounting,Shock Mounting,original,True,Steering & Suspension,2.0,pc,2150.00,4300.00,True,True
602,Overhauling Gasket Set,Overhauling Gasket Set,replacement,False,Engine,1.0,set,4500.00,4500.00,True,True
602,Valve Cover Gasket,Valve Cover Gasket,replacement,False,Engine,1.0,pc,450.00,450.00,True,True
602,Spark Plug,Spark Plug,replacement,False,Ignition & Electrical,4.0,pc,350.00,1400.00,True,True
602,Engine Coolant,Engine Coolant,standard,False,Fluids & Consumables,2.0,liter,350.00,700.00,True,True
602,Oil Filter,Oil Filter,replacement,False,Filters,1.0,pc,350.00,350.00,True,True
602,RTV Silicone Gasket Maker,RTV Silicone Gasket Maker,standard,False,Fluids & Consumables,2.0,tube,250.00,500.00,True,True
603,Clutch Disc,Clutch Disc,original,True,Transmission,1.0,pc,6000.00,6000.00,True,True
603,Pressure Plate,Pressure Plate,original,True,Transmission,1.0,pc,4650.00,4650.00,True,True
603,Release Bearing,Release Bearing,original,True,Transmission,1.0,pc,1800.00,1800.00,True,True
603,Brake Cleaner,Brake Cleaner,standard,False,Fluids & Consumables,1.0,can,250.00,250.00,True,True
604,Brake Cleaner,Brake Cleaner,standard,False,Fluids & Consumables,1.0,can,250.00,250.00,True,True
604,Brake Fluid,Brake Fluid,standard,False,Fluids & Consumables,1.0,bottle,300.00,300.00,True,True
604,Brake Pads,Brake Pads,original,True,Braking,2.0,set,3550.00,7100.00,True,True
604,Brake Shoe,Brake Shoe,original,True,Braking,1.0,set,2550.00,2550.00,True,True
604,Wheel Cylinder,Wheel Cylinder,original,True,Braking,1.0,pc,1800.00,1800.00,True,True
605,Clutch Disc,Clutch Disc,replacement,False,Transmission,1.0,pc,2750.00,2750.00,True,True
605,Pressure Plate,Pressure Plate,replacement,False,Transmission,1.0,pc,3400.00,3400.00,True,True
605,Release Bearing,Release Bearing,replacement,False,Transmission,1.0,pc,900.00,900.00,True,True
605,RTV Silicone Gasket Maker,RTV Silicone Gasket Maker,standard,False,Fluids & Consumables,1.0,tube,200.00,200.00,True,True
605,Brake Cleaner,Brake Cleaner,standard,False,Fluids & Consumables,1.0,can,250.00,250.00,True,True
606,Brake Cleaner,Brake Cleaner,standard,False,Fluids & Consumables,1.0,can,250.00,250.00,True,True
606,Brake Fluid,Brake Fluid,standard,False,Fluids & Consumables,1.0,bottle,300.00,300.00,True,True
606,Brake Pads,Brake Pads,replacement,False,Braking,1.0,set,1800.00,1800.00,True,True
606,Brake Shoe,Brake Shoe,replacement,False,Braking,1.0,set,1250.00,1250.00,True,True
606,Wheel Cylinder,Wheel Cylinder,replacement,False,Braking,1.0,pc,1100.00,1100.00,True,True
607,Tie Rod End,Tie Rod End,replacement,False,Steering & Suspension,2.0,pc,1000.00,2000.00,True,True
607,Stabilizer Link,Stabilizer Link,replacement,False,Steering & Suspension,2.0,pc,1250.00,2500.00,True,True
607,Shock Mounting,Shock Mounting,original,True,Steering & Suspension,2.0,pc,2100.00,4200.00,True,True
608,Brake Cleaner,Brake Cleaner,standard,False,Fluids & Consumables,2.0,can,250.00,500.00,True,True
608,Brake Fluid,Brake Fluid,standard,False,Fluids & Consumables,1.0,bottle,350.00,350.00,True,True
608,Brake Pads,Brake Pads,original,True,Braking,2.0,set,3000.00,6000.00,True,True
608,Brake Shoe,Brake Shoe,original,True,Braking,1.0,set,2850.00,2850.00,True,True
608,Wheel Cylinder,Wheel Cylinder,original,True,Braking,2.0,pc,1500.00,3000.00,True,True
609,Brake Cleaner,Brake Cleaner,standard,False,Fluids & Consumables,2.0,can,300.00,600.00,True,True
609,Brake Pads,Brake Pads,original,True,Braking,1.0,set,3150.00,3150.00,True,True
609,Brake Shoe,Brake Shoe,original,True,Braking,1.0,set,2250.00,2250.00,True,True
609,Wheel Cylinder,Wheel Cylinder,original,True,Braking,2.0,pc,1450.00,2900.00,True,True
610,Engine Oil,Engine Oil,standard,False,Fluids & Consumables,6.0,liter,450.00,2700.00,True,True
610,Oil Filter,Oil Filter,replacement,False,Filters,1.0,pc,350.00,350.00,True,True
610,Air Filter,Air Filter,replacement,False,Filters,1.0,pc,700.00,700.00,True,True
610,Cabin Filter,Cabin Filter,replacement,False,Filters,1.0,pc,500.00,500.00,True,True
610,Fuel Filter,Fuel Filter,replacement,False,Filters,1.0,pc,700.00,700.00,True,True
611,Stabilizer Link,Stabilizer Link,original,True,Steering & Suspension,2.0,pc,2250.00,4500.00,True,True
611,Shock Mounting,Shock Mounting,original,True,Steering & Suspension,2.0,pc,2100.00,4200.00,True,True
612,A/C Evaporator,A/C Evaporator,replacement,False,General,1.0,pc,4600.00,4600.00,True,True
612,Cabin Filter,Cabin Filter,original,True,Filters,1.0,pc,1600.00,1600.00,True,True
612,Freon (R134a),Freon (R134a),standard,False,Fluids & Consumables,2.0,can,400.00,800.00,True,True
612,Cabin Filter,Cabin Filter,original,True,Filters,1.0,pc,1250.00,1250.00,True,True
613,Engine Oil,Engine Oil,standard,False,Fluids & Consumables,5.0,liter,450.00,2250.00,True,True
613,Oil Filter,Oil Filter,replacement,False,Filters,1.0,pc,350.00,350.00,True,True
613,Cabin Filter,Cabin Filter,original,True,Filters,1.0,pc,1300.00,1300.00,True,True
614,Suspension Bushing,Suspension Bushing,original,True,Steering & Suspension,2.0,pc,1100.00,2200.00,True,True
614,Tie Rod End,Tie Rod End,replacement,False,Steering & Suspension,2.0,pc,850.00,1700.00,True,True
614,Stabilizer Link,Stabilizer Link,replacement,False,Steering & Suspension,2.0,pc,1150.00,2300.00,True,True
614,Shock Absorber,Shock Absorber,original,True,Steering & Suspension,2.0,pc,4750.00,9500.00,True,True
614,Shock Mounting,Shock Mounting,original,True,Steering & Suspension,2.0,pc,2400.00,4800.00,True,True
615,Oil Filter,Oil Filter,original,True,Filters,1.0,pc,650.00,650.00,True,True
615,Air Filter,Air Filter,original,True,Filters,1.0,pc,2450.00,2450.00,True,True
615,Cabin Filter,Cabin Filter,replacement,False,Filters,1.0,pc,450.00,450.00,True,True
615,Fuel Filter,Fuel Filter,replacement,False,Filters,1.0,pc,600.00,600.00,True,True
616,Suspension Bushing,Suspension Bushing,original,True,Steering & Suspension,2.0,pc,1250.00,2500.00,True,True
616,Tie Rod End,Tie Rod End,original,True,Steering & Suspension,2.0,pc,2250.00,4500.00,True,True
616,Stabilizer Link,Stabilizer Link,original,True,Steering & Suspension,2.0,pc,1750.00,3500.00,True,True
616,Shock Absorber,Shock Absorber,original,True,Steering & Suspension,2.0,pc,4150.00,8300.00,True,True
616,Shock Mounting,Shock Mounting,original,True,Steering & Suspension,2.0,pc,1650.00,3300.00,True,True
617,Overhauling Gasket Set,Overhauling Gasket Set,replacement,False,Engine,1.0,set,3500.00,3500.00,True,True
617,Crankshaft Oil Seal,Crankshaft Oil Seal,replacement,False,Engine,1.0,pc,1450.00,1450.00,True,True
617,Spark Plug,Spark Plug,replacement,False,Ignition & Electrical,4.0,pc,350.00,1400.00,True,True
617,Engine Coolant,Engine Coolant,standard,False,Fluids & Consumables,2.0,liter,350.00,700.00,True,True
617,Engine Oil,Engine Oil,standard,False,Fluids & Consumables,4.0,liter,500.00,2000.00,True,True
617,RTV Silicone Gasket Maker,RTV Silicone Gasket Maker,standard,False,Fluids & Consumables,2.0,tube,250.00,500.00,True,True
618,Suspension Bushing,Suspension Bushing,replacement,False,Steering & Suspension,2.0,pc,550.00,1100.00,True,True
618,Tie Rod End,Tie Rod End,replacement,False,Steering & Suspension,2.0,pc,1000.00,2000.00,True,True
618,Stabilizer Link,Stabilizer Link,replacement,False,Steering & Suspension,2.0,pc,1250.00,2500.00,True,True
618,Shock Absorber,Shock Absorber,replacement,False,Steering & Suspension,2.0,pc,2450.00,4900.00,True,True
618,Shock Mounting,Shock Mounting,replacement,False,Steering & Suspension,2.0,pc,1000.00,2000.00,True,True
619,Clutch Disc,Clutch Disc,original,True,Transmission,1.0,pc,5050.00,5050.00,True,True
619,Pressure Plate,Pressure Plate,replacement,False,Transmission,1.0,pc,3600.00,3600.00,True,True
619,Release Bearing,Release Bearing,replacement,False,Transmission,1.0,pc,900.00,900.00,True,True
619,RTV Silicone Gasket Maker,RTV Silicone Gasket Maker,standard,False,Fluids & Consumables,1.0,tube,250.00,250.00,True,True
619,Brake Cleaner,Brake Cleaner,standard,False,Fluids & Consumables,1.0,can,250.00,250.00,True,True
620,A/C Evaporator,A/C Evaporator,original,True,General,1.0,pc,7400.00,7400.00,True,True
620,Cabin Filter,Cabin Filter,original,True,Filters,1.0,pc,1350.00,1350.00,True,True
620,Freon (R134a),Freon (R134a),standard,False,Fluids & Consumables,1.0,can,450.00,450.00,True,True
620,Cabin Filter,Cabin Filter,original,True,Filters,1.0,pc,1450.00,1450.00,True,True
621,Suspension Bushing,Suspension Bushing,replacement,False,Steering & Suspension,3.0,pc,800.00,2400.00,True,True
621,Tie Rod End,Tie Rod End,replacement,False,Steering & Suspension,2.0,pc,1000.00,2000.00,True,True
621,Stabilizer Link,Stabilizer Link,replacement,False,Steering & Suspension,2.0,pc,1050.00,2100.00,True,True
621,Shock Mounting,Shock Mounting,original,True,Steering & Suspension,2.0,pc,1650.00,3300.00,True,True
622,Clutch Disc,Clutch Disc,replacement,False,Transmission,1.0,pc,3100.00,3100.00,True,True
622,Pressure Plate,Pressure Plate,original,True,Transmission,1.0,pc,5350.00,5350.00,True,True
622,Release Bearing,Release Bearing,replacement,False,Transmission,1.0,pc,1050.00,1050.00,True,True
622,RTV Silicone Gasket Maker,RTV Silicone Gasket Maker,standard,False,Fluids & Consumables,1.0,tube,250.00,250.00,True,True
622,Brake Cleaner,Brake Cleaner,standard,False,Fluids & Consumables,1.0,can,250.00,250.00,True,True
623,Engine Oil,Engine Oil,standard,False,Fluids & Consumables,6.0,liter,450.00,2700.00,True,True
623,Air Filter,Air Filter,original,True,Filters,1.0,pc,2200.00,2200.00,True,True
624,A/C Evaporator,A/C Evaporator,original,True,General,1.0,pc,6900.00,6900.00,True,True
624,Cabin Filter,Cabin Filter,original,True,Filters,1.0,pc,1700.00,1700.00,True,True
624,Freon (R134a),Freon (R134a),standard,False,Fluids & Consumables,1.0,can,450.00,450.00,True,True
624,Cabin Filter,Cabin Filter,original,True,Filters,1.0,pc,1250.00,1250.00,True,True
625,Brake Fluid,Brake Fluid,standard,False,Fluids & Consumables,1.0,bottle,300.00,300.00,True,True
625,Brake Shoe,Brake Shoe,replacement,False,Braking,1.0,set,1200.00,1200.00,True,True
625,Wheel Cylinder,Wheel Cylinder,replacement,False,Braking,2.0,pc,900.00,1800.00,True,True
626,Air Filter,Air Filter,replacement,False,Filters,1.0,pc,750.00,750.00,True,True
626,Cabin Filter,Cabin Filter,replacement,False,Filters,1.0,pc,450.00,450.00,True,True
626,Fuel Filter,Fuel Filter,replacement,False,Filters,1.0,pc,650.00,650.00,True,True
627,Clutch Disc,Clutch Disc,replacement,False,Transmission,1.0,pc,2750.00,2750.00,True,True
627,Pressure Plate,Pressure Plate,replacement,False,Transmission,1.0,pc,3500.00,3500.00,True,True
627,RTV Silicone Gasket Maker,RTV Silicone Gasket Maker,standard,False,Fluids & Consumables,1.0,tube,250.00,250.00,True,True
627,Brake Cleaner,Brake Cleaner,standard,False,Fluids & Consumables,1.0,can,200.00,200.00,True,True
628,Brake Cleaner,Brake Cleaner,standard,False,Fluids & Consumables,2.0,can,200.00,400.00,True,True
628,Brake Fluid,Brake Fluid,standard,False,Fluids & Consumables,1.0,bottle,350.00,350.00,True,True
628,Brake Pads,Brake Pads,original,True,Braking,2.0,set,3600.00,7200.00,True,True
628,Brake Shoe,Brake Shoe,original,True,Braking,1.0,set,3200.00,3200.00,True,True
628,Wheel Cylinder,Wheel Cylinder,original,True,Braking,1.0,pc,1700.00,1700.00,True,True
629,Overhauling Gasket Set,Overhauling Gasket Set,original,True,Engine,1.0,set,5900.00,5900.00,True,True
629,Valve Cover Gasket,Valve Cover Gasket,original,True,Engine,1.0,pc,1250.00,1250.00,True,True
629,Crankshaft Oil Seal,Crankshaft Oil Seal,original,True,Engine,1.0,pc,2350.00,2350.00,True,True
629,Spark Plug,Spark Plug,original,True,Ignition & Electrical,4.0,pc,700.00,2800.00,True,True
629,Engine Coolant,Engine Coolant,standard,False,Fluids & Consumables,4.0,liter,350.00,1400.00,True,True
629,Engine Oil,Engine Oil,standard,False,Fluids & Consumables,4.0,liter,400.00,1600.00,True,True
629,Oil Filter,Oil Filter,replacement,False,Filters,1.0,pc,350.00,350.00,True,True
629,RTV Silicone Gasket Maker,RTV Silicone Gasket Maker,standard,False,Fluids & Consumables,2.0,tube,250.00,500.00,True,True
630,Clutch Disc,Clutch Disc,original,True,Transmission,1.0,pc,5050.00,5050.00,True,True
630,Release Bearing,Release Bearing,original,True,Transmission,1.0,pc,1900.00,1900.00,True,True
630,RTV Silicone Gasket Maker,RTV Silicone Gasket Maker,standard,False,Fluids & Consumables,1.0,tube,250.00,250.00,True,True
630,Brake Cleaner,Brake Cleaner,standard,False,Fluids & Consumables,1.0,can,250.00,250.00,True,True
631,Suspension Bushing,Suspension Bushing,replacement,False,Steering & Suspension,4.0,pc,700.00,2800.00,True,True
631,Tie Rod End,Tie Rod End,replacement,False,Steering & Suspension,2.0,pc,1000.00,2000.00,True,True
631,Stabilizer Link,Stabilizer Link,replacement,False,Steering & Suspension,2.0,pc,1400.00,2800.00,True,True
631,Shock Mounting,Shock Mounting,replacement,False,Steering & Suspension,2.0,pc,1300.00,2600.00,True,True
632,Engine Oil,Engine Oil,standard,False,Fluids & Consumables,7.0,liter,550.00,3850.00,True,True
632,Air Filter,Air Filter,original,True,Filters,1.0,pc,2200.00,2200.00,True,True
632,Fuel Filter,Fuel Filter,replacement,False,Filters,1.0,pc,550.00,550.00,True,True
633,Suspension Bushing,Suspension Bushing,replacement,False,Steering & Suspension,2.0,pc,650.00,1300.00,True,True
633,Tie Rod End,Tie Rod End,replacement,False,Steering & Suspension,2.0,pc,1150.00,2300.00,True,True
633,Stabilizer Link,Stabilizer Link,replacement,False,Steering & Suspension,2.0,pc,1100.00,2200.00,True,True
633,Shock Absorber,Shock Absorber,replacement,False,Steering & Suspension,2.0,pc,1850.00,3700.00,True,True
633,Shock Mounting,Shock Mounting,replacement,False,Steering & Suspension,2.0,pc,1300.00,2600.00,True,True
634,Oil Filter,Oil Filter,replacement,False,Filters,1.0,pc,350.00,350.00,True,True
634,Air Filter,Air Filter,replacement,False,Filters,1.0,pc,500.00,500.00,True,True
634,Cabin Filter,Cabin Filter,replacement,False,Filters,1.0,pc,550.00,550.00,True,True
634,Fuel Filter,Fuel Filter,replacement,False,Filters,1.0,pc,650.00,650.00,True,True
635,Brake Fluid,Brake Fluid,standard,False,Fluids & Consumables,1.0,bottle,300.00,300.00,True,True
635,Brake Pads,Brake Pads,replacement,False,Braking,1.0,set,1500.00,1500.00,True,True
635,Brake Shoe,Brake Shoe,replacement,False,Braking,1.0,set,1150.00,1150.00,True,True
635,Wheel Cylinder,Wheel Cylinder,replacement,False,Braking,2.0,pc,850.00,1700.00,True,True
636,Engine Oil,Engine Oil,standard,False,Fluids & Consumables,3.0,liter,400.00,1200.00,True,True
636,Oil Filter,Oil Filter,replacement,False,Filters,1.0,pc,400.00,400.00,True,True
636,Air Filter,Air Filter,replacement,False,Filters,1.0,pc,500.00,500.00,True,True
636,Cabin Filter,Cabin Filter,original,True,Filters,1.0,pc,1050.00,1050.00,True,True
636,Fuel Filter,Fuel Filter,original,True,Filters,1.0,pc,1800.00,1800.00,True,True
637,Engine Oil,Engine Oil,standard,False,Fluids & Consumables,4.0,liter,450.00,1800.00,True,True
637,Oil Filter,Oil Filter,original,True,Filters,1.0,pc,850.00,850.00,True,True
637,Air Filter,Air Filter,original,True,Filters,1.0,pc,2700.00,2700.00,True,True
637,Cabin Filter,Cabin Filter,original,True,Filters,1.0,pc,1250.00,1250.00,True,True
637,Fuel Filter,Fuel Filter,replacement,False,Filters,1.0,pc,550.00,550.00,True,True
638,Suspension Bushing,Suspension Bushing,replacement,False,Steering & Suspension,4.0,pc,700.00,2800.00,True,True
638,Shock Absorber,Shock Absorber,replacement,False,Steering & Suspension,2.0,pc,2150.00,4300.00,True,True
638,Shock Mounting,Shock Mounting,original,True,Steering & Suspension,2.0,pc,2100.00,4200.00,True,True
639,Suspension Bushing,Suspension Bushing,replacement,False,Steering & Suspension,4.0,pc,650.00,2600.00,True,True
639,Tie Rod End,Tie Rod End,original,True,Steering & Suspension,2.0,pc,2450.00,4900.00,True,True
639,Stabilizer Link,Stabilizer Link,original,True,Steering & Suspension,2.0,pc,2150.00,4300.00,True,True
639,Shock Absorber,Shock Absorber,original,True,Steering & Suspension,2.0,pc,4300.00,8600.00,True,True
639,Shock Mounting,Shock Mounting,original,True,Steering & Suspension,2.0,pc,2100.00,4200.00,True,True
640,Engine Oil,Engine Oil,standard,False,Fluids & Consumables,4.0,liter,500.00,2000.00,True,True
640,Oil Filter,Oil Filter,replacement,False,Filters,1.0,pc,350.00,350.00,True,True
640,Air Filter,Air Filter,replacement,False,Filters,1.0,pc,650.00,650.00,True,True
640,Cabin Filter,Cabin Filter,replacement,False,Filters,1.0,pc,400.00,400.00,True,True
640,Fuel Filter,Fuel Filter,replacement,False,Filters,1.0,pc,600.00,600.00,True,True
641,Suspension Bushing,Suspension Bushing,replacement,False,Steering & Suspension,3.0,pc,700.00,2100.00,True,True
641,Tie Rod End,Tie Rod End,replacement,False,Steering & Suspension,2.0,pc,1200.00,2400.00,True,True
641,Stabilizer Link,Stabilizer Link,replacement,False,Steering & Suspension,2.0,pc,950.00,1900.00,True,True
641,Shock Absorber,Shock Absorber,replacement,False,Steering & Suspension,2.0,pc,2450.00,4900.00,True,True
642,Clutch Disc,Clutch Disc,original,True,Transmission,1.0,pc,5650.00,5650.00,True,True
642,Release Bearing,Release Bearing,replacement,False,Transmission,1.0,pc,900.00,900.00,True,True
642,RTV Silicone Gasket Maker,RTV Silicone Gasket Maker,standard,False,Fluids & Consumables,1.0,tube,250.00,250.00,True,True
642,Brake Cleaner,Brake Cleaner,standard,False,Fluids & Consumables,1.0,can,250.00,250.00,True,True
643,Engine Oil,Engine Oil,standard,False,Fluids & Consumables,3.0,liter,450.00,1350.00,True,True
643,Oil Filter,Oil Filter,original,True,Filters,1.0,pc,800.00,800.00,True,True
643,Air Filter,Air Filter,original,True,Filters,1.0,pc,2100.00,2100.00,True,True
643,Fuel Filter,Fuel Filter,original,True,Filters,1.0,pc,1700.00,1700.00,True,True
644,Brake Cleaner,Brake Cleaner,standard,False,Fluids & Consumables,2.0,can,250.00,500.00,True,True
644,Brake Pads,Brake Pads,original,True,Braking,1.0,set,3250.00,3250.00,True,True
644,Wheel Cylinder,Wheel Cylinder,replacement,False,Braking,1.0,pc,1000.00,1000.00,True,True
645,Clutch Disc,Clutch Disc,original,True,Transmission,1.0,pc,5500.00,5500.00,True,True
645,Pressure Plate,Pressure Plate,original,True,Transmission,1.0,pc,4950.00,4950.00,True,True
645,Release Bearing,Release Bearing,original,True,Transmission,1.0,pc,2150.00,2150.00,True,True
645,RTV Silicone Gasket Maker,RTV Silicone Gasket Maker,standard,False,Fluids & Consumables,1.0,tube,250.00,250.00,True,True
646,Air Filter,Air Filter,replacement,False,Filters,1.0,pc,550.00,550.00,True,True
646,Cabin Filter,Cabin Filter,replacement,False,Filters,1.0,pc,550.00,550.00,True,True
646,Fuel Filter,Fuel Filter,replacement,False,Filters,1.0,pc,600.00,600.00,True,True
647,Valve Cover Gasket,Valve Cover Gasket,original,True,Engine,1.0,pc,1250.00,1250.00,True,True
647,Crankshaft Oil Seal,Crankshaft Oil Seal,original,True,Engine,1.0,pc,2700.00,2700.00,True,True
647,RTV Silicone Gasket Maker,RTV Silicone Gasket Maker,standard,False,Fluids & Consumables,1.0,tube,250.00,250.00,True,True
647,Drive / Fan Belt,Drive / Fan Belt,original,True,General,1.0,pc,2600.00,2600.00,True,True
647,Engine Oil,Engine Oil,standard,False,Fluids & Consumables,6.0,liter,500.00,3000.00,True,True
647,Oil Filter,Oil Filter,original,True,Filters,1.0,pc,700.00,700.00,True,True
648,Brake Cleaner,Brake Cleaner,standard,False,Fluids & Consumables,2.0,can,200.00,400.00,True,True
648,Brake Fluid,Brake Fluid,standard,False,Fluids & Consumables,1.0,bottle,350.00,350.00,True,True
648,Brake Pads,Brake Pads,replacement,False,Braking,1.0,set,1600.00,1600.00,True,True
648,Brake Shoe,Brake Shoe,original,True,Braking,1.0,set,2300.00,2300.00,True,True
648,Wheel Cylinder,Wheel Cylinder,replacement,False,Braking,2.0,pc,950.00,1900.00,True,True
649,Valve Cover Gasket,Valve Cover Gasket,replacement,False,Engine,1.0,pc,650.00,650.00,True,True
649,Crankshaft Oil Seal,Crankshaft Oil Seal,replacement,False,Engine,1.0,pc,1700.00,1700.00,True,True
649,RTV Silicone Gasket Maker,RTV Silicone Gasket Maker,standard,False,Fluids & Consumables,1.0,tube,250.00,250.00,True,True
649,Oil Filter,Oil Filter,replacement,False,Filters,1.0,pc,400.00,400.00,True,True
650,Clutch Disc,Clutch Disc,replacement,False,Transmission,1.0,pc,2950.00,2950.00,True,True
650,Pressure Plate,Pressure Plate,replacement,False,Transmission,1.0,pc,3450.00,3450.00,True,True
650,Release Bearing,Release Bearing,replacement,False,Transmission,1.0,pc,800.00,800.00,True,True
650,RTV Silicone Gasket Maker,RTV Silicone Gasket Maker,standard,False,Fluids & Consumables,1.0,tube,250.00,250.00,True,True
650,Brake Cleaner,Brake Cleaner,standard,False,Fluids & Consumables,1.0,can,250.00,250.00,True,True
651,Clutch Disc,Clutch Disc,original,True,Transmission,1.0,pc,4950.00,4950.00,True,True
651,Pressure Plate,Pressure Plate,replacement,False,Transmission,1.0,pc,3650.00,3650.00,True,True
651,Release Bearing,Release Bearing,replacement,False,Transmission,1.0,pc,850.00,850.00,True,True
651,RTV Silicone Gasket Maker,RTV Silicone Gasket Maker,standard,False,Fluids & Consumables,1.0,tube,200.00,200.00,True,True
651,Brake Cleaner,Brake Cleaner,standard,False,Fluids & Consumables,1.0,can,250.00,250.00,True,True
652,Engine Oil,Engine Oil,standard,False,Fluids & Consumables,6.0,liter,450.00,2700.00,True,True
652,Oil Filter,Oil Filter,replacement,False,Filters,1.0,pc,350.00,350.00,True,True
652,Air Filter,Air Filter,replacement,False,Filters,1.0,pc,700.00,700.00,True,True
652,Cabin Filter,Cabin Filter,replacement,False,Filters,1.0,pc,350.00,350.00,True,True
653,Suspension Bushing,Suspension Bushing,replacement,False,Steering & Suspension,2.0,pc,550.00,1100.00,True,True
653,Tie Rod End,Tie Rod End,original,True,Steering & Suspension,2.0,pc,2100.00,4200.00,True,True
653,Stabilizer Link,Stabilizer Link,original,True,Steering & Suspension,2.0,pc,2150.00,4300.00,True,True
653,Shock Absorber,Shock Absorber,replacement,False,Steering & Suspension,2.0,pc,2100.00,4200.00,True,True
653,Shock Mounting,Shock Mounting,original,True,Steering & Suspension,2.0,pc,1850.00,3700.00,True,True
654,Valve Cover Gasket,Valve Cover Gasket,replacement,False,Engine,1.0,pc,650.00,650.00,True,True
654,Crankshaft Oil Seal,Crankshaft Oil Seal,replacement,False,Engine,1.0,pc,1650.00,1650.00,True,True
654,RTV Silicone Gasket Maker,RTV Silicone Gasket Maker,standard,False,Fluids & Consumables,1.0,tube,250.00,250.00,True,True
654,Drive / Fan Belt,Drive / Fan Belt,replacement,False,General,1.0,pc,1850.00,1850.00,True,True
654,Engine Oil,Engine Oil,standard,False,Fluids & Consumables,3.0,liter,400.00,1200.00,True,True
655,Engine Oil,Engine Oil,standard,False,Fluids & Consumables,6.0,liter,400.00,2400.00,True,True
655,Air Filter,Air Filter,original,True,Filters,1.0,pc,2100.00,2100.00,True,True
655,Fuel Filter,Fuel Filter,original,True,Filters,1.0,pc,2150.00,2150.00,True,True
656,Brake Fluid,Brake Fluid,standard,False,Fluids & Consumables,1.0,bottle,300.00,300.00,True,True
656,Brake Pads,Brake Pads,replacement,False,Braking,1.0,set,1450.00,1450.00,True,True
656,Wheel Cylinder,Wheel Cylinder,replacement,False,Braking,1.0,pc,1000.00,1000.00,True,True
657,Tie Rod End,Tie Rod End,replacement,False,Steering & Suspension,2.0,pc,1300.00,2600.00,True,True
657,Stabilizer Link,Stabilizer Link,replacement,False,Steering & Suspension,2.0,pc,1300.00,2600.00,True,True
657,Shock Absorber,Shock Absorber,replacement,False,Steering & Suspension,2.0,pc,2650.00,5300.00,True,True
657,Shock Mounting,Shock Mounting,replacement,False,Steering & Suspension,2.0,pc,1200.00,2400.00,True,True
658,Clutch Disc,Clutch Disc,replacement,False,Transmission,1.0,pc,3050.00,3050.00,True,True
658,Pressure Plate,Pressure Plate,replacement,False,Transmission,1.0,pc,3350.00,3350.00,True,True
658,Release Bearing,Release Bearing,replacement,False,Transmission,1.0,pc,950.00,950.00,True,True
658,RTV Silicone Gasket Maker,RTV Silicone Gasket Maker,standard,False,Fluids & Consumables,1.0,tube,250.00,250.00,True,True
658,Brake Cleaner,Brake Cleaner,standard,False,Fluids & Consumables,1.0,can,200.00,200.00,True,True
659,Valve Cover Gasket,Valve Cover Gasket,replacement,False,Engine,1.0,pc,700.00,700.00,True,True
659,Crankshaft Oil Seal,Crankshaft Oil Seal,replacement,False,Engine,1.0,pc,1550.00,1550.00,True,True
659,RTV Silicone Gasket Maker,RTV Silicone Gasket Maker,standard,False,Fluids & Consumables,1.0,tube,250.00,250.00,True,True
659,Drive / Fan Belt,Drive / Fan Belt,replacement,False,General,1.0,pc,1800.00,1800.00,True,True
659,Engine Oil,Engine Oil,standard,False,Fluids & Consumables,5.0,liter,450.00,2250.00,True,True
659,Oil Filter,Oil Filter,replacement,False,Filters,1.0,pc,350.00,350.00,True,True
660,Release Bearing,Release Bearing,replacement,False,Transmission,1.0,pc,850.00,850.00,True,True
660,RTV Silicone Gasket Maker,RTV Silicone Gasket Maker,standard,False,Fluids & Consumables,1.0,tube,250.00,250.00,True,True
660,Brake Cleaner,Brake Cleaner,standard,False,Fluids & Consumables,1.0,can,200.00,200.00,True,True
661,Overhauling Gasket Set,Overhauling Gasket Set,replacement,False,Engine,1.0,set,3500.00,3500.00,True,True
661,Valve Cover Gasket,Valve Cover Gasket,replacement,False,Engine,1.0,pc,600.00,600.00,True,True
661,Crankshaft Oil Seal,Crankshaft Oil Seal,replacement,False,Engine,1.0,pc,1700.00,1700.00,True,True
661,Spark Plug,Spark Plug,replacement,False,Ignition & Electrical,4.0,pc,300.00,1200.00,True,True
661,Engine Coolant,Engine Coolant,standard,False,Fluids & Consumables,2.0,liter,300.00,600.00,True,True
661,Engine Oil,Engine Oil,standard,False,Fluids & Consumables,6.0,liter,450.00,2700.00,True,True
661,Oil Filter,Oil Filter,replacement,False,Filters,1.0,pc,300.00,300.00,True,True
661,RTV Silicone Gasket Maker,RTV Silicone Gasket Maker,standard,False,Fluids & Consumables,2.0,tube,200.00,400.00,True,True
662,Brake Cleaner,Brake Cleaner,standard,False,Fluids & Consumables,1.0,can,200.00,200.00,True,True
662,Brake Fluid,Brake Fluid,standard,False,Fluids & Consumables,1.0,bottle,300.00,300.00,True,True
662,Brake Pads,Brake Pads,original,True,Braking,1.0,set,3550.00,3550.00,True,True
662,Brake Shoe,Brake Shoe,original,True,Braking,1.0,set,2700.00,2700.00,True,True
662,Wheel Cylinder,Wheel Cylinder,original,True,Braking,1.0,pc,1650.00,1650.00,True,True
663,A/C Evaporator,A/C Evaporator,original,True,General,1.0,pc,7550.00,7550.00,True,True
663,Cabin Filter,Cabin Filter,replacement,False,Filters,1.0,pc,450.00,450.00,True,True
664,Brake Cleaner,Brake Cleaner,standard,False,Fluids & Consumables,2.0,can,250.00,500.00,True,True
664,Brake Fluid,Brake Fluid,standard,False,Fluids & Consumables,1.0,bottle,300.00,300.00,True,True
664,Brake Pads,Brake Pads,original,True,Braking,2.0,set,3300.00,6600.00,True,True
664,Brake Shoe,Brake Shoe,original,True,Braking,1.0,set,2300.00,2300.00,True,True
664,Wheel Cylinder,Wheel Cylinder,original,True,Braking,2.0,pc,1550.00,3100.00,True,True
665,Engine Oil,Engine Oil,standard,False,Fluids & Consumables,3.0,liter,450.00,1350.00,True,True
665,Oil Filter,Oil Filter,original,True,Filters,1.0,pc,650.00,650.00,True,True
665,Air Filter,Air Filter,original,True,Filters,1.0,pc,2000.00,2000.00,True,True
665,Cabin Filter,Cabin Filter,original,True,Filters,1.0,pc,1150.00,1150.00,True,True
665,Fuel Filter,Fuel Filter,original,True,Filters,1.0,pc,1950.00,1950.00,True,True
666,Brake Cleaner,Brake Cleaner,standard,False,Fluids & Consumables,1.0,can,250.00,250.00,True,True
666,Brake Fluid,Brake Fluid,standard,False,Fluids & Consumables,1.0,bottle,300.00,300.00,True,True
666,Brake Pads,Brake Pads,replacement,False,Braking,1.0,set,1800.00,1800.00,True,True
666,Brake Shoe,Brake Shoe,replacement,False,Braking,1.0,set,1050.00,1050.00,True,True
666,Wheel Cylinder,Wheel Cylinder,replacement,False,Braking,2.0,pc,850.00,1700.00,True,True
667,Brake Cleaner,Brake Cleaner,standard,False,Fluids & Consumables,2.0,can,300.00,600.00,True,True
667,Brake Fluid,Brake Fluid,standard,False,Fluids & Consumables,1.0,bottle,300.00,300.00,True,True
667,Brake Pads,Brake Pads,replacement,False,Braking,1.0,set,1450.00,1450.00,True,True
667,Brake Shoe,Brake Shoe,replacement,False,Braking,1.0,set,1050.00,1050.00,True,True
667,Wheel Cylinder,Wheel Cylinder,replacement,False,Braking,2.0,pc,1000.00,2000.00,True,True
668,Pressure Plate,Pressure Plate,replacement,False,Transmission,1.0,pc,3800.00,3800.00,True,True
668,Release Bearing,Release Bearing,replacement,False,Transmission,1.0,pc,950.00,950.00,True,True
668,Brake Cleaner,Brake Cleaner,standard,False,Fluids & Consumables,1.0,can,200.00,200.00,True,True
669,Clutch Disc,Clutch Disc,original,True,Transmission,1.0,pc,5250.00,5250.00,True,True
669,Pressure Plate,Pressure Plate,original,True,Transmission,1.0,pc,4200.00,4200.00,True,True
669,Release Bearing,Release Bearing,replacement,False,Transmission,1.0,pc,950.00,950.00,True,True
669,Brake Cleaner,Brake Cleaner,standard,False,Fluids & Consumables,1.0,can,250.00,250.00,True,True
670,Engine Oil,Engine Oil,standard,False,Fluids & Consumables,3.0,liter,500.00,1500.00,True,True
670,Air Filter,Air Filter,replacement,False,Filters,1.0,pc,700.00,700.00,True,True
670,Cabin Filter,Cabin Filter,replacement,False,Filters,1.0,pc,400.00,400.00,True,True
670,Fuel Filter,Fuel Filter,replacement,False,Filters,1.0,pc,500.00,500.00,True,True
671,A/C Evaporator,A/C Evaporator,replacement,False,General,1.0,pc,4250.00,4250.00,True,True
671,Cabin Filter,Cabin Filter,original,True,Filters,1.0,pc,1550.00,1550.00,True,True
671,Freon (R134a),Freon (R134a),standard,False,Fluids & Consumables,1.0,can,500.00,500.00,True,True
671,Cabin Filter,Cabin Filter,replacement,False,Filters,1.0,pc,450.00,450.00,True,True
672,Brake Cleaner,Brake Cleaner,standard,False,Fluids & Consumables,1.0,can,200.00,200.00,True,True
672,Brake Fluid,Brake Fluid,standard,False,Fluids & Consumables,1.0,bottle,300.00,300.00,True,True
672,Brake Pads,Brake Pads,replacement,False,Braking,2.0,set,1600.00,3200.00,True,True
672,Wheel Cylinder,Wheel Cylinder,replacement,False,Braking,1.0,pc,950.00,950.00,True,True
673,A/C Evaporator,A/C Evaporator,replacement,False,General,1.0,pc,3600.00,3600.00,True,True
673,Cabin Filter,Cabin Filter,replacement,False,Filters,1.0,pc,800.00,800.00,True,True
673,Freon (R134a),Freon (R134a),standard,False,Fluids & Consumables,1.0,can,500.00,500.00,True,True
673,Cabin Filter,Cabin Filter,original,True,Filters,1.0,pc,1200.00,1200.00,True,True
674,Suspension Bushing,Suspension Bushing,original,True,Steering & Suspension,4.0,pc,1250.00,5000.00,True,True
674,Tie Rod End,Tie Rod End,replacement,False,Steering & Suspension,2.0,pc,1200.00,2400.00,True,True
674,Stabilizer Link,Stabilizer Link,original,True,Steering & Suspension,2.0,pc,2200.00,4400.00,True,True
674,Shock Absorber,Shock Absorber,original,True,Steering & Suspension,2.0,pc,4700.00,9400.00,True,True
674,Shock Mounting,Shock Mounting,original,True,Steering & Suspension,2.0,pc,2200.00,4400.00,True,True
675,Brake Fluid,Brake Fluid,standard,False,Fluids & Consumables,1.0,bottle,350.00,350.00,True,True
675,Brake Pads,Brake Pads,replacement,False,Braking,1.0,set,1300.00,1300.00,True,True
675,Brake Shoe,Brake Shoe,replacement,False,Braking,1.0,set,1400.00,1400.00,True,True
675,Wheel Cylinder,Wheel Cylinder,original,True,Braking,2.0,pc,1850.00,3700.00,True,True
676,Suspension Bushing,Suspension Bushing,original,True,Steering & Suspension,4.0,pc,1100.00,4400.00,True,True
676,Tie Rod End,Tie Rod End,original,True,Steering & Suspension,2.0,pc,2050.00,4100.00,True,True
676,Stabilizer Link,Stabilizer Link,original,True,Steering & Suspension,2.0,pc,2250.00,4500.00,True,True
676,Shock Absorber,Shock Absorber,original,True,Steering & Suspension,2.0,pc,4500.00,9000.00,True,True
676,Shock Mounting,Shock Mounting,original,True,Steering & Suspension,2.0,pc,2400.00,4800.00,True,True
677,Brake Cleaner,Brake Cleaner,standard,False,Fluids & Consumables,2.0,can,250.00,500.00,True,True
677,Brake Fluid,Brake Fluid,standard,False,Fluids & Consumables,1.0,bottle,300.00,300.00,True,True
677,Brake Pads,Brake Pads,replacement,False,Braking,1.0,set,1200.00,1200.00,True,True
677,Wheel Cylinder,Wheel Cylinder,replacement,False,Braking,1.0,pc,900.00,900.00,True,True
678,Suspension Bushing,Suspension Bushing,replacement,False,Steering & Suspension,3.0,pc,750.00,2250.00,True,True
678,Stabilizer Link,Stabilizer Link,replacement,False,Steering & Suspension,2.0,pc,1150.00,2300.00,True,True
678,Shock Absorber,Shock Absorber,replacement,False,Steering & Suspension,2.0,pc,2250.00,4500.00,True,True
678,Shock Mounting,Shock Mounting,replacement,False,Steering & Suspension,2.0,pc,1150.00,2300.00,True,True
679,Suspension Bushing,Suspension Bushing,replacement,False,Steering & Suspension,3.0,pc,650.00,1950.00,True,True
679,Stabilizer Link,Stabilizer Link,replacement,False,Steering & Suspension,2.0,pc,1000.00,2000.00,True,True
679,Shock Absorber,Shock Absorber,replacement,False,Steering & Suspension,2.0,pc,2400.00,4800.00,True,True
679,Shock Mounting,Shock Mounting,replacement,False,Steering & Suspension,2.0,pc,1250.00,2500.00,True,True
680,A/C Evaporator,A/C Evaporator,replacement,False,General,1.0,pc,3950.00,3950.00,True,True
680,Cabin Filter,Cabin Filter,original,True,Filters,1.0,pc,1450.00,1450.00,True,True
680,Freon (R134a),Freon (R134a),standard,False,Fluids & Consumables,2.0,can,450.00,900.00,True,True
680,Cabin Filter,Cabin Filter,original,True,Filters,1.0,pc,1000.00,1000.00,True,True
681,Brake Cleaner,Brake Cleaner,standard,False,Fluids & Consumables,2.0,can,250.00,500.00,True,True
681,Brake Fluid,Brake Fluid,standard,False,Fluids & Consumables,1.0,bottle,300.00,300.00,True,True
681,Brake Pads,Brake Pads,original,True,Braking,1.0,set,3550.00,3550.00,True,True
681,Wheel Cylinder,Wheel Cylinder,original,True,Braking,1.0,pc,1800.00,1800.00,True,True
682,Engine Oil,Engine Oil,standard,False,Fluids & Consumables,3.0,liter,450.00,1350.00,True,True
682,Oil Filter,Oil Filter,replacement,False,Filters,1.0,pc,400.00,400.00,True,True
682,Fuel Filter,Fuel Filter,replacement,False,Filters,1.0,pc,550.00,550.00,True,True
683,Clutch Disc,Clutch Disc,replacement,False,Transmission,1.0,pc,2650.00,2650.00,True,True
683,Pressure Plate,Pressure Plate,original,True,Transmission,1.0,pc,5150.00,5150.00,True,True
683,Release Bearing,Release Bearing,original,True,Transmission,1.0,pc,1850.00,1850.00,True,True
683,RTV Silicone Gasket Maker,RTV Silicone Gasket Maker,standard,False,Fluids & Consumables,1.0,tube,200.00,200.00,True,True
683,Brake Cleaner,Brake Cleaner,standard,False,Fluids & Consumables,1.0,can,250.00,250.00,True,True
684,Brake Cleaner,Brake Cleaner,standard,False,Fluids & Consumables,2.0,can,250.00,500.00,True,True
684,Brake Fluid,Brake Fluid,standard,False,Fluids & Consumables,1.0,bottle,300.00,300.00,True,True
684,Brake Pads,Brake Pads,replacement,False,Braking,1.0,set,1450.00,1450.00,True,True
684,Brake Shoe,Brake Shoe,replacement,False,Braking,1.0,set,1350.00,1350.00,True,True
684,Wheel Cylinder,Wheel Cylinder,replacement,False,Braking,2.0,pc,1100.00,2200.00,True,True
685,Engine Oil,Engine Oil,standard,False,Fluids & Consumables,5.0,liter,400.00,2000.00,True,True
685,Oil Filter,Oil Filter,replacement,False,Filters,1.0,pc,250.00,250.00,True,True
685,Air Filter,Air Filter,replacement,False,Filters,1.0,pc,600.00,600.00,True,True
685,Cabin Filter,Cabin Filter,replacement,False,Filters,1.0,pc,400.00,400.00,True,True
685,Fuel Filter,Fuel Filter,replacement,False,Filters,1.0,pc,700.00,700.00,True,True
686,A/C Evaporator,A/C Evaporator,replacement,False,General,1.0,pc,4700.00,4700.00,True,True
686,Cabin Filter,Cabin Filter,original,True,Filters,1.0,pc,1250.00,1250.00,True,True
686,Cabin Filter,Cabin Filter,original,True,Filters,1.0,pc,1150.00,1150.00,True,True
687,Engine Oil,Engine Oil,standard,False,Fluids & Consumables,7.0,liter,500.00,3500.00,True,True
687,Oil Filter,Oil Filter,replacement,False,Filters,1.0,pc,300.00,300.00,True,True
688,Engine Oil,Engine Oil,standard,False,Fluids & Consumables,6.0,liter,400.00,2400.00,True,True
688,Oil Filter,Oil Filter,original,True,Filters,1.0,pc,700.00,700.00,True,True
688,Air Filter,Air Filter,replacement,False,Filters,1.0,pc,600.00,600.00,True,True
688,Fuel Filter,Fuel Filter,original,True,Filters,1.0,pc,1450.00,1450.00,True,True
689,Suspension Bushing,Suspension Bushing,replacement,False,Steering & Suspension,4.0,pc,600.00,2400.00,True,True
689,Stabilizer Link,Stabilizer Link,replacement,False,Steering & Suspension,2.0,pc,1200.00,2400.00,True,True
689,Shock Mounting,Shock Mounting,replacement,False,Steering & Suspension,2.0,pc,950.00,1900.00,True,True
690,Engine Oil,Engine Oil,standard,False,Fluids & Consumables,5.0,liter,450.00,2250.00,True,True
690,Oil Filter,Oil Filter,original,True,Filters,1.0,pc,700.00,700.00,True,True
690,Cabin Filter,Cabin Filter,original,True,Filters,1.0,pc,1250.00,1250.00,True,True
691,Clutch Disc,Clutch Disc,replacement,False,Transmission,1.0,pc,2900.00,2900.00,True,True
691,Pressure Plate,Pressure Plate,replacement,False,Transmission,1.0,pc,3350.00,3350.00,True,True
691,Release Bearing,Release Bearing,replacement,False,Transmission,1.0,pc,1000.00,1000.00,True,True
691,RTV Silicone Gasket Maker,RTV Silicone Gasket Maker,standard,False,Fluids & Consumables,1.0,tube,300.00,300.00,True,True
691,Brake Cleaner,Brake Cleaner,standard,False,Fluids & Consumables,1.0,can,250.00,250.00,True,True
692,Brake Pads,Brake Pads,replacement,False,Braking,2.0,set,1400.00,2800.00,True,True
692,Brake Shoe,Brake Shoe,replacement,False,Braking,1.0,set,1300.00,1300.00,True,True
692,Wheel Cylinder,Wheel Cylinder,replacement,False,Braking,1.0,pc,1100.00,1100.00,True,True
693,Brake Cleaner,Brake Cleaner,standard,False,Fluids & Consumables,1.0,can,250.00,250.00,True,True
693,Brake Fluid,Brake Fluid,standard,False,Fluids & Consumables,1.0,bottle,300.00,300.00,True,True
693,Brake Pads,Brake Pads,original,True,Braking,2.0,set,3150.00,6300.00,True,True
693,Brake Shoe,Brake Shoe,replacement,False,Braking,1.0,set,1200.00,1200.00,True,True
693,Wheel Cylinder,Wheel Cylinder,replacement,False,Braking,1.0,pc,1100.00,1100.00,True,True
694,Oil Filter,Oil Filter,replacement,False,Filters,1.0,pc,300.00,300.00,True,True
694,Air Filter,Air Filter,original,True,Filters,1.0,pc,2550.00,2550.00,True,True
694,Fuel Filter,Fuel Filter,original,True,Filters,1.0,pc,2050.00,2050.00,True,True
695,Suspension Bushing,Suspension Bushing,replacement,False,Steering & Suspension,3.0,pc,550.00,1650.00,True,True
695,Tie Rod End,Tie Rod End,replacement,False,Steering & Suspension,2.0,pc,1000.00,2000.00,True,True
695,Stabilizer Link,Stabilizer Link,replacement,False,Steering & Suspension,2.0,pc,1100.00,2200.00,True,True
695,Shock Absorber,Shock Absorber,replacement,False,Steering & Suspension,2.0,pc,2100.00,4200.00,True,True
695,Shock Mounting,Shock Mounting,replacement,False,Steering & Suspension,2.0,pc,1050.00,2100.00,True,True
696,A/C Evaporator,A/C Evaporator,original,True,General,1.0,pc,7900.00,7900.00,True,True
696,Freon (R134a),Freon (R134a),standard,False,Fluids & Consumables,1.0,can,450.00,450.00,True,True
696,Cabin Filter,Cabin Filter,original,True,Filters,1.0,pc,1150.00,1150.00,True,True
697,Brake Cleaner,Brake Cleaner,standard,False,Fluids & Consumables,2.0,can,250.00,500.00,True,True
697,Brake Fluid,Brake Fluid,standard,False,Fluids & Consumables,1.0,bottle,300.00,300.00,True,True
697,Brake Pads,Brake Pads,replacement,False,Braking,1.0,set,1700.00,1700.00,True,True
697,Brake Shoe,Brake Shoe,original,True,Braking,1.0,set,2600.00,2600.00,True,True
697,Wheel Cylinder,Wheel Cylinder,original,True,Braking,2.0,pc,1550.00,3100.00,True,True
698,Engine Oil,Engine Oil,standard,False,Fluids & Consumables,6.0,liter,500.00,3000.00,True,True
698,Air Filter,Air Filter,replacement,False,Filters,1.0,pc,600.00,600.00,True,True
698,Cabin Filter,Cabin Filter,replacement,False,Filters,1.0,pc,500.00,500.00,True,True
698,Fuel Filter,Fuel Filter,replacement,False,Filters,1.0,pc,700.00,700.00,True,True
699,Oil Filter,Oil Filter,replacement,False,Filters,1.0,pc,350.00,350.00,True,True
699,Air Filter,Air Filter,original,True,Filters,1.0,pc,2150.00,2150.00,True,True
699,Cabin Filter,Cabin Filter,replacement,False,Filters,1.0,pc,450.00,450.00,True,True
699,Fuel Filter,Fuel Filter,original,True,Filters,1.0,pc,1650.00,1650.00,True,True
700,Engine Oil,Engine Oil,standard,False,Fluids & Consumables,7.0,liter,400.00,2800.00,True,True
700,Oil Filter,Oil Filter,original,True,Filters,1.0,pc,700.00,700.00,True,True
700,Air Filter,Air Filter,original,True,Filters,1.0,pc,2400.00,2400.00,True,True
700,Cabin Filter,Cabin Filter,original,True,Filters,1.0,pc,1050.00,1050.00,True,True
700,Fuel Filter,Fuel Filter,original,True,Filters,1.0,pc,1850.00,1850.00,True,True
701,Valve Cover Gasket,Valve Cover Gasket,original,True,Engine,1.0,pc,1400.00,1400.00,True,True
701,Crankshaft Oil Seal,Crankshaft Oil Seal,original,True,Engine,1.0,pc,2350.00,2350.00,True,True
701,RTV Silicone Gasket Maker,RTV Silicone Gasket Maker,standard,False,Fluids & Consumables,1.0,tube,250.00,250.00,True,True
701,Drive / Fan Belt,Drive / Fan Belt,original,True,General,1.0,pc,3500.00,3500.00,True,True
701,Engine Oil,Engine Oil,standard,False,Fluids & Consumables,5.0,liter,500.00,2500.00,True,True
701,Oil Filter,Oil Filter,original,True,Filters,1.0,pc,900.00,900.00,True,True
702,Brake Cleaner,Brake Cleaner,standard,False,Fluids & Consumables,1.0,can,250.00,250.00,True,True
702,Brake Fluid,Brake Fluid,standard,False,Fluids & Consumables,1.0,bottle,250.00,250.00,True,True
702,Brake Pads,Brake Pads,replacement,False,Braking,2.0,set,1450.00,2900.00,True,True
702,Brake Shoe,Brake Shoe,replacement,False,Braking,1.0,set,1300.00,1300.00,True,True
703,Brake Cleaner,Brake Cleaner,standard,False,Fluids & Consumables,1.0,can,300.00,300.00,True,True
703,Brake Fluid,Brake Fluid,standard,False,Fluids & Consumables,1.0,bottle,300.00,300.00,True,True
703,Brake Pads,Brake Pads,replacement,False,Braking,1.0,set,1300.00,1300.00,True,True
703,Brake Shoe,Brake Shoe,replacement,False,Braking,1.0,set,1250.00,1250.00,True,True
703,Wheel Cylinder,Wheel Cylinder,replacement,False,Braking,2.0,pc,1050.00,2100.00,True,True
704,Valve Cover Gasket,Valve Cover Gasket,replacement,False,Engine,1.0,pc,600.00,600.00,True,True
704,Crankshaft Oil Seal,Crankshaft Oil Seal,replacement,False,Engine,1.0,pc,1400.00,1400.00,True,True
704,RTV Silicone Gasket Maker,RTV Silicone Gasket Maker,standard,False,Fluids & Consumables,1.0,tube,300.00,300.00,True,True
704,Drive / Fan Belt,Drive / Fan Belt,replacement,False,General,1.0,pc,1900.00,1900.00,True,True
704,Engine Oil,Engine Oil,standard,False,Fluids & Consumables,5.0,liter,450.00,2250.00,True,True
704,Oil Filter,Oil Filter,original,True,Filters,1.0,pc,800.00,800.00,True,True
705,Suspension Bushing,Suspension Bushing,original,True,Steering & Suspension,2.0,pc,1400.00,2800.00,True,True
705,Stabilizer Link,Stabilizer Link,original,True,Steering & Suspension,2.0,pc,2150.00,4300.00,True,True
705,Shock Mounting,Shock Mounting,original,True,Steering & Suspension,2.0,pc,1900.00,3800.00,True,True
706,A/C Evaporator,A/C Evaporator,replacement,False,General,1.0,pc,4400.00,4400.00,True,True
706,Freon (R134a),Freon (R134a),standard,False,Fluids & Consumables,1.0,can,500.00,500.00,True,True
707,Engine Oil,Engine Oil,standard,False,Fluids & Consumables,5.0,liter,450.00,2250.00,True,True
707,Oil Filter,Oil Filter,replacement,False,Filters,1.0,pc,350.00,350.00,True,True
707,Air Filter,Air Filter,original,True,Filters,1.0,pc,1900.00,1900.00,True,True
707,Cabin Filter,Cabin Filter,replacement,False,Filters,1.0,pc,500.00,500.00,True,True
707,Fuel Filter,Fuel Filter,replacement,False,Filters,1.0,pc,600.00,600.00,True,True
708,Air Filter,Air Filter,replacement,False,Filters,1.0,pc,700.00,700.00,True,True
708,Cabin Filter,Cabin Filter,replacement,False,Filters,1.0,pc,400.00,400.00,True,True
708,Fuel Filter,Fuel Filter,replacement,False,Filters,1.0,pc,600.00,600.00,True,True
709,Suspension Bushing,Suspension Bushing,replacement,False,Steering & Suspension,4.0,pc,650.00,2600.00,True,True
709,Tie Rod End,Tie Rod End,replacement,False,Steering & Suspension,2.0,pc,900.00,1800.00,True,True
709,Shock Absorber,Shock Absorber,original,True,Steering & Suspension,2.0,pc,4500.00,9000.00,True,True
709,Shock Mounting,Shock Mounting,replacement,False,Steering & Suspension,2.0,pc,1150.00,2300.00,True,True
710,Clutch Disc,Clutch Disc,replacement,False,Transmission,1.0,pc,3200.00,3200.00,True,True
710,Pressure Plate,Pressure Plate,replacement,False,Transmission,1.0,pc,3900.00,3900.00,True,True
710,Release Bearing,Release Bearing,replacement,False,Transmission,1.0,pc,950.00,950.00,True,True
710,RTV Silicone Gasket Maker,RTV Silicone Gasket Maker,standard,False,Fluids & Consumables,1.0,tube,250.00,250.00,True,True
710,Brake Cleaner,Brake Cleaner,standard,False,Fluids & Consumables,1.0,can,250.00,250.00,True,True
711,Clutch Disc,Clutch Disc,original,True,Transmission,1.0,pc,5400.00,5400.00,True,True
711,Pressure Plate,Pressure Plate,original,True,Transmission,1.0,pc,4650.00,4650.00,True,True
711,Release Bearing,Release Bearing,replacement,False,Transmission,1.0,pc,900.00,900.00,True,True
711,RTV Silicone Gasket Maker,RTV Silicone Gasket Maker,standard,False,Fluids & Consumables,1.0,tube,250.00,250.00,True,True
711,Brake Cleaner,Brake Cleaner,standard,False,Fluids & Consumables,1.0,can,200.00,200.00,True,True
712,Engine Oil,Engine Oil,standard,False,Fluids & Consumables,7.0,liter,450.00,3150.00,True,True
712,Oil Filter,Oil Filter,replacement,False,Filters,1.0,pc,300.00,300.00,True,True
712,Cabin Filter,Cabin Filter,original,True,Filters,1.0,pc,1100.00,1100.00,True,True
712,Fuel Filter,Fuel Filter,original,True,Filters,1.0,pc,1950.00,1950.00,True,True
713,Suspension Bushing,Suspension Bushing,replacement,False,Steering & Suspension,2.0,pc,600.00,1200.00,True,True
713,Tie Rod End,Tie Rod End,replacement,False,Steering & Suspension,2.0,pc,1000.00,2000.00,True,True
713,Stabilizer Link,Stabilizer Link,replacement,False,Steering & Suspension,2.0,pc,1200.00,2400.00,True,True
713,Shock Absorber,Shock Absorber,replacement,False,Steering & Suspension,2.0,pc,2150.00,4300.00,True,True
713,Shock Mounting,Shock Mounting,replacement,False,Steering & Suspension,2.0,pc,1100.00,2200.00,True,True
714,A/C Evaporator,A/C Evaporator,replacement,False,General,1.0,pc,4800.00,4800.00,True,True
714,Cabin Filter,Cabin Filter,replacement,False,Filters,1.0,pc,800.00,800.00,True,True
714,Freon (R134a),Freon (R134a),standard,False,Fluids & Consumables,1.0,can,400.00,400.00,True,True
714,Cabin Filter,Cabin Filter,replacement,False,Filters,1.0,pc,550.00,550.00,True,True
715,Brake Cleaner,Brake Cleaner,standard,False,Fluids & Consumables,1.0,can,250.00,250.00,True,True
715,Brake Fluid,Brake Fluid,standard,False,Fluids & Consumables,1.0,bottle,250.00,250.00,True,True
715,Brake Pads,Brake Pads,original,True,Braking,1.0,set,3550.00,3550.00,True,True
715,Brake Shoe,Brake Shoe,original,True,Braking,1.0,set,2400.00,2400.00,True,True
715,Wheel Cylinder,Wheel Cylinder,original,True,Braking,2.0,pc,1900.00,3800.00,True,True
716,Engine Oil,Engine Oil,standard,False,Fluids & Consumables,6.0,liter,450.00,2700.00,True,True
716,Oil Filter,Oil Filter,replacement,False,Filters,1.0,pc,400.00,400.00,True,True
716,Air Filter,Air Filter,original,True,Filters,1.0,pc,2050.00,2050.00,True,True
716,Cabin Filter,Cabin Filter,replacement,False,Filters,1.0,pc,500.00,500.00,True,True
717,Brake Cleaner,Brake Cleaner,standard,False,Fluids & Consumables,2.0,can,250.00,500.00,True,True
717,Brake Fluid,Brake Fluid,standard,False,Fluids & Consumables,1.0,bottle,300.00,300.00,True,True
717,Brake Pads,Brake Pads,replacement,False,Braking,1.0,set,1450.00,1450.00,True,True
717,Brake Shoe,Brake Shoe,replacement,False,Braking,1.0,set,1300.00,1300.00,True,True
717,Wheel Cylinder,Wheel Cylinder,replacement,False,Braking,2.0,pc,1000.00,2000.00,True,True
718,Suspension Bushing,Suspension Bushing,replacement,False,Steering & Suspension,2.0,pc,650.00,1300.00,True,True
718,Tie Rod End,Tie Rod End,replacement,False,Steering & Suspension,2.0,pc,1350.00,2700.00,True,True
718,Stabilizer Link,Stabilizer Link,replacement,False,Steering & Suspension,2.0,pc,1300.00,2600.00,True,True
718,Shock Absorber,Shock Absorber,replacement,False,Steering & Suspension,2.0,pc,2200.00,4400.00,True,True
718,Shock Mounting,Shock Mounting,replacement,False,Steering & Suspension,2.0,pc,900.00,1800.00,True,True
719,Suspension Bushing,Suspension Bushing,replacement,False,Steering & Suspension,3.0,pc,650.00,1950.00,True,True
719,Tie Rod End,Tie Rod End,replacement,False,Steering & Suspension,2.0,pc,1000.00,2000.00,True,True
719,Stabilizer Link,Stabilizer Link,replacement,False,Steering & Suspension,2.0,pc,1100.00,2200.00,True,True
719,Shock Mounting,Shock Mounting,replacement,False,Steering & Suspension,2.0,pc,1300.00,2600.00,True,True
720,Engine Oil,Engine Oil,standard,False,Fluids & Consumables,3.0,liter,450.00,1350.00,True,True
720,Oil Filter,Oil Filter,original,True,Filters,1.0,pc,600.00,600.00,True,True
720,Cabin Filter,Cabin Filter,replacement,False,Filters,1.0,pc,400.00,400.00,True,True
720,Fuel Filter,Fuel Filter,replacement,False,Filters,1.0,pc,600.00,600.00,True,True
721,Valve Cover Gasket,Valve Cover Gasket,replacement,False,Engine,1.0,pc,500.00,500.00,True,True
721,Crankshaft Oil Seal,Crankshaft Oil Seal,replacement,False,Engine,1.0,pc,1500.00,1500.00,True,True
721,RTV Silicone Gasket Maker,RTV Silicone Gasket Maker,standard,False,Fluids & Consumables,1.0,tube,200.00,200.00,True,True
721,Drive / Fan Belt,Drive / Fan Belt,replacement,False,General,1.0,pc,1850.00,1850.00,True,True
721,Engine Oil,Engine Oil,standard,False,Fluids & Consumables,6.0,liter,450.00,2700.00,True,True
721,Oil Filter,Oil Filter,replacement,False,Filters,1.0,pc,350.00,350.00,True,True
722,Brake Cleaner,Brake Cleaner,standard,False,Fluids & Consumables,1.0,can,250.00,250.00,True,True
722,Brake Fluid,Brake Fluid,standard,False,Fluids & Consumables,1.0,bottle,300.00,300.00,True,True
722,Brake Pads,Brake Pads,replacement,False,Braking,2.0,set,1600.00,3200.00,True,True
722,Brake Shoe,Brake Shoe,replacement,False,Braking,1.0,set,1200.00,1200.00,True,True
722,Wheel Cylinder,Wheel Cylinder,replacement,False,Braking,1.0,pc,950.00,950.00,True,True
723,Suspension Bushing,Suspension Bushing,replacement,False,Steering & Suspension,3.0,pc,800.00,2400.00,True,True
723,Tie Rod End,Tie Rod End,replacement,False,Steering & Suspension,2.0,pc,1400.00,2800.00,True,True
723,Shock Absorber,Shock Absorber,replacement,False,Steering & Suspension,2.0,pc,2200.00,4400.00,True,True
723,Shock Mounting,Shock Mounting,replacement,False,Steering & Suspension,2.0,pc,1150.00,2300.00,True,True
724,A/C Evaporator,A/C Evaporator,replacement,False,General,1.0,pc,3650.00,3650.00,True,True
724,Cabin Filter,Cabin Filter,replacement,False,Filters,1.0,pc,900.00,900.00,True,True
724,Freon (R134a),Freon (R134a),standard,False,Fluids & Consumables,2.0,can,550.00,1100.00,True,True
724,Cabin Filter,Cabin Filter,replacement,False,Filters,1.0,pc,400.00,400.00,True,True
725,Brake Cleaner,Brake Cleaner,standard,False,Fluids & Consumables,2.0,can,250.00,500.00,True,True
725,Brake Shoe,Brake Shoe,replacement,False,Braking,1.0,set,1150.00,1150.00,True,True
725,Wheel Cylinder,Wheel Cylinder,replacement,False,Braking,1.0,pc,900.00,900.00,True,True
726,Brake Cleaner,Brake Cleaner,standard,False,Fluids & Consumables,1.0,can,250.00,250.00,True,True
726,Brake Fluid,Brake Fluid,standard,False,Fluids & Consumables,1.0,bottle,250.00,250.00,True,True
726,Brake Pads,Brake Pads,replacement,False,Braking,2.0,set,1700.00,3400.00,True,True
726,Brake Shoe,Brake Shoe,replacement,False,Braking,1.0,set,1300.00,1300.00,True,True
726,Wheel Cylinder,Wheel Cylinder,replacement,False,Braking,1.0,pc,1050.00,1050.00,True,True
727,Brake Cleaner,Brake Cleaner,standard,False,Fluids & Consumables,2.0,can,250.00,500.00,True,True
727,Brake Fluid,Brake Fluid,standard,False,Fluids & Consumables,1.0,bottle,350.00,350.00,True,True
727,Brake Pads,Brake Pads,replacement,False,Braking,2.0,set,1400.00,2800.00,True,True
727,Brake Shoe,Brake Shoe,replacement,False,Braking,1.0,set,1300.00,1300.00,True,True
727,Wheel Cylinder,Wheel Cylinder,replacement,False,Braking,2.0,pc,1050.00,2100.00,True,True
728,Engine Oil,Engine Oil,standard,False,Fluids & Consumables,5.0,liter,450.00,2250.00,True,True
728,Oil Filter,Oil Filter,replacement,False,Filters,1.0,pc,350.00,350.00,True,True
728,Air Filter,Air Filter,replacement,False,Filters,1.0,pc,600.00,600.00,True,True
728,Cabin Filter,Cabin Filter,replacement,False,Filters,1.0,pc,400.00,400.00,True,True
728,Fuel Filter,Fuel Filter,replacement,False,Filters,1.0,pc,650.00,650.00,True,True
729,Suspension Bushing,Suspension Bushing,replacement,False,Steering & Suspension,4.0,pc,650.00,2600.00,True,True
729,Tie Rod End,Tie Rod End,replacement,False,Steering & Suspension,2.0,pc,1100.00,2200.00,True,True
729,Stabilizer Link,Stabilizer Link,replacement,False,Steering & Suspension,2.0,pc,1300.00,2600.00,True,True
729,Shock Absorber,Shock Absorber,replacement,False,Steering & Suspension,2.0,pc,2200.00,4400.00,True,True
730,Suspension Bushing,Suspension Bushing,original,True,Steering & Suspension,2.0,pc,1250.00,2500.00,True,True
730,Tie Rod End,Tie Rod End,replacement,False,Steering & Suspension,2.0,pc,1050.00,2100.00,True,True
730,Shock Mounting,Shock Mounting,replacement,False,Steering & Suspension,2.0,pc,1350.00,2700.00,True,True
731,Valve Cover Gasket,Valve Cover Gasket,replacement,False,Engine,1.0,pc,650.00,650.00,True,True
731,Crankshaft Oil Seal,Crankshaft Oil Seal,replacement,False,Engine,1.0,pc,1300.00,1300.00,True,True
731,RTV Silicone Gasket Maker,RTV Silicone Gasket Maker,standard,False,Fluids & Consumables,1.0,tube,200.00,200.00,True,True
731,Drive / Fan Belt,Drive / Fan Belt,replacement,False,General,1.0,pc,1350.00,1350.00,True,True
731,Engine Oil,Engine Oil,standard,False,Fluids & Consumables,3.0,liter,500.00,1500.00,True,True
731,Oil Filter,Oil Filter,replacement,False,Filters,1.0,pc,350.00,350.00,True,True
732,Suspension Bushing,Suspension Bushing,original,True,Steering & Suspension,4.0,pc,1300.00,5200.00,True,True
732,Tie Rod End,Tie Rod End,original,True,Steering & Suspension,2.0,pc,2100.00,4200.00,True,True
732,Shock Absorber,Shock Absorber,original,True,Steering & Suspension,2.0,pc,4950.00,9900.00,True,True
732,Shock Mounting,Shock Mounting,replacement,False,Steering & Suspension,2.0,pc,1150.00,2300.00,True,True
733,Brake Cleaner,Brake Cleaner,standard,False,Fluids & Consumables,1.0,can,250.00,250.00,True,True
733,Brake Fluid,Brake Fluid,standard,False,Fluids & Consumables,1.0,bottle,350.00,350.00,True,True
733,Brake Pads,Brake Pads,replacement,False,Braking,1.0,set,1500.00,1500.00,True,True
733,Brake Shoe,Brake Shoe,replacement,False,Braking,1.0,set,1200.00,1200.00,True,True
734,A/C Evaporator,A/C Evaporator,replacement,False,General,1.0,pc,4250.00,4250.00,True,True
734,Cabin Filter,Cabin Filter,replacement,False,Filters,1.0,pc,700.00,700.00,True,True
734,Freon (R134a),Freon (R134a),standard,False,Fluids & Consumables,1.0,can,500.00,500.00,True,True
734,Cabin Filter,Cabin Filter,replacement,False,Filters,1.0,pc,450.00,450.00,True,True
735,Clutch Disc,Clutch Disc,replacement,False,Transmission,1.0,pc,3200.00,3200.00,True,True
735,Release Bearing,Release Bearing,original,True,Transmission,1.0,pc,2050.00,2050.00,True,True
735,RTV Silicone Gasket Maker,RTV Silicone Gasket Maker,standard,False,Fluids & Consumables,1.0,tube,300.00,300.00,True,True
735,Brake Cleaner,Brake Cleaner,standard,False,Fluids & Consumables,1.0,can,200.00,200.00,True,True
736,Brake Cleaner,Brake Cleaner,standard,False,Fluids & Consumables,1.0,can,250.00,250.00,True,True
736,Brake Fluid,Brake Fluid,standard,False,Fluids & Consumables,1.0,bottle,300.00,300.00,True,True
736,Brake Pads,Brake Pads,replacement,False,Braking,2.0,set,1650.00,3300.00,True,True
736,Brake Shoe,Brake Shoe,replacement,False,Braking,1.0,set,1050.00,1050.00,True,True
736,Wheel Cylinder,Wheel Cylinder,replacement,False,Braking,2.0,pc,1050.00,2100.00,True,True
737,Brake Cleaner,Brake Cleaner,standard,False,Fluids & Consumables,1.0,can,250.00,250.00,True,True
737,Brake Fluid,Brake Fluid,standard,False,Fluids & Consumables,1.0,bottle,350.00,350.00,True,True
737,Brake Pads,Brake Pads,replacement,False,Braking,1.0,set,1150.00,1150.00,True,True
737,Brake Shoe,Brake Shoe,replacement,False,Braking,1.0,set,1200.00,1200.00,True,True
737,Wheel Cylinder,Wheel Cylinder,replacement,False,Braking,2.0,pc,1000.00,2000.00,True,True
738,Engine Oil,Engine Oil,standard,False,Fluids & Consumables,4.0,liter,500.00,2000.00,True,True
738,Oil Filter,Oil Filter,replacement,False,Filters,1.0,pc,400.00,400.00,True,True
738,Cabin Filter,Cabin Filter,replacement,False,Filters,1.0,pc,500.00,500.00,True,True
738,Fuel Filter,Fuel Filter,replacement,False,Filters,1.0,pc,550.00,550.00,True,True
739,Air Filter,Air Filter,replacement,False,Filters,1.0,pc,550.00,550.00,True,True
739,Cabin Filter,Cabin Filter,replacement,False,Filters,1.0,pc,500.00,500.00,True,True
739,Fuel Filter,Fuel Filter,replacement,False,Filters,1.0,pc,750.00,750.00,True,True
740,Brake Cleaner,Brake Cleaner,standard,False,Fluids & Consumables,2.0,can,200.00,400.00,True,True
740,Brake Shoe,Brake Shoe,replacement,False,Braking,1.0,set,1250.00,1250.00,True,True
740,Wheel Cylinder,Wheel Cylinder,replacement,False,Braking,2.0,pc,800.00,1600.00,True,True
741,Engine Oil,Engine Oil,standard,False,Fluids & Consumables,4.0,liter,550.00,2200.00,True,True
741,Oil Filter,Oil Filter,replacement,False,Filters,1.0,pc,350.00,350.00,True,True
741,Cabin Filter,Cabin Filter,replacement,False,Filters,1.0,pc,550.00,550.00,True,True
741,Fuel Filter,Fuel Filter,replacement,False,Filters,1.0,pc,700.00,700.00,True,True
742,Brake Cleaner,Brake Cleaner,standard,False,Fluids & Consumables,1.0,can,250.00,250.00,True,True
742,Brake Fluid,Brake Fluid,standard,False,Fluids & Consumables,1.0,bottle,300.00,300.00,True,True
742,Brake Pads,Brake Pads,original,True,Braking,1.0,set,3650.00,3650.00,True,True
742,Wheel Cylinder,Wheel Cylinder,original,True,Braking,2.0,pc,1850.00,3700.00,True,True
743,A/C Evaporator,A/C Evaporator,replacement,False,General,1.0,pc,4150.00,4150.00,True,True
743,Cabin Filter,Cabin Filter,replacement,False,Filters,1.0,pc,700.00,700.00,True,True
743,Freon (R134a),Freon (R134a),standard,False,Fluids & Consumables,1.0,can,550.00,550.00,True,True
743,Cabin Filter,Cabin Filter,original,True,Filters,1.0,pc,1200.00,1200.00,True,True
744,Valve Cover Gasket,Valve Cover Gasket,replacement,False,Engine,1.0,pc,400.00,400.00,True,True
744,Crankshaft Oil Seal,Crankshaft Oil Seal,replacement,False,Engine,1.0,pc,1550.00,1550.00,True,True
744,RTV Silicone Gasket Maker,RTV Silicone Gasket Maker,standard,False,Fluids & Consumables,1.0,tube,250.00,250.00,True,True
744,Drive / Fan Belt,Drive / Fan Belt,replacement,False,General,1.0,pc,1800.00,1800.00,True,True
744,Engine Oil,Engine Oil,standard,False,Fluids & Consumables,4.0,liter,450.00,1800.00,True,True
744,Oil Filter,Oil Filter,replacement,False,Filters,1.0,pc,350.00,350.00,True,True
745,Brake Fluid,Brake Fluid,standard,False,Fluids & Consumables,1.0,bottle,300.00,300.00,True,True
745,Brake Pads,Brake Pads,replacement,False,Braking,1.0,set,1750.00,1750.00,True,True
745,Brake Shoe,Brake Shoe,replacement,False,Braking,1.0,set,1400.00,1400.00,True,True
746,Brake Cleaner,Brake Cleaner,standard,False,Fluids & Consumables,2.0,can,250.00,500.00,True,True
746,Brake Fluid,Brake Fluid,standard,False,Fluids & Consumables,1.0,bottle,300.00,300.00,True,True
746,Brake Pads,Brake Pads,replacement,False,Braking,2.0,set,1500.00,3000.00,True,True
746,Brake Shoe,Brake Shoe,replacement,False,Braking,1.0,set,1400.00,1400.00,True,True
746,Wheel Cylinder,Wheel Cylinder,replacement,False,Braking,2.0,pc,1000.00,2000.00,True,True
747,Engine Oil,Engine Oil,standard,False,Fluids & Consumables,5.0,liter,400.00,2000.00,True,True
747,Oil Filter,Oil Filter,replacement,False,Filters,1.0,pc,450.00,450.00,True,True
747,Air Filter,Air Filter,replacement,False,Filters,1.0,pc,800.00,800.00,True,True
747,Fuel Filter,Fuel Filter,replacement,False,Filters,1.0,pc,550.00,550.00,True,True
748,Engine Oil,Engine Oil,standard,False,Fluids & Consumables,4.0,liter,400.00,1600.00,True,True
748,Oil Filter,Oil Filter,replacement,False,Filters,1.0,pc,300.00,300.00,True,True
748,Cabin Filter,Cabin Filter,replacement,False,Filters,1.0,pc,550.00,550.00,True,True
749,Engine Oil,Engine Oil,standard,False,Fluids & Consumables,7.0,liter,450.00,3150.00,True,True
749,Oil Filter,Oil Filter,replacement,False,Filters,1.0,pc,350.00,350.00,True,True
749,Air Filter,Air Filter,replacement,False,Filters,1.0,pc,550.00,550.00,True,True
749,Cabin Filter,Cabin Filter,replacement,False,Filters,1.0,pc,450.00,450.00,True,True
749,Fuel Filter,Fuel Filter,replacement,False,Filters,1.0,pc,600.00,600.00,True,True
750,Suspension Bushing,Suspension Bushing,original,True,Steering & Suspension,3.0,pc,1200.00,3600.00,True,True
750,Tie Rod End,Tie Rod End,original,True,Steering & Suspension,2.0,pc,2500.00,5000.00,True,True
750,Stabilizer Link,Stabilizer Link,replacement,False,Steering & Suspension,2.0,pc,1000.00,2000.00,True,True
750,Shock Absorber,Shock Absorber,original,True,Steering & Suspension,2.0,pc,4550.00,9100.00,True,True
750,Shock Mounting,Shock Mounting,original,True,Steering & Suspension,2.0,pc,1950.00,3900.00,True,True
751,A/C Evaporator,A/C Evaporator,original,True,General,1.0,pc,8200.00,8200.00,True,True
751,Cabin Filter,Cabin Filter,replacement,False,Filters,1.0,pc,800.00,800.00,True,True
751,Freon (R134a),Freon (R134a),standard,False,Fluids & Consumables,2.0,can,550.00,1100.00,True,True
751,Cabin Filter,Cabin Filter,replacement,False,Filters,1.0,pc,450.00,450.00,True,True
752,Overhauling Gasket Set,Overhauling Gasket Set,replacement,False,Engine,1.0,set,3650.00,3650.00,True,True
752,Valve Cover Gasket,Valve Cover Gasket,replacement,False,Engine,1.0,pc,500.00,500.00,True,True
752,Crankshaft Oil Seal,Crankshaft Oil Seal,replacement,False,Engine,1.0,pc,1600.00,1600.00,True,True
752,Spark Plug,Spark Plug,replacement,False,Ignition & Electrical,4.0,pc,300.00,1200.00,True,True
752,Engine Coolant,Engine Coolant,standard,False,Fluids & Consumables,3.0,liter,400.00,1200.00,True,True
752,Engine Oil,Engine Oil,standard,False,Fluids & Consumables,4.0,liter,500.00,2000.00,True,True
752,Oil Filter,Oil Filter,replacement,False,Filters,1.0,pc,250.00,250.00,True,True
752,RTV Silicone Gasket Maker,RTV Silicone Gasket Maker,standard,False,Fluids & Consumables,2.0,tube,250.00,500.00,True,True
753,Brake Fluid,Brake Fluid,standard,False,Fluids & Consumables,1.0,bottle,300.00,300.00,True,True
753,Brake Pads,Brake Pads,replacement,False,Braking,2.0,set,1350.00,2700.00,True,True
753,Brake Shoe,Brake Shoe,replacement,False,Braking,1.0,set,1350.00,1350.00,True,True
753,Wheel Cylinder,Wheel Cylinder,replacement,False,Braking,1.0,pc,900.00,900.00,True,True
754,Engine Oil,Engine Oil,standard,False,Fluids & Consumables,6.0,liter,450.00,2700.00,True,True
754,Oil Filter,Oil Filter,replacement,False,Filters,1.0,pc,400.00,400.00,True,True
754,Air Filter,Air Filter,replacement,False,Filters,1.0,pc,600.00,600.00,True,True
754,Cabin Filter,Cabin Filter,replacement,False,Filters,1.0,pc,450.00,450.00,True,True
754,Fuel Filter,Fuel Filter,replacement,False,Filters,1.0,pc,500.00,500.00,True,True
755,Pressure Plate,Pressure Plate,replacement,False,Transmission,1.0,pc,3450.00,3450.00,True,True
755,Release Bearing,Release Bearing,replacement,False,Transmission,1.0,pc,1000.00,1000.00,True,True
755,RTV Silicone Gasket Maker,RTV Silicone Gasket Maker,standard,False,Fluids & Consumables,1.0,tube,250.00,250.00,True,True
755,Brake Cleaner,Brake Cleaner,standard,False,Fluids & Consumables,1.0,can,250.00,250.00,True,True
756,Cabin Filter,Cabin Filter,replacement,False,Filters,1.0,pc,900.00,900.00,True,True
757,Brake Cleaner,Brake Cleaner,standard,False,Fluids & Consumables,2.0,can,250.00,500.00,True,True
757,Brake Pads,Brake Pads,original,True,Braking,1.0,set,3850.00,3850.00,True,True
757,Wheel Cylinder,Wheel Cylinder,original,True,Braking,2.0,pc,1850.00,3700.00,True,True
758,Engine Oil,Engine Oil,standard,False,Fluids & Consumables,4.0,liter,400.00,1600.00,True,True
758,Oil Filter,Oil Filter,replacement,False,Filters,1.0,pc,350.00,350.00,True,True
758,Air Filter,Air Filter,replacement,False,Filters,1.0,pc,700.00,700.00,True,True
758,Cabin Filter,Cabin Filter,replacement,False,Filters,1.0,pc,450.00,450.00,True,True
758,Fuel Filter,Fuel Filter,original,True,Filters,1.0,pc,1800.00,1800.00,True,True
759,Clutch Disc,Clutch Disc,original,True,Transmission,1.0,pc,5550.00,5550.00,True,True
759,Pressure Plate,Pressure Plate,replacement,False,Transmission,1.0,pc,3700.00,3700.00,True,True
759,Release Bearing,Release Bearing,replacement,False,Transmission,1.0,pc,1000.00,1000.00,True,True
759,RTV Silicone Gasket Maker,RTV Silicone Gasket Maker,standard,False,Fluids & Consumables,1.0,tube,250.00,250.00,True,True
759,Brake Cleaner,Brake Cleaner,standard,False,Fluids & Consumables,1.0,can,250.00,250.00,True,True
760,Brake Cleaner,Brake Cleaner,standard,False,Fluids & Consumables,2.0,can,300.00,600.00,True,True
760,Brake Fluid,Brake Fluid,standard,False,Fluids & Consumables,1.0,bottle,300.00,300.00,True,True
760,Brake Pads,Brake Pads,replacement,False,Braking,2.0,set,1450.00,2900.00,True,True
760,Brake Shoe,Brake Shoe,original,True,Braking,1.0,set,2750.00,2750.00,True,True
761,Engine Oil,Engine Oil,standard,False,Fluids & Consumables,7.0,liter,450.00,3150.00,True,True
761,Oil Filter,Oil Filter,original,True,Filters,1.0,pc,750.00,750.00,True,True
761,Air Filter,Air Filter,original,True,Filters,1.0,pc,2550.00,2550.00,True,True
761,Cabin Filter,Cabin Filter,original,True,Filters,1.0,pc,1350.00,1350.00,True,True
761,Fuel Filter,Fuel Filter,replacement,False,Filters,1.0,pc,700.00,700.00,True,True
762,Brake Cleaner,Brake Cleaner,standard,False,Fluids & Consumables,1.0,can,250.00,250.00,True,True
763,Air Filter,Air Filter,original,True,Filters,1.0,pc,2300.00,2300.00,True,True
763,Fuel Filter,Fuel Filter,replacement,False,Filters,1.0,pc,650.00,650.00,True,True
764,Brake Cleaner,Brake Cleaner,standard,False,Fluids & Consumables,2.0,can,250.00,500.00,True,True
764,Brake Pads,Brake Pads,original,True,Braking,1.0,set,2800.00,2800.00,True,True
764,Wheel Cylinder,Wheel Cylinder,original,True,Braking,1.0,pc,1800.00,1800.00,True,True
765,Engine Oil,Engine Oil,standard,False,Fluids & Consumables,5.0,liter,500.00,2500.00,True,True
765,Oil Filter,Oil Filter,replacement,False,Filters,1.0,pc,400.00,400.00,True,True
765,Cabin Filter,Cabin Filter,replacement,False,Filters,1.0,pc,450.00,450.00,True,True
765,Fuel Filter,Fuel Filter,replacement,False,Filters,1.0,pc,600.00,600.00,True,True
766,Overhauling Gasket Set,Overhauling Gasket Set,replacement,False,Engine,1.0,set,4350.00,4350.00,True,True
766,Valve Cover Gasket,Valve Cover Gasket,replacement,False,Engine,1.0,pc,600.00,600.00,True,True
766,Spark Plug,Spark Plug,replacement,False,Ignition & Electrical,4.0,pc,250.00,1000.00,True,True
766,Engine Coolant,Engine Coolant,standard,False,Fluids & Consumables,3.0,liter,300.00,900.00,True,True
766,Oil Filter,Oil Filter,replacement,False,Filters,1.0,pc,250.00,250.00,True,True
766,RTV Silicone Gasket Maker,RTV Silicone Gasket Maker,standard,False,Fluids & Consumables,2.0,tube,250.00,500.00,True,True
767,Valve Cover Gasket,Valve Cover Gasket,replacement,False,Engine,1.0,pc,500.00,500.00,True,True
767,RTV Silicone Gasket Maker,RTV Silicone Gasket Maker,standard,False,Fluids & Consumables,1.0,tube,250.00,250.00,True,True
767,Engine Oil,Engine Oil,standard,False,Fluids & Consumables,3.0,liter,450.00,1350.00,True,True
767,Oil Filter,Oil Filter,replacement,False,Filters,1.0,pc,300.00,300.00,True,True
768,Engine Oil,Engine Oil,standard,False,Fluids & Consumables,6.0,liter,450.00,2700.00,True,True
768,Oil Filter,Oil Filter,replacement,False,Filters,1.0,pc,400.00,400.00,True,True
768,Air Filter,Air Filter,original,True,Filters,1.0,pc,2600.00,2600.00,True,True
768,Fuel Filter,Fuel Filter,original,True,Filters,1.0,pc,1750.00,1750.00,True,True
769,Suspension Bushing,Suspension Bushing,replacement,False,Steering & Suspension,2.0,pc,600.00,1200.00,True,True
769,Tie Rod End,Tie Rod End,replacement,False,Steering & Suspension,2.0,pc,1150.00,2300.00,True,True
769,Stabilizer Link,Stabilizer Link,replacement,False,Steering & Suspension,2.0,pc,1150.00,2300.00,True,True
769,Shock Absorber,Shock Absorber,replacement,False,Steering & Suspension,2.0,pc,1750.00,3500.00,True,True
769,Shock Mounting,Shock Mounting,replacement,False,Steering & Suspension,2.0,pc,950.00,1900.00,True,True
770,A/C Evaporator,A/C Evaporator,replacement,False,General,1.0,pc,4550.00,4550.00,True,True
770,Cabin Filter,Cabin Filter,replacement,False,Filters,1.0,pc,1050.00,1050.00,True,True
770,Freon (R134a),Freon (R134a),standard,False,Fluids & Consumables,1.0,can,450.00,450.00,True,True
771,Drive / Fan Belt,Drive / Fan Belt,replacement,False,General,1.0,pc,1750.00,1750.00,True,True
771,Oil Filter,Oil Filter,replacement,False,Filters,1.0,pc,350.00,350.00,True,True
772,Engine Oil,Engine Oil,standard,False,Fluids & Consumables,6.0,liter,450.00,2700.00,True,True
772,Oil Filter,Oil Filter,replacement,False,Filters,1.0,pc,350.00,350.00,True,True
772,Air Filter,Air Filter,replacement,False,Filters,1.0,pc,700.00,700.00,True,True
772,Cabin Filter,Cabin Filter,replacement,False,Filters,1.0,pc,400.00,400.00,True,True
772,Fuel Filter,Fuel Filter,replacement,False,Filters,1.0,pc,750.00,750.00,True,True
773,Suspension Bushing,Suspension Bushing,original,True,Steering & Suspension,4.0,pc,1450.00,5800.00,True,True
773,Tie Rod End,Tie Rod End,original,True,Steering & Suspension,2.0,pc,2450.00,4900.00,True,True
773,Stabilizer Link,Stabilizer Link,replacement,False,Steering & Suspension,2.0,pc,1150.00,2300.00,True,True
773,Shock Absorber,Shock Absorber,original,True,Steering & Suspension,2.0,pc,4150.00,8300.00,True,True
773,Shock Mounting,Shock Mounting,original,True,Steering & Suspension,2.0,pc,2450.00,4900.00,True,True
774,Engine Oil,Engine Oil,standard,False,Fluids & Consumables,7.0,liter,450.00,3150.00,True,True
774,Oil Filter,Oil Filter,replacement,False,Filters,1.0,pc,300.00,300.00,True,True
774,Air Filter,Air Filter,replacement,False,Filters,1.0,pc,550.00,550.00,True,True
774,Cabin Filter,Cabin Filter,replacement,False,Filters,1.0,pc,450.00,450.00,True,True
774,Fuel Filter,Fuel Filter,replacement,False,Filters,1.0,pc,650.00,650.00,True,True
775,Engine Oil,Engine Oil,standard,False,Fluids & Consumables,5.0,liter,400.00,2000.00,True,True
775,Oil Filter,Oil Filter,original,True,Filters,1.0,pc,850.00,850.00,True,True
775,Air Filter,Air Filter,original,True,Filters,1.0,pc,2350.00,2350.00,True,True
775,Fuel Filter,Fuel Filter,original,True,Filters,1.0,pc,2150.00,2150.00,True,True
776,Overhauling Gasket Set,Overhauling Gasket Set,original,True,Engine,1.0,set,6200.00,6200.00,True,True
776,Crankshaft Oil Seal,Crankshaft Oil Seal,original,True,Engine,1.0,pc,2600.00,2600.00,True,True
776,Spark Plug,Spark Plug,original,True,Ignition & Electrical,4.0,pc,550.00,2200.00,True,True
776,Oil Filter,Oil Filter,original,True,Filters,1.0,pc,650.00,650.00,True,True
776,RTV Silicone Gasket Maker,RTV Silicone Gasket Maker,standard,False,Fluids & Consumables,2.0,tube,200.00,400.00,True,True
777,Overhauling Gasket Set,Overhauling Gasket Set,original,True,Engine,1.0,set,6600.00,6600.00,True,True
777,Valve Cover Gasket,Valve Cover Gasket,original,True,Engine,1.0,pc,1500.00,1500.00,True,True
777,Crankshaft Oil Seal,Crankshaft Oil Seal,original,True,Engine,1.0,pc,2100.00,2100.00,True,True
777,Spark Plug,Spark Plug,original,True,Ignition & Electrical,4.0,pc,650.00,2600.00,True,True
777,Engine Coolant,Engine Coolant,standard,False,Fluids & Consumables,2.0,liter,400.00,800.00,True,True
777,Oil Filter,Oil Filter,original,True,Filters,1.0,pc,700.00,700.00,True,True
778,Valve Cover Gasket,Valve Cover Gasket,replacement,False,Engine,1.0,pc,600.00,600.00,True,True
778,Crankshaft Oil Seal,Crankshaft Oil Seal,replacement,False,Engine,1.0,pc,1350.00,1350.00,True,True
778,RTV Silicone Gasket Maker,RTV Silicone Gasket Maker,standard,False,Fluids & Consumables,1.0,tube,250.00,250.00,True,True
778,Drive / Fan Belt,Drive / Fan Belt,replacement,False,General,1.0,pc,1600.00,1600.00,True,True
778,Oil Filter,Oil Filter,replacement,False,Filters,1.0,pc,400.00,400.00,True,True
779,Overhauling Gasket Set,Overhauling Gasket Set,original,True,Engine,1.0,set,6100.00,6100.00,True,True
779,Valve Cover Gasket,Valve Cover Gasket,original,True,Engine,1.0,pc,1450.00,1450.00,True,True
779,Crankshaft Oil Seal,Crankshaft Oil Seal,original,True,Engine,1.0,pc,2300.00,2300.00,True,True
779,Spark Plug,Spark Plug,original,True,Ignition & Electrical,4.0,pc,850.00,3400.00,True,True
779,Engine Coolant,Engine Coolant,standard,False,Fluids & Consumables,2.0,liter,300.00,600.00,True,True
779,Engine Oil,Engine Oil,standard,False,Fluids & Consumables,6.0,liter,500.00,3000.00,True,True
779,Oil Filter,Oil Filter,original,True,Filters,1.0,pc,800.00,800.00,True,True
779,RTV Silicone Gasket Maker,RTV Silicone Gasket Maker,standard,False,Fluids & Consumables,2.0,tube,300.00,600.00,True,True
780,Suspension Bushing,Suspension Bushing,replacement,False,Steering & Suspension,3.0,pc,600.00,1800.00,True,True
780,Tie Rod End,Tie Rod End,replacement,False,Steering & Suspension,2.0,pc,1050.00,2100.00,True,True
780,Stabilizer Link,Stabilizer Link,replacement,False,Steering & Suspension,2.0,pc,1200.00,2400.00,True,True
780,Shock Mounting,Shock Mounting,replacement,False,Steering & Suspension,2.0,pc,1250.00,2500.00,True,True
781,Valve Cover Gasket,Valve Cover Gasket,original,True,Engine,1.0,pc,1500.00,1500.00,True,True
781,Crankshaft Oil Seal,Crankshaft Oil Seal,original,True,Engine,1.0,pc,1900.00,1900.00,True,True
781,RTV Silicone Gasket Maker,RTV Silicone Gasket Maker,standard,False,Fluids & Consumables,1.0,tube,250.00,250.00,True,True
781,Drive / Fan Belt,Drive / Fan Belt,original,True,General,1.0,pc,3150.00,3150.00,True,True
781,Oil Filter,Oil Filter,original,True,Filters,1.0,pc,800.00,800.00,True,True
782,Overhauling Gasket Set,Overhauling Gasket Set,replacement,False,Engine,1.0,set,3350.00,3350.00,True,True
782,Valve Cover Gasket,Valve Cover Gasket,original,True,Engine,1.0,pc,1350.00,1350.00,True,True
782,Crankshaft Oil Seal,Crankshaft Oil Seal,original,True,Engine,1.0,pc,2400.00,2400.00,True,True
782,Spark Plug,Spark Plug,replacement,False,Ignition & Electrical,4.0,pc,350.00,1400.00,True,True
782,Engine Oil,Engine Oil,standard,False,Fluids & Consumables,7.0,liter,450.00,3150.00,True,True
782,Oil Filter,Oil Filter,original,True,Filters,1.0,pc,850.00,850.00,True,True
783,Suspension Bushing,Suspension Bushing,replacement,False,Steering & Suspension,4.0,pc,750.00,3000.00,True,True
783,Tie Rod End,Tie Rod End,original,True,Steering & Suspension,2.0,pc,2500.00,5000.00,True,True
783,Stabilizer Link,Stabilizer Link,replacement,False,Steering & Suspension,2.0,pc,1000.00,2000.00,True,True
783,Shock Absorber,Shock Absorber,replacement,False,Steering & Suspension,2.0,pc,2150.00,4300.00,True,True
783,Shock Mounting,Shock Mounting,replacement,False,Steering & Suspension,2.0,pc,1050.00,2100.00,True,True
784,Brake Cleaner,Brake Cleaner,standard,False,Fluids & Consumables,2.0,can,250.00,500.00,True,True
784,Brake Fluid,Brake Fluid,standard,False,Fluids & Consumables,1.0,bottle,350.00,350.00,True,True
784,Brake Pads,Brake Pads,replacement,False,Braking,1.0,set,1250.00,1250.00,True,True
784,Wheel Cylinder,Wheel Cylinder,replacement,False,Braking,2.0,pc,900.00,1800.00,True,True
785,Oil Filter,Oil Filter,replacement,False,Filters,1.0,pc,350.00,350.00,True,True
785,Air Filter,Air Filter,replacement,False,Filters,1.0,pc,600.00,600.00,True,True
785,Cabin Filter,Cabin Filter,replacement,False,Filters,1.0,pc,400.00,400.00,True,True
786,A/C Evaporator,A/C Evaporator,replacement,False,General,1.0,pc,4150.00,4150.00,True,True
786,Cabin Filter,Cabin Filter,original,True,Filters,1.0,pc,1550.00,1550.00,True,True
786,Freon (R134a),Freon (R134a),standard,False,Fluids & Consumables,1.0,can,550.00,550.00,True,True
786,Cabin Filter,Cabin Filter,replacement,False,Filters,1.0,pc,550.00,550.00,True,True
787,Suspension Bushing,Suspension Bushing,replacement,False,Steering & Suspension,2.0,pc,550.00,1100.00,True,True
787,Stabilizer Link,Stabilizer Link,replacement,False,Steering & Suspension,2.0,pc,1250.00,2500.00,True,True
787,Shock Absorber,Shock Absorber,replacement,False,Steering & Suspension,2.0,pc,1850.00,3700.00,True,True
787,Shock Mounting,Shock Mounting,original,True,Steering & Suspension,2.0,pc,2000.00,4000.00,True,True
788,Engine Oil,Engine Oil,standard,False,Fluids & Consumables,4.0,liter,450.00,1800.00,True,True
788,Oil Filter,Oil Filter,original,True,Filters,1.0,pc,700.00,700.00,True,True
788,Cabin Filter,Cabin Filter,original,True,Filters,1.0,pc,950.00,950.00,True,True
788,Fuel Filter,Fuel Filter,original,True,Filters,1.0,pc,1750.00,1750.00,True,True
789,Brake Cleaner,Brake Cleaner,standard,False,Fluids & Consumables,2.0,can,250.00,500.00,True,True
789,Brake Fluid,Brake Fluid,standard,False,Fluids & Consumables,1.0,bottle,350.00,350.00,True,True
789,Brake Pads,Brake Pads,replacement,False,Braking,1.0,set,1550.00,1550.00,True,True
789,Brake Shoe,Brake Shoe,replacement,False,Braking,1.0,set,1200.00,1200.00,True,True
789,Wheel Cylinder,Wheel Cylinder,replacement,False,Braking,1.0,pc,1100.00,1100.00,True,True
790,Engine Oil,Engine Oil,standard,False,Fluids & Consumables,4.0,liter,500.00,2000.00,True,True
790,Oil Filter,Oil Filter,replacement,False,Filters,1.0,pc,350.00,350.00,True,True
790,Cabin Filter,Cabin Filter,replacement,False,Filters,1.0,pc,500.00,500.00,True,True
791,Engine Oil,Engine Oil,standard,False,Fluids & Consumables,5.0,liter,500.00,2500.00,True,True
791,Air Filter,Air Filter,original,True,Filters,1.0,pc,2600.00,2600.00,True,True
792,Engine Oil,Engine Oil,standard,False,Fluids & Consumables,7.0,liter,450.00,3150.00,True,True
792,Oil Filter,Oil Filter,original,True,Filters,1.0,pc,700.00,700.00,True,True
792,Air Filter,Air Filter,original,True,Filters,1.0,pc,2450.00,2450.00,True,True
792,Cabin Filter,Cabin Filter,original,True,Filters,1.0,pc,1000.00,1000.00,True,True
792,Fuel Filter,Fuel Filter,original,True,Filters,1.0,pc,1950.00,1950.00,True,True
793,Suspension Bushing,Suspension Bushing,replacement,False,Steering & Suspension,4.0,pc,600.00,2400.00,True,True
793,Tie Rod End,Tie Rod End,replacement,False,Steering & Suspension,2.0,pc,1000.00,2000.00,True,True
793,Stabilizer Link,Stabilizer Link,replacement,False,Steering & Suspension,2.0,pc,1150.00,2300.00,True,True
793,Shock Mounting,Shock Mounting,replacement,False,Steering & Suspension,2.0,pc,1150.00,2300.00,True,True
794,Engine Oil,Engine Oil,standard,False,Fluids & Consumables,6.0,liter,400.00,2400.00,True,True
794,Oil Filter,Oil Filter,replacement,False,Filters,1.0,pc,350.00,350.00,True,True
794,Air Filter,Air Filter,original,True,Filters,1.0,pc,2550.00,2550.00,True,True
794,Fuel Filter,Fuel Filter,replacement,False,Filters,1.0,pc,700.00,700.00,True,True
795,A/C Evaporator,A/C Evaporator,replacement,False,General,1.0,pc,4350.00,4350.00,True,True
795,Freon (R134a),Freon (R134a),standard,False,Fluids & Consumables,2.0,can,450.00,900.00,True,True
795,Cabin Filter,Cabin Filter,replacement,False,Filters,1.0,pc,450.00,450.00,True,True
796,Tie Rod End,Tie Rod End,replacement,False,Steering & Suspension,2.0,pc,950.00,1900.00,True,True
796,Shock Absorber,Shock Absorber,replacement,False,Steering & Suspension,2.0,pc,2050.00,4100.00,True,True
796,Shock Mounting,Shock Mounting,replacement,False,Steering & Suspension,2.0,pc,850.00,1700.00,True,True
797,Engine Oil,Engine Oil,standard,False,Fluids & Consumables,5.0,liter,450.00,2250.00,True,True
797,Oil Filter,Oil Filter,replacement,False,Filters,1.0,pc,350.00,350.00,True,True
797,Air Filter,Air Filter,replacement,False,Filters,1.0,pc,800.00,800.00,True,True
797,Cabin Filter,Cabin Filter,replacement,False,Filters,1.0,pc,500.00,500.00,True,True
798,Brake Cleaner,Brake Cleaner,standard,False,Fluids & Consumables,1.0,can,250.00,250.00,True,True
798,Brake Fluid,Brake Fluid,standard,False,Fluids & Consumables,1.0,bottle,300.00,300.00,True,True
798,Brake Pads,Brake Pads,original,True,Braking,1.0,set,3300.00,3300.00,True,True
798,Brake Shoe,Brake Shoe,original,True,Braking,1.0,set,2600.00,2600.00,True,True
798,Wheel Cylinder,Wheel Cylinder,original,True,Braking,1.0,pc,1750.00,1750.00,True,True
799,Tie Rod End,Tie Rod End,replacement,False,Steering & Suspension,2.0,pc,1200.00,2400.00,True,True
799,Shock Absorber,Shock Absorber,replacement,False,Steering & Suspension,2.0,pc,1750.00,3500.00,True,True
799,Shock Mounting,Shock Mounting,replacement,False,Steering & Suspension,2.0,pc,900.00,1800.00,True,True
800,Tie Rod End,Tie Rod End,original,True,Steering & Suspension,2.0,pc,2150.00,4300.00,True,True
800,Stabilizer Link,Stabilizer Link,original,True,Steering & Suspension,2.0,pc,2250.00,4500.00,True,True
800,Shock Absorber,Shock Absorber,original,True,Steering & Suspension,2.0,pc,3850.00,7700.00,True,True
800,Shock Mounting,Shock Mounting,original,True,Steering & Suspension,2.0,pc,1800.00,3600.00,True,True
801,Engine Oil,Engine Oil,standard,False,Fluids & Consumables,5.0,liter,450.00,2250.00,True,True
801,Air Filter,Air Filter,replacement,False,Filters,1.0,pc,500.00,500.00,True,True
801,Cabin Filter,Cabin Filter,replacement,False,Filters,1.0,pc,500.00,500.00,True,True
801,Fuel Filter,Fuel Filter,replacement,False,Filters,1.0,pc,500.00,500.00,True,True
802,A/C Evaporator,A/C Evaporator,original,True,General,1.0,pc,7200.00,7200.00,True,True
802,Cabin Filter,Cabin Filter,original,True,Filters,1.0,pc,1300.00,1300.00,True,True
802,Freon (R134a),Freon (R134a),standard,False,Fluids & Consumables,1.0,can,450.00,450.00,True,True
803,Suspension Bushing,Suspension Bushing,original,True,Steering & Suspension,3.0,pc,1300.00,3900.00,True,True
803,Stabilizer Link,Stabilizer Link,original,True,Steering & Suspension,2.0,pc,1750.00,3500.00,True,True
803,Shock Absorber,Shock Absorber,original,True,Steering & Suspension,2.0,pc,4950.00,9900.00,True,True
803,Shock Mounting,Shock Mounting,original,True,Steering & Suspension,2.0,pc,1800.00,3600.00,True,True
804,Suspension Bushing,Suspension Bushing,replacement,False,Steering & Suspension,3.0,pc,650.00,1950.00,True,True
804,Tie Rod End,Tie Rod End,replacement,False,Steering & Suspension,2.0,pc,1000.00,2000.00,True,True
804,Stabilizer Link,Stabilizer Link,replacement,False,Steering & Suspension,2.0,pc,1250.00,2500.00,True,True
804,Shock Absorber,Shock Absorber,replacement,False,Steering & Suspension,2.0,pc,2300.00,4600.00,True,True
804,Shock Mounting,Shock Mounting,replacement,False,Steering & Suspension,2.0,pc,1050.00,2100.00,True,True
805,Clutch Disc,Clutch Disc,replacement,False,Transmission,1.0,pc,2900.00,2900.00,True,True
805,Pressure Plate,Pressure Plate,replacement,False,Transmission,1.0,pc,3650.00,3650.00,True,True
805,Release Bearing,Release Bearing,replacement,False,Transmission,1.0,pc,1100.00,1100.00,True,True
805,RTV Silicone Gasket Maker,RTV Silicone Gasket Maker,standard,False,Fluids & Consumables,1.0,tube,250.00,250.00,True,True
805,Brake Cleaner,Brake Cleaner,standard,False,Fluids & Consumables,1.0,can,250.00,250.00,True,True
806,Valve Cover Gasket,Valve Cover Gasket,replacement,False,Engine,1.0,pc,400.00,400.00,True,True
806,Crankshaft Oil Seal,Crankshaft Oil Seal,replacement,False,Engine,1.0,pc,1850.00,1850.00,True,True
806,RTV Silicone Gasket Maker,RTV Silicone Gasket Maker,standard,False,Fluids & Consumables,1.0,tube,250.00,250.00,True,True
806,Drive / Fan Belt,Drive / Fan Belt,original,True,General,1.0,pc,2800.00,2800.00,True,True
806,Oil Filter,Oil Filter,original,True,Filters,1.0,pc,700.00,700.00,True,True
807,A/C Evaporator,A/C Evaporator,replacement,False,General,1.0,pc,3700.00,3700.00,True,True
807,Cabin Filter,Cabin Filter,replacement,False,Filters,1.0,pc,800.00,800.00,True,True
807,Freon (R134a),Freon (R134a),standard,False,Fluids & Consumables,2.0,can,550.00,1100.00,True,True
807,Cabin Filter,Cabin Filter,replacement,False,Filters,1.0,pc,450.00,450.00,True,True
808,Clutch Disc,Clutch Disc,replacement,False,Transmission,1.0,pc,2600.00,2600.00,True,True
808,Pressure Plate,Pressure Plate,replacement,False,Transmission,1.0,pc,3400.00,3400.00,True,True
808,Release Bearing,Release Bearing,replacement,False,Transmission,1.0,pc,750.00,750.00,True,True
808,RTV Silicone Gasket Maker,RTV Silicone Gasket Maker,standard,False,Fluids & Consumables,1.0,tube,250.00,250.00,True,True
808,Brake Cleaner,Brake Cleaner,standard,False,Fluids & Consumables,1.0,can,250.00,250.00,True,True
809,Tie Rod End,Tie Rod End,replacement,False,Steering & Suspension,2.0,pc,1200.00,2400.00,True,True
809,Stabilizer Link,Stabilizer Link,replacement,False,Steering & Suspension,2.0,pc,1250.00,2500.00,True,True
809,Shock Absorber,Shock Absorber,replacement,False,Steering & Suspension,2.0,pc,2150.00,4300.00,True,True
809,Shock Mounting,Shock Mounting,replacement,False,Steering & Suspension,2.0,pc,1000.00,2000.00,True,True
810,Valve Cover Gasket,Valve Cover Gasket,original,True,Engine,1.0,pc,1400.00,1400.00,True,True
810,Crankshaft Oil Seal,Crankshaft Oil Seal,original,True,Engine,1.0,pc,2200.00,2200.00,True,True
810,RTV Silicone Gasket Maker,RTV Silicone Gasket Maker,standard,False,Fluids & Consumables,1.0,tube,250.00,250.00,True,True
810,Drive / Fan Belt,Drive / Fan Belt,replacement,False,General,1.0,pc,1750.00,1750.00,True,True
810,Engine Oil,Engine Oil,standard,False,Fluids & Consumables,3.0,liter,500.00,1500.00,True,True
810,Oil Filter,Oil Filter,original,True,Filters,1.0,pc,750.00,750.00,True,True
811,Valve Cover Gasket,Valve Cover Gasket,original,True,Engine,1.0,pc,1400.00,1400.00,True,True
811,Crankshaft Oil Seal,Crankshaft Oil Seal,original,True,Engine,1.0,pc,2650.00,2650.00,True,True
811,RTV Silicone Gasket Maker,RTV Silicone Gasket Maker,standard,False,Fluids & Consumables,1.0,tube,200.00,200.00,True,True
811,Drive / Fan Belt,Drive / Fan Belt,original,True,General,1.0,pc,3100.00,3100.00,True,True
811,Engine Oil,Engine Oil,standard,False,Fluids & Consumables,5.0,liter,500.00,2500.00,True,True
811,Oil Filter,Oil Filter,original,True,Filters,1.0,pc,550.00,550.00,True,True
812,Valve Cover Gasket,Valve Cover Gasket,replacement,False,Engine,1.0,pc,550.00,550.00,True,True
812,Crankshaft Oil Seal,Crankshaft Oil Seal,replacement,False,Engine,1.0,pc,1550.00,1550.00,True,True
812,RTV Silicone Gasket Maker,RTV Silicone Gasket Maker,standard,False,Fluids & Consumables,1.0,tube,250.00,250.00,True,True
812,Drive / Fan Belt,Drive / Fan Belt,replacement,False,General,1.0,pc,1750.00,1750.00,True,True
812,Engine Oil,Engine Oil,standard,False,Fluids & Consumables,6.0,liter,500.00,3000.00,True,True
812,Oil Filter,Oil Filter,replacement,False,Filters,1.0,pc,350.00,350.00,True,True
813,Clutch Disc,Clutch Disc,original,True,Transmission,1.0,pc,5800.00,5800.00,True,True
813,Pressure Plate,Pressure Plate,original,True,Transmission,1.0,pc,4700.00,4700.00,True,True
813,Release Bearing,Release Bearing,original,True,Transmission,1.0,pc,1950.00,1950.00,True,True
813,RTV Silicone Gasket Maker,RTV Silicone Gasket Maker,standard,False,Fluids & Consumables,1.0,tube,250.00,250.00,True,True
813,Brake Cleaner,Brake Cleaner,standard,False,Fluids & Consumables,1.0,can,250.00,250.00,True,True
814,Brake Cleaner,Brake Cleaner,standard,False,Fluids & Consumables,2.0,can,300.00,600.00,True,True
814,Brake Fluid,Brake Fluid,standard,False,Fluids & Consumables,1.0,bottle,350.00,350.00,True,True
814,Brake Shoe,Brake Shoe,replacement,False,Braking,1.0,set,1450.00,1450.00,True,True
815,Brake Cleaner,Brake Cleaner,standard,False,Fluids & Consumables,1.0,can,200.00,200.00,True,True
815,Brake Fluid,Brake Fluid,standard,False,Fluids & Consumables,1.0,bottle,250.00,250.00,True,True
815,Brake Pads,Brake Pads,replacement,False,Braking,2.0,set,1450.00,2900.00,True,True
815,Brake Shoe,Brake Shoe,replacement,False,Braking,1.0,set,1200.00,1200.00,True,True
815,Wheel Cylinder,Wheel Cylinder,replacement,False,Braking,1.0,pc,950.00,950.00,True,True
816,Valve Cover Gasket,Valve Cover Gasket,replacement,False,Engine,1.0,pc,500.00,500.00,True,True
816,Crankshaft Oil Seal,Crankshaft Oil Seal,original,True,Engine,1.0,pc,2450.00,2450.00,True,True
816,RTV Silicone Gasket Maker,RTV Silicone Gasket Maker,standard,False,Fluids & Consumables,1.0,tube,250.00,250.00,True,True
816,Drive / Fan Belt,Drive / Fan Belt,replacement,False,General,1.0,pc,1500.00,1500.00,True,True
816,Oil Filter,Oil Filter,replacement,False,Filters,1.0,pc,300.00,300.00,True,True
817,Valve Cover Gasket,Valve Cover Gasket,replacement,False,Engine,1.0,pc,550.00,550.00,True,True
817,Crankshaft Oil Seal,Crankshaft Oil Seal,replacement,False,Engine,1.0,pc,1400.00,1400.00,True,True
817,RTV Silicone Gasket Maker,RTV Silicone Gasket Maker,standard,False,Fluids & Consumables,1.0,tube,250.00,250.00,True,True
817,Drive / Fan Belt,Drive / Fan Belt,replacement,False,General,1.0,pc,1950.00,1950.00,True,True
817,Engine Oil,Engine Oil,standard,False,Fluids & Consumables,5.0,liter,500.00,2500.00,True,True
817,Oil Filter,Oil Filter,replacement,False,Filters,1.0,pc,400.00,400.00,True,True
818,Clutch Disc,Clutch Disc,replacement,False,Transmission,1.0,pc,3000.00,3000.00,True,True
818,Release Bearing,Release Bearing,original,True,Transmission,1.0,pc,1800.00,1800.00,True,True
818,RTV Silicone Gasket Maker,RTV Silicone Gasket Maker,standard,False,Fluids & Consumables,1.0,tube,200.00,200.00,True,True
818,Brake Cleaner,Brake Cleaner,standard,False,Fluids & Consumables,1.0,can,300.00,300.00,True,True
819,Oil Filter,Oil Filter,replacement,False,Filters,1.0,pc,250.00,250.00,True,True
819,Air Filter,Air Filter,replacement,False,Filters,1.0,pc,700.00,700.00,True,True
819,Cabin Filter,Cabin Filter,original,True,Filters,1.0,pc,1100.00,1100.00,True,True
819,Fuel Filter,Fuel Filter,replacement,False,Filters,1.0,pc,700.00,700.00,True,True
820,Oil Filter,Oil Filter,replacement,False,Filters,1.0,pc,300.00,300.00,True,True
820,Air Filter,Air Filter,original,True,Filters,1.0,pc,1900.00,1900.00,True,True
820,Cabin Filter,Cabin Filter,original,True,Filters,1.0,pc,1350.00,1350.00,True,True
820,Fuel Filter,Fuel Filter,original,True,Filters,1.0,pc,1950.00,1950.00,True,True
821,Brake Cleaner,Brake Cleaner,standard,False,Fluids & Consumables,1.0,can,250.00,250.00,True,True
821,Brake Fluid,Brake Fluid,standard,False,Fluids & Consumables,1.0,bottle,300.00,300.00,True,True
821,Brake Pads,Brake Pads,replacement,False,Braking,1.0,set,1250.00,1250.00,True,True
821,Wheel Cylinder,Wheel Cylinder,replacement,False,Braking,2.0,pc,1000.00,2000.00,True,True
822,Brake Cleaner,Brake Cleaner,standard,False,Fluids & Consumables,1.0,can,300.00,300.00,True,True
822,Brake Fluid,Brake Fluid,standard,False,Fluids & Consumables,1.0,bottle,300.00,300.00,True,True
822,Brake Pads,Brake Pads,replacement,False,Braking,1.0,set,1650.00,1650.00,True,True
822,Brake Shoe,Brake Shoe,replacement,False,Braking,1.0,set,1250.00,1250.00,True,True
822,Wheel Cylinder,Wheel Cylinder,replacement,False,Braking,2.0,pc,1050.00,2100.00,True,True
823,Brake Cleaner,Brake Cleaner,standard,False,Fluids & Consumables,2.0,can,250.00,500.00,True,True
823,Brake Fluid,Brake Fluid,standard,False,Fluids & Consumables,1.0,bottle,300.00,300.00,True,True
823,Brake Shoe,Brake Shoe,replacement,False,Braking,1.0,set,1350.00,1350.00,True,True
823,Wheel Cylinder,Wheel Cylinder,original,True,Braking,1.0,pc,1800.00,1800.00,True,True
824,A/C Evaporator,A/C Evaporator,original,True,General,1.0,pc,8700.00,8700.00,True,True
824,Freon (R134a),Freon (R134a),standard,False,Fluids & Consumables,1.0,can,450.00,450.00,True,True
825,Overhauling Gasket Set,Overhauling Gasket Set,original,True,Engine,1.0,set,7600.00,7600.00,True,True
825,Spark Plug,Spark Plug,replacement,False,Ignition & Electrical,4.0,pc,300.00,1200.00,True,True
825,Engine Coolant,Engine Coolant,standard,False,Fluids & Consumables,4.0,liter,400.00,1600.00,True,True
825,Engine Oil,Engine Oil,standard,False,Fluids & Consumables,6.0,liter,450.00,2700.00,True,True
825,Oil Filter,Oil Filter,original,True,Filters,1.0,pc,900.00,900.00,True,True
825,RTV Silicone Gasket Maker,RTV Silicone Gasket Maker,standard,False,Fluids & Consumables,2.0,tube,200.00,400.00,True,True
826,Engine Oil,Engine Oil,standard,False,Fluids & Consumables,3.0,liter,450.00,1350.00,True,True
826,Oil Filter,Oil Filter,replacement,False,Filters,1.0,pc,400.00,400.00,True,True
826,Cabin Filter,Cabin Filter,replacement,False,Filters,1.0,pc,500.00,500.00,True,True
826,Fuel Filter,Fuel Filter,replacement,False,Filters,1.0,pc,650.00,650.00,True,True
827,Suspension Bushing,Suspension Bushing,original,True,Steering & Suspension,3.0,pc,1250.00,3750.00,True,True
827,Tie Rod End,Tie Rod End,original,True,Steering & Suspension,2.0,pc,2000.00,4000.00,True,True
827,Stabilizer Link,Stabilizer Link,original,True,Steering & Suspension,2.0,pc,2150.00,4300.00,True,True
827,Shock Absorber,Shock Absorber,original,True,Steering & Suspension,2.0,pc,4550.00,9100.00,True,True
827,Shock Mounting,Shock Mounting,original,True,Steering & Suspension,2.0,pc,2100.00,4200.00,True,True
828,Brake Cleaner,Brake Cleaner,standard,False,Fluids & Consumables,1.0,can,250.00,250.00,True,True
828,Brake Fluid,Brake Fluid,standard,False,Fluids & Consumables,1.0,bottle,300.00,300.00,True,True
828,Brake Shoe,Brake Shoe,replacement,False,Braking,1.0,set,1250.00,1250.00,True,True
828,Wheel Cylinder,Wheel Cylinder,replacement,False,Braking,1.0,pc,900.00,900.00,True,True
829,Suspension Bushing,Suspension Bushing,replacement,False,Steering & Suspension,3.0,pc,700.00,2100.00,True,True
829,Tie Rod End,Tie Rod End,replacement,False,Steering & Suspension,2.0,pc,1050.00,2100.00,True,True
829,Stabilizer Link,Stabilizer Link,replacement,False,Steering & Suspension,2.0,pc,1250.00,2500.00,True,True
829,Shock Absorber,Shock Absorber,replacement,False,Steering & Suspension,2.0,pc,1900.00,3800.00,True,True
829,Shock Mounting,Shock Mounting,replacement,False,Steering & Suspension,2.0,pc,1100.00,2200.00,True,True
830,A/C Evaporator,A/C Evaporator,original,True,General,1.0,pc,9400.00,9400.00,True,True
830,Cabin Filter,Cabin Filter,original,True,Filters,1.0,pc,1600.00,1600.00,True,True
831,Oil Filter,Oil Filter,replacement,False,Filters,1.0,pc,350.00,350.00,True,True
831,Air Filter,Air Filter,replacement,False,Filters,1.0,pc,550.00,550.00,True,True
831,Cabin Filter,Cabin Filter,replacement,False,Filters,1.0,pc,450.00,450.00,True,True
832,Valve Cover Gasket,Valve Cover Gasket,replacement,False,Engine,1.0,pc,550.00,550.00,True,True
832,Crankshaft Oil Seal,Crankshaft Oil Seal,replacement,False,Engine,1.0,pc,1750.00,1750.00,True,True
832,RTV Silicone Gasket Maker,RTV Silicone Gasket Maker,standard,False,Fluids & Consumables,1.0,tube,300.00,300.00,True,True
832,Drive / Fan Belt,Drive / Fan Belt,replacement,False,General,1.0,pc,1550.00,1550.00,True,True
832,Engine Oil,Engine Oil,standard,False,Fluids & Consumables,4.0,liter,400.00,1600.00,True,True
832,Oil Filter,Oil Filter,replacement,False,Filters,1.0,pc,250.00,250.00,True,True
833,Engine Oil,Engine Oil,standard,False,Fluids & Consumables,7.0,liter,450.00,3150.00,True,True
833,Oil Filter,Oil Filter,replacement,False,Filters,1.0,pc,350.00,350.00,True,True
833,Air Filter,Air Filter,replacement,False,Filters,1.0,pc,650.00,650.00,True,True
833,Cabin Filter,Cabin Filter,replacement,False,Filters,1.0,pc,450.00,450.00,True,True
833,Fuel Filter,Fuel Filter,replacement,False,Filters,1.0,pc,550.00,550.00,True,True
834,Engine Oil,Engine Oil,standard,False,Fluids & Consumables,3.0,liter,500.00,1500.00,True,True
834,Oil Filter,Oil Filter,replacement,False,Filters,1.0,pc,300.00,300.00,True,True
834,Air Filter,Air Filter,replacement,False,Filters,1.0,pc,750.00,750.00,True,True
834,Cabin Filter,Cabin Filter,replacement,False,Filters,1.0,pc,450.00,450.00,True,True
834,Fuel Filter,Fuel Filter,original,True,Filters,1.0,pc,1800.00,1800.00,True,True
835,Brake Cleaner,Brake Cleaner,standard,False,Fluids & Consumables,1.0,can,200.00,200.00,True,True
835,Brake Pads,Brake Pads,original,True,Braking,2.0,set,3050.00,6100.00,True,True
835,Brake Shoe,Brake Shoe,original,True,Braking,1.0,set,2550.00,2550.00,True,True
835,Wheel Cylinder,Wheel Cylinder,original,True,Braking,1.0,pc,1800.00,1800.00,True,True
836,Engine Oil,Engine Oil,standard,False,Fluids & Consumables,6.0,liter,500.00,3000.00,True,True
836,Oil Filter,Oil Filter,original,True,Filters,1.0,pc,700.00,700.00,True,True
836,Cabin Filter,Cabin Filter,original,True,Filters,1.0,pc,1300.00,1300.00,True,True
836,Fuel Filter,Fuel Filter,original,True,Filters,1.0,pc,1950.00,1950.00,True,True
837,Valve Cover Gasket,Valve Cover Gasket,replacement,False,Engine,1.0,pc,700.00,700.00,True,True
837,Crankshaft Oil Seal,Crankshaft Oil Seal,replacement,False,Engine,1.0,pc,1600.00,1600.00,True,True
837,RTV Silicone Gasket Maker,RTV Silicone Gasket Maker,standard,False,Fluids & Consumables,1.0,tube,200.00,200.00,True,True
837,Drive / Fan Belt,Drive / Fan Belt,replacement,False,General,1.0,pc,1950.00,1950.00,True,True
837,Engine Oil,Engine Oil,standard,False,Fluids & Consumables,5.0,liter,450.00,2250.00,True,True
837,Oil Filter,Oil Filter,replacement,False,Filters,1.0,pc,350.00,350.00,True,True
838,Suspension Bushing,Suspension Bushing,replacement,False,Steering & Suspension,2.0,pc,750.00,1500.00,True,True
838,Tie Rod End,Tie Rod End,replacement,False,Steering & Suspension,2.0,pc,1250.00,2500.00,True,True
838,Stabilizer Link,Stabilizer Link,replacement,False,Steering & Suspension,2.0,pc,1100.00,2200.00,True,True
838,Shock Absorber,Shock Absorber,replacement,False,Steering & Suspension,2.0,pc,2100.00,4200.00,True,True
839,Engine Oil,Engine Oil,standard,False,Fluids & Consumables,4.0,liter,400.00,1600.00,True,True
839,Oil Filter,Oil Filter,replacement,False,Filters,1.0,pc,350.00,350.00,True,True
839,Air Filter,Air Filter,original,True,Filters,1.0,pc,2200.00,2200.00,True,True
839,Cabin Filter,Cabin Filter,replacement,False,Filters,1.0,pc,450.00,450.00,True,True
839,Fuel Filter,Fuel Filter,replacement,False,Filters,1.0,pc,600.00,600.00,True,True
840,Overhauling Gasket Set,Overhauling Gasket Set,original,True,Engine,1.0,set,7150.00,7150.00,True,True
840,Valve Cover Gasket,Valve Cover Gasket,original,True,Engine,1.0,pc,1350.00,1350.00,True,True
840,Crankshaft Oil Seal,Crankshaft Oil Seal,original,True,Engine,1.0,pc,2100.00,2100.00,True,True
840,Spark Plug,Spark Plug,original,True,Ignition & Electrical,4.0,pc,750.00,3000.00,True,True
840,Engine Coolant,Engine Coolant,standard,False,Fluids & Consumables,4.0,liter,350.00,1400.00,True,True
840,Engine Oil,Engine Oil,standard,False,Fluids & Consumables,5.0,liter,450.00,2250.00,True,True
840,Oil Filter,Oil Filter,original,True,Filters,1.0,pc,650.00,650.00,True,True
840,RTV Silicone Gasket Maker,RTV Silicone Gasket Maker,standard,False,Fluids & Consumables,2.0,tube,200.00,400.00,True,True
841,Engine Oil,Engine Oil,standard,False,Fluids & Consumables,7.0,liter,500.00,3500.00,True,True
841,Fuel Filter,Fuel Filter,replacement,False,Filters,1.0,pc,650.00,650.00,True,True
842,A/C Evaporator,A/C Evaporator,replacement,False,General,1.0,pc,3950.00,3950.00,True,True
842,Cabin Filter,Cabin Filter,original,True,Filters,1.0,pc,1550.00,1550.00,True,True
842,Cabin Filter,Cabin Filter,original,True,Filters,1.0,pc,1300.00,1300.00,True,True
843,Engine Oil,Engine Oil,standard,False,Fluids & Consumables,5.0,liter,450.00,2250.00,True,True
843,Oil Filter,Oil Filter,original,True,Filters,1.0,pc,650.00,650.00,True,True
843,Air Filter,Air Filter,original,True,Filters,1.0,pc,2450.00,2450.00,True,True
843,Cabin Filter,Cabin Filter,original,True,Filters,1.0,pc,1050.00,1050.00,True,True
843,Fuel Filter,Fuel Filter,original,True,Filters,1.0,pc,1950.00,1950.00,True,True
844,Brake Cleaner,Brake Cleaner,standard,False,Fluids & Consumables,1.0,can,250.00,250.00,True,True
844,Brake Fluid,Brake Fluid,standard,False,Fluids & Consumables,1.0,bottle,250.00,250.00,True,True
844,Brake Pads,Brake Pads,replacement,False,Braking,1.0,set,1700.00,1700.00,True,True
844,Brake Shoe,Brake Shoe,replacement,False,Braking,1.0,set,1350.00,1350.00,True,True
844,Wheel Cylinder,Wheel Cylinder,original,True,Braking,1.0,pc,1750.00,1750.00,True,True
845,Clutch Disc,Clutch Disc,replacement,False,Transmission,1.0,pc,3000.00,3000.00,True,True
845,Pressure Plate,Pressure Plate,replacement,False,Transmission,1.0,pc,3650.00,3650.00,True,True
845,Release Bearing,Release Bearing,replacement,False,Transmission,1.0,pc,900.00,900.00,True,True
845,RTV Silicone Gasket Maker,RTV Silicone Gasket Maker,standard,False,Fluids & Consumables,1.0,tube,250.00,250.00,True,True
845,Brake Cleaner,Brake Cleaner,standard,False,Fluids & Consumables,1.0,can,250.00,250.00,True,True
846,Engine Oil,Engine Oil,standard,False,Fluids & Consumables,3.0,liter,450.00,1350.00,True,True
846,Oil Filter,Oil Filter,original,True,Filters,1.0,pc,650.00,650.00,True,True
846,Air Filter,Air Filter,original,True,Filters,1.0,pc,2400.00,2400.00,True,True
846,Cabin Filter,Cabin Filter,original,True,Filters,1.0,pc,1000.00,1000.00,True,True
846,Fuel Filter,Fuel Filter,original,True,Filters,1.0,pc,1850.00,1850.00,True,True
847,Suspension Bushing,Suspension Bushing,original,True,Steering & Suspension,2.0,pc,1050.00,2100.00,True,True
847,Tie Rod End,Tie Rod End,original,True,Steering & Suspension,2.0,pc,2000.00,4000.00,True,True
847,Stabilizer Link,Stabilizer Link,original,True,Steering & Suspension,2.0,pc,2000.00,4000.00,True,True
847,Shock Absorber,Shock Absorber,original,True,Steering & Suspension,2.0,pc,4150.00,8300.00,True,True
847,Shock Mounting,Shock Mounting,original,True,Steering & Suspension,2.0,pc,1850.00,3700.00,True,True
848,Engine Oil,Engine Oil,standard,False,Fluids & Consumables,4.0,liter,450.00,1800.00,True,True
848,Oil Filter,Oil Filter,original,True,Filters,1.0,pc,700.00,700.00,True,True
848,Air Filter,Air Filter,replacement,False,Filters,1.0,pc,700.00,700.00,True,True
848,Cabin Filter,Cabin Filter,replacement,False,Filters,1.0,pc,450.00,450.00,True,True
848,Fuel Filter,Fuel Filter,replacement,False,Filters,1.0,pc,750.00,750.00,True,True
849,Engine Oil,Engine Oil,standard,False,Fluids & Consumables,4.0,liter,450.00,1800.00,True,True
849,Oil Filter,Oil Filter,original,True,Filters,1.0,pc,700.00,700.00,True,True
849,Air Filter,Air Filter,original,True,Filters,1.0,pc,2050.00,2050.00,True,True
849,Cabin Filter,Cabin Filter,original,True,Filters,1.0,pc,1250.00,1250.00,True,True
849,Fuel Filter,Fuel Filter,original,True,Filters,1.0,pc,1650.00,1650.00,True,True
850,Brake Cleaner,Brake Cleaner,standard,False,Fluids & Consumables,1.0,can,250.00,250.00,True,True
850,Brake Fluid,Brake Fluid,standard,False,Fluids & Consumables,1.0,bottle,300.00,300.00,True,True
850,Brake Pads,Brake Pads,replacement,False,Braking,1.0,set,1450.00,1450.00,True,True
850,Brake Shoe,Brake Shoe,replacement,False,Braking,1.0,set,1300.00,1300.00,True,True
850,Wheel Cylinder,Wheel Cylinder,original,True,Braking,2.0,pc,2000.00,4000.00,True,True
851,Valve Cover Gasket,Valve Cover Gasket,replacement,False,Engine,1.0,pc,450.00,450.00,True,True
851,Crankshaft Oil Seal,Crankshaft Oil Seal,replacement,False,Engine,1.0,pc,1600.00,1600.00,True,True
851,RTV Silicone Gasket Maker,RTV Silicone Gasket Maker,standard,False,Fluids & Consumables,1.0,tube,250.00,250.00,True,True
851,Drive / Fan Belt,Drive / Fan Belt,replacement,False,General,1.0,pc,1900.00,1900.00,True,True
851,Engine Oil,Engine Oil,standard,False,Fluids & Consumables,5.0,liter,400.00,2000.00,True,True
851,Oil Filter,Oil Filter,replacement,False,Filters,1.0,pc,400.00,400.00,True,True
852,Oil Filter,Oil Filter,replacement,False,Filters,1.0,pc,350.00,350.00,True,True
852,Air Filter,Air Filter,original,True,Filters,1.0,pc,2150.00,2150.00,True,True
852,Cabin Filter,Cabin Filter,replacement,False,Filters,1.0,pc,550.00,550.00,True,True
852,Fuel Filter,Fuel Filter,original,True,Filters,1.0,pc,1750.00,1750.00,True,True
853,Overhauling Gasket Set,Overhauling Gasket Set,original,True,Engine,1.0,set,5300.00,5300.00,True,True
853,Valve Cover Gasket,Valve Cover Gasket,original,True,Engine,1.0,pc,1600.00,1600.00,True,True
853,Crankshaft Oil Seal,Crankshaft Oil Seal,original,True,Engine,1.0,pc,2700.00,2700.00,True,True
853,Spark Plug,Spark Plug,original,True,Ignition & Electrical,4.0,pc,550.00,2200.00,True,True
853,Engine Oil,Engine Oil,standard,False,Fluids & Consumables,5.0,liter,500.00,2500.00,True,True
853,Oil Filter,Oil Filter,original,True,Filters,1.0,pc,800.00,800.00,True,True
853,RTV Silicone Gasket Maker,RTV Silicone Gasket Maker,standard,False,Fluids & Consumables,2.0,tube,250.00,500.00,True,True
854,Engine Oil,Engine Oil,standard,False,Fluids & Consumables,7.0,liter,400.00,2800.00,True,True
854,Oil Filter,Oil Filter,original,True,Filters,1.0,pc,700.00,700.00,True,True
854,Air Filter,Air Filter,original,True,Filters,1.0,pc,2050.00,2050.00,True,True
854,Cabin Filter,Cabin Filter,original,True,Filters,1.0,pc,1300.00,1300.00,True,True
854,Fuel Filter,Fuel Filter,original,True,Filters,1.0,pc,1450.00,1450.00,True,True
855,Clutch Disc,Clutch Disc,replacement,False,Transmission,1.0,pc,2850.00,2850.00,True,True
855,Pressure Plate,Pressure Plate,replacement,False,Transmission,1.0,pc,3750.00,3750.00,True,True
855,Release Bearing,Release Bearing,replacement,False,Transmission,1.0,pc,1050.00,1050.00,True,True
855,RTV Silicone Gasket Maker,RTV Silicone Gasket Maker,standard,False,Fluids & Consumables,1.0,tube,200.00,200.00,True,True
855,Brake Cleaner,Brake Cleaner,standard,False,Fluids & Consumables,1.0,can,250.00,250.00,True,True
856,Brake Shoe,Brake Shoe,replacement,False,Braking,1.0,set,1100.00,1100.00,True,True
857,Overhauling Gasket Set,Overhauling Gasket Set,original,True,Engine,1.0,set,5950.00,5950.00,True,True
857,Valve Cover Gasket,Valve Cover Gasket,original,True,Engine,1.0,pc,1300.00,1300.00,True,True
857,Crankshaft Oil Seal,Crankshaft Oil Seal,original,True,Engine,1.0,pc,2750.00,2750.00,True,True
857,Spark Plug,Spark Plug,replacement,False,Ignition & Electrical,4.0,pc,400.00,1600.00,True,True
857,RTV Silicone Gasket Maker,RTV Silicone Gasket Maker,standard,False,Fluids & Consumables,2.0,tube,300.00,600.00,True,True
858,A/C Evaporator,A/C Evaporator,replacement,False,General,1.0,pc,4350.00,4350.00,True,True
858,Cabin Filter,Cabin Filter,replacement,False,Filters,1.0,pc,750.00,750.00,True,True
858,Freon (R134a),Freon (R134a),standard,False,Fluids & Consumables,1.0,can,450.00,450.00,True,True
858,Cabin Filter,Cabin Filter,replacement,False,Filters,1.0,pc,500.00,500.00,True,True
859,A/C Evaporator,A/C Evaporator,original,True,General,1.0,pc,8700.00,8700.00,True,True
859,Freon (R134a),Freon (R134a),standard,False,Fluids & Consumables,1.0,can,450.00,450.00,True,True
859,Cabin Filter,Cabin Filter,original,True,Filters,1.0,pc,1250.00,1250.00,True,True
860,Overhauling Gasket Set,Overhauling Gasket Set,replacement,False,Engine,1.0,set,3550.00,3550.00,True,True
860,Valve Cover Gasket,Valve Cover Gasket,replacement,False,Engine,1.0,pc,600.00,600.00,True,True
860,Crankshaft Oil Seal,Crankshaft Oil Seal,replacement,False,Engine,1.0,pc,1450.00,1450.00,True,True
860,Spark Plug,Spark Plug,replacement,False,Ignition & Electrical,4.0,pc,350.00,1400.00,True,True
860,Engine Coolant,Engine Coolant,standard,False,Fluids & Consumables,2.0,liter,400.00,800.00,True,True
860,Engine Oil,Engine Oil,standard,False,Fluids & Consumables,6.0,liter,450.00,2700.00,True,True
860,RTV Silicone Gasket Maker,RTV Silicone Gasket Maker,standard,False,Fluids & Consumables,2.0,tube,250.00,500.00,True,True
861,A/C Evaporator,A/C Evaporator,original,True,General,1.0,pc,7750.00,7750.00,True,True
861,Cabin Filter,Cabin Filter,replacement,False,Filters,1.0,pc,1050.00,1050.00,True,True
861,Freon (R134a),Freon (R134a),standard,False,Fluids & Consumables,1.0,can,500.00,500.00,True,True
861,Cabin Filter,Cabin Filter,replacement,False,Filters,1.0,pc,450.00,450.00,True,True
862,Brake Cleaner,Brake Cleaner,standard,False,Fluids & Consumables,1.0,can,250.00,250.00,True,True
862,Brake Fluid,Brake Fluid,standard,False,Fluids & Consumables,1.0,bottle,300.00,300.00,True,True
862,Brake Pads,Brake Pads,replacement,False,Braking,1.0,set,1300.00,1300.00,True,True
862,Brake Shoe,Brake Shoe,replacement,False,Braking,1.0,set,1200.00,1200.00,True,True
862,Wheel Cylinder,Wheel Cylinder,replacement,False,Braking,2.0,pc,850.00,1700.00,True,True
863,Suspension Bushing,Suspension Bushing,original,True,Steering & Suspension,3.0,pc,1150.00,3450.00,True,True
863,Tie Rod End,Tie Rod End,replacement,False,Steering & Suspension,2.0,pc,1150.00,2300.00,True,True
863,Shock Mounting,Shock Mounting,replacement,False,Steering & Suspension,2.0,pc,1000.00,2000.00,True,True
864,Brake Cleaner,Brake Cleaner,standard,False,Fluids & Consumables,2.0,can,250.00,500.00,True,True
864,Brake Fluid,Brake Fluid,standard,False,Fluids & Consumables,1.0,bottle,350.00,350.00,True,True
864,Brake Pads,Brake Pads,replacement,False,Braking,2.0,set,1450.00,2900.00,True,True
864,Brake Shoe,Brake Shoe,replacement,False,Braking,1.0,set,1150.00,1150.00,True,True
864,Wheel Cylinder,Wheel Cylinder,replacement,False,Braking,2.0,pc,900.00,1800.00,True,True
865,Tie Rod End,Tie Rod End,original,True,Steering & Suspension,2.0,pc,2450.00,4900.00,True,True
865,Shock Absorber,Shock Absorber,original,True,Steering & Suspension,2.0,pc,4150.00,8300.00,True,True
865,Shock Mounting,Shock Mounting,original,True,Steering & Suspension,2.0,pc,2200.00,4400.00,True,True
866,A/C Evaporator,A/C Evaporator,original,True,General,1.0,pc,7800.00,7800.00,True,True
866,Cabin Filter,Cabin Filter,original,True,Filters,1.0,pc,1500.00,1500.00,True,True
866,Freon (R134a),Freon (R134a),standard,False,Fluids & Consumables,2.0,can,550.00,1100.00,True,True
866,Cabin Filter,Cabin Filter,original,True,Filters,1.0,pc,1250.00,1250.00,True,True
867,Freon (R134a),Freon (R134a),standard,False,Fluids & Consumables,1.0,can,500.00,500.00,True,True
867,Cabin Filter,Cabin Filter,original,True,Filters,1.0,pc,1150.00,1150.00,True,True
868,Suspension Bushing,Suspension Bushing,replacement,False,Steering & Suspension,2.0,pc,650.00,1300.00,True,True
868,Tie Rod End,Tie Rod End,replacement,False,Steering & Suspension,2.0,pc,1150.00,2300.00,True,True
868,Stabilizer Link,Stabilizer Link,replacement,False,Steering & Suspension,2.0,pc,1300.00,2600.00,True,True
868,Shock Absorber,Shock Absorber,replacement,False,Steering & Suspension,2.0,pc,2150.00,4300.00,True,True
868,Shock Mounting,Shock Mounting,replacement,False,Steering & Suspension,2.0,pc,1150.00,2300.00,True,True
869,A/C Evaporator,A/C Evaporator,replacement,False,General,1.0,pc,4400.00,4400.00,True,True
869,Cabin Filter,Cabin Filter,replacement,False,Filters,1.0,pc,850.00,850.00,True,True
869,Freon (R134a),Freon (R134a),standard,False,Fluids & Consumables,1.0,can,450.00,450.00,True,True
869,Cabin Filter,Cabin Filter,replacement,False,Filters,1.0,pc,500.00,500.00,True,True
870,Clutch Disc,Clutch Disc,original,True,Transmission,1.0,pc,5550.00,5550.00,True,True
870,Release Bearing,Release Bearing,replacement,False,Transmission,1.0,pc,1000.00,1000.00,True,True
870,RTV Silicone Gasket Maker,RTV Silicone Gasket Maker,standard,False,Fluids & Consumables,1.0,tube,250.00,250.00,True,True
870,Brake Cleaner,Brake Cleaner,standard,False,Fluids & Consumables,1.0,can,250.00,250.00,True,True
871,Brake Pads,Brake Pads,replacement,False,Braking,1.0,set,1600.00,1600.00,True,True
871,Wheel Cylinder,Wheel Cylinder,replacement,False,Braking,2.0,pc,1100.00,2200.00,True,True
872,RTV Silicone Gasket Maker,RTV Silicone Gasket Maker,standard,False,Fluids & Consumables,1.0,tube,250.00,250.00,True,True
872,Drive / Fan Belt,Drive / Fan Belt,original,True,General,1.0,pc,3400.00,3400.00,True,True
872,Oil Filter,Oil Filter,original,True,Filters,1.0,pc,800.00,800.00,True,True
873,Brake Cleaner,Brake Cleaner,standard,False,Fluids & Consumables,1.0,can,300.00,300.00,True,True
873,Brake Fluid,Brake Fluid,standard,False,Fluids & Consumables,1.0,bottle,250.00,250.00,True,True
873,Brake Pads,Brake Pads,replacement,False,Braking,2.0,set,1400.00,2800.00,True,True
873,Brake Shoe,Brake Shoe,replacement,False,Braking,1.0,set,1200.00,1200.00,True,True
873,Wheel Cylinder,Wheel Cylinder,replacement,False,Braking,2.0,pc,1050.00,2100.00,True,True
874,Engine Oil,Engine Oil,standard,False,Fluids & Consumables,6.0,liter,500.00,3000.00,True,True
874,Oil Filter,Oil Filter,original,True,Filters,1.0,pc,850.00,850.00,True,True
874,Air Filter,Air Filter,replacement,False,Filters,1.0,pc,500.00,500.00,True,True
874,Cabin Filter,Cabin Filter,original,True,Filters,1.0,pc,1250.00,1250.00,True,True
875,A/C Evaporator,A/C Evaporator,replacement,False,General,1.0,pc,4800.00,4800.00,True,True
875,Freon (R134a),Freon (R134a),standard,False,Fluids & Consumables,2.0,can,450.00,900.00,True,True
876,Brake Fluid,Brake Fluid,standard,False,Fluids & Consumables,1.0,bottle,350.00,350.00,True,True
876,Brake Pads,Brake Pads,replacement,False,Braking,2.0,set,1400.00,2800.00,True,True
876,Brake Shoe,Brake Shoe,replacement,False,Braking,1.0,set,1100.00,1100.00,True,True
877,Oil Filter,Oil Filter,original,True,Filters,1.0,pc,850.00,850.00,True,True
877,Air Filter,Air Filter,original,True,Filters,1.0,pc,2200.00,2200.00,True,True
877,Cabin Filter,Cabin Filter,original,True,Filters,1.0,pc,1100.00,1100.00,True,True
877,Fuel Filter,Fuel Filter,original,True,Filters,1.0,pc,1850.00,1850.00,True,True
878,Brake Cleaner,Brake Cleaner,standard,False,Fluids & Consumables,2.0,can,250.00,500.00,True,True
878,Brake Fluid,Brake Fluid,standard,False,Fluids & Consumables,1.0,bottle,300.00,300.00,True,True
878,Brake Pads,Brake Pads,replacement,False,Braking,2.0,set,1600.00,3200.00,True,True
878,Wheel Cylinder,Wheel Cylinder,replacement,False,Braking,1.0,pc,1050.00,1050.00,True,True
879,A/C Evaporator,A/C Evaporator,replacement,False,General,1.0,pc,3700.00,3700.00,True,True
879,Cabin Filter,Cabin Filter,replacement,False,Filters,1.0,pc,850.00,850.00,True,True
879,Freon (R134a),Freon (R134a),standard,False,Fluids & Consumables,2.0,can,450.00,900.00,True,True
879,Cabin Filter,Cabin Filter,replacement,False,Filters,1.0,pc,500.00,500.00,True,True
880,Brake Cleaner,Brake Cleaner,standard,False,Fluids & Consumables,1.0,can,250.00,250.00,True,True
880,Brake Fluid,Brake Fluid,standard,False,Fluids & Consumables,1.0,bottle,300.00,300.00,True,True
880,Brake Pads,Brake Pads,original,True,Braking,1.0,set,3200.00,3200.00,True,True
880,Brake Shoe,Brake Shoe,original,True,Braking,1.0,set,3200.00,3200.00,True,True
880,Wheel Cylinder,Wheel Cylinder,original,True,Braking,1.0,pc,1750.00,1750.00,True,True
881,Overhauling Gasket Set,Overhauling Gasket Set,original,True,Engine,1.0,set,7600.00,7600.00,True,True
881,Crankshaft Oil Seal,Crankshaft Oil Seal,original,True,Engine,1.0,pc,2450.00,2450.00,True,True
881,Spark Plug,Spark Plug,original,True,Ignition & Electrical,4.0,pc,600.00,2400.00,True,True
881,Engine Oil,Engine Oil,standard,False,Fluids & Consumables,6.0,liter,500.00,3000.00,True,True
881,Oil Filter,Oil Filter,original,True,Filters,1.0,pc,850.00,850.00,True,True
881,RTV Silicone Gasket Maker,RTV Silicone Gasket Maker,standard,False,Fluids & Consumables,2.0,tube,250.00,500.00,True,True
882,Engine Oil,Engine Oil,standard,False,Fluids & Consumables,3.0,liter,450.00,1350.00,True,True
882,Oil Filter,Oil Filter,replacement,False,Filters,1.0,pc,350.00,350.00,True,True
882,Air Filter,Air Filter,replacement,False,Filters,1.0,pc,600.00,600.00,True,True
882,Fuel Filter,Fuel Filter,replacement,False,Filters,1.0,pc,550.00,550.00,True,True
883,Engine Oil,Engine Oil,standard,False,Fluids & Consumables,4.0,liter,450.00,1800.00,True,True
883,Air Filter,Air Filter,replacement,False,Filters,1.0,pc,800.00,800.00,True,True
883,Fuel Filter,Fuel Filter,replacement,False,Filters,1.0,pc,550.00,550.00,True,True
884,Suspension Bushing,Suspension Bushing,original,True,Steering & Suspension,3.0,pc,1200.00,3600.00,True,True
884,Tie Rod End,Tie Rod End,original,True,Steering & Suspension,2.0,pc,1900.00,3800.00,True,True
884,Stabilizer Link,Stabilizer Link,replacement,False,Steering & Suspension,2.0,pc,1200.00,2400.00,True,True
884,Shock Mounting,Shock Mounting,original,True,Steering & Suspension,2.0,pc,1900.00,3800.00,True,True
885,Brake Cleaner,Brake Cleaner,standard,False,Fluids & Consumables,1.0,can,250.00,250.00,True,True
885,Brake Pads,Brake Pads,replacement,False,Braking,2.0,set,1800.00,3600.00,True,True
885,Brake Shoe,Brake Shoe,replacement,False,Braking,1.0,set,1350.00,1350.00,True,True
885,Wheel Cylinder,Wheel Cylinder,replacement,False,Braking,1.0,pc,1000.00,1000.00,True,True
886,Engine Oil,Engine Oil,standard,False,Fluids & Consumables,4.0,liter,400.00,1600.00,True,True
886,Oil Filter,Oil Filter,replacement,False,Filters,1.0,pc,400.00,400.00,True,True
886,Air Filter,Air Filter,original,True,Filters,1.0,pc,2300.00,2300.00,True,True
886,Cabin Filter,Cabin Filter,replacement,False,Filters,1.0,pc,400.00,400.00,True,True
886,Fuel Filter,Fuel Filter,replacement,False,Filters,1.0,pc,650.00,650.00,True,True
887,A/C Evaporator,A/C Evaporator,replacement,False,General,1.0,pc,4400.00,4400.00,True,True
887,Cabin Filter,Cabin Filter,replacement,False,Filters,1.0,pc,800.00,800.00,True,True
887,Freon (R134a),Freon (R134a),standard,False,Fluids & Consumables,1.0,can,500.00,500.00,True,True
887,Cabin Filter,Cabin Filter,replacement,False,Filters,1.0,pc,500.00,500.00,True,True
888,A/C Evaporator,A/C Evaporator,replacement,False,General,1.0,pc,4100.00,4100.00,True,True
888,Cabin Filter,Cabin Filter,replacement,False,Filters,1.0,pc,850.00,850.00,True,True
888,Freon (R134a),Freon (R134a),standard,False,Fluids & Consumables,1.0,can,400.00,400.00,True,True
888,Cabin Filter,Cabin Filter,replacement,False,Filters,1.0,pc,400.00,400.00,True,True
889,Engine Oil,Engine Oil,standard,False,Fluids & Consumables,3.0,liter,450.00,1350.00,True,True
889,Air Filter,Air Filter,original,True,Filters,1.0,pc,2500.00,2500.00,True,True
889,Cabin Filter,Cabin Filter,original,True,Filters,1.0,pc,1150.00,1150.00,True,True
890,Engine Oil,Engine Oil,standard,False,Fluids & Consumables,5.0,liter,450.00,2250.00,True,True
890,Oil Filter,Oil Filter,replacement,False,Filters,1.0,pc,350.00,350.00,True,True
890,Air Filter,Air Filter,replacement,False,Filters,1.0,pc,650.00,650.00,True,True
890,Cabin Filter,Cabin Filter,replacement,False,Filters,1.0,pc,500.00,500.00,True,True
890,Fuel Filter,Fuel Filter,replacement,False,Filters,1.0,pc,450.00,450.00,True,True
891,Engine Oil,Engine Oil,standard,False,Fluids & Consumables,4.0,liter,450.00,1800.00,True,True
891,Oil Filter,Oil Filter,replacement,False,Filters,1.0,pc,400.00,400.00,True,True
891,Air Filter,Air Filter,replacement,False,Filters,1.0,pc,650.00,650.00,True,True
891,Fuel Filter,Fuel Filter,replacement,False,Filters,1.0,pc,600.00,600.00,True,True
892,Brake Fluid,Brake Fluid,standard,False,Fluids & Consumables,1.0,bottle,350.00,350.00,True,True
892,Brake Pads,Brake Pads,replacement,False,Braking,1.0,set,1550.00,1550.00,True,True
892,Brake Shoe,Brake Shoe,replacement,False,Braking,1.0,set,1350.00,1350.00,True,True
892,Wheel Cylinder,Wheel Cylinder,replacement,False,Braking,2.0,pc,800.00,1600.00,True,True
893,Brake Cleaner,Brake Cleaner,standard,False,Fluids & Consumables,2.0,can,250.00,500.00,True,True
893,Brake Fluid,Brake Fluid,standard,False,Fluids & Consumables,1.0,bottle,300.00,300.00,True,True
893,Brake Pads,Brake Pads,original,True,Braking,1.0,set,3300.00,3300.00,True,True
893,Brake Shoe,Brake Shoe,original,True,Braking,1.0,set,2650.00,2650.00,True,True
893,Wheel Cylinder,Wheel Cylinder,original,True,Braking,2.0,pc,1400.00,2800.00,True,True
894,Valve Cover Gasket,Valve Cover Gasket,original,True,Engine,1.0,pc,1350.00,1350.00,True,True
894,Crankshaft Oil Seal,Crankshaft Oil Seal,original,True,Engine,1.0,pc,2150.00,2150.00,True,True
894,RTV Silicone Gasket Maker,RTV Silicone Gasket Maker,standard,False,Fluids & Consumables,1.0,tube,250.00,250.00,True,True
894,Drive / Fan Belt,Drive / Fan Belt,replacement,False,General,1.0,pc,1850.00,1850.00,True,True
894,Oil Filter,Oil Filter,original,True,Filters,1.0,pc,750.00,750.00,True,True
895,Brake Cleaner,Brake Cleaner,standard,False,Fluids & Consumables,1.0,can,250.00,250.00,True,True
895,Brake Fluid,Brake Fluid,standard,False,Fluids & Consumables,1.0,bottle,300.00,300.00,True,True
895,Brake Pads,Brake Pads,replacement,False,Braking,2.0,set,1750.00,3500.00,True,True
895,Wheel Cylinder,Wheel Cylinder,replacement,False,Braking,1.0,pc,1050.00,1050.00,True,True
896,Engine Oil,Engine Oil,standard,False,Fluids & Consumables,4.0,liter,450.00,1800.00,True,True
896,Oil Filter,Oil Filter,original,True,Filters,1.0,pc,850.00,850.00,True,True
896,Fuel Filter,Fuel Filter,original,True,Filters,1.0,pc,1950.00,1950.00,True,True
897,Valve Cover Gasket,Valve Cover Gasket,replacement,False,Engine,1.0,pc,650.00,650.00,True,True
897,Oil Filter,Oil Filter,original,True,Filters,1.0,pc,650.00,650.00,True,True
898,Brake Cleaner,Brake Cleaner,standard,False,Fluids & Consumables,2.0,can,250.00,500.00,True,True
898,Brake Fluid,Brake Fluid,standard,False,Fluids & Consumables,1.0,bottle,350.00,350.00,True,True
898,Brake Pads,Brake Pads,original,True,Braking,1.0,set,2900.00,2900.00,True,True
898,Brake Shoe,Brake Shoe,original,True,Braking,1.0,set,2800.00,2800.00,True,True
899,Valve Cover Gasket,Valve Cover Gasket,replacement,False,Engine,1.0,pc,550.00,550.00,True,True
899,Crankshaft Oil Seal,Crankshaft Oil Seal,original,True,Engine,1.0,pc,2450.00,2450.00,True,True
899,RTV Silicone Gasket Maker,RTV Silicone Gasket Maker,standard,False,Fluids & Consumables,1.0,tube,200.00,200.00,True,True
899,Engine Oil,Engine Oil,standard,False,Fluids & Consumables,4.0,liter,450.00,1800.00,True,True
899,Oil Filter,Oil Filter,replacement,False,Filters,1.0,pc,350.00,350.00,True,True
900,Engine Oil,Engine Oil,standard,False,Fluids & Consumables,5.0,liter,500.00,2500.00,True,True
900,Oil Filter,Oil Filter,replacement,False,Filters,1.0,pc,350.00,350.00,True,True
900,Air Filter,Air Filter,replacement,False,Filters,1.0,pc,600.00,600.00,True,True
900,Cabin Filter,Cabin Filter,replacement,False,Filters,1.0,pc,500.00,500.00,True,True
900,Fuel Filter,Fuel Filter,replacement,False,Filters,1.0,pc,600.00,600.00,True,True
901,Brake Fluid,Brake Fluid,standard,False,Fluids & Consumables,1.0,bottle,350.00,350.00,True,True
901,Brake Pads,Brake Pads,replacement,False,Braking,2.0,set,1250.00,2500.00,True,True
901,Brake Shoe,Brake Shoe,replacement,False,Braking,1.0,set,1050.00,1050.00,True,True
902,Crankshaft Oil Seal,Crankshaft Oil Seal,replacement,False,Engine,1.0,pc,1400.00,1400.00,True,True
902,RTV Silicone Gasket Maker,RTV Silicone Gasket Maker,standard,False,Fluids & Consumables,1.0,tube,250.00,250.00,True,True
902,Drive / Fan Belt,Drive / Fan Belt,replacement,False,General,1.0,pc,2150.00,2150.00,True,True
902,Engine Oil,Engine Oil,standard,False,Fluids & Consumables,6.0,liter,400.00,2400.00,True,True
902,Oil Filter,Oil Filter,replacement,False,Filters,1.0,pc,350.00,350.00,True,True
903,Brake Cleaner,Brake Cleaner,standard,False,Fluids & Consumables,1.0,can,250.00,250.00,True,True
903,Brake Pads,Brake Pads,replacement,False,Braking,2.0,set,1500.00,3000.00,True,True
903,Brake Shoe,Brake Shoe,replacement,False,Braking,1.0,set,1250.00,1250.00,True,True
903,Wheel Cylinder,Wheel Cylinder,replacement,False,Braking,1.0,pc,1050.00,1050.00,True,True
904,Brake Cleaner,Brake Cleaner,standard,False,Fluids & Consumables,2.0,can,250.00,500.00,True,True
904,Brake Fluid,Brake Fluid,standard,False,Fluids & Consumables,1.0,bottle,300.00,300.00,True,True
904,Brake Shoe,Brake Shoe,replacement,False,Braking,1.0,set,1050.00,1050.00,True,True
904,Wheel Cylinder,Wheel Cylinder,replacement,False,Braking,1.0,pc,1000.00,1000.00,True,True
905,Suspension Bushing,Suspension Bushing,original,True,Steering & Suspension,4.0,pc,1200.00,4800.00,True,True
905,Tie Rod End,Tie Rod End,replacement,False,Steering & Suspension,2.0,pc,1150.00,2300.00,True,True
905,Stabilizer Link,Stabilizer Link,replacement,False,Steering & Suspension,2.0,pc,950.00,1900.00,True,True
905,Shock Absorber,Shock Absorber,original,True,Steering & Suspension,2.0,pc,5500.00,11000.00,True,True
905,Shock Mounting,Shock Mounting,replacement,False,Steering & Suspension,2.0,pc,1050.00,2100.00,True,True
906,Brake Cleaner,Brake Cleaner,standard,False,Fluids & Consumables,2.0,can,250.00,500.00,True,True
906,Brake Pads,Brake Pads,original,True,Braking,2.0,set,3800.00,7600.00,True,True
906,Brake Shoe,Brake Shoe,original,True,Braking,1.0,set,3200.00,3200.00,True,True
906,Wheel Cylinder,Wheel Cylinder,original,True,Braking,1.0,pc,1550.00,1550.00,True,True
907,Engine Oil,Engine Oil,standard,False,Fluids & Consumables,5.0,liter,450.00,2250.00,True,True
907,Oil Filter,Oil Filter,original,True,Filters,1.0,pc,850.00,850.00,True,True
907,Air Filter,Air Filter,original,True,Filters,1.0,pc,2000.00,2000.00,True,True
907,Cabin Filter,Cabin Filter,original,True,Filters,1.0,pc,1400.00,1400.00,True,True
907,Fuel Filter,Fuel Filter,original,True,Filters,1.0,pc,1550.00,1550.00,True,True
908,Engine Oil,Engine Oil,standard,False,Fluids & Consumables,5.0,liter,450.00,2250.00,True,True
908,Oil Filter,Oil Filter,original,True,Filters,1.0,pc,850.00,850.00,True,True
908,Air Filter,Air Filter,replacement,False,Filters,1.0,pc,650.00,650.00,True,True
908,Cabin Filter,Cabin Filter,original,True,Filters,1.0,pc,1400.00,1400.00,True,True
908,Fuel Filter,Fuel Filter,replacement,False,Filters,1.0,pc,700.00,700.00,True,True
909,Engine Oil,Engine Oil,standard,False,Fluids & Consumables,4.0,liter,500.00,2000.00,True,True
909,Air Filter,Air Filter,original,True,Filters,1.0,pc,2300.00,2300.00,True,True
909,Cabin Filter,Cabin Filter,original,True,Filters,1.0,pc,1150.00,1150.00,True,True
909,Fuel Filter,Fuel Filter,original,True,Filters,1.0,pc,1700.00,1700.00,True,True
910,Suspension Bushing,Suspension Bushing,original,True,Steering & Suspension,4.0,pc,1300.00,5200.00,True,True
910,Tie Rod End,Tie Rod End,replacement,False,Steering & Suspension,2.0,pc,1000.00,2000.00,True,True
910,Stabilizer Link,Stabilizer Link,replacement,False,Steering & Suspension,2.0,pc,1400.00,2800.00,True,True
910,Shock Absorber,Shock Absorber,replacement,False,Steering & Suspension,2.0,pc,2250.00,4500.00,True,True
910,Shock Mounting,Shock Mounting,replacement,False,Steering & Suspension,2.0,pc,1150.00,2300.00,True,True
911,Engine Oil,Engine Oil,standard,False,Fluids & Consumables,4.0,liter,500.00,2000.00,True,True
911,Oil Filter,Oil Filter,original,True,Filters,1.0,pc,800.00,800.00,True,True
911,Cabin Filter,Cabin Filter,original,True,Filters,1.0,pc,1000.00,1000.00,True,True
911,Fuel Filter,Fuel Filter,replacement,False,Filters,1.0,pc,550.00,550.00,True,True
912,Brake Cleaner,Brake Cleaner,standard,False,Fluids & Consumables,1.0,can,300.00,300.00,True,True
912,Brake Fluid,Brake Fluid,standard,False,Fluids & Consumables,1.0,bottle,300.00,300.00,True,True
912,Brake Pads,Brake Pads,replacement,False,Braking,2.0,set,1500.00,3000.00,True,True
912,Brake Shoe,Brake Shoe,original,True,Braking,1.0,set,2450.00,2450.00,True,True
912,Wheel Cylinder,Wheel Cylinder,replacement,False,Braking,2.0,pc,950.00,1900.00,True,True
913,Engine Oil,Engine Oil,standard,False,Fluids & Consumables,5.0,liter,450.00,2250.00,True,True
913,Oil Filter,Oil Filter,replacement,False,Filters,1.0,pc,400.00,400.00,True,True
913,Air Filter,Air Filter,replacement,False,Filters,1.0,pc,700.00,700.00,True,True
913,Cabin Filter,Cabin Filter,replacement,False,Filters,1.0,pc,500.00,500.00,True,True
914,Clutch Disc,Clutch Disc,replacement,False,Transmission,1.0,pc,2450.00,2450.00,True,True
914,Pressure Plate,Pressure Plate,replacement,False,Transmission,1.0,pc,3400.00,3400.00,True,True
914,Release Bearing,Release Bearing,replacement,False,Transmission,1.0,pc,1000.00,1000.00,True,True
914,RTV Silicone Gasket Maker,RTV Silicone Gasket Maker,standard,False,Fluids & Consumables,1.0,tube,250.00,250.00,True,True
914,Brake Cleaner,Brake Cleaner,standard,False,Fluids & Consumables,1.0,can,300.00,300.00,True,True
915,Clutch Disc,Clutch Disc,replacement,False,Transmission,1.0,pc,2500.00,2500.00,True,True
915,Pressure Plate,Pressure Plate,replacement,False,Transmission,1.0,pc,3400.00,3400.00,True,True
915,Release Bearing,Release Bearing,replacement,False,Transmission,1.0,pc,950.00,950.00,True,True
915,RTV Silicone Gasket Maker,RTV Silicone Gasket Maker,standard,False,Fluids & Consumables,1.0,tube,200.00,200.00,True,True
915,Brake Cleaner,Brake Cleaner,standard,False,Fluids & Consumables,1.0,can,250.00,250.00,True,True
916,Brake Cleaner,Brake Cleaner,standard,False,Fluids & Consumables,1.0,can,250.00,250.00,True,True
916,Brake Fluid,Brake Fluid,standard,False,Fluids & Consumables,1.0,bottle,300.00,300.00,True,True
916,Brake Pads,Brake Pads,replacement,False,Braking,1.0,set,1400.00,1400.00,True,True
916,Wheel Cylinder,Wheel Cylinder,replacement,False,Braking,1.0,pc,850.00,850.00,True,True
917,Brake Cleaner,Brake Cleaner,standard,False,Fluids & Consumables,1.0,can,250.00,250.00,True,True
917,Brake Pads,Brake Pads,replacement,False,Braking,2.0,set,1450.00,2900.00,True,True
917,Brake Shoe,Brake Shoe,replacement,False,Braking,1.0,set,1200.00,1200.00,True,True
918,Brake Cleaner,Brake Cleaner,standard,False,Fluids & Consumables,1.0,can,250.00,250.00,True,True
918,Brake Fluid,Brake Fluid,standard,False,Fluids & Consumables,1.0,bottle,300.00,300.00,True,True
918,Brake Pads,Brake Pads,original,True,Braking,2.0,set,3400.00,6800.00,True,True
918,Brake Shoe,Brake Shoe,original,True,Braking,1.0,set,2700.00,2700.00,True,True
918,Wheel Cylinder,Wheel Cylinder,original,True,Braking,1.0,pc,2050.00,2050.00,True,True
919,Brake Cleaner,Brake Cleaner,standard,False,Fluids & Consumables,2.0,can,200.00,400.00,True,True
919,Brake Fluid,Brake Fluid,standard,False,Fluids & Consumables,1.0,bottle,250.00,250.00,True,True
919,Brake Pads,Brake Pads,replacement,False,Braking,2.0,set,1450.00,2900.00,True,True
919,Brake Shoe,Brake Shoe,original,True,Braking,1.0,set,2550.00,2550.00,True,True
919,Wheel Cylinder,Wheel Cylinder,original,True,Braking,1.0,pc,2000.00,2000.00,True,True
920,Clutch Disc,Clutch Disc,replacement,False,Transmission,1.0,pc,2500.00,2500.00,True,True
920,Pressure Plate,Pressure Plate,replacement,False,Transmission,1.0,pc,3300.00,3300.00,True,True
920,Release Bearing,Release Bearing,replacement,False,Transmission,1.0,pc,1000.00,1000.00,True,True
920,RTV Silicone Gasket Maker,RTV Silicone Gasket Maker,standard,False,Fluids & Consumables,1.0,tube,250.00,250.00,True,True
920,Brake Cleaner,Brake Cleaner,standard,False,Fluids & Consumables,1.0,can,250.00,250.00,True,True
921,Suspension Bushing,Suspension Bushing,replacement,False,Steering & Suspension,4.0,pc,600.00,2400.00,True,True
921,Tie Rod End,Tie Rod End,replacement,False,Steering & Suspension,2.0,pc,1250.00,2500.00,True,True
921,Stabilizer Link,Stabilizer Link,replacement,False,Steering & Suspension,2.0,pc,1350.00,2700.00,True,True
921,Shock Absorber,Shock Absorber,replacement,False,Steering & Suspension,2.0,pc,1800.00,3600.00,True,True
921,Shock Mounting,Shock Mounting,replacement,False,Steering & Suspension,2.0,pc,1000.00,2000.00,True,True
922,Air Filter,Air Filter,replacement,False,Filters,1.0,pc,650.00,650.00,True,True
922,Fuel Filter,Fuel Filter,replacement,False,Filters,1.0,pc,550.00,550.00,True,True
923,Valve Cover Gasket,Valve Cover Gasket,replacement,False,Engine,1.0,pc,600.00,600.00,True,True
923,Crankshaft Oil Seal,Crankshaft Oil Seal,original,True,Engine,1.0,pc,2850.00,2850.00,True,True
923,RTV Silicone Gasket Maker,RTV Silicone Gasket Maker,standard,False,Fluids & Consumables,1.0,tube,300.00,300.00,True,True
923,Drive / Fan Belt,Drive / Fan Belt,original,True,General,1.0,pc,2800.00,2800.00,True,True
923,Engine Oil,Engine Oil,standard,False,Fluids & Consumables,3.0,liter,500.00,1500.00,True,True
923,Oil Filter,Oil Filter,original,True,Filters,1.0,pc,750.00,750.00,True,True
924,Brake Cleaner,Brake Cleaner,standard,False,Fluids & Consumables,2.0,can,250.00,500.00,True,True
924,Brake Fluid,Brake Fluid,standard,False,Fluids & Consumables,1.0,bottle,300.00,300.00,True,True
924,Brake Pads,Brake Pads,original,True,Braking,2.0,set,3350.00,6700.00,True,True
924,Brake Shoe,Brake Shoe,original,True,Braking,1.0,set,2750.00,2750.00,True,True
924,Wheel Cylinder,Wheel Cylinder,original,True,Braking,2.0,pc,1650.00,3300.00,True,True
925,Engine Oil,Engine Oil,standard,False,Fluids & Consumables,4.0,liter,450.00,1800.00,True,True
925,Oil Filter,Oil Filter,original,True,Filters,1.0,pc,650.00,650.00,True,True
925,Air Filter,Air Filter,original,True,Filters,1.0,pc,2500.00,2500.00,True,True
925,Cabin Filter,Cabin Filter,original,True,Filters,1.0,pc,1250.00,1250.00,True,True
926,Engine Oil,Engine Oil,standard,False,Fluids & Consumables,5.0,liter,500.00,2500.00,True,True
926,Air Filter,Air Filter,original,True,Filters,1.0,pc,2050.00,2050.00,True,True
926,Fuel Filter,Fuel Filter,original,True,Filters,1.0,pc,1600.00,1600.00,True,True
927,Suspension Bushing,Suspension Bushing,original,True,Steering & Suspension,2.0,pc,1250.00,2500.00,True,True
927,Tie Rod End,Tie Rod End,original,True,Steering & Suspension,2.0,pc,2200.00,4400.00,True,True
927,Stabilizer Link,Stabilizer Link,original,True,Steering & Suspension,2.0,pc,2050.00,4100.00,True,True
927,Shock Mounting,Shock Mounting,replacement,False,Steering & Suspension,2.0,pc,1100.00,2200.00,True,True
928,Engine Oil,Engine Oil,standard,False,Fluids & Consumables,3.0,liter,450.00,1350.00,True,True
928,Oil Filter,Oil Filter,replacement,False,Filters,1.0,pc,400.00,400.00,True,True
928,Air Filter,Air Filter,replacement,False,Filters,1.0,pc,850.00,850.00,True,True
928,Fuel Filter,Fuel Filter,replacement,False,Filters,1.0,pc,600.00,600.00,True,True
929,A/C Evaporator,A/C Evaporator,original,True,General,1.0,pc,8200.00,8200.00,True,True
929,Cabin Filter,Cabin Filter,replacement,False,Filters,1.0,pc,900.00,900.00,True,True
929,Freon (R134a),Freon (R134a),standard,False,Fluids & Consumables,2.0,can,400.00,800.00,True,True
929,Cabin Filter,Cabin Filter,original,True,Filters,1.0,pc,1200.00,1200.00,True,True
930,Suspension Bushing,Suspension Bushing,replacement,False,Steering & Suspension,3.0,pc,700.00,2100.00,True,True
930,Tie Rod End,Tie Rod End,replacement,False,Steering & Suspension,2.0,pc,900.00,1800.00,True,True
930,Stabilizer Link,Stabilizer Link,replacement,False,Steering & Suspension,2.0,pc,1150.00,2300.00,True,True
931,Air Filter,Air Filter,replacement,False,Filters,1.0,pc,600.00,600.00,True,True
931,Cabin Filter,Cabin Filter,replacement,False,Filters,1.0,pc,400.00,400.00,True,True
932,Valve Cover Gasket,Valve Cover Gasket,replacement,False,Engine,1.0,pc,600.00,600.00,True,True
932,Crankshaft Oil Seal,Crankshaft Oil Seal,replacement,False,Engine,1.0,pc,1600.00,1600.00,True,True
932,RTV Silicone Gasket Maker,RTV Silicone Gasket Maker,standard,False,Fluids & Consumables,1.0,tube,250.00,250.00,True,True
932,Drive / Fan Belt,Drive / Fan Belt,replacement,False,General,1.0,pc,1900.00,1900.00,True,True
933,A/C Evaporator,A/C Evaporator,original,True,General,1.0,pc,7100.00,7100.00,True,True
933,Cabin Filter,Cabin Filter,replacement,False,Filters,1.0,pc,850.00,850.00,True,True
933,Freon (R134a),Freon (R134a),standard,False,Fluids & Consumables,1.0,can,500.00,500.00,True,True
933,Cabin Filter,Cabin Filter,replacement,False,Filters,1.0,pc,400.00,400.00,True,True
934,Engine Oil,Engine Oil,standard,False,Fluids & Consumables,7.0,liter,450.00,3150.00,True,True
934,Oil Filter,Oil Filter,replacement,False,Filters,1.0,pc,300.00,300.00,True,True
934,Cabin Filter,Cabin Filter,replacement,False,Filters,1.0,pc,500.00,500.00,True,True
934,Fuel Filter,Fuel Filter,replacement,False,Filters,1.0,pc,650.00,650.00,True,True
935,Brake Cleaner,Brake Cleaner,standard,False,Fluids & Consumables,2.0,can,250.00,500.00,True,True
935,Brake Fluid,Brake Fluid,standard,False,Fluids & Consumables,1.0,bottle,300.00,300.00,True,True
935,Brake Pads,Brake Pads,replacement,False,Braking,1.0,set,1700.00,1700.00,True,True
935,Brake Shoe,Brake Shoe,replacement,False,Braking,1.0,set,1150.00,1150.00,True,True
935,Wheel Cylinder,Wheel Cylinder,replacement,False,Braking,2.0,pc,850.00,1700.00,True,True
936,Suspension Bushing,Suspension Bushing,original,True,Steering & Suspension,4.0,pc,1050.00,4200.00,True,True
936,Stabilizer Link,Stabilizer Link,original,True,Steering & Suspension,2.0,pc,2300.00,4600.00,True,True
936,Shock Absorber,Shock Absorber,original,True,Steering & Suspension,2.0,pc,4550.00,9100.00,True,True
936,Shock Mounting,Shock Mounting,original,True,Steering & Suspension,2.0,pc,2050.00,4100.00,True,True
937,Suspension Bushing,Suspension Bushing,replacement,False,Steering & Suspension,2.0,pc,700.00,1400.00,True,True
937,Stabilizer Link,Stabilizer Link,replacement,False,Steering & Suspension,2.0,pc,1450.00,2900.00,True,True
937,Shock Absorber,Shock Absorber,replacement,False,Steering & Suspension,2.0,pc,2250.00,4500.00,True,True
938,Engine Oil,Engine Oil,standard,False,Fluids & Consumables,7.0,liter,450.00,3150.00,True,True
938,Oil Filter,Oil Filter,original,True,Filters,1.0,pc,900.00,900.00,True,True
938,Air Filter,Air Filter,original,True,Filters,1.0,pc,2200.00,2200.00,True,True
938,Cabin Filter,Cabin Filter,original,True,Filters,1.0,pc,1450.00,1450.00,True,True
939,Clutch Disc,Clutch Disc,original,True,Transmission,1.0,pc,5500.00,5500.00,True,True
939,Pressure Plate,Pressure Plate,replacement,False,Transmission,1.0,pc,3650.00,3650.00,True,True
939,Release Bearing,Release Bearing,replacement,False,Transmission,1.0,pc,850.00,850.00,True,True
939,RTV Silicone Gasket Maker,RTV Silicone Gasket Maker,standard,False,Fluids & Consumables,1.0,tube,200.00,200.00,True,True
939,Brake Cleaner,Brake Cleaner,standard,False,Fluids & Consumables,1.0,can,250.00,250.00,True,True
940,Suspension Bushing,Suspension Bushing,replacement,False,Steering & Suspension,3.0,pc,650.00,1950.00,True,True
940,Tie Rod End,Tie Rod End,replacement,False,Steering & Suspension,2.0,pc,950.00,1900.00,True,True
940,Stabilizer Link,Stabilizer Link,original,True,Steering & Suspension,2.0,pc,2100.00,4200.00,True,True
940,Shock Absorber,Shock Absorber,replacement,False,Steering & Suspension,2.0,pc,2150.00,4300.00,True,True
940,Shock Mounting,Shock Mounting,replacement,False,Steering & Suspension,2.0,pc,1300.00,2600.00,True,True
941,Freon (R134a),Freon (R134a),standard,False,Fluids & Consumables,1.0,can,450.00,450.00,True,True
941,Cabin Filter,Cabin Filter,replacement,False,Filters,1.0,pc,550.00,550.00,True,True
942,Engine Oil,Engine Oil,standard,False,Fluids & Consumables,5.0,liter,450.00,2250.00,True,True
942,Oil Filter,Oil Filter,original,True,Filters,1.0,pc,650.00,650.00,True,True
942,Air Filter,Air Filter,original,True,Filters,1.0,pc,2250.00,2250.00,True,True
942,Cabin Filter,Cabin Filter,original,True,Filters,1.0,pc,1200.00,1200.00,True,True
942,Fuel Filter,Fuel Filter,replacement,False,Filters,1.0,pc,600.00,600.00,True,True
943,Cabin Filter,Cabin Filter,replacement,False,Filters,1.0,pc,750.00,750.00,True,True
943,Freon (R134a),Freon (R134a),standard,False,Fluids & Consumables,1.0,can,450.00,450.00,True,True
943,Cabin Filter,Cabin Filter,replacement,False,Filters,1.0,pc,550.00,550.00,True,True
944,Tie Rod End,Tie Rod End,replacement,False,Steering & Suspension,2.0,pc,1050.00,2100.00,True,True
944,Stabilizer Link,Stabilizer Link,replacement,False,Steering & Suspension,2.0,pc,1100.00,2200.00,True,True
944,Shock Absorber,Shock Absorber,original,True,Steering & Suspension,2.0,pc,4850.00,9700.00,True,True
944,Shock Mounting,Shock Mounting,replacement,False,Steering & Suspension,2.0,pc,1050.00,2100.00,True,True
945,Clutch Disc,Clutch Disc,replacement,False,Transmission,1.0,pc,3200.00,3200.00,True,True
945,Release Bearing,Release Bearing,replacement,False,Transmission,1.0,pc,900.00,900.00,True,True
945,RTV Silicone Gasket Maker,RTV Silicone Gasket Maker,standard,False,Fluids & Consumables,1.0,tube,300.00,300.00,True,True
945,Brake Cleaner,Brake Cleaner,standard,False,Fluids & Consumables,1.0,can,300.00,300.00,True,True
946,Engine Oil,Engine Oil,standard,False,Fluids & Consumables,7.0,liter,500.00,3500.00,True,True
946,Oil Filter,Oil Filter,original,True,Filters,1.0,pc,700.00,700.00,True,True
946,Air Filter,Air Filter,original,True,Filters,1.0,pc,2150.00,2150.00,True,True
946,Cabin Filter,Cabin Filter,original,True,Filters,1.0,pc,1450.00,1450.00,True,True
946,Fuel Filter,Fuel Filter,original,True,Filters,1.0,pc,1750.00,1750.00,True,True
947,Engine Oil,Engine Oil,standard,False,Fluids & Consumables,4.0,liter,500.00,2000.00,True,True
947,Oil Filter,Oil Filter,replacement,False,Filters,1.0,pc,400.00,400.00,True,True
947,Air Filter,Air Filter,replacement,False,Filters,1.0,pc,650.00,650.00,True,True
947,Cabin Filter,Cabin Filter,replacement,False,Filters,1.0,pc,550.00,550.00,True,True
947,Fuel Filter,Fuel Filter,replacement,False,Filters,1.0,pc,650.00,650.00,True,True
948,Valve Cover Gasket,Valve Cover Gasket,original,True,Engine,1.0,pc,1300.00,1300.00,True,True
948,RTV Silicone Gasket Maker,RTV Silicone Gasket Maker,standard,False,Fluids & Consumables,1.0,tube,250.00,250.00,True,True
948,Drive / Fan Belt,Drive / Fan Belt,original,True,General,1.0,pc,2850.00,2850.00,True,True
948,Engine Oil,Engine Oil,standard,False,Fluids & Consumables,4.0,liter,500.00,2000.00,True,True
949,Valve Cover Gasket,Valve Cover Gasket,replacement,False,Engine,1.0,pc,500.00,500.00,True,True
949,RTV Silicone Gasket Maker,RTV Silicone Gasket Maker,standard,False,Fluids & Consumables,1.0,tube,300.00,300.00,True,True
949,Drive / Fan Belt,Drive / Fan Belt,replacement,False,General,1.0,pc,2100.00,2100.00,True,True
949,Engine Oil,Engine Oil,standard,False,Fluids & Consumables,5.0,liter,450.00,2250.00,True,True
949,Oil Filter,Oil Filter,replacement,False,Filters,1.0,pc,400.00,400.00,True,True
950,Brake Cleaner,Brake Cleaner,standard,False,Fluids & Consumables,1.0,can,250.00,250.00,True,True
950,Brake Fluid,Brake Fluid,standard,False,Fluids & Consumables,1.0,bottle,300.00,300.00,True,True
950,Brake Pads,Brake Pads,original,True,Braking,1.0,set,3000.00,3000.00,True,True
950,Brake Shoe,Brake Shoe,original,True,Braking,1.0,set,2750.00,2750.00,True,True
950,Wheel Cylinder,Wheel Cylinder,original,True,Braking,1.0,pc,1650.00,1650.00,True,True
951,Cabin Filter,Cabin Filter,original,True,Filters,1.0,pc,1300.00,1300.00,True,True
951,Freon (R134a),Freon (R134a),standard,False,Fluids & Consumables,2.0,can,450.00,900.00,True,True
951,Cabin Filter,Cabin Filter,replacement,False,Filters,1.0,pc,450.00,450.00,True,True
952,Brake Fluid,Brake Fluid,standard,False,Fluids & Consumables,1.0,bottle,300.00,300.00,True,True
952,Brake Pads,Brake Pads,original,True,Braking,1.0,set,3650.00,3650.00,True,True
952,Brake Shoe,Brake Shoe,original,True,Braking,1.0,set,2350.00,2350.00,True,True
952,Wheel Cylinder,Wheel Cylinder,original,True,Braking,1.0,pc,1600.00,1600.00,True,True
953,Suspension Bushing,Suspension Bushing,replacement,False,Steering & Suspension,4.0,pc,650.00,2600.00,True,True
953,Tie Rod End,Tie Rod End,replacement,False,Steering & Suspension,2.0,pc,1050.00,2100.00,True,True
953,Shock Absorber,Shock Absorber,replacement,False,Steering & Suspension,2.0,pc,2000.00,4000.00,True,True
953,Shock Mounting,Shock Mounting,replacement,False,Steering & Suspension,2.0,pc,1200.00,2400.00,True,True
954,Suspension Bushing,Suspension Bushing,replacement,False,Steering & Suspension,3.0,pc,750.00,2250.00,True,True
954,Stabilizer Link,Stabilizer Link,replacement,False,Steering & Suspension,2.0,pc,1350.00,2700.00,True,True
954,Shock Absorber,Shock Absorber,original,True,Steering & Suspension,2.0,pc,5150.00,10300.00,True,True
954,Shock Mounting,Shock Mounting,replacement,False,Steering & Suspension,2.0,pc,1150.00,2300.00,True,True
955,Brake Cleaner,Brake Cleaner,standard,False,Fluids & Consumables,1.0,can,300.00,300.00,True,True
955,Brake Fluid,Brake Fluid,standard,False,Fluids & Consumables,1.0,bottle,300.00,300.00,True,True
955,Brake Pads,Brake Pads,replacement,False,Braking,2.0,set,1350.00,2700.00,True,True
955,Brake Shoe,Brake Shoe,replacement,False,Braking,1.0,set,1200.00,1200.00,True,True
955,Wheel Cylinder,Wheel Cylinder,replacement,False,Braking,2.0,pc,800.00,1600.00,True,True
956,Engine Oil,Engine Oil,standard,False,Fluids & Consumables,5.0,liter,450.00,2250.00,True,True
956,Oil Filter,Oil Filter,replacement,False,Filters,1.0,pc,350.00,350.00,True,True
956,Cabin Filter,Cabin Filter,replacement,False,Filters,1.0,pc,450.00,450.00,True,True
956,Fuel Filter,Fuel Filter,replacement,False,Filters,1.0,pc,500.00,500.00,True,True
957,Tie Rod End,Tie Rod End,replacement,False,Steering & Suspension,2.0,pc,1200.00,2400.00,True,True
957,Stabilizer Link,Stabilizer Link,replacement,False,Steering & Suspension,2.0,pc,1050.00,2100.00,True,True
957,Shock Absorber,Shock Absorber,replacement,False,Steering & Suspension,2.0,pc,2450.00,4900.00,True,True
958,Brake Cleaner,Brake Cleaner,standard,False,Fluids & Consumables,2.0,can,250.00,500.00,True,True
958,Brake Fluid,Brake Fluid,standard,False,Fluids & Consumables,1.0,bottle,300.00,300.00,True,True
958,Brake Pads,Brake Pads,replacement,False,Braking,2.0,set,1300.00,2600.00,True,True
958,Brake Shoe,Brake Shoe,replacement,False,Braking,1.0,set,1200.00,1200.00,True,True
958,Wheel Cylinder,Wheel Cylinder,replacement,False,Braking,2.0,pc,900.00,1800.00,True,True
959,Suspension Bushing,Suspension Bushing,replacement,False,Steering & Suspension,3.0,pc,650.00,1950.00,True,True
959,Shock Absorber,Shock Absorber,replacement,False,Steering & Suspension,2.0,pc,2150.00,4300.00,True,True
959,Shock Mounting,Shock Mounting,replacement,False,Steering & Suspension,2.0,pc,1050.00,2100.00,True,True
960,Engine Oil,Engine Oil,standard,False,Fluids & Consumables,6.0,liter,450.00,2700.00,True,True
960,Oil Filter,Oil Filter,replacement,False,Filters,1.0,pc,350.00,350.00,True,True
960,Air Filter,Air Filter,replacement,False,Filters,1.0,pc,600.00,600.00,True,True
960,Cabin Filter,Cabin Filter,replacement,False,Filters,1.0,pc,450.00,450.00,True,True
960,Fuel Filter,Fuel Filter,replacement,False,Filters,1.0,pc,650.00,650.00,True,True
961,Suspension Bushing,Suspension Bushing,replacement,False,Steering & Suspension,3.0,pc,800.00,2400.00,True,True
961,Tie Rod End,Tie Rod End,replacement,False,Steering & Suspension,2.0,pc,1100.00,2200.00,True,True
961,Stabilizer Link,Stabilizer Link,replacement,False,Steering & Suspension,2.0,pc,1150.00,2300.00,True,True
961,Shock Absorber,Shock Absorber,replacement,False,Steering & Suspension,2.0,pc,2050.00,4100.00,True,True
961,Shock Mounting,Shock Mounting,replacement,False,Steering & Suspension,2.0,pc,1100.00,2200.00,True,True
962,Suspension Bushing,Suspension Bushing,replacement,False,Steering & Suspension,2.0,pc,650.00,1300.00,True,True
962,Shock Absorber,Shock Absorber,replacement,False,Steering & Suspension,2.0,pc,2000.00,4000.00,True,True
963,Cabin Filter,Cabin Filter,original,True,Filters,1.0,pc,1550.00,1550.00,True,True
963,Freon (R134a),Freon (R134a),standard,False,Fluids & Consumables,2.0,can,500.00,1000.00,True,True
963,Cabin Filter,Cabin Filter,original,True,Filters,1.0,pc,950.00,950.00,True,True
964,Engine Oil,Engine Oil,standard,False,Fluids & Consumables,5.0,liter,400.00,2000.00,True,True
964,Oil Filter,Oil Filter,original,True,Filters,1.0,pc,700.00,700.00,True,True
964,Fuel Filter,Fuel Filter,original,True,Filters,1.0,pc,1850.00,1850.00,True,True
965,Engine Oil,Engine Oil,standard,False,Fluids & Consumables,4.0,liter,450.00,1800.00,True,True
965,Oil Filter,Oil Filter,replacement,False,Filters,1.0,pc,300.00,300.00,True,True
965,Cabin Filter,Cabin Filter,original,True,Filters,1.0,pc,1100.00,1100.00,True,True
965,Fuel Filter,Fuel Filter,replacement,False,Filters,1.0,pc,500.00,500.00,True,True
966,Engine Oil,Engine Oil,standard,False,Fluids & Consumables,6.0,liter,500.00,3000.00,True,True
966,Oil Filter,Oil Filter,replacement,False,Filters,1.0,pc,400.00,400.00,True,True
966,Cabin Filter,Cabin Filter,replacement,False,Filters,1.0,pc,450.00,450.00,True,True
966,Fuel Filter,Fuel Filter,replacement,False,Filters,1.0,pc,700.00,700.00,True,True
967,Engine Oil,Engine Oil,standard,False,Fluids & Consumables,5.0,liter,500.00,2500.00,True,True
967,Oil Filter,Oil Filter,original,True,Filters,1.0,pc,700.00,700.00,True,True
967,Air Filter,Air Filter,original,True,Filters,1.0,pc,2400.00,2400.00,True,True
967,Cabin Filter,Cabin Filter,original,True,Filters,1.0,pc,1250.00,1250.00,True,True
967,Fuel Filter,Fuel Filter,original,True,Filters,1.0,pc,1400.00,1400.00,True,True
968,Engine Oil,Engine Oil,standard,False,Fluids & Consumables,6.0,liter,450.00,2700.00,True,True
968,Oil Filter,Oil Filter,original,True,Filters,1.0,pc,700.00,700.00,True,True
968,Air Filter,Air Filter,replacement,False,Filters,1.0,pc,700.00,700.00,True,True
968,Cabin Filter,Cabin Filter,replacement,False,Filters,1.0,pc,400.00,400.00,True,True
969,Engine Oil,Engine Oil,standard,False,Fluids & Consumables,3.0,liter,400.00,1200.00,True,True
969,Oil Filter,Oil Filter,replacement,False,Filters,1.0,pc,300.00,300.00,True,True
969,Air Filter,Air Filter,replacement,False,Filters,1.0,pc,750.00,750.00,True,True
969,Cabin Filter,Cabin Filter,replacement,False,Filters,1.0,pc,450.00,450.00,True,True
969,Fuel Filter,Fuel Filter,replacement,False,Filters,1.0,pc,650.00,650.00,True,True
970,Clutch Disc,Clutch Disc,original,True,Transmission,1.0,pc,5850.00,5850.00,True,True
970,Pressure Plate,Pressure Plate,original,True,Transmission,1.0,pc,4750.00,4750.00,True,True
970,RTV Silicone Gasket Maker,RTV Silicone Gasket Maker,standard,False,Fluids & Consumables,1.0,tube,250.00,250.00,True,True
970,Brake Cleaner,Brake Cleaner,standard,False,Fluids & Consumables,1.0,can,250.00,250.00,True,True
971,Suspension Bushing,Suspension Bushing,replacement,False,Steering & Suspension,2.0,pc,550.00,1100.00,True,True
971,Stabilizer Link,Stabilizer Link,original,True,Steering & Suspension,2.0,pc,2100.00,4200.00,True,True
971,Shock Mounting,Shock Mounting,replacement,False,Steering & Suspension,2.0,pc,1250.00,2500.00,True,True
972,Oil Filter,Oil Filter,original,True,Filters,1.0,pc,700.00,700.00,True,True
972,Cabin Filter,Cabin Filter,original,True,Filters,1.0,pc,1100.00,1100.00,True,True
973,Engine Oil,Engine Oil,standard,False,Fluids & Consumables,5.0,liter,450.00,2250.00,True,True
973,Oil Filter,Oil Filter,replacement,False,Filters,1.0,pc,250.00,250.00,True,True
973,Air Filter,Air Filter,replacement,False,Filters,1.0,pc,600.00,600.00,True,True
973,Cabin Filter,Cabin Filter,replacement,False,Filters,1.0,pc,500.00,500.00,True,True
973,Fuel Filter,Fuel Filter,replacement,False,Filters,1.0,pc,600.00,600.00,True,True
974,Suspension Bushing,Suspension Bushing,replacement,False,Steering & Suspension,3.0,pc,750.00,2250.00,True,True
974,Tie Rod End,Tie Rod End,replacement,False,Steering & Suspension,2.0,pc,1300.00,2600.00,True,True
974,Stabilizer Link,Stabilizer Link,replacement,False,Steering & Suspension,2.0,pc,1100.00,2200.00,True,True
974,Shock Mounting,Shock Mounting,replacement,False,Steering & Suspension,2.0,pc,1050.00,2100.00,True,True
975,Oil Filter,Oil Filter,replacement,False,Filters,1.0,pc,350.00,350.00,True,True
975,Fuel Filter,Fuel Filter,replacement,False,Filters,1.0,pc,600.00,600.00,True,True
976,Suspension Bushing,Suspension Bushing,original,True,Steering & Suspension,2.0,pc,1200.00,2400.00,True,True
976,Tie Rod End,Tie Rod End,original,True,Steering & Suspension,2.0,pc,1800.00,3600.00,True,True
976,Stabilizer Link,Stabilizer Link,original,True,Steering & Suspension,2.0,pc,1800.00,3600.00,True,True
976,Shock Absorber,Shock Absorber,original,True,Steering & Suspension,2.0,pc,4700.00,9400.00,True,True
977,A/C Evaporator,A/C Evaporator,original,True,General,1.0,pc,7850.00,7850.00,True,True
977,Freon (R134a),Freon (R134a),standard,False,Fluids & Consumables,2.0,can,600.00,1200.00,True,True
977,Cabin Filter,Cabin Filter,original,True,Filters,1.0,pc,1250.00,1250.00,True,True
978,Overhauling Gasket Set,Overhauling Gasket Set,replacement,False,Engine,1.0,set,4800.00,4800.00,True,True
978,Crankshaft Oil Seal,Crankshaft Oil Seal,replacement,False,Engine,1.0,pc,1400.00,1400.00,True,True
978,Spark Plug,Spark Plug,replacement,False,Ignition & Electrical,4.0,pc,350.00,1400.00,True,True
978,Engine Oil,Engine Oil,standard,False,Fluids & Consumables,4.0,liter,450.00,1800.00,True,True
978,Oil Filter,Oil Filter,replacement,False,Filters,1.0,pc,300.00,300.00,True,True
978,RTV Silicone Gasket Maker,RTV Silicone Gasket Maker,standard,False,Fluids & Consumables,2.0,tube,250.00,500.00,True,True
979,Air Filter,Air Filter,replacement,False,Filters,1.0,pc,750.00,750.00,True,True
979,Cabin Filter,Cabin Filter,replacement,False,Filters,1.0,pc,500.00,500.00,True,True
979,Fuel Filter,Fuel Filter,replacement,False,Filters,1.0,pc,600.00,600.00,True,True
980,Brake Cleaner,Brake Cleaner,standard,False,Fluids & Consumables,1.0,can,250.00,250.00,True,True
980,Brake Fluid,Brake Fluid,standard,False,Fluids & Consumables,1.0,bottle,300.00,300.00,True,True
980,Brake Pads,Brake Pads,original,True,Braking,1.0,set,3450.00,3450.00,True,True
980,Brake Shoe,Brake Shoe,original,True,Braking,1.0,set,3050.00,3050.00,True,True
981,Valve Cover Gasket,Valve Cover Gasket,replacement,False,Engine,1.0,pc,550.00,550.00,True,True
981,Crankshaft Oil Seal,Crankshaft Oil Seal,replacement,False,Engine,1.0,pc,1750.00,1750.00,True,True
981,Drive / Fan Belt,Drive / Fan Belt,replacement,False,General,1.0,pc,2050.00,2050.00,True,True
981,Engine Oil,Engine Oil,standard,False,Fluids & Consumables,4.0,liter,450.00,1800.00,True,True
981,Oil Filter,Oil Filter,replacement,False,Filters,1.0,pc,350.00,350.00,True,True
982,Brake Cleaner,Brake Cleaner,standard,False,Fluids & Consumables,1.0,can,250.00,250.00,True,True
982,Brake Fluid,Brake Fluid,standard,False,Fluids & Consumables,1.0,bottle,300.00,300.00,True,True
982,Brake Pads,Brake Pads,replacement,False,Braking,1.0,set,1400.00,1400.00,True,True
982,Wheel Cylinder,Wheel Cylinder,replacement,False,Braking,1.0,pc,1100.00,1100.00,True,True
983,Tie Rod End,Tie Rod End,replacement,False,Steering & Suspension,2.0,pc,1200.00,2400.00,True,True
983,Stabilizer Link,Stabilizer Link,original,True,Steering & Suspension,2.0,pc,2300.00,4600.00,True,True
983,Shock Absorber,Shock Absorber,replacement,False,Steering & Suspension,2.0,pc,2500.00,5000.00,True,True
983,Shock Mounting,Shock Mounting,replacement,False,Steering & Suspension,2.0,pc,1100.00,2200.00,True,True
984,Brake Cleaner,Brake Cleaner,standard,False,Fluids & Consumables,1.0,can,250.00,250.00,True,True
984,Brake Fluid,Brake Fluid,standard,False,Fluids & Consumables,1.0,bottle,300.00,300.00,True,True
984,Brake Pads,Brake Pads,replacement,False,Braking,2.0,set,1550.00,3100.00,True,True
984,Brake Shoe,Brake Shoe,replacement,False,Braking,1.0,set,1450.00,1450.00,True,True
984,Wheel Cylinder,Wheel Cylinder,replacement,False,Braking,1.0,pc,1000.00,1000.00,True,True
985,Suspension Bushing,Suspension Bushing,replacement,False,Steering & Suspension,4.0,pc,600.00,2400.00,True,True
985,Tie Rod End,Tie Rod End,replacement,False,Steering & Suspension,2.0,pc,950.00,1900.00,True,True
985,Stabilizer Link,Stabilizer Link,replacement,False,Steering & Suspension,2.0,pc,1200.00,2400.00,True,True
985,Shock Absorber,Shock Absorber,replacement,False,Steering & Suspension,2.0,pc,2300.00,4600.00,True,True
985,Shock Mounting,Shock Mounting,original,True,Steering & Suspension,2.0,pc,2200.00,4400.00,True,True
986,Tie Rod End,Tie Rod End,original,True,Steering & Suspension,2.0,pc,2200.00,4400.00,True,True
986,Stabilizer Link,Stabilizer Link,original,True,Steering & Suspension,2.0,pc,2250.00,4500.00,True,True
986,Shock Absorber,Shock Absorber,original,True,Steering & Suspension,2.0,pc,5100.00,10200.00,True,True
986,Shock Mounting,Shock Mounting,original,True,Steering & Suspension,2.0,pc,1600.00,3200.00,True,True
987,Brake Cleaner,Brake Cleaner,standard,False,Fluids & Consumables,1.0,can,250.00,250.00,True,True
987,Brake Fluid,Brake Fluid,standard,False,Fluids & Consumables,1.0,bottle,250.00,250.00,True,True
987,Brake Shoe,Brake Shoe,original,True,Braking,1.0,set,2450.00,2450.00,True,True
987,Wheel Cylinder,Wheel Cylinder,replacement,False,Braking,2.0,pc,900.00,1800.00,True,True
988,Engine Oil,Engine Oil,standard,False,Fluids & Consumables,5.0,liter,450.00,2250.00,True,True
988,Oil Filter,Oil Filter,replacement,False,Filters,1.0,pc,350.00,350.00,True,True
988,Air Filter,Air Filter,replacement,False,Filters,1.0,pc,700.00,700.00,True,True
988,Cabin Filter,Cabin Filter,replacement,False,Filters,1.0,pc,400.00,400.00,True,True
988,Fuel Filter,Fuel Filter,replacement,False,Filters,1.0,pc,550.00,550.00,True,True
989,Brake Cleaner,Brake Cleaner,standard,False,Fluids & Consumables,2.0,can,250.00,500.00,True,True
989,Brake Pads,Brake Pads,replacement,False,Braking,1.0,set,1750.00,1750.00,True,True
989,Brake Shoe,Brake Shoe,original,True,Braking,1.0,set,3150.00,3150.00,True,True
989,Wheel Cylinder,Wheel Cylinder,original,True,Braking,1.0,pc,1700.00,1700.00,True,True
990,A/C Evaporator,A/C Evaporator,replacement,False,General,1.0,pc,4050.00,4050.00,True,True
990,Cabin Filter,Cabin Filter,replacement,False,Filters,1.0,pc,950.00,950.00,True,True
990,Freon (R134a),Freon (R134a),standard,False,Fluids & Consumables,1.0,can,450.00,450.00,True,True
990,Cabin Filter,Cabin Filter,original,True,Filters,1.0,pc,1300.00,1300.00,True,True
991,Tie Rod End,Tie Rod End,replacement,False,Steering & Suspension,2.0,pc,1150.00,2300.00,True,True
991,Stabilizer Link,Stabilizer Link,replacement,False,Steering & Suspension,2.0,pc,1200.00,2400.00,True,True
991,Shock Absorber,Shock Absorber,replacement,False,Steering & Suspension,2.0,pc,2000.00,4000.00,True,True
991,Shock Mounting,Shock Mounting,replacement,False,Steering & Suspension,2.0,pc,1250.00,2500.00,True,True
992,Brake Cleaner,Brake Cleaner,standard,False,Fluids & Consumables,1.0,can,250.00,250.00,True,True
992,Brake Fluid,Brake Fluid,standard,False,Fluids & Consumables,1.0,bottle,300.00,300.00,True,True
992,Brake Pads,Brake Pads,replacement,False,Braking,2.0,set,1450.00,2900.00,True,True
992,Brake Shoe,Brake Shoe,replacement,False,Braking,1.0,set,1450.00,1450.00,True,True
992,Wheel Cylinder,Wheel Cylinder,replacement,False,Braking,2.0,pc,1050.00,2100.00,True,True
993,Brake Cleaner,Brake Cleaner,standard,False,Fluids & Consumables,1.0,can,250.00,250.00,True,True
993,Brake Pads,Brake Pads,original,True,Braking,1.0,set,3450.00,3450.00,True,True
994,Valve Cover Gasket,Valve Cover Gasket,replacement,False,Engine,1.0,pc,550.00,550.00,True,True
994,Crankshaft Oil Seal,Crankshaft Oil Seal,replacement,False,Engine,1.0,pc,1650.00,1650.00,True,True
994,RTV Silicone Gasket Maker,RTV Silicone Gasket Maker,standard,False,Fluids & Consumables,1.0,tube,250.00,250.00,True,True
994,Drive / Fan Belt,Drive / Fan Belt,replacement,False,General,1.0,pc,1850.00,1850.00,True,True
994,Engine Oil,Engine Oil,standard,False,Fluids & Consumables,6.0,liter,500.00,3000.00,True,True
994,Oil Filter,Oil Filter,replacement,False,Filters,1.0,pc,400.00,400.00,True,True
995,Clutch Disc,Clutch Disc,replacement,False,Transmission,1.0,pc,2750.00,2750.00,True,True
995,Release Bearing,Release Bearing,original,True,Transmission,1.0,pc,1600.00,1600.00,True,True
995,RTV Silicone Gasket Maker,RTV Silicone Gasket Maker,standard,False,Fluids & Consumables,1.0,tube,250.00,250.00,True,True
995,Brake Cleaner,Brake Cleaner,standard,False,Fluids & Consumables,1.0,can,250.00,250.00,True,True
996,Clutch Disc,Clutch Disc,original,True,Transmission,1.0,pc,5900.00,5900.00,True,True
996,Pressure Plate,Pressure Plate,original,True,Transmission,1.0,pc,5350.00,5350.00,True,True
996,Release Bearing,Release Bearing,original,True,Transmission,1.0,pc,1750.00,1750.00,True,True
996,RTV Silicone Gasket Maker,RTV Silicone Gasket Maker,standard,False,Fluids & Consumables,1.0,tube,250.00,250.00,True,True
997,Suspension Bushing,Suspension Bushing,replacement,False,Steering & Suspension,4.0,pc,700.00,2800.00,True,True
997,Tie Rod End,Tie Rod End,original,True,Steering & Suspension,2.0,pc,2250.00,4500.00,True,True
997,Stabilizer Link,Stabilizer Link,replacement,False,Steering & Suspension,2.0,pc,1400.00,2800.00,True,True
997,Shock Absorber,Shock Absorber,original,True,Steering & Suspension,2.0,pc,4400.00,8800.00,True,True
997,Shock Mounting,Shock Mounting,replacement,False,Steering & Suspension,2.0,pc,1000.00,2000.00,True,True
998,Engine Oil,Engine Oil,standard,False,Fluids & Consumables,3.0,liter,450.00,1350.00,True,True
998,Oil Filter,Oil Filter,original,True,Filters,1.0,pc,900.00,900.00,True,True
998,Air Filter,Air Filter,original,True,Filters,1.0,pc,2450.00,2450.00,True,True
998,Cabin Filter,Cabin Filter,replacement,False,Filters,1.0,pc,450.00,450.00,True,True
998,Fuel Filter,Fuel Filter,replacement,False,Filters,1.0,pc,600.00,600.00,True,True
999,Tie Rod End,Tie Rod End,replacement,False,Steering & Suspension,2.0,pc,1200.00,2400.00,True,True
999,Stabilizer Link,Stabilizer Link,replacement,False,Steering & Suspension,2.0,pc,1100.00,2200.00,True,True
999,Shock Absorber,Shock Absorber,replacement,False,Steering & Suspension,2.0,pc,2500.00,5000.00,True,True
999,Shock Mounting,Shock Mounting,replacement,False,Steering & Suspension,2.0,pc,1150.00,2300.00,True,True
1000,Engine Oil,Engine Oil,standard,False,Fluids & Consumables,3.0,liter,450.00,1350.00,True,True
1000,Oil Filter,Oil Filter,replacement,False,Filters,1.0,pc,350.00,350.00,True,True
1000,Air Filter,Air Filter,replacement,False,Filters,1.0,pc,700.00,700.00,True,True
1000,Cabin Filter,Cabin Filter,replacement,False,Filters,1.0,pc,450.00,450.00,True,True
