service_id,service_name,base_price,base_duration_hours,is_price_fixed,vehicle_type,vehicle_age,mileage,estimated_duration_mins,actual_duration_mins,actual_amount,is_churned,vehicle_type_encoded,predicted_duration_mins
11,Down Clutch / Pulldown Transmission,3500.0,4.5,0,Sedan,6,88348.2,276.3,294.3,6525.0,1,4,323.4859999999997
11,Down Clutch / Pulldown Transmission,3500.0,4.5,0,Sedan,6,71499.0,279.9,433.7,6850.0,1,4,395.75199999999995
11,Down Clutch / Pulldown Transmission,3500.0,4.5,0,Sedan,17,213008.6,279.0,418.5,3950.0,1,4,449.263
18,Replace Engine Support,1200.0,1.5,0,Sedan,6,75356.9,90.2,86.1,1775.0,1,4,98.43200000000017
15,Top Overhaul,15000.0,14.0,0,Sedan,6,83497.9,822.5,936.4,9525.0,0,4,961.4599999999991
11,Down Clutch / Pulldown Transmission,3500.0,4.5,0,Sedan,6,88440.0,270.4,315.6,1600.0,0,4,328.22799999999984
4,Wheel Alignment,800.0,1.0,1,Sedan,6,83797.9,57.4,55.8,850.0,0,4,56.249000000000095
11,Down Clutch / Pulldown Transmission,3500.0,4.5,0,Sedan,6,78239.2,268.4,338.9,3225.0,0,4,336.1700000000004
10,Replace Valve Cover Gasket,1400.0,1.75,0,Sedan,6,79646.5,102.5,106.3,1650.0,0,4,111.40199999999996
2,Brake Service,800.0,1.25,1,Sedan,6,86588.9,72.6,78.3,800.0,0,4,78.06800000000008
17,Replace Shock Absorbers,1500.0,2.0,1,Sedan,6,71671.6,114.5,107.5,1375.0,0,4,108.29900000000002
2,Brake Service,800.0,1.25,1,Sedan,11,149712.9,73.9,77.4,6375.0,1,4,77.5379999999999
2,Brake Service,800.0,1.25,1,Sedan,11,143629.2,71.8,76.6,22150.0,1,4,74.50000000000009
2,Brake Service,800.0,1.25,1,Sedan,6,94522.7,71.8,68.4,800.0,0,4,69.13799999999993
2,Brake Service,800.0,1.25,1,Sedan,6,95817.4,73.7,74.1,775.0,0,4,74.78300000000009
2,Brake Service,800.0,1.25,1,Sedan,6,84289.3,76.0,77.1,1050.0,1,4,76.7160000000001
2,Brake Service,800.0,1.25,1,SUV,20,253839.7,77.0,87.8,7625.0,1,3,83.25500000000004
11,Down Clutch / Pulldown Transmission,3500.0,4.5,0,Van,8,113597.0,268.0,359.8,3550.0,1,5,373.3379999999999
11,Down Clutch / Pulldown Transmission,3500.0,4.5,0,Sedan,6,81156.0,281.0,328.5,3050.0,0,4,354.6049999999999
12,Replace Suspension Bushing,1500.0,2.5,0,Sedan,10,148196.4,143.7,178.6,1475.0,1,4,186.47400000000005
3,Tire Rotation & Balance,800.0,0.5,1,Sedan,10,162693.5,30.4,31.6,1525.0,1,4,29.933999999999966
1,Change Oil,650.0,0.75,1,Sedan,10,134066.1,45.2,43.6,650.0,0,4,44.321999999999974
12,Replace Suspension Bushing,1500.0,2.5,0,Sedan,10,129669.8,154.8,141.0,1625.0,0,4,170.31199999999993
2,Brake Service,800.0,1.25,1,Sedan,10,125442.6,73.8,74.3,1825.0,1,4,75.5070000000001
1,Change Oil,650.0,0.75,1,Sedan,10,144890.9,44.4,45.2,600.0,0,4,46.124999999999936
2,Brake Service,800.0,1.25,1,Sedan,10,130738.1,71.5,73.3,1675.0,1,4,69.88199999999992
2,Brake Service,800.0,1.25,1,SUV,18,218328.9,78.1,76.1,7350.0,1,3,76.35800000000006
11,Down Clutch / Pulldown Transmission,3500.0,4.5,0,Van,8,119475.9,263.0,403.1,4000.0,1,5,395.0389999999996
1,Change Oil,650.0,0.75,1,Sedan,16,211675.6,44.4,50.3,700.0,1,4,48.938000000000045
4,Wheel Alignment,800.0,1.0,1,Sedan,6,81032.4,62.0,58.3,775.0,0,4,59.37500000000002
2,Brake Service,800.0,1.25,1,Sedan,6,75660.2,76.3,77.9,4425.0,1,4,78.77099999999992
14,Rotor Disc Refacing,3000.0,2.0,1,Sedan,6,80823.1,116.1,109.9,4300.0,1,4,110.77699999999986
13,Replace Tie Rod / Rack End,1000.0,1.5,1,Sedan,6,91269.3,88.6,87.8,1025.0,0,4,89.68500000000007
2,Brake Service,800.0,1.25,1,Sedan,6,93463.5,75.4,67.2,800.0,0,4,70.70699999999992
1,Change Oil,650.0,0.75,1,Sedan,6,80898.3,46.8,42.3,850.0,0,4,44.82500000000005
9,Replace Fuel Filter,550.0,0.75,1,Sedan,6,84818.5,46.8,48.7,550.0,0,4,48.14799999999994
2,Brake Service,800.0,1.25,1,Sedan,6,83502.6,72.5,75.3,525.0,0,4,74.11500000000005
9,Replace Fuel Filter,550.0,0.75,1,Sedan,6,68539.9,45.7,53.4,200.0,0,4,48.87699999999998
17,Replace Shock Absorbers,1500.0,2.0,1,Sedan,6,85562.6,122.5,117.6,1700.0,0,4,123.79700000000015
14,Rotor Disc Refacing,3000.0,2.0,1,Sedan,6,93361.0,124.2,134.9,4375.0,1,4,129.19499999999994
17,Replace Shock Absorbers,1500.0,2.0,1,Sedan,6,74028.5,117.2,127.8,600.0,0,4,124.25099999999989
1,Change Oil,650.0,0.75,1,Sedan,6,92479.9,45.0,44.9,1700.0,1,4,44.929
9,Replace Fuel Filter,550.0,0.75,1,Sedan,6,81077.7,44.0,45.0,1300.0,1,4,44.96299999999999
16,Replace Spark Plugs,350.0,0.5,1,Sedan,6,83476.6,31.4,31.5,200.0,0,4,33.77399999999998
1,Change Oil,650.0,0.75,1,Crossover,10,127686.4,44.7,44.0,18700.0,1,0,44.947999999999986
1,Change Oil,650.0,0.75,1,Crossover,10,141468.7,44.2,45.8,750.0,1,0,45.64400000000004
4,Wheel Alignment,800.0,1.0,1,SUV,17,271706.9,60.4,62.7,775.0,1,3,61.66899999999993
14,Rotor Disc Refacing,3000.0,2.0,1,SUV,17,268144.8,120.2,126.0,4100.0,1,3,123.76700000000001
2,Brake Service,800.0,1.25,1,SUV,17,255529.4,73.9,80.7,4375.0,1,3,75.00500000000007
13,Replace Tie Rod / Rack End,1000.0,1.5,1,SUV,17,265359.7,93.7,99.4,1200.0,1,3,96.564
2,Brake Service,800.0,1.25,1,SUV,17,261733.6,76.5,79.5,800.0,1,3,78.56400000000004
1,Change Oil,650.0,0.75,1,SUV,17,226866.2,43.2,42.4,800.0,1,3,44.32000000000003
9,Replace Fuel Filter,550.0,0.75,1,SUV,17,237715.0,44.0,43.4,550.0,1,3,43.824000000000034
8,Change ATF / Transmission Fluid Flush,650.0,0.75,1,SUV,17,212233.5,44.4,45.5,475.0,1,3,46.503
1,Change Oil,650.0,0.75,1,SUV,17,254165.2,45.6,55.2,550.0,1,3,51.70099999999994
15,Top Overhaul,15000.0,14.0,0,Sedan,6,91737.5,880.0,792.5,16075.0,0,4,906.2659999999997
1,Change Oil,650.0,0.75,1,Sedan,6,89605.3,44.7,42.8,550.0,0,4,43.13399999999996
2,Brake Service,800.0,1.25,1,Sedan,6,73192.7,73.1,84.9,825.0,0,4,83.81899999999989
5,Engine Diagnostics,1200.0,1.0,0,Sedan,6,86483.9,62.7,83.6,1875.0,1,4,81.38200000000005
2,Brake Service,800.0,1.25,1,Sedan,6,87136.1,73.1,82.0,475.0,0,4,80.095
8,Change ATF / Transmission Fluid Flush,650.0,0.75,1,SUV,15,177372.6,43.0,43.0,9300.0,1,3,42.94800000000001
1,Change Oil,650.0,0.75,1,SUV,15,187261.1,44.9,44.9,750.0,1,3,45.49600000000001
9,Replace Fuel Filter,550.0,0.75,1,SUV,15,206916.3,45.6,46.0,525.0,1,3,45.88799999999999
6,Replace Fan Belt,800.0,1.0,1,SUV,15,219092.4,62.1,58.5,825.0,1,3,60.49200000000002
1,Change Oil,650.0,0.75,1,Crossover,11,138456.5,42.9,46.0,800.0,1,0,44.93999999999999
10,Replace Valve Cover Gasket,1400.0,1.75,0,Crossover,11,157367.1,106.5,192.1,975.0,1,0,174.51600000000005
2,Brake Service,800.0,1.25,1,Crossover,11,173443.8,78.5,77.0,1200.0,1,0,78.67200000000001
1,Change Oil,650.0,0.75,1,Sedan,6,85638.8,42.9,41.7,675.0,0,4,44.23300000000002
13,Replace Tie Rod / Rack End,1000.0,1.5,1,Sedan,6,78893.5,91.2,95.7,1225.0,1,4,95.35799999999998
2,Brake Service,800.0,1.25,1,Sedan,6,89950.0,72.6,78.4,400.0,0,4,77.43499999999997
17,Replace Shock Absorbers,1500.0,2.0,1,Sedan,6,96136.2,118.5,114.5,1275.0,0,4,118.6229999999999
4,Wheel Alignment,800.0,1.0,1,Sedan,6,100497.5,59.6,64.7,825.0,0,4,61.679999999999936
2,Brake Service,800.0,1.25,1,Sedan,6,81208.2,75.0,73.4,1575.0,1,4,74.88999999999992
2,Brake Service,800.0,1.25,1,Sedan,6,93552.2,71.3,74.6,500.0,0,4,70.06800000000001
1,Change Oil,650.0,0.75,1,Sedan,6,97269.3,45.6,40.0,625.0,0,4,42.840999999999994
17,Replace Shock Absorbers,1500.0,2.0,1,Sedan,6,83630.7,123.0,131.6,1550.0,0,4,129.69200000000018
2,Brake Service,800.0,1.25,1,Sedan,25,310548.1,71.7,61.1,875.0,1,4,74.83099999999996
2,Brake Service,800.0,1.25,1,Sedan,25,388332.3,72.1,75.9,475.0,1,4,75.48299999999993
2,Brake Service,800.0,1.25,1,Sedan,25,358136.4,71.9,70.8,800.0,1,4,71.60600000000005
1,Change Oil,650.0,0.75,1,Sedan,6,95905.8,43.1,39.0,750.0,0,4,39.70000000000002
2,Brake Service,800.0,1.25,1,Sedan,6,98821.4,78.6,76.0,850.0,0,4,76.01399999999995
9,Replace Fuel Filter,550.0,0.75,1,Sedan,6,79106.9,45.3,49.3,650.0,1,4,47.84000000000005
2,Brake Service,800.0,1.25,1,Sedan,6,76072.9,71.3,68.8,4500.0,1,4,68.80900000000005
17,Replace Shock Absorbers,1500.0,2.0,1,Sedan,7,83854.7,121.8,129.3,1300.0,0,4,128.05499999999995
2,Brake Service,800.0,1.25,1,Sedan,7,110814.1,73.4,72.9,625.0,0,4,73.70299999999995
2,Brake Service,800.0,1.25,1,Sedan,6,90275.3,78.5,81.5,400.0,0,4,82.10899999999998
2,Brake Service,800.0,1.25,1,Sedan,6,75971.2,78.5,94.4,400.0,0,4,89.07699999999988
2,Brake Service,800.0,1.25,1,Sedan,6,89607.0,76.0,82.8,400.0,0,4,78.65000000000008
8,Change ATF / Transmission Fluid Flush,650.0,0.75,1,Sedan,6,71743.2,47.0,47.5,425.0,0,4,47.87499999999999
8,Change ATF / Transmission Fluid Flush,650.0,0.75,1,Sedan,6,85489.1,43.6,37.1,400.0,0,4,40.371999999999964
8,Change ATF / Transmission Fluid Flush,650.0,0.75,1,Sedan,21,297037.7,47.1,40.8,4575.0,1,4,41.74400000000004
1,Change Oil,650.0,0.75,1,Sedan,6,95432.6,43.5,39.8,700.0,0,4,41.18100000000007
12,Replace Suspension Bushing,1500.0,2.5,0,Sedan,6,100644.3,143.2,179.3,1525.0,1,4,179.07499999999973
2,Brake Service,800.0,1.25,1,Sedan,6,99287.9,72.4,63.9,3100.0,1,4,74.42999999999995
10,Replace Valve Cover Gasket,1400.0,1.75,0,Sedan,6,101225.5,108.6,89.5,750.0,0,4,103.819
11,Down Clutch / Pulldown Transmission,3500.0,4.5,0,Sedan,6,74294.7,279.8,354.3,2100.0,0,4,356.5329999999999
2,Brake Service,800.0,1.25,1,Sedan,6,97737.7,77.6,77.2,925.0,0,4,75.36800000000005
4,Wheel Alignment,800.0,1.0,1,Sedan,6,82502.5,60.6,65.3,1125.0,1,4,64.10800000000006
13,Replace Tie Rod / Rack End,1000.0,1.5,1,Sedan,6,86491.2,86.5,89.9,1650.0,1,4,90.75099999999989
11,Down Clutch / Pulldown Transmission,3500.0,4.5,0,Sedan,15,228101.2,279.5,534.9,4400.0,1,4,510.51000000000056
9,Replace Fuel Filter,550.0,0.75,1,Sedan,6,93285.0,43.4,49.4,625.0,1,4,46.78600000000003
2,Brake Service,800.0,1.25,1,Sedan,6,73884.0,71.4,78.9,550.0,0,4,75.83699999999993
1,Change Oil,650.0,0.75,1,Sedan,6,82101.0,46.8,48.5,1325.0,1,4,47.479000000000006
2,Brake Service,800.0,1.25,1,Sedan,6,90962.7,75.9,67.1,4500.0,1,4,70.41000000000007
2,Brake Service,800.0,1.25,1,Sedan,6,90759.7,74.9,83.1,2325.0,1,4,80.41000000000007
2,Brake Service,800.0,1.25,1,Sedan,5,60789.1,72.2,75.8,1425.0,1,4,76.26400000000011
1,Change Oil,650.0,0.75,1,Sedan,6,75858.8,46.8,55.4,3925.0,1,4,52.29999999999999
2,Brake Service,800.0,1.25,1,Sedan,6,73635.4,71.6,70.0,1725.0,1,4,70.68799999999997
14,Rotor Disc Refacing,3000.0,2.0,1,Sedan,6,72401.4,115.4,104.5,3950.0,0,4,108.43
2,Brake Service,800.0,1.25,1,Sedan,6,82286.9,76.4,73.7,900.0,0,4,79.19299999999997
11,Down Clutch / Pulldown Transmission,3500.0,4.5,0,Van,12,192903.1,258.1,413.9,2725.0,1,5,400.1130000000004
10,Replace Valve Cover Gasket,1400.0,1.75,0,Sedan,6,87357.0,101.9,123.9,925.0,0,4,115.78599999999993
4,Wheel Alignment,800.0,1.0,1,Sedan,6,86634.0,59.8,65.1,2850.0,1,4,63.81600000000001
13,Replace Tie Rod / Rack End,1000.0,1.5,1,Sedan,6,95136.8,90.3,91.2,475.0,0,4,89.95599999999999
4,Wheel Alignment,800.0,1.0,1,Sedan,6,82934.9,58.6,58.9,900.0,0,4,58.36199999999999
11,Down Clutch / Pulldown Transmission,3500.0,4.5,0,Sedan,1,11037.1,265.3,375.3,5200.0,1,4,350.24399999999974
11,Down Clutch / Pulldown Transmission,3500.0,4.5,0,Sedan,6,92419.9,258.8,438.0,4100.0,1,4,410.059
12,Replace Suspension Bushing,1500.0,2.5,0,Sedan,6,90502.1,144.4,159.9,1050.0,0,4,169.64399999999986
2,Brake Service,800.0,1.25,1,Sedan,6,89922.1,73.9,75.5,500.0,0,4,76.12700000000001
10,Replace Valve Cover Gasket,1400.0,1.75,0,Sedan,6,74016.6,101.4,116.4,850.0,0,4,115.49199999999982
1,Change Oil,650.0,0.75,1,SUV,16,202646.5,43.5,35.7,1650.0,1,3,39.97699999999997
2,Brake Service,800.0,1.25,1,SUV,16,251328.7,74.2,72.3,2075.0,1,3,73.50000000000011
17,Replace Shock Absorbers,1500.0,2.0,1,SUV,16,206629.2,125.2,148.2,1950.0,1,3,138.4200000000001
2,Brake Service,800.0,1.25,1,SUV,16,214922.1,72.7,69.7,1100.0,1,3,72.17399999999992
18,Replace Engine Support,1200.0,1.5,0,SUV,16,222638.4,86.5,112.4,4000.0,1,3,126.90100000000002
2,Brake Service,800.0,1.25,1,SUV,16,226206.0,74.9,72.5,1500.0,1,3,73.86800000000001
2,Brake Service,800.0,1.25,1,Sedan,6,76825.9,71.7,69.7,525.0,0,4,69.54199999999993
2,Brake Service,800.0,1.25,1,Sedan,6,93239.0,75.7,62.2,1450.0,1,4,66.62099999999992
13,Replace Tie Rod / Rack End,1000.0,1.5,1,Sedan,6,87456.7,93.0,96.1,3525.0,1,4,96.0990000000001
13,Replace Tie Rod / Rack End,1000.0,1.5,1,Sedan,6,72214.0,92.2,102.7,4550.0,1,4,99.48299999999999
4,Wheel Alignment,800.0,1.0,1,Sedan,6,80693.0,58.2,57.9,875.0,0,4,58.039999999999964
2,Brake Service,800.0,1.25,1,Pickup,9,140972.3,75.2,81.9,3450.0,1,2,80.72799999999992
2,Brake Service,800.0,1.25,1,Pickup,9,127743.8,74.5,72.0,7550.0,1,2,73.44100000000003
10,Replace Valve Cover Gasket,1400.0,1.75,0,Pickup,9,123568.5,105.0,148.7,1525.0,1,2,145.24300000000017
6,Replace Fan Belt,800.0,1.0,1,Pickup,9,123886.3,62.4,59.2,3050.0,1,2,60.89299999999997
11,Down Clutch / Pulldown Transmission,3500.0,4.5,0,Pickup,9,144994.2,265.5,376.6,12000.0,1,2,357.00600000000026
3,Tire Rotation & Balance,800.0,0.5,1,Pickup,9,132257.6,31.2,30.6,1225.0,1,2,32.35399999999995
2,Brake Service,800.0,1.25,1,Pickup,9,117452.4,76.8,78.8,3425.0,1,2,78.78700000000006
2,Brake Service,800.0,1.25,1,Pickup,9,141846.5,73.8,82.9,1175.0,1,2,81.0489999999999
1,Change Oil,650.0,0.75,1,Pickup,9,111377.3,46.0,50.1,850.0,1,2,49.21
1,Change Oil,650.0,0.75,1,Pickup,9,135037.6,43.9,41.1,2725.0,1,2,42.57099999999997
1,Change Oil,650.0,0.75,1,Pickup,9,143288.3,44.6,47.8,2000.0,1,2,46.10199999999997
2,Brake Service,800.0,1.25,1,Pickup,9,116141.6,75.0,75.3,8525.0,1,2,75.1900000000001
1,Change Oil,650.0,0.75,1,Sedan,6,100048.5,45.3,47.9,800.0,1,4,46.92899999999999
2,Brake Service,800.0,1.25,1,Sedan,6,85956.7,75.6,69.0,2725.0,1,4,72.54900000000004
2,Brake Service,800.0,1.25,1,Sedan,6,96821.4,78.2,73.6,800.0,0,4,74.57000000000006
2,Brake Service,800.0,1.25,1,Sedan,6,101541.9,72.2,88.3,350.0,0,4,83.9360000000001
9,Replace Fuel Filter,550.0,0.75,1,Sedan,6,77288.0,44.3,41.6,500.0,0,4,43.49499999999999
2,Brake Service,800.0,1.25,1,Sedan,6,91855.6,73.8,82.8,675.0,0,4,80.39800000000008
2,Brake Service,800.0,1.25,1,Sedan,6,80773.1,74.6,74.6,800.0,0,4,72.14399999999995
1,Change Oil,650.0,0.75,1,Hatchback,12,168367.7,46.9,51.9,550.0,1,1,49.553000000000004
2,Brake Service,800.0,1.25,1,Hatchback,12,169518.9,76.2,76.1,750.0,0,1,76.78100000000009
11,Down Clutch / Pulldown Transmission,3500.0,4.5,0,Hatchback,12,156056.1,270.1,358.8,3000.0,1,1,352.1389999999998
1,Change Oil,650.0,0.75,1,Sedan,6,87727.8,46.8,45.6,575.0,0,4,46.468999999999994
2,Brake Service,800.0,1.25,1,Sedan,6,74014.1,75.5,85.4,700.0,0,4,82.84799999999994
2,Brake Service,800.0,1.25,1,Sedan,6,82788.2,75.4,74.8,550.0,0,4,75.28200000000008
1,Change Oil,650.0,0.75,1,Sedan,6,99982.4,44.4,48.2,475.0,0,4,47.101999999999954
2,Brake Service,800.0,1.25,1,Van,9,118044.5,72.4,79.3,6925.0,1,5,74.18700000000007
2,Brake Service,800.0,1.25,1,Van,9,106861.1,73.0,75.0,3475.0,1,5,74.16699999999999
10,Replace Valve Cover Gasket,1400.0,1.75,0,Van,9,117913.3,102.3,134.5,500.0,0,5,135.399
2,Brake Service,800.0,1.25,1,Van,9,140125.7,77.5,89.3,1700.0,1,5,86.55900000000003
1,Change Oil,650.0,0.75,1,Van,9,114190.4,46.8,49.0,750.0,1,5,49.16199999999999
9,Replace Fuel Filter,550.0,0.75,1,Van,9,129776.0,46.4,42.7,525.0,0,5,45.28199999999995
10,Replace Valve Cover Gasket,1400.0,1.75,0,Van,9,124342.8,102.6,115.7,3150.0,1,5,137.22999999999993
2,Brake Service,800.0,1.25,1,Sedan,6,85918.8,73.5,80.7,4000.0,1,4,78.45599999999995
13,Replace Tie Rod / Rack End,1000.0,1.5,1,Sedan,6,91724.3,85.7,89.5,1475.0,1,4,87.86599999999999
4,Wheel Alignment,800.0,1.0,1,Sedan,6,85556.0,57.8,53.0,900.0,0,4,55.81400000000001
2,Brake Service,800.0,1.25,1,Hatchback,6,73774.5,78.1,80.9,6175.0,1,1,79.66599999999995
2,Brake Service,800.0,1.25,1,Hatchback,6,80781.6,76.1,74.8,1550.0,1,1,76.16300000000004
1,Change Oil,650.0,0.75,1,SUV,6,69043.4,46.8,48.7,850.0,1,3,48.277999999999956
2,Brake Service,800.0,1.25,1,SUV,6,90057.9,72.6,73.1,1250.0,1,3,73.803
9,Replace Fuel Filter,550.0,0.75,1,SUV,6,82941.3,43.0,45.6,525.0,0,3,44.864
2,Brake Service,800.0,1.25,1,SUV,6,76828.1,73.1,65.6,4325.0,1,3,69.1220000000001
10,Replace Valve Cover Gasket,1400.0,1.75,0,SUV,6,84883.7,102.9,112.6,675.0,0,3,128.79800000000006
13,Replace Tie Rod / Rack End,1000.0,1.5,1,Sedan,6,95106.9,92.1,98.4,750.0,0,4,97.86299999999987
2,Brake Service,800.0,1.25,1,Sedan,6,74687.0,75.7,84.2,575.0,0,4,81.13800000000003
3,Tire Rotation & Balance,800.0,0.5,1,Sedan,6,70535.1,30.7,36.2,600.0,0,4,34.68899999999997
3,Tire Rotation & Balance,800.0,0.5,1,Sedan,6,80639.1,31.0,33.2,950.0,1,4,33.38399999999997
2,Brake Service,800.0,1.25,1,Sedan,6,81204.5,74.0,67.7,1775.0,1,4,74.01500000000001
1,Change Oil,650.0,0.75,1,Sedan,10,148024.3,46.0,49.0,675.0,1,4,46.22599999999998
11,Down Clutch / Pulldown Transmission,3500.0,4.5,0,Sedan,10,153730.6,263.2,293.2,12525.0,1,4,322.47100000000023
2,Brake Service,800.0,1.25,1,Sedan,10,166779.5,71.5,75.4,5550.0,1,4,73.3059999999999
4,Wheel Alignment,800.0,1.0,1,Sedan,10,129606.3,62.5,66.0,2975.0,1,4,65.10499999999998
5,Engine Diagnostics,1200.0,1.0,0,Sedan,10,166117.8,59.8,83.3,1575.0,1,4,83.34300000000006
2,Brake Service,800.0,1.25,1,Sedan,10,138539.9,71.5,64.9,1850.0,1,4,68.91799999999994
2,Brake Service,800.0,1.25,1,Sedan,6,70894.0,76.5,85.7,1725.0,1,4,81.84499999999989
1,Change Oil,650.0,0.75,1,Sedan,6,72667.3,45.2,43.8,625.0,0,4,44.53900000000007
2,Brake Service,800.0,1.25,1,Sedan,6,93539.1,75.9,77.9,850.0,0,4,74.40799999999993
10,Replace Valve Cover Gasket,1400.0,1.75,0,Sedan,6,99921.8,110.2,163.7,775.0,0,4,117.40899999999998
17,Replace Shock Absorbers,1500.0,2.0,1,Sedan,6,82884.7,121.5,119.6,1275.0,0,4,123.26800000000014
1,Change Oil,650.0,0.75,1,Sedan,6,86701.1,43.8,43.6,775.0,0,4,45.06299999999998
2,Brake Service,800.0,1.25,1,Sedan,6,77745.7,73.0,74.3,800.0,0,4,76.70300000000012
13,Replace Tie Rod / Rack End,1000.0,1.5,1,Sedan,6,85059.3,87.5,88.1,1450.0,1,4,90.04500000000012
12,Replace Suspension Bushing,1500.0,2.5,0,Sedan,6,100380.4,149.5,158.9,3075.0,1,4,164.31699999999978
13,Replace Tie Rod / Rack End,1000.0,1.5,1,Sedan,12,189587.8,94.0,104.7,8100.0,1,4,97.55599999999998
2,Brake Service,800.0,1.25,1,Sedan,12,166607.8,72.6,70.4,2425.0,1,4,71.95299999999989
17,Replace Shock Absorbers,1500.0,2.0,1,Sedan,8,120498.3,114.7,113.6,1500.0,0,4,116.20799999999997
2,Brake Service,800.0,1.25,1,Sedan,8,124311.9,72.4,70.6,1850.0,1,4,71.50300000000007
13,Replace Tie Rod / Rack End,1000.0,1.5,1,Sedan,8,105142.8,90.8,86.5,1500.0,1,4,88.275
4,Wheel Alignment,800.0,1.0,1,Sedan,8,122531.5,57.8,60.3,2850.0,1,4,58.349000000000025
4,Wheel Alignment,800.0,1.0,1,Sedan,15,221475.7,57.5,50.6,9375.0,1,4,53.16800000000003
12,Replace Suspension Bushing,1500.0,2.5,0,Sedan,15,199989.7,149.9,217.3,1625.0,1,4,223.1599999999997
17,Replace Shock Absorbers,1500.0,2.0,1,Sedan,15,232509.3,119.8,133.8,1525.0,1,4,130.62099999999984
2,Brake Service,800.0,1.25,1,Sedan,15,204682.8,75.5,80.5,600.0,1,4,80.48900000000002
4,Wheel Alignment,800.0,1.0,1,Sedan,15,231405.4,62.1,65.4,2600.0,1,4,64.20699999999995
11,Down Clutch / Pulldown Transmission,3500.0,4.5,0,Sedan,6,96155.4,274.9,416.2,13525.0,1,4,392.62399999999997
1,Change Oil,650.0,0.75,1,Hatchback,12,158064.4,46.7,46.3,575.0,0,1,46.43900000000006
2,Brake Service,800.0,1.25,1,Hatchback,12,176778.3,77.4,79.1,850.0,1,1,78.75700000000009
14,Rotor Disc Refacing,3000.0,2.0,1,Hatchback,12,143038.0,121.4,124.1,1200.0,0,1,123.75699999999999
2,Brake Service,800.0,1.25,1,Hatchback,12,159712.6,75.3,75.0,1225.0,1,1,75.541
17,Replace Shock Absorbers,1500.0,2.0,1,Hatchback,12,182565.8,125.6,140.3,1125.0,0,1,137.3330000000001
11,Down Clutch / Pulldown Transmission,3500.0,4.5,0,Sedan,17,263710.5,281.8,429.5,4825.0,1,4,484.71299999999997
10,Replace Valve Cover Gasket,1400.0,1.75,0,Sedan,17,228671.8,100.5,128.5,1750.0,1,4,152.70200000000014
1,Change Oil,650.0,0.75,1,Sedan,17,241816.9,46.7,45.5,2550.0,1,4,45.107
1,Change Oil,650.0,0.75,1,Sedan,17,250881.5,42.8,43.2,325.0,0,4,43.449999999999946
1,Change Oil,650.0,0.75,1,Sedan,17,260270.5,44.8,40.5,1325.0,1,4,43.11199999999999
1,Change Oil,650.0,0.75,1,Sedan,6,81259.5,45.9,50.9,26650.0,1,4,49.905999999999985
1,Change Oil,650.0,0.75,1,Sedan,6,85919.5,43.4,46.5,450.0,0,4,46.06799999999999
1,Change Oil,650.0,0.75,1,Sedan,6,85374.3,44.5,48.6,350.0,0,4,46.01699999999996
2,Brake Service,800.0,1.25,1,SUV,6,75289.3,71.5,65.8,8050.0,1,3,67.81900000000005
1,Change Oil,650.0,0.75,1,SUV,6,93896.3,47.1,49.1,800.0,1,3,49.39100000000001
9,Replace Fuel Filter,550.0,0.75,1,SUV,6,95660.3,46.6,49.9,1275.0,1,3,48.38199999999999
2,Brake Service,800.0,1.25,1,SUV,6,70572.7,78.2,87.6,1650.0,1,3,84.97100000000007
9,Replace Fuel Filter,550.0,0.75,1,SUV,6,80081.5,43.3,41.8,875.0,1,3,42.805000000000035
2,Brake Service,800.0,1.25,1,SUV,6,78203.3,71.7,64.0,525.0,0,3,66.528
11,Down Clutch / Pulldown Transmission,3500.0,4.5,0,Van,6,90176.1,268.8,318.2,4925.0,1,5,335.74500000000023
4,Wheel Alignment,800.0,1.0,1,Crossover,8,113992.3,61.2,64.2,925.0,1,0,62.64499999999991
13,Replace Tie Rod / Rack End,1000.0,1.5,1,Crossover,8,98514.4,86.4,88.1,1125.0,1,0,88.76700000000011
2,Brake Service,800.0,1.25,1,Crossover,8,119913.0,75.4,71.6,800.0,0,0,73.15900000000006
1,Change Oil,650.0,0.75,1,Crossover,8,102651.7,43.1,40.5,800.0,1,0,44.424
2,Brake Service,800.0,1.25,1,Crossover,8,118124.4,77.3,75.8,1175.0,1,0,76.84400000000008
1,Change Oil,650.0,0.75,1,Sedan,6,77783.2,45.9,47.0,3375.0,1,4,47.794999999999966
13,Replace Tie Rod / Rack End,1000.0,1.5,1,Hatchback,9,139848.8,91.9,89.5,1050.0,0,1,91.61400000000002
2,Brake Service,800.0,1.25,1,Hatchback,9,133375.2,78.0,87.8,800.0,1,1,78.90299999999998
2,Brake Service,800.0,1.25,1,Hatchback,9,127650.0,75.2,74.5,800.0,0,1,76.087
17,Replace Shock Absorbers,1500.0,2.0,1,Hatchback,9,108385.0,115.9,115.2,825.0,0,1,118.95
14,Rotor Disc Refacing,3000.0,2.0,1,Hatchback,9,142510.8,116.2,124.3,1575.0,0,1,121.369
1,Change Oil,650.0,0.75,1,Sedan,6,86176.4,46.0,47.1,800.0,1,4,47.50099999999998
2,Brake Service,800.0,1.25,1,Sedan,6,80632.0,71.8,79.5,800.0,0,4,75.86099999999999
9,Replace Fuel Filter,550.0,0.75,1,Sedan,6,94107.2,44.7,41.2,500.0,0,4,44.90300000000001
1,Change Oil,650.0,0.75,1,Crossover,2,27422.6,46.7,41.8,875.0,0,0,47.52000000000002
8,Change ATF / Transmission Fluid Flush,650.0,0.75,1,Crossover,2,31128.8,46.7,47.0,825.0,0,0,46.756
2,Brake Service,800.0,1.25,1,Crossover,2,28915.2,78.1,83.0,750.0,0,0,82.23
16,Replace Spark Plugs,350.0,0.5,1,Crossover,2,33583.0,28.9,30.6,250.0,0,0,29.35999999999997
1,Change Oil,650.0,0.75,1,Crossover,2,23525.5,47.1,49.3,800.0,0,0,49.556000000000076
2,Brake Service,800.0,1.25,1,Crossover,2,26152.2,77.8,84.2,675.0,0,0,81.37199999999996
8,Change ATF / Transmission Fluid Flush,650.0,0.75,1,Crossover,2,29582.2,43.5,45.7,800.0,0,0,42.461000000000006
1,Change Oil,650.0,0.75,1,Crossover,2,29602.6,44.2,43.4,250.0,0,0,45.60400000000001
2,Brake Service,800.0,1.25,1,Sedan,11,175571.4,73.0,62.2,8100.0,1,4,67.0449999999999
1,Change Oil,650.0,0.75,1,Sedan,6,92494.7,43.9,50.0,4700.0,1,4,48.592000000000006
1,Change Oil,650.0,0.75,1,Sedan,6,73188.1,42.9,46.7,850.0,1,4,45.91499999999994
2,Brake Service,800.0,1.25,1,Sedan,6,89365.4,77.3,85.2,1225.0,1,4,71.54500000000003
2,Brake Service,800.0,1.25,1,Crossover,10,124688.6,73.3,75.0,6275.0,1,0,74.39100000000002
1,Change Oil,650.0,0.75,1,Crossover,10,152975.7,43.3,46.7,600.0,0,0,47.34299999999994
13,Replace Tie Rod / Rack End,1000.0,1.5,1,Crossover,10,134240.3,85.9,88.6,825.0,0,0,84.06000000000003
2,Brake Service,800.0,1.25,1,Crossover,10,155628.3,75.1,89.1,600.0,0,0,84.30400000000009
4,Wheel Alignment,800.0,1.0,1,Crossover,10,120975.7,58.8,55.6,825.0,0,0,56.85700000000006
2,Brake Service,800.0,1.25,1,Crossover,10,154546.2,72.0,69.8,450.0,0,0,73.69800000000008
2,Brake Service,800.0,1.25,1,Crossover,10,152028.6,76.4,77.7,550.0,0,0,77.17899999999993
2,Brake Service,800.0,1.25,1,Crossover,10,151009.7,75.5,83.7,700.0,0,0,80.24600000000001
1,Change Oil,650.0,0.75,1,Sedan,6,80741.7,44.5,42.6,800.0,0,4,44.11799999999997
2,Brake Service,800.0,1.25,1,Sedan,6,95780.7,71.6,72.7,1225.0,1,4,71.6829999999999
2,Brake Service,800.0,1.25,1,Hatchback,6,98069.1,75.5,80.4,4575.0,1,1,78.16699999999996
11,Down Clutch / Pulldown Transmission,3500.0,4.5,0,Hatchback,6,80950.8,274.5,376.8,575.0,0,1,363.066
1,Change Oil,650.0,0.75,1,Sedan,6,91810.1,46.4,47.8,3325.0,1,4,48.301000000000066
12,Replace Suspension Bushing,1500.0,2.5,0,Sedan,6,71357.8,148.0,229.7,3325.0,1,4,205.63600000000028
1,Change Oil,650.0,0.75,1,SUV,6,82158.4,43.8,40.1,775.0,0,3,43.24599999999999
2,Brake Service,800.0,1.25,1,SUV,6,76601.5,76.3,73.6,1325.0,1,3,74.68800000000009
9,Replace Fuel Filter,550.0,0.75,1,SUV,6,87338.2,45.1,44.4,550.0,0,3,44.76600000000002
2,Brake Service,800.0,1.25,1,SUV,6,80132.5,74.2,81.8,5050.0,1,3,78.84900000000009
10,Replace Valve Cover Gasket,1400.0,1.75,0,SUV,6,91533.2,108.3,132.1,550.0,0,3,129.17400000000015
11,Down Clutch / Pulldown Transmission,3500.0,4.5,0,Hatchback,10,152864.9,281.7,352.9,2550.0,0,1,360.23400000000044
10,Replace Valve Cover Gasket,1400.0,1.75,0,Hatchback,10,137773.0,102.7,160.6,250.0,0,1,150.86700000000013
15,Top Overhaul,15000.0,14.0,0,Sedan,6,83986.9,849.3,923.2,9300.0,0,4,953.3969999999987
16,Replace Spark Plugs,350.0,0.5,1,Sedan,20,269668.4,29.0,27.3,400.0,1,4,28.547000000000036
2,Brake Service,800.0,1.25,1,Sedan,20,286230.7,72.1,64.4,1525.0,1,4,68.23499999999991
17,Replace Shock Absorbers,1500.0,2.0,1,Sedan,20,318320.2,123.7,120.4,1200.0,1,4,121.05399999999987
2,Brake Service,800.0,1.25,1,Sedan,20,298020.4,75.8,77.6,1800.0,1,4,77.83000000000011
2,Brake Service,800.0,1.25,1,Sedan,6,75230.5,75.8,84.3,800.0,0,4,81.47300000000003
13,Replace Tie Rod / Rack End,1000.0,1.5,1,Sedan,6,93195.0,87.6,84.3,1050.0,0,4,93.15300000000006
2,Brake Service,800.0,1.25,1,Sedan,6,92251.3,76.3,79.3,575.0,0,4,77.8400000000001
4,Wheel Alignment,800.0,1.0,1,Sedan,6,85468.3,58.0,62.1,2550.0,1,4,59.25100000000004
4,Wheel Alignment,800.0,1.0,1,Sedan,6,73446.0,57.1,63.8,875.0,0,4,61.104999999999976
2,Brake Service,800.0,1.25,1,Sedan,6,83136.1,74.2,75.2,575.0,0,4,75.7469999999999
5,Engine Diagnostics,1200.0,1.0,0,Sedan,6,92480.6,61.2,61.6,700.0,0,4,70.68100000000005
1,Change Oil,650.0,0.75,1,Sedan,6,93224.0,47.2,50.3,1625.0,1,4,49.230000000000054
1,Change Oil,650.0,0.75,1,Sedan,6,74612.3,43.1,40.2,825.0,0,4,42.32799999999995
1,Change Oil,650.0,0.75,1,Sedan,6,76422.4,45.1,46.8,1375.0,1,4,46.238000000000085
11,Down Clutch / Pulldown Transmission,3500.0,4.5,0,Sedan,8,127623.9,270.9,302.3,3150.0,0,4,338.2919999999998
8,Change ATF / Transmission Fluid Flush,650.0,0.75,1,Sedan,8,125347.4,45.7,52.7,3575.0,1,4,44.34399999999999
1,Change Oil,650.0,0.75,1,Sedan,8,106668.4,45.3,42.6,4650.0,1,4,44.41899999999999
1,Change Oil,650.0,0.75,1,Sedan,6,81116.7,44.8,43.1,700.0,0,4,46.739
2,Brake Service,800.0,1.25,1,Sedan,6,93298.7,78.2,76.4,3250.0,1,4,76.21599999999991
11,Down Clutch / Pulldown Transmission,3500.0,4.5,0,Sedan,6,83560.3,281.5,417.6,3725.0,1,4,386.5599999999997
1,Change Oil,650.0,0.75,1,Sedan,6,87609.6,43.2,42.2,875.0,1,4,43.58899999999996
2,Brake Service,800.0,1.25,1,Sedan,6,96992.0,76.6,73.3,550.0,0,4,75.0680000000001
2,Brake Service,800.0,1.25,1,Sedan,6,81283.9,75.4,71.8,550.0,0,4,75.82000000000002
9,Replace Fuel Filter,550.0,0.75,1,Sedan,6,85540.6,45.1,46.0,575.0,0,4,45.42100000000001
17,Replace Shock Absorbers,1500.0,2.0,1,Van,6,101880.3,116.5,114.7,1275.0,0,5,108.36600000000003
2,Brake Service,800.0,1.25,1,Van,6,99356.1,77.3,74.7,1900.0,1,5,74.84499999999993
1,Change Oil,650.0,0.75,1,SUV,3,37209.8,43.5,40.8,700.0,0,3,41.93200000000005
2,Brake Service,800.0,1.25,1,SUV,3,51040.0,77.4,78.8,1550.0,1,3,77.6430000000001
2,Brake Service,800.0,1.25,1,Pickup,8,120342.6,72.6,59.4,4525.0,1,2,64.48899999999995
4,Wheel Alignment,800.0,1.0,1,Pickup,8,100461.9,57.4,58.8,4625.0,1,2,58.04200000000009
1,Change Oil,650.0,0.75,1,Sedan,6,95802.2,44.2,34.9,650.0,0,4,38.60600000000006
2,Brake Service,800.0,1.25,1,Sedan,6,77866.7,72.9,83.3,850.0,0,4,80.69900000000008
1,Change Oil,650.0,0.75,1,Van,7,84054.2,46.3,44.7,650.0,0,5,46.07299999999995
2,Brake Service,800.0,1.25,1,Van,7,107607.4,76.5,74.3,800.0,0,5,75.86700000000008
4,Wheel Alignment,800.0,1.0,1,Van,7,99190.3,60.1,53.9,950.0,0,5,56.25899999999996
1,Change Oil,650.0,0.75,1,Sedan,6,88825.0,44.7,40.7,5450.0,1,4,42.49399999999996
1,Change Oil,650.0,0.75,1,Sedan,6,81209.9,46.5,50.7,1050.0,1,4,49.31999999999994
4,Wheel Alignment,800.0,1.0,1,Sedan,6,72674.8,59.9,58.5,825.0,0,4,60.115999999999985
17,Replace Shock Absorbers,1500.0,2.0,1,Sedan,6,82645.1,114.1,107.3,400.0,0,4,108.52899999999995
11,Down Clutch / Pulldown Transmission,3500.0,4.5,0,Sedan,6,86057.9,279.3,352.0,4225.0,1,4,357.764
1,Change Oil,650.0,0.75,1,Sedan,6,74822.0,46.1,38.5,625.0,0,4,42.084
2,Brake Service,800.0,1.25,1,Sedan,6,82440.2,77.1,74.5,625.0,0,4,78.87900000000005
14,Rotor Disc Refacing,3000.0,2.0,1,Sedan,6,89204.1,117.1,118.6,1575.0,0,4,119.93900000000014
16,Replace Spark Plugs,350.0,0.5,1,Sedan,6,90864.4,31.2,35.1,225.0,0,4,34.159999999999975
1,Change Oil,650.0,0.75,1,Sedan,6,75339.0,43.4,44.6,700.0,0,4,46.18799999999997
11,Down Clutch / Pulldown Transmission,3500.0,4.5,0,Sedan,6,83867.2,258.8,310.4,650.0,0,4,341.2050000000005
14,Rotor Disc Refacing,3000.0,2.0,1,Sedan,6,68867.6,125.5,120.0,1600.0,0,4,122.903
2,Brake Service,800.0,1.25,1,Sedan,6,78663.0,77.1,72.2,200.0,0,4,78.59400000000005
4,Wheel Alignment,800.0,1.0,1,Van,8,97850.6,61.0,58.4,2925.0,1,5,62.19399999999998
2,Brake Service,800.0,1.25,1,Van,8,92738.5,78.5,86.3,1925.0,1,5,83.38700000000006
13,Replace Tie Rod / Rack End,1000.0,1.5,1,Van,8,115954.4,87.4,91.1,475.0,0,5,91.93500000000007
13,Replace Tie Rod / Rack End,1000.0,1.5,1,Van,8,124159.0,90.3,87.5,525.0,0,5,86.02300000000002
1,Change Oil,650.0,0.75,1,Van,8,130183.5,45.4,49.0,875.0,1,5,48.474
2,Brake Service,800.0,1.25,1,Van,8,113672.6,73.8,69.1,2250.0,1,5,73.42300000000006
14,Rotor Disc Refacing,3000.0,2.0,1,Van,8,113029.2,125.3,123.0,1975.0,0,5,125.43999999999997
2,Brake Service,800.0,1.25,1,Van,8,108849.1,76.1,82.9,1175.0,1,5,79.55599999999995
9,Replace Fuel Filter,550.0,0.75,1,Van,8,129568.5,46.9,51.0,525.0,0,5,49.838999999999984
1,Change Oil,650.0,0.75,1,Sedan,3,47472.5,46.0,49.4,700.0,0,4,48.02
4,Wheel Alignment,800.0,1.0,1,Van,8,103763.1,62.9,63.7,2800.0,1,5,63.64400000000005
2,Brake Service,800.0,1.25,1,Van,8,124862.6,72.9,81.6,2000.0,1,5,77.1750000000001
13,Replace Tie Rod / Rack End,1000.0,1.5,1,Van,8,121498.7,90.8,78.8,500.0,0,5,82.30600000000008
13,Replace Tie Rod / Rack End,1000.0,1.5,1,Van,8,118036.2,93.4,104.9,525.0,0,5,100.53099999999984
1,Change Oil,650.0,0.75,1,Van,8,102122.5,42.8,46.5,800.0,1,5,44.840999999999994
14,Rotor Disc Refacing,3000.0,2.0,1,Van,8,124027.2,118.8,115.7,2575.0,0,5,114.28600000000006
14,Rotor Disc Refacing,3000.0,2.0,1,Van,8,118292.6,121.4,118.8,1900.0,0,5,120.34399999999992
2,Brake Service,800.0,1.25,1,Van,8,123286.3,71.3,68.2,1250.0,1,5,70.40899999999993
9,Replace Fuel Filter,550.0,0.75,1,Van,8,126441.6,44.2,43.5,525.0,0,5,43.857
2,Brake Service,800.0,1.25,1,Van,8,132005.2,74.0,85.7,825.0,1,5,82.35999999999993
2,Brake Service,800.0,1.25,1,Crossover,15,235881.3,74.2,85.7,1450.0,1,0,81.55999999999995
2,Brake Service,800.0,1.25,1,Sedan,4,51106.2,73.9,72.1,2025.0,1,4,70.97700000000003
1,Change Oil,650.0,0.75,1,Sedan,4,54120.3,45.4,53.1,700.0,0,4,50.74800000000002
4,Wheel Alignment,800.0,1.0,1,Van,8,119105.7,61.8,66.9,2725.0,1,5,65.76799999999992
2,Brake Service,800.0,1.25,1,Van,8,107945.9,71.7,79.5,1925.0,1,5,76.954
13,Replace Tie Rod / Rack End,1000.0,1.5,1,Van,8,123897.8,90.2,83.8,1000.0,0,5,84.03000000000009
1,Change Oil,650.0,0.75,1,Van,8,107144.4,43.1,45.6,800.0,1,5,44.795999999999985
14,Rotor Disc Refacing,3000.0,2.0,1,Van,8,127519.7,125.2,117.4,2725.0,0,5,121.53399999999985
14,Rotor Disc Refacing,3000.0,2.0,1,Van,8,121571.1,115.4,128.3,1975.0,0,5,112.26500000000004
2,Brake Service,800.0,1.25,1,Van,8,110717.0,75.7,74.3,1125.0,1,5,76.26600000000006
9,Replace Fuel Filter,550.0,0.75,1,Van,8,102044.9,42.9,41.9,575.0,0,5,43.15600000000002
2,Brake Service,800.0,1.25,1,Van,8,111462.0,78.3,76.9,775.0,0,5,79.93000000000005
2,Brake Service,800.0,1.25,1,Sedan,4,67908.8,72.6,72.9,1925.0,1,4,73.975
1,Change Oil,650.0,0.75,1,Sedan,4,52462.7,43.1,43.9,700.0,0,4,44.37000000000001
2,Brake Service,800.0,1.25,1,Crossover,8,114462.8,77.0,80.7,750.0,0,0,79.41899999999997
1,Change Oil,650.0,0.75,1,Crossover,8,105099.2,45.7,46.2,650.0,0,0,46.82799999999993
2,Brake Service,800.0,1.25,1,Crossover,8,102585.3,78.0,74.3,775.0,0,0,75.52200000000008
9,Replace Fuel Filter,550.0,0.75,1,Crossover,8,121147.4,46.2,47.0,525.0,0,0,49.31899999999998
2,Brake Service,800.0,1.25,1,Sedan,12,141427.9,78.0,80.2,575.0,0,4,78.46199999999993
2,Brake Service,800.0,1.25,1,Sedan,12,163248.1,78.0,80.0,825.0,1,4,78.17499999999997
1,Change Oil,650.0,0.75,1,Sedan,12,184646.8,44.6,48.6,1425.0,1,4,47.955999999999996
2,Brake Service,800.0,1.25,1,Sedan,15,237212.7,76.2,79.5,550.0,0,4,79.191
12,Replace Suspension Bushing,1500.0,2.5,0,Sedan,15,215472.0,151.6,211.8,800.0,1,4,217.76099999999974
1,Change Oil,650.0,0.75,1,Sedan,15,187003.9,43.9,45.5,1575.0,1,4,45.8
8,Change ATF / Transmission Fluid Flush,650.0,0.75,1,Sedan,15,207895.5,46.6,46.4,650.0,1,4,45.887000000000015
2,Brake Service,800.0,1.25,1,Sedan,15,224536.1,71.9,67.2,1275.0,1,4,73.89500000000001
2,Brake Service,800.0,1.25,1,Sedan,15,197240.5,77.6,76.4,1650.0,1,4,77.195
1,Change Oil,650.0,0.75,1,Sedan,6,85345.0,45.2,46.2,24100.0,1,4,45.574999999999946
1,Change Oil,650.0,0.75,1,Sedan,6,92323.8,43.0,41.7,25750.0,1,4,42.45299999999995
1,Change Oil,650.0,0.75,1,Sedan,6,75348.1,44.2,45.5,700.0,0,4,45.353
6,Replace Fan Belt,800.0,1.0,1,Sedan,6,83328.9,62.3,61.7,1225.0,1,4,60.04399999999996
13,Replace Tie Rod / Rack End,1000.0,1.5,1,Sedan,6,90634.6,92.4,100.8,8475.0,1,4,99.76599999999999
4,Wheel Alignment,800.0,1.0,1,Sedan,6,86400.4,57.6,63.5,825.0,0,4,60.82200000000002
12,Replace Suspension Bushing,1500.0,2.5,0,Sedan,6,86213.0,157.0,201.8,1325.0,0,4,201.52699999999976
11,Down Clutch / Pulldown Transmission,3500.0,4.5,0,Sedan,6,84198.4,272.1,402.4,5025.0,1,4,381.3700000000005
1,Change Oil,650.0,0.75,1,Sedan,6,88399.5,45.1,47.8,625.0,0,4,46.32600000000006
2,Brake Service,800.0,1.25,1,Sedan,6,90156.2,77.7,77.6,1225.0,1,4,75.85900000000012
6,Replace Fan Belt,800.0,1.0,1,Sedan,20,315511.0,58.2,54.9,1225.0,1,4,55.334
2,Brake Service,800.0,1.25,1,Sedan,20,278224.7,71.9,74.4,500.0,1,4,72.66499999999995
1,Change Oil,650.0,0.75,1,Crossover,12,175822.6,44.6,41.7,675.0,1,0,43.655999999999956
6,Replace Fan Belt,800.0,1.0,1,Crossover,12,186889.9,58.0,59.3,550.0,0,0,59.369000000000085
10,Replace Valve Cover Gasket,1400.0,1.75,0,Crossover,12,173666.8,109.1,162.0,1200.0,1,0,155.629
16,Replace Spark Plugs,350.0,0.5,1,Crossover,12,159152.1,31.0,36.1,200.0,0,0,34.59799999999996
11,Down Clutch / Pulldown Transmission,3500.0,4.5,0,Van,6,80669.6,278.7,246.2,8300.0,1,5,284.59100000000024
1,Change Oil,650.0,0.75,1,Sedan,6,89628.3,44.3,47.1,825.0,1,4,46.422
2,Brake Service,800.0,1.25,1,Sedan,6,88131.8,73.0,72.2,775.0,0,4,78.96199999999997
9,Replace Fuel Filter,550.0,0.75,1,Sedan,6,87543.2,45.7,41.1,575.0,0,4,41.90199999999996
11,Down Clutch / Pulldown Transmission,3500.0,4.5,0,Sedan,6,93321.5,282.9,311.9,30500.0,1,4,348.75400000000025
1,Change Oil,650.0,0.75,1,Sedan,6,87454.6,45.8,45.2,32850.0,1,4,44.93099999999993
1,Change Oil,650.0,0.75,1,Sedan,6,90719.6,45.6,47.0,2750.0,1,4,45.48599999999998
1,Change Oil,650.0,0.75,1,Sedan,6,77091.8,42.9,47.3,6550.0,1,4,46.157000000000025
1,Change Oil,650.0,0.75,1,Sedan,6,100845.0,46.2,49.5,3375.0,1,4,48.401
1,Change Oil,650.0,0.75,1,Sedan,6,85040.4,45.8,43.2,5550.0,1,4,44.34399999999993
6,Replace Fan Belt,800.0,1.0,1,Sedan,6,83714.0,62.2,52.6,1250.0,1,4,55.50599999999999
6,Replace Fan Belt,800.0,1.0,1,Sedan,6,91882.6,59.5,59.6,1025.0,1,4,59.402000000000015
6,Replace Fan Belt,800.0,1.0,1,Sedan,6,91399.0,62.5,67.4,1225.0,1,4,65.08099999999996
1,Change Oil,650.0,0.75,1,Sedan,6,79948.7,46.0,50.2,1450.0,1,4,48.826999999999934
2,Brake Service,800.0,1.25,1,Sedan,6,85102.3,72.1,75.7,4925.0,1,4,75.56799999999994
1,Change Oil,650.0,0.75,1,Sedan,10,122006.0,42.8,37.2,650.0,0,4,38.88699999999994
2,Brake Service,800.0,1.25,1,Sedan,10,142798.4,73.5,80.6,875.0,1,4,79.04700000000004
13,Replace Tie Rod / Rack End,1000.0,1.5,1,Sedan,10,153101.4,86.2,93.0,975.0,1,4,91.72799999999998
4,Wheel Alignment,800.0,1.0,1,Sedan,10,123963.3,63.0,64.6,850.0,1,4,65.51100000000007
2,Brake Service,800.0,1.25,1,Sedan,10,128353.5,75.7,78.8,3350.0,1,4,78.22800000000008
3,Tire Rotation & Balance,800.0,0.5,1,Sedan,10,159598.2,30.2,24.3,3300.0,1,4,25.944999999999986
2,Brake Service,800.0,1.25,1,Sedan,6,80256.5,77.1,84.1,5050.0,1,4,79.79800000000007
2,Brake Service,800.0,1.25,1,Sedan,6,85533.3,76.0,87.5,825.0,0,4,76.5650000000001
1,Change Oil,650.0,0.75,1,Sedan,6,79359.1,43.2,43.2,2475.0,1,4,44.33700000000001
1,Change Oil,650.0,0.75,1,Sedan,6,95010.3,45.5,46.6,550.0,0,4,46.18499999999998
1,Change Oil,650.0,0.75,1,Sedan,6,83140.6,43.9,43.2,900.0,1,4,47.071999999999996
6,Replace Fan Belt,800.0,1.0,1,Sedan,6,69915.9,58.7,53.3,1800.0,1,4,55.225000000000065
5,Engine Diagnostics,1200.0,1.0,0,Hatchback,6,85307.6,58.2,71.5,1575.0,1,1,71.58299999999998
2,Brake Service,800.0,1.25,1,Hatchback,6,70031.8,71.5,71.2,775.0,0,1,71.40299999999993
2,Brake Service,800.0,1.25,1,Sedan,3,48067.7,75.1,78.9,5450.0,1,4,77.85500000000008
2,Brake Service,800.0,1.25,1,Sedan,6,77660.6,75.9,75.5,8150.0,1,4,75.76399999999998
1,Change Oil,650.0,0.75,1,Sedan,6,90542.8,45.0,44.5,17400.0,1,4,44.39299999999999
2,Brake Service,800.0,1.25,1,Sedan,6,81953.6,74.3,77.4,1550.0,1,4,75.81899999999992
5,Engine Diagnostics,1200.0,1.0,0,Sedan,6,85611.6,61.9,79.9,1475.0,1,4,79.2749999999999
2,Brake Service,800.0,1.25,1,Sedan,6,84966.5,74.1,62.8,775.0,0,4,66.47800000000007
10,Replace Valve Cover Gasket,1400.0,1.75,0,Sedan,6,75350.9,107.6,146.0,1225.0,1,4,138.04199999999986
2,Brake Service,800.0,1.25,1,Sedan,6,91868.5,74.0,74.9,2000.0,1,4,76.91199999999998
1,Change Oil,650.0,0.75,1,Sedan,6,94139.0,45.5,47.8,625.0,0,4,46.55099999999999
4,Wheel Alignment,800.0,1.0,1,Sedan,6,81625.3,57.4,53.3,800.0,0,4,54.84700000000009
2,Brake Service,800.0,1.25,1,Sedan,6,72767.4,73.5,90.7,775.0,1,4,86.49999999999993
11,Down Clutch / Pulldown Transmission,3500.0,4.5,0,Van,17,203573.3,271.6,497.7,8050.0,1,5,478.3799999999999
1,Change Oil,650.0,0.75,1,Van,17,254348.7,45.9,53.6,17325.0,1,5,52.075999999999986
2,Brake Service,800.0,1.25,1,Van,17,221708.0,77.2,87.3,1475.0,1,5,84.75500000000004
1,Change Oil,650.0,0.75,1,SUV,6,97886.4,46.9,41.0,825.0,0,3,43.821999999999996
2,Brake Service,800.0,1.25,1,SUV,6,85798.0,75.8,83.6,850.0,0,3,80.2870000000001
1,Change Oil,650.0,0.75,1,Sedan,14,186144.1,44.7,42.1,625.0,1,4,46.235999999999976
13,Replace Tie Rod / Rack End,1000.0,1.5,1,Sedan,14,172820.8,91.2,88.9,4450.0,1,4,90.79699999999988
11,Down Clutch / Pulldown Transmission,3500.0,4.5,0,Sedan,14,189985.0,274.8,334.9,4200.0,1,4,397.2929999999999
2,Brake Service,800.0,1.25,1,Sedan,14,188046.5,74.7,71.4,825.0,1,4,73.671
4,Wheel Alignment,800.0,1.0,1,Sedan,14,190551.0,60.0,60.7,825.0,1,4,61.88099999999992
13,Replace Tie Rod / Rack End,1000.0,1.5,1,Sedan,16,189898.2,89.0,88.9,1300.0,1,4,90.678
2,Brake Service,800.0,1.25,1,Sedan,16,217212.7,72.1,73.0,1000.0,1,4,72.33799999999998
17,Replace Shock Absorbers,1500.0,2.0,1,Sedan,16,251696.1,123.9,125.3,1850.0,1,4,124.69999999999982
2,Brake Service,800.0,1.25,1,Sedan,16,216097.8,75.3,77.9,1125.0,1,4,78.25000000000004
2,Brake Service,800.0,1.25,1,Sedan,16,231573.8,77.5,67.9,1175.0,1,4,73.58099999999989
2,Brake Service,800.0,1.25,1,Sedan,16,206127.5,71.7,65.9,1525.0,1,4,73.58900000000003
4,Wheel Alignment,800.0,1.0,1,Sedan,16,256100.9,59.1,55.2,1000.0,1,4,57.65799999999996
2,Brake Service,800.0,1.25,1,Sedan,16,223559.8,74.9,78.1,325.0,0,4,76.97300000000011
1,Change Oil,650.0,0.75,1,Hatchback,15,217231.2,43.7,42.9,450.0,0,1,45.214000000000006
18,Replace Engine Support,1200.0,1.5,0,Hatchback,15,210592.1,87.5,139.2,700.0,1,1,132.79200000000014
16,Replace Spark Plugs,350.0,0.5,1,Hatchback,15,228896.6,30.9,32.2,200.0,0,1,34.033999999999985
10,Replace Valve Cover Gasket,1400.0,1.75,0,Sedan,20,268463.6,109.7,183.7,1100.0,1,4,173.9300000000002
1,Change Oil,650.0,0.75,1,Sedan,20,319763.3,46.6,40.9,850.0,1,4,42.907000000000025
2,Brake Service,800.0,1.25,1,Sedan,20,260504.6,77.0,80.0,700.0,1,4,79.95300000000002
2,Brake Service,800.0,1.25,1,Sedan,20,281890.7,77.7,78.9,1825.0,1,4,78.97099999999989
2,Brake Service,800.0,1.25,1,Van,10,158039.6,75.6,84.2,800.0,1,5,81.30600000000005
2,Brake Service,800.0,1.25,1,Van,10,151535.6,77.9,83.2,425.0,0,5,83.32099999999993
2,Brake Service,800.0,1.25,1,Van,10,152106.7,71.4,84.0,2975.0,1,5,80.618
2,Brake Service,800.0,1.25,1,Van,10,152911.2,72.3,68.1,475.0,0,5,70.2970000000001
1,Change Oil,650.0,0.75,1,Van,10,150801.4,43.7,42.7,1250.0,1,5,43.274999999999956
12,Replace Suspension Bushing,1500.0,2.5,0,Pickup,6,76935.9,155.0,178.2,5500.0,1,2,188.73000000000022
4,Wheel Alignment,800.0,1.0,1,Pickup,6,95078.3,61.0,65.1,2550.0,1,2,63.71600000000006
18,Replace Engine Support,1200.0,1.5,0,Sedan,25,357512.3,89.9,163.8,1725.0,1,4,120.73300000000003
5,Engine Diagnostics,1200.0,1.0,0,Sedan,25,336568.8,59.1,110.6,1550.0,1,4,109.45700000000006
2,Brake Service,800.0,1.25,1,Sedan,12,185429.1,78.4,68.1,2825.0,1,4,71.56000000000006
2,Brake Service,800.0,1.25,1,Sedan,12,149197.5,77.2,77.6,2800.0,1,4,78.05600000000008
2,Brake Service,800.0,1.25,1,Van,6,73987.0,73.5,70.4,3325.0,1,5,80.08399999999989
1,Change Oil,650.0,0.75,1,Van,8,128791.4,44.6,44.5,300.0,0,5,44.75699999999999
2,Brake Service,800.0,1.25,1,Van,8,109184.4,76.1,78.0,1225.0,1,5,79.55599999999995
2,Brake Service,800.0,1.25,1,Pickup,10,137734.2,72.2,73.7,850.0,1,2,76.18100000000003
2,Brake Service,800.0,1.25,1,Pickup,10,140590.2,75.9,78.7,500.0,0,2,77.47099999999996
2,Brake Service,800.0,1.25,1,Pickup,10,133958.7,77.4,80.4,525.0,0,2,78.70999999999994
11,Down Clutch / Pulldown Transmission,3500.0,4.5,0,SUV,6,81341.5,277.4,349.7,20950.0,1,3,340.5090000000003
11,Down Clutch / Pulldown Transmission,3500.0,4.5,0,Hatchback,6,75562.3,273.5,315.2,525.0,0,1,331.2050000000001
2,Brake Service,800.0,1.25,1,Sedan,25,331807.7,71.7,77.9,775.0,1,4,76.2149999999999
13,Replace Tie Rod / Rack End,1000.0,1.5,1,Sedan,25,327951.6,88.7,95.6,975.0,1,4,90.5780000000001
4,Wheel Alignment,800.0,1.0,1,Sedan,25,336590.9,62.4,67.9,800.0,1,4,62.08800000000001
3,Tire Rotation & Balance,800.0,0.5,1,Sedan,25,345264.8,28.8,29.2,3525.0,1,4,28.479
1,Change Oil,650.0,0.75,1,Sedan,25,341990.1,45.9,50.4,7975.0,1,4,48.88299999999998
2,Brake Service,800.0,1.25,1,Sedan,25,401498.2,78.4,73.3,275.0,0,4,77.44000000000007
2,Brake Service,800.0,1.25,1,Sedan,10,129378.3,76.1,76.8,4875.0,1,4,77.0900000000001
2,Brake Service,800.0,1.25,1,Sedan,12,191431.6,74.5,67.4,600.0,0,4,70.06299999999993
12,Replace Suspension Bushing,1500.0,2.5,0,Sedan,12,161505.5,143.3,196.1,975.0,1,4,195.39599999999996
1,Change Oil,650.0,0.75,1,Sedan,12,189519.2,43.7,43.3,1650.0,1,4,47.61800000000004
8,Change ATF / Transmission Fluid Flush,650.0,0.75,1,Sedan,12,184052.2,45.8,41.0,675.0,0,4,45.28199999999999
2,Brake Service,800.0,1.25,1,Sedan,12,154028.2,76.8,84.9,1400.0,1,4,77.39700000000005
2,Brake Service,800.0,1.25,1,Sedan,12,167238.0,72.7,72.2,1550.0,1,4,72.6679999999999
2,Brake Service,800.0,1.25,1,Sedan,10,130466.6,72.1,63.5,800.0,0,4,72.07200000000002
13,Replace Tie Rod / Rack End,1000.0,1.5,1,Sedan,10,148610.2,88.9,89.1,950.0,0,4,90.5680000000001
4,Wheel Alignment,800.0,1.0,1,Sedan,10,139970.4,60.2,61.0,800.0,0,4,60.979000000000006
3,Tire Rotation & Balance,800.0,0.5,1,Sedan,10,146089.3,30.1,27.9,3375.0,1,4,26.118
1,Change Oil,650.0,0.75,1,Sedan,10,156007.6,45.1,45.1,7575.0,1,4,44.963
11,Down Clutch / Pulldown Transmission,3500.0,4.5,0,Sedan,6,73602.2,264.4,339.4,37075.0,1,4,337.75200000000046
1,Change Oil,650.0,0.75,1,Sedan,6,80186.9,42.8,47.0,26100.0,1,4,44.16699999999999
2,Brake Service,800.0,1.25,1,Sedan,6,101392.5,71.4,73.8,3550.0,1,4,74.61200000000005
7,Aircon Cleaning & Freon Charge,2500.0,3.0,0,Sedan,6,91683.0,178.2,212.8,525.0,0,4,219.0029999999998
11,Down Clutch / Pulldown Transmission,3500.0,4.5,0,Sedan,6,75683.5,269.6,332.5,5625.0,1,4,332.1750000000001
10,Replace Valve Cover Gasket,1400.0,1.75,0,Sedan,6,80839.5,109.6,149.3,1275.0,1,4,139.8639999999998
2,Brake Service,800.0,1.25,1,Sedan,6,73568.4,72.9,72.2,775.0,0,4,75.01699999999991
1,Change Oil,650.0,0.75,1,Sedan,6,92095.1,45.4,47.5,775.0,1,4,47.49999999999998
9,Replace Fuel Filter,550.0,0.75,1,Sedan,6,87309.1,45.8,43.7,525.0,0,4,42.408
2,Brake Service,800.0,1.25,1,Sedan,6,92796.2,74.8,78.3,3600.0,1,4,76.47500000000012
7,Aircon Cleaning & Freon Charge,2500.0,3.0,0,Sedan,6,70407.8,171.1,190.7,650.0,0,4,198.22200000000015
11,Down Clutch / Pulldown Transmission,3500.0,4.5,0,Sedan,6,82675.7,270.8,342.8,15375.0,1,4,333.36700000000013
1,Change Oil,650.0,0.75,1,Sedan,6,84302.0,44.0,44.2,23500.0,1,4,45.08599999999994
10,Replace Valve Cover Gasket,1400.0,1.75,0,Sedan,10,142489.7,100.2,135.5,1075.0,1,4,134.599
2,Brake Service,800.0,1.25,1,Sedan,10,124017.1,77.6,76.5,825.0,0,4,78.02799999999998
18,Replace Engine Support,1200.0,1.5,0,Sedan,10,155985.1,94.1,131.5,875.0,1,4,128.31600000000003
2,Brake Service,800.0,1.25,1,Sedan,10,131062.6,75.7,78.4,1750.0,1,4,78.40599999999996
18,Replace Engine Support,1200.0,1.5,0,Sedan,10,156718.5,92.6,129.0,900.0,1,4,127.68700000000004
1,Change Oil,650.0,0.75,1,Sedan,11,179846.6,43.5,50.6,800.0,1,4,47.97399999999999
16,Replace Spark Plugs,350.0,0.5,1,Sedan,11,146211.0,30.5,31.7,275.0,0,4,31.880999999999972
6,Replace Fan Belt,800.0,1.0,1,Sedan,6,92004.7,57.1,52.5,525.0,0,4,61.10499999999995
2,Brake Service,800.0,1.25,1,Sedan,6,85744.6,76.7,77.3,1925.0,1,4,78.31400000000005
1,Change Oil,650.0,0.75,1,Sedan,6,73951.6,45.7,45.3,475.0,0,4,43.89299999999999
1,Change Oil,650.0,0.75,1,Hatchback,14,197232.8,47.2,43.1,550.0,0,1,44.86499999999999
8,Change ATF / Transmission Fluid Flush,650.0,0.75,1,Hatchback,14,217178.4,47.0,40.9,625.0,0,1,42.47800000000002
2,Brake Service,800.0,1.25,1,Hatchback,14,210365.8,75.5,85.3,750.0,1,1,82.52000000000005
6,Replace Fan Belt,800.0,1.0,1,Hatchback,6,75260.3,62.5,63.8,475.0,0,1,62.50100000000005
1,Change Oil,650.0,0.75,1,Sedan,11,137223.6,42.9,44.5,650.0,1,4,43.15199999999998
2,Brake Service,800.0,1.25,1,Sedan,11,151785.0,75.6,89.1,375.0,0,4,85.20100000000006
14,Rotor Disc Refacing,3000.0,2.0,1,Sedan,11,159598.8,117.4,127.1,1475.0,0,4,124.46400000000018
11,Down Clutch / Pulldown Transmission,3500.0,4.5,0,Sedan,11,180247.3,267.8,374.0,750.0,0,4,360.4559999999999
2,Brake Service,800.0,1.25,1,Sedan,11,151552.6,75.7,73.9,200.0,0,4,81.62400000000001
4,Wheel Alignment,800.0,1.0,1,Sedan,11,167313.3,57.4,46.6,800.0,0,4,51.90700000000001
10,Replace Valve Cover Gasket,1400.0,1.75,0,Sedan,25,386953.6,103.2,210.3,900.0,1,4,215.39199999999997
2,Brake Service,800.0,1.25,1,Sedan,25,362435.8,77.8,68.3,1225.0,1,4,79.36599999999997
2,Brake Service,800.0,1.25,1,Sedan,25,338011.2,72.2,77.6,600.0,1,4,73.80299999999997
10,Replace Valve Cover Gasket,1400.0,1.75,0,Hatchback,6,80961.2,102.1,109.2,7825.0,1,1,118.02900000000001
10,Replace Valve Cover Gasket,1400.0,1.75,0,Hatchback,6,72549.2,107.4,159.4,575.0,0,1,150.53399999999982
2,Brake Service,800.0,1.25,1,Van,6,92856.4,73.5,82.0,3325.0,1,5,79.93100000000003
2,Brake Service,800.0,1.25,1,Van,6,88963.7,74.0,84.1,3200.0,1,5,81.83700000000007
1,Change Oil,650.0,0.75,1,Crossover,11,157104.6,45.2,43.1,825.0,1,0,45.452
2,Brake Service,800.0,1.25,1,Crossover,11,168936.8,78.4,70.0,825.0,0,0,77.83
2,Brake Service,800.0,1.25,1,Crossover,11,168301.7,72.0,84.9,575.0,0,0,79.54099999999995
2,Brake Service,800.0,1.25,1,Crossover,11,155376.4,77.5,85.8,850.0,1,0,77.837
13,Replace Tie Rod / Rack End,1000.0,1.5,1,Crossover,11,159288.4,91.8,98.5,4600.0,1,0,95.73600000000002
1,Change Oil,650.0,0.75,1,Crossover,11,149551.1,43.6,39.9,6100.0,1,0,46.126999999999974
11,Down Clutch / Pulldown Transmission,3500.0,4.5,0,Crossover,11,181190.1,275.4,413.6,4375.0,1,0,395.72499999999957
4,Wheel Alignment,800.0,1.0,1,Crossover,11,175123.4,59.3,62.6,2425.0,1,0,61.690000000000055
1,Change Oil,650.0,0.75,1,Sedan,6,89623.3,42.9,38.5,650.0,0,4,41.00500000000001
2,Brake Service,800.0,1.25,1,Sedan,6,94539.6,75.3,87.8,800.0,0,4,84.49800000000006
2,Brake Service,800.0,1.25,1,Sedan,6,90033.7,77.3,65.5,525.0,0,4,68.91800000000002
2,Brake Service,800.0,1.25,1,Sedan,6,81410.0,72.4,67.4,275.0,0,4,69.0709999999999
14,Rotor Disc Refacing,3000.0,2.0,1,Sedan,25,390886.5,123.6,132.8,2800.0,1,4,128.45699999999985
2,Brake Service,800.0,1.25,1,Sedan,25,363001.4,78.0,80.0,475.0,1,4,81.03399999999999
2,Brake Service,800.0,1.25,1,Sedan,25,327751.4,73.9,66.4,1700.0,1,4,70.10599999999997
2,Brake Service,800.0,1.25,1,Sedan,6,89843.6,71.8,69.2,1575.0,1,4,68.92099999999995
17,Replace Shock Absorbers,1500.0,2.0,1,Sedan,6,86297.2,118.0,118.9,775.0,0,4,117.79799999999983
14,Rotor Disc Refacing,3000.0,2.0,1,Sedan,6,98009.3,122.1,113.0,1225.0,0,4,128.91000000000008
10,Replace Valve Cover Gasket,1400.0,1.75,0,Sedan,6,86802.2,100.8,110.0,1400.0,0,4,115.4059999999999
2,Brake Service,800.0,1.25,1,Sedan,6,90113.2,71.8,65.6,500.0,0,4,67.33800000000005
2,Brake Service,800.0,1.25,1,Sedan,6,91769.2,74.3,81.1,3675.0,1,4,80.28100000000009
14,Rotor Disc Refacing,3000.0,2.0,1,Hatchback,4,54268.5,118.8,113.3,1450.0,0,1,116.50099999999995
1,Change Oil,650.0,0.75,1,Hatchback,4,54219.6,44.0,45.6,4025.0,1,1,46.14999999999997
11,Down Clutch / Pulldown Transmission,3500.0,4.5,0,Hatchback,4,53658.9,258.5,307.2,3750.0,0,1,306.22800000000024
2,Brake Service,800.0,1.25,1,Hatchback,4,52260.7,75.9,69.5,625.0,0,1,72.138
15,Top Overhaul,15000.0,14.0,0,Hatchback,4,55787.0,819.1,1161.2,700.0,0,1,1049.5329999999992
1,Change Oil,650.0,0.75,1,Hatchback,4,56827.9,44.0,48.5,650.0,0,1,47.309
4,Wheel Alignment,800.0,1.0,1,Hatchback,4,59524.5,57.9,58.1,800.0,0,1,61.36800000000001
2,Brake Service,800.0,1.25,1,Sedan,6,90216.9,76.4,76.5,2500.0,1,4,76.93700000000004
1,Change Oil,650.0,0.75,1,Hatchback,6,84280.5,44.8,45.3,625.0,0,1,45.44400000000005
8,Change ATF / Transmission Fluid Flush,650.0,0.75,1,Hatchback,6,89606.3,45.8,46.6,600.0,0,1,46.27699999999998
2,Brake Service,800.0,1.25,1,Hatchback,6,78952.0,78.1,69.6,775.0,0,1,72.54300000000003
6,Replace Fan Belt,800.0,1.0,1,Hatchback,6,86830.5,57.1,66.2,525.0,0,1,64.00899999999993
4,Wheel Alignment,800.0,1.0,1,Hatchback,6,85450.8,61.3,64.3,825.0,0,1,63.256000000000085
2,Brake Service,800.0,1.25,1,Sedan,6,70558.8,72.9,69.0,950.0,0,4,73.48599999999998
5,Engine Diagnostics,1200.0,1.0,0,Pickup,4,49966.6,61.4,91.7,1750.0,1,2,86.39999999999996
2,Brake Service,800.0,1.25,1,Pickup,4,56667.8,77.5,82.1,1025.0,1,2,80.35900000000008
1,Change Oil,650.0,0.75,1,Pickup,4,64998.7,43.7,49.5,525.0,0,2,48.188999999999986
1,Change Oil,650.0,0.75,1,Sedan,6,91488.9,43.1,46.3,1175.0,1,4,43.34499999999997
9,Replace Fuel Filter,550.0,0.75,1,Sedan,6,88025.1,44.0,47.7,800.0,1,4,46.387999999999955
2,Brake Service,800.0,1.25,1,Sedan,6,93231.1,74.7,68.2,1025.0,0,4,70.33599999999996
2,Brake Service,800.0,1.25,1,Sedan,6,89489.9,74.6,79.3,3025.0,1,4,73.67699999999996
12,Replace Suspension Bushing,1500.0,2.5,0,Sedan,6,79257.8,146.9,175.6,1250.0,0,4,186.63100000000009
13,Replace Tie Rod / Rack End,1000.0,1.5,1,Sedan,6,80759.3,86.0,93.2,500.0,0,4,90.61399999999996
2,Brake Service,800.0,1.25,1,Sedan,6,79467.2,74.3,68.3,525.0,0,4,71.93000000000005
4,Wheel Alignment,800.0,1.0,1,Sedan,6,72913.8,57.4,61.0,2550.0,1,4,54.90600000000009
4,Wheel Alignment,800.0,1.0,1,Sedan,6,98744.2,61.1,60.7,775.0,0,4,60.29599999999993
10,Replace Valve Cover Gasket,1400.0,1.75,0,SUV,11,143880.9,105.2,108.7,3125.0,1,3,128.43500000000014
10,Replace Valve Cover Gasket,1400.0,1.75,0,SUV,11,153337.9,108.0,164.0,300.0,0,3,163.28699999999998
9,Replace Fuel Filter,550.0,0.75,1,SUV,11,173171.5,44.3,47.7,350.0,0,3,47.176999999999936
18,Replace Engine Support,1200.0,1.5,0,Sedan,6,89365.0,89.0,115.4,2525.0,1,4,114.47899999999989
2,Brake Service,800.0,1.25,1,Sedan,6,82817.3,76.3,78.9,600.0,0,4,79.01599999999996
13,Replace Tie Rod / Rack End,1000.0,1.5,1,Sedan,6,90670.3,91.0,96.3,950.0,0,4,95.04300000000003
2,Brake Service,800.0,1.25,1,Sedan,6,80323.4,73.0,75.1,1625.0,1,4,75.92400000000009
18,Replace Engine Support,1200.0,1.5,0,Sedan,6,71958.9,85.7,97.5,725.0,0,4,103.9810000000001
2,Brake Service,800.0,1.25,1,Sedan,6,72419.0,75.1,68.1,825.0,0,4,81.55299999999997
2,Brake Service,800.0,1.25,1,Sedan,6,73469.0,73.0,80.4,550.0,0,4,81.20799999999988
2,Brake Service,800.0,1.25,1,Sedan,6,82554.9,75.3,83.3,625.0,0,4,80.8910000000001
18,Replace Engine Support,1200.0,1.5,0,Sedan,6,77622.1,89.2,118.1,1750.0,1,4,112.06500000000014
8,Change ATF / Transmission Fluid Flush,650.0,0.75,1,Sedan,6,81280.2,45.5,45.2,775.0,0,4,45.93799999999996
2,Brake Service,800.0,1.25,1,Sedan,6,79425.2,72.8,79.3,1475.0,1,4,77.84000000000009
17,Replace Shock Absorbers,1500.0,2.0,1,Sedan,6,78505.1,119.0,120.9,2400.0,1,4,120.92599999999986
15,Top Overhaul,15000.0,14.0,0,Hatchback,6,88625.8,855.8,1125.9,18925.0,1,1,1072.7489999999984
17,Replace Shock Absorbers,1500.0,2.0,1,Sedan,9,143778.3,124.1,105.9,1475.0,0,4,115.35999999999989
14,Rotor Disc Refacing,3000.0,2.0,1,Sedan,6,91864.2,116.2,111.1,1500.0,0,4,112.19600000000013
2,Brake Service,800.0,1.25,1,Sedan,6,86753.8,78.0,77.8,525.0,0,4,75.54100000000008
1,Change Oil,650.0,0.75,1,Sedan,6,92587.1,43.0,41.8,650.0,0,4,42.11100000000002
17,Replace Shock Absorbers,1500.0,2.0,1,Sedan,6,86460.8,119.2,111.3,1450.0,0,4,114.11699999999988
2,Brake Service,800.0,1.25,1,Van,6,80255.4,71.8,69.8,525.0,0,5,72.25400000000008
2,Brake Service,800.0,1.25,1,Van,6,92883.2,76.6,76.9,1100.0,1,5,76.61700000000002
1,Change Oil,650.0,0.75,1,Van,6,77586.0,46.2,44.4,800.0,0,5,46.05899999999997
1,Change Oil,650.0,0.75,1,Crossover,11,168314.9,46.3,50.0,625.0,1,0,50.45799999999999
10,Replace Valve Cover Gasket,1400.0,1.75,0,Crossover,11,151616.6,106.8,178.6,1575.0,1,0,170.84599999999992
2,Brake Service,800.0,1.25,1,Crossover,11,137009.4,77.9,81.7,1225.0,1,0,81.16399999999994
17,Replace Shock Absorbers,1500.0,2.0,1,Sedan,9,138076.8,121.8,126.1,1575.0,1,4,125.26099999999997
15,Top Overhaul,15000.0,14.0,0,Hatchback,7,98741.2,837.8,936.8,17425.0,1,1,934.562999999999
13,Replace Tie Rod / Rack End,1000.0,1.5,1,Hatchback,8,101551.9,87.7,86.9,925.0,0,1,88.1059999999999
14,Rotor Disc Refacing,3000.0,2.0,1,Hatchback,8,126642.6,116.3,120.7,1475.0,0,1,120.8410000000001
2,Brake Service,800.0,1.25,1,Hatchback,8,113933.4,76.2,73.7,1050.0,1,1,77.62300000000003
4,Wheel Alignment,800.0,1.0,1,Hatchback,8,116588.3,62.6,56.7,850.0,0,1,59.25599999999992
2,Brake Service,800.0,1.25,1,Sedan,6,75950.3,76.5,80.9,475.0,0,4,79.02799999999988
16,Replace Spark Plugs,350.0,0.5,1,Sedan,6,81956.8,30.9,33.3,425.0,1,4,33.34200000000003
2,Brake Service,800.0,1.25,1,Sedan,6,72654.3,76.5,71.9,500.0,0,4,76.29399999999987
1,Change Oil,650.0,0.75,1,Van,6,71122.1,42.9,42.6,675.0,0,5,45.157999999999966
2,Brake Service,800.0,1.25,1,Van,6,80882.8,76.3,82.0,800.0,0,5,82.46200000000003
4,Wheel Alignment,800.0,1.0,1,Van,6,92543.6,62.4,61.3,1025.0,1,5,61.968000000000075
8,Change ATF / Transmission Fluid Flush,650.0,0.75,1,Van,6,81715.2,43.2,46.7,675.0,0,5,42.232999999999976
4,Wheel Alignment,800.0,1.0,1,Van,6,100561.7,58.4,59.1,975.0,1,5,58.212000000000046
15,Top Overhaul,15000.0,14.0,0,Sedan,6,70413.5,828.3,1097.7,14650.0,1,4,1050.9469999999988
1,Change Oil,650.0,0.75,1,Sedan,6,83013.1,43.8,49.4,11750.0,1,4,47.89199999999999
2,Brake Service,800.0,1.25,1,Sedan,6,78817.1,75.9,89.6,4725.0,1,4,76.859
1,Change Oil,650.0,0.75,1,Van,6,95376.6,45.4,52.7,625.0,0,5,46.870999999999974
2,Brake Service,800.0,1.25,1,Van,6,79316.9,75.7,79.4,725.0,0,5,78.81399999999992
4,Wheel Alignment,800.0,1.0,1,Van,6,85022.5,62.9,69.8,825.0,0,5,64.05700000000006
3,Tire Rotation & Balance,800.0,0.5,1,Van,6,91873.5,28.7,33.8,975.0,1,5,26.838999999999984
8,Change ATF / Transmission Fluid Flush,650.0,0.75,1,Van,6,88111.4,47.0,47.9,600.0,0,5,48.547000000000004
2,Brake Service,800.0,1.25,1,Sedan,22,328860.6,76.1,73.1,4400.0,1,4,75.53400000000009
12,Replace Suspension Bushing,1500.0,2.5,0,Sedan,22,322753.7,145.2,245.0,3175.0,1,4,259.969
1,Change Oil,650.0,0.75,1,Sedan,6,93912.0,43.5,49.8,1050.0,1,4,47.34900000000007
2,Brake Service,800.0,1.25,1,Sedan,6,97552.3,78.5,73.9,575.0,0,4,76.5869999999999
2,Brake Service,800.0,1.25,1,Sedan,6,78643.3,75.5,79.3,1475.0,1,4,76.83800000000008
9,Replace Fuel Filter,550.0,0.75,1,Sedan,6,88703.5,44.3,42.3,800.0,1,4,43.88100000000004
9,Replace Fuel Filter,550.0,0.75,1,Sedan,6,93017.0,46.7,43.4,200.0,0,4,44.60600000000002
5,Engine Diagnostics,1200.0,1.0,0,Sedan,6,99231.1,58.2,64.2,1750.0,1,4,68.03099999999993
2,Brake Service,800.0,1.25,1,Sedan,6,99227.5,71.5,74.4,8850.0,1,4,72.6119999999999
1,Change Oil,650.0,0.75,1,SUV,13,207661.0,46.6,46.9,775.0,1,3,47.08800000000001
9,Replace Fuel Filter,550.0,0.75,1,SUV,13,167164.3,46.4,46.6,525.0,1,3,47.43100000000001
1,Change Oil,650.0,0.75,1,SUV,13,157434.1,43.8,38.6,4450.0,1,3,41.23799999999995
10,Replace Valve Cover Gasket,1400.0,1.75,0,SUV,13,158428.2,101.3,148.9,3875.0,1,3,147.34899999999982
2,Brake Service,800.0,1.25,1,SUV,13,175853.0,73.7,69.2,2400.0,1,3,71.69099999999995
2,Brake Service,800.0,1.25,1,SUV,13,161077.3,73.9,72.7,1525.0,1,3,77.21199999999996
10,Replace Valve Cover Gasket,1400.0,1.75,0,SUV,13,172463.7,101.3,166.1,500.0,1,3,158.11500000000007
1,Change Oil,650.0,0.75,1,Sedan,6,71793.8,44.9,47.9,725.0,0,4,46.46300000000003
2,Brake Service,800.0,1.25,1,Sedan,6,88074.2,75.6,70.1,1500.0,1,4,71.7050000000001
4,Wheel Alignment,800.0,1.0,1,Sedan,6,85533.3,59.9,60.7,950.0,0,4,61.78899999999995
3,Tire Rotation & Balance,800.0,0.5,1,Sedan,6,85046.1,28.7,26.6,875.0,0,4,26.819999999999983
1,Change Oil,650.0,0.75,1,Van,8,121665.9,45.8,48.5,1025.0,1,5,46.51699999999997
2,Brake Service,800.0,1.25,1,Van,8,108038.3,77.6,71.8,1475.0,1,5,75.80000000000008
9,Replace Fuel Filter,550.0,0.75,1,Van,8,116301.9,45.0,50.4,500.0,0,5,48.53499999999999
1,Change Oil,650.0,0.75,1,Van,8,113742.3,44.6,43.6,900.0,1,5,44.255999999999965
2,Brake Service,800.0,1.25,1,Van,8,117036.3,72.7,85.2,875.0,1,5,72.21300000000002
2,Brake Service,800.0,1.25,1,Van,8,115049.7,73.0,62.2,825.0,0,5,67.30699999999996
9,Replace Fuel Filter,550.0,0.75,1,Van,8,114009.3,45.3,44.1,525.0,0,5,47.660000000000025
1,Change Oil,650.0,0.75,1,Sedan,6,74625.9,46.5,48.8,1200.0,1,4,45.243999999999986
16,Replace Spark Plugs,350.0,0.5,1,Sedan,6,97704.6,28.9,32.3,475.0,1,4,27.835000000000004
17,Replace Shock Absorbers,1500.0,2.0,1,Sedan,6,76948.6,120.7,127.0,1850.0,1,4,126.90199999999999
2,Brake Service,800.0,1.25,1,Sedan,6,79948.9,72.9,76.7,600.0,0,4,77.14299999999997
2,Brake Service,800.0,1.25,1,Sedan,6,76414.3,71.3,74.4,500.0,0,4,68.80900000000005
15,Top Overhaul,15000.0,14.0,0,SUV,6,91809.3,810.8,721.2,24500.0,1,3,875.382999999999
2,Brake Service,800.0,1.25,1,Sedan,6,75570.3,78.2,75.7,4325.0,1,4,77.12399999999988
17,Replace Shock Absorbers,1500.0,2.0,1,Sedan,16,251224.7,119.6,116.2,1525.0,1,4,125.15799999999986
13,Replace Tie Rod / Rack End,1000.0,1.5,1,Sedan,16,223774.8,90.9,101.2,500.0,0,4,97.01699999999997
12,Replace Suspension Bushing,1500.0,2.5,0,Sedan,16,198321.4,145.6,232.8,1200.0,1,4,226.1629999999997
4,Wheel Alignment,800.0,1.0,1,Sedan,16,238206.1,60.1,58.2,950.0,1,4,59.22599999999993
2,Brake Service,800.0,1.25,1,Sedan,8,99282.2,74.5,74.3,4575.0,1,4,73.74400000000009
12,Replace Suspension Bushing,1500.0,2.5,0,Sedan,8,97636.6,146.1,200.4,1425.0,1,4,172.01699999999997
10,Replace Valve Cover Gasket,1400.0,1.75,0,Sedan,8,102249.0,103.7,129.2,1800.0,1,4,128.64400000000012
4,Wheel Alignment,800.0,1.0,1,Sedan,8,116656.0,61.6,66.5,2350.0,1,4,64.866
2,Brake Service,800.0,1.25,1,Sedan,6,92657.6,74.2,76.3,4800.0,1,4,76.85100000000006
2,Brake Service,800.0,1.25,1,Sedan,6,88653.4,73.8,78.3,1525.0,1,4,77.89900000000007
10,Replace Valve Cover Gasket,1400.0,1.75,0,Sedan,6,81320.9,106.9,152.0,1500.0,1,4,140.97799999999995
4,Wheel Alignment,800.0,1.0,1,Sedan,6,101235.0,61.4,57.9,2375.0,1,4,61.054999999999964
1,Change Oil,650.0,0.75,1,SUV,13,201228.4,46.0,50.1,850.0,1,3,48.83000000000003
9,Replace Fuel Filter,550.0,0.75,1,SUV,13,206540.1,44.3,44.8,525.0,1,3,47.36799999999998
1,Change Oil,650.0,0.75,1,SUV,13,169038.6,46.5,49.8,4450.0,1,3,48.68200000000005
10,Replace Valve Cover Gasket,1400.0,1.75,0,SUV,13,155414.7,101.5,130.3,3800.0,1,3,139.61199999999985
2,Brake Service,800.0,1.25,1,SUV,13,207147.3,75.0,75.4,2300.0,1,3,76.52899999999994
2,Brake Service,800.0,1.25,1,SUV,13,195184.8,76.9,83.8,1500.0,1,3,81.3470000000001
1,Change Oil,650.0,0.75,1,SUV,13,203346.8,43.0,40.6,550.0,0,3,41.950999999999965
13,Replace Tie Rod / Rack End,1000.0,1.5,1,Sedan,8,115376.6,93.6,93.4,4625.0,1,4,96.10299999999985
12,Replace Suspension Bushing,1500.0,2.5,0,Sedan,8,116645.0,145.4,179.1,1375.0,1,4,181.3220000000001
10,Replace Valve Cover Gasket,1400.0,1.75,0,Sedan,8,115561.0,101.0,138.2,1875.0,1,4,132.82299999999995
4,Wheel Alignment,800.0,1.0,1,Sedan,8,106620.9,58.8,53.5,2750.0,1,4,58.022000000000055
13,Replace Tie Rod / Rack End,1000.0,1.5,1,Sedan,16,199037.5,90.4,90.2,4650.0,1,4,86.906
17,Replace Shock Absorbers,1500.0,2.0,1,Sedan,16,242474.6,125.2,130.3,1275.0,1,4,130.48299999999983
4,Wheel Alignment,800.0,1.0,1,Sedan,16,240729.0,59.4,62.8,975.0,1,4,61.70500000000006
1,Change Oil,650.0,0.75,1,Sedan,16,201184.2,44.8,51.1,3600.0,1,4,49.54300000000001
4,Wheel Alignment,800.0,1.0,1,Sedan,8,100601.5,60.2,53.0,975.0,0,4,56.116000000000014
2,Brake Service,800.0,1.25,1,Sedan,8,131669.7,78.6,68.2,4300.0,1,4,73.85299999999991
12,Replace Suspension Bushing,1500.0,2.5,0,Sedan,8,93297.1,152.9,161.0,1525.0,0,4,176.64000000000007
10,Replace Valve Cover Gasket,1400.0,1.75,0,Sedan,8,113934.2,105.8,161.0,1500.0,1,4,148.893
1,Change Oil,650.0,0.75,1,Sedan,6,92902.3,44.3,49.3,575.0,0,4,47.90500000000006
16,Replace Spark Plugs,350.0,0.5,1,Sedan,6,77594.1,28.8,25.9,250.0,0,4,26.819000000000027
4,Wheel Alignment,800.0,1.0,1,Sedan,6,90057.9,59.3,62.8,975.0,1,4,61.768000000000065
2,Brake Service,800.0,1.25,1,Sedan,6,82199.3,73.5,76.1,1025.0,1,4,76.31600000000009
2,Brake Service,800.0,1.25,1,Sedan,6,80182.3,74.8,69.4,600.0,0,4,70.94699999999993
2,Brake Service,800.0,1.25,1,Sedan,8,124630.1,75.5,74.9,600.0,0,4,73.35299999999992
18,Replace Engine Support,1200.0,1.5,0,Sedan,8,105878.0,91.0,123.7,600.0,0,4,121.64000000000004
12,Replace Suspension Bushing,1500.0,2.5,0,Sedan,8,98068.4,150.8,231.6,1525.0,1,4,168.59799999999993
17,Replace Shock Absorbers,1500.0,2.0,1,Sedan,8,125023.3,118.5,116.5,1175.0,0,4,118.06199999999997
1,Change Oil,650.0,0.75,1,Van,6,80888.8,45.8,44.7,800.0,0,5,44.676999999999914
2,Brake Service,800.0,1.25,1,Van,6,78849.3,72.4,66.9,800.0,0,5,69.67999999999992
2,Brake Service,800.0,1.25,1,Sedan,6,95345.5,73.0,84.7,500.0,0,4,81.70699999999992
3,Tire Rotation & Balance,800.0,0.5,1,Sedan,6,92860.6,31.2,35.2,325.0,0,4,33.95999999999996
1,Change Oil,650.0,0.75,1,Sedan,6,86458.2,45.1,43.4,2725.0,1,4,44.17600000000003
2,Brake Service,800.0,1.25,1,Sedan,6,95274.0,72.3,74.6,2125.0,1,4,74.11600000000004
15,Top Overhaul,15000.0,14.0,0,Sedan,19,292801.5,829.8,1354.9,16300.0,1,4,1425.9359999999988
1,Change Oil,650.0,0.75,1,Hatchback,6,93553.4,45.1,48.4,550.0,0,1,47.37700000000002
2,Brake Service,800.0,1.25,1,Hatchback,6,75315.6,73.3,74.2,825.0,0,1,75.033
11,Down Clutch / Pulldown Transmission,3500.0,4.5,0,Hatchback,6,88976.4,274.6,414.0,2775.0,1,1,398.064
2,Brake Service,800.0,1.25,1,Hatchback,6,86256.6,71.4,82.2,850.0,1,1,73.48699999999997
1,Change Oil,650.0,0.75,1,Sedan,6,85078.1,47.0,49.6,750.0,0,4,48.968
2,Brake Service,800.0,1.25,1,Sedan,6,76338.0,75.3,69.8,800.0,0,4,72.74900000000008
9,Replace Fuel Filter,550.0,0.75,1,Sedan,6,76538.4,46.2,44.0,350.0,0,4,45.15299999999999
2,Brake Service,800.0,1.25,1,Sedan,6,76000.6,75.8,74.4,575.0,0,4,76.53499999999993
13,Replace Tie Rod / Rack End,1000.0,1.5,1,Sedan,6,78423.3,94.3,93.4,1175.0,0,4,95.10099999999987
4,Wheel Alignment,800.0,1.0,1,Sedan,6,99885.9,59.5,51.6,1075.0,0,4,55.31900000000002
2,Brake Service,800.0,1.25,1,Sedan,6,75269.9,71.3,68.9,1250.0,1,4,69.03399999999993
14,Rotor Disc Refacing,3000.0,2.0,1,Sedan,6,75614.8,118.8,121.6,3075.0,0,4,120.27200000000012
1,Change Oil,650.0,0.75,1,Sedan,6,82828.4,44.0,44.0,2900.0,1,4,45.52099999999999
1,Change Oil,650.0,0.75,1,Sedan,6,80854.3,44.7,47.1,825.0,1,4,46.05999999999998
2,Brake Service,800.0,1.25,1,Sedan,6,75322.7,77.4,66.7,775.0,0,4,70.66199999999989
9,Replace Fuel Filter,550.0,0.75,1,Sedan,6,88982.3,43.7,34.4,550.0,0,4,45.01500000000001
1,Change Oil,650.0,0.75,1,Sedan,6,80155.1,45.1,46.9,575.0,0,4,46.293
2,Brake Service,800.0,1.25,1,Sedan,6,96212.5,72.4,71.2,775.0,0,4,72.18999999999993
17,Replace Shock Absorbers,1500.0,2.0,1,Sedan,6,80975.7,122.2,140.0,1150.0,0,4,134.66200000000003
13,Replace Tie Rod / Rack End,1000.0,1.5,1,Sedan,6,79982.0,87.8,82.5,1150.0,0,4,85.68599999999998
16,Replace Spark Plugs,350.0,0.5,1,Sedan,6,79998.2,30.5,32.4,200.0,0,4,32.58000000000002
4,Wheel Alignment,800.0,1.0,1,Sedan,6,91945.3,57.9,55.4,850.0,0,4,56.662999999999975
1,Change Oil,650.0,0.75,1,Sedan,6,86628.9,43.1,46.0,1100.0,1,4,45.31500000000001
6,Replace Fan Belt,800.0,1.0,1,Sedan,6,92126.7,58.7,70.6,2425.0,1,4,56.850000000000016
1,Change Oil,650.0,0.75,1,Sedan,9,123360.2,44.2,49.1,650.0,1,4,47.19399999999999
2,Brake Service,800.0,1.25,1,Sedan,9,122402.7,76.4,79.3,850.0,1,4,80.012
1,Change Oil,650.0,0.75,1,Sedan,9,131273.2,46.4,49.8,325.0,0,4,49.59200000000004
6,Replace Fan Belt,800.0,1.0,1,Sedan,9,123361.3,57.6,62.9,3575.0,1,4,61.674999999999976
1,Change Oil,650.0,0.75,1,Sedan,6,83578.2,45.4,52.2,6800.0,1,4,49.18499999999994
2,Brake Service,800.0,1.25,1,Sedan,6,86386.4,73.3,70.5,625.0,0,4,73.58800000000001
1,Change Oil,650.0,0.75,1,SUV,7,101419.2,45.6,43.6,875.0,1,3,45.81599999999999
2,Brake Service,800.0,1.25,1,SUV,7,82381.1,75.8,72.2,1275.0,1,3,74.38899999999994
9,Replace Fuel Filter,550.0,0.75,1,SUV,7,104474.0,44.2,44.0,200.0,0,3,43.665000000000006
8,Change ATF / Transmission Fluid Flush,650.0,0.75,1,Sedan,17,207910.4,42.9,40.1,38350.0,1,4,42.841
14,Rotor Disc Refacing,3000.0,2.0,1,Sedan,17,238544.3,117.6,122.0,1800.0,0,4,120.95199999999997
8,Change ATF / Transmission Fluid Flush,650.0,0.75,1,Sedan,17,214003.3,45.3,46.3,675.0,1,4,46.00900000000004
11,Down Clutch / Pulldown Transmission,3500.0,4.5,0,Van,6,69833.9,272.7,375.8,5625.0,1,5,352.3369999999998
11,Down Clutch / Pulldown Transmission,3500.0,4.5,0,Sedan,6,78620.8,275.8,360.3,4550.0,1,4,349.5679999999998
11,Down Clutch / Pulldown Transmission,3500.0,4.5,0,Sedan,6,95451.4,277.9,410.7,33300.0,1,4,357.57599999999985
1,Change Oil,650.0,0.75,1,Sedan,6,93547.9,42.8,40.6,33750.0,1,4,41.132999999999946
1,Change Oil,650.0,0.75,1,Sedan,22,325479.7,45.4,50.5,600.0,1,4,48.73699999999999
2,Brake Service,800.0,1.25,1,Sedan,22,312434.4,72.3,75.1,5975.0,1,4,73.8000000000001
1,Change Oil,650.0,0.75,1,Sedan,22,273328.6,46.0,45.5,6600.0,1,4,46.19499999999998
2,Brake Service,800.0,1.25,1,Sedan,22,268260.5,73.9,82.3,800.0,1,4,79.01900000000009
1,Change Oil,650.0,0.75,1,Sedan,22,350626.3,45.1,46.4,1925.0,1,4,47.433
1,Change Oil,650.0,0.75,1,Sedan,22,300330.9,44.5,44.2,650.0,1,4,44.21899999999995
2,Brake Service,800.0,1.25,1,Sedan,22,287969.2,72.6,73.9,5875.0,1,4,72.11799999999995
1,Change Oil,650.0,0.75,1,Sedan,22,317161.8,47.2,53.0,6600.0,1,4,50.68900000000001
2,Brake Service,800.0,1.25,1,Sedan,22,291745.5,74.3,83.0,850.0,1,4,80.64999999999998
11,Down Clutch / Pulldown Transmission,3500.0,4.5,0,Sedan,6,76297.5,273.6,356.8,11125.0,1,4,353.81599999999986
1,Change Oil,650.0,0.75,1,Sedan,6,92750.1,46.1,47.0,900.0,1,4,47.19700000000001
1,Change Oil,650.0,0.75,1,Sedan,6,92575.2,43.6,51.7,900.0,1,4,47.49700000000005
1,Change Oil,650.0,0.75,1,Sedan,6,89950.2,43.3,53.0,1150.0,1,4,49.547
1,Change Oil,650.0,0.75,1,Sedan,6,81111.4,43.0,44.5,200.0,0,4,43.742
1,Change Oil,650.0,0.75,1,SUV,7,97280.3,45.6,53.7,850.0,1,3,49.73499999999996
2,Brake Service,800.0,1.25,1,SUV,7,90065.8,75.9,87.1,1225.0,1,3,73.13400000000006
14,Rotor Disc Refacing,3000.0,2.0,1,Sedan,17,232140.5,119.6,127.7,3350.0,1,4,125.25400000000005
8,Change ATF / Transmission Fluid Flush,650.0,0.75,1,Sedan,17,241501.7,46.9,44.0,1900.0,1,4,44.441
8,Change ATF / Transmission Fluid Flush,650.0,0.75,1,Sedan,17,250092.3,46.2,38.8,575.0,0,4,40.14500000000006
11,Down Clutch / Pulldown Transmission,3500.0,4.5,0,Sedan,6,92694.9,259.8,348.7,19075.0,1,4,370.62800000000004
1,Change Oil,650.0,0.75,1,Sedan,6,76874.6,44.3,40.8,22025.0,1,4,45.448999999999984
14,Rotor Disc Refacing,3000.0,2.0,1,Sedan,6,95765.2,119.4,110.8,3675.0,0,4,116.81699999999996
1,Change Oil,650.0,0.75,1,Sedan,6,81246.1,44.6,51.1,625.0,0,4,49.128000000000014
8,Change ATF / Transmission Fluid Flush,650.0,0.75,1,Sedan,6,86035.8,43.0,45.2,650.0,0,4,44.236000000000004
16,Replace Spark Plugs,350.0,0.5,1,Sedan,6,76840.8,30.3,26.6,425.0,0,4,26.787999999999965
2,Brake Service,800.0,1.25,1,Sedan,6,76762.7,74.2,78.7,775.0,0,4,75.12299999999995
2,Brake Service,800.0,1.25,1,Sedan,6,72773.3,75.4,82.9,1225.0,1,4,81.4539999999999
18,Replace Engine Support,1200.0,1.5,0,Sedan,6,85338.8,92.7,103.7,1275.0,0,4,110.03900000000003
8,Change ATF / Transmission Fluid Flush,650.0,0.75,1,SUV,6,92384.7,44.5,42.6,8325.0,1,3,44.43299999999999
1,Change Oil,650.0,0.75,1,SUV,6,76260.7,45.4,48.1,2675.0,1,3,47.79600000000001
2,Brake Service,800.0,1.25,1,SUV,6,87925.0,74.8,82.8,3575.0,1,3,80.55200000000008
2,Brake Service,800.0,1.25,1,Sedan,6,89405.2,78.3,82.6,300.0,0,4,79.6230000000001
11,Down Clutch / Pulldown Transmission,3500.0,4.5,0,Sedan,9,136070.4,274.7,441.2,4675.0,1,4,416.78700000000003
1,Change Oil,650.0,0.75,1,Sedan,9,137506.0,47.2,45.6,3425.0,1,4,47.51700000000001
4,Wheel Alignment,800.0,1.0,1,Sedan,9,127206.2,59.3,61.1,775.0,0,4,62.471000000000046
2,Brake Service,800.0,1.25,1,Sedan,9,140468.3,72.9,70.8,600.0,0,4,73.32900000000011
2,Brake Service,800.0,1.25,1,Sedan,9,143280.0,75.7,84.1,575.0,0,4,82.2770000000001
1,Change Oil,650.0,0.75,1,Van,9,133705.9,45.6,48.2,700.0,1,5,46.09299999999998
2,Brake Service,800.0,1.25,1,Van,9,130362.4,75.3,68.7,1225.0,1,5,79.791
2,Brake Service,800.0,1.25,1,Van,9,132954.3,72.6,74.9,1175.0,1,5,74.94199999999992
9,Replace Fuel Filter,550.0,0.75,1,Van,9,137297.1,43.8,42.6,800.0,1,5,42.99899999999997
1,Change Oil,650.0,0.75,1,Van,9,121029.8,43.6,42.8,600.0,0,5,43.34800000000004
2,Brake Service,800.0,1.25,1,Van,9,110012.7,75.1,62.3,1175.0,1,5,80.20400000000006
2,Brake Service,800.0,1.25,1,Van,9,135098.5,75.0,86.7,1325.0,1,5,76.48600000000008
9,Replace Fuel Filter,550.0,0.75,1,Van,9,141861.6,47.1,56.0,825.0,1,5,52.591
2,Brake Service,800.0,1.25,1,SUV,6,80391.7,77.6,76.3,3450.0,1,3,74.508
1,Change Oil,650.0,0.75,1,SUV,6,72727.6,43.3,38.5,2825.0,1,3,45.38099999999998
6,Replace Fan Belt,800.0,1.0,1,SUV,6,88458.9,61.1,67.1,1600.0,1,3,64.16600000000005
10,Replace Valve Cover Gasket,1400.0,1.75,0,SUV,6,68896.6,106.8,113.7,1525.0,0,3,127.2970000000001
14,Rotor Disc Refacing,3000.0,2.0,1,Sedan,6,84152.2,114.3,107.3,3900.0,1,4,108.12099999999992
1,Change Oil,650.0,0.75,1,Sedan,6,81799.5,45.4,43.0,675.0,0,4,45.500999999999976
8,Change ATF / Transmission Fluid Flush,650.0,0.75,1,Sedan,6,79515.5,43.2,45.8,625.0,0,4,44.26200000000004
2,Brake Service,800.0,1.25,1,Sedan,6,90371.2,74.8,70.9,375.0,0,4,74.29099999999993
2,Brake Service,800.0,1.25,1,Sedan,6,98680.9,73.1,74.8,800.0,0,4,76.62400000000005
2,Brake Service,800.0,1.25,1,Sedan,6,77583.1,74.3,72.2,1275.0,1,4,73.403
18,Replace Engine Support,1200.0,1.5,0,Sedan,6,90001.0,90.7,121.8,1325.0,1,4,118.4739999999999
1,Change Oil,650.0,0.75,1,Sedan,6,88569.2,45.9,45.9,1425.0,1,4,46.854000000000006
16,Replace Spark Plugs,350.0,0.5,1,Sedan,6,85401.7,30.1,28.4,2700.0,1,4,26.879999999999995
2,Brake Service,800.0,1.25,1,Sedan,6,72255.8,78.4,88.5,425.0,0,4,86.59099999999997
1,Change Oil,650.0,0.75,1,Sedan,6,84050.3,44.4,50.6,4375.0,1,4,48.87499999999999
2,Brake Service,800.0,1.25,1,Crossover,12,152882.6,75.4,68.5,1525.0,1,0,73.662
8,Change ATF / Transmission Fluid Flush,650.0,0.75,1,Crossover,12,174956.6,44.3,46.4,375.0,0,0,46.596000000000004
2,Brake Service,800.0,1.25,1,Crossover,12,160570.2,75.5,81.0,375.0,0,0,78.774
8,Change ATF / Transmission Fluid Flush,650.0,0.75,1,Crossover,12,174631.5,43.3,42.3,225.0,0,0,45.747999999999976
1,Change Oil,650.0,0.75,1,Crossover,6,88061.4,44.0,44.9,650.0,0,0,45.49499999999999
2,Brake Service,800.0,1.25,1,Crossover,6,83404.9,71.4,76.5,800.0,0,0,74.535
2,Brake Service,800.0,1.25,1,Crossover,6,77317.3,71.9,78.2,225.0,0,0,77.36499999999992
16,Replace Spark Plugs,350.0,0.5,1,Sedan,14,192590.4,31.2,32.4,3700.0,1,4,32.71900000000003
2,Brake Service,800.0,1.25,1,Sedan,14,220637.2,77.3,88.5,450.0,0,4,85.01800000000001
14,Rotor Disc Refacing,3000.0,2.0,1,Sedan,14,221567.9,116.2,110.8,3875.0,1,4,113.72899999999996
2,Brake Service,800.0,1.25,1,Sedan,6,76908.0,75.4,67.5,3825.0,1,4,69.16300000000003
1,Change Oil,650.0,0.75,1,Sedan,6,82830.6,43.1,44.2,475.0,0,4,44.454999999999934
1,Change Oil,650.0,0.75,1,Sedan,6,75818.6,44.6,50.3,3700.0,1,4,48.96700000000007
1,Change Oil,650.0,0.75,1,Sedan,5,83098.9,42.8,51.5,775.0,1,4,41.56299999999998
8,Change ATF / Transmission Fluid Flush,650.0,0.75,1,Sedan,5,77088.4,46.9,50.3,650.0,0,4,49.17600000000006
1,Change Oil,650.0,0.75,1,Sedan,5,58988.5,46.8,44.7,1150.0,1,4,45.933000000000014
1,Change Oil,650.0,0.75,1,Sedan,5,68931.0,45.0,41.8,675.0,0,4,43.585000000000036
2,Brake Service,800.0,1.25,1,Sedan,5,80040.9,73.6,67.1,3425.0,1,4,75.33200000000006
9,Replace Fuel Filter,550.0,0.75,1,Sedan,5,82924.1,47.0,51.7,775.0,1,4,49.912999999999954
1,Change Oil,650.0,0.75,1,Sedan,5,79308.7,47.1,44.3,850.0,0,4,47.22200000000007
8,Change ATF / Transmission Fluid Flush,650.0,0.75,1,Sedan,5,77915.2,45.3,46.3,600.0,0,4,46.098000000000056
1,Change Oil,650.0,0.75,1,Sedan,5,66800.9,45.7,43.6,1250.0,1,4,44.071999999999974
1,Change Oil,650.0,0.75,1,Sedan,5,66605.6,43.6,44.9,600.0,0,4,45.33700000000001
2,Brake Service,800.0,1.25,1,Sedan,5,72171.3,78.0,77.4,3575.0,1,4,79.2849999999999
2,Brake Service,800.0,1.25,1,Sedan,5,79022.6,73.8,75.1,1150.0,1,4,75.19600000000011
9,Replace Fuel Filter,550.0,0.75,1,Sedan,5,60411.3,44.2,46.0,800.0,1,4,45.919000000000004
15,Top Overhaul,15000.0,14.0,0,Sedan,6,85422.3,870.0,1012.2,27525.0,1,4,1004.6669999999987
11,Down Clutch / Pulldown Transmission,3500.0,4.5,0,Sedan,6,95853.1,274.9,348.1,20000.0,1,4,364.7029999999997
1,Change Oil,650.0,0.75,1,Van,6,89134.8,43.3,47.6,33925.0,1,5,47.94499999999998
11,Down Clutch / Pulldown Transmission,3500.0,4.5,0,Van,6,89458.9,282.2,417.6,31475.0,1,5,389.88599999999957
1,Change Oil,650.0,0.75,1,Sedan,6,95599.1,47.0,51.0,24475.0,1,4,48.75700000000002
11,Down Clutch / Pulldown Transmission,3500.0,4.5,0,Sedan,6,79326.0,276.5,292.9,28700.0,1,4,313.68900000000025
8,Change ATF / Transmission Fluid Flush,650.0,0.75,1,Sedan,6,90148.2,43.0,43.2,9275.0,1,4,42.457
2,Brake Service,800.0,1.25,1,Sedan,12,184740.9,72.5,75.0,1900.0,1,4,74.25099999999998
2,Brake Service,800.0,1.25,1,Sedan,9,119176.0,75.1,71.4,2000.0,1,4,81.93800000000012
2,Brake Service,800.0,1.25,1,Sedan,9,143617.8,76.6,85.6,3675.0,1,4,77.85400000000006
2,Brake Service,800.0,1.25,1,Sedan,9,127498.0,76.7,76.9,775.0,0,4,80.55100000000004
11,Down Clutch / Pulldown Transmission,3500.0,4.5,0,Sedan,9,135523.3,282.5,437.7,600.0,0,4,390.3990000000003
1,Change Oil,650.0,0.75,1,SUV,6,76727.7,47.0,51.7,2400.0,1,3,51.334999999999916
18,Replace Engine Support,1200.0,1.5,0,SUV,6,78245.2,85.6,114.8,4750.0,1,3,111.05799999999999
1,Change Oil,650.0,0.75,1,Van,6,80502.8,44.3,35.5,675.0,0,5,38.931
2,Brake Service,800.0,1.25,1,Van,6,94689.7,75.1,75.5,800.0,0,5,83.91600000000005
2,Brake Service,800.0,1.25,1,Van,6,90655.3,74.4,84.2,1950.0,1,5,82.66599999999993
1,Change Oil,650.0,0.75,1,Van,6,82360.4,45.7,42.2,575.0,0,5,43.04099999999993
2,Brake Service,800.0,1.25,1,Van,6,82937.0,75.1,82.0,725.0,0,5,82.15600000000002
2,Brake Service,800.0,1.25,1,Van,6,96556.0,78.2,76.9,1975.0,1,5,77.26099999999991
1,Change Oil,650.0,0.75,1,Van,6,77344.8,43.7,46.2,3625.0,1,5,45.36599999999996
1,Change Oil,650.0,0.75,1,Van,6,72592.3,43.1,45.1,4550.0,1,5,44.57199999999996
1,Change Oil,650.0,0.75,1,Van,6,78881.7,45.1,41.6,600.0,0,5,43.327999999999996
2,Brake Service,800.0,1.25,1,Van,6,91255.3,72.1,80.8,775.0,0,5,77.23100000000008
2,Brake Service,800.0,1.25,1,Van,6,80964.3,76.3,84.8,2000.0,1,5,83.44200000000006
1,Change Oil,650.0,0.75,1,Van,6,87913.7,46.3,48.3,1500.0,1,5,47.56600000000004
1,Change Oil,650.0,0.75,1,Van,6,91427.2,46.1,47.9,3675.0,1,5,47.97
1,Change Oil,650.0,0.75,1,Van,6,101959.2,43.2,40.7,1600.0,1,5,42.821999999999996
14,Rotor Disc Refacing,3000.0,2.0,1,Sedan,6,72412.8,116.8,114.2,3675.0,0,4,116.0080000000001
2,Brake Service,800.0,1.25,1,Sedan,6,86868.3,73.6,70.5,1925.0,1,4,78.71399999999994
14,Rotor Disc Refacing,3000.0,2.0,1,Sedan,7,83341.8,120.7,116.8,3200.0,0,4,119.15899999999993
14,Rotor Disc Refacing,3000.0,2.0,1,Sedan,6,87431.6,124.9,106.7,3475.0,0,4,112.14300000000007
1,Change Oil,650.0,0.75,1,Van,6,81957.5,43.0,40.2,475.0,0,5,41.69399999999995
2,Brake Service,800.0,1.25,1,Van,6,76825.4,77.1,80.6,775.0,0,5,79.20400000000006
2,Brake Service,800.0,1.25,1,Van,6,70889.3,78.1,82.7,1475.0,1,5,82.2729999999999
1,Change Oil,650.0,0.75,1,Van,6,81083.3,47.0,50.1,2950.0,1,5,49.64500000000002
1,Change Oil,650.0,0.75,1,Van,6,82152.7,42.8,49.0,4025.0,1,5,41.70899999999997
2,Brake Service,800.0,1.25,1,Van,6,101254.7,77.4,77.9,8075.0,1,5,75.37199999999994
14,Rotor Disc Refacing,3000.0,2.0,1,Hatchback,6,77577.0,118.5,129.7,1325.0,0,1,125.72500000000011
2,Brake Service,800.0,1.25,1,Hatchback,6,79823.3,72.5,74.2,725.0,0,1,71.24199999999999
1,Change Oil,650.0,0.75,1,Van,25,384257.2,45.7,47.2,475.0,1,5,47.41999999999995
2,Brake Service,800.0,1.25,1,Van,25,308650.4,74.4,73.6,800.0,1,5,73.35400000000008
1,Change Oil,650.0,0.75,1,Van,25,318008.3,47.0,49.5,2925.0,1,5,49.283999999999985
1,Change Oil,650.0,0.75,1,Van,25,318624.6,44.5,43.0,4225.0,1,5,44.636
2,Brake Service,800.0,1.25,1,Van,25,360263.1,72.3,75.4,8350.0,1,5,74.08199999999992
1,Change Oil,650.0,0.75,1,Van,6,87295.9,44.3,48.9,600.0,0,5,45.886
2,Brake Service,800.0,1.25,1,Van,6,77473.6,75.7,74.5,850.0,0,5,75.96199999999999
2,Brake Service,800.0,1.25,1,Van,6,72731.4,73.0,80.2,1875.0,1,5,81.31299999999989
1,Change Oil,650.0,0.75,1,Van,6,90471.7,44.4,43.6,3075.0,1,5,44.67999999999998
1,Change Oil,650.0,0.75,1,Van,6,88669.2,43.6,49.0,3775.0,1,5,47.552
2,Brake Service,800.0,1.25,1,Van,6,76579.0,73.6,75.9,7775.0,1,5,76.78999999999989
2,Brake Service,800.0,1.25,1,Sedan,6,77807.8,71.9,70.7,1925.0,1,4,72.77599999999993
1,Change Oil,650.0,0.75,1,Sedan,6,80995.0,42.8,40.0,1500.0,1,4,41.32299999999999
1,Change Oil,650.0,0.75,1,Sedan,6,86423.1,43.5,45.5,375.0,0,4,45.292
1,Change Oil,650.0,0.75,1,Sedan,6,95429.4,45.2,44.4,1475.0,1,4,44.401000000000025
2,Brake Service,800.0,1.25,1,Sedan,11,171587.4,74.0,71.1,1900.0,1,4,72.13100000000007
17,Replace Shock Absorbers,1500.0,2.0,1,Sedan,11,178483.8,121.2,121.3,1100.0,0,4,122.8389999999999
13,Replace Tie Rod / Rack End,1000.0,1.5,1,Sedan,11,146657.8,93.8,81.8,8125.0,1,4,88.18600000000002
1,Change Oil,650.0,0.75,1,Sedan,11,175091.3,45.0,48.4,350.0,0,4,45.37699999999999
2,Brake Service,800.0,1.25,1,Sedan,11,161942.3,77.3,73.9,450.0,0,4,75.00499999999992
16,Replace Spark Plugs,350.0,0.5,1,Sedan,11,169055.1,30.9,31.9,300.0,0,4,32.15200000000002
6,Replace Fan Belt,800.0,1.0,1,Sedan,11,170097.9,62.1,60.6,800.0,0,4,60.510000000000055
14,Rotor Disc Refacing,3000.0,2.0,1,Sedan,11,153441.4,119.4,114.7,3200.0,1,4,116.95600000000013
2,Brake Service,800.0,1.25,1,Sedan,11,157352.2,76.9,69.7,1825.0,1,4,71.94299999999993
17,Replace Shock Absorbers,1500.0,2.0,1,Sedan,11,149576.0,119.8,113.7,1050.0,0,4,116.05500000000008
1,Change Oil,650.0,0.75,1,Sedan,11,173335.7,45.9,45.5,325.0,0,4,45.413999999999994
2,Brake Service,800.0,1.25,1,Sedan,11,135109.5,71.3,77.0,475.0,0,4,73.101
16,Replace Spark Plugs,350.0,0.5,1,Sedan,11,171079.0,29.0,31.1,325.0,1,4,29.687999999999967
6,Replace Fan Belt,800.0,1.0,1,Sedan,11,169181.7,62.9,54.8,825.0,0,4,59.85400000000006
14,Rotor Disc Refacing,3000.0,2.0,1,Sedan,11,156422.2,124.8,123.8,2700.0,0,4,123.70099999999991
4,Wheel Alignment,800.0,1.0,1,Sedan,11,170657.9,59.4,66.1,800.0,1,4,62.81199999999998
1,Change Oil,650.0,0.75,1,SUV,6,86465.6,43.1,45.8,675.0,0,3,45.52300000000005
2,Brake Service,800.0,1.25,1,SUV,6,76958.1,72.5,75.8,875.0,0,3,70.45400000000001
9,Replace Fuel Filter,550.0,0.75,1,SUV,6,84802.1,43.7,44.2,450.0,0,3,44.21099999999994
15,Top Overhaul,15000.0,14.0,0,Sedan,6,91587.0,854.0,1170.9,15600.0,1,4,1105.7489999999987
14,Rotor Disc Refacing,3000.0,2.0,1,Sedan,6,96354.0,120.3,116.9,4575.0,1,4,118.96399999999988
1,Change Oil,650.0,0.75,1,Sedan,15,200088.6,45.3,42.0,650.0,1,4,42.98300000000001
2,Brake Service,800.0,1.25,1,Sedan,15,205807.8,78.5,82.3,800.0,1,4,80.21300000000006
16,Replace Spark Plugs,350.0,0.5,1,Sedan,15,228425.0,29.1,32.3,375.0,1,4,30.561000000000046
5,Engine Diagnostics,1200.0,1.0,0,Sedan,15,217515.4,60.2,95.5,1200.0,1,4,91.81900000000003
2,Brake Service,800.0,1.25,1,Sedan,9,120579.3,72.6,73.3,775.0,0,4,73.35400000000008
13,Replace Tie Rod / Rack End,1000.0,1.5,1,Sedan,11,161655.8,88.0,75.9,8300.0,1,4,89.62100000000008
12,Replace Suspension Bushing,1500.0,2.5,0,Sedan,11,180040.6,150.0,244.9,750.0,1,4,239.16800000000015
4,Wheel Alignment,800.0,1.0,1,Sedan,11,134787.4,59.0,67.9,1525.0,1,4,65.46699999999997
1,Change Oil,650.0,0.75,1,Sedan,6,79750.7,47.1,57.1,1525.0,1,4,52.50200000000004
15,Top Overhaul,15000.0,14.0,0,Sedan,6,78964.1,834.0,981.8,16900.0,1,4,973.5240000000006
1,Change Oil,650.0,0.75,1,Sedan,6,78242.8,46.2,47.6,1450.0,1,4,47.233999999999966
14,Rotor Disc Refacing,3000.0,2.0,1,Sedan,6,70335.0,114.6,116.2,4375.0,1,4,113.07900000000011
11,Down Clutch / Pulldown Transmission,3500.0,4.5,0,Sedan,6,90667.2,267.9,336.0,2450.0,0,4,341.912
2,Brake Service,800.0,1.25,1,Sedan,6,88284.5,73.7,71.2,3450.0,1,4,73.19899999999991
1,Change Oil,650.0,0.75,1,Sedan,6,77096.6,46.2,48.2,1050.0,1,4,47.60599999999994
2,Brake Service,800.0,1.25,1,Sedan,6,87528.5,76.0,70.5,675.0,0,4,73.55000000000004
2,Brake Service,800.0,1.25,1,Sedan,6,88851.6,73.6,80.2,1200.0,1,4,78.41899999999991
13,Replace Tie Rod / Rack End,1000.0,1.5,1,Sedan,6,88752.0,87.7,96.0,975.0,0,4,89.69000000000001
12,Replace Suspension Bushing,1500.0,2.5,0,Sedan,6,87112.9,144.0,217.7,1700.0,1,4,199.2630000000003
2,Brake Service,800.0,1.25,1,Sedan,6,77793.6,78.2,73.4,600.0,0,4,74.50899999999993
2,Brake Service,800.0,1.25,1,Sedan,6,90923.8,74.3,77.7,825.0,0,4,78.48899999999995
4,Wheel Alignment,800.0,1.0,1,Sedan,6,96687.5,57.8,54.4,775.0,0,4,55.40699999999997
4,Wheel Alignment,800.0,1.0,1,Sedan,6,98697.0,61.1,57.9,2425.0,1,4,59.287999999999926
2,Brake Service,800.0,1.25,1,Sedan,6,91318.9,72.9,71.8,3525.0,1,4,74.3320000000001
2,Brake Service,800.0,1.25,1,Sedan,6,80919.3,72.4,72.2,1775.0,1,4,71.39999999999988
4,Wheel Alignment,800.0,1.0,1,Sedan,6,90989.0,60.4,67.9,800.0,0,4,61.94799999999999
1,Change Oil,650.0,0.75,1,Sedan,6,89372.9,45.2,45.4,675.0,0,4,45.216
2,Brake Service,800.0,1.25,1,Sedan,6,88647.6,78.3,73.0,850.0,0,4,75.93900000000004
13,Replace Tie Rod / Rack End,1000.0,1.5,1,Sedan,6,93098.7,88.5,97.5,8825.0,1,4,93.95400000000004
4,Wheel Alignment,800.0,1.0,1,Sedan,6,91968.1,61.8,62.4,800.0,0,4,62.127999999999965
12,Replace Suspension Bushing,1500.0,2.5,0,Sedan,6,79969.3,147.1,218.2,1475.0,1,4,206.31300000000024
2,Brake Service,800.0,1.25,1,Sedan,6,88732.7,72.6,80.7,575.0,0,4,79.11599999999996
8,Change ATF / Transmission Fluid Flush,650.0,0.75,1,Sedan,6,84356.9,44.8,42.7,575.0,0,4,44.48899999999994
1,Change Oil,650.0,0.75,1,Sedan,14,170172.7,44.9,44.2,625.0,1,4,44.591999999999956
2,Brake Service,800.0,1.25,1,Sedan,14,186145.1,75.6,87.3,850.0,1,4,84.78500000000007
1,Change Oil,650.0,0.75,1,Sedan,16,222951.7,44.6,44.6,650.0,1,4,46.92000000000001
2,Brake Service,800.0,1.25,1,Sedan,16,239867.5,71.5,73.8,800.0,1,4,72.94600000000008
13,Replace Tie Rod / Rack End,1000.0,1.5,1,Sedan,16,220452.4,93.7,100.2,9200.0,1,4,96.95099999999996
4,Wheel Alignment,800.0,1.0,1,Sedan,16,249296.3,59.7,49.6,775.0,1,4,61.618999999999986
12,Replace Suspension Bushing,1500.0,2.5,0,Sedan,16,257932.4,143.7,224.6,1775.0,1,4,220.2930000000002
2,Brake Service,800.0,1.25,1,Sedan,16,198546.6,74.4,74.4,1225.0,1,4,74.21599999999991
2,Brake Service,800.0,1.25,1,SUV,6,94085.1,71.7,73.2,2550.0,1,3,71.69299999999991
1,Change Oil,650.0,0.75,1,Sedan,6,80083.3,46.6,44.0,675.0,0,4,45.510999999999996
9,Replace Fuel Filter,550.0,0.75,1,Sedan,6,73969.9,46.3,41.5,700.0,0,4,42.865
4,Wheel Alignment,800.0,1.0,1,Sedan,6,75313.9,62.6,57.2,850.0,0,4,60.19599999999995
1,Change Oil,650.0,0.75,1,Crossover,12,187759.3,45.9,47.8,525.0,0,0,48.499000000000066
9,Replace Fuel Filter,550.0,0.75,1,Crossover,12,154923.5,42.9,43.4,475.0,0,0,45.41099999999997
1,Change Oil,650.0,0.75,1,Pickup,6,87110.1,42.9,45.1,600.0,0,2,45.05999999999998
9,Replace Fuel Filter,550.0,0.75,1,Pickup,6,84350.2,44.9,49.0,700.0,1,2,47.931999999999995
2,Brake Service,800.0,1.25,1,Crossover,17,264153.1,75.9,59.2,725.0,0,0,66.47599999999993
2,Brake Service,800.0,1.25,1,Crossover,17,230416.5,72.3,64.2,825.0,1,0,68.96299999999992
12,Replace Suspension Bushing,1500.0,2.5,0,Hatchback,1,13380.6,157.5,178.1,2000.0,1,1,181.32199999999997
13,Replace Tie Rod / Rack End,1000.0,1.5,1,Hatchback,1,10000.0,89.5,79.1,1050.0,0,1,80.78500000000011
4,Wheel Alignment,800.0,1.0,1,Hatchback,1,10000.0,58.8,63.7,775.0,0,1,64.27499999999992
10,Replace Valve Cover Gasket,1400.0,1.75,0,SUV,23,354763.2,108.3,187.6,1675.0,1,3,183.81400000000005
6,Replace Fan Belt,800.0,1.0,1,SUV,23,300551.4,61.2,64.0,950.0,1,3,62.44200000000001
2,Brake Service,800.0,1.25,1,SUV,4,56806.6,72.5,88.5,800.0,0,3,71.50699999999999
2,Brake Service,800.0,1.25,1,SUV,4,53705.4,76.5,79.7,800.0,0,3,77.84999999999995
4,Wheel Alignment,800.0,1.0,1,SUV,4,57604.1,61.6,60.9,1175.0,1,3,61.852
7,Aircon Cleaning & Freon Charge,2500.0,3.0,0,Sedan,23,308533.7,185.1,379.7,2175.0,1,4,319.173
15,Top Overhaul,15000.0,14.0,0,Sedan,25,357095.8,866.0,1484.9,11075.0,1,4,1491.3579999999981
1,Change Oil,650.0,0.75,1,Sedan,25,348841.3,42.8,44.2,600.0,1,4,43.314999999999934
1,Change Oil,650.0,0.75,1,Van,8,117827.2,45.3,50.0,600.0,0,5,48.416000000000004
9,Replace Fuel Filter,550.0,0.75,1,Van,8,118993.6,44.4,45.0,675.0,1,5,45.47500000000001
1,Change Oil,650.0,0.75,1,Hatchback,1,19849.7,43.8,42.0,650.0,0,1,42.992
9,Replace Fuel Filter,550.0,0.75,1,Hatchback,1,23148.3,44.7,46.6,400.0,0,1,46.35199999999999
2,Brake Service,800.0,1.25,1,Hatchback,1,13306.2,76.8,68.7,1275.0,1,1,71.28899999999993
2,Brake Service,800.0,1.25,1,Hatchback,25,332946.6,73.7,71.6,725.0,1,1,72.8880000000001
2,Brake Service,800.0,1.25,1,Hatchback,25,397834.9,74.6,77.8,950.0,1,1,78.10500000000006
4,Wheel Alignment,800.0,1.0,1,Hatchback,25,328016.8,61.3,58.7,1000.0,1,1,60.7829999999999
15,Top Overhaul,15000.0,14.0,0,Sedan,11,157615.6,848.1,1078.0,18800.0,1,4,1141.5199999999998
1,Change Oil,650.0,0.75,1,Sedan,11,164426.0,46.5,41.9,650.0,0,4,43.39400000000005
2,Brake Service,800.0,1.25,1,Crossover,23,295700.6,71.8,70.0,900.0,1,0,74.18900000000001
2,Brake Service,800.0,1.25,1,Crossover,23,335144.0,72.2,68.0,775.0,1,0,77.72900000000004
1,Change Oil,650.0,0.75,1,Sedan,11,141740.8,45.9,44.7,600.0,0,4,45.51699999999995
9,Replace Fuel Filter,550.0,0.75,1,Sedan,11,156894.3,47.0,45.6,525.0,0,4,47.20199999999998
7,Aircon Cleaning & Freon Charge,2500.0,3.0,0,Van,5,60480.5,175.8,265.5,2375.0,1,5,245.02500000000006
2,Brake Service,800.0,1.25,1,Crossover,11,175749.4,73.9,68.7,850.0,0,0,71.42599999999989
2,Brake Service,800.0,1.25,1,Crossover,11,138800.2,71.3,62.9,775.0,0,0,65.19699999999995
4,Wheel Alignment,800.0,1.0,1,Crossover,11,167469.8,58.8,57.2,1300.0,1,0,58.16699999999996
12,Replace Suspension Bushing,1500.0,2.5,0,Van,25,349083.9,152.9,312.9,1675.0,1,5,295.00000000000006
13,Replace Tie Rod / Rack End,1000.0,1.5,1,Van,25,388542.6,92.3,81.9,925.0,1,5,87.84899999999989
4,Wheel Alignment,800.0,1.0,1,Van,25,346782.6,60.5,62.5,1000.0,1,5,60.48800000000002
17,Replace Shock Absorbers,1500.0,2.0,1,Van,25,364916.0,114.6,116.5,1325.0,1,5,116.14599999999999
1,Change Oil,650.0,0.75,1,Sedan,7,90049.5,45.0,41.7,725.0,0,4,42.826999999999956
9,Replace Fuel Filter,550.0,0.75,1,Sedan,7,93724.3,46.9,49.4,475.0,0,4,48.21499999999999
4,Wheel Alignment,800.0,1.0,1,Sedan,7,92060.4,61.8,61.0,925.0,0,4,61.585999999999984
12,Replace Suspension Bushing,1500.0,2.5,0,Van,13,195329.4,151.2,207.7,2800.0,1,5,236.0459999999999
13,Replace Tie Rod / Rack End,1000.0,1.5,1,Van,13,178939.7,91.3,92.2,775.0,0,5,92.626
4,Wheel Alignment,800.0,1.0,1,Van,13,173308.6,57.8,63.6,1400.0,1,5,62.26100000000004
17,Replace Shock Absorbers,1500.0,2.0,1,Van,13,160850.5,115.7,118.7,1675.0,1,5,116.29300000000008
2,Brake Service,800.0,1.25,1,Sedan,23,315375.3,76.1,78.6,1150.0,1,4,78.4580000000001
2,Brake Service,800.0,1.25,1,Sedan,23,329575.7,72.1,71.2,875.0,1,4,71.20200000000001
4,Wheel Alignment,800.0,1.0,1,Sedan,23,318684.1,60.7,64.4,925.0,1,4,62.69799999999995
2,Brake Service,800.0,1.25,1,Sedan,21,266017.2,73.3,66.6,850.0,1,4,76.89000000000006
2,Brake Service,800.0,1.25,1,Sedan,21,334230.6,73.3,81.1,1000.0,1,4,79.7730000000001
14,Rotor Disc Refacing,3000.0,2.0,1,Sedan,21,329923.5,125.7,141.6,4325.0,1,4,136.93600000000015
1,Change Oil,650.0,0.75,1,SUV,19,241207.0,47.2,47.7,575.0,1,3,48.24399999999996
9,Replace Fuel Filter,550.0,0.75,1,SUV,19,230745.9,46.5,46.0,500.0,1,3,46.398999999999994
2,Brake Service,800.0,1.25,1,SUV,19,232737.3,74.8,77.5,1700.0,1,3,77.165
10,Replace Valve Cover Gasket,1400.0,1.75,0,Hatchback,25,332994.4,100.4,184.7,1350.0,1,1,188.88500000000036
6,Replace Fan Belt,800.0,1.0,1,Hatchback,25,347405.4,61.1,68.5,675.0,1,1,63.54000000000003
1,Change Oil,650.0,0.75,1,Hatchback,25,325918.0,43.3,43.1,600.0,1,1,44.14699999999999
1,Change Oil,650.0,0.75,1,Hatchback,15,222167.0,46.8,41.1,625.0,1,1,43.249999999999964
9,Replace Fuel Filter,550.0,0.75,1,Hatchback,15,188338.1,46.4,45.6,650.0,1,1,46.254000000000005
2,Brake Service,800.0,1.25,1,SUV,25,390286.5,73.1,66.6,800.0,1,3,76.19500000000001
2,Brake Service,800.0,1.25,1,SUV,25,317032.4,77.4,77.6,700.0,1,3,78.35200000000005
2,Brake Service,800.0,1.25,1,Crossover,5,68952.1,71.9,76.1,650.0,0,0,77.18700000000007
2,Brake Service,800.0,1.25,1,Crossover,5,61178.8,72.6,74.8,725.0,0,0,72.64699999999999
12,Replace Suspension Bushing,1500.0,2.5,0,Hatchback,13,194925.6,143.2,244.8,1800.0,1,1,232.35599999999977
13,Replace Tie Rod / Rack End,1000.0,1.5,1,Hatchback,13,172535.4,90.9,98.2,1125.0,1,1,95.336
4,Wheel Alignment,800.0,1.0,1,Hatchback,13,190841.2,61.1,59.5,950.0,1,1,60.229000000000006
1,Change Oil,650.0,0.75,1,Sedan,2,21697.0,45.8,42.5,725.0,0,4,46.27
9,Replace Fuel Filter,550.0,0.75,1,Sedan,2,30412.3,45.4,51.0,525.0,0,4,49.093999999999994
12,Replace Suspension Bushing,1500.0,2.5,0,Hatchback,10,153979.0,143.3,215.4,2425.0,1,1,208.37399999999997
13,Replace Tie Rod / Rack End,1000.0,1.5,1,Hatchback,10,134771.2,88.3,81.6,1325.0,1,1,84.1340000000001
4,Wheel Alignment,800.0,1.0,1,Hatchback,10,145775.4,58.4,63.6,1250.0,1,1,61.78700000000004
1,Change Oil,650.0,0.75,1,Van,25,318046.6,46.2,50.4,700.0,1,5,47.301000000000016
9,Replace Fuel Filter,550.0,0.75,1,Van,25,318058.5,43.8,46.3,475.0,1,5,46.633000000000045
11,Down Clutch / Pulldown Transmission,3500.0,4.5,0,Pickup,17,249183.3,264.9,321.6,4800.0,1,2,391.4460000000001
12,Replace Suspension Bushing,1500.0,2.5,0,Crossover,6,94417.4,146.9,208.8,1050.0,0,0,200.50199999999967
13,Replace Tie Rod / Rack End,1000.0,1.5,1,Crossover,6,84954.5,87.9,94.5,800.0,0,0,89.04399999999998
4,Wheel Alignment,800.0,1.0,1,Crossover,6,83638.2,59.7,61.6,1075.0,1,0,61.875000000000064
7,Aircon Cleaning & Freon Charge,2500.0,3.0,0,Sedan,25,327606.6,176.5,321.1,2350.0,1,4,324.07199999999955
2,Brake Service,800.0,1.25,1,Sedan,25,376395.8,72.2,67.0,725.0,1,4,70.11599999999997
10,Replace Valve Cover Gasket,1400.0,1.75,0,Sedan,8,96292.6,109.4,135.6,1775.0,1,4,133.00100000000015
6,Replace Fan Belt,800.0,1.0,1,Sedan,8,118970.8,61.1,67.4,1025.0,1,4,62.76700000000002
15,Top Overhaul,15000.0,14.0,0,Sedan,22,282924.0,836.3,1496.2,15475.0,1,4,1494.1760000000002
1,Change Oil,650.0,0.75,1,SUV,10,161186.8,43.5,48.2,850.0,1,3,46.432999999999936
9,Replace Fuel Filter,550.0,0.75,1,SUV,10,167011.0,45.8,49.4,525.0,1,3,48.29499999999999
1,Change Oil,650.0,0.75,1,Crossover,7,92145.9,46.8,53.4,750.0,1,0,51.339999999999954
9,Replace Fuel Filter,550.0,0.75,1,Crossover,7,96734.9,44.1,46.3,625.0,1,0,43.345
2,Brake Service,800.0,1.25,1,Pickup,12,152010.9,73.3,76.1,1200.0,1,2,77.09100000000011
2,Brake Service,800.0,1.25,1,Pickup,12,176953.6,76.6,77.6,1025.0,1,2,77.08200000000011
4,Wheel Alignment,800.0,1.0,1,Pickup,12,170983.4,61.9,66.6,900.0,1,2,64.43600000000004
10,Replace Valve Cover Gasket,1400.0,1.75,0,Crossover,20,275164.3,100.9,185.6,1775.0,1,0,184.57100000000005
6,Replace Fan Belt,800.0,1.0,1,Crossover,20,317696.6,58.6,60.8,950.0,1,0,60.39600000000006
1,Change Oil,650.0,0.75,1,Crossover,20,314802.5,46.3,45.0,650.0,1,0,46.61099999999998
12,Replace Suspension Bushing,1500.0,2.5,0,Van,13,175736.7,148.2,212.7,2525.0,1,5,228.7969999999999
13,Replace Tie Rod / Rack End,1000.0,1.5,1,Van,13,210217.8,89.2,86.9,775.0,0,5,88.4759999999999
4,Wheel Alignment,800.0,1.0,1,Van,13,155379.7,57.7,62.2,900.0,1,5,62.86799999999994
17,Replace Shock Absorbers,1500.0,2.0,1,Van,13,187788.9,119.4,131.5,2050.0,1,5,128.46300000000002
7,Aircon Cleaning & Freon Charge,2500.0,3.0,0,Sedan,24,304396.3,182.5,325.8,3025.0,1,4,327.3869999999998
1,Change Oil,650.0,0.75,1,Crossover,23,333152.5,44.9,44.8,650.0,1,0,45.16300000000007
9,Replace Fuel Filter,550.0,0.75,1,Crossover,23,352008.3,46.7,54.1,600.0,1,0,46.058000000000035
4,Wheel Alignment,800.0,1.0,1,Crossover,23,334387.7,57.9,57.5,1025.0,1,0,58.263999999999996
7,Aircon Cleaning & Freon Charge,2500.0,3.0,0,Sedan,9,120182.7,176.8,200.2,2900.0,1,4,211.44400000000024
2,Brake Service,800.0,1.25,1,Crossover,24,386206.1,77.7,88.2,775.0,1,0,84.12099999999992
2,Brake Service,800.0,1.25,1,Crossover,24,296924.2,71.4,66.1,1050.0,1,0,68.70300000000005
12,Replace Suspension Bushing,1500.0,2.5,0,Sedan,8,107673.5,148.8,185.3,3400.0,1,4,184.68799999999985
13,Replace Tie Rod / Rack End,1000.0,1.5,1,Sedan,8,117460.3,92.8,84.6,1375.0,1,4,94.79000000000005
4,Wheel Alignment,800.0,1.0,1,Sedan,8,106739.5,62.0,55.6,825.0,0,4,57.22900000000004
12,Replace Suspension Bushing,1500.0,2.5,0,Van,18,282125.3,149.2,205.1,1875.0,1,5,246.26200000000014
13,Replace Tie Rod / Rack End,1000.0,1.5,1,Van,18,260793.4,94.5,81.1,1025.0,1,5,87.97000000000008
4,Wheel Alignment,800.0,1.0,1,Van,18,263659.2,61.8,71.7,1125.0,1,5,69.64799999999993
17,Replace Shock Absorbers,1500.0,2.0,1,Van,18,259609.7,116.3,103.6,1275.0,1,5,108.46200000000013
7,Aircon Cleaning & Freon Charge,2500.0,3.0,0,Sedan,7,108975.9,188.1,318.8,2575.0,1,4,300.3619999999995
10,Replace Valve Cover Gasket,1400.0,1.75,0,Crossover,20,280117.2,103.7,180.6,1675.0,1,0,182.46500000000006
6,Replace Fan Belt,800.0,1.0,1,Crossover,20,280863.7,58.3,58.0,1025.0,1,0,58.90300000000002
11,Down Clutch / Pulldown Transmission,3500.0,4.5,0,Sedan,25,396894.0,267.8,454.5,3800.0,1,4,462.73599999999993
1,Change Oil,650.0,0.75,1,Sedan,25,402120.9,44.0,41.6,650.0,1,4,43.479999999999954
12,Replace Suspension Bushing,1500.0,2.5,0,Sedan,25,393855.9,152.2,304.3,1025.0,1,4,293.2609999999996
13,Replace Tie Rod / Rack End,1000.0,1.5,1,Sedan,25,381436.6,91.0,84.3,875.0,1,4,88.63500000000002
4,Wheel Alignment,800.0,1.0,1,Sedan,25,398863.5,61.4,57.5,1250.0,1,4,58.51700000000001
2,Brake Service,800.0,1.25,1,Van,25,322556.5,74.3,68.2,650.0,1,5,69.80899999999993
2,Brake Service,800.0,1.25,1,Van,25,304552.4,77.4,77.8,750.0,1,5,82.686
1,Change Oil,650.0,0.75,1,Hatchback,25,382020.1,43.0,38.7,775.0,1,1,41.080999999999946
9,Replace Fuel Filter,550.0,0.75,1,Hatchback,25,341879.0,46.4,49.5,400.0,1,1,48.75500000000001
1,Change Oil,650.0,0.75,1,Pickup,25,345680.1,44.9,47.6,625.0,1,2,47.32800000000001
9,Replace Fuel Filter,550.0,0.75,1,Pickup,25,325557.7,46.6,47.8,600.0,1,2,47.89100000000007
2,Brake Service,800.0,1.25,1,Pickup,25,301934.8,75.3,88.1,1950.0,1,2,84.00800000000012
1,Change Oil,650.0,0.75,1,SUV,4,55756.3,43.0,46.3,500.0,0,3,45.31800000000004
9,Replace Fuel Filter,550.0,0.75,1,SUV,4,64349.7,42.8,36.7,675.0,0,3,39.02399999999997
11,Down Clutch / Pulldown Transmission,3500.0,4.5,0,Sedan,16,219872.7,275.0,511.6,4725.0,1,4,491.62799999999964
7,Aircon Cleaning & Freon Charge,2500.0,3.0,0,Pickup,3,38765.4,182.7,218.7,2900.0,1,2,193.17399999999998
2,Brake Service,800.0,1.25,1,Pickup,3,40401.0,78.5,75.1,750.0,0,2,78.07300000000012
1,Change Oil,650.0,0.75,1,Sedan,17,244916.2,46.4,35.8,600.0,0,4,39.55900000000006
9,Replace Fuel Filter,550.0,0.75,1,Sedan,17,251958.5,45.2,43.0,550.0,1,4,43.96099999999999
4,Wheel Alignment,800.0,1.0,1,Sedan,17,238515.6,62.1,66.2,875.0,1,4,65.29499999999999
1,Change Oil,650.0,0.75,1,Sedan,25,317250.2,43.2,38.9,850.0,1,4,40.69600000000003
9,Replace Fuel Filter,550.0,0.75,1,Sedan,25,376929.4,45.6,49.4,575.0,1,4,48.51799999999999
2,Brake Service,800.0,1.25,1,Sedan,17,260058.5,77.7,73.1,900.0,1,4,77.852
2,Brake Service,800.0,1.25,1,Sedan,17,230164.0,76.5,75.6,800.0,1,4,76.75400000000008
1,Change Oil,650.0,0.75,1,SUV,3,47663.8,47.0,50.4,850.0,1,3,49.552999999999976
9,Replace Fuel Filter,550.0,0.75,1,SUV,3,42552.7,46.6,35.3,575.0,0,3,40.07400000000004
4,Wheel Alignment,800.0,1.0,1,SUV,3,47892.0,62.0,54.9,1150.0,0,3,56.16399999999998
1,Change Oil,650.0,0.75,1,Sedan,7,100220.0,43.8,44.4,975.0,1,4,44.477000000000025
9,Replace Fuel Filter,550.0,0.75,1,Sedan,7,89741.9,43.8,44.3,550.0,0,4,45.037000000000056
2,Brake Service,800.0,1.25,1,Sedan,7,89716.8,73.6,74.8,1600.0,1,4,77.3869999999999
2,Brake Service,800.0,1.25,1,Sedan,12,172289.5,73.9,78.4,1100.0,1,4,76.4199999999999
2,Brake Service,800.0,1.25,1,Sedan,12,160469.7,73.1,83.8,1075.0,1,4,80.67200000000007
1,Change Oil,650.0,0.75,1,Sedan,9,119636.4,42.8,48.5,675.0,1,4,40.18199999999995
9,Replace Fuel Filter,550.0,0.75,1,Sedan,9,122523.0,43.7,43.3,450.0,0,4,43.477000000000054
2,Brake Service,800.0,1.25,1,Sedan,9,139061.2,76.7,82.1,1925.0,1,4,78.04600000000003
7,Aircon Cleaning & Freon Charge,2500.0,3.0,0,Crossover,1,10000.0,179.9,221.9,1850.0,0,0,162.29700000000008
1,Change Oil,650.0,0.75,1,Sedan,19,267913.3,45.9,50.0,575.0,1,4,48.735
9,Replace Fuel Filter,550.0,0.75,1,Sedan,19,228431.2,42.8,43.8,525.0,1,4,43.76400000000003
1,Change Oil,650.0,0.75,1,Sedan,7,89368.3,44.0,49.6,625.0,0,4,45.898999999999994
9,Replace Fuel Filter,550.0,0.75,1,Sedan,7,95117.8,42.8,43.0,425.0,0,4,42.27599999999998
10,Replace Valve Cover Gasket,1400.0,1.75,0,Crossover,10,160613.9,108.2,107.8,1425.0,0,0,133.9999999999999
6,Replace Fan Belt,800.0,1.0,1,Crossover,10,130723.1,61.7,63.2,800.0,0,0,61.44099999999994
1,Change Oil,650.0,0.75,1,Crossover,10,142621.2,47.0,52.4,900.0,1,0,51.760999999999996
12,Replace Suspension Bushing,1500.0,2.5,0,Van,18,215441.0,145.3,219.9,1275.0,1,5,227.2500000000001
13,Replace Tie Rod / Rack End,1000.0,1.5,1,Van,18,273209.9,88.2,85.1,1250.0,1,5,86.84000000000007
4,Wheel Alignment,800.0,1.0,1,Van,18,235692.2,59.4,58.0,1400.0,1,5,61.605000000000054
1,Change Oil,650.0,0.75,1,SUV,3,47692.5,45.1,41.5,650.0,0,3,42.758999999999986
9,Replace Fuel Filter,550.0,0.75,1,SUV,3,37516.9,45.4,45.2,600.0,0,3,45.805999999999955
2,Brake Service,800.0,1.25,1,SUV,3,42927.2,77.3,74.6,1675.0,1,3,75.69900000000013
10,Replace Valve Cover Gasket,1400.0,1.75,0,Sedan,3,34520.7,107.1,148.8,1675.0,1,4,113.60200000000003
6,Replace Fan Belt,800.0,1.0,1,Sedan,3,51244.8,57.9,62.0,1075.0,1,4,60.300000000000026
11,Down Clutch / Pulldown Transmission,3500.0,4.5,0,Van,12,149989.5,275.5,436.7,3400.0,1,5,385.6920000000002
8,Change ATF / Transmission Fluid Flush,650.0,0.75,1,Van,12,171387.7,47.0,44.8,650.0,1,5,47.99899999999997
12,Replace Suspension Bushing,1500.0,2.5,0,Hatchback,25,335892.0,149.9,270.7,2200.0,1,1,268.0620000000001
13,Replace Tie Rod / Rack End,1000.0,1.5,1,Hatchback,25,340117.9,92.7,91.6,1100.0,1,1,90.73200000000011
4,Wheel Alignment,800.0,1.0,1,Hatchback,25,334303.7,61.8,58.6,1125.0,1,1,60.16800000000005
12,Replace Suspension Bushing,1500.0,2.5,0,Sedan,11,144511.2,151.9,201.4,1825.0,1,4,206.54800000000014
13,Replace Tie Rod / Rack End,1000.0,1.5,1,Sedan,11,164304.3,90.5,89.3,950.0,0,4,88.42200000000007
4,Wheel Alignment,800.0,1.0,1,Sedan,11,172473.1,60.9,70.2,1225.0,1,4,62.24399999999998
17,Replace Shock Absorbers,1500.0,2.0,1,Sedan,11,168192.1,116.0,124.4,1575.0,1,4,118.49000000000002
12,Replace Suspension Bushing,1500.0,2.5,0,Sedan,3,38063.2,145.1,198.8,775.0,0,4,189.56899999999968
13,Replace Tie Rod / Rack End,1000.0,1.5,1,Sedan,3,47060.4,93.0,92.1,1025.0,0,4,93.56700000000012
4,Wheel Alignment,800.0,1.0,1,Sedan,3,43254.4,62.8,64.1,1000.0,0,4,64.13900000000007
17,Replace Shock Absorbers,1500.0,2.0,1,Sedan,3,44043.0,117.6,106.8,1700.0,0,4,120.10799999999993
11,Down Clutch / Pulldown Transmission,3500.0,4.5,0,Van,15,231555.5,271.3,503.9,3875.0,1,5,492.7180000000006
1,Change Oil,650.0,0.75,1,SUV,21,273215.3,46.5,49.2,775.0,1,3,47.87599999999994
9,Replace Fuel Filter,550.0,0.75,1,SUV,21,304171.5,46.0,48.1,550.0,1,3,47.154
2,Brake Service,800.0,1.25,1,SUV,21,325506.3,78.5,72.9,1150.0,1,3,76.36799999999992
2,Brake Service,800.0,1.25,1,SUV,5,75160.8,73.6,71.2,1050.0,0,3,76.447
2,Brake Service,800.0,1.25,1,SUV,5,73540.8,77.1,74.2,675.0,0,3,74.91499999999992
11,Down Clutch / Pulldown Transmission,3500.0,4.5,0,Pickup,12,181310.4,268.5,318.3,3150.0,1,2,342.2139999999997
1,Change Oil,650.0,0.75,1,Pickup,12,174759.8,44.4,52.5,550.0,1,2,50.51699999999999
1,Change Oil,650.0,0.75,1,Crossover,10,129385.4,47.0,50.1,475.0,0,0,50.878000000000014
9,Replace Fuel Filter,550.0,0.75,1,Crossover,10,141289.7,45.5,57.4,575.0,1,0,52.83899999999996
2,Brake Service,800.0,1.25,1,Crossover,10,130436.1,72.7,73.5,2100.0,1,0,74.277
15,Top Overhaul,15000.0,14.0,0,Sedan,11,148219.3,801.2,1182.3,27175.0,1,4,1172.2660000000014
1,Change Oil,650.0,0.75,1,Sedan,11,152543.7,46.1,45.5,625.0,0,4,45.272
12,Replace Suspension Bushing,1500.0,2.5,0,Sedan,24,330950.0,146.2,301.5,3025.0,1,4,288.32599999999996
13,Replace Tie Rod / Rack End,1000.0,1.5,1,Sedan,24,367583.9,86.2,98.9,975.0,1,4,96.69399999999992
4,Wheel Alignment,800.0,1.0,1,Sedan,24,290443.0,57.2,61.9,1200.0,1,4,57.90099999999996
17,Replace Shock Absorbers,1500.0,2.0,1,Sedan,24,382995.4,119.5,123.4,1125.0,1,4,123.07499999999987
12,Replace Suspension Bushing,1500.0,2.5,0,SUV,6,74612.0,146.1,119.8,975.0,0,3,143.88199999999995
13,Replace Tie Rod / Rack End,1000.0,1.5,1,SUV,6,85609.5,87.0,97.7,1200.0,1,3,95.133
4,Wheel Alignment,800.0,1.0,1,SUV,6,87335.1,62.6,65.0,825.0,0,3,63.60999999999999
17,Replace Shock Absorbers,1500.0,2.0,1,SUV,6,80083.2,117.0,139.8,1350.0,0,3,133.87599999999983
2,Brake Service,800.0,1.25,1,Pickup,24,346150.4,73.3,69.8,750.0,1,2,71.4310000000001
2,Brake Service,800.0,1.25,1,Pickup,24,332464.0,76.5,65.3,1000.0,1,2,69.81900000000007
14,Rotor Disc Refacing,3000.0,2.0,1,Pickup,24,336438.3,122.2,122.5,3100.0,1,2,121.682
1,Change Oil,650.0,0.75,1,Hatchback,12,181698.2,46.7,43.1,575.0,0,1,44.573
9,Replace Fuel Filter,550.0,0.75,1,Hatchback,12,175809.2,43.0,47.1,550.0,1,1,45.9
4,Wheel Alignment,800.0,1.0,1,Hatchback,12,160599.7,59.5,64.2,800.0,1,1,62.640999999999934
7,Aircon Cleaning & Freon Charge,2500.0,3.0,0,Sedan,21,317569.0,188.8,302.7,2500.0,1,4,317.37300000000033
12,Replace Suspension Bushing,1500.0,2.5,0,Hatchback,10,131159.9,144.9,217.1,1775.0,1,1,208.27399999999997
13,Replace Tie Rod / Rack End,1000.0,1.5,1,Hatchback,10,156094.6,93.4,106.8,1250.0,1,1,103.33399999999996
4,Wheel Alignment,800.0,1.0,1,Hatchback,10,144670.9,57.7,59.2,1125.0,1,1,62.119000000000014
17,Replace Shock Absorbers,1500.0,2.0,1,Hatchback,10,126027.9,122.7,126.0,1525.0,1,1,128.615
1,Change Oil,650.0,0.75,1,Sedan,3,50064.9,44.9,46.1,625.0,0,4,46.06900000000002
9,Replace Fuel Filter,550.0,0.75,1,Sedan,3,54052.2,44.7,47.8,450.0,0,4,47.11300000000006
11,Down Clutch / Pulldown Transmission,3500.0,4.5,0,Crossover,19,245535.0,267.5,440.2,4375.0,1,0,441.3210000000002
8,Change ATF / Transmission Fluid Flush,650.0,0.75,1,Crossover,19,252076.6,47.0,51.0,775.0,1,0,50.013000000000005
12,Replace Suspension Bushing,1500.0,2.5,0,Crossover,6,75324.2,143.6,208.3,2175.0,1,0,191.37299999999976
13,Replace Tie Rod / Rack End,1000.0,1.5,1,Crossover,6,95136.8,91.9,94.0,625.0,0,0,95.13799999999999
4,Wheel Alignment,800.0,1.0,1,Crossover,6,76675.9,57.8,56.7,1125.0,1,0,58.00599999999994
17,Replace Shock Absorbers,1500.0,2.0,1,Crossover,6,82072.4,116.3,124.6,1150.0,0,0,122.65300000000012
2,Brake Service,800.0,1.25,1,Hatchback,15,203533.4,76.6,68.4,1250.0,1,1,71.97099999999996
2,Brake Service,800.0,1.25,1,Hatchback,15,202479.1,78.5,78.0,800.0,1,1,80.10800000000002
14,Rotor Disc Refacing,3000.0,2.0,1,Hatchback,15,179433.5,123.4,123.2,2950.0,1,1,123.92700000000008
12,Replace Suspension Bushing,1500.0,2.5,0,Pickup,23,289297.6,154.1,266.4,2175.0,1,2,267.7960000000002
13,Replace Tie Rod / Rack End,1000.0,1.5,1,Pickup,23,354013.7,92.7,82.8,1250.0,1,2,89.05500000000004
4,Wheel Alignment,800.0,1.0,1,Pickup,23,358223.5,62.9,61.9,875.0,1,2,62.11599999999994
17,Replace Shock Absorbers,1500.0,2.0,1,Pickup,23,300788.4,116.2,128.1,1375.0,1,2,123.23800000000017
11,Down Clutch / Pulldown Transmission,3500.0,4.5,0,Crossover,17,248435.4,281.5,492.1,3400.0,1,0,483.56699999999955
12,Replace Suspension Bushing,1500.0,2.5,0,Van,20,312041.0,151.6,271.4,1325.0,1,5,269.44400000000036
13,Replace Tie Rod / Rack End,1000.0,1.5,1,Van,20,315878.0,90.0,92.7,625.0,1,5,79.46799999999998
4,Wheel Alignment,800.0,1.0,1,Van,20,277100.3,59.7,62.2,750.0,1,5,61.838
2,Brake Service,800.0,1.25,1,Sedan,25,353675.9,77.0,73.1,850.0,1,4,76.04700000000007
2,Brake Service,800.0,1.25,1,Sedan,25,310107.7,78.4,75.2,700.0,1,4,76.51199999999994
11,Down Clutch / Pulldown Transmission,3500.0,4.5,0,Sedan,25,320881.5,260.7,546.9,3025.0,1,4,525.0880000000005
1,Change Oil,650.0,0.75,1,Van,5,71226.3,44.6,45.0,750.0,0,5,44.738
9,Replace Fuel Filter,550.0,0.75,1,Van,5,68026.6,43.1,45.5,500.0,0,5,45.117999999999995
1,Change Oil,650.0,0.75,1,Sedan,13,169891.9,45.3,44.9,550.0,0,4,44.925000000000026
9,Replace Fuel Filter,550.0,0.75,1,Sedan,13,191130.0,44.9,45.0,650.0,1,4,46.897
2,Brake Service,800.0,1.25,1,Sedan,15,198092.0,77.7,74.0,675.0,0,4,78.60300000000001
2,Brake Service,800.0,1.25,1,Sedan,15,185326.1,78.2,86.0,1075.0,1,4,82.04
14,Rotor Disc Refacing,3000.0,2.0,1,Sedan,15,215542.0,123.7,116.0,2700.0,1,4,125.92699999999999
2,Brake Service,800.0,1.25,1,SUV,25,314885.7,78.3,84.6,675.0,1,3,78.351
2,Brake Service,800.0,1.25,1,SUV,25,374631.1,71.5,74.6,525.0,1,3,74.32100000000005
12,Replace Suspension Bushing,1500.0,2.5,0,Crossover,3,38222.6,150.0,160.4,1700.0,0,0,166.8069999999998
13,Replace Tie Rod / Rack End,1000.0,1.5,1,Crossover,3,42182.3,90.4,89.1,1025.0,0,0,85.74300000000001
4,Wheel Alignment,800.0,1.0,1,Crossover,3,49701.4,60.3,58.0,1025.0,0,0,58.599
1,Change Oil,650.0,0.75,1,Crossover,17,217066.0,45.1,41.0,525.0,0,0,42.86400000000001
9,Replace Fuel Filter,550.0,0.75,1,Crossover,17,268302.7,43.1,49.4,650.0,1,0,47.905000000000015
4,Wheel Alignment,800.0,1.0,1,Crossover,17,259430.9,62.4,60.7,825.0,1,0,61.265999999999934
10,Replace Valve Cover Gasket,1400.0,1.75,0,SUV,18,287350.3,106.9,167.1,1375.0,1,3,175.4100000000002
6,Replace Fan Belt,800.0,1.0,1,SUV,18,226951.7,59.5,56.8,700.0,1,3,57.97300000000006
7,Aircon Cleaning & Freon Charge,2500.0,3.0,0,Crossover,2,23930.1,181.3,142.6,2600.0,0,0,156.98300000000012
2,Brake Service,800.0,1.25,1,Crossover,2,36587.2,76.9,85.8,775.0,0,0,82.1520000000001
10,Replace Valve Cover Gasket,1400.0,1.75,0,Van,1,10000.0,103.4,103.6,1425.0,0,5,108.12800000000011
6,Replace Fan Belt,800.0,1.0,1,Van,1,10000.0,62.2,56.8,975.0,0,5,57.38300000000004
12,Replace Suspension Bushing,1500.0,2.5,0,SUV,3,44522.1,152.3,192.7,2250.0,1,3,187.46900000000022
13,Replace Tie Rod / Rack End,1000.0,1.5,1,SUV,3,43736.1,85.6,77.2,925.0,0,3,81.74999999999994
4,Wheel Alignment,800.0,1.0,1,SUV,3,38467.4,61.7,66.3,850.0,0,3,63.71100000000004
2,Brake Service,800.0,1.25,1,Sedan,25,382625.6,76.8,70.9,750.0,1,4,77.07499999999993
2,Brake Service,800.0,1.25,1,Sedan,25,379717.0,75.5,72.9,700.0,1,4,73.78899999999993
1,Change Oil,650.0,0.75,1,SUV,25,331248.3,46.4,47.6,625.0,1,3,47.62600000000001
9,Replace Fuel Filter,550.0,0.75,1,SUV,25,372889.2,43.2,46.7,575.0,1,3,45.74599999999995
4,Wheel Alignment,800.0,1.0,1,SUV,25,388515.8,59.5,60.1,1000.0,1,3,58.23600000000003
1,Change Oil,650.0,0.75,1,Crossover,11,140937.9,46.2,54.2,650.0,1,0,52.93999999999995
9,Replace Fuel Filter,550.0,0.75,1,Crossover,11,135330.4,43.2,38.8,450.0,0,0,41.347000000000044
10,Replace Valve Cover Gasket,1400.0,1.75,0,Sedan,25,392825.3,101.4,199.7,2075.0,1,4,204.19900000000027
6,Replace Fan Belt,800.0,1.0,1,Sedan,25,298478.7,62.6,69.3,700.0,1,4,66.49700000000009
11,Down Clutch / Pulldown Transmission,3500.0,4.5,0,Sedan,11,160922.2,274.8,310.4,2950.0,1,4,332.89000000000044
2,Brake Service,800.0,1.25,1,SUV,1,13187.5,71.9,74.8,850.0,0,3,72.53000000000007
2,Brake Service,800.0,1.25,1,SUV,1,14725.8,73.4,73.1,975.0,0,3,75.1930000000001
4,Wheel Alignment,800.0,1.0,1,SUV,1,18447.7,62.4,61.9,1300.0,1,3,60.382999999999974
11,Down Clutch / Pulldown Transmission,3500.0,4.5,0,Crossover,7,93469.9,273.7,342.3,2900.0,0,0,386.5349999999997
1,Change Oil,650.0,0.75,1,Crossover,7,96621.5,44.8,44.7,700.0,0,0,45.00399999999997
7,Aircon Cleaning & Freon Charge,2500.0,3.0,0,Crossover,6,83182.4,184.1,246.4,2675.0,1,0,248.83900000000017
2,Brake Service,800.0,1.25,1,Crossover,6,90949.6,73.5,65.4,525.0,0,0,76.06000000000002
11,Down Clutch / Pulldown Transmission,3500.0,4.5,0,Sedan,21,289973.1,282.5,456.2,4275.0,1,4,463.4419999999998
1,Change Oil,650.0,0.75,1,Sedan,2,23956.8,43.2,43.4,775.0,0,4,43.15600000000001
9,Replace Fuel Filter,550.0,0.75,1,Sedan,2,32862.0,46.1,40.2,575.0,0,4,47.17899999999999
2,Brake Service,800.0,1.25,1,Hatchback,13,177518.3,71.6,66.8,800.0,1,1,69.24600000000007
2,Brake Service,800.0,1.25,1,Hatchback,13,175372.0,77.7,78.3,875.0,1,1,79.68100000000005
14,Rotor Disc Refacing,3000.0,2.0,1,Hatchback,13,190735.0,125.6,134.2,3350.0,1,1,133.32500000000013
1,Change Oil,650.0,0.75,1,Pickup,13,164032.6,45.8,49.2,650.0,1,2,47.681999999999924
9,Replace Fuel Filter,550.0,0.75,1,Pickup,13,162278.3,46.9,52.9,500.0,1,2,48.095000000000006
1,Change Oil,650.0,0.75,1,Sedan,21,272973.5,46.9,46.5,650.0,1,4,46.623999999999995
9,Replace Fuel Filter,550.0,0.75,1,Sedan,21,292490.7,43.1,44.3,450.0,1,4,43.96100000000005
1,Change Oil,650.0,0.75,1,Van,25,301191.2,45.6,48.2,600.0,1,5,46.33000000000003
9,Replace Fuel Filter,550.0,0.75,1,Van,25,359323.7,46.8,40.6,450.0,1,5,43.292
12,Replace Suspension Bushing,1500.0,2.5,0,Sedan,23,309476.7,151.2,270.7,1525.0,1,4,267.8920000000004
13,Replace Tie Rod / Rack End,1000.0,1.5,1,Sedan,23,286688.2,88.6,88.9,1050.0,1,4,89.63999999999987
4,Wheel Alignment,800.0,1.0,1,Sedan,23,291225.6,61.6,67.2,1050.0,1,4,65.87199999999996
7,Aircon Cleaning & Freon Charge,2500.0,3.0,0,Hatchback,16,204358.7,179.4,263.9,2100.0,1,1,260.4690000000002
2,Brake Service,800.0,1.25,1,Hatchback,16,203191.4,74.7,75.2,650.0,1,1,75.10199999999992
1,Change Oil,650.0,0.75,1,Van,1,21072.1,42.8,41.0,550.0,0,5,40.792999999999985
9,Replace Fuel Filter,550.0,0.75,1,Van,1,10513.3,42.9,39.2,425.0,0,5,40.004999999999946
2,Brake Service,800.0,1.25,1,Van,1,10212.1,77.3,78.5,2125.0,1,5,78.18600000000004
7,Aircon Cleaning & Freon Charge,2500.0,3.0,0,Pickup,18,253669.2,174.6,263.6,2300.0,1,2,248.7200000000004
2,Brake Service,800.0,1.25,1,Pickup,18,228370.3,78.1,71.2,700.0,1,2,73.44099999999995
1,Change Oil,650.0,0.75,1,Crossover,10,153006.5,43.7,51.6,800.0,1,0,49.852
9,Replace Fuel Filter,550.0,0.75,1,Crossover,10,121821.8,45.7,50.2,800.0,1,0,49.32799999999995
15,Top Overhaul,15000.0,14.0,0,Hatchback,1,10000.0,833.9,629.3,16125.0,0,1,744.8670000000011
1,Change Oil,650.0,0.75,1,Hatchback,1,16538.5,44.1,46.0,650.0,0,1,44.988
2,Brake Service,800.0,1.25,1,SUV,2,24994.6,75.5,73.8,975.0,0,3,73.2400000000001
2,Brake Service,800.0,1.25,1,SUV,2,32301.8,71.4,71.9,875.0,0,3,72.58299999999988
12,Replace Suspension Bushing,1500.0,2.5,0,Crossover,23,312195.3,154.8,294.3,925.0,1,0,292.6509999999997
13,Replace Tie Rod / Rack End,1000.0,1.5,1,Crossover,23,342445.8,94.1,78.0,1200.0,1,0,85.905
4,Wheel Alignment,800.0,1.0,1,Crossover,23,367088.2,58.8,66.6,1025.0,1,0,64.04900000000006
17,Replace Shock Absorbers,1500.0,2.0,1,Crossover,23,316901.2,121.2,122.4,1125.0,1,0,120.90399999999985
2,Brake Service,800.0,1.25,1,Sedan,21,298584.3,76.9,81.6,875.0,1,4,79.98500000000008
2,Brake Service,800.0,1.25,1,Sedan,21,252784.0,75.3,73.9,675.0,1,4,75.85999999999996
4,Wheel Alignment,800.0,1.0,1,Sedan,21,289192.8,57.9,55.4,925.0,1,4,56.14099999999997
2,Brake Service,800.0,1.25,1,Sedan,12,155072.8,75.6,81.0,1025.0,1,4,82.64000000000004
2,Brake Service,800.0,1.25,1,Sedan,12,163669.4,71.5,75.5,775.0,1,4,73.47099999999993
12,Replace Suspension Bushing,1500.0,2.5,0,Sedan,6,89960.8,148.2,167.6,1900.0,1,4,190.637
13,Replace Tie Rod / Rack End,1000.0,1.5,1,Sedan,6,83488.4,88.0,89.9,700.0,0,4,89.49299999999994
4,Wheel Alignment,800.0,1.0,1,Sedan,6,90913.0,57.5,64.6,925.0,1,4,57.74100000000007
17,Replace Shock Absorbers,1500.0,2.0,1,Sedan,6,90834.9,125.5,132.6,1550.0,0,4,128.88700000000006
2,Brake Service,800.0,1.25,1,SUV,25,344855.1,78.6,73.5,700.0,1,3,76.45400000000001
2,Brake Service,800.0,1.25,1,SUV,25,365366.6,75.6,69.0,775.0,1,3,72.60300000000002
12,Replace Suspension Bushing,1500.0,2.5,0,Sedan,25,382056.4,149.2,330.9,2550.0,1,4,305.0800000000004
13,Replace Tie Rod / Rack End,1000.0,1.5,1,Sedan,25,378529.7,91.3,103.7,1050.0,1,4,98.92099999999995
4,Wheel Alignment,800.0,1.0,1,Sedan,25,299701.5,59.9,61.5,1100.0,1,4,60.99399999999998
12,Replace Suspension Bushing,1500.0,2.5,0,Sedan,23,362837.4,149.9,273.9,2250.0,1,4,273.47600000000045
13,Replace Tie Rod / Rack End,1000.0,1.5,1,Sedan,23,305415.8,93.7,95.8,1025.0,1,4,90.34599999999995
4,Wheel Alignment,800.0,1.0,1,Sedan,23,343413.3,57.8,57.0,850.0,1,4,57.55500000000001
1,Change Oil,650.0,0.75,1,Sedan,12,164896.1,43.6,41.1,500.0,0,4,44.737999999999985
9,Replace Fuel Filter,550.0,0.75,1,Sedan,12,169879.8,45.0,47.0,600.0,1,4,46.424
11,Down Clutch / Pulldown Transmission,3500.0,4.5,0,Sedan,25,365977.7,276.4,569.8,2975.0,1,4,535.6390000000005
1,Change Oil,650.0,0.75,1,Sedan,21,289646.8,45.7,41.1,675.0,1,4,42.63499999999997
9,Replace Fuel Filter,550.0,0.75,1,Sedan,21,255388.9,46.9,45.0,500.0,1,4,45.534
7,Aircon Cleaning & Freon Charge,2500.0,3.0,0,SUV,18,244386.3,186.0,255.9,2275.0,1,3,256.6900000000003
12,Replace Suspension Bushing,1500.0,2.5,0,Crossover,11,130314.1,146.2,201.9,1975.0,1,0,199.7950000000001
13,Replace Tie Rod / Rack End,1000.0,1.5,1,Crossover,11,170632.4,89.2,91.5,750.0,0,0,89.35099999999997
4,Wheel Alignment,800.0,1.0,1,Crossover,11,177412.5,57.4,61.6,1025.0,1,0,58.60400000000006
17,Replace Shock Absorbers,1500.0,2.0,1,Crossover,11,168520.6,120.4,120.6,950.0,0,0,123.74400000000013
2,Brake Service,800.0,1.25,1,SUV,21,288403.6,73.3,77.1,900.0,1,3,78.34100000000005
2,Brake Service,800.0,1.25,1,SUV,21,276735.4,76.3,77.5,900.0,1,3,78.248
14,Rotor Disc Refacing,3000.0,2.0,1,SUV,21,320306.4,121.5,116.0,2900.0,1,3,117.49199999999999
2,Brake Service,800.0,1.25,1,SUV,13,201903.8,77.1,79.9,800.0,1,3,79.36299999999996
2,Brake Service,800.0,1.25,1,SUV,13,198237.5,72.9,86.5,900.0,1,3,79.30299999999997
1,Change Oil,650.0,0.75,1,Sedan,24,358268.9,47.1,46.8,825.0,1,4,48.210000000000015
9,Replace Fuel Filter,550.0,0.75,1,Sedan,24,368723.2,44.8,48.4,400.0,1,4,47.457
1,Change Oil,650.0,0.75,1,Sedan,25,373331.0,45.6,50.4,525.0,1,4,49.539999999999985
9,Replace Fuel Filter,550.0,0.75,1,Sedan,25,311373.3,44.8,42.6,525.0,1,4,42.76699999999996
4,Wheel Alignment,800.0,1.0,1,Sedan,25,354830.2,59.3,58.6,1325.0,1,4,58.886000000000024
7,Aircon Cleaning & Freon Charge,2500.0,3.0,0,Crossover,14,202551.1,184.9,279.8,2175.0,1,0,273.24499999999966
2,Brake Service,800.0,1.25,1,Crossover,14,181407.3,77.1,74.2,625.0,0,0,75.32999999999994
11,Down Clutch / Pulldown Transmission,3500.0,4.5,0,Van,9,143903.4,266.8,482.2,4125.0,1,5,428.48699999999985
8,Change ATF / Transmission Fluid Flush,650.0,0.75,1,Van,9,129479.3,45.0,47.5,675.0,1,5,47.49700000000001
1,Change Oil,650.0,0.75,1,Sedan,25,350880.1,46.2,43.6,600.0,1,4,45.07499999999999
9,Replace Fuel Filter,550.0,0.75,1,Sedan,25,348303.9,47.0,45.8,575.0,1,4,46.54900000000005
1,Change Oil,650.0,0.75,1,Van,23,313391.7,46.3,42.5,650.0,1,5,44.31400000000001
9,Replace Fuel Filter,550.0,0.75,1,Van,23,302201.8,43.4,48.4,550.0,1,5,47.95200000000002
11,Down Clutch / Pulldown Transmission,3500.0,4.5,0,Hatchback,22,334084.0,281.1,474.2,3750.0,1,1,465.23500000000007
8,Change ATF / Transmission Fluid Flush,650.0,0.75,1,Hatchback,22,350404.2,46.6,46.9,650.0,1,1,45.30000000000001
7,Aircon Cleaning & Freon Charge,2500.0,3.0,0,Van,9,119525.1,180.8,234.3,2450.0,1,5,239.66699999999983
2,Brake Service,800.0,1.25,1,Van,9,136368.5,76.2,85.5,650.0,0,5,82.24500000000002
1,Change Oil,650.0,0.75,1,Van,23,355870.4,45.1,49.1,775.0,1,5,47.85200000000002
9,Replace Fuel Filter,550.0,0.75,1,Van,23,296548.4,46.6,46.7,550.0,1,5,45.93899999999996
2,Brake Service,800.0,1.25,1,Crossover,21,327100.7,75.4,74.3,750.0,1,0,74.81200000000007
2,Brake Service,800.0,1.25,1,Crossover,21,271003.9,76.3,75.9,750.0,1,0,75.20999999999992
2,Brake Service,800.0,1.25,1,Sedan,10,133369.1,78.5,79.2,750.0,0,4,78.54399999999993
2,Brake Service,800.0,1.25,1,Sedan,10,143582.1,73.5,76.2,875.0,1,4,77.55099999999995
4,Wheel Alignment,800.0,1.0,1,Sedan,10,146654.6,57.3,60.0,900.0,1,4,58.87300000000001
1,Change Oil,650.0,0.75,1,Van,20,258178.8,45.2,46.5,500.0,1,5,45.662
9,Replace Fuel Filter,550.0,0.75,1,Van,20,311788.0,43.1,43.9,425.0,1,5,44.544000000000004
2,Brake Service,800.0,1.25,1,Sedan,20,260574.5,72.4,60.7,1150.0,1,4,65.20999999999994
2,Brake Service,800.0,1.25,1,Sedan,20,287828.4,74.5,79.4,875.0,1,4,79.08899999999993
12,Replace Suspension Bushing,1500.0,2.5,0,Hatchback,7,92014.9,155.0,227.8,1200.0,1,1,218.27299999999974
13,Replace Tie Rod / Rack End,1000.0,1.5,1,Hatchback,7,92443.2,90.2,84.9,700.0,0,1,86.59599999999989
4,Wheel Alignment,800.0,1.0,1,Hatchback,7,93720.9,57.2,55.0,1375.0,1,1,56.903999999999996
17,Replace Shock Absorbers,1500.0,2.0,1,Hatchback,7,108767.7,120.4,141.0,1525.0,1,1,135.24
1,Change Oil,650.0,0.75,1,Hatchback,12,144783.7,43.7,41.8,725.0,1,1,42.95600000000004
9,Replace Fuel Filter,550.0,0.75,1,Hatchback,12,169325.8,46.6,47.6,625.0,1,1,46.46100000000001
1,Change Oil,650.0,0.75,1,Hatchback,18,239409.0,43.0,46.8,600.0,1,1,44.26800000000002
9,Replace Fuel Filter,550.0,0.75,1,Hatchback,18,261693.0,44.5,45.0,550.0,1,1,45.32999999999999
1,Change Oil,650.0,0.75,1,Crossover,25,349738.7,44.8,52.3,600.0,1,0,49.77900000000008
9,Replace Fuel Filter,550.0,0.75,1,Crossover,25,393345.2,42.9,54.4,450.0,1,0,50.14999999999999
7,Aircon Cleaning & Freon Charge,2500.0,3.0,0,Crossover,17,220340.0,188.7,315.7,3275.0,1,0,300.3990000000003
1,Change Oil,650.0,0.75,1,Crossover,25,347412.6,46.6,38.9,650.0,1,0,43.43600000000004
9,Replace Fuel Filter,550.0,0.75,1,Crossover,25,351853.4,43.6,45.5,525.0,1,0,46.249
4,Wheel Alignment,800.0,1.0,1,Crossover,25,359620.3,60.6,50.0,1450.0,1,0,57.25900000000001
12,Replace Suspension Bushing,1500.0,2.5,0,Sedan,25,355040.9,149.0,325.1,1625.0,1,4,271.24300000000017
13,Replace Tie Rod / Rack End,1000.0,1.5,1,Sedan,25,328773.4,94.3,91.7,675.0,1,4,93.39499999999994
4,Wheel Alignment,800.0,1.0,1,Sedan,25,360307.5,61.9,54.4,1125.0,1,4,56.57099999999994
17,Replace Shock Absorbers,1500.0,2.0,1,Sedan,25,303273.3,124.7,116.2,1625.0,1,4,125.41399999999994
2,Brake Service,800.0,1.25,1,Pickup,3,40765.2,75.5,66.6,850.0,0,2,69.2270000000001
2,Brake Service,800.0,1.25,1,Pickup,3,42306.7,78.5,82.3,800.0,0,2,81.02000000000011
1,Change Oil,650.0,0.75,1,Sedan,7,96684.1,43.9,44.6,650.0,0,4,41.37200000000005
9,Replace Fuel Filter,550.0,0.75,1,Sedan,7,98177.3,43.6,45.3,525.0,0,4,44.54400000000006
1,Change Oil,650.0,0.75,1,SUV,6,80680.6,44.5,42.2,575.0,0,3,42.96499999999994
9,Replace Fuel Filter,550.0,0.75,1,SUV,6,77133.1,44.1,49.4,575.0,0,3,47.56700000000001
12,Replace Suspension Bushing,1500.0,2.5,0,Pickup,17,224444.6,145.4,229.2,1550.0,1,2,231.62100000000032
13,Replace Tie Rod / Rack End,1000.0,1.5,1,Pickup,17,218107.1,86.6,83.9,1475.0,1,2,88.30999999999995
4,Wheel Alignment,800.0,1.0,1,Pickup,17,216507.6,59.0,62.5,1100.0,1,2,61.559
7,Aircon Cleaning & Freon Charge,2500.0,3.0,0,Pickup,21,276966.5,173.1,224.2,3225.0,1,2,243.7800000000004
2,Brake Service,800.0,1.25,1,Pickup,21,277353.4,77.8,70.7,575.0,1,2,72.75999999999993
7,Aircon Cleaning & Freon Charge,2500.0,3.0,0,Sedan,9,118488.4,177.6,233.9,2950.0,1,4,225.40800000000024
2,Brake Service,800.0,1.25,1,Sedan,9,121430.0,77.5,86.4,650.0,0,4,83.26899999999989
1,Change Oil,650.0,0.75,1,Sedan,6,85652.2,42.9,43.9,675.0,0,4,44.23300000000002
9,Replace Fuel Filter,550.0,0.75,1,Sedan,6,83021.2,45.8,39.4,525.0,0,4,41.390000000000036
4,Wheel Alignment,800.0,1.0,1,Sedan,6,76030.9,60.0,69.2,1050.0,1,4,65.57699999999994
1,Change Oil,650.0,0.75,1,SUV,10,144334.3,45.4,45.9,600.0,0,3,46.104
9,Replace Fuel Filter,550.0,0.75,1,SUV,10,135270.7,45.3,48.5,525.0,0,3,47.60300000000001
4,Wheel Alignment,800.0,1.0,1,SUV,10,147542.7,57.8,59.7,1100.0,1,3,60.46699999999993
1,Change Oil,650.0,0.75,1,Pickup,25,395032.8,44.2,47.5,750.0,1,2,46.26799999999999
9,Replace Fuel Filter,550.0,0.75,1,Pickup,25,391634.1,42.9,44.6,575.0,1,2,45.849
4,Wheel Alignment,800.0,1.0,1,Pickup,25,380765.8,58.4,60.0,700.0,1,2,58.605000000000025
2,Brake Service,800.0,1.25,1,Pickup,20,289299.9,73.9,83.4,600.0,1,2,81.1329999999999
2,Brake Service,800.0,1.25,1,Pickup,20,287135.6,73.2,74.7,825.0,1,2,76.46299999999992
14,Rotor Disc Refacing,3000.0,2.0,1,Pickup,20,311352.2,123.5,115.1,2550.0,1,2,117.28400000000015
1,Change Oil,650.0,0.75,1,SUV,16,214690.0,43.0,44.3,800.0,1,3,44.44200000000005
9,Replace Fuel Filter,550.0,0.75,1,SUV,16,198284.0,46.3,49.8,475.0,1,3,48.53300000000006
2,Brake Service,800.0,1.25,1,SUV,16,244345.7,74.3,73.1,1875.0,1,3,73.52600000000011
2,Brake Service,800.0,1.25,1,Sedan,5,73456.6,72.7,93.0,1300.0,1,4,85.83099999999995
2,Brake Service,800.0,1.25,1,Sedan,5,80773.8,76.2,79.8,725.0,0,4,79.60900000000004
1,Change Oil,650.0,0.75,1,Crossover,14,202640.4,46.9,47.4,650.0,1,0,48.03799999999999
9,Replace Fuel Filter,550.0,0.75,1,Crossover,14,195294.1,46.1,53.1,775.0,1,0,51.89400000000001
4,Wheel Alignment,800.0,1.0,1,Crossover,14,223503.5,61.0,62.7,1225.0,1,0,61.309
1,Change Oil,650.0,0.75,1,Sedan,13,191533.6,46.0,44.0,800.0,1,4,44.891999999999996
9,Replace Fuel Filter,550.0,0.75,1,Sedan,13,171904.8,46.0,50.4,650.0,1,4,46.09000000000002
7,Aircon Cleaning & Freon Charge,2500.0,3.0,0,Van,24,307504.5,187.3,379.9,2575.0,1,5,364.7030000000003
12,Replace Suspension Bushing,1500.0,2.5,0,Sedan,7,92383.6,147.5,173.5,1725.0,1,4,182.16400000000002
13,Replace Tie Rod / Rack End,1000.0,1.5,1,Sedan,7,95732.5,89.1,88.6,725.0,0,4,90.2240000000001
4,Wheel Alignment,800.0,1.0,1,Sedan,7,97652.5,62.8,69.6,1100.0,1,4,66.8660000000001
17,Replace Shock Absorbers,1500.0,2.0,1,Sedan,7,96888.2,122.3,146.1,1725.0,1,4,136.99700000000018
7,Aircon Cleaning & Freon Charge,2500.0,3.0,0,Sedan,14,218548.1,187.2,280.5,2000.0,1,4,284.924
1,Change Oil,650.0,0.75,1,Sedan,25,359554.8,47.2,46.9,550.0,1,4,48.17099999999999
9,Replace Fuel Filter,550.0,0.75,1,Sedan,25,335765.3,43.0,43.7,500.0,1,4,43.375999999999955
15,Top Overhaul,15000.0,14.0,0,Sedan,6,80682.4,820.1,1111.7,11125.0,0,4,1000.7149999999996
2,Brake Service,800.0,1.25,1,Sedan,19,264709.4,73.6,70.9,950.0,1,4,75.82200000000005
2,Brake Service,800.0,1.25,1,Sedan,19,235158.6,77.3,83.9,625.0,1,4,81.9159999999999
12,Replace Suspension Bushing,1500.0,2.5,0,Crossover,6,92893.8,149.7,179.8,1125.0,0,0,185.1149999999997
13,Replace Tie Rod / Rack End,1000.0,1.5,1,Crossover,6,92027.6,90.0,82.1,1050.0,0,0,87.93099999999995
4,Wheel Alignment,800.0,1.0,1,Crossover,6,91433.7,62.2,69.3,925.0,1,0,61.417
2,Brake Service,800.0,1.25,1,Hatchback,25,362612.5,75.2,92.6,1225.0,1,1,86.13600000000008
2,Brake Service,800.0,1.25,1,Hatchback,25,382472.5,71.8,86.6,825.0,1,1,80.99800000000006
14,Rotor Disc Refacing,3000.0,2.0,1,Hatchback,25,344459.9,123.2,117.4,2000.0,1,1,120.85899999999997
11,Down Clutch / Pulldown Transmission,3500.0,4.5,0,Van,25,336515.9,258.5,462.7,3850.0,1,5,490.7460000000003
10,Replace Valve Cover Gasket,1400.0,1.75,0,Crossover,10,150887.3,106.9,181.3,950.0,1,0,168.57999999999979
6,Replace Fan Belt,800.0,1.0,1,Crossover,10,132363.5,63.0,68.0,650.0,0,0,64.59700000000002
10,Replace Valve Cover Gasket,1400.0,1.75,0,Sedan,7,89587.2,100.1,157.6,1525.0,1,4,117.28199999999991
6,Replace Fan Belt,800.0,1.0,1,Sedan,7,104976.8,57.2,52.4,575.0,0,4,54.43800000000001
1,Change Oil,650.0,0.75,1,Sedan,7,92464.5,47.0,48.9,650.0,0,4,48.808
1,Change Oil,650.0,0.75,1,Hatchback,22,319858.0,42.8,45.0,750.0,1,1,44.632999999999996
9,Replace Fuel Filter,550.0,0.75,1,Hatchback,22,272545.0,44.7,45.9,625.0,1,1,45.414000000000016
11,Down Clutch / Pulldown Transmission,3500.0,4.5,0,Sedan,10,137932.9,256.5,388.8,3725.0,1,4,414.4299999999998
8,Change ATF / Transmission Fluid Flush,650.0,0.75,1,Sedan,10,131994.6,43.1,40.1,775.0,1,4,40.61999999999995
2,Brake Service,800.0,1.25,1,Crossover,22,327679.9,74.7,69.2,975.0,1,0,73.2119999999999
2,Brake Service,800.0,1.25,1,Crossover,22,328198.5,76.2,80.7,850.0,1,0,77.90299999999995
7,Aircon Cleaning & Freon Charge,2500.0,3.0,0,Crossover,1,13042.4,175.4,168.1,2900.0,0,0,164.19200000000012
12,Replace Suspension Bushing,1500.0,2.5,0,SUV,25,394765.4,145.4,249.3,2375.0,1,3,256.12399999999974
13,Replace Tie Rod / Rack End,1000.0,1.5,1,SUV,25,343426.9,91.4,82.7,1250.0,1,3,87.10999999999993
4,Wheel Alignment,800.0,1.0,1,SUV,25,334140.8,61.3,71.7,900.0,1,3,67.39399999999995
12,Replace Suspension Bushing,1500.0,2.5,0,Hatchback,25,324112.0,147.5,273.8,1850.0,1,1,267.82499999999976
13,Replace Tie Rod / Rack End,1000.0,1.5,1,Hatchback,25,352743.4,85.8,87.4,1200.0,1,1,87.41599999999991
4,Wheel Alignment,800.0,1.0,1,Hatchback,25,341208.3,57.1,64.3,1000.0,1,1,59.65099999999998
1,Change Oil,650.0,0.75,1,Pickup,2,26330.1,45.7,43.8,825.0,0,2,46.85500000000001
9,Replace Fuel Filter,550.0,0.75,1,Pickup,2,20902.2,47.2,45.4,600.0,0,2,47.896
10,Replace Valve Cover Gasket,1400.0,1.75,0,Sedan,20,252912.3,108.7,181.4,1500.0,1,4,151.73300000000006
6,Replace Fan Belt,800.0,1.0,1,Sedan,20,260100.8,58.5,50.6,1400.0,1,4,53.10100000000005
2,Brake Service,800.0,1.25,1,Sedan,8,108550.8,76.7,85.2,750.0,0,4,81.90999999999994
2,Brake Service,800.0,1.25,1,Sedan,8,125578.3,75.5,68.9,600.0,0,4,73.11499999999992
4,Wheel Alignment,800.0,1.0,1,Sedan,8,121107.7,59.7,68.5,1100.0,1,4,62.95400000000001
7,Aircon Cleaning & Freon Charge,2500.0,3.0,0,Sedan,21,290476.1,181.2,289.4,3850.0,1,4,293.8980000000004
2,Brake Service,800.0,1.25,1,Sedan,21,296703.5,75.9,77.3,650.0,1,4,76.9850000000001
10,Replace Valve Cover Gasket,1400.0,1.75,0,Sedan,25,307023.5,102.9,208.7,2200.0,1,4,202.21300000000025
6,Replace Fan Belt,800.0,1.0,1,Sedan,25,331018.8,59.5,53.9,975.0,1,4,54.32599999999999
1,Change Oil,650.0,0.75,1,Sedan,25,311194.1,43.0,38.8,625.0,1,4,39.99200000000005
7,Aircon Cleaning & Freon Charge,2500.0,3.0,0,Sedan,25,394832.8,177.2,401.2,2925.0,1,4,367.4769999999999
11,Down Clutch / Pulldown Transmission,3500.0,4.5,0,Hatchback,14,204643.2,274.0,520.8,3050.0,1,1,481.8400000000004
7,Aircon Cleaning & Freon Charge,2500.0,3.0,0,SUV,3,43014.4,185.8,201.9,1925.0,0,3,220.74300000000005
1,Change Oil,650.0,0.75,1,Sedan,5,66534.1,43.4,49.2,550.0,0,4,47.79699999999993
9,Replace Fuel Filter,550.0,0.75,1,Sedan,5,70208.7,46.6,47.2,500.0,0,4,46.26099999999994
4,Wheel Alignment,800.0,1.0,1,Sedan,5,71658.0,60.5,58.2,900.0,0,4,59.92999999999992
12,Replace Suspension Bushing,1500.0,2.5,0,Sedan,10,147699.2,157.4,226.8,1950.0,1,4,223.44299999999967
13,Replace Tie Rod / Rack End,1000.0,1.5,1,Sedan,10,137189.8,93.4,102.9,975.0,1,4,101.35899999999985
4,Wheel Alignment,800.0,1.0,1,Sedan,10,117002.5,58.5,56.1,875.0,1,4,56.69400000000006
12,Replace Suspension Bushing,1500.0,2.5,0,Crossover,25,311718.7,152.2,258.4,1625.0,1,0,263.00100000000015
13,Replace Tie Rod / Rack End,1000.0,1.5,1,Crossover,25,315184.0,87.8,85.3,1125.0,1,0,83.89100000000008
4,Wheel Alignment,800.0,1.0,1,Crossover,25,387180.4,60.6,55.9,1200.0,1,0,58.96399999999995
17,Replace Shock Absorbers,1500.0,2.0,1,Crossover,25,313815.8,121.0,119.7,1300.0,1,0,119.73899999999995
11,Down Clutch / Pulldown Transmission,3500.0,4.5,0,Pickup,14,191689.9,280.8,405.0,2900.0,1,2,407.879
8,Change ATF / Transmission Fluid Flush,650.0,0.75,1,Pickup,14,179012.9,46.0,46.3,800.0,1,2,46.710000000000065
1,Change Oil,650.0,0.75,1,Pickup,2,27424.1,45.5,53.8,650.0,0,2,50.71100000000007
9,Replace Fuel Filter,550.0,0.75,1,Pickup,2,27606.6,42.9,42.5,725.0,0,2,42.53099999999999
1,Change Oil,650.0,0.75,1,Pickup,5,63669.6,45.4,46.0,775.0,0,2,46.505
9,Replace Fuel Filter,550.0,0.75,1,Pickup,5,85676.5,45.6,42.1,450.0,0,2,43.61099999999997
10,Replace Valve Cover Gasket,1400.0,1.75,0,Crossover,7,114655.4,107.4,121.4,1925.0,1,0,135.25999999999982
6,Replace Fan Belt,800.0,1.0,1,Crossover,7,93856.0,58.3,66.2,1075.0,1,0,59.018000000000036
12,Replace Suspension Bushing,1500.0,2.5,0,Sedan,5,76571.5,154.4,203.1,2700.0,1,4,202.99399999999997
13,Replace Tie Rod / Rack End,1000.0,1.5,1,Sedan,5,63130.7,88.3,87.6,1025.0,0,4,88.22100000000012
4,Wheel Alignment,800.0,1.0,1,Sedan,5,65109.7,62.5,65.3,925.0,0,4,63.57600000000005
17,Replace Shock Absorbers,1500.0,2.0,1,Sedan,5,69990.5,125.1,108.1,1100.0,0,4,115.22500000000012
11,Down Clutch / Pulldown Transmission,3500.0,4.5,0,Van,8,118555.0,275.2,467.9,3500.0,1,5,436.0790000000002
8,Change ATF / Transmission Fluid Flush,650.0,0.75,1,Van,8,106881.6,46.2,55.7,725.0,1,5,52.719999999999935
1,Change Oil,650.0,0.75,1,Van,2,34273.8,45.0,47.4,875.0,0,5,46.477
9,Replace Fuel Filter,550.0,0.75,1,Van,2,25275.1,44.6,43.6,625.0,0,5,44.34999999999997
2,Brake Service,800.0,1.25,1,Van,2,33674.7,73.9,67.8,1450.0,1,5,70.2260000000001
1,Change Oil,650.0,0.75,1,Crossover,20,254069.4,43.2,46.5,725.0,1,0,45.08700000000001
9,Replace Fuel Filter,550.0,0.75,1,Crossover,20,275367.1,47.2,46.5,775.0,1,0,47.831
2,Brake Service,800.0,1.25,1,Crossover,20,252258.0,71.5,72.1,2175.0,1,0,71.02000000000008
12,Replace Suspension Bushing,1500.0,2.5,0,Van,25,400037.8,154.5,240.0,1475.0,1,5,264.73299999999995
13,Replace Tie Rod / Rack End,1000.0,1.5,1,Van,25,324696.8,90.5,82.5,1350.0,1,5,84.376
4,Wheel Alignment,800.0,1.0,1,Van,25,392072.3,62.8,64.0,975.0,1,5,63.56400000000001
17,Replace Shock Absorbers,1500.0,2.0,1,Van,25,334175.4,120.8,104.1,1025.0,1,5,111.4820000000001
15,Top Overhaul,15000.0,14.0,0,Sedan,20,302534.3,868.0,1570.7,10375.0,1,4,1461.5129999999997
11,Down Clutch / Pulldown Transmission,3500.0,4.5,0,Van,20,286622.2,269.6,417.7,4500.0,1,5,433.93799999999976
8,Change ATF / Transmission Fluid Flush,650.0,0.75,1,Van,20,253475.8,45.8,48.2,650.0,1,5,47.782999999999944
12,Replace Suspension Bushing,1500.0,2.5,0,Crossover,9,129945.0,155.8,206.7,2550.0,1,0,219.4149999999998
13,Replace Tie Rod / Rack End,1000.0,1.5,1,Crossover,9,136780.1,90.3,90.3,925.0,0,0,88.74900000000007
4,Wheel Alignment,800.0,1.0,1,Crossover,9,134662.2,62.9,61.6,1150.0,1,0,62.091000000000065
2,Brake Service,800.0,1.25,1,Sedan,2,33266.3,72.7,84.1,1050.0,1,4,79.77200000000008
2,Brake Service,800.0,1.25,1,Sedan,2,31658.3,73.5,65.6,725.0,0,4,69.75500000000008
1,Change Oil,650.0,0.75,1,Hatchback,18,266787.8,43.5,38.0,850.0,1,1,44.552
9,Replace Fuel Filter,550.0,0.75,1,Hatchback,18,257814.4,45.7,45.3,575.0,1,1,47.59999999999998
1,Change Oil,650.0,0.75,1,SUV,25,380748.6,47.1,53.6,700.0,1,3,51.76000000000001
9,Replace Fuel Filter,550.0,0.75,1,SUV,25,306504.8,47.1,41.2,650.0,1,3,43.30899999999995
10,Replace Valve Cover Gasket,1400.0,1.75,0,Sedan,23,291210.8,106.5,200.1,1500.0,1,4,195.39499999999995
6,Replace Fan Belt,800.0,1.0,1,Sedan,23,276991.1,62.5,58.1,1000.0,1,4,60.08400000000003
2,Brake Service,800.0,1.25,1,SUV,2,33983.2,72.0,76.7,1100.0,1,3,75.46699999999993
2,Brake Service,800.0,1.25,1,SUV,2,27309.5,77.1,74.8,825.0,0,3,74.85500000000008
12,Replace Suspension Bushing,1500.0,2.5,0,Sedan,21,283331.7,143.3,231.4,2275.0,1,4,233.61300000000017
13,Replace Tie Rod / Rack End,1000.0,1.5,1,Sedan,21,273971.1,92.7,80.5,1200.0,1,4,85.86599999999997
4,Wheel Alignment,800.0,1.0,1,Sedan,21,304345.8,58.4,57.5,1175.0,1,4,56.89000000000001
12,Replace Suspension Bushing,1500.0,2.5,0,Sedan,8,127718.1,148.0,189.1,2450.0,1,4,190.158
13,Replace Tie Rod / Rack End,1000.0,1.5,1,Sedan,8,104414.9,88.9,98.8,850.0,0,4,95.31900000000003
4,Wheel Alignment,800.0,1.0,1,Sedan,8,107770.2,57.4,56.8,1025.0,1,4,56.571000000000105
2,Brake Service,800.0,1.25,1,Crossover,7,110138.9,76.2,74.3,875.0,0,0,77.71700000000001
2,Brake Service,800.0,1.25,1,Crossover,7,84609.4,72.4,76.9,775.0,0,0,70.41599999999993
1,Change Oil,650.0,0.75,1,Sedan,17,207328.5,44.5,55.6,650.0,1,4,52.820000000000036
9,Replace Fuel Filter,550.0,0.75,1,Sedan,17,224145.4,46.1,46.1,400.0,1,4,46.233999999999995
2,Brake Service,800.0,1.25,1,Sedan,17,217309.4,73.9,63.2,1500.0,1,4,74.207
2,Brake Service,800.0,1.25,1,SUV,19,240222.3,75.2,75.3,925.0,1,3,76.84500000000007
2,Brake Service,800.0,1.25,1,SUV,19,291243.5,72.0,83.9,725.0,1,3,79.66199999999989
12,Replace Suspension Bushing,1500.0,2.5,0,Crossover,25,382448.9,144.8,294.1,1900.0,1,0,282.75399999999956
13,Replace Tie Rod / Rack End,1000.0,1.5,1,Crossover,25,302795.4,88.5,82.4,1075.0,1,0,85.10499999999995
4,Wheel Alignment,800.0,1.0,1,Crossover,25,365958.9,61.8,68.3,850.0,1,0,64.40000000000006
17,Replace Shock Absorbers,1500.0,2.0,1,Crossover,25,332934.9,121.4,129.3,1400.0,1,0,125.03899999999987
12,Replace Suspension Bushing,1500.0,2.5,0,Hatchback,8,102323.0,142.7,157.9,1950.0,1,1,188.04999999999984
13,Replace Tie Rod / Rack End,1000.0,1.5,1,Hatchback,8,119616.2,88.6,94.6,1475.0,1,1,84.41900000000007
4,Wheel Alignment,800.0,1.0,1,Hatchback,8,121377.0,59.5,59.0,1300.0,1,1,59.459
11,Down Clutch / Pulldown Transmission,3500.0,4.5,0,Sedan,19,261190.6,280.1,511.9,4000.0,1,4,498.47600000000057
1,Change Oil,650.0,0.75,1,Hatchback,6,93071.7,42.8,43.7,525.0,0,1,43.11999999999995
9,Replace Fuel Filter,550.0,0.75,1,Hatchback,6,99278.3,43.1,46.0,475.0,0,1,44.54900000000001
11,Down Clutch / Pulldown Transmission,3500.0,4.5,0,Sedan,1,18395.8,273.9,270.5,4700.0,0,4,281.3299999999999
12,Replace Suspension Bushing,1500.0,2.5,0,Sedan,15,220313.7,143.1,207.2,2025.0,1,4,208.18000000000026
13,Replace Tie Rod / Rack End,1000.0,1.5,1,Sedan,15,200704.7,90.1,79.3,1000.0,1,4,83.88200000000006
4,Wheel Alignment,800.0,1.0,1,Sedan,15,184616.6,59.4,64.1,775.0,1,4,63.44500000000004
1,Change Oil,650.0,0.75,1,Crossover,11,171007.7,45.0,47.3,725.0,1,0,46.35600000000006
9,Replace Fuel Filter,550.0,0.75,1,Crossover,11,141803.2,43.0,43.4,600.0,1,0,44.604
4,Wheel Alignment,800.0,1.0,1,Crossover,11,177971.3,59.8,64.3,1275.0,1,0,61.55100000000006
1,Change Oil,650.0,0.75,1,Crossover,21,320071.8,46.3,49.8,550.0,1,0,48.31600000000005
9,Replace Fuel Filter,550.0,0.75,1,Crossover,21,293869.3,46.3,48.0,650.0,1,0,48.750000000000036
1,Change Oil,650.0,0.75,1,Crossover,25,319060.6,47.1,50.8,625.0,1,0,49.58500000000006
9,Replace Fuel Filter,550.0,0.75,1,Crossover,25,304364.7,45.7,47.2,575.0,1,0,46.966999999999935
2,Brake Service,800.0,1.25,1,Sedan,17,216541.7,73.4,71.0,700.0,1,4,71.974
2,Brake Service,800.0,1.25,1,Sedan,17,220345.5,72.2,72.1,975.0,1,4,75.74599999999998
4,Wheel Alignment,800.0,1.0,1,Sedan,17,244091.2,59.7,63.4,850.0,1,4,62.10499999999999
7,Aircon Cleaning & Freon Charge,2500.0,3.0,0,Crossover,10,121556.3,178.9,295.7,2525.0,1,0,268.8430000000002
2,Brake Service,800.0,1.25,1,Sedan,25,358119.4,72.5,76.3,825.0,1,4,74.53799999999995
2,Brake Service,800.0,1.25,1,Sedan,25,344037.9,72.5,79.2,825.0,1,4,76.14599999999993
2,Brake Service,800.0,1.25,1,Van,17,222929.6,78.6,86.3,600.0,1,5,83.99500000000008
2,Brake Service,800.0,1.25,1,Van,17,213011.5,71.9,77.3,775.0,1,5,72.35800000000003
15,Top Overhaul,15000.0,14.0,0,Sedan,12,173155.9,870.1,1261.7,15475.0,1,4,1262.7149999999986
16,Replace Spark Plugs,350.0,0.5,1,Sedan,12,191297.0,30.1,27.2,300.0,0,4,27.912999999999975
11,Down Clutch / Pulldown Transmission,3500.0,4.5,0,Sedan,14,166347.9,270.3,364.2,2375.0,1,4,350.67800000000005
1,Change Oil,650.0,0.75,1,Sedan,15,238392.4,44.8,47.0,525.0,1,4,46.67400000000001
9,Replace Fuel Filter,550.0,0.75,1,Sedan,15,222590.5,45.3,43.2,525.0,1,4,43.42999999999994
2,Brake Service,800.0,1.25,1,Sedan,15,177386.0,73.6,70.6,1825.0,1,4,71.50000000000009
15,Top Overhaul,15000.0,14.0,0,Crossover,3,41029.1,803.4,896.6,16175.0,0,0,928.3760000000008
16,Replace Spark Plugs,350.0,0.5,1,Crossover,3,39594.8,29.7,28.3,250.0,0,0,28.266
1,Change Oil,650.0,0.75,1,Hatchback,20,292732.7,43.6,46.6,650.0,1,1,45.667999999999985
9,Replace Fuel Filter,550.0,0.75,1,Hatchback,20,305221.0,46.3,44.5,400.0,1,1,46.559000000000005
2,Brake Service,800.0,1.25,1,Hatchback,20,296325.8,78.3,82.2,1100.0,1,1,80.53799999999994
10,Replace Valve Cover Gasket,1400.0,1.75,0,SUV,3,48022.4,103.2,136.5,1325.0,0,3,126.51800000000003
6,Replace Fan Belt,800.0,1.0,1,SUV,3,46231.9,59.6,51.9,900.0,0,3,59.06300000000003
2,Brake Service,800.0,1.25,1,Crossover,4,46105.9,73.4,67.5,1150.0,1,0,75.94899999999998
2,Brake Service,800.0,1.25,1,Crossover,4,66135.9,71.9,80.9,1075.0,1,0,79.5019999999999
4,Wheel Alignment,800.0,1.0,1,Crossover,4,58338.8,58.5,64.1,1300.0,1,0,62.313000000000045
11,Down Clutch / Pulldown Transmission,3500.0,4.5,0,Van,5,63510.0,262.8,346.9,3025.0,0,5,334.5360000000004
1,Change Oil,650.0,0.75,1,SUV,4,51253.1,47.0,48.0,650.0,0,3,48.178999999999995
9,Replace Fuel Filter,550.0,0.75,1,SUV,4,49831.6,44.7,41.6,525.0,0,3,43.49599999999999
2,Brake Service,800.0,1.25,1,Crossover,20,314772.1,76.7,76.8,1025.0,1,0,75.85900000000008
2,Brake Service,800.0,1.25,1,Crossover,20,258313.9,76.6,71.3,1050.0,1,0,73.37800000000007
1,Change Oil,650.0,0.75,1,Sedan,23,306629.6,46.9,52.3,650.0,1,4,49.997000000000064
9,Replace Fuel Filter,550.0,0.75,1,Sedan,23,318130.8,43.5,48.6,575.0,1,4,46.81499999999999
1,Change Oil,650.0,0.75,1,Crossover,20,242573.8,46.3,51.2,750.0,1,0,50.63299999999993
9,Replace Fuel Filter,550.0,0.75,1,Crossover,20,307998.9,45.3,47.0,650.0,1,0,46.045999999999985
2,Brake Service,800.0,1.25,1,Hatchback,11,143022.7,77.9,86.0,850.0,1,1,83.46
2,Brake Service,800.0,1.25,1,Hatchback,11,161542.0,77.3,72.3,1125.0,1,1,73.85500000000006
2,Brake Service,800.0,1.25,1,SUV,2,33548.7,74.1,70.8,600.0,0,3,70.76100000000008
2,Brake Service,800.0,1.25,1,SUV,2,27500.1,76.1,67.2,650.0,0,3,69.93199999999995
4,Wheel Alignment,800.0,1.0,1,SUV,2,25308.6,60.6,64.8,975.0,0,3,63.19400000000008
10,Replace Valve Cover Gasket,1400.0,1.75,0,Crossover,15,196898.3,106.6,163.7,1700.0,1,0,161.4880000000002
6,Replace Fan Belt,800.0,1.0,1,Crossover,15,219469.5,62.4,55.1,1025.0,1,0,56.43300000000002
11,Down Clutch / Pulldown Transmission,3500.0,4.5,0,Van,11,149340.4,264.2,406.4,3750.0,1,5,346.91700000000026
1,Change Oil,650.0,0.75,1,Sedan,12,151162.3,43.5,42.6,750.0,1,4,43.10599999999996
9,Replace Fuel Filter,550.0,0.75,1,Sedan,12,161948.2,46.7,46.9,425.0,0,4,46.39900000000001
2,Brake Service,800.0,1.25,1,Sedan,12,172932.0,77.0,91.3,2275.0,1,4,78.66600000000003
2,Brake Service,800.0,1.25,1,Hatchback,25,379859.5,74.3,77.2,675.0,1,1,77.94399999999992
2,Brake Service,800.0,1.25,1,Hatchback,25,356169.5,73.9,88.0,600.0,1,1,82.59300000000002
12,Replace Suspension Bushing,1500.0,2.5,0,Sedan,3,45304.3,155.4,177.6,1225.0,0,4,189.52700000000007
13,Replace Tie Rod / Rack End,1000.0,1.5,1,Sedan,3,44833.3,87.7,95.6,750.0,0,4,92.18500000000014
4,Wheel Alignment,800.0,1.0,1,Sedan,3,47860.8,63.0,63.0,1275.0,1,4,63.539000000000016
1,Change Oil,650.0,0.75,1,Sedan,19,307687.1,43.2,48.2,600.0,1,4,42.73300000000002
9,Replace Fuel Filter,550.0,0.75,1,Sedan,19,232408.9,44.0,43.4,725.0,1,4,43.20300000000004
11,Down Clutch / Pulldown Transmission,3500.0,4.5,0,Van,3,48005.9,262.5,303.6,3075.0,0,5,307.17299999999966
1,Change Oil,650.0,0.75,1,Van,3,44987.0,46.4,55.7,625.0,0,5,52.313999999999936
11,Down Clutch / Pulldown Transmission,3500.0,4.5,0,SUV,24,351762.0,268.0,442.1,3675.0,1,3,478.52500000000015
2,Brake Service,800.0,1.25,1,Pickup,15,213010.5,74.6,77.6,575.0,0,2,75.512
2,Brake Service,800.0,1.25,1,Pickup,15,190384.6,74.3,78.4,825.0,1,2,74.57699999999996
1,Change Oil,650.0,0.75,1,Sedan,3,41293.4,45.2,44.4,825.0,0,4,45.961000000000006
9,Replace Fuel Filter,550.0,0.75,1,Sedan,3,47203.5,44.6,45.5,625.0,0,4,45.37
4,Wheel Alignment,800.0,1.0,1,Sedan,3,44915.0,61.2,59.7,1150.0,1,4,60.38999999999991
12,Replace Suspension Bushing,1500.0,2.5,0,Sedan,10,159742.4,144.5,161.7,1725.0,1,4,177.8140000000002
13,Replace Tie Rod / Rack End,1000.0,1.5,1,Sedan,10,121634.5,86.8,90.6,1150.0,1,4,91.28899999999996
4,Wheel Alignment,800.0,1.0,1,Sedan,10,120873.5,61.8,64.9,900.0,1,4,65.01599999999993
17,Replace Shock Absorbers,1500.0,2.0,1,Sedan,10,136088.2,117.8,119.4,1600.0,1,4,116.41199999999985
1,Change Oil,650.0,0.75,1,Pickup,5,64325.4,45.7,55.5,725.0,1,2,44.180999999999976
9,Replace Fuel Filter,550.0,0.75,1,Pickup,5,81920.5,44.9,48.5,500.0,0,2,47.54600000000001
1,Change Oil,650.0,0.75,1,Sedan,14,213587.9,43.8,44.8,650.0,1,4,45.621000000000066
9,Replace Fuel Filter,550.0,0.75,1,Sedan,14,211208.6,43.1,46.9,575.0,1,4,45.53600000000002
4,Wheel Alignment,800.0,1.0,1,Sedan,14,187845.5,59.6,70.0,900.0,1,4,66.944
1,Change Oil,650.0,0.75,1,Sedan,24,374245.9,44.2,42.3,825.0,1,4,43.243000000000045
9,Replace Fuel Filter,550.0,0.75,1,Sedan,24,331553.4,46.0,42.0,400.0,1,4,44.056000000000004
2,Brake Service,800.0,1.25,1,Sedan,24,320866.3,72.6,69.0,1925.0,1,4,70.093
11,Down Clutch / Pulldown Transmission,3500.0,4.5,0,Crossover,5,69099.5,283.0,312.2,4525.0,1,0,329.5940000000003
8,Change ATF / Transmission Fluid Flush,650.0,0.75,1,Crossover,5,64476.3,45.4,40.5,600.0,0,0,42.38299999999998
11,Down Clutch / Pulldown Transmission,3500.0,4.5,0,Sedan,21,258245.4,270.1,406.2,4850.0,1,4,431.68399999999997
2,Brake Service,800.0,1.25,1,Sedan,21,270376.6,78.4,77.4,775.0,1,4,77.30299999999991
2,Brake Service,800.0,1.25,1,Sedan,21,277244.2,74.9,82.1,650.0,1,4,80.57600000000008
14,Rotor Disc Refacing,3000.0,2.0,1,Sedan,21,271262.4,123.5,123.3,3650.0,1,4,122.41899999999994
1,Change Oil,650.0,0.75,1,Crossover,20,251923.6,43.9,37.4,850.0,1,0,39.07500000000004
9,Replace Fuel Filter,550.0,0.75,1,Crossover,20,312461.4,47.1,50.8,625.0,1,0,47.57899999999999
2,Brake Service,800.0,1.25,1,Crossover,20,263977.7,77.7,85.9,1825.0,1,0,74.81300000000005
2,Brake Service,800.0,1.25,1,Hatchback,25,357777.2,75.0,74.0,800.0,1,1,81.74100000000007
2,Brake Service,800.0,1.25,1,Hatchback,25,373463.6,71.7,75.6,675.0,1,1,74.48900000000008
12,Replace Suspension Bushing,1500.0,2.5,0,Sedan,15,206483.0,144.6,195.0,1325.0,1,4,207.23499999999996
13,Replace Tie Rod / Rack End,1000.0,1.5,1,Sedan,15,213524.2,87.8,91.3,1100.0,1,4,91.51400000000001
4,Wheel Alignment,800.0,1.0,1,Sedan,15,227136.7,59.5,59.5,775.0,1,4,59.81300000000001
17,Replace Shock Absorbers,1500.0,2.0,1,Sedan,15,210111.8,118.2,132.9,1725.0,1,4,129.48599999999982
12,Replace Suspension Bushing,1500.0,2.5,0,Van,3,42678.3,151.2,159.9,1850.0,0,5,167.1359999999999
13,Replace Tie Rod / Rack End,1000.0,1.5,1,Van,3,44567.0,86.2,85.4,1450.0,1,5,90.52100000000004
4,Wheel Alignment,800.0,1.0,1,Van,3,43080.6,59.3,56.6,975.0,0,5,59.19500000000002
2,Brake Service,800.0,1.25,1,Sedan,6,86222.2,75.1,92.6,1000.0,1,4,88.41400000000013
2,Brake Service,800.0,1.25,1,Sedan,6,89723.8,75.6,74.5,675.0,0,4,74.31900000000002
14,Rotor Disc Refacing,3000.0,2.0,1,Sedan,6,88278.6,122.8,127.2,3450.0,0,4,124.84000000000016
12,Replace Suspension Bushing,1500.0,2.5,0,Sedan,7,91876.3,156.3,189.1,1625.0,1,4,195.22099999999998
13,Replace Tie Rod / Rack End,1000.0,1.5,1,Sedan,7,104578.9,86.6,101.6,1050.0,1,4,97.34500000000007
4,Wheel Alignment,800.0,1.0,1,Sedan,7,103783.1,62.2,59.9,925.0,0,4,60.01099999999997
12,Replace Suspension Bushing,1500.0,2.5,0,Sedan,23,331469.3,147.8,257.2,1700.0,1,4,273.542
13,Replace Tie Rod / Rack End,1000.0,1.5,1,Sedan,23,308154.0,90.8,89.0,1000.0,1,4,90.90800000000003
4,Wheel Alignment,800.0,1.0,1,Sedan,23,310943.6,61.1,66.9,850.0,1,4,62.22399999999999
12,Replace Suspension Bushing,1500.0,2.5,0,Sedan,24,314149.0,146.6,259.5,2250.0,1,4,271.67400000000004
13,Replace Tie Rod / Rack End,1000.0,1.5,1,Sedan,24,300631.3,90.7,97.7,950.0,1,4,95.77400000000003
4,Wheel Alignment,800.0,1.0,1,Sedan,24,367750.8,60.6,68.9,1125.0,1,4,59.195000000000064
17,Replace Shock Absorbers,1500.0,2.0,1,Sedan,24,350555.7,125.8,137.1,1650.0,1,4,134.45900000000017
15,Top Overhaul,15000.0,14.0,0,Crossover,19,292110.5,805.0,1666.5,12575.0,1,0,1579.5809999999992
11,Down Clutch / Pulldown Transmission,3500.0,4.5,0,SUV,6,92669.5,271.9,316.7,4475.0,1,3,379.4029999999999
2,Brake Service,800.0,1.25,1,Sedan,24,352825.2,72.4,83.2,700.0,1,4,71.89399999999999
2,Brake Service,800.0,1.25,1,Sedan,24,300366.8,78.6,71.6,675.0,1,4,74.48000000000006
4,Wheel Alignment,800.0,1.0,1,Sedan,24,308126.0,60.7,58.5,1125.0,1,4,59.22199999999999
11,Down Clutch / Pulldown Transmission,3500.0,4.5,0,Sedan,16,249246.7,265.0,308.0,4100.0,1,4,384.235
2,Brake Service,800.0,1.25,1,Crossover,14,223440.7,73.5,77.0,875.0,1,0,76.584
2,Brake Service,800.0,1.25,1,Crossover,14,218320.0,75.6,81.9,925.0,1,0,81.17199999999993
12,Replace Suspension Bushing,1500.0,2.5,0,Sedan,9,110534.3,147.6,230.1,1275.0,1,4,212.9329999999999
13,Replace Tie Rod / Rack End,1000.0,1.5,1,Sedan,9,141573.0,93.2,96.1,950.0,0,4,95.55400000000013
4,Wheel Alignment,800.0,1.0,1,Sedan,9,119370.7,60.3,66.3,1200.0,1,4,63.141000000000076
17,Replace Shock Absorbers,1500.0,2.0,1,Sedan,9,136933.5,114.8,119.3,1250.0,0,4,117.53999999999996
2,Brake Service,800.0,1.25,1,SUV,11,140134.5,74.5,64.5,1175.0,1,3,74.98100000000002
2,Brake Service,800.0,1.25,1,SUV,11,167068.1,73.7,79.5,950.0,1,3,72.33299999999998
2,Brake Service,800.0,1.25,1,Pickup,25,365939.1,71.3,67.4,750.0,1,2,68.6199999999999
2,Brake Service,800.0,1.25,1,Pickup,25,399894.8,75.7,72.5,575.0,1,2,74.33800000000001
1,Change Oil,650.0,0.75,1,Van,25,335233.9,44.1,40.5,650.0,1,5,43.017999999999994
9,Replace Fuel Filter,550.0,0.75,1,Van,25,394174.3,46.9,48.0,575.0,1,5,48.40700000000002
12,Replace Suspension Bushing,1500.0,2.5,0,Van,7,104966.1,152.0,161.9,1725.0,1,5,168.99899999999982
13,Replace Tie Rod / Rack End,1000.0,1.5,1,Van,7,101666.1,90.7,86.1,1075.0,0,5,87.37600000000008
4,Wheel Alignment,800.0,1.0,1,Van,7,82028.7,58.5,53.8,1050.0,1,5,56.388000000000055
17,Replace Shock Absorbers,1500.0,2.0,1,Van,7,109708.2,117.7,97.8,1475.0,0,5,104.90299999999996
7,Aircon Cleaning & Freon Charge,2500.0,3.0,0,Sedan,8,110546.6,188.9,187.1,2725.0,0,4,251.35899999999964
1,Change Oil,650.0,0.75,1,Hatchback,25,370751.7,46.5,54.0,500.0,1,1,52.102
9,Replace Fuel Filter,550.0,0.75,1,Hatchback,25,316744.9,46.1,45.3,675.0,1,1,46.522000000000034
12,Replace Suspension Bushing,1500.0,2.5,0,Hatchback,6,87279.9,146.4,172.6,2200.0,1,1,175.08500000000006
13,Replace Tie Rod / Rack End,1000.0,1.5,1,Hatchback,6,83960.6,94.1,106.0,900.0,0,1,101.30099999999995
4,Wheel Alignment,800.0,1.0,1,Hatchback,6,80661.3,58.9,62.9,850.0,0,1,61.611999999999945
17,Replace Shock Absorbers,1500.0,2.0,1,Hatchback,6,90587.8,116.6,122.8,1125.0,0,1,122.7109999999999
1,Change Oil,650.0,0.75,1,Sedan,15,205121.1,44.8,45.8,650.0,1,4,46.78300000000006
9,Replace Fuel Filter,550.0,0.75,1,Sedan,15,178543.3,46.7,45.9,550.0,1,4,45.992000000000004
4,Wheel Alignment,800.0,1.0,1,Sedan,15,210839.0,61.4,66.0,1500.0,1,4,66.266
12,Replace Suspension Bushing,1500.0,2.5,0,Crossover,16,235905.7,147.6,178.2,2075.0,1,0,199.1750000000002
13,Replace Tie Rod / Rack End,1000.0,1.5,1,Crossover,16,239597.8,86.7,90.3,1000.0,1,0,88.59399999999992
4,Wheel Alignment,800.0,1.0,1,Crossover,16,209414.5,59.6,60.7,950.0,1,0,60.82299999999992
15,Top Overhaul,15000.0,14.0,0,Sedan,17,253419.0,871.3,1322.2,19800.0,1,4,1335.4329999999982
12,Replace Suspension Bushing,1500.0,2.5,0,Sedan,14,220364.2,151.1,211.1,1650.0,1,4,231.23999999999992
13,Replace Tie Rod / Rack End,1000.0,1.5,1,Sedan,14,204865.7,88.1,92.1,1075.0,1,4,89.51400000000008
4,Wheel Alignment,800.0,1.0,1,Sedan,14,184794.6,62.7,76.5,1525.0,1,4,72.33700000000002
11,Down Clutch / Pulldown Transmission,3500.0,4.5,0,Hatchback,25,345339.9,269.3,506.3,3275.0,1,1,494.4910000000003
7,Aircon Cleaning & Freon Charge,2500.0,3.0,0,SUV,8,132216.5,187.0,318.4,2050.0,1,3,293.7740000000001
2,Brake Service,800.0,1.25,1,SUV,8,124750.5,78.5,91.2,700.0,0,3,85.43899999999991
12,Replace Suspension Bushing,1500.0,2.5,0,SUV,9,140910.7,146.2,202.2,2200.0,1,3,199.34500000000023
13,Replace Tie Rod / Rack End,1000.0,1.5,1,SUV,9,122763.9,90.5,83.1,1225.0,1,3,84.41800000000012
4,Wheel Alignment,800.0,1.0,1,SUV,9,128351.5,59.4,68.9,1000.0,1,3,66.18999999999994
17,Replace Shock Absorbers,1500.0,2.0,1,SUV,9,122414.4,118.9,131.8,1075.0,0,3,125.38600000000001
11,Down Clutch / Pulldown Transmission,3500.0,4.5,0,Sedan,24,341636.1,260.1,413.4,4150.0,1,4,500.5340000000005
1,Change Oil,650.0,0.75,1,Hatchback,21,269719.8,45.5,42.6,925.0,1,1,43.93799999999996
9,Replace Fuel Filter,550.0,0.75,1,Hatchback,21,331647.5,46.2,48.6,600.0,1,1,48.30300000000001
7,Aircon Cleaning & Freon Charge,2500.0,3.0,0,Van,16,250610.9,174.1,244.7,2550.0,1,5,239.99600000000032
2,Brake Service,800.0,1.25,1,Pickup,6,84622.1,71.5,71.9,925.0,0,2,70.49599999999992
2,Brake Service,800.0,1.25,1,Pickup,6,74811.1,77.2,78.0,1050.0,1,2,75.11199999999997
1,Change Oil,650.0,0.75,1,Van,20,274648.3,43.3,48.3,475.0,1,5,47.77700000000005
9,Replace Fuel Filter,550.0,0.75,1,Van,20,302141.6,42.8,46.1,650.0,1,5,45.257999999999996
4,Wheel Alignment,800.0,1.0,1,Van,20,316408.6,60.6,65.5,950.0,1,5,63.095
11,Down Clutch / Pulldown Transmission,3500.0,4.5,0,SUV,25,309123.0,275.0,528.3,4375.0,1,3,516.5360000000004
2,Brake Service,800.0,1.25,1,Crossover,25,398137.7,71.7,71.3,1150.0,1,0,78.72300000000004
2,Brake Service,800.0,1.25,1,Crossover,25,334921.0,78.1,80.8,675.0,1,0,79.3500000000001
15,Top Overhaul,15000.0,14.0,0,Sedan,16,224518.5,873.6,1349.4,17300.0,1,4,1334.2059999999976
11,Down Clutch / Pulldown Transmission,3500.0,4.5,0,Sedan,25,389021.6,276.4,459.3,3600.0,1,4,476.9960000000003
12,Replace Suspension Bushing,1500.0,2.5,0,Sedan,25,393696.7,153.5,282.0,1350.0,1,4,300.06899999999973
13,Replace Tie Rod / Rack End,1000.0,1.5,1,Sedan,25,311503.9,91.7,102.7,950.0,1,4,88.71299999999992
4,Wheel Alignment,800.0,1.0,1,Sedan,25,374014.7,60.0,61.1,1250.0,1,4,60.380000000000045
1,Change Oil,650.0,0.75,1,Sedan,5,66597.3,44.1,45.4,500.0,0,4,45.52
9,Replace Fuel Filter,550.0,0.75,1,Sedan,5,63924.7,46.2,42.9,475.0,0,4,43.88700000000003
12,Replace Suspension Bushing,1500.0,2.5,0,Hatchback,23,296626.5,144.4,270.3,925.0,1,1,267.16499999999974
13,Replace Tie Rod / Rack End,1000.0,1.5,1,Hatchback,23,342472.6,92.8,94.3,1200.0,1,1,87.20600000000006
4,Wheel Alignment,800.0,1.0,1,Hatchback,23,298670.6,58.7,60.9,850.0,1,1,59.94399999999994
17,Replace Shock Absorbers,1500.0,2.0,1,Hatchback,23,337015.1,122.6,112.8,1675.0,1,1,116.93999999999991
1,Change Oil,650.0,0.75,1,Sedan,3,37802.6,43.1,46.2,700.0,0,4,45.08099999999996
9,Replace Fuel Filter,550.0,0.75,1,Sedan,3,40803.8,46.6,50.2,800.0,1,4,46.64799999999997
2,Brake Service,800.0,1.25,1,Sedan,3,46096.9,72.9,91.5,1600.0,1,4,84.43200000000003
2,Brake Service,800.0,1.25,1,Sedan,22,313718.7,78.4,78.3,675.0,1,4,78.46500000000009
2,Brake Service,800.0,1.25,1,Sedan,22,313569.9,75.0,72.9,725.0,1,4,74.89699999999992
4,Wheel Alignment,800.0,1.0,1,Sedan,22,290725.5,58.0,53.2,1100.0,1,4,54.75599999999993
1,Change Oil,650.0,0.75,1,Sedan,17,231998.8,44.4,42.0,700.0,1,4,44.52
9,Replace Fuel Filter,550.0,0.75,1,Sedan,17,258549.8,45.7,43.4,675.0,1,4,43.934000000000026
1,Change Oil,650.0,0.75,1,Pickup,25,391478.4,44.7,42.9,575.0,1,2,43.940000000000026
9,Replace Fuel Filter,550.0,0.75,1,Pickup,25,339296.8,45.9,45.6,750.0,1,2,47.39900000000001
2,Brake Service,800.0,1.25,1,Pickup,25,371672.0,72.8,75.5,1600.0,1,2,74.61300000000001
12,Replace Suspension Bushing,1500.0,2.5,0,Sedan,1,14235.0,152.6,202.6,1650.0,1,4,191.39700000000008
13,Replace Tie Rod / Rack End,1000.0,1.5,1,Sedan,1,10804.8,94.5,100.7,825.0,0,4,97.80400000000002
4,Wheel Alignment,800.0,1.0,1,Sedan,1,20736.5,57.7,62.8,1275.0,1,4,61.82900000000007
17,Replace Shock Absorbers,1500.0,2.0,1,Sedan,1,10000.0,123.5,122.8,1625.0,0,4,128.7409999999999
12,Replace Suspension Bushing,1500.0,2.5,0,Sedan,24,373945.2,150.3,265.7,1900.0,1,4,279.7620000000003
13,Replace Tie Rod / Rack End,1000.0,1.5,1,Sedan,24,305326.5,90.0,101.8,1150.0,1,4,93.84200000000004
4,Wheel Alignment,800.0,1.0,1,Sedan,24,366527.6,61.7,67.0,900.0,1,4,58.30000000000002
17,Replace Shock Absorbers,1500.0,2.0,1,Sedan,24,333699.1,117.6,102.3,1850.0,1,4,107.55599999999995
1,Change Oil,650.0,0.75,1,Crossover,3,48814.2,46.9,46.8,675.0,0,0,47.55400000000006
9,Replace Fuel Filter,550.0,0.75,1,Crossover,3,49928.2,47.2,51.1,575.0,0,0,49.66700000000001
12,Replace Suspension Bushing,1500.0,2.5,0,Sedan,25,332908.5,142.6,241.0,900.0,1,4,249.23299999999995
13,Replace Tie Rod / Rack End,1000.0,1.5,1,Sedan,25,306187.0,88.1,77.2,1075.0,1,4,82.01799999999992
4,Wheel Alignment,800.0,1.0,1,Sedan,25,317006.7,58.4,53.0,1350.0,1,4,55.12600000000002
11,Down Clutch / Pulldown Transmission,3500.0,4.5,0,Sedan,25,347886.5,274.6,486.1,3375.0,1,4,496.5559999999997
1,Change Oil,650.0,0.75,1,Crossover,25,342701.6,45.4,47.0,500.0,1,0,46.83299999999999
9,Replace Fuel Filter,550.0,0.75,1,Crossover,25,358762.7,45.2,39.7,650.0,1,0,41.744999999999976
4,Wheel Alignment,800.0,1.0,1,Crossover,25,400011.4,58.7,58.8,1225.0,1,0,59.55299999999999
2,Brake Service,800.0,1.25,1,Van,19,296676.2,72.7,68.0,675.0,1,5,75.32799999999997
2,Brake Service,800.0,1.25,1,Van,19,249462.0,76.7,73.2,975.0,1,5,75.83399999999993
11,Down Clutch / Pulldown Transmission,3500.0,4.5,0,Crossover,9,109849.1,266.8,333.2,3875.0,1,0,354.01500000000027
1,Change Oil,650.0,0.75,1,Sedan,20,321954.7,44.2,43.2,600.0,1,4,43.81199999999994
9,Replace Fuel Filter,550.0,0.75,1,Sedan,20,287002.4,43.6,43.0,475.0,1,4,43.992999999999995
2,Brake Service,800.0,1.25,1,Sedan,20,276742.1,76.2,85.6,1800.0,1,4,83.2000000000001
10,Replace Valve Cover Gasket,1400.0,1.75,0,Van,21,258216.7,104.9,138.9,1075.0,1,5,151.65699999999993
6,Replace Fan Belt,800.0,1.0,1,Van,21,295031.6,62.3,61.8,1400.0,1,5,61.08400000000006
2,Brake Service,800.0,1.25,1,Van,21,257359.4,73.4,82.1,1275.0,1,5,79.80900000000011
2,Brake Service,800.0,1.25,1,Van,21,330645.8,71.3,72.9,575.0,1,5,71.7139999999999
10,Replace Valve Cover Gasket,1400.0,1.75,0,Sedan,1,11703.8,101.6,103.4,1500.0,0,4,106.72799999999987
6,Replace Fan Belt,800.0,1.0,1,Sedan,1,14541.3,62.7,64.4,775.0,0,4,63.54899999999994
1,Change Oil,650.0,0.75,1,Sedan,1,17183.0,46.9,45.3,575.0,0,4,47.160000000000046
11,Down Clutch / Pulldown Transmission,3500.0,4.5,0,SUV,21,262352.9,264.3,464.3,4425.0,1,3,449.9730000000002
8,Change ATF / Transmission Fluid Flush,650.0,0.75,1,SUV,21,292700.4,45.9,42.5,825.0,1,3,46.34799999999998
11,Down Clutch / Pulldown Transmission,3500.0,4.5,0,Pickup,16,226408.0,270.8,347.1,2900.0,1,2,478.63600000000025
1,Change Oil,650.0,0.75,1,Van,23,339364.6,45.8,46.4,625.0,1,5,47.33700000000002
9,Replace Fuel Filter,550.0,0.75,1,Van,23,354183.8,47.2,47.4,525.0,1,5,47.71099999999999
12,Replace Suspension Bushing,1500.0,2.5,0,Hatchback,3,46575.5,149.1,208.7,2800.0,1,1,194.20300000000026
13,Replace Tie Rod / Rack End,1000.0,1.5,1,Hatchback,3,39116.5,87.2,80.0,1450.0,0,1,84.36500000000004
4,Wheel Alignment,800.0,1.0,1,Hatchback,3,40972.5,57.6,61.6,900.0,0,1,59.77400000000004
17,Replace Shock Absorbers,1500.0,2.0,1,Hatchback,3,44689.5,122.8,138.9,2175.0,1,1,136.75699999999986
10,Replace Valve Cover Gasket,1400.0,1.75,0,Hatchback,12,180072.9,105.0,166.3,1200.0,1,1,163.29699999999985
6,Replace Fan Belt,800.0,1.0,1,Hatchback,12,179912.9,61.1,51.3,1075.0,1,1,54.294000000000054
1,Change Oil,650.0,0.75,1,Hatchback,12,163404.0,46.8,52.7,850.0,1,1,50.36699999999993
1,Change Oil,650.0,0.75,1,Sedan,25,336546.8,43.0,43.4,775.0,1,4,42.98800000000003
9,Replace Fuel Filter,550.0,0.75,1,Sedan,25,338057.0,46.1,48.4,450.0,1,4,46.647999999999996
2,Brake Service,800.0,1.25,1,Sedan,18,223146.3,78.3,76.7,925.0,1,4,78.82499999999995
2,Brake Service,800.0,1.25,1,Sedan,18,244896.0,77.2,72.0,700.0,1,4,74.94500000000001
12,Replace Suspension Bushing,1500.0,2.5,0,Sedan,18,269367.0,146.4,238.3,1275.0,1,4,245.79700000000014
13,Replace Tie Rod / Rack End,1000.0,1.5,1,Sedan,18,238849.1,89.1,99.4,1300.0,1,4,95.18699999999988
4,Wheel Alignment,800.0,1.0,1,Sedan,18,276011.3,58.2,63.5,1000.0,1,4,62.167
11,Down Clutch / Pulldown Transmission,3500.0,4.5,0,Sedan,23,305401.2,259.3,482.6,3950.0,1,4,459.3060000000002
1,Change Oil,650.0,0.75,1,Sedan,23,339928.6,44.7,45.0,775.0,1,4,45.54600000000001
10,Replace Valve Cover Gasket,1400.0,1.75,0,Crossover,19,284385.6,103.2,190.4,1450.0,1,0,183.68000000000006
6,Replace Fan Belt,800.0,1.0,1,Crossover,19,231627.4,57.9,56.1,975.0,1,0,60.425
11,Down Clutch / Pulldown Transmission,3500.0,4.5,0,Crossover,2,28038.8,261.9,281.3,3550.0,0,0,289.9779999999997
8,Change ATF / Transmission Fluid Flush,650.0,0.75,1,Crossover,2,29382.4,44.2,43.9,725.0,0,0,44.677000000000014
15,Top Overhaul,15000.0,14.0,0,Crossover,7,107994.5,842.6,892.9,18700.0,1,0,922.497999999999
2,Brake Service,800.0,1.25,1,SUV,9,115448.5,73.1,75.2,825.0,0,3,73.04200000000003
2,Brake Service,800.0,1.25,1,SUV,9,135541.1,72.7,80.6,925.0,1,3,78.54900000000009
14,Rotor Disc Refacing,3000.0,2.0,1,SUV,9,126483.7,117.2,126.2,4000.0,1,3,124.18700000000017
7,Aircon Cleaning & Freon Charge,2500.0,3.0,0,Hatchback,13,197617.0,183.6,235.7,2375.0,1,1,246.54500000000024
2,Brake Service,800.0,1.25,1,SUV,25,342354.5,78.4,80.1,725.0,1,3,78.15500000000009
2,Brake Service,800.0,1.25,1,SUV,25,334500.0,71.4,78.2,1025.0,1,3,76.8219999999999
14,Rotor Disc Refacing,3000.0,2.0,1,SUV,25,356251.7,117.4,111.5,2275.0,1,3,114.98099999999998
1,Change Oil,650.0,0.75,1,Pickup,16,253050.3,44.7,49.5,825.0,1,2,47.78
9,Replace Fuel Filter,550.0,0.75,1,Pickup,16,221498.2,43.8,45.4,550.0,1,2,45.299000000000014
4,Wheel Alignment,800.0,1.0,1,Pickup,16,248927.7,58.3,63.6,825.0,1,2,62.36500000000004
2,Brake Service,800.0,1.25,1,Sedan,24,318470.2,71.3,61.0,775.0,1,4,64.67099999999996
2,Brake Service,800.0,1.25,1,Sedan,24,338715.9,77.7,74.0,775.0,1,4,77.26899999999999
14,Rotor Disc Refacing,3000.0,2.0,1,Sedan,24,335633.6,116.6,111.7,4000.0,1,4,111.389
2,Brake Service,800.0,1.25,1,Sedan,15,228118.8,74.7,82.1,1000.0,1,4,78.84300000000012
2,Brake Service,800.0,1.25,1,Sedan,15,195856.8,77.4,75.5,725.0,1,4,78.39099999999999
4,Wheel Alignment,800.0,1.0,1,Sedan,15,184338.6,61.5,70.1,1000.0,1,4,68.71200000000006
11,Down Clutch / Pulldown Transmission,3500.0,4.5,0,SUV,1,17845.0,275.0,249.5,5425.0,0,3,270.24199999999996
8,Change ATF / Transmission Fluid Flush,650.0,0.75,1,SUV,1,20053.8,44.1,42.3,650.0,0,3,42.82400000000005
11,Down Clutch / Pulldown Transmission,3500.0,4.5,0,Van,10,144664.4,262.5,321.7,3275.0,1,5,354.8390000000001
8,Change ATF / Transmission Fluid Flush,650.0,0.75,1,Van,10,157233.2,45.3,45.3,750.0,1,5,47.608000000000004
1,Change Oil,650.0,0.75,1,SUV,20,295616.0,47.2,50.2,625.0,1,3,46.79399999999997
9,Replace Fuel Filter,550.0,0.75,1,SUV,20,264387.2,44.6,44.9,700.0,1,3,44.71700000000001
7,Aircon Cleaning & Freon Charge,2500.0,3.0,0,Crossover,1,22087.2,178.2,148.4,3450.0,0,0,155.0089999999999
2,Brake Service,800.0,1.25,1,Crossover,1,17614.5,78.3,89.5,650.0,0,0,78.21799999999996
2,Brake Service,800.0,1.25,1,Crossover,2,22458.7,75.0,74.4,550.0,0,0,75.18000000000002
2,Brake Service,800.0,1.25,1,Crossover,2,27798.8,75.5,78.3,975.0,0,0,77.40200000000009
7,Aircon Cleaning & Freon Charge,2500.0,3.0,0,Sedan,9,130025.1,185.1,239.8,2950.0,1,4,250.70399999999972
2,Brake Service,800.0,1.25,1,Sedan,9,134607.7,77.2,83.3,850.0,1,4,78.23700000000002
12,Replace Suspension Bushing,1500.0,2.5,0,Crossover,2,33827.7,144.2,150.8,2100.0,1,0,159.62699999999975
13,Replace Tie Rod / Rack End,1000.0,1.5,1,Crossover,2,37660.8,91.8,86.6,950.0,0,0,89.53900000000007
4,Wheel Alignment,800.0,1.0,1,Crossover,2,26504.3,60.8,65.9,1275.0,1,0,64.19499999999998
17,Replace Shock Absorbers,1500.0,2.0,1,Crossover,2,27009.1,123.5,151.6,1450.0,0,0,142.05400000000003
2,Brake Service,800.0,1.25,1,SUV,25,380710.1,74.3,80.7,725.0,1,3,78.12699999999997
2,Brake Service,800.0,1.25,1,SUV,25,387268.4,78.7,86.8,1100.0,1,3,84.67000000000007
12,Replace Suspension Bushing,1500.0,2.5,0,Van,25,311828.5,155.2,321.1,1500.0,1,5,309.8959999999998
13,Replace Tie Rod / Rack End,1000.0,1.5,1,Van,25,353774.7,94.3,97.0,1075.0,1,5,95.42499999999997
4,Wheel Alignment,800.0,1.0,1,Van,25,387560.9,57.5,49.9,1250.0,1,5,51.620999999999995
2,Brake Service,800.0,1.25,1,Van,24,308911.9,75.2,68.6,775.0,1,5,79.9320000000001
2,Brake Service,800.0,1.25,1,Van,24,372706.2,73.4,64.8,1150.0,1,5,69.81500000000008
12,Replace Suspension Bushing,1500.0,2.5,0,Sedan,8,105504.0,143.8,186.6,1825.0,1,4,185.875
13,Replace Tie Rod / Rack End,1000.0,1.5,1,Sedan,8,121273.8,89.3,77.0,1100.0,0,4,81.15400000000004
4,Wheel Alignment,800.0,1.0,1,Sedan,8,121670.4,61.0,62.8,1200.0,1,4,63.216000000000086
12,Replace Suspension Bushing,1500.0,2.5,0,Hatchback,17,215361.8,153.3,272.9,2900.0,1,1,261.9790000000003
13,Replace Tie Rod / Rack End,1000.0,1.5,1,Hatchback,17,215147.3,91.6,93.0,750.0,1,1,92.676
4,Wheel Alignment,800.0,1.0,1,Hatchback,17,216376.6,62.5,69.2,1025.0,1,1,66.5549999999999
17,Replace Shock Absorbers,1500.0,2.0,1,Hatchback,17,201207.1,114.4,122.6,1775.0,1,1,123.02200000000019
7,Aircon Cleaning & Freon Charge,2500.0,3.0,0,SUV,7,89598.0,179.1,177.9,2375.0,0,3,239.72099999999992
2,Brake Service,800.0,1.25,1,Sedan,12,188619.7,75.9,72.0,1000.0,1,4,74.47100000000002
2,Brake Service,800.0,1.25,1,Sedan,12,173354.5,77.5,77.7,775.0,1,4,78.95999999999992
4,Wheel Alignment,800.0,1.0,1,Sedan,12,143095.5,57.7,68.1,925.0,1,4,64.99000000000005
1,Change Oil,650.0,0.75,1,Sedan,20,314700.2,47.0,43.2,950.0,1,4,44.42199999999997
9,Replace Fuel Filter,550.0,0.75,1,Sedan,20,259581.6,44.0,34.8,450.0,1,4,38.47300000000005
4,Wheel Alignment,800.0,1.0,1,Sedan,20,284739.6,59.3,57.2,925.0,1,4,58.527999999999935
11,Down Clutch / Pulldown Transmission,3500.0,4.5,0,Hatchback,12,165418.2,276.9,344.0,4725.0,1,1,357.1079999999999
8,Change ATF / Transmission Fluid Flush,650.0,0.75,1,Hatchback,12,174647.1,44.9,44.0,800.0,1,1,44.938
2,Brake Service,800.0,1.25,1,Sedan,17,246752.6,72.1,70.2,825.0,1,4,69.81099999999994
2,Brake Service,800.0,1.25,1,Sedan,17,216219.7,78.4,79.4,575.0,1,4,78.82299999999992
1,Change Oil,650.0,0.75,1,Hatchback,8,103269.3,46.5,48.0,675.0,0,1,47.977999999999994
9,Replace Fuel Filter,550.0,0.75,1,Hatchback,8,110168.2,44.2,38.4,575.0,0,1,40.90000000000005
7,Aircon Cleaning & Freon Charge,2500.0,3.0,0,Sedan,19,245732.0,185.7,244.7,2450.0,1,4,257.2140000000003
1,Change Oil,650.0,0.75,1,Pickup,9,130603.6,43.3,43.7,725.0,1,2,43.96899999999995
9,Replace Fuel Filter,550.0,0.75,1,Pickup,9,115674.4,44.2,46.5,475.0,0,2,44.81500000000002
1,Change Oil,650.0,0.75,1,SUV,18,256571.1,42.9,48.1,575.0,1,3,46.56399999999999
9,Replace Fuel Filter,550.0,0.75,1,SUV,18,277202.0,46.0,46.1,450.0,1,3,46.37599999999998
12,Replace Suspension Bushing,1500.0,2.5,0,Crossover,13,177349.9,142.6,201.7,2100.0,1,0,204.10700000000023
13,Replace Tie Rod / Rack End,1000.0,1.5,1,Crossover,13,166832.6,85.8,82.8,1225.0,1,0,83.87900000000008
4,Wheel Alignment,800.0,1.0,1,Crossover,13,210042.3,60.9,63.6,1400.0,1,0,60.55199999999999
1,Change Oil,650.0,0.75,1,Van,19,260821.2,44.1,41.8,600.0,1,5,42.33200000000004
9,Replace Fuel Filter,550.0,0.75,1,Van,19,294898.6,43.8,50.0,500.0,1,5,48.083999999999996
11,Down Clutch / Pulldown Transmission,3500.0,4.5,0,Van,22,316520.7,256.5,443.1,3750.0,1,5,442.92599999999953
2,Brake Service,800.0,1.25,1,Crossover,3,47173.2,75.2,60.5,1275.0,0,0,77.12600000000006
2,Brake Service,800.0,1.25,1,Crossover,3,47150.3,73.6,66.6,675.0,0,0,76.07499999999999
2,Brake Service,800.0,1.25,1,Hatchback,5,66462.5,76.4,78.1,1075.0,1,1,77.74400000000009
2,Brake Service,800.0,1.25,1,Hatchback,5,85053.5,77.3,70.1,900.0,0,1,70.48600000000009
14,Rotor Disc Refacing,3000.0,2.0,1,Hatchback,5,78222.7,116.4,112.5,3575.0,0,1,115.65700000000007
1,Change Oil,650.0,0.75,1,Sedan,19,305015.2,45.3,46.1,675.0,1,4,45.86899999999998
9,Replace Fuel Filter,550.0,0.75,1,Sedan,19,233396.9,46.0,52.4,525.0,1,4,47.32800000000001
4,Wheel Alignment,800.0,1.0,1,Sedan,19,243128.7,58.0,63.9,875.0,1,4,63.10599999999994
12,Replace Suspension Bushing,1500.0,2.5,0,SUV,16,244963.1,151.3,212.4,2475.0,1,3,233.3310000000001
13,Replace Tie Rod / Rack End,1000.0,1.5,1,SUV,16,210398.3,91.1,85.7,975.0,1,3,88.87999999999994
4,Wheel Alignment,800.0,1.0,1,SUV,16,210371.5,58.9,57.6,825.0,1,3,58.662000000000035
7,Aircon Cleaning & Freon Charge,2500.0,3.0,0,Sedan,23,283446.4,179.9,329.7,3025.0,1,4,314.74000000000046
2,Brake Service,800.0,1.25,1,Sedan,25,314226.7,71.4,75.5,925.0,1,4,73.93199999999997
2,Brake Service,800.0,1.25,1,Sedan,25,367801.7,77.4,86.4,900.0,1,4,84.2089999999999
1,Change Oil,650.0,0.75,1,Sedan,16,234311.2,47.2,50.4,550.0,1,4,49.13799999999999
9,Replace Fuel Filter,550.0,0.75,1,Sedan,16,216973.4,42.8,44.8,425.0,1,4,44.331000000000046
1,Change Oil,650.0,0.75,1,Sedan,6,87806.5,42.9,46.5,500.0,0,4,45.153999999999996
9,Replace Fuel Filter,550.0,0.75,1,Sedan,6,84666.2,46.3,47.6,600.0,0,4,46.812999999999995
1,Change Oil,650.0,0.75,1,Van,4,61815.1,46.7,44.6,575.0,0,5,46.27299999999995
9,Replace Fuel Filter,550.0,0.75,1,Van,4,54192.5,44.6,42.9,625.0,0,5,43.75900000000002
2,Brake Service,800.0,1.25,1,Van,4,68263.3,75.4,73.8,2450.0,1,5,75.28300000000009
10,Replace Valve Cover Gasket,1400.0,1.75,0,Pickup,10,142567.9,101.1,107.4,1125.0,0,2,139.68500000000006
6,Replace Fan Belt,800.0,1.0,1,Pickup,10,140875.2,60.1,61.5,900.0,1,2,60.961999999999996
1,Change Oil,650.0,0.75,1,Pickup,10,127093.1,43.0,42.4,650.0,0,2,42.81899999999998
2,Brake Service,800.0,1.25,1,SUV,9,135017.9,76.3,63.6,625.0,0,3,70.77200000000006
2,Brake Service,800.0,1.25,1,SUV,9,124855.2,75.0,75.3,700.0,0,3,75.23300000000012
14,Rotor Disc Refacing,3000.0,2.0,1,SUV,9,129610.4,114.2,114.1,3825.0,1,3,115.37700000000015
2,Brake Service,800.0,1.25,1,SUV,12,192932.1,77.0,74.7,725.0,0,3,76.69799999999992
2,Brake Service,800.0,1.25,1,SUV,12,166258.2,73.5,69.6,775.0,0,3,74.29799999999996
10,Replace Valve Cover Gasket,1400.0,1.75,0,Crossover,6,82175.6,101.5,129.9,1475.0,1,0,125.30199999999988
6,Replace Fan Belt,800.0,1.0,1,Crossover,6,94729.4,57.7,62.8,1000.0,1,0,61.42900000000008
12,Replace Suspension Bushing,1500.0,2.5,0,Sedan,25,381498.9,147.2,249.2,1275.0,1,4,268.7580000000003
13,Replace Tie Rod / Rack End,1000.0,1.5,1,Sedan,25,372320.8,94.2,109.7,1175.0,1,4,95.62399999999992
4,Wheel Alignment,800.0,1.0,1,Sedan,25,376559.4,58.6,50.1,1250.0,1,4,57.25700000000002
7,Aircon Cleaning & Freon Charge,2500.0,3.0,0,Sedan,25,387210.0,185.4,391.3,3250.0,1,4,381.63599999999985
1,Change Oil,650.0,0.75,1,Crossover,19,259091.6,44.0,39.7,550.0,1,0,41.197999999999965
9,Replace Fuel Filter,550.0,0.75,1,Crossover,19,263276.3,44.0,47.2,650.0,1,0,45.73099999999995
1,Change Oil,650.0,0.75,1,Sedan,24,291772.0,45.0,50.1,800.0,1,4,44.38700000000001
9,Replace Fuel Filter,550.0,0.75,1,Sedan,24,359482.0,46.5,47.3,525.0,1,4,46.88100000000006
2,Brake Service,800.0,1.25,1,Sedan,24,325235.4,74.6,69.2,1450.0,1,4,71.08699999999995
12,Replace Suspension Bushing,1500.0,2.5,0,Sedan,21,330410.2,156.3,335.4,1450.0,1,4,316.7020000000004
13,Replace Tie Rod / Rack End,1000.0,1.5,1,Sedan,21,321421.4,89.4,78.6,700.0,1,4,81.3290000000001
4,Wheel Alignment,800.0,1.0,1,Sedan,21,335520.6,57.7,58.1,1000.0,1,4,58.064000000000014
17,Replace Shock Absorbers,1500.0,2.0,1,Sedan,21,263335.4,115.7,115.9,950.0,1,4,115.17899999999985
11,Down Clutch / Pulldown Transmission,3500.0,4.5,0,Crossover,9,123200.9,269.6,345.4,4850.0,1,0,362.2410000000003
8,Change ATF / Transmission Fluid Flush,650.0,0.75,1,Crossover,9,145288.6,46.4,50.6,575.0,0,0,50.249000000000024
11,Down Clutch / Pulldown Transmission,3500.0,4.5,0,Hatchback,25,388867.4,281.0,525.3,3175.0,1,1,477.4460000000002
1,Change Oil,650.0,0.75,1,Sedan,16,227267.5,43.8,41.5,625.0,1,4,44.43800000000002
9,Replace Fuel Filter,550.0,0.75,1,Sedan,16,225674.1,47.1,46.2,475.0,1,4,46.394999999999946
4,Wheel Alignment,800.0,1.0,1,Sedan,16,208282.3,62.2,66.6,1200.0,1,4,65.76500000000006
12,Replace Suspension Bushing,1500.0,2.5,0,Crossover,3,41089.9,145.0,152.0,1650.0,0,0,162.36299999999991
13,Replace Tie Rod / Rack End,1000.0,1.5,1,Crossover,3,40560.7,93.2,96.4,1000.0,0,0,94.24599999999997
4,Wheel Alignment,800.0,1.0,1,Crossover,3,41867.1,62.4,61.1,700.0,0,0,60.77200000000003
17,Replace Shock Absorbers,1500.0,2.0,1,Crossover,3,48902.0,119.9,139.0,1200.0,0,0,134.039
7,Aircon Cleaning & Freon Charge,2500.0,3.0,0,SUV,14,179659.9,178.8,244.3,2750.0,1,3,247.36699999999982
2,Brake Service,800.0,1.25,1,SUV,14,209933.3,77.9,76.5,675.0,0,3,77.37500000000001
2,Brake Service,800.0,1.25,1,Sedan,25,363037.0,74.0,75.5,1100.0,1,4,76.62300000000003
2,Brake Service,800.0,1.25,1,Sedan,25,354446.1,75.0,76.8,750.0,1,4,76.33600000000007
1,Change Oil,650.0,0.75,1,Sedan,17,264452.3,46.3,43.5,575.0,1,4,43.301
9,Replace Fuel Filter,550.0,0.75,1,Sedan,17,269236.5,43.6,44.8,675.0,1,4,44.71100000000005
2,Brake Service,800.0,1.25,1,SUV,20,293801.9,71.6,73.2,925.0,1,3,73.17099999999989
2,Brake Service,800.0,1.25,1,SUV,20,293351.0,74.9,73.2,725.0,1,3,74.75199999999994
14,Rotor Disc Refacing,3000.0,2.0,1,SUV,20,250251.9,125.7,123.5,2750.0,1,3,129.30200000000005
12,Replace Suspension Bushing,1500.0,2.5,0,Van,21,304541.9,144.8,266.5,1925.0,1,5,262.16299999999995
13,Replace Tie Rod / Rack End,1000.0,1.5,1,Van,21,270687.3,93.9,99.8,1300.0,1,5,96.85799999999999
4,Wheel Alignment,800.0,1.0,1,Van,21,259345.0,60.4,60.5,1025.0,1,5,61.31099999999999
17,Replace Shock Absorbers,1500.0,2.0,1,Van,21,301742.1,123.4,121.2,1875.0,1,5,120.16300000000012
12,Replace Suspension Bushing,1500.0,2.5,0,Sedan,20,303439.1,155.1,251.1,1775.0,1,4,265.0449999999999
13,Replace Tie Rod / Rack End,1000.0,1.5,1,Sedan,20,312352.7,88.1,67.9,1000.0,1,4,75.35599999999992
4,Wheel Alignment,800.0,1.0,1,Sedan,20,271572.9,61.6,67.3,750.0,1,4,67.24500000000005
17,Replace Shock Absorbers,1500.0,2.0,1,Sedan,20,275342.7,119.7,106.4,1325.0,1,4,112.6129999999999
1,Change Oil,650.0,0.75,1,Sedan,18,237926.1,45.1,58.2,725.0,1,4,52.291999999999945
9,Replace Fuel Filter,550.0,0.75,1,Sedan,18,292979.2,43.5,40.6,600.0,1,4,42.31999999999997
10,Replace Valve Cover Gasket,1400.0,1.75,0,Pickup,5,72591.1,105.3,151.2,1400.0,1,2,142.70000000000016
6,Replace Fan Belt,800.0,1.0,1,Pickup,5,72837.3,61.3,53.9,975.0,0,2,57.60299999999996
1,Change Oil,650.0,0.75,1,Pickup,5,62334.6,44.3,48.2,675.0,0,2,47.31999999999993
2,Brake Service,800.0,1.25,1,Sedan,25,375130.8,71.6,74.0,775.0,1,4,73.36
2,Brake Service,800.0,1.25,1,Sedan,25,330388.9,71.3,69.7,875.0,1,4,69.1329999999999
12,Replace Suspension Bushing,1500.0,2.5,0,Crossover,25,358381.7,150.4,233.8,3025.0,1,0,250.83399999999972
13,Replace Tie Rod / Rack End,1000.0,1.5,1,Crossover,25,298990.8,85.7,81.5,1050.0,1,0,81.93799999999999
4,Wheel Alignment,800.0,1.0,1,Crossover,25,380242.5,59.7,69.7,1000.0,1,0,65.75899999999989
17,Replace Shock Absorbers,1500.0,2.0,1,Crossover,25,323930.9,120.7,117.0,1275.0,1,0,119.14699999999999
7,Aircon Cleaning & Freon Charge,2500.0,3.0,0,Sedan,22,322354.9,182.2,375.1,2775.0,1,4,292.32500000000016
2,Brake Service,800.0,1.25,1,Sedan,25,372538.1,76.3,76.7,1050.0,1,4,76.18199999999995
2,Brake Service,800.0,1.25,1,Sedan,25,346211.5,75.6,77.9,1075.0,1,4,74.42200000000004
4,Wheel Alignment,800.0,1.0,1,Sedan,25,342082.3,57.5,54.5,900.0,1,4,54.381000000000014
2,Brake Service,800.0,1.25,1,Sedan,10,127144.5,76.8,80.1,1300.0,1,4,78.81700000000009
2,Brake Service,800.0,1.25,1,Sedan,10,143768.8,77.7,74.1,825.0,0,4,76.40300000000005
14,Rotor Disc Refacing,3000.0,2.0,1,Sedan,10,137640.3,120.9,138.0,2300.0,0,4,121.117
2,Brake Service,800.0,1.25,1,Sedan,18,249074.8,77.7,78.3,950.0,1,4,78.73600000000005
2,Brake Service,800.0,1.25,1,Sedan,18,223520.2,77.6,83.8,800.0,1,4,81.09700000000001
1,Change Oil,650.0,0.75,1,Hatchback,11,161163.3,46.6,43.9,525.0,0,1,44.936000000000014
9,Replace Fuel Filter,550.0,0.75,1,Hatchback,11,178574.4,47.1,46.8,525.0,0,1,46.62100000000006
4,Wheel Alignment,800.0,1.0,1,Hatchback,11,176734.9,60.3,51.9,925.0,1,1,55.69299999999999
12,Replace Suspension Bushing,1500.0,2.5,0,Hatchback,18,228045.1,154.5,263.1,1675.0,1,1,257.1549999999999
13,Replace Tie Rod / Rack End,1000.0,1.5,1,Hatchback,18,261379.8,87.8,92.6,1100.0,1,1,90.76400000000011
4,Wheel Alignment,800.0,1.0,1,Hatchback,18,258361.7,57.5,52.3,950.0,1,1,53.56200000000007
12,Replace Suspension Bushing,1500.0,2.5,0,SUV,18,234600.6,156.2,218.2,2450.0,1,3,236.03100000000032
13,Replace Tie Rod / Rack End,1000.0,1.5,1,SUV,18,269035.2,92.2,94.8,1100.0,1,3,93.149
4,Wheel Alignment,800.0,1.0,1,SUV,18,266955.9,59.1,61.5,800.0,1,3,60.518999999999984
17,Replace Shock Absorbers,1500.0,2.0,1,SUV,18,289259.4,115.6,113.6,1900.0,1,3,115.13100000000014
10,Replace Valve Cover Gasket,1400.0,1.75,0,Van,1,16155.0,109.2,123.3,1150.0,0,5,120.8479999999999
6,Replace Fan Belt,800.0,1.0,1,Van,1,17180.3,58.2,71.7,800.0,0,5,66.63899999999995
12,Replace Suspension Bushing,1500.0,2.5,0,Van,14,207436.1,148.0,234.3,1750.0,1,5,231.48799999999974
13,Replace Tie Rod / Rack End,1000.0,1.5,1,Van,14,197677.1,92.3,97.8,1325.0,1,5,95.89599999999999
4,Wheel Alignment,800.0,1.0,1,Van,14,219258.5,62.7,65.1,950.0,1,5,66.49200000000008
17,Replace Shock Absorbers,1500.0,2.0,1,Van,14,196561.7,119.2,99.6,2000.0,1,5,126.47099999999999
2,Brake Service,800.0,1.25,1,SUV,23,329079.9,71.6,72.2,675.0,1,3,73.15899999999989
2,Brake Service,800.0,1.25,1,SUV,23,326992.3,71.3,77.4,700.0,1,3,72.8179999999999
4,Wheel Alignment,800.0,1.0,1,SUV,23,291941.4,58.3,56.9,1025.0,1,3,56.854999999999976
7,Aircon Cleaning & Freon Charge,2500.0,3.0,0,Hatchback,18,222040.2,186.8,265.1,2750.0,1,1,273.62599999999975
2,Brake Service,800.0,1.25,1,Hatchback,18,237727.1,78.4,85.2,625.0,1,1,81.6429999999999
11,Down Clutch / Pulldown Transmission,3500.0,4.5,0,SUV,10,136449.9,268.8,412.7,2875.0,1,3,392.7930000000001
2,Brake Service,800.0,1.25,1,Crossover,25,314251.1,72.7,75.1,650.0,1,0,75.01900000000006
2,Brake Service,800.0,1.25,1,Crossover,25,397998.6,76.7,71.2,1075.0,1,0,76.43700000000001
2,Brake Service,800.0,1.25,1,SUV,18,245056.2,78.6,81.4,950.0,1,3,79.8749999999999
2,Brake Service,800.0,1.25,1,SUV,18,263100.4,76.2,78.6,725.0,1,3,78.45000000000009
1,Change Oil,650.0,0.75,1,Sedan,12,165008.5,46.2,43.9,725.0,1,4,44.45500000000003
9,Replace Fuel Filter,550.0,0.75,1,Sedan,12,142685.7,45.8,46.9,550.0,1,4,45.56900000000002
1,Change Oil,650.0,0.75,1,Van,25,392800.7,44.5,42.7,575.0,1,5,43.58099999999996
9,Replace Fuel Filter,550.0,0.75,1,Van,25,320946.2,44.4,46.8,625.0,1,5,45.79900000000005
2,Brake Service,800.0,1.25,1,Van,25,360785.9,72.8,73.8,1500.0,1,5,73.947
2,Brake Service,800.0,1.25,1,Crossover,24,307113.3,72.5,69.9,1100.0,1,0,71.56199999999995
2,Brake Service,800.0,1.25,1,Crossover,24,339427.8,75.6,75.2,600.0,1,0,74.73599999999993
14,Rotor Disc Refacing,3000.0,2.0,1,Crossover,24,331819.1,120.7,113.7,3825.0,1,0,117.29400000000007
1,Change Oil,650.0,0.75,1,Hatchback,5,70305.2,46.1,51.7,725.0,0,1,44.39199999999998
9,Replace Fuel Filter,550.0,0.75,1,Hatchback,5,61259.5,45.9,49.3,525.0,0,1,46.827000000000055
2,Brake Service,800.0,1.25,1,SUV,1,17161.4,73.9,90.2,725.0,0,3,83.03499999999994
2,Brake Service,800.0,1.25,1,SUV,1,17967.9,74.5,72.4,875.0,0,3,74.46400000000001
7,Aircon Cleaning & Freon Charge,2500.0,3.0,0,Hatchback,6,71051.7,184.5,213.5,2700.0,1,1,238.5670000000001
10,Replace Valve Cover Gasket,1400.0,1.75,0,Crossover,18,286582.4,109.4,199.3,1275.0,1,0,177.39300000000011
6,Replace Fan Belt,800.0,1.0,1,Crossover,18,219983.0,57.1,54.0,950.0,1,0,61.60699999999999
1,Change Oil,650.0,0.75,1,Crossover,18,272045.2,46.4,46.7,850.0,1,0,47.86699999999994
2,Brake Service,800.0,1.25,1,Hatchback,8,107218.4,73.9,73.5,850.0,0,1,74.277
2,Brake Service,800.0,1.25,1,Hatchback,8,113123.1,71.8,71.8,825.0,0,1,72.20600000000006
2,Brake Service,800.0,1.25,1,Sedan,17,234416.3,75.7,84.9,875.0,1,4,82.33699999999995
2,Brake Service,800.0,1.25,1,Sedan,17,217854.3,76.5,83.8,750.0,1,4,81.05100000000012
1,Change Oil,650.0,0.75,1,SUV,9,130833.1,44.7,43.1,550.0,0,3,44.125999999999976
9,Replace Fuel Filter,550.0,0.75,1,SUV,9,139038.5,45.9,45.1,750.0,1,3,45.89899999999998
1,Change Oil,650.0,0.75,1,Hatchback,13,210160.7,45.1,44.4,650.0,1,1,44.62500000000002
9,Replace Fuel Filter,550.0,0.75,1,Hatchback,13,173217.0,45.0,46.2,625.0,1,1,46.11799999999994
1,Change Oil,650.0,0.75,1,SUV,19,299096.2,44.9,45.5,475.0,1,3,45.333
9,Replace Fuel Filter,550.0,0.75,1,SUV,19,292806.2,43.3,45.1,525.0,1,3,45.00299999999999
12,Replace Suspension Bushing,1500.0,2.5,0,Sedan,25,396101.0,143.3,204.6,1050.0,1,4,226.78599999999994
13,Replace Tie Rod / Rack End,1000.0,1.5,1,Sedan,25,367902.5,88.0,102.2,825.0,1,4,96.89499999999998
4,Wheel Alignment,800.0,1.0,1,Sedan,25,319026.0,60.6,61.1,925.0,1,4,60.202000000000055
7,Aircon Cleaning & Freon Charge,2500.0,3.0,0,Sedan,2,26449.7,172.5,202.0,3550.0,1,4,196.05799999999996
15,Top Overhaul,15000.0,14.0,0,Crossover,25,332718.0,850.3,1326.4,17675.0,1,0,1442.4129999999977
2,Brake Service,800.0,1.25,1,Crossover,6,92798.8,74.6,70.6,800.0,0,0,72.64100000000008
2,Brake Service,800.0,1.25,1,Crossover,6,94240.9,71.9,81.7,825.0,0,0,79.32299999999991
1,Change Oil,650.0,0.75,1,Sedan,6,88356.7,43.0,46.8,675.0,0,4,46.00700000000004
9,Replace Fuel Filter,550.0,0.75,1,Sedan,6,80038.8,43.2,42.6,625.0,0,4,43.74000000000003
11,Down Clutch / Pulldown Transmission,3500.0,4.5,0,Hatchback,19,271515.4,258.3,411.4,3100.0,1,1,429.7420000000005
8,Change ATF / Transmission Fluid Flush,650.0,0.75,1,Hatchback,19,253429.8,45.4,48.5,900.0,1,1,47.657999999999994
7,Aircon Cleaning & Freon Charge,2500.0,3.0,0,SUV,25,361229.0,179.5,369.4,2550.0,1,3,325.4549999999999
2,Brake Service,800.0,1.25,1,SUV,18,227634.4,76.1,79.0,750.0,1,3,78.63500000000003
2,Brake Service,800.0,1.25,1,SUV,18,273848.8,72.0,87.6,850.0,1,3,75.56699999999996
1,Change Oil,650.0,0.75,1,SUV,15,200812.9,45.4,43.4,675.0,1,3,44.72000000000002
9,Replace Fuel Filter,550.0,0.75,1,SUV,15,230532.2,45.3,41.7,525.0,1,3,43.029999999999944
11,Down Clutch / Pulldown Transmission,3500.0,4.5,0,Crossover,1,15730.6,261.7,362.1,5100.0,1,0,325.7789999999996
2,Brake Service,800.0,1.25,1,Sedan,4,52136.8,73.8,72.9,700.0,0,4,72.00999999999996
2,Brake Service,800.0,1.25,1,Sedan,4,60758.6,78.7,83.5,725.0,0,4,83.685
1,Change Oil,650.0,0.75,1,Pickup,25,318392.3,46.7,46.6,800.0,1,2,47.30300000000001
9,Replace Fuel Filter,550.0,0.75,1,Pickup,25,372481.5,46.6,48.5,550.0,1,2,50.184000000000026
4,Wheel Alignment,800.0,1.0,1,Pickup,25,348138.0,62.3,62.3,950.0,1,2,62.37200000000007
11,Down Clutch / Pulldown Transmission,3500.0,4.5,0,Sedan,11,160931.4,261.8,398.1,3875.0,1,4,369.3549999999996
1,Change Oil,650.0,0.75,1,Sedan,25,328350.4,46.1,49.6,600.0,1,4,48.58400000000002
9,Replace Fuel Filter,550.0,0.75,1,Sedan,25,374618.7,45.3,49.1,600.0,1,4,48.003000000000014
2,Brake Service,800.0,1.25,1,Van,9,139272.7,73.5,81.7,700.0,0,5,78.2
2,Brake Service,800.0,1.25,1,Van,9,136167.0,74.9,74.3,575.0,0,5,76.62400000000008
1,Change Oil,650.0,0.75,1,Sedan,12,192564.5,43.9,49.3,900.0,1,4,48.08600000000007
9,Replace Fuel Filter,550.0,0.75,1,Sedan,12,153305.3,44.2,48.2,650.0,1,4,46.875999999999934
15,Top Overhaul,15000.0,14.0,0,SUV,24,352542.2,841.1,1565.7,15700.0,1,3,1560.7239999999997
10,Replace Valve Cover Gasket,1400.0,1.75,0,Van,24,318727.0,109.5,209.4,1300.0,1,5,200.83800000000002
6,Replace Fan Belt,800.0,1.0,1,Van,24,333585.6,61.2,48.1,750.0,1,5,51.887000000000036
1,Change Oil,650.0,0.75,1,Van,24,339322.8,44.9,51.5,525.0,1,5,49.37700000000002
9,Replace Fuel Filter,550.0,0.75,1,Van,24,371969.6,45.5,47.3,550.0,1,5,47.35100000000007
12,Replace Suspension Bushing,1500.0,2.5,0,SUV,19,289391.6,152.9,260.4,2475.0,1,3,258.7730000000002
13,Replace Tie Rod / Rack End,1000.0,1.5,1,SUV,19,260265.8,85.9,77.9,675.0,0,3,82.64699999999988
4,Wheel Alignment,800.0,1.0,1,SUV,19,235979.8,57.8,64.1,925.0,1,3,61.07599999999998
7,Aircon Cleaning & Freon Charge,2500.0,3.0,0,Van,9,143078.1,181.8,278.3,3050.0,1,5,240.01399999999975
10,Replace Valve Cover Gasket,1400.0,1.75,0,SUV,21,265670.2,108.3,184.4,1400.0,1,3,154.81500000000003
6,Replace Fan Belt,800.0,1.0,1,SUV,21,296700.8,58.6,58.7,825.0,1,3,58.016999999999946
1,Change Oil,650.0,0.75,1,SUV,21,254729.2,45.1,40.3,475.0,1,3,43.41100000000003
1,Change Oil,650.0,0.75,1,Hatchback,13,168477.9,47.2,44.1,650.0,1,1,46.272000000000006
9,Replace Fuel Filter,550.0,0.75,1,Hatchback,13,192477.7,44.5,45.9,725.0,1,1,47.35499999999998
4,Wheel Alignment,800.0,1.0,1,Hatchback,13,182827.0,62.7,62.2,1025.0,1,1,63.999999999999915
12,Replace Suspension Bushing,1500.0,2.5,0,SUV,11,149941.2,154.9,237.1,1850.0,1,3,225.73599999999988
13,Replace Tie Rod / Rack End,1000.0,1.5,1,SUV,11,165439.7,92.1,95.2,1100.0,1,3,95.14099999999999
4,Wheel Alignment,800.0,1.0,1,SUV,11,154222.3,60.9,56.3,1225.0,1,3,58.78500000000006
17,Replace Shock Absorbers,1500.0,2.0,1,SUV,11,133974.6,120.8,139.0,1200.0,0,3,131.41299999999998
1,Change Oil,650.0,0.75,1,Van,20,279843.3,43.7,49.6,750.0,1,5,48.637
9,Replace Fuel Filter,550.0,0.75,1,Van,20,245844.6,46.5,43.3,400.0,1,5,43.85400000000005
1,Change Oil,650.0,0.75,1,SUV,1,20488.6,44.0,49.0,650.0,0,3,46.663999999999994
9,Replace Fuel Filter,550.0,0.75,1,SUV,1,11361.8,44.1,46.0,575.0,0,3,44.43200000000001
15,Top Overhaul,15000.0,14.0,0,Pickup,21,339793.0,877.1,1622.9,10075.0,1,2,1548.2799999999977
15,Top Overhaul,15000.0,14.0,0,Pickup,2,27881.6,837.4,1092.0,17775.0,1,2,850.1880000000009
10,Replace Valve Cover Gasket,1400.0,1.75,0,Sedan,9,134043.6,106.1,121.9,925.0,0,4,147.644
6,Replace Fan Belt,800.0,1.0,1,Sedan,9,136981.4,62.7,66.6,675.0,0,4,65.33800000000002
15,Top Overhaul,15000.0,14.0,0,SUV,24,350800.6,825.3,1576.3,19875.0,1,3,1566.0829999999996
1,Change Oil,650.0,0.75,1,SUV,24,321534.6,43.0,43.6,650.0,1,3,43.56599999999999
12,Replace Suspension Bushing,1500.0,2.5,0,Sedan,7,92370.6,153.3,202.7,1250.0,1,4,201.52300000000022
13,Replace Tie Rod / Rack End,1000.0,1.5,1,Sedan,7,112539.9,90.9,93.0,900.0,0,4,92.79400000000001
4,Wheel Alignment,800.0,1.0,1,Sedan,7,89271.5,62.4,65.5,1275.0,1,4,64.34599999999999
10,Replace Valve Cover Gasket,1400.0,1.75,0,SUV,25,375002.8,100.7,164.2,1575.0,1,3,182.16100000000029
6,Replace Fan Belt,800.0,1.0,1,SUV,25,366908.1,57.9,61.4,1125.0,1,3,59.49399999999995
15,Top Overhaul,15000.0,14.0,0,Sedan,18,223679.9,868.2,1397.7,14225.0,1,4,1338.692999999998
16,Replace Spark Plugs,350.0,0.5,1,Sedan,18,281715.0,29.7,33.7,400.0,1,4,28.229
12,Replace Suspension Bushing,1500.0,2.5,0,Crossover,19,303426.8,154.1,228.7,2525.0,1,0,260.242
13,Replace Tie Rod / Rack End,1000.0,1.5,1,Crossover,19,285584.2,85.9,84.2,1300.0,1,0,83.05999999999993
4,Wheel Alignment,800.0,1.0,1,Crossover,19,264532.4,59.6,57.4,1050.0,1,0,58.82599999999994
2,Brake Service,800.0,1.25,1,Crossover,19,263452.7,78.1,69.6,825.0,1,0,72.76500000000006
2,Brake Service,800.0,1.25,1,Crossover,19,288655.7,73.3,82.9,925.0,1,0,81.04199999999989
1,Change Oil,650.0,0.75,1,Crossover,25,357407.0,45.6,46.7,600.0,1,0,46.10799999999995
9,Replace Fuel Filter,550.0,0.75,1,Crossover,25,359301.0,44.8,42.4,525.0,1,0,43.293000000000035
7,Aircon Cleaning & Freon Charge,2500.0,3.0,0,Hatchback,19,291666.3,178.7,316.0,2675.0,1,1,300.5580000000001
2,Brake Service,800.0,1.25,1,Hatchback,19,263617.2,74.0,76.5,750.0,1,1,78.215
12,Replace Suspension Bushing,1500.0,2.5,0,Van,19,289219.5,156.0,269.5,1800.0,1,5,275.6180000000001
13,Replace Tie Rod / Rack End,1000.0,1.5,1,Van,19,229789.4,93.6,88.4,1000.0,1,5,90.75699999999988
4,Wheel Alignment,800.0,1.0,1,Van,19,253959.4,59.6,63.3,1125.0,1,5,62.510000000000076
1,Change Oil,650.0,0.75,1,SUV,14,203413.2,46.9,45.3,625.0,1,3,45.767000000000046
9,Replace Fuel Filter,550.0,0.75,1,SUV,14,175362.2,43.3,42.7,425.0,0,3,43.31399999999995
2,Brake Service,800.0,1.25,1,Crossover,23,304767.2,77.4,74.0,1000.0,1,0,75.75400000000002
2,Brake Service,800.0,1.25,1,Crossover,23,306123.9,71.3,71.5,800.0,1,0,65.86799999999995
14,Rotor Disc Refacing,3000.0,2.0,1,Crossover,23,362600.2,119.3,128.3,3200.0,1,0,124.60599999999988
1,Change Oil,650.0,0.75,1,SUV,3,42015.1,46.0,42.9,800.0,0,3,45.88800000000001
9,Replace Fuel Filter,550.0,0.75,1,SUV,3,41754.8,44.7,46.4,500.0,0,3,45.393
2,Brake Service,800.0,1.25,1,SUV,3,32693.0,71.6,70.9,1575.0,1,3,70.91299999999991
1,Change Oil,650.0,0.75,1,Sedan,24,299998.8,44.8,47.5,900.0,1,4,44.43299999999999
9,Replace Fuel Filter,550.0,0.75,1,Sedan,24,331306.5,47.0,53.3,700.0,1,4,50.42000000000005
4,Wheel Alignment,800.0,1.0,1,Sedan,24,305869.6,62.7,61.1,850.0,1,4,62.75300000000006
1,Change Oil,650.0,0.75,1,Sedan,24,304885.5,42.9,43.1,650.0,1,4,41.52300000000002
9,Replace Fuel Filter,550.0,0.75,1,Sedan,24,377597.2,43.5,38.1,725.0,1,4,46.215999999999994
4,Wheel Alignment,800.0,1.0,1,Sedan,24,311279.7,59.4,55.1,1075.0,1,4,56.06900000000005
12,Replace Suspension Bushing,1500.0,2.5,0,SUV,22,304040.8,147.9,252.9,2750.0,1,3,258.3120000000002
13,Replace Tie Rod / Rack End,1000.0,1.5,1,SUV,22,340021.2,85.5,91.8,700.0,1,3,88.60500000000002
4,Wheel Alignment,800.0,1.0,1,SUV,22,331069.5,57.7,59.5,1050.0,1,3,58.713
1,Change Oil,650.0,0.75,1,Sedan,5,76795.0,44.7,43.2,800.0,0,4,44.528999999999954
9,Replace Fuel Filter,550.0,0.75,1,Sedan,5,69359.1,44.6,48.1,525.0,0,4,44.97300000000001
7,Aircon Cleaning & Freon Charge,2500.0,3.0,0,SUV,25,350235.3,179.1,324.3,4550.0,1,3,324.92099999999994
12,Replace Suspension Bushing,1500.0,2.5,0,Van,7,87970.0,148.9,208.7,1575.0,1,5,196.0040000000002
13,Replace Tie Rod / Rack End,1000.0,1.5,1,Van,7,101951.9,89.8,91.5,1150.0,0,5,89.13600000000002
4,Wheel Alignment,800.0,1.0,1,Van,7,81514.3,60.9,68.4,1175.0,1,5,66.44399999999995
17,Replace Shock Absorbers,1500.0,2.0,1,Van,7,96036.0,122.3,129.6,1500.0,0,5,133.60300000000015
1,Change Oil,650.0,0.75,1,Sedan,25,315610.7,46.7,52.0,650.0,1,4,49.52900000000002
9,Replace Fuel Filter,550.0,0.75,1,Sedan,25,356519.7,45.4,37.2,550.0,1,4,41.54099999999995
2,Brake Service,800.0,1.25,1,Sedan,8,100245.4,71.8,72.2,1200.0,1,4,71.41799999999996
2,Brake Service,800.0,1.25,1,Sedan,8,112804.3,74.1,76.7,1025.0,1,4,76.15099999999993
14,Rotor Disc Refacing,3000.0,2.0,1,Sedan,8,116912.2,125.3,140.5,2225.0,0,4,132.63
12,Replace Suspension Bushing,1500.0,2.5,0,SUV,21,278966.6,152.6,263.4,1475.0,1,3,250.52600000000032
13,Replace Tie Rod / Rack End,1000.0,1.5,1,SUV,21,271351.2,94.3,106.2,800.0,1,3,102.05300000000008
4,Wheel Alignment,800.0,1.0,1,SUV,21,296099.8,62.6,64.9,1025.0,1,3,64.40099999999991
17,Replace Shock Absorbers,1500.0,2.0,1,SUV,21,278970.6,116.7,111.6,1025.0,1,3,113.44100000000013
12,Replace Suspension Bushing,1500.0,2.5,0,Van,22,343832.7,148.7,272.8,2250.0,1,5,271.60399999999976
13,Replace Tie Rod / Rack End,1000.0,1.5,1,Van,22,266391.0,94.4,95.0,775.0,1,5,95.91000000000004
4,Wheel Alignment,800.0,1.0,1,Van,22,297795.3,62.2,62.5,850.0,1,5,62.974999999999994
1,Change Oil,650.0,0.75,1,Pickup,1,13881.3,45.8,42.9,725.0,0,2,44.69500000000002
9,Replace Fuel Filter,550.0,0.75,1,Pickup,1,11192.0,43.7,41.4,625.0,0,2,41.837000000000046
4,Wheel Alignment,800.0,1.0,1,Pickup,1,18878.9,58.9,61.8,1050.0,0,2,62.66200000000006
7,Aircon Cleaning & Freon Charge,2500.0,3.0,0,SUV,1,15805.8,181.4,190.5,2875.0,0,3,183.83599999999998
2,Brake Service,800.0,1.25,1,SUV,1,13585.5,77.0,82.9,750.0,0,3,75.54100000000007
12,Replace Suspension Bushing,1500.0,2.5,0,Sedan,3,39928.3,154.3,237.5,2775.0,1,4,219.977
13,Replace Tie Rod / Rack End,1000.0,1.5,1,Sedan,3,36821.9,87.9,92.1,1025.0,0,4,90.43700000000014
4,Wheel Alignment,800.0,1.0,1,Sedan,3,42156.9,62.0,57.0,1075.0,0,4,57.119
12,Replace Suspension Bushing,1500.0,2.5,0,Hatchback,5,63618.0,155.3,231.3,1400.0,1,1,219.19899999999973
13,Replace Tie Rod / Rack End,1000.0,1.5,1,Hatchback,5,72437.4,86.8,93.8,1175.0,0,1,91.57700000000006
4,Wheel Alignment,800.0,1.0,1,Hatchback,5,68949.5,58.3,60.0,1350.0,1,1,59.975
17,Replace Shock Absorbers,1500.0,2.0,1,Hatchback,5,71567.1,124.1,144.9,1450.0,0,1,130.25500000000008
11,Down Clutch / Pulldown Transmission,3500.0,4.5,0,Van,21,329685.6,280.8,471.3,3025.0,1,5,470.2310000000003
10,Replace Valve Cover Gasket,1400.0,1.75,0,Hatchback,21,330302.2,105.1,212.1,1525.0,1,1,199.38099999999997
6,Replace Fan Belt,800.0,1.0,1,Hatchback,21,318531.4,61.9,49.3,750.0,1,1,53.70200000000006
7,Aircon Cleaning & Freon Charge,2500.0,3.0,0,Sedan,25,344009.7,188.0,368.6,2175.0,1,4,359.00399999999956
2,Brake Service,800.0,1.25,1,Sedan,25,322442.8,77.3,84.8,600.0,1,4,82.46700000000008
11,Down Clutch / Pulldown Transmission,3500.0,4.5,0,Sedan,23,334154.9,278.7,422.4,2950.0,1,4,444.9440000000005
1,Change Oil,650.0,0.75,1,Sedan,23,356635.0,46.4,43.8,750.0,1,4,46.05400000000005
12,Replace Suspension Bushing,1500.0,2.5,0,Van,25,374026.6,149.2,269.6,1050.0,1,5,281.7940000000002
13,Replace Tie Rod / Rack End,1000.0,1.5,1,Van,25,375119.7,91.3,94.9,1225.0,1,5,95.00999999999985
4,Wheel Alignment,800.0,1.0,1,Van,25,377518.8,58.5,61.1,925.0,1,5,58.01600000000004
17,Replace Shock Absorbers,1500.0,2.0,1,Van,25,367584.4,119.0,118.5,1825.0,1,5,116.57500000000002
10,Replace Valve Cover Gasket,1400.0,1.75,0,Sedan,8,124162.4,102.8,141.4,1525.0,1,4,139.05499999999986
6,Replace Fan Belt,800.0,1.0,1,Sedan,8,109178.9,58.3,54.1,1250.0,1,4,55.80000000000004
1,Change Oil,650.0,0.75,1,Sedan,8,130116.6,46.4,52.0,625.0,0,4,50.829000000000015
10,Replace Valve Cover Gasket,1400.0,1.75,0,Van,21,278693.4,100.1,187.5,1325.0,1,5,187.20600000000013
6,Replace Fan Belt,800.0,1.0,1,Van,21,269759.5,62.8,63.2,900.0,1,5,63.205999999999946
1,Change Oil,650.0,0.75,1,Van,21,325910.8,45.2,45.2,600.0,1,5,46.38800000000002
10,Replace Valve Cover Gasket,1400.0,1.75,0,Hatchback,13,155098.2,100.5,147.2,1250.0,1,1,147.06100000000012
6,Replace Fan Belt,800.0,1.0,1,Hatchback,13,174269.2,62.6,65.1,725.0,1,1,62.93500000000003
1,Change Oil,650.0,0.75,1,Hatchback,13,201158.9,44.5,50.9,600.0,1,1,48.712999999999994
11,Down Clutch / Pulldown Transmission,3500.0,4.5,0,Van,24,334451.7,283.1,502.3,5300.0,1,5,487.7110000000004
2,Brake Service,800.0,1.25,1,SUV,1,13413.5,72.0,67.0,775.0,0,3,69.74300000000002
2,Brake Service,800.0,1.25,1,SUV,1,17658.4,73.9,71.0,800.0,0,3,75.16299999999998
2,Brake Service,800.0,1.25,1,Pickup,12,158965.9,75.8,68.5,1100.0,1,2,71.792
2,Brake Service,800.0,1.25,1,Pickup,12,193183.0,76.0,81.3,825.0,1,2,78.56300000000007
10,Replace Valve Cover Gasket,1400.0,1.75,0,Van,25,337999.5,108.5,183.3,1650.0,1,5,187.2999999999997
6,Replace Fan Belt,800.0,1.0,1,Van,25,330068.6,57.2,55.1,950.0,1,5,55.28100000000001
1,Change Oil,650.0,0.75,1,Van,25,363631.7,43.7,42.9,525.0,1,5,44.09000000000001
10,Replace Valve Cover Gasket,1400.0,1.75,0,Sedan,4,54565.8,109.7,118.3,2150.0,1,4,123.90799999999989
6,Replace Fan Belt,800.0,1.0,1,Sedan,4,58943.3,60.9,64.7,1100.0,1,4,63.11899999999991
11,Down Clutch / Pulldown Transmission,3500.0,4.5,0,Sedan,7,112684.4,263.6,320.7,2950.0,0,4,354.60400000000004
8,Change ATF / Transmission Fluid Flush,650.0,0.75,1,Sedan,7,116678.9,43.2,44.0,625.0,0,4,43.089
1,Change Oil,650.0,0.75,1,SUV,20,248022.1,43.4,45.9,600.0,1,3,43.992999999999995
9,Replace Fuel Filter,550.0,0.75,1,SUV,20,319616.8,45.4,43.4,650.0,1,3,43.75500000000002
1,Change Oil,650.0,0.75,1,Crossover,19,243902.9,43.1,40.3,575.0,1,0,42.37600000000005
9,Replace Fuel Filter,550.0,0.75,1,Crossover,19,248240.9,46.6,57.9,400.0,1,0,54.33699999999997
2,Brake Service,800.0,1.25,1,Sedan,4,57447.3,72.7,70.9,825.0,0,4,73.75999999999993
2,Brake Service,800.0,1.25,1,Sedan,4,53893.9,72.8,72.8,825.0,0,4,74.17400000000005
2,Brake Service,800.0,1.25,1,Sedan,16,224970.0,75.9,85.6,1050.0,1,4,78.31100000000006
2,Brake Service,800.0,1.25,1,Sedan,16,209917.5,74.5,73.5,925.0,1,4,73.76299999999999
2,Brake Service,800.0,1.25,1,Sedan,8,91735.2,73.1,75.1,850.0,0,4,76.56500000000007
2,Brake Service,800.0,1.25,1,Sedan,8,128033.6,72.9,75.5,775.0,0,4,75.17000000000003
7,Aircon Cleaning & Freon Charge,2500.0,3.0,0,Sedan,5,82112.7,187.4,296.8,2325.0,1,4,285.3989999999996
15,Top Overhaul,15000.0,14.0,0,SUV,12,151715.2,818.9,1475.5,13075.0,1,3,1353.292
1,Change Oil,650.0,0.75,1,Hatchback,16,204125.5,42.8,42.7,725.0,1,1,42.57199999999995
9,Replace Fuel Filter,550.0,0.75,1,Hatchback,16,213986.5,44.1,45.4,625.0,1,1,45.468
12,Replace Suspension Bushing,1500.0,2.5,0,Sedan,24,374178.7,146.9,313.1,1775.0,1,4,298.72999999999973
13,Replace Tie Rod / Rack End,1000.0,1.5,1,Sedan,24,361563.0,93.3,96.8,1425.0,1,4,94.77799999999998
4,Wheel Alignment,800.0,1.0,1,Sedan,24,332606.6,61.9,62.5,850.0,1,4,61.138999999999996
2,Brake Service,800.0,1.25,1,Sedan,24,369640.4,74.8,74.6,950.0,1,4,74.02100000000004
2,Brake Service,800.0,1.25,1,Sedan,24,304732.2,74.1,77.6,1025.0,1,4,76.23100000000007
4,Wheel Alignment,800.0,1.0,1,Sedan,24,288360.1,57.6,56.7,1025.0,1,4,56.762999999999955
12,Replace Suspension Bushing,1500.0,2.5,0,Crossover,6,79475.0,151.0,210.5,1925.0,1,0,188.8809999999999
13,Replace Tie Rod / Rack End,1000.0,1.5,1,Crossover,6,86417.0,91.4,103.5,1275.0,1,0,100.262
4,Wheel Alignment,800.0,1.0,1,Crossover,6,90406.2,59.0,59.9,1275.0,1,0,60.357999999999976
7,Aircon Cleaning & Freon Charge,2500.0,3.0,0,Van,4,65851.0,187.6,194.2,2750.0,0,5,224.2710000000002
2,Brake Service,800.0,1.25,1,Van,4,62538.2,71.9,78.7,650.0,0,5,76.7749999999999
1,Change Oil,650.0,0.75,1,SUV,25,374832.9,43.0,46.0,700.0,1,3,44.88499999999999
9,Replace Fuel Filter,550.0,0.75,1,SUV,25,392924.4,45.3,46.5,675.0,1,3,46.50099999999998
4,Wheel Alignment,800.0,1.0,1,SUV,25,340978.4,61.5,60.8,1325.0,1,3,62.17400000000008
10,Replace Valve Cover Gasket,1400.0,1.75,0,Pickup,20,241773.3,106.4,148.9,1025.0,1,2,154.57999999999987
6,Replace Fan Belt,800.0,1.0,1,Pickup,20,295686.9,62.6,62.2,900.0,1,2,62.03499999999992
1,Change Oil,650.0,0.75,1,SUV,16,238766.4,45.0,43.9,575.0,1,3,45.286000000000016
9,Replace Fuel Filter,550.0,0.75,1,SUV,16,196347.2,43.2,41.3,625.0,1,3,41.835000000000036
1,Change Oil,650.0,0.75,1,Sedan,11,156830.2,45.8,39.0,550.0,0,4,41.245
9,Replace Fuel Filter,550.0,0.75,1,Sedan,11,140887.2,46.8,45.0,400.0,0,4,47.554
2,Brake Service,800.0,1.25,1,Sedan,23,289657.6,76.4,88.2,875.0,1,4,83.96099999999996
2,Brake Service,800.0,1.25,1,Sedan,23,350722.0,74.8,75.0,1100.0,1,4,75.35600000000002
14,Rotor Disc Refacing,3000.0,2.0,1,Sedan,23,364086.3,116.4,121.9,3000.0,1,4,117.97299999999987
1,Change Oil,650.0,0.75,1,SUV,15,190136.1,47.2,50.8,725.0,1,3,48.852000000000054
9,Replace Fuel Filter,550.0,0.75,1,SUV,15,175521.0,44.8,48.5,700.0,1,3,47.84099999999999
10,Replace Valve Cover Gasket,1400.0,1.75,0,Sedan,22,309777.0,101.5,156.6,1700.0,1,4,194.32800000000015
6,Replace Fan Belt,800.0,1.0,1,Sedan,22,334124.5,57.6,54.6,1000.0,1,4,55.73900000000003
1,Change Oil,650.0,0.75,1,Sedan,22,273461.4,46.6,43.0,675.0,1,4,44.667
12,Replace Suspension Bushing,1500.0,2.5,0,Sedan,14,203136.8,157.4,263.0,1900.0,1,4,251.21199999999993
13,Replace Tie Rod / Rack End,1000.0,1.5,1,Sedan,14,219215.6,94.1,102.5,1000.0,1,4,99.315
4,Wheel Alignment,800.0,1.0,1,Sedan,14,228210.5,58.9,61.1,975.0,1,4,60.71800000000002
1,Change Oil,650.0,0.75,1,SUV,1,20222.9,43.2,47.0,675.0,0,3,42.250999999999976
9,Replace Fuel Filter,550.0,0.75,1,SUV,1,11549.9,44.5,41.6,450.0,0,3,42.397999999999975
4,Wheel Alignment,800.0,1.0,1,SUV,1,16260.5,62.5,55.0,900.0,0,3,57.73300000000002
15,Top Overhaul,15000.0,14.0,0,Hatchback,25,309231.6,842.7,1523.7,16350.0,1,1,1537.3899999999996
1,Change Oil,650.0,0.75,1,Sedan,16,228297.3,43.5,43.0,625.0,1,4,43.181000000000004
9,Replace Fuel Filter,550.0,0.75,1,Sedan,16,251190.0,45.7,46.2,550.0,1,4,43.76300000000003
7,Aircon Cleaning & Freon Charge,2500.0,3.0,0,SUV,6,92441.2,187.7,272.8,2200.0,1,3,279.68299999999965
1,Change Oil,650.0,0.75,1,Pickup,1,21526.0,47.1,50.9,650.0,0,2,50.483000000000004
9,Replace Fuel Filter,550.0,0.75,1,Pickup,1,13129.3,45.6,51.7,550.0,0,2,48.589999999999954
4,Wheel Alignment,800.0,1.0,1,Pickup,1,23084.8,59.6,52.8,1375.0,1,2,56.745000000000076
2,Brake Service,800.0,1.25,1,Crossover,2,28005.3,73.8,76.9,1125.0,1,0,75.72199999999994
2,Brake Service,800.0,1.25,1,Crossover,2,33080.9,73.0,75.6,1000.0,0,0,77.13900000000002
14,Rotor Disc Refacing,3000.0,2.0,1,Crossover,2,28760.3,118.3,119.1,3550.0,0,0,121.01000000000013
11,Down Clutch / Pulldown Transmission,3500.0,4.5,0,Sedan,25,368886.1,267.2,470.7,3300.0,1,4,485.5089999999998
8,Change ATF / Transmission Fluid Flush,650.0,0.75,1,Sedan,25,336436.3,46.2,47.4,750.0,1,4,46.795999999999985
1,Change Oil,650.0,0.75,1,Sedan,4,61655.1,43.3,46.2,650.0,0,4,46.588999999999935
9,Replace Fuel Filter,550.0,0.75,1,Sedan,4,63211.0,45.7,46.2,425.0,0,4,45.52499999999993
2,Brake Service,800.0,1.25,1,Sedan,4,61006.4,77.7,76.7,1400.0,1,4,79.428
12,Replace Suspension Bushing,1500.0,2.5,0,SUV,2,24258.9,156.9,206.8,1675.0,1,3,195.69999999999982
13,Replace Tie Rod / Rack End,1000.0,1.5,1,SUV,2,27637.2,85.7,90.5,1450.0,1,3,87.818
4,Wheel Alignment,800.0,1.0,1,SUV,2,24677.1,58.3,58.5,875.0,0,3,60.76600000000002
1,Change Oil,650.0,0.75,1,Crossover,5,74909.2,45.5,40.2,500.0,0,0,42.59299999999995
9,Replace Fuel Filter,550.0,0.75,1,Crossover,5,61671.9,46.6,43.1,550.0,0,0,44.62399999999999
1,Change Oil,650.0,0.75,1,Sedan,18,235108.5,46.1,43.3,700.0,1,4,47.93600000000001
9,Replace Fuel Filter,550.0,0.75,1,Sedan,18,242595.1,46.3,50.3,625.0,1,4,48.912000000000056
2,Brake Service,800.0,1.25,1,Van,13,194326.5,74.4,75.8,700.0,1,5,75.55500000000005
2,Brake Service,800.0,1.25,1,Van,13,192061.3,77.4,87.7,600.0,1,5,86.23399999999997
10,Replace Valve Cover Gasket,1400.0,1.75,0,Sedan,25,383775.1,103.4,233.2,1975.0,1,4,222.92600000000027
6,Replace Fan Belt,800.0,1.0,1,Sedan,25,396652.2,62.5,61.6,650.0,1,4,61.03100000000007
1,Change Oil,650.0,0.75,1,Sedan,25,359881.9,44.0,49.2,525.0,1,4,46.53499999999994
1,Change Oil,650.0,0.75,1,Crossover,22,313835.1,46.6,49.3,650.0,1,0,48.68900000000005
9,Replace Fuel Filter,550.0,0.75,1,Crossover,22,320253.6,44.9,45.1,400.0,1,0,44.88499999999997
15,Top Overhaul,15000.0,14.0,0,Sedan,16,189636.5,819.1,1216.9,11500.0,1,4,1302.127999999998
1,Change Oil,650.0,0.75,1,Sedan,10,129275.2,45.4,45.6,575.0,0,4,45.97399999999999
9,Replace Fuel Filter,550.0,0.75,1,Sedan,10,126057.6,45.6,40.9,650.0,1,4,42.704000000000036
11,Down Clutch / Pulldown Transmission,3500.0,4.5,0,Crossover,20,270488.2,279.7,491.6,5200.0,1,0,486.30899999999957
2,Brake Service,800.0,1.25,1,Crossover,25,335975.0,77.8,87.2,1100.0,1,0,78.57300000000004
2,Brake Service,800.0,1.25,1,Crossover,25,306671.7,74.9,74.5,975.0,1,0,75.57000000000001
14,Rotor Disc Refacing,3000.0,2.0,1,Crossover,25,391181.3,119.0,123.2,3100.0,1,0,124.72199999999992
15,Top Overhaul,15000.0,14.0,0,Hatchback,25,373267.6,840.9,1856.7,13225.0,1,1,1738.9580000000005
7,Aircon Cleaning & Freon Charge,2500.0,3.0,0,Crossover,2,33103.5,181.6,191.0,2425.0,0,0,180.086
7,Aircon Cleaning & Freon Charge,2500.0,3.0,0,SUV,21,316778.5,176.3,267.6,2900.0,1,3,279.4559999999998
15,Top Overhaul,15000.0,14.0,0,Sedan,3,42205.9,862.1,1039.1,13425.0,0,4,1032.8680000000006
1,Change Oil,650.0,0.75,1,Sedan,3,38245.7,45.5,47.4,700.0,0,4,47.636
7,Aircon Cleaning & Freon Charge,2500.0,3.0,0,Van,5,82919.6,179.0,285.5,2800.0,1,5,265.17699999999996
2,Brake Service,800.0,1.25,1,Sedan,19,234988.2,71.8,81.8,750.0,1,4,77.69000000000008
2,Brake Service,800.0,1.25,1,Sedan,19,264258.9,71.9,63.6,1075.0,1,4,67.79100000000005
12,Replace Suspension Bushing,1500.0,2.5,0,Sedan,25,369196.9,144.2,263.4,1000.0,1,4,269.2220000000002
13,Replace Tie Rod / Rack End,1000.0,1.5,1,Sedan,25,401894.9,93.6,103.9,1350.0,1,4,100.39899999999982
4,Wheel Alignment,800.0,1.0,1,Sedan,25,379569.9,61.8,54.8,950.0,1,4,56.61400000000006
17,Replace Shock Absorbers,1500.0,2.0,1,Sedan,25,358046.6,123.9,125.9,1025.0,1,4,123.9569999999998
2,Brake Service,800.0,1.25,1,Sedan,1,11350.5,77.1,76.1,900.0,0,4,76.6480000000001
2,Brake Service,800.0,1.25,1,Sedan,1,16391.3,72.1,74.6,725.0,0,4,73.29800000000007
12,Replace Suspension Bushing,1500.0,2.5,0,Hatchback,6,79992.8,153.6,240.0,2800.0,1,1,229.88899999999995
13,Replace Tie Rod / Rack End,1000.0,1.5,1,Hatchback,6,82681.5,94.4,93.3,750.0,0,1,95.78899999999996
4,Wheel Alignment,800.0,1.0,1,Hatchback,6,83950.2,61.6,60.5,1000.0,1,1,61.079000000000036
7,Aircon Cleaning & Freon Charge,2500.0,3.0,0,Sedan,25,301700.1,178.4,329.7,2725.0,1,4,322.77099999999984
7,Aircon Cleaning & Freon Charge,2500.0,3.0,0,Pickup,20,267099.5,179.8,278.2,3700.0,1,2,275.8400000000004
12,Replace Suspension Bushing,1500.0,2.5,0,Hatchback,12,169654.9,151.3,252.2,1275.0,1,1,236.94000000000028
13,Replace Tie Rod / Rack End,1000.0,1.5,1,Hatchback,12,186261.6,90.0,97.4,1125.0,1,1,86.543
4,Wheel Alignment,800.0,1.0,1,Hatchback,12,176190.3,58.9,55.1,1075.0,1,1,56.93100000000001
7,Aircon Cleaning & Freon Charge,2500.0,3.0,0,Pickup,25,339411.7,171.1,314.8,2750.0,1,2,311.4799999999999
11,Down Clutch / Pulldown Transmission,3500.0,4.5,0,Sedan,6,92088.6,272.4,373.8,3800.0,1,4,379.352
2,Brake Service,800.0,1.25,1,SUV,4,57003.1,78.1,82.5,1075.0,1,3,81.96300000000002
2,Brake Service,800.0,1.25,1,SUV,4,70241.3,78.4,75.3,700.0,0,3,83.71000000000002
10,Replace Valve Cover Gasket,1400.0,1.75,0,Sedan,17,218314.0,108.1,181.7,1275.0,1,4,167.54300000000018
6,Replace Fan Belt,800.0,1.0,1,Sedan,17,225438.9,61.0,68.8,1000.0,1,4,66.15900000000006
1,Change Oil,650.0,0.75,1,Sedan,17,219871.8,43.0,45.8,650.0,1,4,44.97400000000006
2,Brake Service,800.0,1.25,1,Crossover,23,352938.0,73.7,66.6,1150.0,1,0,72.1140000000001
2,Brake Service,800.0,1.25,1,Crossover,23,355683.7,72.3,82.6,1050.0,1,0,80.20900000000007
1,Change Oil,650.0,0.75,1,Sedan,1,16579.7,43.0,40.2,775.0,0,4,41.05799999999995
9,Replace Fuel Filter,550.0,0.75,1,Sedan,1,14943.2,44.0,39.1,700.0,0,4,40.75299999999996
7,Aircon Cleaning & Freon Charge,2500.0,3.0,0,Crossover,6,85688.0,184.5,238.4,1625.0,0,0,249.88700000000014
2,Brake Service,800.0,1.25,1,Crossover,12,176021.6,73.6,75.2,800.0,1,0,73.55399999999992
2,Brake Service,800.0,1.25,1,Crossover,12,168428.3,72.8,72.5,975.0,1,0,72.79399999999995
14,Rotor Disc Refacing,3000.0,2.0,1,Crossover,12,188399.3,122.2,126.3,3125.0,1,0,126.26999999999992
1,Change Oil,650.0,0.75,1,Crossover,1,21242.3,44.4,41.3,650.0,0,0,45.949
9,Replace Fuel Filter,550.0,0.75,1,Crossover,1,12137.6,46.1,37.9,525.0,0,0,42.34300000000001
2,Brake Service,800.0,1.25,1,Crossover,1,21058.3,71.8,78.0,1825.0,1,0,76.93799999999999
2,Brake Service,800.0,1.25,1,SUV,25,329032.7,72.3,82.0,1375.0,1,3,80.15000000000002
2,Brake Service,800.0,1.25,1,SUV,25,344379.4,74.5,75.3,650.0,1,3,74.8690000000001
7,Aircon Cleaning & Freon Charge,2500.0,3.0,0,Sedan,23,344290.4,179.3,271.2,3600.0,1,4,299.11400000000026
2,Brake Service,800.0,1.25,1,Sedan,23,343242.0,71.6,73.9,725.0,1,4,72.40899999999993
2,Brake Service,800.0,1.25,1,Sedan,14,189531.1,74.9,70.3,875.0,1,4,75.99700000000004
2,Brake Service,800.0,1.25,1,Sedan,14,187516.4,75.9,76.6,750.0,1,4,77.81400000000012
4,Wheel Alignment,800.0,1.0,1,Sedan,14,169862.9,60.0,64.7,825.0,1,4,64.73499999999991
15,Top Overhaul,15000.0,14.0,0,Crossover,24,358245.7,866.6,1451.9,14325.0,1,0,1475.1019999999976
1,Change Oil,650.0,0.75,1,Van,20,259198.0,44.7,42.6,575.0,1,5,42.64999999999999
9,Replace Fuel Filter,550.0,0.75,1,Van,20,308849.9,46.3,43.5,475.0,1,5,43.89900000000001
2,Brake Service,800.0,1.25,1,Van,20,254190.3,75.4,86.3,2075.0,1,5,82.57400000000007
1,Change Oil,650.0,0.75,1,SUV,22,322659.1,44.2,41.2,575.0,1,3,44.717999999999975
9,Replace Fuel Filter,550.0,0.75,1,SUV,22,282577.2,44.0,43.5,575.0,1,3,43.61800000000001
4,Wheel Alignment,800.0,1.0,1,SUV,22,274304.7,58.3,56.5,1150.0,1,3,57.75199999999999
12,Replace Suspension Bushing,1500.0,2.5,0,Hatchback,22,289219.5,154.6,254.8,1925.0,1,1,260.7569999999998
13,Replace Tie Rod / Rack End,1000.0,1.5,1,Hatchback,22,271777.2,94.4,100.5,1550.0,1,1,99.18000000000005
4,Wheel Alignment,800.0,1.0,1,Hatchback,22,337284.9,61.8,57.1,1300.0,1,1,58.743000000000066
17,Replace Shock Absorbers,1500.0,2.0,1,Hatchback,22,354108.7,125.5,131.8,1725.0,1,1,132.62799999999993
2,Brake Service,800.0,1.25,1,Crossover,23,313428.8,72.4,82.3,1000.0,1,0,75.757
2,Brake Service,800.0,1.25,1,Crossover,23,316888.2,78.6,92.1,650.0,1,0,87.42000000000013
1,Change Oil,650.0,0.75,1,Sedan,25,311402.7,45.7,45.8,700.0,1,4,45.30800000000003
9,Replace Fuel Filter,550.0,0.75,1,Sedan,25,354331.4,42.8,39.5,450.0,1,4,41.28499999999999
7,Aircon Cleaning & Freon Charge,2500.0,3.0,0,Hatchback,5,67330.3,172.0,186.1,2300.0,0,1,198.871
2,Brake Service,800.0,1.25,1,Hatchback,5,75206.5,76.7,76.0,750.0,0,1,76.571
7,Aircon Cleaning & Freon Charge,2500.0,3.0,0,SUV,25,308408.3,188.0,324.1,2900.0,1,3,333.26399999999956
1,Change Oil,650.0,0.75,1,Sedan,14,176522.2,45.8,50.1,500.0,1,4,43.85199999999998
9,Replace Fuel Filter,550.0,0.75,1,Sedan,14,191987.8,44.1,48.9,650.0,1,4,47.39200000000001
1,Change Oil,650.0,0.75,1,Van,25,356978.9,45.6,47.3,850.0,1,5,47.42800000000005
9,Replace Fuel Filter,550.0,0.75,1,Van,25,376093.3,45.8,45.9,575.0,1,5,46.53300000000001
2,Brake Service,800.0,1.25,1,Van,25,382332.7,71.7,67.2,1725.0,1,5,70.88899999999995
1,Change Oil,650.0,0.75,1,Crossover,13,211848.9,43.2,44.9,675.0,1,0,44.854000000000006
9,Replace Fuel Filter,550.0,0.75,1,Crossover,13,169388.0,45.2,43.1,450.0,0,0,44.74399999999997
2,Brake Service,800.0,1.25,1,Crossover,13,204595.9,76.9,75.3,1650.0,1,0,77.07500000000009
2,Brake Service,800.0,1.25,1,SUV,25,324068.2,77.0,78.9,1250.0,1,3,78.07999999999996
2,Brake Service,800.0,1.25,1,SUV,25,391449.8,74.2,71.2,950.0,1,3,77.642
14,Rotor Disc Refacing,3000.0,2.0,1,SUV,25,307186.9,119.3,141.0,2950.0,1,3,113.123
2,Brake Service,800.0,1.25,1,Sedan,10,132281.6,74.8,83.3,1175.0,1,4,80.30200000000009
2,Brake Service,800.0,1.25,1,Sedan,10,140893.9,78.0,74.0,750.0,0,4,75.44099999999999
10,Replace Valve Cover Gasket,1400.0,1.75,0,SUV,25,394376.2,100.6,211.2,1700.0,1,3,206.06500000000034
6,Replace Fan Belt,800.0,1.0,1,SUV,25,393192.7,58.2,54.4,925.0,1,3,55.658999999999985
1,Change Oil,650.0,0.75,1,SUV,25,342766.8,45.3,45.9,875.0,1,3,46.03800000000001
2,Brake Service,800.0,1.25,1,SUV,25,298720.3,75.3,71.3,725.0,1,3,76.33600000000007
2,Brake Service,800.0,1.25,1,SUV,25,377729.6,74.3,72.3,850.0,1,3,74.03100000000008
14,Rotor Disc Refacing,3000.0,2.0,1,SUV,25,372767.0,125.9,118.2,3700.0,1,3,123.11200000000017
1,Change Oil,650.0,0.75,1,Sedan,25,314215.0,45.9,46.1,775.0,1,4,47.00899999999999
9,Replace Fuel Filter,550.0,0.75,1,Sedan,25,316690.7,44.8,42.2,525.0,1,4,42.821999999999946
2,Brake Service,800.0,1.25,1,Sedan,25,368700.4,75.3,72.8,1450.0,1,4,73.87300000000006
10,Replace Valve Cover Gasket,1400.0,1.75,0,Crossover,15,219893.2,106.6,126.1,1025.0,1,0,140.7210000000002
6,Replace Fan Belt,800.0,1.0,1,Crossover,15,235015.2,58.9,60.9,850.0,1,0,60.011999999999965
2,Brake Service,800.0,1.25,1,Sedan,13,158066.5,76.9,84.6,875.0,1,4,81.63900000000008
2,Brake Service,800.0,1.25,1,Sedan,13,192960.0,76.7,74.5,650.0,0,4,78.58500000000005
10,Replace Valve Cover Gasket,1400.0,1.75,0,SUV,12,155876.7,109.4,137.5,1650.0,1,3,149.93900000000002
6,Replace Fan Belt,800.0,1.0,1,SUV,12,177326.0,60.5,62.2,1575.0,1,3,61.42399999999996
1,Change Oil,650.0,0.75,1,SUV,12,187459.3,45.5,47.3,800.0,1,3,47.03700000000004
1,Change Oil,650.0,0.75,1,SUV,24,374627.5,44.9,48.9,675.0,1,3,48.13700000000001
9,Replace Fuel Filter,550.0,0.75,1,SUV,24,354108.0,46.7,49.5,475.0,1,3,48.260999999999996
2,Brake Service,800.0,1.25,1,SUV,24,331137.7,72.4,76.6,1675.0,1,3,76.49500000000008
2,Brake Service,800.0,1.25,1,Hatchback,12,167007.8,72.1,74.3,750.0,1,1,74.13300000000001
2,Brake Service,800.0,1.25,1,Hatchback,12,173929.9,75.5,78.7,625.0,0,1,78.87799999999994
10,Replace Valve Cover Gasket,1400.0,1.75,0,Sedan,3,52663.2,108.4,92.5,1250.0,0,4,104.19799999999998
6,Replace Fan Belt,800.0,1.0,1,Sedan,3,37867.2,60.8,59.4,725.0,0,4,60.86699999999994
2,Brake Service,800.0,1.25,1,Sedan,16,219985.5,75.7,78.1,1175.0,1,4,79.71600000000012
2,Brake Service,800.0,1.25,1,Sedan,16,237226.7,74.9,74.3,1050.0,1,4,75.82600000000012
4,Wheel Alignment,800.0,1.0,1,Sedan,16,237284.0,59.2,65.1,825.0,1,4,59.846000000000025
2,Brake Service,800.0,1.25,1,Crossover,12,168288.6,72.9,69.2,925.0,1,0,71.82799999999992
2,Brake Service,800.0,1.25,1,Crossover,12,174245.1,75.8,79.0,1125.0,1,0,77.31299999999999
12,Replace Suspension Bushing,1500.0,2.5,0,Van,1,21668.8,147.0,199.3,1550.0,0,5,193.99999999999977
13,Replace Tie Rod / Rack End,1000.0,1.5,1,Van,1,11766.1,88.9,73.2,950.0,0,5,87.74200000000008
4,Wheel Alignment,800.0,1.0,1,Van,1,19730.7,61.6,72.7,1150.0,1,5,62.43499999999999
17,Replace Shock Absorbers,1500.0,2.0,1,Van,1,12359.4,117.0,132.5,1275.0,0,5,127.76200000000004
2,Brake Service,800.0,1.25,1,Van,10,129242.4,74.7,68.0,575.0,0,5,71.87100000000001
2,Brake Service,800.0,1.25,1,Van,10,132264.7,78.4,83.5,950.0,1,5,82.626
1,Change Oil,650.0,0.75,1,Van,4,62434.4,45.8,53.2,675.0,0,5,45.993999999999936
9,Replace Fuel Filter,550.0,0.75,1,Van,4,52980.2,43.0,45.4,500.0,0,5,44.60600000000002
1,Change Oil,650.0,0.75,1,Sedan,24,309967.0,44.9,40.1,575.0,1,4,44.672
9,Replace Fuel Filter,550.0,0.75,1,Sedan,24,343749.9,43.0,45.5,600.0,1,4,43.57099999999997
1,Change Oil,650.0,0.75,1,Sedan,4,52513.0,43.4,46.5,550.0,0,4,46.575999999999986
9,Replace Fuel Filter,550.0,0.75,1,Sedan,4,56070.5,42.9,40.8,650.0,0,4,42.455000000000034
2,Brake Service,800.0,1.25,1,Sedan,4,50895.6,74.0,65.5,2075.0,1,4,68.402
12,Replace Suspension Bushing,1500.0,2.5,0,Pickup,7,109330.5,148.5,176.0,2150.0,1,2,182.71099999999998
13,Replace Tie Rod / Rack End,1000.0,1.5,1,Pickup,7,110343.3,89.6,90.2,950.0,0,2,88.07799999999997
4,Wheel Alignment,800.0,1.0,1,Pickup,7,99058.9,62.3,63.7,1100.0,1,2,62.526999999999916
1,Change Oil,650.0,0.75,1,SUV,5,64841.3,46.7,39.9,700.0,0,3,42.04100000000005
9,Replace Fuel Filter,550.0,0.75,1,SUV,5,69562.0,45.6,41.1,600.0,0,3,42.76399999999996
2,Brake Service,800.0,1.25,1,Crossover,22,300891.6,75.2,79.9,975.0,1,0,79.40900000000006
2,Brake Service,800.0,1.25,1,Crossover,22,331972.4,72.6,84.3,775.0,1,0,80.10600000000005
1,Change Oil,650.0,0.75,1,Crossover,7,110421.9,44.4,52.4,575.0,0,0,45.38799999999998
9,Replace Fuel Filter,550.0,0.75,1,Crossover,7,104761.2,43.7,47.1,625.0,1,0,46.06499999999999
11,Down Clutch / Pulldown Transmission,3500.0,4.5,0,Sedan,14,200317.9,259.6,381.1,2975.0,1,4,403.14299999999974
8,Change ATF / Transmission Fluid Flush,650.0,0.75,1,Sedan,14,192804.9,46.3,48.1,825.0,1,4,46.18600000000001
11,Down Clutch / Pulldown Transmission,3500.0,4.5,0,Sedan,1,20389.4,266.6,295.4,3550.0,0,4,297.7840000000004
2,Brake Service,800.0,1.25,1,Sedan,18,285462.6,71.3,70.8,1225.0,1,4,70.83500000000004
2,Brake Service,800.0,1.25,1,Sedan,18,224827.3,77.7,88.3,775.0,1,4,83.42400000000004
14,Rotor Disc Refacing,3000.0,2.0,1,Sedan,18,279766.7,124.7,132.1,3100.0,1,4,128.0020000000001
2,Brake Service,800.0,1.25,1,Sedan,25,396129.8,77.6,64.0,1250.0,1,4,81.73399999999997
2,Brake Service,800.0,1.25,1,Sedan,25,357034.8,75.0,74.6,1125.0,1,4,77.47700000000007
2,Brake Service,800.0,1.25,1,Sedan,12,171680.0,74.5,71.0,950.0,1,4,71.58
2,Brake Service,800.0,1.25,1,Sedan,12,172149.6,77.3,87.0,800.0,1,4,82.37400000000001
4,Wheel Alignment,800.0,1.0,1,Sedan,12,169018.8,60.9,64.4,1075.0,1,4,63.478999999999935
2,Brake Service,800.0,1.25,1,Crossover,25,302870.0,73.4,80.5,650.0,1,0,77.26000000000005
2,Brake Service,800.0,1.25,1,Crossover,25,306658.7,73.2,76.3,725.0,1,0,76.11400000000008
11,Down Clutch / Pulldown Transmission,3500.0,4.5,0,Sedan,19,250908.5,258.8,485.3,3175.0,1,4,458.00100000000043
12,Replace Suspension Bushing,1500.0,2.5,0,Crossover,4,56653.8,148.8,171.0,2575.0,1,0,175.96300000000008
13,Replace Tie Rod / Rack End,1000.0,1.5,1,Crossover,4,59016.7,85.7,84.1,1225.0,0,0,84.07100000000011
4,Wheel Alignment,800.0,1.0,1,Crossover,4,47055.2,59.6,64.4,1025.0,1,0,58.662000000000035
1,Change Oil,650.0,0.75,1,Sedan,24,312354.2,46.9,45.7,900.0,1,4,47.21399999999997
9,Replace Fuel Filter,550.0,0.75,1,Sedan,24,386509.5,43.0,41.1,575.0,1,4,42.37699999999996
2,Brake Service,800.0,1.25,1,Sedan,24,333315.1,78.2,84.1,2125.0,1,4,81.4870000000001
10,Replace Valve Cover Gasket,1400.0,1.75,0,Sedan,17,263331.2,104.6,152.7,2000.0,1,4,153.37800000000013
6,Replace Fan Belt,800.0,1.0,1,Sedan,17,211484.4,62.6,67.7,1125.0,1,4,65.00599999999999
2,Brake Service,800.0,1.25,1,Van,11,143685.9,78.6,81.8,700.0,0,5,81.44300000000007
2,Brake Service,800.0,1.25,1,Van,11,164653.8,72.6,74.7,925.0,1,5,73.84599999999989
4,Wheel Alignment,800.0,1.0,1,Van,11,171290.9,59.5,61.0,1425.0,1,5,61.56899999999998
1,Change Oil,650.0,0.75,1,Sedan,14,223937.7,45.8,46.4,600.0,1,4,44.260999999999996
9,Replace Fuel Filter,550.0,0.75,1,Sedan,14,167852.2,43.6,41.5,625.0,1,4,42.045999999999985
4,Wheel Alignment,800.0,1.0,1,Sedan,14,188630.7,57.6,59.2,1125.0,1,4,59.71799999999993
1,Change Oil,650.0,0.75,1,Sedan,2,29072.6,45.6,45.5,525.0,0,4,46.47800000000001
9,Replace Fuel Filter,550.0,0.75,1,Sedan,2,36525.4,46.5,54.5,525.0,0,4,48.11099999999996
12,Replace Suspension Bushing,1500.0,2.5,0,Sedan,21,269160.7,157.2,293.9,1950.0,1,4,277.3090000000004
13,Replace Tie Rod / Rack End,1000.0,1.5,1,Sedan,21,294201.1,90.7,93.2,975.0,1,4,92.85799999999998
4,Wheel Alignment,800.0,1.0,1,Sedan,21,270486.4,61.9,67.4,925.0,1,4,66.53899999999993
17,Replace Shock Absorbers,1500.0,2.0,1,Sedan,21,273736.5,125.7,140.5,1275.0,1,4,138.02700000000004
1,Change Oil,650.0,0.75,1,Sedan,4,60045.9,46.9,44.4,750.0,0,4,45.10800000000001
9,Replace Fuel Filter,550.0,0.75,1,Sedan,4,59151.9,45.2,46.6,400.0,0,4,45.666000000000004
7,Aircon Cleaning & Freon Charge,2500.0,3.0,0,Sedan,24,369925.3,186.1,337.5,3025.0,1,4,344.949
12,Replace Suspension Bushing,1500.0,2.5,0,Crossover,7,90042.4,153.0,203.8,1925.0,1,0,200.12199999999976
13,Replace Tie Rod / Rack End,1000.0,1.5,1,Crossover,7,103676.3,87.2,81.6,1325.0,1,0,90.41800000000003
4,Wheel Alignment,800.0,1.0,1,Crossover,7,93764.2,63.0,62.0,1000.0,1,0,62.790000000000006
1,Change Oil,650.0,0.75,1,Van,25,319400.6,43.7,47.2,900.0,1,5,46.192999999999955
9,Replace Fuel Filter,550.0,0.75,1,Van,25,363529.0,46.8,48.3,700.0,1,5,46.40600000000005
4,Wheel Alignment,800.0,1.0,1,Van,25,309798.9,60.5,51.8,975.0,1,5,54.890000000000065
10,Replace Valve Cover Gasket,1400.0,1.75,0,Sedan,16,234180.9,101.9,153.7,1600.0,1,4,151.4270000000002
6,Replace Fan Belt,800.0,1.0,1,Sedan,16,198424.4,57.6,66.9,675.0,1,4,58.468999999999966
7,Aircon Cleaning & Freon Charge,2500.0,3.0,0,Crossover,2,29307.2,174.3,156.0,2775.0,0,0,163.10100000000003
2,Brake Service,800.0,1.25,1,Crossover,2,37166.1,78.3,74.9,650.0,0,0,78.07999999999993
1,Change Oil,650.0,0.75,1,Sedan,11,132491.6,46.0,47.4,675.0,1,4,47.12299999999998
9,Replace Fuel Filter,550.0,0.75,1,Sedan,11,168403.0,43.9,40.4,575.0,0,4,42.546000000000014
2,Brake Service,800.0,1.25,1,Hatchback,15,181072.9,72.2,87.2,725.0,1,1,81.37499999999991
2,Brake Service,800.0,1.25,1,Hatchback,15,208897.1,73.6,74.3,675.0,1,1,74.93900000000004
12,Replace Suspension Bushing,1500.0,2.5,0,Sedan,22,282897.9,152.9,200.4,1625.0,1,4,222.96800000000013
13,Replace Tie Rod / Rack End,1000.0,1.5,1,Sedan,22,304027.3,87.5,95.5,1050.0,1,4,92.01299999999999
4,Wheel Alignment,800.0,1.0,1,Sedan,22,299754.5,59.8,60.7,1350.0,1,4,61.07399999999993
12,Replace Suspension Bushing,1500.0,2.5,0,Crossover,11,160222.6,146.0,190.7,1700.0,1,0,194.90100000000024
13,Replace Tie Rod / Rack End,1000.0,1.5,1,Crossover,11,159290.9,93.1,95.0,1200.0,1,0,94.932
4,Wheel Alignment,800.0,1.0,1,Crossover,11,144605.7,57.0,71.4,875.0,1,0,68.66999999999993
1,Change Oil,650.0,0.75,1,Hatchback,2,32159.0,46.9,51.8,550.0,0,1,50.11400000000006
9,Replace Fuel Filter,550.0,0.75,1,Hatchback,2,31305.8,45.8,45.1,625.0,0,1,45.673999999999985
4,Wheel Alignment,800.0,1.0,1,Hatchback,2,26830.8,59.8,66.3,800.0,0,1,60.706
11,Down Clutch / Pulldown Transmission,3500.0,4.5,0,Hatchback,11,168628.6,268.0,373.5,4750.0,1,1,364.42199999999997
1,Change Oil,650.0,0.75,1,Hatchback,11,142653.6,46.0,45.7,725.0,1,1,48.403999999999975
12,Replace Suspension Bushing,1500.0,2.5,0,SUV,25,305284.1,154.9,316.2,1800.0,1,3,300.3290000000002
13,Replace Tie Rod / Rack End,1000.0,1.5,1,SUV,25,366792.7,87.0,85.0,1425.0,1,3,88.86299999999997
4,Wheel Alignment,800.0,1.0,1,SUV,25,373621.1,59.0,55.7,875.0,1,3,56.989999999999945
7,Aircon Cleaning & Freon Charge,2500.0,3.0,0,Hatchback,12,152988.6,177.2,230.9,2925.0,1,1,234.77900000000017
2,Brake Service,800.0,1.25,1,Hatchback,12,180394.9,75.6,76.0,550.0,0,1,77.321
1,Change Oil,650.0,0.75,1,Van,25,329923.9,45.5,42.8,675.0,1,5,44.76500000000004
9,Replace Fuel Filter,550.0,0.75,1,Van,25,357932.6,44.6,47.0,575.0,1,5,45.95400000000001
7,Aircon Cleaning & Freon Charge,2500.0,3.0,0,Hatchback,23,285023.9,175.2,331.5,3500.0,1,1,303.57000000000016
12,Replace Suspension Bushing,1500.0,2.5,0,Hatchback,25,388164.9,146.9,277.1,1325.0,1,1,282.8279999999996
13,Replace Tie Rod / Rack End,1000.0,1.5,1,Hatchback,25,313565.4,85.5,79.8,875.0,1,1,81.68000000000006
4,Wheel Alignment,800.0,1.0,1,Hatchback,25,401576.0,59.1,60.5,1000.0,1,1,59.973999999999975
11,Down Clutch / Pulldown Transmission,3500.0,4.5,0,SUV,7,91950.1,279.1,439.1,5325.0,1,3,409.48499999999956
8,Change ATF / Transmission Fluid Flush,650.0,0.75,1,SUV,7,106203.3,46.9,40.6,650.0,0,3,43.09399999999998
1,Change Oil,650.0,0.75,1,SUV,1,11263.6,45.6,43.0,600.0,0,3,44.57
9,Replace Fuel Filter,550.0,0.75,1,SUV,1,14025.8,46.7,54.5,425.0,0,3,50.871999999999986
2,Brake Service,800.0,1.25,1,SUV,1,15784.5,74.6,73.6,1875.0,1,3,75.11800000000008
1,Change Oil,650.0,0.75,1,Sedan,3,40767.5,44.2,45.4,775.0,0,4,45.60300000000001
9,Replace Fuel Filter,550.0,0.75,1,Sedan,3,46773.0,46.1,45.4,625.0,0,4,45.27800000000003
10,Replace Valve Cover Gasket,1400.0,1.75,0,Sedan,25,338910.2,108.5,199.3,1125.0,1,4,188.22799999999972
6,Replace Fan Belt,800.0,1.0,1,Sedan,25,370291.6,59.6,54.1,1300.0,1,4,55.96400000000006
1,Change Oil,650.0,0.75,1,Sedan,25,344593.8,46.8,50.0,600.0,1,4,49.244000000000014
10,Replace Valve Cover Gasket,1400.0,1.75,0,Sedan,22,315957.7,107.4,181.4,1300.0,1,4,189.45300000000003
6,Replace Fan Belt,800.0,1.0,1,Sedan,22,286610.9,59.1,53.3,800.0,1,4,55.13400000000005
2,Brake Service,800.0,1.25,1,Crossover,24,344764.2,77.6,78.5,1325.0,1,0,78.60200000000002
2,Brake Service,800.0,1.25,1,Crossover,24,368075.0,71.4,68.4,725.0,1,0,69.55199999999992
7,Aircon Cleaning & Freon Charge,2500.0,3.0,0,Hatchback,9,135109.3,188.5,299.7,2700.0,1,1,287.07099999999997
2,Brake Service,800.0,1.25,1,Sedan,22,268464.4,76.7,68.2,1175.0,1,4,72.12199999999993
2,Brake Service,800.0,1.25,1,Sedan,22,294053.1,72.6,67.6,825.0,1,4,70.00800000000008
4,Wheel Alignment,800.0,1.0,1,Sedan,22,268911.3,58.4,60.5,800.0,1,4,59.145999999999994
12,Replace Suspension Bushing,1500.0,2.5,0,Van,12,162687.3,142.6,194.3,1950.0,1,5,194.97599999999977
13,Replace Tie Rod / Rack End,1000.0,1.5,1,Van,12,156277.8,91.3,92.3,1050.0,1,5,92.398
4,Wheel Alignment,800.0,1.0,1,Van,12,180917.6,58.3,59.1,1250.0,1,5,59.51100000000006
17,Replace Shock Absorbers,1500.0,2.0,1,Van,12,155204.4,124.5,132.6,1575.0,1,5,129.18500000000012
12,Replace Suspension Bushing,1500.0,2.5,0,Crossover,25,375306.0,154.5,319.1,1850.0,1,0,308.47999999999956
13,Replace Tie Rod / Rack End,1000.0,1.5,1,Crossover,25,325517.3,86.5,87.1,1325.0,1,0,86.86300000000007
4,Wheel Alignment,800.0,1.0,1,Crossover,25,352149.6,62.8,69.8,825.0,1,0,67.70500000000008
2,Brake Service,800.0,1.25,1,Sedan,8,124036.2,74.1,77.6,1250.0,1,4,76.72600000000006
2,Brake Service,800.0,1.25,1,Sedan,8,118110.5,77.9,87.4,850.0,1,4,83.8979999999999
1,Change Oil,650.0,0.75,1,Sedan,18,273312.5,46.3,50.5,600.0,1,4,44.503000000000014
9,Replace Fuel Filter,550.0,0.75,1,Sedan,18,228850.7,46.5,52.3,425.0,1,4,47.20000000000002
12,Replace Suspension Bushing,1500.0,2.5,0,Sedan,2,31816.8,150.4,159.2,1450.0,0,4,168.90400000000017
13,Replace Tie Rod / Rack End,1000.0,1.5,1,Sedan,2,24560.6,90.9,87.0,700.0,0,4,88.45199999999998
4,Wheel Alignment,800.0,1.0,1,Sedan,2,23118.0,57.6,55.6,925.0,0,4,58.53700000000006
17,Replace Shock Absorbers,1500.0,2.0,1,Sedan,2,34949.1,114.1,109.2,1325.0,0,4,111.19500000000008
2,Brake Service,800.0,1.25,1,Crossover,25,385982.9,75.2,70.1,975.0,1,0,81.34900000000005
2,Brake Service,800.0,1.25,1,Crossover,25,349889.0,72.5,71.7,725.0,1,0,73.88099999999991
4,Wheel Alignment,800.0,1.0,1,Crossover,25,371111.4,62.6,62.6,875.0,1,0,63.54700000000008
12,Replace Suspension Bushing,1500.0,2.5,0,Sedan,25,368833.2,152.3,320.5,2700.0,1,4,304.8860000000001
13,Replace Tie Rod / Rack End,1000.0,1.5,1,Sedan,25,335970.0,90.0,80.2,1175.0,1,4,84.20699999999994
4,Wheel Alignment,800.0,1.0,1,Sedan,25,391129.7,58.6,52.8,875.0,1,4,54.34900000000006
17,Replace Shock Absorbers,1500.0,2.0,1,Sedan,25,319064.8,120.7,125.0,1575.0,1,4,121.08799999999998
1,Change Oil,650.0,0.75,1,SUV,14,185915.0,43.1,43.3,675.0,1,3,43.22900000000005
9,Replace Fuel Filter,550.0,0.75,1,SUV,14,188981.7,44.8,43.2,475.0,0,3,47.861999999999995
12,Replace Suspension Bushing,1500.0,2.5,0,Hatchback,13,203442.6,147.1,246.2,1825.0,1,1,235.79100000000017
13,Replace Tie Rod / Rack End,1000.0,1.5,1,Hatchback,13,165297.9,87.5,94.9,1025.0,1,1,91.83999999999989
4,Wheel Alignment,800.0,1.0,1,Hatchback,13,190924.6,57.6,61.2,850.0,1,1,60.10899999999993
12,Replace Suspension Bushing,1500.0,2.5,0,Crossover,13,196000.8,154.5,194.3,1950.0,1,0,203.49399999999977
13,Replace Tie Rod / Rack End,1000.0,1.5,1,Crossover,13,191649.0,90.1,90.6,825.0,0,0,86.35900000000001
4,Wheel Alignment,800.0,1.0,1,Crossover,13,189485.5,59.4,53.6,875.0,1,0,61.082000000000015
7,Aircon Cleaning & Freon Charge,2500.0,3.0,0,Sedan,25,352980.6,186.3,346.5,2900.0,1,4,346.44699999999995
1,Change Oil,650.0,0.75,1,SUV,25,358933.1,44.2,46.9,700.0,1,3,46.263999999999996
9,Replace Fuel Filter,550.0,0.75,1,SUV,25,364213.6,43.3,46.4,625.0,1,3,46.150999999999996
1,Change Oil,650.0,0.75,1,Sedan,4,48004.1,47.0,45.1,575.0,0,4,46.26800000000002
9,Replace Fuel Filter,550.0,0.75,1,Sedan,4,61717.2,46.7,39.1,425.0,0,4,41.36499999999997
1,Change Oil,650.0,0.75,1,Crossover,16,225685.5,43.0,43.4,550.0,1,0,44.62100000000002
9,Replace Fuel Filter,550.0,0.75,1,Crossover,16,218702.9,43.4,49.5,525.0,1,0,47.933
2,Brake Service,800.0,1.25,1,Crossover,16,207118.0,75.4,74.9,1825.0,1,0,75.58399999999997
1,Change Oil,650.0,0.75,1,Pickup,15,189374.0,46.1,46.4,575.0,1,2,46.82800000000002
9,Replace Fuel Filter,550.0,0.75,1,Pickup,15,176503.4,44.9,48.7,625.0,1,2,48.11099999999994
1,Change Oil,650.0,0.75,1,Crossover,22,317890.7,44.6,43.4,650.0,1,0,44.12600000000002
9,Replace Fuel Filter,550.0,0.75,1,Crossover,22,350543.8,43.6,48.8,475.0,1,0,47.53600000000005
2,Brake Service,800.0,1.25,1,Crossover,22,343391.1,74.6,85.4,1925.0,1,0,79.87799999999989
1,Change Oil,650.0,0.75,1,Van,24,338406.2,45.7,54.0,525.0,1,5,51.03300000000001
9,Replace Fuel Filter,550.0,0.75,1,Van,24,351183.6,45.6,53.8,550.0,1,5,45.894000000000034
4,Wheel Alignment,800.0,1.0,1,Van,24,329292.0,57.0,67.5,1075.0,1,5,65.48499999999999
11,Down Clutch / Pulldown Transmission,3500.0,4.5,0,Crossover,3,47363.8,267.1,277.6,5575.0,1,0,289.4049999999998
12,Replace Suspension Bushing,1500.0,2.5,0,Pickup,6,90554.8,149.6,185.1,1925.0,1,2,183.03799999999998
13,Replace Tie Rod / Rack End,1000.0,1.5,1,Pickup,6,85486.0,93.3,93.2,1125.0,0,2,95.52900000000001
4,Wheel Alignment,800.0,1.0,1,Pickup,6,97594.9,59.2,59.8,1050.0,1,2,59.58200000000008
1,Change Oil,650.0,0.75,1,Hatchback,7,100062.5,46.6,47.7,625.0,0,1,47.141999999999946
9,Replace Fuel Filter,550.0,0.75,1,Hatchback,7,103435.9,45.3,46.0,475.0,0,1,45.881
1,Change Oil,650.0,0.75,1,Sedan,24,296740.6,43.5,41.9,550.0,1,4,42.81400000000002
9,Replace Fuel Filter,550.0,0.75,1,Sedan,24,377691.7,43.8,48.2,475.0,1,4,47.03799999999995
2,Brake Service,800.0,1.25,1,Sedan,24,337114.3,72.1,64.5,1425.0,1,4,68.06900000000002
12,Replace Suspension Bushing,1500.0,2.5,0,Sedan,17,275801.4,148.7,249.5,1200.0,1,4,248.7600000000001
13,Replace Tie Rod / Rack End,1000.0,1.5,1,Sedan,17,209761.0,87.4,99.2,1275.0,1,4,96.853
4,Wheel Alignment,800.0,1.0,1,Sedan,17,221474.1,59.8,57.1,925.0,1,4,61.455999999999975
1,Change Oil,650.0,0.75,1,Sedan,12,161870.3,47.0,45.9,525.0,0,4,47.57999999999997
9,Replace Fuel Filter,550.0,0.75,1,Sedan,12,159466.5,47.1,50.6,625.0,1,4,49.15300000000001
12,Replace Suspension Bushing,1500.0,2.5,0,SUV,15,197981.6,154.9,228.4,1900.0,1,3,230.40500000000003
13,Replace Tie Rod / Rack End,1000.0,1.5,1,SUV,15,222908.8,86.4,96.2,900.0,1,3,93.41499999999996
4,Wheel Alignment,800.0,1.0,1,SUV,15,188799.2,58.7,56.1,1000.0,1,3,57.23100000000005
7,Aircon Cleaning & Freon Charge,2500.0,3.0,0,Sedan,24,308976.2,176.9,307.5,3325.0,1,4,322.8579999999997
2,Brake Service,800.0,1.25,1,Sedan,24,327781.8,74.9,76.1,700.0,1,4,72.846
15,Top Overhaul,15000.0,14.0,0,Sedan,20,249628.8,861.7,1507.6,17200.0,1,4,1455.774000000001
1,Change Oil,650.0,0.75,1,Hatchback,25,386408.3,46.4,52.6,575.0,1,1,52.16000000000001
9,Replace Fuel Filter,550.0,0.75,1,Hatchback,25,383128.8,47.2,44.5,625.0,1,1,49.07900000000001
2,Brake Service,800.0,1.25,1,Hatchback,25,326471.6,71.9,78.3,1375.0,1,1,77.46800000000009
2,Brake Service,800.0,1.25,1,Van,16,206338.3,76.0,80.4,1075.0,1,5,80.17199999999994
2,Brake Service,800.0,1.25,1,Van,16,254080.4,75.6,76.9,925.0,1,5,82.11200000000004
10,Replace Valve Cover Gasket,1400.0,1.75,0,Hatchback,24,361279.2,103.9,171.7,1425.0,1,1,180.75000000000028
6,Replace Fan Belt,800.0,1.0,1,Hatchback,24,305307.5,57.1,54.0,975.0,1,1,58.277999999999984
2,Brake Service,800.0,1.25,1,Sedan,22,314140.7,73.2,87.4,500.0,1,4,82.98799999999994
2,Brake Service,800.0,1.25,1,Sedan,22,271956.5,73.1,74.1,600.0,1,4,75.58800000000008
14,Rotor Disc Refacing,3000.0,2.0,1,Sedan,22,314851.2,119.9,99.5,2300.0,1,4,107.48199999999997
12,Replace Suspension Bushing,1500.0,2.5,0,Crossover,9,116866.5,157.4,259.8,1200.0,1,0,240.62699999999973
13,Replace Tie Rod / Rack End,1000.0,1.5,1,Crossover,9,148477.1,89.7,87.2,1175.0,1,0,88.06200000000007
4,Wheel Alignment,800.0,1.0,1,Crossover,9,125063.5,58.0,54.3,1275.0,1,0,56.24900000000008
2,Brake Service,800.0,1.25,1,Sedan,7,104502.7,75.2,78.2,900.0,0,4,81.03100000000006
2,Brake Service,800.0,1.25,1,Sedan,7,85409.5,77.8,63.8,975.0,0,4,68.0250000000001
4,Wheel Alignment,800.0,1.0,1,Sedan,7,91533.6,58.8,61.6,1075.0,1,4,60.13800000000005
12,Replace Suspension Bushing,1500.0,2.5,0,SUV,25,372356.0,146.4,251.1,2100.0,1,3,283.69
13,Replace Tie Rod / Rack End,1000.0,1.5,1,SUV,25,377264.5,91.3,91.4,725.0,1,3,93.00499999999985
4,Wheel Alignment,800.0,1.0,1,SUV,25,308370.9,59.1,61.9,800.0,1,3,60.08499999999993
12,Replace Suspension Bushing,1500.0,2.5,0,Sedan,24,335678.9,152.3,269.7,1600.0,1,4,289.9780000000002
13,Replace Tie Rod / Rack End,1000.0,1.5,1,Sedan,24,379931.3,85.6,91.7,625.0,1,4,92.04199999999997
4,Wheel Alignment,800.0,1.0,1,Sedan,24,367300.5,58.8,60.4,1400.0,1,4,59.78600000000003
2,Brake Service,800.0,1.25,1,Sedan,19,283694.6,72.2,78.0,875.0,1,4,75.18299999999995
2,Brake Service,800.0,1.25,1,Sedan,19,280909.3,75.1,80.7,700.0,1,4,82.41400000000004
1,Change Oil,650.0,0.75,1,Sedan,17,212594.9,43.8,48.0,750.0,1,4,47.56000000000001
9,Replace Fuel Filter,550.0,0.75,1,Sedan,17,240906.1,46.4,48.4,500.0,1,4,47.29400000000001
2,Brake Service,800.0,1.25,1,Van,17,231635.4,71.6,69.6,1225.0,1,5,70.72999999999998
2,Brake Service,800.0,1.25,1,Van,17,239344.8,71.5,62.9,900.0,1,5,67.24099999999994
7,Aircon Cleaning & Freon Charge,2500.0,3.0,0,SUV,15,229566.2,188.6,251.0,2800.0,1,3,260.93100000000004
2,Brake Service,800.0,1.25,1,SUV,15,225668.1,74.5,73.1,650.0,0,3,74.6320000000001
12,Replace Suspension Bushing,1500.0,2.5,0,Sedan,25,319191.3,156.3,285.6,2350.0,1,4,298.7809999999998
13,Replace Tie Rod / Rack End,1000.0,1.5,1,Sedan,25,359922.9,94.5,92.9,1425.0,1,4,92.12599999999988
4,Wheel Alignment,800.0,1.0,1,Sedan,25,343597.8,59.1,62.9,725.0,1,4,60.564999999999955
17,Replace Shock Absorbers,1500.0,2.0,1,Sedan,25,388805.0,123.2,111.4,1650.0,1,4,119.8839999999998
2,Brake Service,800.0,1.25,1,Pickup,19,274387.5,78.0,75.8,875.0,1,2,75.14400000000006
2,Brake Service,800.0,1.25,1,Pickup,19,272894.4,71.3,71.4,600.0,1,2,69.92399999999995
2,Brake Service,800.0,1.25,1,Crossover,11,167440.2,73.4,74.2,625.0,0,0,72.49799999999993
2,Brake Service,800.0,1.25,1,Crossover,11,131111.8,72.1,66.3,725.0,0,0,70.34100000000007
14,Rotor Disc Refacing,3000.0,2.0,1,Crossover,11,154100.9,119.1,121.4,3175.0,1,0,121.66799999999988
10,Replace Valve Cover Gasket,1400.0,1.75,0,Hatchback,4,59136.4,100.5,125.5,1400.0,0,1,125.34599999999999
6,Replace Fan Belt,800.0,1.0,1,Hatchback,4,61066.4,62.5,71.0,825.0,0,1,62.47000000000005
1,Change Oil,650.0,0.75,1,Hatchback,4,63772.1,46.5,46.6,500.0,0,1,45.64899999999999
11,Down Clutch / Pulldown Transmission,3500.0,4.5,0,Crossover,17,254982.9,262.1,393.6,3800.0,1,0,433.8820000000003
8,Change ATF / Transmission Fluid Flush,650.0,0.75,1,Crossover,17,225665.6,45.4,51.1,700.0,1,0,46.742999999999995
11,Down Clutch / Pulldown Transmission,3500.0,4.5,0,Sedan,12,140587.9,259.2,435.2,3475.0,1,4,425.6059999999997
12,Replace Suspension Bushing,1500.0,2.5,0,Sedan,13,200367.8,151.1,203.0,1350.0,1,4,236.34100000000007
13,Replace Tie Rod / Rack End,1000.0,1.5,1,Sedan,13,179080.1,86.7,83.9,850.0,0,4,87.58799999999991
4,Wheel Alignment,800.0,1.0,1,Sedan,13,165256.3,57.5,65.8,950.0,1,4,60.43300000000009
1,Change Oil,650.0,0.75,1,Sedan,25,356774.7,46.6,52.5,600.0,1,4,49.31300000000002
9,Replace Fuel Filter,550.0,0.75,1,Sedan,25,348402.2,46.2,47.2,575.0,1,4,46.674999999999955
4,Wheel Alignment,800.0,1.0,1,Sedan,25,352190.0,62.3,63.2,1150.0,1,4,62.48299999999994
12,Replace Suspension Bushing,1500.0,2.5,0,Sedan,25,377608.9,150.7,265.3,1850.0,1,4,286.7250000000001
13,Replace Tie Rod / Rack End,1000.0,1.5,1,Sedan,25,390035.0,91.2,86.0,1050.0,1,4,87.691
4,Wheel Alignment,800.0,1.0,1,Sedan,25,334916.7,58.1,56.5,775.0,1,4,56.42199999999999
1,Change Oil,650.0,0.75,1,Sedan,11,156738.1,44.0,45.0,725.0,1,4,45.39299999999999
9,Replace Fuel Filter,550.0,0.75,1,Sedan,11,174177.0,44.6,47.2,700.0,1,4,46.81399999999994
