service_id,service_name,base_price,base_duration_hours,is_price_fixed,vehicle_type,vehicle_age,mileage,estimated_duration_mins,actual_duration_mins,actual_amount,is_churned,vehicle_type_encoded,predicted_duration_mins,predicted_amount
36,Down Clutch / Pulldown Transmission,3500.0,4.5,0,Sedan,6,88348.2,276.3,294.3,6525.0,1,4,322.8309999999998,6033.0
54,General Engine Overhaul,22000.0,24.0,0,Sedan,6,71499.0,1492.7,2312.8,37200.0,1,4,2119.4459999999985,37652.25
36,Down Clutch / Pulldown Transmission,3500.0,4.5,0,Sedan,17,213008.6,279.0,418.5,5800.0,1,4,437.0800000000001,6169.25
36,Down Clutch / Pulldown Transmission,3500.0,4.5,0,Sedan,6,75356.9,270.7,258.4,1650.0,0,4,282.9710000000004,2814.0
53,Top Overhaul,15000.0,14.0,0,Sedan,6,83497.9,822.5,936.4,11900.0,0,4,957.223999999999,11815.0
35,Power Steering Pump Overhaul / Replacement,1800.0,2.0,0,Sedan,6,88440.0,120.2,140.3,1750.0,0,4,139.51799999999994,1958.5
18,Wheel Alignment,900.0,1.0,1,Sedan,6,83797.9,57.4,55.8,925.0,0,4,55.975000000000094,922.75
26,Overhaul / Replace Steering Rack & Pinion,4500.0,4.0,0,Sedan,6,78239.2,238.6,301.3,4150.0,0,4,298.9859999999997,4628.5
49,Replace Timing Belt / Chain,3500.0,4.0,0,Sedan,6,79646.5,234.2,243.0,3875.0,0,4,259.76399999999995,4655.0
22,Replace Suspension Bushing,1500.0,2.5,0,Sedan,6,86588.9,145.3,203.1,2125.0,1,4,201.98,2011.25
21,Replace Shock Absorbers,1200.0,2.0,1,Sedan,6,71671.6,114.5,107.5,1150.0,0,4,108.525,1165.75
37,Air Conditioning Cleaning & Freon Charge,3500.0,3.0,0,Sedan,11,149712.9,177.4,262.8,9275.0,1,4,240.3389999999997,7209.75
58,General Mechanical Inspection & Check-Up,800.0,0.5,1,Sedan,11,143629.2,28.7,30.6,825.0,1,4,29.740999999999982,814.25
58,General Mechanical Inspection & Check-Up,800.0,0.5,1,Sedan,6,94522.7,28.7,27.3,800.0,0,4,28.08700000000001,798.25
46,Starter Motor Repair / Replacement,2050.0,1.5,0,Sedan,6,95817.4,88.5,109.1,2475.0,1,4,112.25400000000009,2457.5
40,Radiator Replacement / Repair,1500.0,1.5,0,Sedan,6,84289.3,91.2,114.2,1325.0,0,4,111.92800000000013,1490.25
58,General Mechanical Inspection & Check-Up,800.0,0.5,1,SUV,20,253839.7,30.8,35.1,800.0,1,3,33.685999999999964,795.0
36,Down Clutch / Pulldown Transmission,3500.0,4.5,0,Van,8,113597.0,268.0,359.8,4625.0,1,5,369.9389999999998,4964.0
36,Down Clutch / Pulldown Transmission,3500.0,4.5,0,Sedan,6,81156.0,281.0,328.5,3725.0,1,4,328.6740000000001,4356.5
22,Replace Suspension Bushing,1500.0,2.5,0,Sedan,10,148196.4,143.7,178.6,1800.0,1,4,188.62,1863.5
20,Tire Rotation & Balancing,800.0,0.75,1,Sedan,10,162693.5,45.6,47.4,800.0,1,4,48.159000000000006,802.0
1,Change Oil,650.0,0.75,1,Sedan,10,134066.1,45.2,43.6,650.0,0,4,44.70999999999997,652.5
22,Replace Suspension Bushing,1500.0,2.5,0,Sedan,10,129669.8,154.8,141.0,1400.0,0,4,166.51399999999998,1692.5
31,Replace Wheel Bearing,1350.0,1.5,1,Sedan,10,125442.6,88.5,89.1,1375.0,0,4,88.97400000000015,1362.5
1,Change Oil,650.0,0.75,1,Sedan,10,144890.9,44.4,45.2,625.0,0,4,45.39199999999997,635.0
14,Replace Brake Pads,600.0,1.0,1,Sedan,10,130738.1,57.2,58.6,650.0,1,4,58.84300000000003,632.0
58,General Mechanical Inspection & Check-Up,800.0,0.5,1,SUV,18,218328.9,31.2,30.4,800.0,1,3,30.46900000000003,809.5
36,Down Clutch / Pulldown Transmission,3500.0,4.5,0,Van,8,119475.9,263.0,403.1,5600.0,1,5,386.80799999999965,5731.25
1,Change Oil,650.0,0.75,1,Sedan,16,211675.6,44.4,50.3,675.0,1,4,48.52200000000007,663.25
18,Wheel Alignment,900.0,1.0,1,Sedan,6,81032.4,62.0,58.3,875.0,0,4,64.29300000000006,915.5
9,Cleaning EGR,4500.0,3.5,0,Sedan,6,75660.2,213.7,270.7,5575.0,1,4,278.1639999999998,5514.0
16,Rotor Disc Refacing / Resurfacing,2500.0,2.0,1,Sedan,6,80823.1,116.1,109.9,2625.0,0,4,111.2999999999999,2557.25
23,Replace Tie Rod End,800.0,1.0,1,Sedan,6,91269.3,59.0,58.5,825.0,0,4,59.376,810.0
15,Replace Brake Shoes,800.0,1.0,1,Sedan,6,93463.5,60.3,53.8,800.0,0,4,56.25400000000005,799.0
1,Change Oil,650.0,0.75,1,Sedan,6,80898.3,46.8,42.3,675.0,0,4,44.08500000000004,667.0
3,Replace Fuel Filter,550.0,0.75,1,Sedan,6,84818.5,46.8,48.7,550.0,0,4,47.95099999999995,549.0
13,Brake Service & Cleaning,800.0,1.25,1,Sedan,6,83502.6,72.5,75.3,825.0,0,4,74.97200000000008,814.25
7,Replace Fuel Pump,750.0,1.5,0,Sedan,6,68539.9,91.5,146.5,1525.0,1,4,138.05700000000002,1482.0
21,Replace Shock Absorbers,1200.0,2.0,1,Sedan,6,85562.6,122.5,117.6,1150.0,0,4,122.33700000000013,1171.5
16,Rotor Disc Refacing / Resurfacing,2500.0,2.0,1,Sedan,6,93361.0,124.2,134.9,2650.0,0,4,126.92599999999986,2569.0
21,Replace Shock Absorbers,1200.0,2.0,1,Sedan,6,74028.5,117.2,127.8,1200.0,0,4,124.7369999999999,1201.5
43,Engine Diagnostics & Electrical Scan,1500.0,0.75,1,Sedan,6,92479.9,45.0,44.9,1625.0,0,4,44.98500000000003,1576.0
7,Replace Fuel Pump,750.0,1.5,0,Sedan,6,81077.7,88.0,112.0,1650.0,1,4,115.15699999999997,1452.0
12,Replace Spark Plugs,300.0,0.5,1,Sedan,6,83476.6,31.4,31.5,300.0,0,4,35.256,312.75
54,General Engine Overhaul,22000.0,24.0,0,Crossover,10,127686.4,1429.7,1868.8,24625.0,1,0,1832.0179999999975,25454.75
1,Change Oil,650.0,0.75,1,Crossover,10,141468.7,44.2,45.8,625.0,0,0,45.162000000000056,634.25
18,Wheel Alignment,900.0,1.0,1,SUV,17,271706.9,60.4,62.7,875.0,1,3,60.85799999999992,882.25
16,Rotor Disc Refacing / Resurfacing,2500.0,2.0,1,SUV,17,268144.8,120.2,126.0,2550.0,1,3,125.34100000000001,2558.0
9,Cleaning EGR,4500.0,3.5,0,SUV,17,255529.4,207.0,365.9,7675.0,1,3,306.54000000000013,8167.25
23,Replace Tie Rod End,800.0,1.0,1,SUV,17,265359.7,62.5,66.3,900.0,1,3,67.36299999999994,796.25
15,Replace Brake Shoes,800.0,1.0,1,SUV,17,261733.6,61.2,63.6,800.0,1,3,63.565000000000026,802.0
1,Change Oil,650.0,0.75,1,SUV,17,226866.2,43.2,42.4,650.0,1,3,45.47300000000001,644.5
3,Replace Fuel Filter,550.0,0.75,1,SUV,17,237715.0,44.0,43.4,550.0,1,3,45.037000000000035,547.25
58,General Mechanical Inspection & Check-Up,800.0,0.5,1,SUV,17,212233.5,29.6,30.3,775.0,1,3,29.828000000000017,795.0
39,Coolant Flush,350.0,0.75,1,SUV,17,254165.2,45.6,55.2,375.0,1,3,52.12499999999994,361.0
53,Top Overhaul,15000.0,14.0,0,Sedan,6,91737.5,880.0,792.5,13650.0,0,4,929.3549999999999,12412.5
1,Change Oil,650.0,0.75,1,Sedan,6,89605.3,44.7,42.8,675.0,0,4,45.70900000000002,647.0
31,Replace Wheel Bearing,1350.0,1.5,1,Sedan,6,73192.7,87.8,102.0,1375.0,0,4,89.1290000000001,1354.75
43,Engine Diagnostics & Electrical Scan,1500.0,0.75,1,Sedan,6,86483.9,47.0,49.4,1575.0,0,4,48.919000000000004,1543.5
58,General Mechanical Inspection & Check-Up,800.0,0.5,1,Sedan,6,87136.1,29.2,32.7,775.0,0,4,31.48399999999996,790.5
36,Down Clutch / Pulldown Transmission,3500.0,4.5,0,SUV,15,177372.6,257.7,386.6,14175.0,1,3,386.0749999999996,11294.75
1,Change Oil,650.0,0.75,1,SUV,15,187261.1,44.9,44.9,625.0,1,3,45.047999999999995,632.25
58,General Mechanical Inspection & Check-Up,800.0,0.5,1,SUV,15,206916.3,30.4,30.7,800.0,1,3,30.735999999999986,806.25
48,Replace Fan Belt / Serpentine Belt,1100.0,1.0,1,SUV,15,219092.4,62.1,58.5,1125.0,1,3,60.70099999999999,1102.25
1,Change Oil,650.0,0.75,1,Crossover,11,138456.5,42.9,46.0,650.0,1,0,45.281000000000006,643.25
51,Replace Valve Cover Gasket,1200.0,1.75,0,Crossover,11,157367.1,106.5,192.1,1900.0,1,0,175.51300000000015,1920.0
13,Brake Service & Cleaning,800.0,1.25,1,Crossover,11,173443.8,78.5,77.0,800.0,0,0,77.80000000000003,805.25
1,Change Oil,650.0,0.75,1,Sedan,6,85638.8,42.9,41.7,675.0,0,4,44.247000000000014,660.25
23,Replace Tie Rod End,800.0,1.0,1,Sedan,6,78893.5,60.8,63.8,825.0,0,4,61.310000000000066,814.0
22,Replace Suspension Bushing,1500.0,2.5,0,Sedan,6,89950.0,145.2,203.2,2550.0,1,4,177.77999999999997,1464.0
21,Replace Shock Absorbers,1200.0,2.0,1,Sedan,6,96136.2,118.5,114.5,1250.0,0,4,120.75299999999989,1186.75
18,Wheel Alignment,900.0,1.0,1,Sedan,6,100497.5,59.6,64.7,925.0,0,4,62.73299999999994,913.0
16,Rotor Disc Refacing / Resurfacing,2500.0,2.0,1,Sedan,6,81208.2,120.1,117.5,2575.0,0,4,118.333,2561.0
13,Brake Service & Cleaning,800.0,1.25,1,Sedan,6,93552.2,71.3,74.6,800.0,0,4,74.44099999999997,822.25
1,Change Oil,650.0,0.75,1,Sedan,6,97269.3,45.6,40.0,650.0,0,4,43.76199999999997,647.25
21,Replace Shock Absorbers,1200.0,2.0,1,Sedan,6,83630.7,123.0,131.6,1225.0,0,4,128.83900000000017,1223.0
17,Brake Master / Wheel Cylinder Overhaul,800.0,1.5,0,Sedan,25,310548.1,86.0,126.9,1300.0,1,4,131.614,1240.25
54,General Engine Overhaul,22000.0,24.0,0,Sedan,25,388332.3,1384.9,2667.0,45725.0,1,4,2354.4939999999992,42273.0
13,Brake Service & Cleaning,800.0,1.25,1,Sedan,25,358136.4,71.9,70.8,800.0,1,4,70.99600000000012,801.0
1,Change Oil,650.0,0.75,1,Sedan,6,95905.8,43.1,39.0,625.0,0,4,39.68300000000003,639.0
13,Brake Service & Cleaning,800.0,1.25,1,Sedan,6,98821.4,78.6,76.0,825.0,0,4,75.75999999999998,822.75
3,Replace Fuel Filter,550.0,0.75,1,Sedan,6,79106.9,45.3,49.3,550.0,0,4,48.02000000000007,549.25
9,Cleaning EGR,4500.0,3.5,0,Sedan,6,76072.9,199.7,228.1,5125.0,1,4,225.53299999999987,5239.75
21,Replace Shock Absorbers,1200.0,2.0,1,Sedan,7,83854.7,121.8,129.3,1250.0,0,4,128.77899999999994,1232.75
27,Replace Stabilizer Link,700.0,0.75,1,Sedan,7,110814.1,44.0,43.7,700.0,0,4,44.276999999999944,696.75
40,Radiator Replacement / Repair,1500.0,1.5,0,Sedan,6,90275.3,94.2,123.0,1900.0,1,4,120.99499999999998,1918.25
14,Replace Brake Pads,600.0,1.0,1,Sedan,6,75971.2,62.8,75.5,600.0,1,4,69.25199999999998,606.25
13,Brake Service & Cleaning,800.0,1.25,1,Sedan,6,89607.0,76.0,82.8,800.0,0,4,81.14300000000006,800.25
36,Down Clutch / Pulldown Transmission,3500.0,4.5,0,Sedan,6,71743.2,282.2,351.4,4475.0,1,4,347.0400000000003,4309.0
35,Power Steering Pump Overhaul / Replacement,1800.0,2.0,0,Sedan,6,85489.1,116.3,102.7,1450.0,0,4,110.89600000000006,1602.75
36,Down Clutch / Pulldown Transmission,3500.0,4.5,0,Sedan,21,297037.7,282.8,391.3,6350.0,1,4,435.18200000000036,6660.25
1,Change Oil,650.0,0.75,1,Sedan,6,95432.6,43.5,39.8,675.0,0,4,40.43800000000006,663.5
22,Replace Suspension Bushing,1500.0,2.5,0,Sedan,6,100644.3,143.2,179.3,1850.0,1,4,183.43099999999984,1954.75
13,Brake Service & Cleaning,800.0,1.25,1,Sedan,6,99287.9,72.4,63.9,825.0,0,4,73.49799999999995,805.5
51,Replace Valve Cover Gasket,1200.0,1.75,0,Sedan,6,101225.5,108.6,89.5,625.0,0,4,114.821,1113.25
36,Down Clutch / Pulldown Transmission,3500.0,4.5,0,Sedan,6,74294.7,279.8,354.3,2550.0,0,4,342.2419999999999,3443.5
27,Replace Stabilizer Link,700.0,0.75,1,Sedan,6,97737.7,46.6,46.4,675.0,0,4,44.95500000000001,690.25
18,Wheel Alignment,900.0,1.0,1,Sedan,6,82502.5,60.6,65.3,875.0,0,4,63.300000000000075,886.75
58,General Mechanical Inspection & Check-Up,800.0,0.5,1,Sedan,6,86491.2,28.8,29.9,850.0,0,4,29.699000000000034,837.5
36,Down Clutch / Pulldown Transmission,3500.0,4.5,0,Sedan,15,228101.2,279.5,534.9,7400.0,1,4,511.06200000000075,7654.0
3,Replace Fuel Filter,550.0,0.75,1,Sedan,6,93285.0,43.4,49.4,575.0,0,4,46.766000000000055,552.25
10,Throttle Body Cleaning,550.0,0.75,1,Sedan,6,73884.0,42.8,47.3,525.0,0,4,46.43400000000006,532.0
52,Reseal Oil Pan / Crankcase,2050.0,2.0,0,Sedan,6,82101.0,124.8,162.4,1700.0,0,4,165.80999999999992,1988.0
58,General Mechanical Inspection & Check-Up,800.0,0.5,1,Sedan,6,90962.7,30.4,26.9,800.0,0,4,28.376000000000044,798.0
54,General Engine Overhaul,22000.0,24.0,0,Sedan,6,90759.7,1438.9,2111.2,35550.0,1,4,2027.9930000000022,36345.75
42,Replace Auxiliary Fan / Motor,1500.0,1.0,1,Sedan,5,60789.1,57.8,60.7,1450.0,0,4,62.06099999999995,1466.25
58,General Mechanical Inspection & Check-Up,800.0,0.5,1,Sedan,6,75858.8,31.2,37.0,800.0,0,4,35.871,799.5
46,Starter Motor Repair / Replacement,2050.0,1.5,0,Sedan,6,73635.4,85.9,100.5,2000.0,0,4,104.11199999999997,2175.25
16,Rotor Disc Refacing / Resurfacing,2500.0,2.0,1,Sedan,6,72401.4,115.4,104.5,2475.0,0,4,109.61500000000004,2478.0
17,Brake Master / Wheel Cylinder Overhaul,800.0,1.5,0,Sedan,6,82286.9,91.7,104.5,1050.0,1,4,114.138,1471.5
36,Down Clutch / Pulldown Transmission,3500.0,4.5,0,Van,12,192903.1,258.1,413.9,4325.0,1,5,400.41200000000055,4626.5
51,Replace Valve Cover Gasket,1200.0,1.75,0,Sedan,6,87357.0,101.9,123.9,1250.0,1,4,117.66799999999995,1365.75
18,Wheel Alignment,900.0,1.0,1,Sedan,6,86634.0,59.8,65.1,875.0,0,4,62.981000000000016,889.5
13,Brake Service & Cleaning,800.0,1.25,1,Sedan,6,95136.8,75.2,75.9,775.0,0,4,76.83199999999991,784.0
18,Wheel Alignment,900.0,1.0,1,Sedan,6,82934.9,58.6,58.9,900.0,0,4,59.352999999999966,899.0
36,Down Clutch / Pulldown Transmission,3500.0,4.5,0,Sedan,1,11037.1,265.3,375.3,6700.0,1,4,330.9319999999997,5779.5
36,Down Clutch / Pulldown Transmission,3500.0,4.5,0,Sedan,6,92419.9,258.8,438.0,6275.0,1,4,397.4879999999999,6005.25
22,Replace Suspension Bushing,1500.0,2.5,0,Sedan,6,90502.1,144.4,159.9,1225.0,0,4,174.0549999999999,1334.0
33,Replace Axle Boot,800.0,1.0,1,Sedan,6,89922.1,59.1,60.4,800.0,0,4,60.03699999999996,799.25
51,Replace Valve Cover Gasket,1200.0,1.75,0,Sedan,6,74016.6,101.4,116.4,950.0,0,4,118.06599999999985,1144.5
52,Reseal Oil Pan / Crankcase,2050.0,2.0,0,SUV,16,202646.5,116.1,130.4,1875.0,1,3,148.00099999999992,2667.0
32,Replace CV Joint,1800.0,1.5,0,SUV,16,251328.7,89.1,131.0,3075.0,1,3,133.83199999999997,3095.0
21,Replace Shock Absorbers,1200.0,2.0,1,SUV,16,206629.2,125.2,148.2,1250.0,1,3,140.45200000000014,1228.5
48,Replace Fan Belt / Serpentine Belt,1100.0,1.0,1,SUV,16,214922.1,58.1,55.7,1050.0,1,3,57.199999999999925,1070.0
50,Replace Engine Support,1200.0,1.5,0,SUV,16,222638.4,86.5,112.4,1625.0,1,3,131.84200000000004,1534.25
13,Brake Service & Cleaning,800.0,1.25,1,SUV,16,226206.0,74.9,72.5,800.0,1,3,75.22700000000003,799.75
14,Replace Brake Pads,600.0,1.0,1,Sedan,6,76825.9,57.4,55.8,625.0,0,4,56.19100000000007,608.75
33,Replace Axle Boot,800.0,1.0,1,Sedan,6,93239.0,60.6,49.8,775.0,0,4,54.90900000000006,781.75
24,Replace Rack End,900.0,1.25,1,Sedan,6,87456.7,77.5,80.1,900.0,0,4,78.2520000000001,900.25
22,Replace Suspension Bushing,1500.0,2.5,0,Sedan,6,72214.0,153.6,226.6,2250.0,1,4,215.59599999999983,2436.75
18,Wheel Alignment,900.0,1.0,1,Sedan,6,80693.0,58.2,57.9,900.0,0,4,58.596999999999944,902.75
40,Radiator Replacement / Repair,1500.0,1.5,0,Pickup,9,140972.3,90.2,136.6,5200.0,1,2,135.34300000000007,4007.5
54,General Engine Overhaul,22000.0,24.0,0,Pickup,9,127743.8,1431.2,1768.9,23550.0,1,2,1832.0179999999975,25112.0
51,Replace Valve Cover Gasket,1200.0,1.75,0,Pickup,9,123568.5,105.0,148.7,2100.0,1,2,143.21200000000013,2055.75
45,Alternator Repair / Replacement,1800.0,1.5,0,Pickup,9,123886.3,93.7,112.3,3650.0,1,2,130.92600000000002,4125.75
36,Down Clutch / Pulldown Transmission,3500.0,4.5,0,Pickup,9,144994.2,265.5,376.6,5425.0,1,2,367.19699999999983,5194.75
20,Tire Rotation & Balancing,800.0,0.75,1,Pickup,9,132257.6,46.8,45.9,800.0,0,2,46.051000000000016,801.5
43,Engine Diagnostics & Electrical Scan,1500.0,0.75,1,Pickup,9,117452.4,46.1,47.3,1475.0,0,2,48.07600000000006,1535.25
17,Brake Master / Wheel Cylinder Overhaul,800.0,1.5,0,Pickup,9,141846.5,88.6,140.8,1850.0,1,2,136.53499999999983,1582.0
10,Throttle Body Cleaning,550.0,0.75,1,Pickup,9,111377.3,46.0,50.1,575.0,1,2,48.86100000000001,565.25
52,Reseal Oil Pan / Crankcase,2050.0,2.0,0,Pickup,9,135037.6,117.0,136.6,3175.0,1,2,143.78700000000023,3012.25
8,Intake Manifold Cleaning & Reseal,1750.0,2.0,0,Pickup,9,143288.3,118.8,175.3,2950.0,1,2,139.38200000000018,2260.75
26,Overhaul / Replace Steering Rack & Pinion,4500.0,4.0,0,Pickup,9,116141.6,240.1,317.2,11250.0,1,2,306.9820000000004,9500.5
1,Change Oil,650.0,0.75,1,Sedan,6,100048.5,45.3,47.9,650.0,0,4,46.467,647.75
47,Electrical System & Wiring Repair,2500.0,1.5,0,Sedan,6,85956.7,90.7,92.8,2850.0,0,4,102.899,2752.25
13,Brake Service & Cleaning,800.0,1.25,1,Sedan,6,96821.4,78.2,73.6,800.0,0,4,73.83500000000008,803.25
58,General Mechanical Inspection & Check-Up,800.0,0.5,1,Sedan,6,101541.9,28.9,35.3,825.0,1,4,33.44300000000004,819.25
3,Replace Fuel Filter,550.0,0.75,1,Sedan,6,77288.0,44.3,41.6,525.0,0,4,42.78899999999998,541.25
58,General Mechanical Inspection & Check-Up,800.0,0.5,1,Sedan,6,91855.6,29.5,33.1,775.0,0,4,32.52799999999997,790.5
15,Replace Brake Shoes,800.0,1.0,1,Sedan,6,80773.1,59.7,59.7,800.0,0,4,58.26200000000004,803.0
1,Change Oil,650.0,0.75,1,Hatchback,12,168367.7,46.9,51.9,625.0,1,1,49.975000000000016,630.25
13,Brake Service & Cleaning,800.0,1.25,1,Hatchback,12,169518.9,76.2,76.1,775.0,1,1,76.50500000000014,787.0
36,Down Clutch / Pulldown Transmission,3500.0,4.5,0,Hatchback,12,156056.1,270.1,358.8,3750.0,1,1,363.98900000000003,4046.0
1,Change Oil,650.0,0.75,1,Sedan,6,87727.8,46.8,45.6,650.0,0,4,45.627999999999986,648.0
13,Brake Service & Cleaning,800.0,1.25,1,Sedan,6,74014.1,75.5,85.4,725.0,0,4,81.55699999999993,754.5
10,Throttle Body Cleaning,550.0,0.75,1,Sedan,6,82788.2,45.3,45.0,550.0,0,4,45.87100000000001,551.0
56,Power Window Repair / Motor Replacement,1000.0,1.25,0,Sedan,6,99982.4,74.0,104.7,650.0,0,4,99.71200000000003,869.25
9,Cleaning EGR,4500.0,3.5,0,Van,9,118044.5,202.8,309.5,10675.0,1,5,237.12599999999992,5713.5
54,General Engine Overhaul,22000.0,24.0,0,Van,9,106861.1,1401.3,1927.5,34625.0,1,5,1926.5629999999996,34443.0
58,General Mechanical Inspection & Check-Up,800.0,0.5,1,Van,9,117913.3,29.2,29.2,800.0,0,5,29.81199999999998,794.25
35,Power Steering Pump Overhaul / Replacement,1800.0,2.0,0,Van,9,140125.7,124.0,205.1,2800.0,1,5,181.68600000000006,2882.0
1,Change Oil,650.0,0.75,1,Van,9,114190.4,46.8,49.0,625.0,0,5,48.20399999999999,634.5
3,Replace Fuel Filter,550.0,0.75,1,Van,9,129776.0,46.4,42.7,525.0,0,5,44.48699999999995,530.0
51,Replace Valve Cover Gasket,1200.0,1.75,0,Van,9,124342.8,102.6,115.7,3125.0,1,5,139.583,1811.25
36,Down Clutch / Pulldown Transmission,3500.0,4.5,0,Sedan,6,85918.8,264.5,380.9,5750.0,1,4,367.05700000000047,5659.75
24,Replace Rack End,900.0,1.25,1,Sedan,6,91724.3,71.4,74.6,850.0,0,4,72.97700000000007,877.0
18,Wheel Alignment,900.0,1.0,1,Sedan,6,85556.0,57.8,53.0,900.0,0,4,59.50800000000001,896.75
53,Top Overhaul,15000.0,14.0,0,Hatchback,6,73774.5,874.8,1137.6,7950.0,0,1,1075.154000000001,12904.25
54,General Engine Overhaul,22000.0,24.0,0,Hatchback,6,80781.6,1461.8,1725.9,24850.0,1,1,1774.619000000002,30987.0
1,Change Oil,650.0,0.75,1,SUV,6,69043.4,46.8,48.7,675.0,0,3,46.553999999999945,664.75
13,Brake Service & Cleaning,800.0,1.25,1,SUV,6,90057.9,72.6,73.1,825.0,0,3,75.22900000000007,813.75
4,Replace Air Filter,550.0,0.25,1,SUV,6,82941.3,14.3,15.2,550.0,0,3,15.443000000000014,554.0
9,Cleaning EGR,4500.0,3.5,0,SUV,6,76828.1,204.7,202.8,4250.0,0,3,216.9569999999998,5209.0
58,General Mechanical Inspection & Check-Up,800.0,0.5,1,SUV,6,84883.7,29.4,27.8,875.0,0,3,31.292999999999964,805.5
23,Replace Tie Rod End,800.0,1.0,1,Sedan,6,95106.9,61.4,65.6,775.0,0,4,64.94700000000003,777.75
22,Replace Suspension Bushing,1500.0,2.5,0,Sedan,6,74687.0,151.5,223.0,850.0,0,4,203.4299999999998,1559.75
31,Replace Wheel Bearing,1350.0,1.5,1,Sedan,6,70535.1,92.1,108.5,1350.0,0,4,104.19200000000005,1356.0
18,Wheel Alignment,900.0,1.0,1,Sedan,6,80639.1,61.9,66.3,925.0,0,4,64.95500000000007,913.0
53,Top Overhaul,15000.0,14.0,0,Sedan,6,81204.5,828.3,851.2,18850.0,1,4,1003.2219999999993,23907.25
26,Overhaul / Replace Steering Rack & Pinion,4500.0,4.0,0,Sedan,10,148024.3,245.6,365.8,7125.0,1,4,344.3870000000001,6342.0
26,Overhaul / Replace Steering Rack & Pinion,4500.0,4.0,0,Sedan,10,153730.6,234.0,260.6,5000.0,1,4,272.86299999999966,5088.25
47,Electrical System & Wiring Repair,2500.0,1.5,0,Sedan,10,166779.5,85.9,125.9,8150.0,1,4,123.98999999999985,6415.25
18,Wheel Alignment,900.0,1.0,1,Sedan,10,129606.3,62.5,66.0,900.0,1,4,66.487,898.5
43,Engine Diagnostics & Electrical Scan,1500.0,0.75,1,Sedan,10,166117.8,44.9,45.9,1500.0,0,4,46.53300000000001,1536.5
13,Brake Service & Cleaning,800.0,1.25,1,Sedan,10,138539.9,71.5,64.9,800.0,0,4,69.66499999999988,793.0
58,General Mechanical Inspection & Check-Up,800.0,0.5,1,Sedan,6,70894.0,30.6,34.3,775.0,0,4,34.107000000000035,785.5
1,Change Oil,650.0,0.75,1,Sedan,6,72667.3,45.2,43.8,675.0,0,4,43.92400000000007,670.75
13,Brake Service & Cleaning,800.0,1.25,1,Sedan,6,93539.1,75.9,77.9,825.0,0,4,79.78999999999995,813.25
51,Replace Valve Cover Gasket,1200.0,1.75,0,Sedan,6,99921.8,110.2,163.7,1150.0,1,4,129.42499999999995,1781.5
21,Replace Shock Absorbers,1200.0,2.0,1,Sedan,6,82884.7,121.5,119.6,1250.0,0,4,121.73800000000014,1227.5
1,Change Oil,650.0,0.75,1,Sedan,6,86701.1,43.8,43.6,625.0,0,4,44.58499999999997,638.25
13,Brake Service & Cleaning,800.0,1.25,1,Sedan,6,77745.7,73.0,74.3,800.0,0,4,75.9580000000001,804.75
23,Replace Tie Rod End,800.0,1.0,1,Sedan,6,85059.3,58.3,58.7,775.0,0,4,59.55099999999994,790.0
22,Replace Suspension Bushing,1500.0,2.5,0,Sedan,6,100380.4,149.5,158.9,3050.0,1,4,166.18099999999984,2483.5
22,Replace Suspension Bushing,1500.0,2.5,0,Sedan,12,189587.8,156.6,260.0,3275.0,1,4,217.4279999999998,1815.0
31,Replace Wheel Bearing,1350.0,1.5,1,Sedan,12,166607.8,87.1,84.5,1325.0,1,4,85.64300000000004,1341.5
21,Replace Shock Absorbers,1200.0,2.0,1,Sedan,8,120498.3,114.7,113.6,1150.0,0,4,115.14000000000006,1196.75
22,Replace Suspension Bushing,1500.0,2.5,0,Sedan,8,124311.9,144.8,177.7,2300.0,1,4,181.46600000000018,2238.75
23,Replace Tie Rod End,800.0,1.0,1,Sedan,8,105142.8,60.6,57.7,800.0,0,4,58.033999999999935,795.5
18,Wheel Alignment,900.0,1.0,1,Sedan,8,122531.5,57.8,60.3,900.0,0,4,56.09399999999999,930.75
24,Replace Rack End,900.0,1.25,1,Sedan,15,221475.7,71.9,63.3,875.0,1,4,67.11000000000008,888.75
22,Replace Suspension Bushing,1500.0,2.5,0,Sedan,15,199989.7,149.9,217.3,2200.0,1,4,227.5099999999997,2327.25
21,Replace Shock Absorbers,1200.0,2.0,1,Sedan,15,232509.3,119.8,133.8,1200.0,1,4,129.6729999999999,1198.0
27,Replace Stabilizer Link,700.0,0.75,1,Sedan,15,204682.8,45.3,48.3,700.0,1,4,47.31000000000004,698.25
18,Wheel Alignment,900.0,1.0,1,Sedan,15,231405.4,62.1,65.4,925.0,1,4,65.27499999999993,918.0
36,Down Clutch / Pulldown Transmission,3500.0,4.5,0,Sedan,6,96155.4,274.9,416.2,5475.0,1,4,391.8079999999998,5433.75
1,Change Oil,650.0,0.75,1,Hatchback,12,158064.4,46.7,46.3,625.0,1,1,47.110000000000056,636.75
15,Replace Brake Shoes,800.0,1.0,1,Hatchback,12,176778.3,61.9,63.3,825.0,1,1,62.440000000000076,820.75
16,Rotor Disc Refacing / Resurfacing,2500.0,2.0,1,Hatchback,12,143038.0,121.4,124.1,2500.0,1,1,123.07999999999997,2550.75
16,Rotor Disc Refacing / Resurfacing,2500.0,2.0,1,Hatchback,12,159712.6,120.5,119.9,2525.0,1,1,122.29799999999986,2512.0
21,Replace Shock Absorbers,1200.0,2.0,1,Hatchback,12,182565.8,125.6,140.3,1150.0,1,1,132.95700000000002,1196.0
36,Down Clutch / Pulldown Transmission,3500.0,4.5,0,Sedan,17,263710.5,281.8,429.5,6950.0,1,4,495.8130000000003,7405.5
51,Replace Valve Cover Gasket,1200.0,1.75,0,Sedan,17,228671.8,100.5,128.5,2025.0,1,4,169.48999999999995,2698.5
52,Reseal Oil Pan / Crankcase,2050.0,2.0,0,Sedan,17,241816.9,124.5,187.2,3850.0,1,4,173.69500000000014,3558.25
47,Electrical System & Wiring Repair,2500.0,1.5,0,Sedan,17,250881.5,85.7,135.5,3400.0,1,4,132.319,4020.0
58,General Mechanical Inspection & Check-Up,800.0,0.5,1,Sedan,17,260270.5,29.8,26.9,750.0,1,4,26.936000000000046,760.0
58,General Mechanical Inspection & Check-Up,800.0,0.5,1,Sedan,6,81259.5,30.6,34.0,825.0,0,4,33.471,816.0
1,Change Oil,650.0,0.75,1,Sedan,6,85919.5,43.4,46.5,650.0,0,4,45.63300000000001,647.25
1,Change Oil,650.0,0.75,1,Sedan,6,85374.3,44.5,48.6,650.0,0,4,45.965,639.5
9,Cleaning EGR,4500.0,3.5,0,SUV,6,75289.3,200.2,208.2,8475.0,1,3,214.0240000000002,6636.75
1,Change Oil,650.0,0.75,1,SUV,6,93896.3,47.1,49.1,650.0,0,3,48.248999999999995,650.5
36,Down Clutch / Pulldown Transmission,3500.0,4.5,0,SUV,6,95660.3,279.3,385.7,5100.0,1,3,355.1430000000002,4222.75
13,Brake Service & Cleaning,800.0,1.25,1,SUV,6,70572.7,78.2,87.6,800.0,0,3,82.9530000000001,787.5
3,Replace Fuel Filter,550.0,0.75,1,SUV,6,80081.5,43.3,41.8,575.0,0,3,42.913000000000046,562.0
58,General Mechanical Inspection & Check-Up,800.0,0.5,1,SUV,6,78203.3,28.7,25.6,825.0,0,3,26.434999999999988,821.0
36,Down Clutch / Pulldown Transmission,3500.0,4.5,0,Van,6,90176.1,268.8,318.2,6575.0,1,5,337.5550000000003,7060.0
18,Wheel Alignment,900.0,1.0,1,Crossover,8,113992.3,61.2,64.2,925.0,0,0,63.08699999999992,912.5
58,General Mechanical Inspection & Check-Up,800.0,0.5,1,Crossover,8,98514.4,28.8,29.4,775.0,0,0,29.40600000000005,783.0
27,Replace Stabilizer Link,700.0,0.75,1,Crossover,8,119913.0,45.3,43.0,700.0,0,0,45.035,699.25
1,Change Oil,650.0,0.75,1,Crossover,8,102651.7,43.1,40.5,650.0,0,0,44.11700000000002,648.5
13,Brake Service & Cleaning,800.0,1.25,1,Crossover,8,118124.4,77.3,75.8,800.0,0,0,77.04800000000004,800.0
49,Replace Timing Belt / Chain,3500.0,4.0,0,Sedan,6,77783.2,245.0,312.6,4300.0,1,4,305.49100000000016,7998.75
23,Replace Tie Rod End,800.0,1.0,1,Hatchback,9,139848.8,61.3,59.7,825.0,0,1,61.249999999999936,815.25
15,Replace Brake Shoes,800.0,1.0,1,Hatchback,9,133375.2,62.4,70.2,800.0,1,1,64.124,813.25
31,Replace Wheel Bearing,1350.0,1.5,1,Hatchback,9,127650.0,90.2,89.3,1350.0,0,1,88.42700000000006,1349.5
21,Replace Shock Absorbers,1200.0,2.0,1,Hatchback,9,108385.0,115.9,115.2,1225.0,0,1,117.87100000000008,1212.0
16,Rotor Disc Refacing / Resurfacing,2500.0,2.0,1,Hatchback,9,142510.8,116.2,124.3,2575.0,1,1,121.85,2545.25
1,Change Oil,650.0,0.75,1,Sedan,6,86176.4,46.0,47.1,650.0,0,4,44.72,640.25
13,Brake Service & Cleaning,800.0,1.25,1,Sedan,6,80632.0,71.8,79.5,800.0,0,4,76.24100000000001,802.0
3,Replace Fuel Filter,550.0,0.75,1,Sedan,6,94107.2,44.7,41.2,525.0,0,4,46.35100000000004,551.0
1,Change Oil,650.0,0.75,1,Crossover,2,27422.6,46.7,41.8,700.0,0,0,43.83000000000006,673.75
2,Change ATF / Transmission Fluid,650.0,0.75,1,Crossover,2,31128.8,46.7,47.0,675.0,0,0,45.869000000000014,666.75
13,Brake Service & Cleaning,800.0,1.25,1,Crossover,2,28915.2,78.1,83.0,775.0,0,0,83.16799999999999,769.25
12,Replace Spark Plugs,300.0,0.5,1,Crossover,2,33583.0,28.9,30.6,300.0,0,0,29.90799999999997,302.5
1,Change Oil,650.0,0.75,1,Crossover,2,23525.5,47.1,49.3,650.0,0,0,48.47800000000007,653.25
13,Brake Service & Cleaning,800.0,1.25,1,Crossover,2,26152.2,77.8,84.2,725.0,0,0,83.33199999999992,743.25
2,Change ATF / Transmission Fluid,650.0,0.75,1,Crossover,2,29582.2,43.5,45.7,650.0,0,0,42.23100000000006,667.75
12,Replace Spark Plugs,300.0,0.5,1,Crossover,2,29602.6,29.5,29.0,300.0,0,0,30.42999999999998,302.0
47,Electrical System & Wiring Repair,2500.0,1.5,0,Sedan,11,175571.4,87.6,91.3,2700.0,1,4,110.37899999999995,4162.75
58,General Mechanical Inspection & Check-Up,800.0,0.5,1,Sedan,6,92494.7,29.2,33.3,825.0,0,4,32.91700000000002,812.25
1,Change Oil,650.0,0.75,1,Sedan,6,73188.1,42.9,46.7,675.0,0,4,45.05399999999997,663.5
13,Brake Service & Cleaning,800.0,1.25,1,Sedan,6,89365.4,77.3,85.2,800.0,0,4,78.093,799.5
49,Replace Timing Belt / Chain,3500.0,4.0,0,Crossover,10,124688.6,234.5,327.7,8700.0,1,0,263.939,4448.0
1,Change Oil,650.0,0.75,1,Crossover,10,152975.7,43.3,46.7,650.0,1,0,45.63599999999996,648.0
23,Replace Tie Rod End,800.0,1.0,1,Crossover,10,134240.3,57.2,59.0,800.0,0,0,59.269,788.75
27,Replace Stabilizer Link,700.0,0.75,1,Crossover,10,155628.3,45.1,53.5,700.0,1,0,50.83500000000001,698.75
18,Wheel Alignment,900.0,1.0,1,Crossover,10,120975.7,58.8,55.6,925.0,0,0,56.327000000000034,922.5
13,Brake Service & Cleaning,800.0,1.25,1,Crossover,10,154546.2,72.0,69.8,850.0,0,0,74.116,803.0
41,Replace Water Pump,2500.0,2.0,0,Crossover,10,152028.6,122.3,169.1,4225.0,1,0,168.12300000000016,3877.0
41,Replace Water Pump,2500.0,2.0,0,Crossover,10,151009.7,120.8,191.8,4500.0,1,0,163.82400000000024,3690.5
1,Change Oil,650.0,0.75,1,Sedan,6,80741.7,44.5,42.6,650.0,0,4,44.106999999999964,657.75
13,Brake Service & Cleaning,800.0,1.25,1,Sedan,6,95780.7,71.6,72.7,800.0,0,4,76.08799999999992,794.75
37,Air Conditioning Cleaning & Freon Charge,3500.0,3.0,0,Hatchback,6,98069.1,181.2,247.7,6275.0,1,1,236.51700000000022,5139.5
37,Air Conditioning Cleaning & Freon Charge,3500.0,3.0,0,Hatchback,6,80950.8,183.0,251.2,5075.0,1,1,245.8890000000003,5034.75
43,Engine Diagnostics & Electrical Scan,1500.0,0.75,1,Sedan,6,91810.1,46.4,47.8,1450.0,0,4,47.38900000000005,1490.0
22,Replace Suspension Bushing,1500.0,2.5,0,Sedan,6,71357.8,148.0,229.7,5150.0,1,4,220.1890000000003,4140.75
1,Change Oil,650.0,0.75,1,SUV,6,82158.4,43.8,40.1,650.0,0,3,42.139999999999965,653.0
13,Brake Service & Cleaning,800.0,1.25,1,SUV,6,76601.5,76.3,73.6,850.0,0,3,75.63600000000011,832.0
3,Replace Fuel Filter,550.0,0.75,1,SUV,6,87338.2,45.1,44.4,550.0,0,3,45.15500000000001,553.75
9,Cleaning EGR,4500.0,3.5,0,SUV,6,80132.5,207.9,301.3,7475.0,1,3,264.87599999999975,6500.5
58,General Mechanical Inspection & Check-Up,800.0,0.5,1,SUV,6,91533.2,30.9,30.9,800.0,0,3,31.232000000000042,801.0
36,Down Clutch / Pulldown Transmission,3500.0,4.5,0,Hatchback,10,152864.9,281.7,352.9,3075.0,1,1,361.60000000000053,3604.0
51,Replace Valve Cover Gasket,1200.0,1.75,0,Hatchback,10,137773.0,102.7,160.6,2025.0,1,1,154.3430000000002,1978.5
53,Top Overhaul,15000.0,14.0,0,Sedan,6,83986.9,849.3,923.2,9175.0,0,4,961.2189999999989,10927.5
12,Replace Spark Plugs,300.0,0.5,1,Sedan,20,269668.4,29.0,27.3,300.0,1,4,28.205000000000023,311.0
50,Replace Engine Support,1200.0,1.5,0,Sedan,20,286230.7,86.5,122.0,2175.0,1,4,132.71599999999998,1752.5
21,Replace Shock Absorbers,1200.0,2.0,1,Sedan,20,318320.2,123.7,120.4,1200.0,1,4,125.0709999999998,1196.5
32,Replace CV Joint,1800.0,1.5,0,Sedan,20,298020.4,90.9,155.1,3075.0,1,4,152.36500000000012,3053.25
22,Replace Suspension Bushing,1500.0,2.5,0,Sedan,6,75230.5,151.7,223.3,1150.0,1,4,203.80099999999976,1523.5
23,Replace Tie Rod End,800.0,1.0,1,Sedan,6,93195.0,58.4,56.2,825.0,0,4,59.47200000000001,797.5
27,Replace Stabilizer Link,700.0,0.75,1,Sedan,6,92251.3,45.8,47.6,675.0,0,4,46.32899999999999,685.5
18,Wheel Alignment,900.0,1.0,1,Sedan,6,85468.3,58.0,62.1,900.0,0,4,61.66700000000002,904.0
18,Wheel Alignment,900.0,1.0,1,Sedan,6,73446.0,57.1,63.8,950.0,0,4,56.89500000000007,907.25
22,Replace Suspension Bushing,1500.0,2.5,0,Sedan,6,83136.1,148.4,185.4,2100.0,1,4,191.86999999999998,2065.5
43,Engine Diagnostics & Electrical Scan,1500.0,0.75,1,Sedan,6,92480.6,45.9,41.5,1425.0,0,4,44.47299999999999,1478.25
52,Reseal Oil Pan / Crankcase,2050.0,2.0,0,Sedan,6,93224.0,125.9,172.2,2250.0,1,4,170.83000000000018,2474.25
30,Replace Ball Joint,1200.0,1.25,1,Sedan,6,74612.3,71.9,67.0,1175.0,0,4,69.334,1202.75
52,Reseal Oil Pan / Crankcase,2050.0,2.0,0,Sedan,6,76422.4,120.2,157.1,1775.0,0,4,158.43800000000022,2398.5
26,Overhaul / Replace Steering Rack & Pinion,4500.0,4.0,0,Sedan,8,127623.9,240.8,268.7,3625.0,0,4,276.73800000000045,3977.0
36,Down Clutch / Pulldown Transmission,3500.0,4.5,0,Sedan,8,125347.4,274.4,446.7,5850.0,1,4,376.94899999999984,5630.5
22,Replace Suspension Bushing,1500.0,2.5,0,Sedan,8,106668.4,150.9,173.3,1800.0,1,4,173.08899999999977,1907.0
1,Change Oil,650.0,0.75,1,Sedan,6,81116.7,44.8,43.1,675.0,0,4,47.59799999999999,629.75
26,Overhaul / Replace Steering Rack & Pinion,4500.0,4.0,0,Sedan,6,93298.7,250.3,292.6,3750.0,0,4,321.18299999999977,4802.0
26,Overhaul / Replace Steering Rack & Pinion,4500.0,4.0,0,Sedan,6,83560.3,250.2,371.2,5225.0,1,4,344.7900000000002,5362.5
1,Change Oil,650.0,0.75,1,Sedan,6,87609.6,43.2,42.2,650.0,0,4,43.163999999999966,648.25
14,Replace Brake Pads,600.0,1.0,1,Sedan,6,96992.0,61.3,58.7,575.0,0,4,60.22599999999993,583.75
13,Brake Service & Cleaning,800.0,1.25,1,Sedan,6,81283.9,75.4,71.8,750.0,0,4,80.04700000000007,799.75
3,Replace Fuel Filter,550.0,0.75,1,Sedan,6,85540.6,45.1,46.0,575.0,0,4,45.51200000000001,564.5
21,Replace Shock Absorbers,1200.0,2.0,1,Van,6,101880.3,116.5,114.7,1250.0,0,5,115.92900000000003,1176.75
35,Power Steering Pump Overhaul / Replacement,1800.0,2.0,0,Van,6,99356.1,123.7,141.6,2175.0,1,5,148.10200000000015,2205.0
1,Change Oil,650.0,0.75,1,SUV,3,37209.8,43.5,40.8,675.0,0,3,41.49900000000006,664.25
14,Replace Brake Pads,600.0,1.0,1,SUV,3,51040.0,61.9,63.0,625.0,0,3,62.648,617.0
34,Replace CV Joint & Axle Boot,1600.0,1.75,0,Pickup,8,120342.6,101.6,88.6,1400.0,0,2,108.43400000000008,1942.5
18,Wheel Alignment,900.0,1.0,1,Pickup,8,100461.9,57.4,58.8,925.0,0,2,58.17600000000009,913.0
1,Change Oil,650.0,0.75,1,Sedan,6,95802.2,44.2,34.9,650.0,0,4,39.399000000000065,649.5
13,Brake Service & Cleaning,800.0,1.25,1,Sedan,6,77866.7,72.9,83.3,825.0,0,4,78.91800000000008,812.5
1,Change Oil,650.0,0.75,1,Van,7,84054.2,46.3,44.7,650.0,0,5,45.18399999999994,643.0
13,Brake Service & Cleaning,800.0,1.25,1,Van,7,107607.4,76.5,74.3,800.0,0,5,75.19400000000006,800.25
18,Wheel Alignment,900.0,1.0,1,Van,7,99190.3,60.1,53.9,925.0,0,5,56.79099999999996,915.0
22,Replace Suspension Bushing,1500.0,2.5,0,Sedan,6,88825.0,148.9,151.7,1525.0,0,4,166.3910000000002,1380.5
47,Electrical System & Wiring Repair,2500.0,1.5,0,Sedan,6,81209.9,92.9,132.2,1500.0,0,4,123.80100000000014,2267.5
18,Wheel Alignment,900.0,1.0,1,Sedan,6,72674.8,59.9,58.5,900.0,0,4,59.18299999999999,897.5
21,Replace Shock Absorbers,1200.0,2.0,1,Sedan,6,82645.1,114.1,107.3,1200.0,0,4,108.54099999999997,1202.0
36,Down Clutch / Pulldown Transmission,3500.0,4.5,0,Sedan,6,86057.9,279.3,352.0,5350.0,1,4,345.20600000000013,5281.0
1,Change Oil,650.0,0.75,1,Sedan,6,74822.0,46.1,38.5,650.0,0,4,40.653,652.75
13,Brake Service & Cleaning,800.0,1.25,1,Sedan,6,82440.2,77.1,74.5,825.0,0,4,78.542,804.75
16,Rotor Disc Refacing / Resurfacing,2500.0,2.0,1,Sedan,6,89204.1,117.1,118.6,2575.0,0,4,119.26000000000015,2550.0
12,Replace Spark Plugs,300.0,0.5,1,Sedan,6,90864.4,31.2,35.1,325.0,0,4,34.38099999999996,317.75
1,Change Oil,650.0,0.75,1,Sedan,6,75339.0,43.4,44.6,675.0,0,4,44.09300000000002,666.25
17,Brake Master / Wheel Cylinder Overhaul,800.0,1.5,0,Sedan,6,83867.2,86.3,103.5,725.0,0,4,104.07,685.5
16,Rotor Disc Refacing / Resurfacing,2500.0,2.0,1,Sedan,6,68867.6,125.5,120.0,2600.0,0,4,121.44300000000001,2562.75
12,Replace Spark Plugs,300.0,0.5,1,Sedan,6,78663.0,30.8,28.8,300.0,0,4,32.62700000000001,300.75
18,Wheel Alignment,900.0,1.0,1,Van,8,97850.6,61.0,58.4,925.0,0,5,60.71899999999998,892.75
22,Replace Suspension Bushing,1500.0,2.5,0,Van,8,92738.5,157.0,236.5,2875.0,1,5,222.27999999999986,3176.0
23,Replace Tie Rod End,800.0,1.0,1,Van,8,115954.4,58.2,60.7,775.0,0,5,58.73600000000003,788.5
23,Replace Tie Rod End,800.0,1.0,1,Van,8,124159.0,60.2,58.3,825.0,0,5,57.18300000000006,813.0
1,Change Oil,650.0,0.75,1,Van,8,130183.5,45.4,49.0,650.0,0,5,48.654999999999994,650.5
16,Rotor Disc Refacing / Resurfacing,2500.0,2.0,1,Van,8,113672.6,118.1,110.6,2350.0,0,5,114.19900000000013,2398.0
16,Rotor Disc Refacing / Resurfacing,2500.0,2.0,1,Van,8,113029.2,125.3,123.0,2475.0,0,5,121.69599999999996,2465.75
15,Replace Brake Shoes,800.0,1.0,1,Van,8,108849.1,60.9,66.3,775.0,0,5,64.73300000000008,775.75
3,Replace Fuel Filter,550.0,0.75,1,Van,8,129568.5,46.9,51.0,525.0,0,5,49.767999999999994,532.5
1,Change Oil,650.0,0.75,1,Sedan,3,47472.5,46.0,49.4,675.0,0,4,47.658999999999985,663.0
18,Wheel Alignment,900.0,1.0,1,Van,8,103763.1,62.9,63.7,900.0,0,5,62.602000000000025,902.75
22,Replace Suspension Bushing,1500.0,2.5,0,Van,8,124862.6,145.7,225.8,3100.0,1,5,214.99099999999973,3044.5
23,Replace Tie Rod End,800.0,1.0,1,Van,8,121498.7,60.5,52.5,800.0,0,5,54.92700000000003,803.25
23,Replace Tie Rod End,800.0,1.0,1,Van,8,118036.2,62.2,69.9,825.0,1,5,67.66499999999992,810.75
1,Change Oil,650.0,0.75,1,Van,8,102122.5,42.8,46.5,625.0,0,5,45.93200000000001,625.5
16,Rotor Disc Refacing / Resurfacing,2500.0,2.0,1,Van,8,124027.2,118.8,115.7,2550.0,0,5,116.80600000000008,2544.75
16,Rotor Disc Refacing / Resurfacing,2500.0,2.0,1,Van,8,118292.6,121.4,118.8,2425.0,0,5,119.34399999999988,2451.25
15,Replace Brake Shoes,800.0,1.0,1,Van,8,123286.3,57.0,54.6,825.0,0,5,55.72000000000003,817.75
3,Replace Fuel Filter,550.0,0.75,1,Van,8,126441.6,44.2,43.5,525.0,0,5,44.382999999999996,527.75
48,Replace Fan Belt / Serpentine Belt,1100.0,1.0,1,Van,8,132005.2,59.2,68.6,1075.0,1,5,66.66800000000009,1075.25
42,Replace Auxiliary Fan / Motor,1500.0,1.0,1,Crossover,15,235881.3,59.3,68.5,1475.0,1,0,66.60800000000003,1471.5
35,Power Steering Pump Overhaul / Replacement,1800.0,2.0,0,Sedan,4,51106.2,118.3,130.6,2300.0,1,4,135.1020000000001,2172.5
1,Change Oil,650.0,0.75,1,Sedan,4,54120.3,45.4,53.1,675.0,0,4,49.780000000000015,665.5
18,Wheel Alignment,900.0,1.0,1,Van,8,119105.7,61.8,66.9,875.0,0,5,67.52999999999992,884.75
22,Replace Suspension Bushing,1500.0,2.5,0,Van,8,107945.9,143.4,219.1,2925.0,1,5,215.14999999999978,2866.0
23,Replace Tie Rod End,800.0,1.0,1,Van,8,123897.8,60.1,55.8,800.0,0,5,57.66600000000005,805.25
1,Change Oil,650.0,0.75,1,Van,8,107144.4,43.1,45.6,625.0,0,5,45.66999999999998,626.25
16,Rotor Disc Refacing / Resurfacing,2500.0,2.0,1,Van,8,127519.7,125.2,117.4,2650.0,0,5,119.60999999999986,2594.75
16,Rotor Disc Refacing / Resurfacing,2500.0,2.0,1,Van,8,121571.1,115.4,128.3,2475.0,0,5,121.97699999999992,2497.5
15,Replace Brake Shoes,800.0,1.0,1,Van,8,110717.0,60.5,59.3,775.0,0,5,57.73600000000006,776.75
3,Replace Fuel Filter,550.0,0.75,1,Van,8,102044.9,42.9,41.9,575.0,0,5,43.314000000000014,562.5
32,Replace CV Joint,1800.0,1.5,0,Van,8,111462.0,94.0,116.8,950.0,0,5,128.9829999999999,2945.0
35,Power Steering Pump Overhaul / Replacement,1800.0,2.0,0,Sedan,4,67908.8,116.2,135.8,2275.0,1,4,131.19900000000004,2163.0
1,Change Oil,650.0,0.75,1,Sedan,4,52462.7,43.1,43.9,675.0,0,4,44.09900000000003,669.5
13,Brake Service & Cleaning,800.0,1.25,1,Crossover,8,114462.8,77.0,80.7,775.0,0,0,78.66999999999993,785.25
1,Change Oil,650.0,0.75,1,Crossover,8,105099.2,45.7,46.2,650.0,0,0,46.14599999999995,646.75
31,Replace Wheel Bearing,1350.0,1.5,1,Crossover,8,102585.3,93.7,89.3,1325.0,0,0,90.34400000000005,1327.25
3,Replace Fuel Filter,550.0,0.75,1,Crossover,8,121147.4,46.2,47.0,550.0,0,0,46.94999999999998,543.75
58,General Mechanical Inspection & Check-Up,800.0,0.5,1,Sedan,12,141427.9,31.2,32.1,775.0,1,4,32.69799999999997,780.5
22,Replace Suspension Bushing,1500.0,2.5,0,Sedan,12,163248.1,156.0,228.1,1200.0,1,4,216.96799999999985,1590.25
33,Replace Axle Boot,800.0,1.0,1,Sedan,12,184646.8,59.5,64.9,775.0,1,4,63.21499999999995,784.25
58,General Mechanical Inspection & Check-Up,800.0,0.5,1,Sedan,15,237212.7,30.5,31.8,775.0,1,4,31.65800000000003,784.5
22,Replace Suspension Bushing,1500.0,2.5,0,Sedan,15,215472.0,151.6,211.8,1100.0,1,4,223.79299999999992,1908.5
33,Replace Axle Boot,800.0,1.0,1,Sedan,15,187003.9,58.5,60.6,825.0,1,4,59.895000000000024,813.5
2,Change ATF / Transmission Fluid,650.0,0.75,1,Sedan,15,207895.5,46.6,46.4,650.0,1,4,45.12000000000002,648.75
14,Replace Brake Pads,600.0,1.0,1,Sedan,15,224536.1,57.5,53.7,550.0,1,4,59.70199999999997,584.0
31,Replace Wheel Bearing,1350.0,1.5,1,Sedan,15,197240.5,93.1,91.6,1425.0,1,4,95.86600000000003,1369.25
54,General Engine Overhaul,22000.0,24.0,0,Sedan,6,85345.0,1446.5,1835.4,30325.0,1,4,1818.8439999999987,29079.0
54,General Engine Overhaul,22000.0,24.0,0,Sedan,6,92323.8,1375.5,1584.6,29850.0,1,4,1709.7600000000014,30721.75
1,Change Oil,650.0,0.75,1,Sedan,6,75348.1,44.2,45.5,675.0,0,4,44.115,669.5
45,Alternator Repair / Replacement,1800.0,1.5,0,Sedan,6,83328.9,93.4,112.1,1475.0,0,4,113.20600000000015,1772.0
22,Replace Suspension Bushing,1500.0,2.5,0,Sedan,6,90634.6,154.1,219.5,2200.0,1,4,210.192,2144.75
18,Wheel Alignment,900.0,1.0,1,Sedan,6,86400.4,57.6,63.5,925.0,0,4,62.05500000000002,919.0
22,Replace Suspension Bushing,1500.0,2.5,0,Sedan,6,86213.0,157.0,201.8,1750.0,1,4,203.44499999999962,1825.75
36,Down Clutch / Pulldown Transmission,3500.0,4.5,0,Sedan,6,84198.4,272.1,402.4,6875.0,1,4,377.0540000000004,6265.5
1,Change Oil,650.0,0.75,1,Sedan,6,88399.5,45.1,47.8,625.0,0,4,47.694000000000045,627.0
57,Wiper Linkage / Motor Repair,4000.0,1.5,0,Sedan,6,90156.2,93.2,113.5,5350.0,1,4,113.88600000000005,6028.0
48,Replace Fan Belt / Serpentine Belt,1100.0,1.0,1,Sedan,20,315511.0,58.2,54.9,1125.0,1,4,57.94199999999995,1111.75
58,General Mechanical Inspection & Check-Up,800.0,0.5,1,Sedan,20,278224.7,28.8,29.8,800.0,1,4,29.864000000000022,800.5
1,Change Oil,650.0,0.75,1,Crossover,12,175822.6,44.6,41.7,650.0,0,0,44.14999999999995,650.25
48,Replace Fan Belt / Serpentine Belt,1100.0,1.0,1,Crossover,12,186889.9,58.0,59.3,1100.0,1,0,59.40400000000008,1092.75
51,Replace Valve Cover Gasket,1200.0,1.75,0,Crossover,12,173666.8,109.1,162.0,1750.0,1,0,168.42000000000004,1787.75
12,Replace Spark Plugs,300.0,0.5,1,Crossover,12,159152.1,31.0,36.1,300.0,1,0,35.02299999999996,304.0
36,Down Clutch / Pulldown Transmission,3500.0,4.5,0,Van,6,80669.6,278.7,246.2,7225.0,1,5,280.4270000000003,6065.25
1,Change Oil,650.0,0.75,1,Sedan,6,89628.3,44.3,47.1,625.0,0,4,46.619000000000014,631.0
13,Brake Service & Cleaning,800.0,1.25,1,Sedan,6,88131.8,73.0,72.2,775.0,0,4,77.64000000000004,808.0
3,Replace Fuel Filter,550.0,0.75,1,Sedan,6,87543.2,45.7,41.1,575.0,0,4,42.51099999999997,569.25
54,General Engine Overhaul,22000.0,24.0,0,Sedan,6,93321.5,1509.0,1663.6,31475.0,1,4,1795.2030000000034,31267.75
54,General Engine Overhaul,22000.0,24.0,0,Sedan,6,87454.6,1466.8,1749.6,39375.0,1,4,1777.0720000000024,36085.5
48,Replace Fan Belt / Serpentine Belt,1100.0,1.0,1,Sedan,6,90719.6,60.9,62.7,1175.0,0,4,62.098999999999926,1142.75
49,Replace Timing Belt / Chain,3500.0,4.0,0,Sedan,6,77091.8,228.8,331.8,9350.0,1,4,304.7229999999997,8019.5
41,Replace Water Pump,2500.0,2.0,0,Sedan,6,100845.0,123.2,169.9,4700.0,1,4,149.22200000000012,2784.75
54,General Engine Overhaul,22000.0,24.0,0,Sedan,6,85040.4,1464.6,1598.2,28575.0,1,4,1659.8600000000015,29296.75
48,Replace Fan Belt / Serpentine Belt,1100.0,1.0,1,Sedan,6,83714.0,62.2,52.6,1125.0,0,4,56.07000000000006,1122.75
37,Air Conditioning Cleaning & Freon Charge,3500.0,3.0,0,Sedan,6,91882.6,178.6,218.8,4325.0,1,4,219.2329999999997,4233.25
45,Alternator Repair / Replacement,1800.0,1.5,0,Sedan,6,91399.0,93.7,131.0,1750.0,1,4,125.03900000000003,2258.5
43,Engine Diagnostics & Electrical Scan,1500.0,0.75,1,Sedan,6,79948.7,46.0,50.2,1475.0,0,4,48.59099999999995,1486.25
37,Air Conditioning Cleaning & Freon Charge,3500.0,3.0,0,Sedan,6,85102.3,173.0,230.3,6650.0,1,4,223.62399999999977,5235.25
1,Change Oil,650.0,0.75,1,Sedan,10,122006.0,42.8,37.2,650.0,0,4,41.288999999999945,650.0
13,Brake Service & Cleaning,800.0,1.25,1,Sedan,10,142798.4,73.5,80.6,850.0,1,4,78.43700000000005,828.75
23,Replace Tie Rod End,800.0,1.0,1,Sedan,10,153101.4,57.5,62.0,775.0,1,4,57.53599999999997,787.25
18,Wheel Alignment,900.0,1.0,1,Sedan,10,123963.3,63.0,64.6,925.0,1,4,63.915000000000084,917.5
20,Tire Rotation & Balancing,800.0,0.75,1,Sedan,10,128353.5,45.4,47.3,825.0,1,4,47.26400000000003,815.5
19,Wheel Balancing,500.0,0.5,1,Sedan,10,159598.2,30.2,24.3,500.0,0,4,26.091000000000008,497.75
37,Air Conditioning Cleaning & Freon Charge,3500.0,3.0,0,Sedan,6,80256.5,184.9,263.4,7225.0,1,4,247.0480000000003,6400.5
58,General Mechanical Inspection & Check-Up,800.0,0.5,1,Sedan,6,85533.3,30.4,35.0,825.0,0,4,30.79100000000002,825.25
36,Down Clutch / Pulldown Transmission,3500.0,4.5,0,Sedan,6,79359.1,259.3,316.1,2925.0,0,4,351.0230000000001,5934.5
58,General Mechanical Inspection & Check-Up,800.0,0.5,1,Sedan,6,95010.3,30.3,31.0,850.0,0,4,30.796000000000003,834.75
56,Power Window Repair / Motor Replacement,1000.0,1.25,0,Sedan,6,83140.6,73.2,86.8,1025.0,1,4,98.50400000000002,1157.0
22,Replace Suspension Bushing,1500.0,2.5,0,Sedan,6,69915.9,146.7,148.5,1825.0,1,4,204.6550000000001,1945.25
43,Engine Diagnostics & Electrical Scan,1500.0,0.75,1,Hatchback,6,85307.6,43.7,43.9,1500.0,0,1,43.989,1492.5
47,Electrical System & Wiring Repair,2500.0,1.5,0,Hatchback,6,70031.8,85.8,103.8,3150.0,1,1,108.15199999999996,3283.25
58,General Mechanical Inspection & Check-Up,800.0,0.5,1,Sedan,3,48067.7,30.0,31.5,800.0,0,4,30.904000000000007,796.0
36,Down Clutch / Pulldown Transmission,3500.0,4.5,0,Sedan,6,77660.6,273.2,329.9,9775.0,1,4,336.76800000000037,7726.25
43,Engine Diagnostics & Electrical Scan,1500.0,0.75,1,Sedan,6,90542.8,45.0,44.5,1475.0,0,4,44.81300000000002,1499.75
40,Radiator Replacement / Repair,1500.0,1.5,0,Sedan,6,81953.6,89.2,117.1,2025.0,1,4,115.09700000000012,1855.75
43,Engine Diagnostics & Electrical Scan,1500.0,0.75,1,Sedan,6,85611.6,46.5,48.0,1475.0,0,4,47.663000000000004,1482.5
47,Electrical System & Wiring Repair,2500.0,1.5,0,Sedan,6,84966.5,89.0,78.1,2350.0,0,4,87.98800000000014,2343.75
51,Replace Valve Cover Gasket,1200.0,1.75,0,Sedan,6,75350.9,107.6,146.0,1600.0,1,4,137.327,1700.75
48,Replace Fan Belt / Serpentine Belt,1100.0,1.0,1,Sedan,6,91868.5,59.2,59.9,1100.0,0,4,61.83899999999996,1106.5
13,Brake Service & Cleaning,800.0,1.25,1,Sedan,6,94139.0,75.8,79.6,825.0,0,4,82.178,792.75
18,Wheel Alignment,900.0,1.0,1,Sedan,6,81625.3,57.4,53.3,900.0,0,4,54.49200000000009,900.5
42,Replace Auxiliary Fan / Motor,1500.0,1.0,1,Sedan,6,72767.4,58.8,72.6,1475.0,1,4,67.80800000000005,1472.75
36,Down Clutch / Pulldown Transmission,3500.0,4.5,0,Van,17,203573.3,271.6,497.7,14775.0,1,5,467.5619999999997,11699.75
43,Engine Diagnostics & Electrical Scan,1500.0,0.75,1,Van,17,254348.7,45.9,53.6,1475.0,1,5,51.736000000000004,1536.5
40,Radiator Replacement / Repair,1500.0,1.5,0,Van,17,221708.0,92.6,171.8,2750.0,1,5,162.68299999999977,2999.0
1,Change Oil,650.0,0.75,1,SUV,6,97886.4,46.9,41.0,625.0,0,3,44.54299999999999,642.0
13,Brake Service & Cleaning,800.0,1.25,1,SUV,6,85798.0,75.8,83.6,825.0,0,3,80.91800000000008,814.75
1,Change Oil,650.0,0.75,1,Sedan,14,186144.1,44.7,42.1,650.0,1,4,45.057999999999964,632.0
22,Replace Suspension Bushing,1500.0,2.5,0,Sedan,14,172820.8,152.1,214.6,2100.0,1,4,213.12099999999984,2058.25
36,Down Clutch / Pulldown Transmission,3500.0,4.5,0,Sedan,14,189985.0,274.8,334.9,4600.0,1,4,419.1310000000001,5374.5
13,Brake Service & Cleaning,800.0,1.25,1,Sedan,14,188046.5,74.7,71.4,800.0,1,4,77.51300000000003,817.0
18,Wheel Alignment,900.0,1.0,1,Sedan,14,190551.0,60.0,60.7,900.0,1,4,60.719999999999935,904.0
23,Replace Tie Rod End,800.0,1.0,1,Sedan,16,189898.2,59.3,59.3,850.0,1,4,58.96100000000002,803.0
22,Replace Suspension Bushing,1500.0,2.5,0,Sedan,16,217212.7,144.2,224.5,1575.0,1,4,240.28299999999984,2453.75
21,Replace Shock Absorbers,1200.0,2.0,1,Sedan,16,251696.1,123.9,125.3,1225.0,1,4,126.17099999999986,1222.0
27,Replace Stabilizer Link,700.0,0.75,1,Sedan,16,216097.8,45.2,46.8,675.0,1,4,46.40900000000001,698.25
56,Power Window Repair / Motor Replacement,1000.0,1.25,0,Sedan,16,231573.8,77.5,96.8,1450.0,1,4,97.51500000000007,1191.5
33,Replace Axle Boot,800.0,1.0,1,Sedan,16,206127.5,57.3,52.7,775.0,1,4,60.29999999999995,815.0
18,Wheel Alignment,900.0,1.0,1,Sedan,16,256100.9,59.1,55.2,900.0,1,4,57.32199999999993,901.75
58,General Mechanical Inspection & Check-Up,800.0,0.5,1,Sedan,16,223559.8,30.0,31.3,825.0,1,4,30.525000000000027,820.25
1,Change Oil,650.0,0.75,1,Hatchback,15,217231.2,43.7,42.9,650.0,1,1,48.00599999999999,661.0
50,Replace Engine Support,1200.0,1.5,0,Hatchback,15,210592.1,87.5,139.2,975.0,1,1,135.44000000000008,1215.5
12,Replace Spark Plugs,300.0,0.5,1,Hatchback,15,228896.6,30.9,32.2,300.0,1,1,32.323,317.5
51,Replace Valve Cover Gasket,1200.0,1.75,0,Sedan,20,268463.6,109.7,183.7,1875.0,1,4,183.69600000000017,2144.75
2,Change ATF / Transmission Fluid,650.0,0.75,1,Sedan,20,319763.3,46.6,40.9,675.0,1,4,42.82700000000003,668.5
50,Replace Engine Support,1200.0,1.5,0,Sedan,20,260504.6,92.4,160.8,1200.0,1,4,158.7899999999998,1632.25
32,Replace CV Joint,1800.0,1.5,0,Sedan,20,281890.7,93.3,157.4,3100.0,1,4,156.18199999999985,3061.0
17,Brake Master / Wheel Cylinder Overhaul,800.0,1.5,0,Van,10,158039.6,90.7,145.0,1275.0,1,5,138.5209999999999,1531.0
47,Electrical System & Wiring Repair,2500.0,1.5,0,Van,10,151535.6,93.5,139.8,2900.0,1,5,139.3909999999998,3353.75
57,Wiper Linkage / Motor Repair,4000.0,1.5,0,Van,10,152106.7,85.7,149.2,5150.0,1,5,143.91700000000014,5949.25
14,Replace Brake Pads,600.0,1.0,1,Van,10,152911.2,57.8,54.5,575.0,0,5,56.53000000000001,589.25
58,General Mechanical Inspection & Check-Up,800.0,0.5,1,Van,10,150801.4,29.1,28.4,825.0,0,5,29.119000000000046,819.0
22,Replace Suspension Bushing,1500.0,2.5,0,Pickup,6,76935.9,155.0,178.2,1975.0,1,2,183.53500000000022,1822.75
18,Wheel Alignment,900.0,1.0,1,Pickup,6,95078.3,61.0,65.1,900.0,0,2,62.96500000000004,898.0
50,Replace Engine Support,1200.0,1.5,0,Sedan,25,357512.3,89.9,163.8,3125.0,1,4,156.28399999999996,2067.25
43,Engine Diagnostics & Electrical Scan,1500.0,0.75,1,Sedan,25,336568.8,44.3,45.6,1500.0,1,4,45.66099999999999,1676.0
42,Replace Auxiliary Fan / Motor,1500.0,1.0,1,Sedan,12,185429.1,62.7,54.5,1500.0,0,4,57.544,1499.25
42,Replace Auxiliary Fan / Motor,1500.0,1.0,1,Sedan,12,149197.5,61.8,62.1,1500.0,1,4,61.47200000000007,1511.0
41,Replace Water Pump,2500.0,2.0,0,Van,6,73987.0,117.5,132.4,3725.0,1,5,141.82,3008.75
58,General Mechanical Inspection & Check-Up,800.0,0.5,1,Van,8,128791.4,29.7,29.6,825.0,0,5,29.344999999999974,817.0
58,General Mechanical Inspection & Check-Up,800.0,0.5,1,Van,8,109184.4,30.4,31.2,800.0,0,5,29.21500000000001,792.75
17,Brake Master / Wheel Cylinder Overhaul,800.0,1.5,0,Pickup,10,137734.2,86.6,120.4,1175.0,1,2,131.63099999999997,1498.25
47,Electrical System & Wiring Repair,2500.0,1.5,0,Pickup,10,140590.2,91.1,129.9,3400.0,1,2,132.33499999999987,3429.75
14,Replace Brake Pads,600.0,1.0,1,Pickup,10,133958.7,61.9,64.3,625.0,1,2,63.82500000000007,617.0
54,General Engine Overhaul,22000.0,24.0,0,SUV,6,81341.5,1479.6,1865.1,28175.0,1,3,1840.7300000000025,27725.25
17,Brake Master / Wheel Cylinder Overhaul,800.0,1.5,0,Hatchback,6,75562.3,91.2,105.1,575.0,0,1,106.85300000000014,639.75
13,Brake Service & Cleaning,800.0,1.25,1,Sedan,25,331807.7,71.7,77.9,775.0,1,4,75.87399999999994,786.0
23,Replace Tie Rod End,800.0,1.0,1,Sedan,25,327951.6,59.2,63.8,800.0,1,4,62.34800000000005,799.25
18,Wheel Alignment,900.0,1.0,1,Sedan,25,336590.9,62.4,67.9,900.0,1,4,61.346000000000004,903.25
19,Wheel Balancing,500.0,0.5,1,Sedan,25,345264.8,28.8,29.2,525.0,1,4,29.195999999999966,513.5
47,Electrical System & Wiring Repair,2500.0,1.5,0,Sedan,25,341990.1,91.8,185.9,5450.0,1,4,171.80399999999992,5381.0
13,Brake Service & Cleaning,800.0,1.25,1,Sedan,25,401498.2,78.4,73.3,825.0,1,4,78.84000000000013,822.0
37,Air Conditioning Cleaning & Freon Charge,3500.0,3.0,0,Sedan,10,129378.3,182.6,249.0,6625.0,1,4,244.74699999999996,5911.0
58,General Mechanical Inspection & Check-Up,800.0,0.5,1,Sedan,12,191431.6,29.8,27.0,800.0,0,4,28.747999999999998,807.0
22,Replace Suspension Bushing,1500.0,2.5,0,Sedan,12,161505.5,143.3,196.1,1200.0,1,4,200.17899999999995,1476.5
33,Replace Axle Boot,800.0,1.0,1,Sedan,12,189519.2,58.3,57.7,850.0,1,4,60.93300000000002,800.25
2,Change ATF / Transmission Fluid,650.0,0.75,1,Sedan,12,184052.2,45.8,41.0,675.0,0,4,47.13100000000002,647.25
14,Replace Brake Pads,600.0,1.0,1,Sedan,12,154028.2,61.4,67.9,575.0,1,4,62.194000000000024,618.0
31,Replace Wheel Bearing,1350.0,1.5,1,Sedan,12,167238.0,87.3,86.8,1375.0,1,4,86.92900000000007,1363.0
13,Brake Service & Cleaning,800.0,1.25,1,Sedan,10,130466.6,72.1,63.5,800.0,0,4,75.36200000000001,795.75
23,Replace Tie Rod End,800.0,1.0,1,Sedan,10,148610.2,59.3,59.4,775.0,0,4,59.668999999999954,788.0
18,Wheel Alignment,900.0,1.0,1,Sedan,10,139970.4,60.2,61.0,900.0,0,4,61.70199999999998,899.75
19,Wheel Balancing,500.0,0.5,1,Sedan,10,146089.3,30.1,27.9,525.0,0,4,27.075999999999993,496.25
47,Electrical System & Wiring Repair,2500.0,1.5,0,Sedan,10,156007.6,90.2,121.4,3400.0,1,4,130.28299999999987,3885.75
54,General Engine Overhaul,22000.0,24.0,0,Sedan,6,73602.2,1410.2,1810.0,42075.0,1,4,1794.8170000000007,37342.0
54,General Engine Overhaul,22000.0,24.0,0,Sedan,6,80186.9,1368.2,1974.5,37125.0,1,4,1882.3190000000009,33654.25
37,Air Conditioning Cleaning & Freon Charge,3500.0,3.0,0,Sedan,6,101392.5,171.4,222.2,4600.0,1,4,216.00300000000018,4460.0
58,General Mechanical Inspection & Check-Up,800.0,0.5,1,Sedan,6,91683.0,29.7,29.4,800.0,0,4,30.077000000000034,806.75
36,Down Clutch / Pulldown Transmission,3500.0,4.5,0,Sedan,6,75683.5,269.6,332.5,6100.0,1,4,316.1520000000002,5852.75
51,Replace Valve Cover Gasket,1200.0,1.75,0,Sedan,6,80839.5,109.6,149.3,1650.0,1,4,139.93099999999993,1769.0
13,Brake Service & Cleaning,800.0,1.25,1,Sedan,6,73568.4,72.9,72.2,800.0,0,4,73.8479999999999,802.75
1,Change Oil,650.0,0.75,1,Sedan,6,92095.1,45.4,47.5,650.0,0,4,46.67199999999999,646.0
3,Replace Fuel Filter,550.0,0.75,1,Sedan,6,87309.1,45.8,43.7,525.0,0,4,43.79499999999998,554.5
37,Air Conditioning Cleaning & Freon Charge,3500.0,3.0,0,Sedan,6,92796.2,179.5,237.8,4800.0,1,4,231.0789999999997,4645.0
58,General Mechanical Inspection & Check-Up,800.0,0.5,1,Sedan,6,70407.8,28.5,27.2,850.0,0,4,27.193999999999978,832.5
54,General Engine Overhaul,22000.0,24.0,0,Sedan,6,82675.7,1444.3,1828.2,20550.0,1,4,1826.2020000000014,26271.75
54,General Engine Overhaul,22000.0,24.0,0,Sedan,6,84302.0,1407.6,1735.1,29350.0,1,4,1794.4730000000022,30866.25
51,Replace Valve Cover Gasket,1200.0,1.75,0,Sedan,10,142489.7,100.2,135.5,1500.0,1,4,138.414,1686.75
36,Down Clutch / Pulldown Transmission,3500.0,4.5,0,Sedan,10,124017.1,279.3,366.2,4475.0,1,4,361.51700000000017,4509.0
50,Replace Engine Support,1200.0,1.5,0,Sedan,10,155985.1,94.1,131.5,1150.0,1,4,134.67,1280.75
32,Replace CV Joint,1800.0,1.5,0,Sedan,10,131062.6,90.8,129.2,2450.0,1,4,132.05000000000015,2780.5
36,Down Clutch / Pulldown Transmission,3500.0,4.5,0,Sedan,10,156718.5,277.9,387.2,6225.0,1,4,378.2660000000001,5801.25
1,Change Oil,650.0,0.75,1,Sedan,11,179846.6,43.5,50.6,650.0,1,4,49.138000000000005,651.0
12,Replace Spark Plugs,300.0,0.5,1,Sedan,11,146211.0,30.5,31.7,300.0,1,4,31.42099999999998,302.25
48,Replace Fan Belt / Serpentine Belt,1100.0,1.0,1,Sedan,6,92004.7,57.1,52.5,1125.0,0,4,59.53000000000001,1100.5
37,Air Conditioning Cleaning & Freon Charge,3500.0,3.0,0,Sedan,6,85744.6,184.1,227.8,2350.0,0,4,242.2880000000003,5778.25
58,General Mechanical Inspection & Check-Up,800.0,0.5,1,Sedan,6,73951.6,30.5,30.2,775.0,0,4,33.063000000000024,818.5
1,Change Oil,650.0,0.75,1,Hatchback,14,197232.8,47.2,43.1,625.0,1,1,44.79999999999998,636.25
2,Change ATF / Transmission Fluid,650.0,0.75,1,Hatchback,14,217178.4,47.0,40.9,675.0,1,1,43.24100000000003,669.0
13,Brake Service & Cleaning,800.0,1.25,1,Hatchback,14,210365.8,75.5,85.3,775.0,1,1,82.41900000000012,780.5
48,Replace Fan Belt / Serpentine Belt,1100.0,1.0,1,Hatchback,6,75260.3,62.5,63.8,1075.0,0,1,62.52500000000006,1085.0
1,Change Oil,650.0,0.75,1,Sedan,11,137223.6,42.9,44.5,650.0,1,4,44.742999999999995,654.25
13,Brake Service & Cleaning,800.0,1.25,1,Sedan,11,151785.0,75.6,89.1,750.0,1,4,84.15100000000012,769.5
16,Rotor Disc Refacing / Resurfacing,2500.0,2.0,1,Sedan,11,159598.8,117.4,127.1,2475.0,1,4,123.58800000000014,2544.5
17,Brake Master / Wheel Cylinder Overhaul,800.0,1.5,0,Sedan,11,180247.3,89.3,124.7,925.0,1,4,126.36300000000007,1107.75
47,Electrical System & Wiring Repair,2500.0,1.5,0,Sedan,11,151552.6,90.8,119.9,3850.0,1,4,127.18699999999986,4288.75
18,Wheel Alignment,900.0,1.0,1,Sedan,11,167313.3,57.4,46.6,900.0,0,4,52.646000000000015,901.0
51,Replace Valve Cover Gasket,1200.0,1.75,0,Sedan,25,386953.6,103.2,210.3,1700.0,1,4,200.95199999999983,2193.0
17,Brake Master / Wheel Cylinder Overhaul,800.0,1.5,0,Sedan,25,362435.8,93.4,143.0,1875.0,1,4,148.55799999999996,1505.75
17,Brake Master / Wheel Cylinder Overhaul,800.0,1.5,0,Sedan,25,338011.2,86.7,171.3,1175.0,1,4,138.74199999999996,1342.25
53,Top Overhaul,15000.0,14.0,0,Hatchback,6,80961.2,817.0,873.7,8500.0,0,1,937.2019999999991,10655.5
58,General Mechanical Inspection & Check-Up,800.0,0.5,1,Hatchback,6,72549.2,30.7,34.3,825.0,0,1,33.30300000000003,820.75
58,General Mechanical Inspection & Check-Up,800.0,0.5,1,Van,6,92856.4,29.4,32.8,775.0,0,5,32.54300000000003,781.25
53,Top Overhaul,15000.0,14.0,0,Van,6,88963.7,829.2,1266.9,24400.0,1,5,1175.5489999999982,23147.75
1,Change Oil,650.0,0.75,1,Crossover,11,157104.6,45.2,43.1,650.0,0,0,46.59099999999999,652.25
13,Brake Service & Cleaning,800.0,1.25,1,Crossover,11,168936.8,78.4,70.0,825.0,0,0,77.70300000000003,808.5
14,Replace Brake Pads,600.0,1.0,1,Crossover,11,168301.7,57.6,67.9,650.0,1,0,64.65799999999994,630.75
15,Replace Brake Shoes,800.0,1.0,1,Crossover,11,155376.4,62.0,68.6,825.0,1,0,60.22000000000003,804.0
26,Overhaul / Replace Steering Rack & Pinion,4500.0,4.0,0,Crossover,11,159288.4,244.7,376.7,7100.0,1,0,356.6470000000001,7170.25
26,Overhaul / Replace Steering Rack & Pinion,4500.0,4.0,0,Crossover,11,149551.1,232.7,275.9,7150.0,1,0,282.7839999999998,5862.25
36,Down Clutch / Pulldown Transmission,3500.0,4.5,0,Crossover,11,181190.1,275.4,413.6,5775.0,1,0,410.6229999999994,5816.0
18,Wheel Alignment,900.0,1.0,1,Crossover,11,175123.4,59.3,62.6,875.0,1,0,61.69500000000007,892.0
1,Change Oil,650.0,0.75,1,Sedan,6,89623.3,42.9,38.5,650.0,0,4,40.442000000000014,652.75
13,Brake Service & Cleaning,800.0,1.25,1,Sedan,6,94539.6,75.3,87.8,800.0,0,4,83.31000000000003,794.75
10,Throttle Body Cleaning,550.0,0.75,1,Sedan,6,90033.7,46.4,39.3,575.0,0,4,42.41600000000005,569.25
12,Replace Spark Plugs,300.0,0.5,1,Sedan,6,81410.0,29.0,27.0,300.0,0,4,27.658999999999995,306.5
16,Rotor Disc Refacing / Resurfacing,2500.0,2.0,1,Sedan,25,390886.5,123.6,132.8,2400.0,1,4,130.17699999999985,2467.5
14,Replace Brake Pads,600.0,1.0,1,Sedan,25,363001.4,62.4,64.0,600.0,1,4,61.776,602.0
32,Replace CV Joint,1800.0,1.5,0,Sedan,25,327751.4,88.7,139.9,2700.0,1,4,144.97399999999988,2865.75
40,Radiator Replacement / Repair,1500.0,1.5,0,Sedan,6,89843.6,86.1,98.0,1800.0,1,4,103.20399999999997,1734.75
21,Replace Shock Absorbers,1200.0,2.0,1,Sedan,6,86297.2,118.0,118.9,1175.0,0,4,118.17399999999984,1177.25
16,Rotor Disc Refacing / Resurfacing,2500.0,2.0,1,Sedan,6,98009.3,122.1,113.0,2550.0,0,4,127.78899999999996,2554.0
51,Replace Valve Cover Gasket,1200.0,1.75,0,Sedan,6,86802.2,100.8,110.0,1550.0,1,4,115.00200000000001,1465.25
13,Brake Service & Cleaning,800.0,1.25,1,Sedan,6,90113.2,71.8,65.6,800.0,0,4,69.67600000000009,793.25
38,Replace A/C Compressor,3500.0,2.5,0,Sedan,6,91769.2,148.6,211.8,5300.0,1,4,199.63099999999977,4762.5
16,Rotor Disc Refacing / Resurfacing,2500.0,2.0,1,Hatchback,4,54268.5,118.8,113.3,2450.0,0,1,117.50199999999991,2462.75
22,Replace Suspension Bushing,1500.0,2.5,0,Hatchback,4,54219.6,146.8,182.1,1875.0,1,1,185.43399999999997,1975.5
26,Overhaul / Replace Steering Rack & Pinion,4500.0,4.0,0,Hatchback,4,53658.9,229.8,273.1,4200.0,0,1,281.56699999999967,4405.75
17,Brake Master / Wheel Cylinder Overhaul,800.0,1.5,0,Hatchback,4,52260.7,91.1,88.3,600.0,0,1,103.616,625.75
17,Brake Master / Wheel Cylinder Overhaul,800.0,1.5,0,Hatchback,4,55787.0,87.8,124.5,900.0,1,1,116.29899999999996,1099.75
1,Change Oil,650.0,0.75,1,Hatchback,4,56827.9,44.0,48.5,650.0,0,1,46.84199999999999,654.75
18,Wheel Alignment,900.0,1.0,1,Hatchback,4,59524.5,57.9,58.1,900.0,0,1,57.55099999999994,892.5
45,Alternator Repair / Replacement,1800.0,1.5,0,Sedan,6,90216.9,91.6,112.1,3050.0,1,4,115.72300000000016,2647.5
1,Change Oil,650.0,0.75,1,Hatchback,6,84280.5,44.8,45.3,650.0,0,1,45.40900000000005,649.75
2,Change ATF / Transmission Fluid,650.0,0.75,1,Hatchback,6,89606.3,45.8,46.6,650.0,0,1,46.15,644.0
13,Brake Service & Cleaning,800.0,1.25,1,Hatchback,6,78952.0,78.1,69.6,800.0,0,1,74.3410000000001,803.0
48,Replace Fan Belt / Serpentine Belt,1100.0,1.0,1,Hatchback,6,86830.5,57.1,66.2,1150.0,0,1,62.67599999999993,1125.25
18,Wheel Alignment,900.0,1.0,1,Hatchback,6,85450.8,61.3,64.3,925.0,0,1,62.03200000000006,914.25
14,Replace Brake Pads,600.0,1.0,1,Sedan,6,70558.8,58.3,55.2,575.0,0,4,56.21799999999991,590.25
43,Engine Diagnostics & Electrical Scan,1500.0,0.75,1,Pickup,4,49966.6,46.0,52.9,1550.0,0,2,51.06099999999998,1539.75
13,Brake Service & Cleaning,800.0,1.25,1,Pickup,4,56667.8,77.5,82.1,800.0,0,2,80.97300000000008,798.0
43,Engine Diagnostics & Electrical Scan,1500.0,0.75,1,Pickup,4,64998.7,43.7,49.5,1525.0,0,2,45.742999999999995,1527.5
1,Change Oil,650.0,0.75,1,Sedan,6,91488.9,43.1,46.3,650.0,0,4,43.34900000000005,649.75
3,Replace Fuel Filter,550.0,0.75,1,Sedan,6,88025.1,44.0,47.7,550.0,0,4,46.08099999999997,551.5
13,Brake Service & Cleaning,800.0,1.25,1,Sedan,6,93231.1,74.7,68.2,825.0,0,4,78.09499999999998,803.75
30,Replace Ball Joint,1200.0,1.25,1,Sedan,6,89489.9,74.6,79.3,1200.0,0,4,79.27099999999994,1213.25
22,Replace Suspension Bushing,1500.0,2.5,0,Sedan,6,79257.8,146.9,175.6,1425.0,0,4,188.72000000000008,1350.0
23,Replace Tie Rod End,800.0,1.0,1,Sedan,6,80759.3,57.3,62.1,800.0,0,4,59.33400000000007,797.25
21,Replace Shock Absorbers,1200.0,2.0,1,Sedan,6,79467.2,118.9,109.3,1225.0,0,4,113.6119999999999,1209.0
18,Wheel Alignment,900.0,1.0,1,Sedan,6,72913.8,57.4,61.0,875.0,0,4,54.90700000000008,911.25
18,Wheel Alignment,900.0,1.0,1,Sedan,6,98744.2,61.1,60.7,875.0,0,4,60.16899999999989,884.25
51,Replace Valve Cover Gasket,1200.0,1.75,0,SUV,11,143880.9,105.2,108.7,2975.0,1,3,127.43500000000012,2354.5
58,General Mechanical Inspection & Check-Up,800.0,0.5,1,SUV,11,153337.9,30.9,32.9,800.0,1,3,32.30200000000004,798.25
3,Replace Fuel Filter,550.0,0.75,1,SUV,11,173171.5,44.3,47.7,550.0,1,3,47.36099999999996,547.75
50,Replace Engine Support,1200.0,1.5,0,Sedan,6,89365.0,89.0,115.4,2750.0,1,4,109.65199999999992,2209.5
27,Replace Stabilizer Link,700.0,0.75,1,Sedan,6,82817.3,45.8,47.4,700.0,0,4,46.42300000000001,693.5
23,Replace Tie Rod End,800.0,1.0,1,Sedan,6,90670.3,60.7,64.2,775.0,0,4,62.391999999999946,786.5
58,General Mechanical Inspection & Check-Up,800.0,0.5,1,Sedan,6,80323.4,29.2,30.0,850.0,0,4,29.923000000000012,836.5
50,Replace Engine Support,1200.0,1.5,0,Sedan,6,71958.9,85.7,97.5,850.0,0,4,114.14599999999993,1597.0
14,Replace Brake Pads,600.0,1.0,1,Sedan,6,72419.0,60.1,54.5,600.0,0,4,56.18000000000001,602.75
13,Brake Service & Cleaning,800.0,1.25,1,Sedan,6,73469.0,73.0,80.4,850.0,0,4,77.45599999999988,831.0
22,Replace Suspension Bushing,1500.0,2.5,0,Sedan,6,82554.9,150.6,220.0,925.0,0,4,208.52900000000008,1397.5
36,Down Clutch / Pulldown Transmission,3500.0,4.5,0,Sedan,6,77622.1,267.6,354.3,2100.0,0,4,347.6679999999999,3479.25
58,General Mechanical Inspection & Check-Up,800.0,0.5,1,Sedan,6,81280.2,30.3,30.1,775.0,0,4,31.031999999999968,791.0
13,Brake Service & Cleaning,800.0,1.25,1,Sedan,6,79425.2,72.8,79.3,800.0,0,4,79.12900000000009,800.75
21,Replace Shock Absorbers,1200.0,2.0,1,Sedan,6,78505.1,119.0,120.9,1175.0,0,4,117.86599999999981,1191.5
53,Top Overhaul,15000.0,14.0,0,Hatchback,6,88625.8,855.8,1125.9,21825.0,1,1,1085.020999999999,20951.5
21,Replace Shock Absorbers,1200.0,2.0,1,Sedan,9,143778.3,124.1,105.9,1200.0,0,4,112.9319999999999,1194.0
16,Rotor Disc Refacing / Resurfacing,2500.0,2.0,1,Sedan,6,91864.2,116.2,111.1,2500.0,0,4,111.85500000000015,2515.75
13,Brake Service & Cleaning,800.0,1.25,1,Sedan,6,86753.8,78.0,77.8,825.0,0,4,76.8500000000001,813.0
1,Change Oil,650.0,0.75,1,Sedan,6,92587.1,43.0,41.8,650.0,0,4,42.183000000000064,651.75
21,Replace Shock Absorbers,1200.0,2.0,1,Sedan,6,86460.8,119.2,111.3,1175.0,0,4,114.28799999999993,1173.5
17,Brake Master / Wheel Cylinder Overhaul,800.0,1.5,0,Van,6,80255.4,86.1,99.6,600.0,0,5,105.28100000000008,632.25
48,Replace Fan Belt / Serpentine Belt,1100.0,1.0,1,Van,6,92883.2,61.3,61.5,1175.0,0,5,61.016999999999996,1093.5
1,Change Oil,650.0,0.75,1,Van,6,77586.0,46.2,44.4,650.0,0,5,44.041000000000004,645.5
1,Change Oil,650.0,0.75,1,Crossover,11,168314.9,46.3,50.0,650.0,1,0,49.723,643.0
51,Replace Valve Cover Gasket,1200.0,1.75,0,Crossover,11,151616.6,106.8,178.6,2450.0,1,0,155.73400000000015,1961.25
13,Brake Service & Cleaning,800.0,1.25,1,Crossover,11,137009.4,77.9,81.7,800.0,1,0,80.13099999999993,794.25
21,Replace Shock Absorbers,1200.0,2.0,1,Sedan,9,138076.8,121.8,126.1,1225.0,0,4,125.32500000000014,1213.5
53,Top Overhaul,15000.0,14.0,0,Hatchback,7,98741.2,837.8,936.8,17700.0,1,1,1030.9219999999996,22408.0
25,Replace Tie Rod & Rack End,1000.0,1.5,1,Hatchback,8,101551.9,87.7,86.9,950.0,0,1,85.12499999999994,981.0
16,Rotor Disc Refacing / Resurfacing,2500.0,2.0,1,Hatchback,8,126642.6,116.3,120.7,2475.0,0,1,120.02800000000012,2505.25
31,Replace Wheel Bearing,1350.0,1.5,1,Hatchback,8,113933.4,91.4,88.4,1375.0,0,1,96.58599999999998,1332.5
18,Wheel Alignment,900.0,1.0,1,Hatchback,8,116588.3,62.6,56.7,925.0,0,1,60.07299999999992,910.25
47,Electrical System & Wiring Repair,2500.0,1.5,0,Sedan,6,75950.3,91.8,123.8,3150.0,1,4,123.0519999999999,3663.75
12,Replace Spark Plugs,300.0,0.5,1,Sedan,6,81956.8,30.9,33.3,300.0,0,4,33.126000000000026,300.25
10,Throttle Body Cleaning,550.0,0.75,1,Sedan,6,72654.3,45.9,43.1,525.0,0,4,43.644999999999975,531.25
1,Change Oil,650.0,0.75,1,Van,6,71122.1,42.9,42.6,650.0,0,5,44.90600000000002,642.75
13,Brake Service & Cleaning,800.0,1.25,1,Van,6,80882.8,76.3,82.0,800.0,0,5,80.90100000000001,796.0
18,Wheel Alignment,900.0,1.0,1,Van,6,92543.6,62.4,61.3,925.0,0,5,61.96200000000005,917.25
2,Change ATF / Transmission Fluid,650.0,0.75,1,Van,6,81715.2,43.2,46.7,650.0,0,5,44.22500000000001,646.5
18,Wheel Alignment,900.0,1.0,1,Van,6,100561.7,58.4,59.1,875.0,0,5,59.27500000000005,880.0
53,Top Overhaul,15000.0,14.0,0,Sedan,6,70413.5,828.3,1097.7,17275.0,1,4,1049.1699999999992,17238.25
54,General Engine Overhaul,22000.0,24.0,0,Sedan,6,83013.1,1401.4,2109.7,17800.0,1,4,1999.3610000000026,24444.25
36,Down Clutch / Pulldown Transmission,3500.0,4.5,0,Sedan,6,78817.1,273.2,444.6,7775.0,1,4,339.7430000000002,6729.5
1,Change Oil,650.0,0.75,1,Van,6,95376.6,45.4,52.7,650.0,0,5,50.257999999999946,649.5
13,Brake Service & Cleaning,800.0,1.25,1,Van,6,79316.9,75.7,79.4,750.0,0,5,79.11199999999994,772.5
18,Wheel Alignment,900.0,1.0,1,Van,6,85022.5,62.9,69.8,925.0,0,5,61.94300000000002,917.75
19,Wheel Balancing,500.0,0.5,1,Van,6,91873.5,28.7,33.8,500.0,0,5,27.507999999999985,491.0
2,Change ATF / Transmission Fluid,650.0,0.75,1,Van,6,88111.4,47.0,47.9,625.0,0,5,47.88900000000002,631.0
36,Down Clutch / Pulldown Transmission,3500.0,4.5,0,Sedan,22,328860.6,274.0,445.3,7100.0,1,4,452.5510000000003,6774.75
22,Replace Suspension Bushing,1500.0,2.5,0,Sedan,22,322753.7,145.2,245.0,4675.0,1,4,249.632,3917.5
1,Change Oil,650.0,0.75,1,Sedan,6,93912.0,43.5,49.8,675.0,0,4,48.05300000000008,664.75
13,Brake Service & Cleaning,800.0,1.25,1,Sedan,6,97552.3,78.5,73.9,875.0,0,4,74.46399999999993,848.5
13,Brake Service & Cleaning,800.0,1.25,1,Sedan,6,78643.3,75.5,79.3,800.0,0,4,79.13500000000009,803.5
3,Replace Fuel Filter,550.0,0.75,1,Sedan,6,88703.5,44.3,42.3,550.0,0,4,43.69400000000006,553.25
5,Replace Cabin Filter,200.0,0.25,1,Sedan,6,93017.0,15.6,15.0,200.0,0,4,15.158999999999997,200.0
43,Engine Diagnostics & Electrical Scan,1500.0,0.75,1,Sedan,6,99231.1,43.6,41.3,1550.0,0,4,42.04700000000007,1572.25
47,Electrical System & Wiring Repair,2500.0,1.5,0,Sedan,6,99227.5,85.8,112.5,3275.0,1,4,110.96799999999999,3146.5
1,Change Oil,650.0,0.75,1,SUV,13,207661.0,46.6,46.9,650.0,1,3,46.05700000000001,656.5
3,Replace Fuel Filter,550.0,0.75,1,SUV,13,167164.3,46.4,46.6,550.0,1,3,47.26499999999998,544.5
9,Cleaning EGR,4500.0,3.5,0,SUV,13,157434.1,204.3,239.0,5200.0,1,3,248.74399999999997,5609.5
51,Replace Valve Cover Gasket,1200.0,1.75,0,SUV,13,158428.2,101.3,148.9,1825.0,1,3,150.62899999999985,1911.0
41,Replace Water Pump,2500.0,2.0,0,SUV,13,175853.0,117.9,153.1,3100.0,1,3,153.59800000000018,3166.0
6,Fuel Injector Cleaning / Service,1500.0,1.5,1,SUV,13,161077.3,88.7,87.2,1500.0,1,3,90.215,1523.75
58,General Mechanical Inspection & Check-Up,800.0,0.5,1,SUV,13,172463.7,28.9,31.5,800.0,1,3,30.708999999999993,804.5
1,Change Oil,650.0,0.75,1,Sedan,6,71793.8,44.9,47.9,625.0,0,4,46.474000000000025,640.75
14,Replace Brake Pads,600.0,1.0,1,Sedan,6,88074.2,60.5,56.1,600.0,0,4,58.08800000000006,602.25
18,Wheel Alignment,900.0,1.0,1,Sedan,6,85533.3,59.9,60.7,875.0,0,4,61.04799999999994,886.75
19,Wheel Balancing,500.0,0.5,1,Sedan,6,85046.1,28.7,26.6,475.0,0,4,27.013999999999967,490.25
1,Change Oil,650.0,0.75,1,Van,8,121665.9,45.8,48.5,650.0,0,5,48.19699999999998,644.75
14,Replace Brake Pads,600.0,1.0,1,Van,8,108038.3,62.0,57.4,600.0,0,5,61.179999999999936,598.25
3,Replace Fuel Filter,550.0,0.75,1,Van,8,116301.9,45.0,50.4,550.0,1,5,48.403,542.0
1,Change Oil,650.0,0.75,1,Van,8,113742.3,44.6,43.6,600.0,0,5,44.93599999999999,613.0
13,Brake Service & Cleaning,800.0,1.25,1,Van,8,117036.3,72.7,85.2,850.0,1,5,75.24100000000007,794.0
14,Replace Brake Pads,600.0,1.0,1,Van,8,115049.7,58.4,49.8,625.0,0,5,53.582000000000086,609.25
3,Replace Fuel Filter,550.0,0.75,1,Van,8,114009.3,45.3,44.1,525.0,0,5,45.68899999999998,533.0
1,Change Oil,650.0,0.75,1,Sedan,6,74625.9,46.5,48.8,650.0,0,4,42.11,659.25
12,Replace Spark Plugs,300.0,0.5,1,Sedan,6,97704.6,28.9,32.3,300.0,0,4,29.67800000000002,304.5
21,Replace Shock Absorbers,1200.0,2.0,1,Sedan,6,76948.6,120.7,127.0,1225.0,0,4,125.86200000000001,1213.75
14,Replace Brake Pads,600.0,1.0,1,Sedan,6,79948.9,58.3,61.4,600.0,0,4,59.55899999999996,596.0
10,Throttle Body Cleaning,550.0,0.75,1,Sedan,6,76414.3,42.8,44.7,550.0,0,4,46.40200000000005,543.5
53,Top Overhaul,15000.0,14.0,0,SUV,6,91809.3,810.8,721.2,21450.0,1,3,1016.9559999999987,21869.25
26,Overhaul / Replace Steering Rack & Pinion,4500.0,4.0,0,Sedan,6,75570.3,250.1,286.9,4925.0,1,4,305.5870000000003,5541.75
21,Replace Shock Absorbers,1200.0,2.0,1,Sedan,16,251224.7,119.6,116.2,1225.0,1,4,120.22200000000008,1213.25
23,Replace Tie Rod End,800.0,1.0,1,Sedan,16,223774.8,60.6,67.5,800.0,1,4,63.55099999999997,799.75
22,Replace Suspension Bushing,1500.0,2.5,0,Sedan,16,198321.4,145.6,232.8,2100.0,1,4,237.78099999999966,2453.0
18,Wheel Alignment,900.0,1.0,1,Sedan,16,238206.1,60.1,58.2,900.0,1,4,59.01199999999995,901.25
26,Overhaul / Replace Steering Rack & Pinion,4500.0,4.0,0,Sedan,8,99282.2,238.5,304.1,5825.0,1,4,302.7289999999997,5744.0
22,Replace Suspension Bushing,1500.0,2.5,0,Sedan,8,97636.6,146.1,200.4,1950.0,1,4,175.98500000000004,1790.0
51,Replace Valve Cover Gasket,1200.0,1.75,0,Sedan,8,102249.0,103.7,129.2,2000.0,1,4,129.86300000000008,1874.5
18,Wheel Alignment,900.0,1.0,1,Sedan,8,116656.0,61.6,66.5,875.0,0,4,66.87999999999998,880.5
26,Overhaul / Replace Steering Rack & Pinion,4500.0,4.0,0,Sedan,6,92657.6,237.3,304.4,6225.0,1,4,300.70300000000015,5601.75
22,Replace Suspension Bushing,1500.0,2.5,0,Sedan,6,88653.4,147.7,200.3,2050.0,1,4,192.58799999999977,1968.0
51,Replace Valve Cover Gasket,1200.0,1.75,0,Sedan,6,81320.9,106.9,152.0,2075.0,1,4,142.18200000000002,2018.5
18,Wheel Alignment,900.0,1.0,1,Sedan,6,101235.0,61.4,57.9,875.0,0,4,61.972999999999956,907.5
1,Change Oil,650.0,0.75,1,SUV,13,201228.4,46.0,50.1,675.0,1,3,48.29,664.75
3,Replace Fuel Filter,550.0,0.75,1,SUV,13,206540.1,44.3,44.8,525.0,1,3,47.96899999999999,526.5
9,Cleaning EGR,4500.0,3.5,0,SUV,13,169038.6,217.0,346.4,7100.0,1,3,315.8900000000002,7010.25
51,Replace Valve Cover Gasket,1200.0,1.75,0,SUV,13,155414.7,101.5,130.3,1575.0,1,3,137.58199999999982,1671.5
41,Replace Water Pump,2500.0,2.0,0,SUV,13,207147.3,120.0,173.7,3275.0,1,3,169.33800000000025,3420.0
6,Fuel Injector Cleaning / Service,1500.0,1.5,1,SUV,13,195184.8,92.3,100.5,1500.0,1,3,99.78100000000002,1551.25
58,General Mechanical Inspection & Check-Up,800.0,0.5,1,SUV,13,203346.8,28.7,27.1,850.0,1,3,27.896999999999977,826.25
24,Replace Rack End,900.0,1.25,1,Sedan,8,115376.6,78.0,77.9,925.0,0,4,77.99699999999993,908.5
22,Replace Suspension Bushing,1500.0,2.5,0,Sedan,8,116645.0,145.4,179.1,1725.0,1,4,185.1400000000001,1977.0
51,Replace Valve Cover Gasket,1200.0,1.75,0,Sedan,8,115561.0,101.0,138.2,2275.0,1,4,136.15900000000013,2051.5
18,Wheel Alignment,900.0,1.0,1,Sedan,8,106620.9,58.8,53.5,950.0,0,4,55.88899999999999,938.25
24,Replace Rack End,900.0,1.25,1,Sedan,16,199037.5,75.4,75.2,925.0,1,4,74.63300000000005,890.5
21,Replace Shock Absorbers,1200.0,2.0,1,Sedan,16,242474.6,125.2,130.3,1250.0,1,4,131.78499999999988,1225.5
18,Wheel Alignment,900.0,1.0,1,Sedan,16,240729.0,59.4,62.8,925.0,1,4,60.903000000000056,915.5
22,Replace Suspension Bushing,1500.0,2.5,0,Sedan,16,201184.2,149.5,276.1,6700.0,1,4,258.4629999999996,5082.75
18,Wheel Alignment,900.0,1.0,1,Sedan,8,100601.5,60.2,53.0,925.0,0,4,55.045999999999985,922.5
26,Overhaul / Replace Steering Rack & Pinion,4500.0,4.0,0,Sedan,8,131669.7,251.6,247.4,4200.0,0,4,282.93200000000036,4381.75
22,Replace Suspension Bushing,1500.0,2.5,0,Sedan,8,93297.1,152.9,161.0,1550.0,0,4,177.894,1650.0
51,Replace Valve Cover Gasket,1200.0,1.75,0,Sedan,8,113934.2,105.8,161.0,2225.0,1,4,150.40799999999993,2219.75
1,Change Oil,650.0,0.75,1,Sedan,6,92902.3,44.3,49.3,650.0,0,4,48.22900000000006,649.5
12,Replace Spark Plugs,300.0,0.5,1,Sedan,6,77594.1,28.8,25.9,275.0,0,4,26.668000000000028,288.0
18,Wheel Alignment,900.0,1.0,1,Sedan,6,90057.9,59.3,62.8,900.0,0,4,62.25200000000006,899.75
33,Replace Axle Boot,800.0,1.0,1,Sedan,6,82199.3,58.8,60.9,800.0,0,4,60.167999999999964,800.75
29,Replace Stabilizer Link & Bushing,600.0,1.0,1,Sedan,6,80182.3,59.9,55.6,600.0,0,4,56.68800000000004,599.5
27,Replace Stabilizer Link,700.0,0.75,1,Sedan,8,124630.1,45.3,45.0,700.0,0,4,45.595000000000006,699.5
50,Replace Engine Support,1200.0,1.5,0,Sedan,8,105878.0,91.0,123.7,775.0,0,4,120.53400000000009,1178.5
22,Replace Suspension Bushing,1500.0,2.5,0,Sedan,8,98068.4,150.8,231.6,2250.0,1,4,164.90099999999984,1994.75
21,Replace Shock Absorbers,1200.0,2.0,1,Sedan,8,125023.3,118.5,116.5,1200.0,0,4,118.445,1197.5
1,Change Oil,650.0,0.75,1,Van,6,80888.8,45.8,44.7,650.0,0,5,44.70799999999993,643.5
13,Brake Service & Cleaning,800.0,1.25,1,Van,6,78849.3,72.4,66.9,800.0,0,5,70.74199999999995,800.25
58,General Mechanical Inspection & Check-Up,800.0,0.5,1,Sedan,6,95345.5,29.2,33.9,800.0,0,4,33.16000000000005,803.5
20,Tire Rotation & Balancing,800.0,0.75,1,Sedan,6,92860.6,46.7,52.8,825.0,0,4,45.186000000000014,812.5
20,Tire Rotation & Balancing,800.0,0.75,1,Sedan,6,86458.2,45.1,43.4,850.0,0,4,44.08700000000002,833.0
58,General Mechanical Inspection & Check-Up,800.0,0.5,1,Sedan,6,95274.0,28.9,29.8,825.0,0,4,31.053000000000043,816.75
53,Top Overhaul,15000.0,14.0,0,Sedan,19,292801.5,829.8,1354.9,24950.0,1,4,1358.730999999998,23715.75
1,Change Oil,650.0,0.75,1,Hatchback,6,93553.4,45.1,48.4,625.0,0,1,47.631000000000014,635.25
13,Brake Service & Cleaning,800.0,1.25,1,Hatchback,6,75315.6,73.3,74.2,800.0,0,1,74.2549999999999,803.0
36,Down Clutch / Pulldown Transmission,3500.0,4.5,0,Hatchback,6,88976.4,274.6,414.0,4100.0,1,1,389.1649999999999,4665.0
58,General Mechanical Inspection & Check-Up,800.0,0.5,1,Hatchback,6,86256.6,28.6,32.9,825.0,0,1,31.625000000000036,824.25
1,Change Oil,650.0,0.75,1,Sedan,6,85078.1,47.0,49.6,625.0,0,4,48.52400000000001,626.75
13,Brake Service & Cleaning,800.0,1.25,1,Sedan,6,76338.0,75.3,69.8,800.0,0,4,72.70000000000012,798.0
3,Replace Fuel Filter,550.0,0.75,1,Sedan,6,76538.4,46.2,44.0,550.0,0,4,44.13800000000001,547.25
22,Replace Suspension Bushing,1500.0,2.5,0,Sedan,6,76000.6,151.5,178.5,675.0,0,4,188.61899999999994,1066.5
23,Replace Tie Rod End,800.0,1.0,1,Sedan,6,78423.3,62.8,62.2,800.0,0,4,64.15299999999993,799.25
18,Wheel Alignment,900.0,1.0,1,Sedan,6,99885.9,59.5,51.6,925.0,0,4,56.040000000000006,922.5
45,Alternator Repair / Replacement,1800.0,1.5,0,Sedan,6,75269.9,85.6,97.9,1450.0,0,4,101.30499999999991,1691.0
16,Rotor Disc Refacing / Resurfacing,2500.0,2.0,1,Sedan,6,75614.8,118.8,121.6,2525.0,0,4,121.02800000000016,2532.75
58,General Mechanical Inspection & Check-Up,800.0,0.5,1,Sedan,6,82828.4,29.3,29.3,825.0,0,4,29.927000000000024,823.0
1,Change Oil,650.0,0.75,1,Sedan,6,80854.3,44.7,47.1,650.0,0,4,46.528999999999975,645.0
13,Brake Service & Cleaning,800.0,1.25,1,Sedan,6,75322.7,77.4,66.7,775.0,0,4,70.55499999999995,783.5
3,Replace Fuel Filter,550.0,0.75,1,Sedan,6,88982.3,43.7,34.4,550.0,0,4,43.412000000000006,561.0
1,Change Oil,650.0,0.75,1,Sedan,6,80155.1,45.1,46.9,625.0,0,4,46.152000000000015,632.0
13,Brake Service & Cleaning,800.0,1.25,1,Sedan,6,96212.5,72.4,71.2,775.0,0,4,73.13399999999994,784.0
21,Replace Shock Absorbers,1200.0,2.0,1,Sedan,6,80975.7,122.2,140.0,1175.0,0,4,134.25700000000003,1188.25
23,Replace Tie Rod End,800.0,1.0,1,Sedan,6,79982.0,58.6,55.1,775.0,0,4,56.965000000000025,784.5
12,Replace Spark Plugs,300.0,0.5,1,Sedan,6,79998.2,30.5,32.4,300.0,0,4,32.00500000000004,300.25
18,Wheel Alignment,900.0,1.0,1,Sedan,6,91945.3,57.9,55.4,925.0,0,4,58.21099999999997,913.75
47,Electrical System & Wiring Repair,2500.0,1.5,0,Sedan,6,86628.9,86.2,118.4,1550.0,0,4,112.08499999999987,2058.75
48,Replace Fan Belt / Serpentine Belt,1100.0,1.0,1,Sedan,6,92126.7,58.7,70.6,1075.0,0,4,65.74900000000007,1085.5
2,Change ATF / Transmission Fluid,650.0,0.75,1,Sedan,9,123360.2,44.2,49.1,650.0,1,4,47.44600000000001,646.75
13,Brake Service & Cleaning,800.0,1.25,1,Sedan,9,122402.7,76.4,79.3,825.0,0,4,77.77500000000002,819.5
39,Coolant Flush,350.0,0.75,1,Sedan,9,131273.2,46.4,49.8,350.0,0,4,48.140000000000065,342.0
45,Alternator Repair / Replacement,1800.0,1.5,0,Sedan,9,123361.3,86.4,131.3,5475.0,1,4,125.47299999999989,4630.5
58,General Mechanical Inspection & Check-Up,800.0,0.5,1,Sedan,6,83578.2,30.3,34.8,825.0,0,4,33.214,819.5
47,Electrical System & Wiring Repair,2500.0,1.5,0,Sedan,6,86386.4,88.0,99.7,3400.0,1,4,103.63599999999997,2992.5
1,Change Oil,650.0,0.75,1,SUV,7,101419.2,45.6,43.6,675.0,0,3,44.56199999999998,663.25
13,Brake Service & Cleaning,800.0,1.25,1,SUV,7,82381.1,75.8,72.2,825.0,0,3,75.21099999999993,820.75
5,Replace Cabin Filter,200.0,0.25,1,SUV,7,104474.0,14.7,15.0,200.0,0,3,15.108999999999998,200.0
36,Down Clutch / Pulldown Transmission,3500.0,4.5,0,Sedan,17,207910.4,257.3,363.3,5875.0,1,4,377.2110000000001,5933.75
16,Rotor Disc Refacing / Resurfacing,2500.0,2.0,1,Sedan,17,238544.3,117.6,122.0,2500.0,1,4,123.07499999999999,2532.75
58,General Mechanical Inspection & Check-Up,800.0,0.5,1,Sedan,17,214003.3,30.2,30.8,875.0,1,4,30.74000000000003,846.0
36,Down Clutch / Pulldown Transmission,3500.0,4.5,0,Van,6,69833.9,272.7,375.8,7475.0,1,5,349.6139999999999,6503.25
36,Down Clutch / Pulldown Transmission,3500.0,4.5,0,Sedan,6,78620.8,275.8,360.3,6375.0,1,4,350.79799999999994,6009.25
54,General Engine Overhaul,22000.0,24.0,0,Sedan,6,95451.4,1482.1,2190.5,44275.0,1,4,1897.9490000000012,32163.0
58,General Mechanical Inspection & Check-Up,800.0,0.5,1,Sedan,6,93547.9,28.5,27.1,775.0,0,4,27.96199999999997,782.75
1,Change Oil,650.0,0.75,1,Sedan,22,325479.7,45.4,50.5,625.0,1,4,49.247,633.5
57,Wiper Linkage / Motor Repair,4000.0,1.5,0,Sedan,22,312434.4,86.7,156.1,10850.0,1,4,158.34100000000018,10178.75
58,General Mechanical Inspection & Check-Up,800.0,0.5,1,Sedan,22,273328.6,30.7,30.4,800.0,1,4,32.544000000000004,804.25
13,Brake Service & Cleaning,800.0,1.25,1,Sedan,22,268260.5,73.9,82.3,800.0,1,4,81.20800000000007,798.0
58,General Mechanical Inspection & Check-Up,800.0,0.5,1,Sedan,22,350626.3,30.0,30.8,775.0,1,4,30.454999999999995,802.75
1,Change Oil,650.0,0.75,1,Sedan,22,300330.9,44.5,44.2,650.0,1,4,44.06799999999996,659.25
57,Wiper Linkage / Motor Repair,4000.0,1.5,0,Sedan,22,287969.2,87.1,152.7,10325.0,1,4,155.5790000000002,9960.0
58,General Mechanical Inspection & Check-Up,800.0,0.5,1,Sedan,22,317161.8,31.5,35.3,800.0,1,4,34.59100000000002,797.25
13,Brake Service & Cleaning,800.0,1.25,1,Sedan,22,291745.5,74.3,83.0,825.0,1,4,81.555,813.75
36,Down Clutch / Pulldown Transmission,3500.0,4.5,0,Sedan,6,76297.5,273.6,356.8,4100.0,1,4,346.2869999999999,4234.75
36,Down Clutch / Pulldown Transmission,3500.0,4.5,0,Sedan,6,92750.1,276.8,350.2,5125.0,1,4,362.8560000000001,5214.75
52,Reseal Oil Pan / Crankcase,2050.0,2.0,0,Sedan,6,92575.2,116.2,190.6,1475.0,1,4,131.94300000000007,2374.5
2,Change ATF / Transmission Fluid,650.0,0.75,1,Sedan,6,89950.2,43.3,53.0,625.0,0,4,43.412,655.5
36,Down Clutch / Pulldown Transmission,3500.0,4.5,0,Sedan,6,81111.4,258.0,335.5,4000.0,1,4,333.675,4715.75
1,Change Oil,650.0,0.75,1,SUV,7,97280.3,45.6,53.7,650.0,1,3,49.371999999999936,648.25
13,Brake Service & Cleaning,800.0,1.25,1,SUV,7,90065.8,75.9,87.1,825.0,1,3,76.25399999999998,806.25
16,Rotor Disc Refacing / Resurfacing,2500.0,2.0,1,Sedan,17,232140.5,119.6,127.7,2425.0,1,4,125.75700000000006,2477.5
36,Down Clutch / Pulldown Transmission,3500.0,4.5,0,Sedan,17,241501.7,281.1,399.1,2750.0,1,4,498.0090000000003,7485.0
58,General Mechanical Inspection & Check-Up,800.0,0.5,1,Sedan,17,250092.3,30.8,25.9,775.0,1,4,29.035000000000046,789.0
54,General Engine Overhaul,22000.0,24.0,0,Sedan,6,92694.9,1385.3,1859.4,24275.0,1,4,1830.6139999999984,25881.25
54,General Engine Overhaul,22000.0,24.0,0,Sedan,6,76874.6,1416.9,1473.6,22900.0,0,4,1589.8340000000014,25703.0
16,Rotor Disc Refacing / Resurfacing,2500.0,2.0,1,Sedan,6,95765.2,119.4,110.8,2375.0,0,4,117.82799999999993,2539.75
1,Change Oil,650.0,0.75,1,Sedan,6,81246.1,44.6,51.1,625.0,0,4,48.857,628.0
2,Change ATF / Transmission Fluid,650.0,0.75,1,Sedan,6,86035.8,43.0,45.2,650.0,0,4,44.51300000000002,646.25
12,Replace Spark Plugs,300.0,0.5,1,Sedan,6,76840.8,30.3,26.6,325.0,0,4,27.741999999999972,316.75
10,Throttle Body Cleaning,550.0,0.75,1,Sedan,6,76762.7,44.5,47.2,550.0,0,4,45.74299999999996,546.5
17,Brake Master / Wheel Cylinder Overhaul,800.0,1.5,0,Sedan,6,72773.3,90.5,130.7,1750.0,1,4,125.42800000000013,1560.0
50,Replace Engine Support,1200.0,1.5,0,Sedan,6,85338.8,92.7,103.7,1350.0,1,4,107.87600000000009,1699.25
36,Down Clutch / Pulldown Transmission,3500.0,4.5,0,SUV,6,92384.7,267.2,301.0,9325.0,1,3,376.77199999999976,6259.75
52,Reseal Oil Pan / Crankcase,2050.0,2.0,0,SUV,6,76260.7,121.1,164.2,3700.0,1,3,161.02600000000024,3349.75
54,General Engine Overhaul,22000.0,24.0,0,SUV,6,87925.0,1436.7,2100.8,40275.0,1,3,2017.0009999999993,38407.5
58,General Mechanical Inspection & Check-Up,800.0,0.5,1,Sedan,6,89405.2,31.3,33.0,750.0,0,4,33.554,770.25
26,Overhaul / Replace Steering Rack & Pinion,4500.0,4.0,0,Sedan,9,136070.4,244.1,392.0,7200.0,1,4,344.92600000000004,6594.25
22,Replace Suspension Bushing,1500.0,2.5,0,Sedan,9,137506.0,157.2,194.3,4225.0,1,4,195.39599999999973,3586.75
18,Wheel Alignment,900.0,1.0,1,Sedan,9,127206.2,59.3,61.1,875.0,0,4,60.65600000000001,879.25
27,Replace Stabilizer Link,700.0,0.75,1,Sedan,9,140468.3,43.7,42.5,700.0,0,4,43.63,699.75
28,Replace Stabilizer Bushing,600.0,0.75,1,Sedan,9,143280.0,45.4,50.5,600.0,1,4,48.45499999999999,599.75
1,Change Oil,650.0,0.75,1,Van,9,133705.9,45.6,48.2,675.0,1,5,48.08599999999994,664.25
13,Brake Service & Cleaning,800.0,1.25,1,Van,9,130362.4,75.3,68.7,800.0,0,5,78.03399999999999,806.25
17,Brake Master / Wheel Cylinder Overhaul,800.0,1.5,0,Van,9,132954.3,87.2,120.7,1600.0,1,5,133.3609999999999,1695.75
3,Replace Fuel Filter,550.0,0.75,1,Van,9,137297.1,43.8,42.6,550.0,0,5,43.45899999999999,548.0
1,Change Oil,650.0,0.75,1,Van,9,121029.8,43.6,42.8,625.0,0,5,44.02400000000005,629.0
13,Brake Service & Cleaning,800.0,1.25,1,Van,9,110012.7,75.1,62.3,800.0,0,5,75.84,784.75
17,Brake Master / Wheel Cylinder Overhaul,800.0,1.5,0,Van,9,135098.5,90.1,149.8,2225.0,1,5,140.6219999999999,1922.0
3,Replace Fuel Filter,550.0,0.75,1,Van,9,141861.6,47.1,56.0,550.0,1,5,53.496999999999986,548.0
49,Replace Timing Belt / Chain,3500.0,4.0,0,SUV,6,80391.7,248.2,293.7,4075.0,1,3,295.9590000000003,4663.5
52,Reseal Oil Pan / Crankcase,2050.0,2.0,0,SUV,6,72727.6,115.5,112.1,2725.0,1,3,123.52200000000019,3185.75
22,Replace Suspension Bushing,1500.0,2.5,0,SUV,6,88458.9,152.8,220.2,2275.0,1,3,197.63400000000024,2191.0
51,Replace Valve Cover Gasket,1200.0,1.75,0,SUV,6,68896.6,106.8,113.7,1425.0,1,3,117.87700000000007,1416.5
16,Rotor Disc Refacing / Resurfacing,2500.0,2.0,1,Sedan,6,84152.2,114.3,107.3,2450.0,0,4,107.88499999999995,2467.25
1,Change Oil,650.0,0.75,1,Sedan,6,81799.5,45.4,43.0,675.0,0,4,44.95099999999999,661.75
2,Change ATF / Transmission Fluid,650.0,0.75,1,Sedan,6,79515.5,43.2,45.8,650.0,0,4,44.87200000000005,650.5
12,Replace Spark Plugs,300.0,0.5,1,Sedan,6,90371.2,29.9,28.4,300.0,0,4,28.568000000000037,302.0
10,Throttle Body Cleaning,550.0,0.75,1,Sedan,6,98680.9,43.8,44.8,550.0,0,4,43.78700000000006,552.75
17,Brake Master / Wheel Cylinder Overhaul,800.0,1.5,0,Sedan,6,77583.1,89.2,103.3,1475.0,1,4,108.87699999999991,1293.5
50,Replace Engine Support,1200.0,1.5,0,Sedan,6,90001.0,90.7,121.8,1650.0,1,4,118.89999999999995,1615.5
13,Brake Service & Cleaning,800.0,1.25,1,Sedan,6,88569.2,76.4,76.4,775.0,0,4,77.43999999999993,786.75
6,Fuel Injector Cleaning / Service,1500.0,1.5,1,Sedan,6,85401.7,90.2,85.0,1575.0,0,4,89.46200000000006,1474.25
13,Brake Service & Cleaning,800.0,1.25,1,Sedan,6,72255.8,78.4,88.5,775.0,0,4,82.01800000000004,772.25
58,General Mechanical Inspection & Check-Up,800.0,0.5,1,Sedan,6,84050.3,29.6,33.7,850.0,0,4,32.43799999999996,833.0
8,Intake Manifold Cleaning & Reseal,1750.0,2.0,0,Crossover,12,152882.6,120.6,144.6,1825.0,1,0,138.92100000000016,2085.75
35,Power Steering Pump Overhaul / Replacement,1800.0,2.0,0,Crossover,12,174956.6,118.3,178.6,2950.0,1,0,165.53200000000024,2866.0
17,Brake Master / Wheel Cylinder Overhaul,800.0,1.5,0,Crossover,12,160570.2,90.6,142.1,575.0,1,0,137.88200000000015,924.0
36,Down Clutch / Pulldown Transmission,3500.0,4.5,0,Crossover,12,174631.5,260.1,352.3,4875.0,1,0,359.9559999999998,4578.5
1,Change Oil,650.0,0.75,1,Crossover,6,88061.4,44.0,44.9,650.0,0,0,45.04700000000002,649.5
13,Brake Service & Cleaning,800.0,1.25,1,Crossover,6,83404.9,71.4,76.5,800.0,0,0,76.04500000000002,800.5
12,Replace Spark Plugs,300.0,0.5,1,Crossover,6,77317.3,28.8,31.3,325.0,0,0,27.378000000000025,311.0
6,Fuel Injector Cleaning / Service,1500.0,1.5,1,Sedan,14,192590.4,93.6,97.2,1550.0,1,4,96.49299999999998,1557.5
13,Brake Service & Cleaning,800.0,1.25,1,Sedan,14,220637.2,77.3,88.5,800.0,1,4,83.45100000000002,798.75
16,Rotor Disc Refacing / Resurfacing,2500.0,2.0,1,Sedan,14,221567.9,116.2,110.8,2450.0,1,4,113.74999999999991,2479.75
37,Air Conditioning Cleaning & Freon Charge,3500.0,3.0,0,Sedan,6,76908.0,181.0,178.3,3825.0,0,4,201.06099999999972,4070.5
58,General Mechanical Inspection & Check-Up,800.0,0.5,1,Sedan,6,82830.6,28.8,29.5,775.0,0,4,29.096000000000007,794.5
47,Electrical System & Wiring Repair,2500.0,1.5,0,Sedan,6,75818.6,89.1,134.2,5650.0,1,4,123.14700000000012,4720.75
1,Change Oil,650.0,0.75,1,Sedan,5,83098.9,42.8,51.5,625.0,0,4,47.912,628.0
2,Change ATF / Transmission Fluid,650.0,0.75,1,Sedan,5,77088.4,46.9,50.3,650.0,0,4,47.62900000000004,649.0
58,General Mechanical Inspection & Check-Up,800.0,0.5,1,Sedan,5,58988.5,31.2,29.8,775.0,0,4,33.270000000000024,799.25
58,General Mechanical Inspection & Check-Up,800.0,0.5,1,Sedan,5,68931.0,30.0,27.9,825.0,0,4,28.830000000000037,819.75
54,General Engine Overhaul,22000.0,24.0,0,Sedan,5,80040.9,1413.0,1400.8,21750.0,0,4,1822.963000000001,28584.25
58,General Mechanical Inspection & Check-Up,800.0,0.5,1,Sedan,5,82924.1,31.3,34.4,775.0,0,4,33.52900000000004,780.5
1,Change Oil,650.0,0.75,1,Sedan,5,79308.7,47.1,44.3,650.0,0,4,45.29900000000005,649.75
2,Change ATF / Transmission Fluid,650.0,0.75,1,Sedan,5,77915.2,45.3,46.3,625.0,0,4,46.17600000000007,631.5
58,General Mechanical Inspection & Check-Up,800.0,0.5,1,Sedan,5,66800.9,30.4,29.0,825.0,0,4,29.476000000000013,818.25
58,General Mechanical Inspection & Check-Up,800.0,0.5,1,Sedan,5,66605.6,29.1,29.9,800.0,0,4,29.813000000000052,805.25
54,General Engine Overhaul,22000.0,24.0,0,Sedan,5,72171.3,1497.2,1756.6,28825.0,1,4,1879.4760000000017,31532.25
13,Brake Service & Cleaning,800.0,1.25,1,Sedan,5,79022.6,73.8,75.1,775.0,0,4,76.56300000000009,789.25
36,Down Clutch / Pulldown Transmission,3500.0,4.5,0,Sedan,5,60411.3,265.1,339.6,5000.0,1,4,355.59299999999996,5901.5
53,Top Overhaul,15000.0,14.0,0,Sedan,6,85422.3,870.0,1012.2,29825.0,1,4,1014.889999999999,26290.5
54,General Engine Overhaul,22000.0,24.0,0,Sedan,6,95853.1,1466.3,1857.0,27700.0,1,4,1866.9830000000004,27849.5
54,General Engine Overhaul,22000.0,24.0,0,Van,6,89134.8,1385.3,1999.4,48650.0,1,5,2030.3489999999977,44278.25
54,General Engine Overhaul,22000.0,24.0,0,Van,6,89458.9,1505.1,2227.3,47875.0,1,5,2144.752999999999,45673.5
54,General Engine Overhaul,22000.0,24.0,0,Sedan,6,95599.1,1504.2,2124.2,34400.0,1,4,2049.5770000000034,35599.75
54,General Engine Overhaul,22000.0,24.0,0,Sedan,6,79326.0,1474.8,1562.4,27800.0,1,4,1621.4869999999987,27239.75
36,Down Clutch / Pulldown Transmission,3500.0,4.5,0,Sedan,6,90148.2,257.9,316.8,11575.0,1,4,339.3889999999997,8612.5
48,Replace Fan Belt / Serpentine Belt,1100.0,1.0,1,Sedan,12,184740.9,58.0,60.0,1150.0,1,4,59.15400000000002,1115.5
48,Replace Fan Belt / Serpentine Belt,1100.0,1.0,1,Sedan,9,119176.0,60.1,57.2,1175.0,0,4,57.63799999999994,1149.25
38,Replace A/C Compressor,3500.0,2.5,0,Sedan,9,143617.8,153.1,241.4,5875.0,1,4,193.10899999999995,3478.5
13,Brake Service & Cleaning,800.0,1.25,1,Sedan,9,127498.0,76.7,76.9,775.0,0,4,77.27799999999992,786.5
37,Air Conditioning Cleaning & Freon Charge,3500.0,3.0,0,Sedan,9,135523.3,188.3,291.8,5775.0,1,4,241.49799999999988,4652.75
52,Reseal Oil Pan / Crankcase,2050.0,2.0,0,SUV,6,76727.7,125.3,181.0,3450.0,1,3,173.8760000000001,3282.5
50,Replace Engine Support,1200.0,1.5,0,SUV,6,78245.2,85.6,114.8,2025.0,1,3,112.22799999999995,1959.25
1,Change Oil,650.0,0.75,1,Van,6,80502.8,44.3,35.5,675.0,0,5,39.632000000000005,661.25
13,Brake Service & Cleaning,800.0,1.25,1,Van,6,94689.7,75.1,75.5,800.0,0,5,77.99000000000001,795.5
32,Replace CV Joint,1800.0,1.5,0,Van,6,90655.3,89.2,135.3,2975.0,1,5,128.10999999999987,2784.75
1,Change Oil,650.0,0.75,1,Van,6,82360.4,45.7,42.2,600.0,0,5,43.41599999999993,618.75
13,Brake Service & Cleaning,800.0,1.25,1,Van,6,82937.0,75.1,82.0,750.0,0,5,79.82800000000003,772.0
31,Replace Wheel Bearing,1350.0,1.5,1,Van,6,96556.0,93.8,92.2,1350.0,0,5,93.68300000000004,1350.5
55,Sliding Door Repair / Mechanism,3000.0,1.5,0,Van,6,77344.8,87.5,118.2,4925.0,1,5,119.08000000000007,4235.5
57,Wiper Linkage / Motor Repair,4000.0,1.5,0,Van,6,72592.3,86.1,113.9,6025.0,1,5,116.13499999999988,5797.5
1,Change Oil,650.0,0.75,1,Van,6,78881.7,45.1,41.6,625.0,0,5,42.73699999999999,634.5
13,Brake Service & Cleaning,800.0,1.25,1,Van,6,91255.3,72.1,80.8,800.0,0,5,76.53400000000006,797.25
31,Replace Wheel Bearing,1350.0,1.5,1,Van,6,80964.3,91.6,101.8,1350.0,0,5,101.648,1347.75
55,Sliding Door Repair / Mechanism,3000.0,1.5,0,Van,6,87913.7,92.5,121.6,1975.0,0,5,120.38700000000017,2730.25
57,Wiper Linkage / Motor Repair,4000.0,1.5,0,Van,6,91427.2,92.3,120.9,4725.0,1,5,112.72600000000011,5732.75
55,Sliding Door Repair / Mechanism,3000.0,1.5,0,Van,6,101959.2,86.4,94.1,1750.0,0,5,114.41300000000015,4059.25
16,Rotor Disc Refacing / Resurfacing,2500.0,2.0,1,Sedan,6,72412.8,116.8,114.2,2575.0,0,4,113.9940000000001,2534.75
58,General Mechanical Inspection & Check-Up,800.0,0.5,1,Sedan,6,86868.3,29.4,28.1,775.0,0,4,31.776999999999973,801.5
16,Rotor Disc Refacing / Resurfacing,2500.0,2.0,1,Sedan,7,83341.8,120.7,116.8,2375.0,0,4,118.86399999999996,2426.25
16,Rotor Disc Refacing / Resurfacing,2500.0,2.0,1,Sedan,6,87431.6,124.9,106.7,2500.0,0,4,112.89000000000004,2488.5
1,Change Oil,650.0,0.75,1,Van,6,81957.5,43.0,40.2,625.0,0,5,44.25800000000002,640.25
13,Brake Service & Cleaning,800.0,1.25,1,Van,6,76825.4,77.1,80.6,775.0,0,5,77.8540000000001,790.25
34,Replace CV Joint & Axle Boot,1600.0,1.75,0,Van,6,70889.3,109.3,147.8,1975.0,1,5,145.6819999999998,2193.5
55,Sliding Door Repair / Mechanism,3000.0,1.5,0,Van,6,81083.3,94.1,129.0,4000.0,1,5,126.33000000000006,3775.5
57,Wiper Linkage / Motor Repair,4000.0,1.5,0,Van,6,82152.7,85.6,132.5,6225.0,1,5,119.228,5755.25
47,Electrical System & Wiring Repair,2500.0,1.5,0,Van,6,101254.7,92.9,114.8,3700.0,1,5,120.38399999999996,3447.25
16,Rotor Disc Refacing / Resurfacing,2500.0,2.0,1,Hatchback,6,77577.0,118.5,129.7,2325.0,0,1,126.8190000000001,2442.5
13,Brake Service & Cleaning,800.0,1.25,1,Hatchback,6,79823.3,72.5,74.2,750.0,0,1,72.59299999999999,797.0
1,Change Oil,650.0,0.75,1,Van,25,384257.2,45.7,47.2,625.0,1,5,46.61699999999994,629.0
13,Brake Service & Cleaning,800.0,1.25,1,Van,25,308650.4,74.4,73.6,800.0,1,5,74.0540000000001,801.75
55,Sliding Door Repair / Mechanism,3000.0,1.5,0,Van,25,318008.3,94.0,180.9,5575.0,1,5,175.6289999999999,5128.0
57,Wiper Linkage / Motor Repair,4000.0,1.5,0,Van,25,318624.6,88.9,153.9,7400.0,1,5,164.44500000000008,9598.25
47,Electrical System & Wiring Repair,2500.0,1.5,0,Van,25,360263.1,86.8,165.1,6150.0,1,5,160.5770000000001,5640.0
1,Change Oil,650.0,0.75,1,Van,6,87295.9,44.3,48.9,625.0,0,5,46.464000000000006,627.5
13,Brake Service & Cleaning,800.0,1.25,1,Van,6,77473.6,75.7,74.5,825.0,0,5,76.50000000000001,811.75
34,Replace CV Joint & Axle Boot,1600.0,1.75,0,Van,6,72731.4,102.2,147.3,2650.0,1,5,145.09099999999978,2451.0
55,Sliding Door Repair / Mechanism,3000.0,1.5,0,Van,6,90471.7,88.8,104.6,3650.0,1,5,112.25800000000018,3599.25
57,Wiper Linkage / Motor Repair,4000.0,1.5,0,Van,6,88669.2,87.1,130.5,5600.0,1,5,116.09800000000007,5771.75
47,Electrical System & Wiring Repair,2500.0,1.5,0,Van,6,76579.0,88.3,114.0,3800.0,1,5,115.65899999999996,3530.0
49,Replace Timing Belt / Chain,3500.0,4.0,0,Sedan,6,77807.8,229.9,272.2,2250.0,0,4,278.2899999999998,5176.5
48,Replace Fan Belt / Serpentine Belt,1100.0,1.0,1,Sedan,6,80995.0,57.0,53.3,1100.0,0,4,56.393000000000065,1108.5
36,Down Clutch / Pulldown Transmission,3500.0,4.5,0,Sedan,6,86423.1,260.9,345.1,5675.0,1,4,352.7739999999998,5574.0
36,Down Clutch / Pulldown Transmission,3500.0,4.5,0,Sedan,6,95429.4,270.9,319.8,1725.0,0,4,345.80399999999975,2985.0
22,Replace Suspension Bushing,1500.0,2.5,0,Sedan,11,171587.4,148.1,190.5,2475.0,1,4,193.2099999999999,2263.75
21,Replace Shock Absorbers,1200.0,2.0,1,Sedan,11,178483.8,121.2,121.3,1150.0,0,4,124.46699999999993,1168.25
22,Replace Suspension Bushing,1500.0,2.5,0,Sedan,11,146657.8,156.3,170.0,1875.0,1,4,187.89199999999997,1898.75
39,Coolant Flush,350.0,0.75,1,Sedan,11,175091.3,45.0,48.4,350.0,1,4,47.28,343.5
10,Throttle Body Cleaning,550.0,0.75,1,Sedan,11,161942.3,46.4,44.4,525.0,0,4,47.236,545.75
12,Replace Spark Plugs,300.0,0.5,1,Sedan,11,169055.1,30.9,31.9,300.0,1,4,32.50000000000004,305.5
48,Replace Fan Belt / Serpentine Belt,1100.0,1.0,1,Sedan,11,170097.9,62.1,60.6,1100.0,0,4,59.581000000000074,1096.0
16,Rotor Disc Refacing / Resurfacing,2500.0,2.0,1,Sedan,11,153441.4,119.4,114.7,2600.0,1,4,115.4100000000001,2571.25
22,Replace Suspension Bushing,1500.0,2.5,0,Sedan,11,157352.2,153.7,179.0,2125.0,1,4,192.12399999999997,2179.25
21,Replace Shock Absorbers,1200.0,2.0,1,Sedan,11,149576.0,119.8,113.7,1100.0,0,4,116.36300000000008,1137.0
39,Coolant Flush,350.0,0.75,1,Sedan,11,173335.7,45.9,45.5,325.0,0,4,47.696999999999996,335.25
10,Throttle Body Cleaning,550.0,0.75,1,Sedan,11,135109.5,42.8,46.2,525.0,1,4,45.517999999999944,531.25
12,Replace Spark Plugs,300.0,0.5,1,Sedan,11,171079.0,29.0,31.1,325.0,1,4,30.247999999999983,316.25
48,Replace Fan Belt / Serpentine Belt,1100.0,1.0,1,Sedan,11,169181.7,62.9,54.8,1125.0,0,4,56.51100000000005,1117.0
16,Rotor Disc Refacing / Resurfacing,2500.0,2.0,1,Sedan,11,156422.2,124.8,123.8,2450.0,0,4,121.76899999999986,2485.0
18,Wheel Alignment,900.0,1.0,1,Sedan,11,170657.9,59.4,66.1,900.0,1,4,64.44600000000007,904.5
1,Change Oil,650.0,0.75,1,SUV,6,86465.6,43.1,45.8,650.0,0,3,45.14800000000005,648.75
13,Brake Service & Cleaning,800.0,1.25,1,SUV,6,76958.1,72.5,75.8,850.0,0,3,73.13600000000001,801.25
3,Replace Fuel Filter,550.0,0.75,1,SUV,6,84802.1,43.7,44.2,550.0,0,3,44.05599999999995,551.25
53,Top Overhaul,15000.0,14.0,0,Sedan,6,91587.0,854.0,1170.9,20475.0,1,4,1105.7279999999985,20896.75
16,Rotor Disc Refacing / Resurfacing,2500.0,2.0,1,Sedan,6,96354.0,120.3,116.9,2525.0,0,4,118.5529999999998,2542.75
1,Change Oil,650.0,0.75,1,Sedan,15,200088.6,45.3,42.0,650.0,1,4,43.33700000000002,652.25
13,Brake Service & Cleaning,800.0,1.25,1,Sedan,15,205807.8,78.5,82.3,800.0,1,4,82.52200000000012,799.25
12,Replace Spark Plugs,300.0,0.5,1,Sedan,15,228425.0,29.1,32.3,325.0,1,4,30.974000000000025,319.25
43,Engine Diagnostics & Electrical Scan,1500.0,0.75,1,Sedan,15,217515.4,45.1,46.9,1400.0,1,4,47.254,1431.25
13,Brake Service & Cleaning,800.0,1.25,1,Sedan,9,120579.3,72.6,73.3,775.0,0,4,74.9750000000001,785.5
22,Replace Suspension Bushing,1500.0,2.5,0,Sedan,11,161655.8,146.7,156.1,1575.0,1,4,189.85899999999995,2038.25
22,Replace Suspension Bushing,1500.0,2.5,0,Sedan,11,180040.6,150.0,244.9,1250.0,1,4,184.62699999999975,1959.0
18,Wheel Alignment,900.0,1.0,1,Sedan,11,134787.4,59.0,67.9,900.0,1,4,65.65899999999992,896.5
58,General Mechanical Inspection & Check-Up,800.0,0.5,1,Sedan,6,79750.7,31.4,38.0,800.0,1,4,36.41700000000001,798.25
53,Top Overhaul,15000.0,14.0,0,Sedan,6,78964.1,834.0,981.8,18325.0,1,4,977.2570000000009,16207.25
31,Replace Wheel Bearing,1350.0,1.5,1,Sedan,6,78242.8,92.4,95.1,1325.0,0,4,97.91100000000007,1347.75
16,Rotor Disc Refacing / Resurfacing,2500.0,2.0,1,Sedan,6,70335.0,114.6,116.2,2450.0,0,4,113.37600000000009,2482.25
37,Air Conditioning Cleaning & Freon Charge,3500.0,3.0,0,Sedan,6,90667.2,178.6,224.0,3025.0,0,4,220.7379999999999,3704.5
38,Replace A/C Compressor,3500.0,2.5,0,Sedan,6,88284.5,147.5,168.6,3925.0,1,4,181.41699999999997,3946.75
58,General Mechanical Inspection & Check-Up,800.0,0.5,1,Sedan,6,77096.6,30.8,32.1,825.0,0,4,32.560999999999964,820.75
22,Replace Suspension Bushing,1500.0,2.5,0,Sedan,6,87528.5,152.0,160.8,700.0,0,4,169.74999999999983,972.5
30,Replace Ball Joint,1200.0,1.25,1,Sedan,6,88851.6,73.6,80.2,1200.0,0,4,79.21499999999993,1213.25
23,Replace Tie Rod End,800.0,1.0,1,Sedan,6,88752.0,58.5,64.0,800.0,0,4,60.33599999999999,805.0
22,Replace Suspension Bushing,1500.0,2.5,0,Sedan,6,87112.9,144.0,217.7,2725.0,1,4,207.80000000000018,2369.25
27,Replace Stabilizer Link,700.0,0.75,1,Sedan,6,77793.6,46.9,44.0,700.0,0,4,45.827,694.25
22,Replace Suspension Bushing,1500.0,2.5,0,Sedan,6,90923.8,148.6,196.8,1125.0,0,4,194.20499999999976,1552.25
18,Wheel Alignment,900.0,1.0,1,Sedan,6,96687.5,57.8,54.4,875.0,0,4,55.664999999999964,894.5
18,Wheel Alignment,900.0,1.0,1,Sedan,6,98697.0,61.1,57.9,875.0,0,4,59.24499999999992,881.75
26,Overhaul / Replace Steering Rack & Pinion,4500.0,4.0,0,Sedan,6,91318.9,233.4,276.5,4175.0,0,4,277.779,4335.75
45,Alternator Repair / Replacement,1800.0,1.5,0,Sedan,6,80919.3,86.8,105.3,2125.0,1,4,106.74799999999998,1957.75
18,Wheel Alignment,900.0,1.0,1,Sedan,6,90989.0,60.4,67.9,900.0,0,4,65.02299999999995,900.5
1,Change Oil,650.0,0.75,1,Sedan,6,89372.9,45.2,45.4,675.0,0,4,46.74100000000003,633.75
13,Brake Service & Cleaning,800.0,1.25,1,Sedan,6,88647.6,78.3,73.0,825.0,0,4,74.36800000000002,820.0
22,Replace Suspension Bushing,1500.0,2.5,0,Sedan,6,93098.7,147.5,213.6,2225.0,1,4,200.09099999999987,2196.5
18,Wheel Alignment,900.0,1.0,1,Sedan,6,91968.1,61.8,62.4,900.0,0,4,63.301999999999964,898.75
22,Replace Suspension Bushing,1500.0,2.5,0,Sedan,6,79969.3,147.1,218.2,2150.0,1,4,207.03600000000023,1914.5
31,Replace Wheel Bearing,1350.0,1.5,1,Sedan,6,88732.7,87.1,96.8,1325.0,0,4,87.20100000000004,1357.0
2,Change ATF / Transmission Fluid,650.0,0.75,1,Sedan,6,84356.9,44.8,42.7,675.0,0,4,44.20399999999997,664.75
1,Change Oil,650.0,0.75,1,Sedan,14,170172.7,44.9,44.2,625.0,1,4,45.038999999999916,627.75
13,Brake Service & Cleaning,800.0,1.25,1,Sedan,14,186145.1,75.6,87.3,825.0,1,4,81.76900000000008,811.25
1,Change Oil,650.0,0.75,1,Sedan,16,222951.7,44.6,44.6,650.0,1,4,44.98299999999998,645.5
13,Brake Service & Cleaning,800.0,1.25,1,Sedan,16,239867.5,71.5,73.8,800.0,1,4,71.50999999999999,785.0
26,Overhaul / Replace Steering Rack & Pinion,4500.0,4.0,0,Sedan,16,220452.4,249.8,420.9,15725.0,1,4,393.2630000000004,11817.0
18,Wheel Alignment,900.0,1.0,1,Sedan,16,249296.3,59.7,49.6,875.0,1,4,59.38999999999997,899.25
22,Replace Suspension Bushing,1500.0,2.5,0,Sedan,16,257932.4,143.7,224.6,2500.0,1,4,232.42999999999978,2504.0
31,Replace Wheel Bearing,1350.0,1.5,1,Sedan,16,198546.6,89.3,89.3,1375.0,1,4,91.73300000000005,1370.5
47,Electrical System & Wiring Repair,2500.0,1.5,0,SUV,6,94085.1,86.0,109.0,3250.0,1,3,109.163,3097.5
1,Change Oil,650.0,0.75,1,Sedan,6,80083.3,46.6,44.0,650.0,0,4,43.81900000000002,654.5
58,General Mechanical Inspection & Check-Up,800.0,0.5,1,Sedan,6,73969.9,30.8,27.6,800.0,0,4,33.816,796.0
18,Wheel Alignment,900.0,1.0,1,Sedan,6,75313.9,62.6,57.2,900.0,0,4,60.752999999999965,895.25
1,Change Oil,650.0,0.75,1,Crossover,12,187759.3,45.9,47.8,650.0,1,0,47.80400000000005,655.0
58,General Mechanical Inspection & Check-Up,800.0,0.5,1,Crossover,12,154923.5,28.6,28.9,775.0,1,0,29.061000000000032,783.75
1,Change Oil,650.0,0.75,1,Pickup,6,87110.1,42.9,45.1,650.0,0,2,44.154999999999994,656.5
58,General Mechanical Inspection & Check-Up,800.0,0.5,1,Pickup,6,84350.2,29.9,32.6,800.0,0,2,32.14199999999997,810.75
13,Brake Service & Cleaning,800.0,1.25,1,Crossover,17,264153.1,75.9,59.2,825.0,1,0,66.10799999999993,822.5
15,Replace Brake Shoes,800.0,1.0,1,Crossover,17,230416.5,57.9,51.4,825.0,1,0,54.91499999999997,823.25
22,Replace Suspension Bushing,1500.0,2.5,0,Hatchback,1,13380.6,157.5,178.1,2225.0,1,1,181.61100000000002,2250.75
23,Replace Tie Rod End,800.0,1.0,1,Hatchback,1,10000.0,59.6,52.7,800.0,0,1,55.05999999999994,798.0
18,Wheel Alignment,900.0,1.0,1,Hatchback,1,10000.0,58.8,63.7,850.0,0,1,61.39099999999989,863.25
51,Replace Valve Cover Gasket,1200.0,1.75,0,SUV,23,354763.2,108.3,187.6,2775.0,1,3,187.09700000000004,2544.25
48,Replace Fan Belt / Serpentine Belt,1100.0,1.0,1,SUV,23,300551.4,61.2,64.0,1050.0,1,3,64.53699999999999,1059.25
13,Brake Service & Cleaning,800.0,1.25,1,SUV,4,56806.6,72.5,88.5,800.0,0,3,74.19200000000005,806.25
15,Replace Brake Shoes,800.0,1.0,1,SUV,4,53705.4,61.2,63.8,800.0,0,3,62.75500000000007,800.25
18,Wheel Alignment,900.0,1.0,1,SUV,4,57604.1,61.6,60.9,875.0,0,3,66.45399999999997,889.75
37,Air Conditioning Cleaning & Freon Charge,3500.0,3.0,0,Sedan,23,308533.7,185.1,379.7,4300.0,1,4,351.5130000000003,4638.25
53,Top Overhaul,15000.0,14.0,0,Sedan,25,357095.8,866.0,1484.9,18875.0,1,4,1427.7139999999986,20933.75
1,Change Oil,650.0,0.75,1,Sedan,25,348841.3,42.8,44.2,700.0,1,4,44.64599999999995,689.0
1,Change Oil,650.0,0.75,1,Van,8,117827.2,45.3,50.0,650.0,0,5,48.78699999999999,648.5
58,General Mechanical Inspection & Check-Up,800.0,0.5,1,Van,8,118993.6,29.6,30.0,775.0,0,5,29.742000000000004,788.0
1,Change Oil,650.0,0.75,1,Hatchback,1,19849.7,43.8,42.0,625.0,0,1,42.09600000000003,635.75
58,General Mechanical Inspection & Check-Up,800.0,0.5,1,Hatchback,1,23148.3,29.8,31.1,750.0,0,1,31.431999999999963,765.25
3,Replace Fuel Filter,550.0,0.75,1,Hatchback,1,13306.2,46.1,41.2,525.0,0,1,44.29699999999998,528.0
4,Replace Air Filter,550.0,0.25,1,Hatchback,1,14645.8,14.7,15.0,525.0,0,1,15.231,538.5
5,Replace Cabin Filter,200.0,0.25,1,Hatchback,1,16244.1,14.9,15.5,200.0,0,1,15.35,200.0
13,Brake Service & Cleaning,800.0,1.25,1,Hatchback,25,328016.8,76.6,73.4,800.0,1,1,75.7279999999999,799.5
14,Replace Brake Pads,600.0,1.0,1,Hatchback,25,363520.5,60.6,57.8,600.0,1,1,60.285000000000075,596.25
18,Wheel Alignment,900.0,1.0,1,Hatchback,25,379556.8,62.1,56.0,900.0,1,1,56.907000000000025,896.75
53,Top Overhaul,15000.0,14.0,0,Sedan,11,145279.2,804.1,1059.4,20400.0,1,4,1056.8299999999988,20701.5
1,Change Oil,650.0,0.75,1,Sedan,11,161372.7,43.3,40.8,625.0,0,4,43.675000000000054,638.25
13,Brake Service & Cleaning,800.0,1.25,1,Crossover,23,295990.8,76.5,74.4,775.0,1,0,75.05299999999993,787.5
15,Replace Brake Shoes,800.0,1.0,1,Crossover,23,319658.3,62.7,60.8,825.0,1,0,62.41900000000007,818.5
1,Change Oil,650.0,0.75,1,Sedan,11,134113.4,44.0,50.3,650.0,1,4,48.04200000000007,650.5
58,General Mechanical Inspection & Check-Up,800.0,0.5,1,Sedan,11,175749.4,29.6,27.5,825.0,0,4,28.549000000000007,815.75
37,Air Conditioning Cleaning & Freon Charge,3500.0,3.0,0,Van,5,65338.5,171.2,158.3,1975.0,0,5,176.3269999999998,2244.5
13,Brake Service & Cleaning,800.0,1.25,1,Crossover,11,167469.8,73.5,71.5,825.0,1,0,72.906,815.75
14,Replace Brake Pads,600.0,1.0,1,Crossover,11,156089.6,61.2,67.7,625.0,1,0,60.86500000000001,600.75
18,Wheel Alignment,900.0,1.0,1,Crossover,11,169297.0,61.5,54.6,925.0,0,0,57.59100000000002,911.25
22,Replace Suspension Bushing,1500.0,2.5,0,Van,25,346782.6,151.2,284.6,2675.0,1,5,280.0999999999998,3299.75
23,Replace Tie Rod End,800.0,1.0,1,Van,25,364916.0,57.3,58.2,750.0,1,5,57.24799999999993,776.0
18,Wheel Alignment,900.0,1.0,1,Van,25,328386.5,60.0,55.7,875.0,1,5,57.78599999999994,881.75
21,Replace Shock Absorbers,1200.0,2.0,1,Van,25,343131.2,125.1,131.6,1225.0,1,5,133.29400000000007,1213.75
1,Change Oil,650.0,0.75,1,Sedan,7,92060.4,46.4,45.8,650.0,0,4,45.85500000000006,649.0
58,General Mechanical Inspection & Check-Up,800.0,0.5,1,Sedan,7,107875.6,30.2,29.4,850.0,0,4,29.167000000000012,828.5
18,Wheel Alignment,900.0,1.0,1,Sedan,7,94250.7,60.8,61.4,875.0,0,4,60.56399999999997,885.75
22,Replace Suspension Bushing,1500.0,2.5,0,Van,13,173308.6,144.5,239.9,3700.0,1,5,226.1419999999999,3316.75
23,Replace Tie Rod End,800.0,1.0,1,Van,13,160850.5,57.9,59.4,825.0,1,5,59.83799999999996,814.5
18,Wheel Alignment,900.0,1.0,1,Van,13,176684.8,60.9,62.9,900.0,1,5,62.86299999999993,900.5
21,Replace Shock Absorbers,1200.0,2.0,1,Van,13,184533.5,115.3,113.9,1175.0,1,5,113.1199999999999,1182.25
13,Brake Service & Cleaning,800.0,1.25,1,Sedan,23,318684.1,75.8,80.4,825.0,1,4,77.78199999999998,810.5
15,Replace Brake Shoes,800.0,1.0,1,Sedan,23,290917.3,58.7,53.3,825.0,1,4,60.16699999999998,806.75
18,Wheel Alignment,900.0,1.0,1,Sedan,23,366212.0,58.7,64.9,925.0,1,4,62.38799999999993,918.5
13,Brake Service & Cleaning,800.0,1.25,1,Sedan,21,329923.5,78.6,88.5,825.0,1,4,87.41100000000004,823.75
15,Replace Brake Shoes,800.0,1.0,1,Sedan,21,266233.8,62.9,63.5,825.0,1,4,63.825,815.0
16,Rotor Disc Refacing / Resurfacing,2500.0,2.0,1,Sedan,21,255065.4,123.9,122.7,2650.0,1,4,124.62600000000006,2587.25
1,Change Oil,650.0,0.75,1,SUV,19,232737.3,44.9,46.5,650.0,1,3,45.626,646.0
58,General Mechanical Inspection & Check-Up,800.0,0.5,1,SUV,19,253514.8,28.7,29.1,800.0,1,3,28.546999999999976,801.0
4,Replace Air Filter,550.0,0.25,1,SUV,19,263936.6,15.3,17.1,575.0,1,3,16.667999999999985,569.25
5,Replace Cabin Filter,200.0,0.25,1,SUV,19,247482.6,14.4,15.0,200.0,1,3,15.364,200.0
51,Replace Valve Cover Gasket,1200.0,1.75,0,Hatchback,25,366074.3,109.1,167.0,1650.0,1,1,171.72800000000004,2062.5
48,Replace Fan Belt / Serpentine Belt,1100.0,1.0,1,Hatchback,25,311416.9,61.9,60.8,1050.0,1,1,61.67600000000009,1054.5
1,Change Oil,650.0,0.75,1,Hatchback,25,390286.5,43.8,39.9,650.0,1,1,45.383,668.0
1,Change Oil,650.0,0.75,1,Hatchback,15,192957.3,46.4,46.5,675.0,1,1,45.93800000000002,660.5
58,General Mechanical Inspection & Check-Up,800.0,0.5,1,Hatchback,15,202647.9,28.8,30.5,825.0,1,1,29.875999999999998,819.5
13,Brake Service & Cleaning,800.0,1.25,1,SUV,25,316106.0,72.6,74.8,775.0,1,3,75.91799999999999,794.25
15,Replace Brake Shoes,800.0,1.0,1,SUV,25,379262.3,57.3,64.3,800.0,1,3,61.530000000000065,813.25
13,Brake Service & Cleaning,800.0,1.25,1,Crossover,5,66079.8,75.7,81.7,825.0,0,0,80.4829999999999,813.25
15,Replace Brake Shoes,800.0,1.0,1,Crossover,5,76257.0,61.1,59.5,775.0,0,0,59.956,785.25
22,Replace Suspension Bushing,1500.0,2.5,0,Hatchback,13,159245.9,152.6,194.5,2150.0,1,1,193.84699999999998,2120.5
25,Replace Tie Rod & Rack End,1000.0,1.5,1,Hatchback,13,167060.9,90.7,101.9,1025.0,1,1,97.1349999999999,1018.0
18,Wheel Alignment,900.0,1.0,1,Hatchback,13,198418.4,57.3,61.4,900.0,1,1,59.904999999999944,903.5
1,Change Oil,650.0,0.75,1,Sedan,2,29614.9,44.2,40.9,650.0,0,4,42.248000000000026,655.25
58,General Mechanical Inspection & Check-Up,800.0,0.5,1,Sedan,2,26984.3,29.2,31.8,800.0,0,4,31.28200000000004,783.75
22,Replace Suspension Bushing,1500.0,2.5,0,Hatchback,10,125343.7,153.9,238.1,3400.0,1,1,219.74099999999984,3120.25
23,Replace Tie Rod End,800.0,1.0,1,Hatchback,10,129261.6,58.4,61.8,775.0,0,1,61.520000000000074,787.25
18,Wheel Alignment,900.0,1.0,1,Hatchback,10,148560.1,58.9,49.9,875.0,0,1,53.999999999999964,887.5
1,Change Oil,650.0,0.75,1,Van,25,397208.2,44.1,48.0,600.0,1,5,46.63799999999999,615.5
58,General Mechanical Inspection & Check-Up,800.0,0.5,1,Van,25,332131.0,29.3,31.5,800.0,1,5,29.750999999999962,783.75
36,Down Clutch / Pulldown Transmission,3500.0,4.5,0,Pickup,17,223063.2,268.7,438.4,8850.0,1,2,435.3380000000006,7928.25
22,Replace Suspension Bushing,1500.0,2.5,0,Crossover,6,76686.0,147.1,181.4,1525.0,1,0,186.954,1600.0
23,Replace Tie Rod End,800.0,1.0,1,Crossover,6,87931.9,57.8,53.7,825.0,0,0,56.77399999999993,820.75
18,Wheel Alignment,900.0,1.0,1,Crossover,6,71511.7,62.5,61.3,925.0,0,0,61.78600000000005,922.75
37,Air Conditioning Cleaning & Freon Charge,3500.0,3.0,0,Sedan,25,367566.7,183.2,373.3,5550.0,1,4,356.755,5582.75
58,General Mechanical Inspection & Check-Up,800.0,0.5,1,Sedan,25,322117.2,29.9,30.9,825.0,1,4,27.856999999999974,784.75
51,Replace Valve Cover Gasket,1200.0,1.75,0,Sedan,8,130527.6,101.5,154.6,2450.0,1,4,147.79100000000017,2319.5
48,Replace Fan Belt / Serpentine Belt,1100.0,1.0,1,Sedan,8,135171.4,61.1,66.0,1075.0,0,4,64.52399999999999,1076.5
53,Top Overhaul,15000.0,14.0,0,Sedan,22,278567.7,874.5,1777.9,24825.0,1,4,1336.8669999999986,18422.75
1,Change Oil,650.0,0.75,1,SUV,10,137896.7,44.1,46.3,650.0,1,3,46.679000000000016,656.25
58,General Mechanical Inspection & Check-Up,800.0,0.5,1,SUV,10,125988.2,29.3,30.4,825.0,1,3,30.491000000000035,806.25
1,Change Oil,650.0,0.75,1,Crossover,7,102532.5,46.0,46.6,650.0,0,0,46.31899999999999,649.25
58,General Mechanical Inspection & Check-Up,800.0,0.5,1,Crossover,7,98448.3,31.0,33.4,775.0,0,0,33.03500000000004,791.0
13,Brake Service & Cleaning,800.0,1.25,1,Pickup,12,166198.0,72.1,78.1,775.0,1,2,73.33699999999993,794.25
15,Replace Brake Shoes,800.0,1.0,1,Pickup,12,189717.4,58.6,60.8,800.0,1,2,60.49000000000005,806.25
18,Wheel Alignment,900.0,1.0,1,Pickup,12,189496.5,61.8,60.1,900.0,1,2,61.561000000000014,900.0
51,Replace Valve Cover Gasket,1200.0,1.75,0,Crossover,20,267344.8,103.7,171.3,2850.0,1,0,173.26499999999982,2570.5
48,Replace Fan Belt / Serpentine Belt,1100.0,1.0,1,Crossover,20,321696.6,59.5,58.0,1125.0,1,0,58.690999999999995,1111.5
1,Change Oil,650.0,0.75,1,Crossover,20,241341.6,43.3,46.7,650.0,1,0,45.057999999999936,646.25
22,Replace Suspension Bushing,1500.0,2.5,0,Van,13,187788.9,149.2,248.4,4575.0,1,5,204.98899999999972,2214.0
23,Replace Tie Rod End,800.0,1.0,1,Van,13,164741.9,60.8,61.1,775.0,1,5,59.54600000000005,787.5
18,Wheel Alignment,900.0,1.0,1,Van,13,191760.5,59.8,59.7,925.0,1,5,59.769999999999925,913.25
21,Replace Shock Absorbers,1200.0,2.0,1,Van,13,200152.7,124.6,144.3,1150.0,1,5,139.1059999999999,1167.5
37,Air Conditioning Cleaning & Freon Charge,3500.0,3.0,0,Sedan,24,348907.8,173.6,305.3,5600.0,1,4,309.2379999999997,5473.75
1,Change Oil,650.0,0.75,1,Crossover,23,300027.1,44.2,40.7,650.0,1,0,41.265999999999956,647.5
58,General Mechanical Inspection & Check-Up,800.0,0.5,1,Crossover,23,370367.2,31.1,35.3,800.0,1,0,35.16100000000004,803.0
18,Wheel Alignment,900.0,1.0,1,Crossover,23,284348.7,57.1,52.9,950.0,1,0,53.960999999999984,934.5
37,Air Conditioning Cleaning & Freon Charge,3500.0,3.0,0,Sedan,9,121745.6,178.6,227.9,3875.0,1,4,219.92699999999985,3271.25
13,Brake Service & Cleaning,800.0,1.25,1,Crossover,24,356322.3,77.3,70.5,800.0,1,0,72.84300000000006,814.0
15,Replace Brake Shoes,800.0,1.0,1,Crossover,24,313889.6,62.0,55.6,775.0,1,0,57.89900000000005,787.25
22,Replace Suspension Bushing,1500.0,2.5,0,Sedan,8,127444.9,149.2,159.1,2875.0,1,4,169.99500000000006,2542.5
23,Replace Tie Rod End,800.0,1.0,1,Sedan,8,115721.3,63.0,54.1,725.0,0,4,57.87600000000004,745.25
18,Wheel Alignment,900.0,1.0,1,Sedan,8,121025.1,61.8,71.7,900.0,1,4,70.1979999999999,894.75
22,Replace Suspension Bushing,1500.0,2.5,0,Van,18,259609.7,145.4,195.5,2375.0,1,5,245.9829999999998,2488.25
23,Replace Tie Rod End,800.0,1.0,1,Van,18,281228.9,62.7,75.1,825.0,1,5,72.2120000000001,817.5
18,Wheel Alignment,900.0,1.0,1,Van,18,251773.7,59.3,61.7,875.0,1,5,60.729999999999954,882.75
21,Replace Shock Absorbers,1200.0,2.0,1,Van,18,253288.7,116.6,115.9,1150.0,1,5,115.10299999999994,1190.5
37,Air Conditioning Cleaning & Freon Charge,3500.0,3.0,0,Sedan,7,114179.9,178.5,203.8,2625.0,0,4,210.84999999999974,3263.5
51,Replace Valve Cover Gasket,1200.0,1.75,0,Crossover,20,322429.4,102.7,157.2,2700.0,1,0,166.70900000000017,2625.75
48,Replace Fan Belt / Serpentine Belt,1100.0,1.0,1,Crossover,20,314539.1,60.9,66.1,1075.0,1,0,66.13200000000008,1075.25
36,Down Clutch / Pulldown Transmission,3500.0,4.5,0,Sedan,25,381436.6,273.1,447.9,5625.0,1,4,516.8349999999996,6306.75
1,Change Oil,650.0,0.75,1,Sedan,25,398863.5,46.0,43.1,675.0,1,4,45.37399999999998,661.25
22,Replace Suspension Bushing,1500.0,2.5,0,Sedan,25,322556.5,148.7,241.3,1650.0,1,4,260.8199999999998,2580.25
23,Replace Tie Rod End,800.0,1.0,1,Sedan,25,304552.4,62.0,62.3,800.0,1,4,62.221000000000075,801.75
18,Wheel Alignment,900.0,1.0,1,Sedan,25,382020.1,57.3,51.6,925.0,1,4,54.82300000000005,919.25
13,Brake Service & Cleaning,800.0,1.25,1,Van,25,341879.0,77.3,82.4,800.0,1,5,75.96400000000004,798.75
15,Replace Brake Shoes,800.0,1.0,1,Van,25,345680.1,59.9,63.4,825.0,1,5,62.43299999999992,814.75
1,Change Oil,650.0,0.75,1,Hatchback,25,325557.7,46.6,47.8,650.0,1,1,48.45300000000004,654.25
58,General Mechanical Inspection & Check-Up,800.0,0.5,1,Hatchback,25,301934.8,30.1,35.2,825.0,1,1,33.18099999999996,819.25
1,Change Oil,650.0,0.75,1,Pickup,25,309181.7,43.0,46.3,650.0,1,2,45.07100000000007,647.25
58,General Mechanical Inspection & Check-Up,800.0,0.5,1,Pickup,25,372289.3,28.5,24.4,850.0,1,2,28.99299999999999,801.0
3,Replace Fuel Filter,550.0,0.75,1,Pickup,25,345835.6,45.8,52.6,550.0,1,2,50.36599999999999,546.5
5,Replace Cabin Filter,200.0,0.25,1,Pickup,25,345471.0,15.2,15.7,200.0,1,2,15.53600000000002,200.0
1,Change Oil,650.0,0.75,1,SUV,4,54853.5,47.1,45.1,650.0,0,3,45.934999999999974,651.25
58,General Mechanical Inspection & Check-Up,800.0,0.5,1,SUV,4,56320.9,30.9,23.9,800.0,0,3,25.941000000000034,805.25
36,Down Clutch / Pulldown Transmission,3500.0,4.5,0,Sedan,16,236944.6,271.3,384.5,6425.0,1,4,404.33700000000005,5918.5
37,Air Conditioning Cleaning & Freon Charge,3500.0,3.0,0,Pickup,3,47108.5,186.4,238.2,3500.0,0,2,226.11800000000017,3169.5
58,General Mechanical Inspection & Check-Up,800.0,0.5,1,Pickup,3,41906.8,28.8,25.9,825.0,0,2,27.502000000000038,813.0
1,Change Oil,650.0,0.75,1,Sedan,17,255684.1,45.6,49.4,625.0,1,4,47.67700000000001,637.75
58,General Mechanical Inspection & Check-Up,800.0,0.5,1,Sedan,17,260058.5,31.1,29.2,800.0,1,4,32.66100000000004,807.75
18,Wheel Alignment,900.0,1.0,1,Sedan,17,230164.0,61.2,60.4,900.0,1,4,61.23599999999993,901.5
1,Change Oil,650.0,0.75,1,Sedan,25,356204.1,47.0,50.4,650.0,1,4,49.59700000000001,648.75
58,General Mechanical Inspection & Check-Up,800.0,0.5,1,Sedan,25,353693.4,31.0,23.5,775.0,1,4,33.37699999999998,804.5
13,Brake Service & Cleaning,800.0,1.25,1,Sedan,17,243349.5,77.5,68.6,775.0,1,4,71.1820000000001,781.0
15,Replace Brake Shoes,800.0,1.0,1,Sedan,17,239897.1,58.4,59.3,825.0,1,4,60.12000000000009,816.25
1,Change Oil,650.0,0.75,1,SUV,3,36397.2,43.8,44.3,650.0,0,3,42.40700000000007,655.0
58,General Mechanical Inspection & Check-Up,800.0,0.5,1,SUV,3,39015.1,29.4,29.9,800.0,0,3,30.961999999999986,797.75
18,Wheel Alignment,900.0,1.0,1,SUV,3,44701.6,59.1,62.7,900.0,0,3,63.602999999999945,898.75
1,Change Oil,650.0,0.75,1,Sedan,7,92922.7,43.8,50.2,650.0,0,4,48.624999999999964,649.0
58,General Mechanical Inspection & Check-Up,800.0,0.5,1,Sedan,7,93988.5,28.6,32.4,800.0,0,4,30.53500000000002,805.5
3,Replace Fuel Filter,550.0,0.75,1,Sedan,7,95813.1,43.7,43.3,550.0,0,4,42.26400000000002,565.5
4,Replace Air Filter,550.0,0.25,1,Sedan,7,108066.0,15.3,16.4,550.0,0,4,15.96000000000001,554.5
5,Replace Cabin Filter,200.0,0.25,1,Sedan,7,84866.6,15.0,16.1,200.0,0,4,15.360999999999995,200.0
13,Brake Service & Cleaning,800.0,1.25,1,Sedan,12,168658.2,76.5,83.3,775.0,1,4,80.23500000000008,786.5
14,Replace Brake Pads,600.0,1.0,1,Sedan,12,142974.5,57.0,58.4,625.0,1,4,57.629000000000026,616.25
1,Change Oil,650.0,0.75,1,Sedan,9,115768.9,44.0,49.6,625.0,1,4,48.167000000000016,633.25
58,General Mechanical Inspection & Check-Up,800.0,0.5,1,Sedan,9,123435.1,28.6,28.7,775.0,0,4,29.01399999999998,783.75
3,Replace Fuel Filter,550.0,0.75,1,Sedan,9,144881.2,46.4,39.2,550.0,0,4,41.65699999999993,551.0
5,Replace Cabin Filter,200.0,0.25,1,Sedan,9,118289.5,15.4,15.8,200.0,0,4,15.839999999999996,200.0
37,Air Conditioning Cleaning & Freon Charge,3500.0,3.0,0,Crossover,1,17075.7,188.0,248.8,2725.0,0,0,233.24699999999987,2909.5
1,Change Oil,650.0,0.75,1,Sedan,19,227642.3,43.6,42.1,650.0,1,4,43.45999999999997,651.25
58,General Mechanical Inspection & Check-Up,800.0,0.5,1,Sedan,19,288554.2,29.4,28.4,775.0,1,4,28.059000000000033,787.0
1,Change Oil,650.0,0.75,1,Sedan,7,92486.9,44.6,43.6,650.0,0,4,45.40799999999999,649.5
58,General Mechanical Inspection & Check-Up,800.0,0.5,1,Sedan,7,109075.5,30.1,27.7,800.0,0,4,28.444000000000003,801.0
51,Replace Valve Cover Gasket,1200.0,1.75,0,Crossover,10,127052.2,106.0,141.2,1900.0,1,0,151.88300000000018,1915.5
48,Replace Fan Belt / Serpentine Belt,1100.0,1.0,1,Crossover,10,154090.4,61.8,59.7,1125.0,0,0,61.75699999999998,1092.0
1,Change Oil,650.0,0.75,1,Crossover,10,122318.2,45.9,51.2,650.0,1,0,47.821000000000005,654.75
22,Replace Suspension Bushing,1500.0,2.5,0,Van,18,287493.7,144.8,253.3,1950.0,1,5,251.92799999999966,2309.5
25,Replace Tie Rod & Rack End,1000.0,1.5,1,Van,18,227012.8,91.8,99.1,1000.0,1,5,99.28500000000012,997.75
18,Wheel Alignment,900.0,1.0,1,Van,18,258993.8,62.7,59.8,875.0,1,5,69.17800000000004,891.5
1,Change Oil,650.0,0.75,1,SUV,3,36493.0,45.0,45.0,625.0,0,3,44.33700000000001,635.0
58,General Mechanical Inspection & Check-Up,800.0,0.5,1,SUV,3,45255.4,30.9,30.5,775.0,0,3,29.819000000000006,779.25
3,Replace Fuel Filter,550.0,0.75,1,SUV,3,37448.6,46.3,43.9,550.0,0,3,44.764000000000024,547.5
4,Replace Air Filter,550.0,0.25,1,SUV,3,36776.1,15.2,15.0,575.0,0,3,15.232000000000001,571.0
5,Replace Cabin Filter,200.0,0.25,1,SUV,3,49790.2,15.1,15.0,200.0,0,3,15.055999999999997,200.0
51,Replace Valve Cover Gasket,1200.0,1.75,0,Sedan,3,49492.5,106.6,156.9,2250.0,1,4,102.35399999999994,1451.0
48,Replace Fan Belt / Serpentine Belt,1100.0,1.0,1,Sedan,3,47970.4,58.0,62.2,1125.0,0,4,61.390000000000015,1094.0
36,Down Clutch / Pulldown Transmission,3500.0,4.5,0,Van,12,149164.0,261.2,430.4,4725.0,1,5,402.43800000000067,4980.0
2,Change ATF / Transmission Fluid,650.0,0.75,1,Van,12,177365.3,46.5,46.1,650.0,1,5,46.773,648.25
22,Replace Suspension Bushing,1500.0,2.5,0,Hatchback,25,382189.7,157.1,290.9,4675.0,1,1,290.8729999999998,3510.0
23,Replace Tie Rod End,800.0,1.0,1,Hatchback,25,394408.0,58.8,53.4,825.0,1,1,55.95799999999998,820.25
18,Wheel Alignment,900.0,1.0,1,Hatchback,25,388690.4,60.3,69.9,925.0,1,1,65.86299999999994,915.0
22,Replace Suspension Bushing,1500.0,2.5,0,Sedan,11,142988.7,155.2,234.0,2200.0,1,4,215.129,2259.5
23,Replace Tie Rod End,800.0,1.0,1,Sedan,11,161665.3,61.3,64.1,775.0,1,4,62.99800000000004,785.5
18,Wheel Alignment,900.0,1.0,1,Sedan,11,170797.3,62.8,58.4,900.0,0,4,60.06399999999997,901.5
21,Replace Shock Absorbers,1200.0,2.0,1,Sedan,11,156507.3,117.8,114.0,1200.0,0,4,116.32700000000001,1185.0
22,Replace Suspension Bushing,1500.0,2.5,0,Sedan,3,43744.4,154.2,160.6,875.0,0,4,176.03100000000003,1247.0
23,Replace Tie Rod End,800.0,1.0,1,Sedan,3,45305.6,59.7,53.9,775.0,0,4,57.495999999999995,798.75
18,Wheel Alignment,900.0,1.0,1,Sedan,3,47825.8,59.2,70.1,900.0,0,4,67.11900000000004,896.75
21,Replace Shock Absorbers,1200.0,2.0,1,Sedan,3,37841.1,125.2,133.4,1250.0,0,4,125.862,1207.0
36,Down Clutch / Pulldown Transmission,3500.0,4.5,0,Van,15,214244.1,273.2,569.8,7150.0,1,5,512.3810000000002,8662.0
1,Change Oil,650.0,0.75,1,SUV,21,278250.8,43.6,44.1,650.0,1,3,44.33399999999997,653.75
58,General Mechanical Inspection & Check-Up,800.0,0.5,1,SUV,21,286886.6,28.6,29.9,850.0,1,3,29.36700000000004,834.75
3,Replace Fuel Filter,550.0,0.75,1,SUV,21,292891.9,46.1,45.5,550.0,1,3,45.48500000000002,544.5
4,Replace Air Filter,550.0,0.25,1,SUV,21,289421.5,14.6,16.5,575.0,1,3,16.328000000000003,567.25
5,Replace Cabin Filter,200.0,0.25,1,SUV,21,321689.6,14.4,16.5,200.0,1,3,16.202,200.0
13,Brake Service & Cleaning,800.0,1.25,1,SUV,5,61883.8,71.5,77.4,800.0,0,3,75.89899999999993,805.0
15,Replace Brake Shoes,800.0,1.0,1,SUV,5,81395.6,59.7,61.6,800.0,0,3,60.103000000000044,799.75
36,Down Clutch / Pulldown Transmission,3500.0,4.5,0,Pickup,12,148169.6,263.0,264.4,3200.0,0,2,369.7710000000002,4950.0
1,Change Oil,650.0,0.75,1,Pickup,12,171581.0,43.5,48.9,650.0,1,2,48.330999999999975,650.0
1,Change Oil,650.0,0.75,1,Crossover,10,145959.3,47.0,48.8,675.0,1,0,47.67600000000005,662.25
58,General Mechanical Inspection & Check-Up,800.0,0.5,1,Crossover,10,136564.0,29.2,34.9,775.0,1,0,32.76400000000005,779.75
3,Replace Fuel Filter,550.0,0.75,1,Crossover,10,146944.3,44.0,41.9,550.0,0,0,43.70800000000003,544.75
4,Replace Air Filter,550.0,0.25,1,Crossover,10,141298.7,15.3,15.0,550.0,0,0,15.268999999999997,553.5
5,Replace Cabin Filter,200.0,0.25,1,Crossover,10,143764.5,15.3,15.3,200.0,0,0,15.326999999999982,200.0
53,Top Overhaul,15000.0,14.0,0,Sedan,11,166204.8,872.6,1047.5,24075.0,1,4,1066.734,22079.0
1,Change Oil,650.0,0.75,1,Sedan,11,161760.9,43.0,47.1,650.0,1,4,46.09299999999999,647.0
22,Replace Suspension Bushing,1500.0,2.5,0,Sedan,24,323610.3,148.9,291.0,4825.0,1,4,273.45,4218.0
23,Replace Tie Rod End,800.0,1.0,1,Sedan,24,362712.2,62.9,60.7,800.0,1,4,61.991999999999905,800.75
18,Wheel Alignment,900.0,1.0,1,Sedan,24,313847.3,57.9,61.9,850.0,1,4,60.60399999999994,876.0
21,Replace Shock Absorbers,1200.0,2.0,1,Sedan,24,364495.7,124.6,142.5,1200.0,1,4,141.02899999999997,1207.5
22,Replace Suspension Bushing,1500.0,2.5,0,SUV,6,87676.6,144.2,184.6,1375.0,1,3,189.02200000000005,1583.5
23,Replace Tie Rod End,800.0,1.0,1,SUV,6,73726.2,61.3,62.9,800.0,0,3,62.67599999999995,801.25
18,Wheel Alignment,900.0,1.0,1,SUV,6,92535.2,59.9,61.5,875.0,0,3,60.79,892.75
21,Replace Shock Absorbers,1200.0,2.0,1,SUV,6,100145.3,119.2,127.6,1200.0,0,3,124.90500000000014,1199.0
13,Brake Service & Cleaning,800.0,1.25,1,Pickup,24,309359.8,74.3,75.1,800.0,1,2,76.58799999999998,799.25
15,Replace Brake Shoes,800.0,1.0,1,Pickup,24,317381.1,62.7,68.0,775.0,1,2,66.669,783.25
16,Rotor Disc Refacing / Resurfacing,2500.0,2.0,1,Pickup,24,295310.1,114.8,126.5,2550.0,1,2,111.66300000000003,2521.75
1,Change Oil,650.0,0.75,1,Hatchback,12,182677.2,46.0,47.0,675.0,1,1,48.07,662.75
58,General Mechanical Inspection & Check-Up,800.0,0.5,1,Hatchback,12,151485.4,28.9,28.4,850.0,1,1,28.972000000000044,825.25
18,Wheel Alignment,900.0,1.0,1,Hatchback,12,169014.2,58.2,62.4,900.0,1,1,62.00699999999999,899.75
37,Air Conditioning Cleaning & Freon Charge,3500.0,3.0,0,Sedan,21,284740.0,183.9,265.4,3625.0,1,4,289.05000000000024,4362.25
22,Replace Suspension Bushing,1500.0,2.5,0,Hatchback,10,134262.8,157.0,208.8,2575.0,1,1,207.38299999999967,2582.25
23,Replace Tie Rod End,800.0,1.0,1,Hatchback,10,118916.7,61.7,61.6,800.0,0,1,63.22800000000004,796.75
18,Wheel Alignment,900.0,1.0,1,Hatchback,10,128889.8,61.6,61.2,900.0,0,1,62.27699999999992,898.0
21,Replace Shock Absorbers,1200.0,2.0,1,Hatchback,10,157305.6,123.6,110.4,1200.0,0,1,119.684,1200.0
1,Change Oil,650.0,0.75,1,Sedan,3,50597.1,47.2,46.5,650.0,0,4,47.260999999999996,654.25
58,General Mechanical Inspection & Check-Up,800.0,0.5,1,Sedan,3,43844.6,29.1,32.1,800.0,0,4,31.659999999999958,797.0
36,Down Clutch / Pulldown Transmission,3500.0,4.5,0,Crossover,19,276872.4,281.5,509.5,7325.0,1,0,505.983,7471.0
2,Change ATF / Transmission Fluid,650.0,0.75,1,Crossover,19,296487.9,45.5,48.3,650.0,1,0,47.03900000000008,652.5
22,Replace Suspension Bushing,1500.0,2.5,0,Crossover,6,93707.7,149.9,192.9,2375.0,1,0,181.52699999999993,2323.5
23,Replace Tie Rod End,800.0,1.0,1,Crossover,6,80944.5,59.7,62.2,750.0,0,0,57.91999999999997,811.0
18,Wheel Alignment,900.0,1.0,1,Crossover,6,81166.1,61.6,58.5,950.0,0,0,61.22,932.75
21,Replace Shock Absorbers,1200.0,2.0,1,Crossover,6,78084.6,125.5,120.3,1150.0,0,0,125.42999999999991,1176.5
13,Brake Service & Cleaning,800.0,1.25,1,Hatchback,15,193528.9,72.4,81.8,775.0,1,1,78.31200000000008,780.75
15,Replace Brake Shoes,800.0,1.0,1,Hatchback,15,213631.0,59.5,60.1,800.0,1,1,60.11900000000005,803.5
16,Rotor Disc Refacing / Resurfacing,2500.0,2.0,1,Hatchback,15,191166.9,114.9,121.4,2525.0,1,1,117.92499999999986,2514.5
22,Replace Suspension Bushing,1500.0,2.5,0,Pickup,23,300719.3,151.0,260.2,3575.0,1,2,258.6860000000003,3524.25
25,Replace Tie Rod & Rack End,1000.0,1.5,1,Pickup,23,337896.1,89.7,89.9,1050.0,1,2,98.49800000000005,1006.0
18,Wheel Alignment,900.0,1.0,1,Pickup,23,303745.2,62.1,59.1,925.0,1,2,63.813000000000045,907.5
21,Replace Shock Absorbers,1200.0,2.0,1,Pickup,23,285086.1,125.0,137.5,1300.0,1,2,134.28399999999996,1266.25
36,Down Clutch / Pulldown Transmission,3500.0,4.5,0,Crossover,17,244313.1,278.3,395.2,5350.0,1,0,412.4279999999998,5894.5
22,Replace Suspension Bushing,1500.0,2.5,0,Van,20,252304.4,156.5,287.0,2425.0,1,5,252.75600000000003,2538.0
23,Replace Tie Rod End,800.0,1.0,1,Van,20,299349.2,57.2,59.7,800.0,1,5,59.232999999999926,799.75
18,Wheel Alignment,900.0,1.0,1,Van,20,255800.1,60.0,58.4,900.0,1,5,59.07999999999993,892.25
13,Brake Service & Cleaning,800.0,1.25,1,Sedan,25,341942.6,75.3,74.2,800.0,1,4,73.63899999999995,799.25
15,Replace Brake Shoes,800.0,1.0,1,Sedan,25,384790.6,60.3,58.0,850.0,1,4,60.64100000000001,834.0
36,Down Clutch / Pulldown Transmission,3500.0,4.5,0,Sedan,25,317494.7,270.7,433.1,5575.0,1,4,452.0409999999996,5936.5
1,Change Oil,650.0,0.75,1,Van,5,80773.1,43.1,49.4,650.0,0,5,46.28400000000002,643.25
58,General Mechanical Inspection & Check-Up,800.0,0.5,1,Van,5,77312.5,31.2,30.3,775.0,0,5,32.11300000000003,788.5
1,Change Oil,650.0,0.75,1,Sedan,13,209378.4,45.8,45.2,675.0,1,4,45.974999999999966,661.5
58,General Mechanical Inspection & Check-Up,800.0,0.5,1,Sedan,13,163385.0,29.8,28.4,775.0,1,4,28.225000000000033,781.75
13,Brake Service & Cleaning,800.0,1.25,1,Sedan,15,186949.0,75.5,65.1,775.0,1,4,69.54100000000007,783.5
15,Replace Brake Shoes,800.0,1.0,1,Sedan,15,231402.8,61.5,68.6,775.0,1,4,67.38600000000005,779.5
16,Rotor Disc Refacing / Resurfacing,2500.0,2.0,1,Sedan,15,185812.9,118.1,114.7,2550.0,1,4,116.71100000000011,2548.75
13,Brake Service & Cleaning,800.0,1.25,1,SUV,25,303037.6,77.7,71.0,825.0,1,3,74.38999999999996,816.75
15,Replace Brake Shoes,800.0,1.0,1,SUV,25,357388.1,60.9,64.6,800.0,1,3,65.91300000000003,798.75
22,Replace Suspension Bushing,1500.0,2.5,0,Crossover,3,43736.1,142.7,129.6,1300.0,0,0,149.43100000000013,1467.25
23,Replace Tie Rod End,800.0,1.0,1,Crossover,3,38467.4,61.7,66.3,775.0,0,0,64.80600000000008,789.75
18,Wheel Alignment,900.0,1.0,1,Crossover,3,47942.9,61.4,56.7,925.0,0,0,58.848999999999926,919.0
1,Change Oil,650.0,0.75,1,Crossover,17,257833.5,45.3,43.7,675.0,1,0,46.547000000000025,641.25
58,General Mechanical Inspection & Check-Up,800.0,0.5,1,Crossover,17,225559.7,31.0,31.8,825.0,1,0,32.36700000000005,821.5
18,Wheel Alignment,900.0,1.0,1,Crossover,17,255722.3,57.6,62.3,875.0,1,0,56.73,905.75
51,Replace Valve Cover Gasket,1200.0,1.75,0,SUV,18,281451.0,104.1,167.8,1825.0,1,3,172.6779999999998,2177.25
48,Replace Fan Belt / Serpentine Belt,1100.0,1.0,1,SUV,18,231398.4,61.6,72.2,1050.0,1,3,69.17699999999992,1063.25
37,Air Conditioning Cleaning & Freon Charge,3500.0,3.0,0,Crossover,2,24102.9,172.6,150.1,2325.0,0,0,195.1260000000002,2762.0
58,General Mechanical Inspection & Check-Up,800.0,0.5,1,Crossover,2,30947.4,29.0,31.1,800.0,0,0,30.84499999999996,803.25
51,Replace Valve Cover Gasket,1200.0,1.75,0,Van,1,10110.9,109.6,143.1,1650.0,1,5,133.11400000000006,1634.0
48,Replace Fan Belt / Serpentine Belt,1100.0,1.0,1,Van,1,21837.8,61.1,54.5,1075.0,0,5,57.027999999999984,1090.75
22,Replace Suspension Bushing,1500.0,2.5,0,SUV,3,41650.5,143.8,175.2,2950.0,1,3,180.70100000000016,2529.75
23,Replace Tie Rod End,800.0,1.0,1,SUV,3,46719.5,58.7,58.5,800.0,0,3,57.979,802.0
18,Wheel Alignment,900.0,1.0,1,SUV,3,44729.2,62.4,61.9,925.0,0,3,61.65399999999994,913.0
13,Brake Service & Cleaning,800.0,1.25,1,Sedan,25,317594.4,76.0,76.0,775.0,1,4,75.81399999999998,793.0
15,Replace Brake Shoes,800.0,1.0,1,Sedan,25,333304.1,59.7,59.6,750.0,1,4,60.23000000000001,803.75
1,Change Oil,650.0,0.75,1,SUV,25,349420.5,46.0,48.4,650.0,1,3,48.172,645.25
58,General Mechanical Inspection & Check-Up,800.0,0.5,1,SUV,25,360791.1,29.4,26.1,775.0,1,3,28.06499999999996,777.25
18,Wheel Alignment,900.0,1.0,1,SUV,25,345451.3,62.8,60.9,900.0,1,3,63.25699999999992,900.5
1,Change Oil,650.0,0.75,1,Crossover,11,150922.2,43.2,43.4,625.0,0,0,45.60699999999998,650.5
58,General Mechanical Inspection & Check-Up,800.0,0.5,1,Crossover,11,156459.0,30.7,26.8,775.0,0,0,28.87200000000002,784.0
51,Replace Valve Cover Gasket,1200.0,1.75,0,Sedan,25,336708.8,100.3,165.9,3200.0,1,4,170.16599999999988,2915.25
48,Replace Fan Belt / Serpentine Belt,1100.0,1.0,1,Sedan,25,330679.1,62.2,62.7,1150.0,1,4,59.72100000000001,1092.5
36,Down Clutch / Pulldown Transmission,3500.0,4.5,0,Sedan,11,162572.4,282.6,432.1,4500.0,1,4,418.11600000000004,6212.0
13,Brake Service & Cleaning,800.0,1.25,1,SUV,1,10565.0,76.3,82.0,800.0,0,3,81.395,787.75
15,Replace Brake Shoes,800.0,1.0,1,SUV,1,14005.9,62.5,70.5,775.0,0,3,61.88200000000003,803.5
18,Wheel Alignment,900.0,1.0,1,SUV,1,20221.9,62.5,62.0,875.0,0,3,61.47900000000001,883.25
36,Down Clutch / Pulldown Transmission,3500.0,4.5,0,Crossover,7,99355.0,258.4,339.7,4250.0,1,0,358.51200000000006,4572.25
1,Change Oil,650.0,0.75,1,Crossover,7,83794.3,45.6,48.2,650.0,0,0,45.87999999999995,647.25
37,Air Conditioning Cleaning & Freon Charge,3500.0,3.0,0,Crossover,6,83148.1,187.4,173.2,2300.0,0,0,197.14600000000024,2663.25
58,General Mechanical Inspection & Check-Up,800.0,0.5,1,Crossover,6,78763.6,30.2,30.8,825.0,0,0,30.773000000000028,822.0
36,Down Clutch / Pulldown Transmission,3500.0,4.5,0,Sedan,21,262024.8,265.7,449.3,7575.0,1,4,441.57700000000057,6420.5
1,Change Oil,650.0,0.75,1,Sedan,2,23027.1,46.2,50.4,625.0,0,4,47.88500000000001,633.75
58,General Mechanical Inspection & Check-Up,800.0,0.5,1,Sedan,2,24829.0,29.9,29.1,775.0,0,4,29.75199999999997,775.25
13,Brake Service & Cleaning,800.0,1.25,1,Hatchback,13,165398.6,74.7,75.2,750.0,1,1,75.27599999999993,768.75
15,Replace Brake Shoes,800.0,1.0,1,Hatchback,13,208091.5,57.0,54.6,750.0,0,1,58.238000000000014,801.5
16,Rotor Disc Refacing / Resurfacing,2500.0,2.0,1,Hatchback,13,165539.7,114.5,104.8,2550.0,1,1,108.4059999999999,2505.25
1,Change Oil,650.0,0.75,1,Pickup,13,156724.8,46.4,47.1,675.0,1,2,47.51000000000001,661.25
58,General Mechanical Inspection & Check-Up,800.0,0.5,1,Pickup,13,185347.8,29.1,28.1,775.0,1,2,30.420999999999996,806.0
1,Change Oil,650.0,0.75,1,Sedan,21,266443.4,46.8,42.7,675.0,1,4,44.10599999999996,666.75
58,General Mechanical Inspection & Check-Up,800.0,0.5,1,Sedan,21,326120.5,29.1,34.3,825.0,1,4,32.74100000000004,822.25
1,Change Oil,650.0,0.75,1,Van,25,304195.3,45.7,50.2,675.0,1,5,49.09299999999993,666.5
58,General Mechanical Inspection & Check-Up,800.0,0.5,1,Van,25,328272.1,29.8,25.7,800.0,1,5,26.811999999999976,791.25
22,Replace Suspension Bushing,1500.0,2.5,0,Sedan,23,347973.3,147.2,271.2,2525.0,1,4,268.6280000000003,2669.75
23,Replace Tie Rod End,800.0,1.0,1,Sedan,23,333527.3,60.4,59.0,800.0,1,4,59.26399999999998,804.0
18,Wheel Alignment,900.0,1.0,1,Sedan,23,303510.1,57.1,57.5,950.0,1,4,57.105999999999995,929.25
37,Air Conditioning Cleaning & Freon Charge,3500.0,3.0,0,Hatchback,16,215685.7,185.7,313.0,3375.0,1,1,307.20500000000004,4014.25
58,General Mechanical Inspection & Check-Up,800.0,0.5,1,Hatchback,16,239481.4,31.4,26.0,825.0,1,1,28.477000000000004,820.25
1,Change Oil,650.0,0.75,1,Van,1,19162.2,44.1,49.9,625.0,0,5,48.06800000000001,630.5
58,General Mechanical Inspection & Check-Up,800.0,0.5,1,Van,1,11469.4,30.3,30.6,775.0,0,5,30.768999999999973,781.75
3,Replace Fuel Filter,550.0,0.75,1,Van,1,14855.1,46.1,48.9,550.0,0,5,47.48499999999999,544.0
37,Air Conditioning Cleaning & Freon Charge,3500.0,3.0,0,Pickup,18,216318.2,180.7,279.8,3975.0,1,2,289.9659999999998,3980.25
58,General Mechanical Inspection & Check-Up,800.0,0.5,1,Pickup,18,248039.4,29.0,27.8,775.0,1,2,27.700000000000028,783.0
1,Change Oil,650.0,0.75,1,Crossover,10,130405.8,45.4,48.6,650.0,1,0,47.32499999999999,656.0
58,General Mechanical Inspection & Check-Up,800.0,0.5,1,Crossover,10,136904.4,28.6,30.2,800.0,1,0,29.721999999999998,795.75
53,Top Overhaul,15000.0,14.0,0,Hatchback,1,14625.4,829.7,810.3,14875.0,0,1,896.817000000001,13053.0
1,Change Oil,650.0,0.75,1,Hatchback,1,18478.7,44.0,44.9,625.0,0,1,44.31100000000002,638.0
13,Brake Service & Cleaning,800.0,1.25,1,SUV,2,29062.7,71.8,80.7,775.0,0,3,78.66299999999991,780.25
15,Replace Brake Shoes,800.0,1.0,1,SUV,2,34023.8,62.8,66.4,825.0,0,3,64.732,794.5
22,Replace Suspension Bushing,1500.0,2.5,0,Crossover,23,316908.3,157.3,251.6,1800.0,1,0,265.80799999999965,2287.5
23,Replace Tie Rod End,800.0,1.0,1,Crossover,23,336033.0,60.5,55.2,850.0,1,0,57.69299999999993,832.0
18,Wheel Alignment,900.0,1.0,1,Crossover,23,351367.5,59.7,70.6,925.0,1,0,68.4300000000001,917.75
21,Replace Shock Absorbers,1200.0,2.0,1,Crossover,23,348257.9,121.8,138.4,1175.0,1,0,137.80800000000008,1201.25
13,Brake Service & Cleaning,800.0,1.25,1,Sedan,21,251376.1,74.9,76.9,825.0,1,4,76.52399999999993,816.25
15,Replace Brake Shoes,800.0,1.0,1,Sedan,21,331398.5,59.9,62.1,800.0,1,4,61.865000000000045,803.5
18,Wheel Alignment,900.0,1.0,1,Sedan,21,279440.1,62.5,63.9,925.0,1,4,64.51399999999994,923.25
13,Brake Service & Cleaning,800.0,1.25,1,Sedan,12,181621.2,72.2,71.2,800.0,1,4,72.45799999999991,797.75
15,Replace Brake Shoes,800.0,1.0,1,Sedan,12,164896.1,58.1,54.7,750.0,0,4,62.301,796.25
22,Replace Suspension Bushing,1500.0,2.5,0,Sedan,6,82923.7,150.1,197.9,2375.0,1,4,196.33100000000005,2240.75
23,Replace Tie Rod End,800.0,1.0,1,Sedan,6,89534.9,61.4,68.4,775.0,0,4,66.25599999999994,779.5
18,Wheel Alignment,900.0,1.0,1,Sedan,6,83680.8,60.9,54.7,925.0,0,4,56.29199999999992,921.25
21,Replace Shock Absorbers,1200.0,2.0,1,Sedan,6,70241.2,125.1,120.1,1225.0,0,4,122.41300000000012,1214.5
13,Brake Service & Cleaning,800.0,1.25,1,SUV,25,338374.6,77.5,70.1,825.0,1,3,76.296,802.75
15,Replace Brake Shoes,800.0,1.0,1,SUV,25,302065.6,58.5,58.7,825.0,1,3,59.69499999999993,820.25
22,Replace Suspension Bushing,1500.0,2.5,0,Sedan,25,378971.0,148.6,277.2,3925.0,1,4,271.81400000000014,3451.5
23,Replace Tie Rod End,800.0,1.0,1,Sedan,25,396265.2,57.4,61.6,850.0,1,4,59.46600000000002,821.75
18,Wheel Alignment,900.0,1.0,1,Sedan,25,387338.6,60.2,60.3,925.0,1,4,61.98600000000007,915.75
22,Replace Suspension Bushing,1500.0,2.5,0,Sedan,23,316259.5,146.7,272.9,4050.0,1,4,266.62000000000023,3493.5
25,Replace Tie Rod & Rack End,1000.0,1.5,1,Sedan,23,302996.7,91.5,93.0,950.0,1,4,96.68300000000004,975.5
18,Wheel Alignment,900.0,1.0,1,Sedan,23,350214.7,60.8,58.1,900.0,1,4,60.01800000000007,893.75
1,Change Oil,650.0,0.75,1,Sedan,12,186120.7,46.2,47.9,650.0,1,4,47.162,638.5
58,General Mechanical Inspection & Check-Up,800.0,0.5,1,Sedan,12,183357.6,29.2,34.7,775.0,1,4,33.73399999999995,778.75
36,Down Clutch / Pulldown Transmission,3500.0,4.5,0,Sedan,25,373348.8,282.5,506.8,5750.0,1,4,500.71500000000066,6092.75
1,Change Oil,650.0,0.75,1,Sedan,21,322850.1,44.8,48.4,625.0,1,4,49.77099999999999,643.0
58,General Mechanical Inspection & Check-Up,800.0,0.5,1,Sedan,21,313652.8,30.4,33.6,825.0,1,4,32.951999999999956,821.0
37,Air Conditioning Cleaning & Freon Charge,3500.0,3.0,0,SUV,18,225918.3,179.2,264.8,2800.0,1,3,271.63599999999974,3303.75
22,Replace Suspension Bushing,1500.0,2.5,0,Crossover,11,159781.4,148.2,199.9,2325.0,1,0,196.45399999999995,2283.5
25,Replace Tie Rod & Rack End,1000.0,1.5,1,Crossover,11,160838.4,92.4,94.3,950.0,0,0,93.59700000000002,1017.0
18,Wheel Alignment,900.0,1.0,1,Crossover,11,142603.8,61.7,59.3,925.0,0,0,59.94500000000006,914.75
21,Replace Shock Absorbers,1200.0,2.0,1,Crossover,11,175281.2,118.6,144.7,1200.0,1,0,135.79500000000013,1204.0
13,Brake Service & Cleaning,800.0,1.25,1,SUV,21,300354.1,75.0,79.2,800.0,1,3,78.47099999999992,797.0
15,Replace Brake Shoes,800.0,1.0,1,SUV,21,294211.9,61.6,58.1,800.0,1,3,60.73500000000004,804.75
16,Rotor Disc Refacing / Resurfacing,2500.0,2.0,1,SUV,21,292009.5,125.2,121.9,2450.0,1,3,125.17699999999988,2483.5
13,Brake Service & Cleaning,800.0,1.25,1,SUV,13,177126.2,77.2,70.9,800.0,1,3,73.16299999999993,802.0
15,Replace Brake Shoes,800.0,1.0,1,SUV,13,171513.4,57.9,64.5,850.0,1,3,62.91499999999999,836.5
1,Change Oil,650.0,0.75,1,Sedan,24,363801.6,46.9,46.3,625.0,1,4,48.30600000000005,637.0
58,General Mechanical Inspection & Check-Up,800.0,0.5,1,Sedan,24,381564.9,31.1,31.3,800.0,1,4,34.50499999999999,799.5
1,Change Oil,650.0,0.75,1,Sedan,25,339838.3,45.2,44.9,600.0,1,4,46.06000000000002,613.5
58,General Mechanical Inspection & Check-Up,800.0,0.5,1,Sedan,25,367611.5,30.5,34.2,800.0,1,4,33.11299999999999,806.0
18,Wheel Alignment,900.0,1.0,1,Sedan,25,387115.1,60.2,65.5,900.0,1,4,63.85800000000002,905.75
37,Air Conditioning Cleaning & Freon Charge,3500.0,3.0,0,Crossover,14,182683.9,186.4,274.5,3775.0,1,0,273.4330000000001,3795.75
58,General Mechanical Inspection & Check-Up,800.0,0.5,1,Crossover,14,217790.0,30.2,29.8,850.0,1,0,30.196000000000037,838.0
36,Down Clutch / Pulldown Transmission,3500.0,4.5,0,Van,9,114701.9,274.6,357.0,4350.0,1,5,365.97999999999985,4589.25
2,Change ATF / Transmission Fluid,650.0,0.75,1,Van,9,119949.1,47.1,47.5,650.0,0,5,49.371,650.75
1,Change Oil,650.0,0.75,1,Sedan,25,349392.7,44.1,45.7,650.0,1,4,45.18099999999994,645.75
58,General Mechanical Inspection & Check-Up,800.0,0.5,1,Sedan,25,363015.4,28.7,30.1,775.0,1,4,29.725999999999964,779.5
1,Change Oil,650.0,0.75,1,Van,23,296672.7,45.2,46.5,650.0,1,5,46.744000000000014,645.0
58,General Mechanical Inspection & Check-Up,800.0,0.5,1,Van,23,357897.6,28.7,29.2,775.0,1,5,29.891999999999967,794.0
36,Down Clutch / Pulldown Transmission,3500.0,4.5,0,Hatchback,22,285860.2,260.8,352.2,5200.0,1,1,401.2019999999999,5402.25
2,Change ATF / Transmission Fluid,650.0,0.75,1,Hatchback,22,316943.5,44.7,47.6,650.0,1,1,46.40099999999998,647.0
37,Air Conditioning Cleaning & Freon Charge,3500.0,3.0,0,Van,9,116339.5,186.0,284.9,4475.0,1,5,232.62999999999994,3932.75
58,General Mechanical Inspection & Check-Up,800.0,0.5,1,Van,9,116692.9,30.1,28.3,775.0,0,5,28.628000000000014,778.25
1,Change Oil,650.0,0.75,1,Van,23,289970.8,42.9,41.3,700.0,1,5,42.56800000000005,677.75
58,General Mechanical Inspection & Check-Up,800.0,0.5,1,Van,23,361498.3,30.1,35.2,800.0,1,5,33.58399999999996,798.0
13,Brake Service & Cleaning,800.0,1.25,1,Crossover,21,255232.1,72.9,69.8,825.0,1,0,72.9900000000001,820.0
15,Replace Brake Shoes,800.0,1.0,1,Crossover,21,297971.5,62.2,63.6,825.0,1,0,62.09600000000006,816.75
13,Brake Service & Cleaning,800.0,1.25,1,Sedan,10,132135.1,71.6,77.9,775.0,1,4,75.82599999999988,786.0
15,Replace Brake Shoes,800.0,1.0,1,Sedan,10,148617.2,59.4,60.1,850.0,1,4,60.31000000000004,833.25
18,Wheel Alignment,900.0,1.0,1,Sedan,10,138984.1,59.7,69.7,900.0,1,4,66.47299999999991,899.0
1,Change Oil,650.0,0.75,1,Van,20,314532.4,42.9,54.4,650.0,1,5,51.033999999999985,648.0
58,General Mechanical Inspection & Check-Up,800.0,0.5,1,Van,20,258361.3,31.5,33.1,825.0,1,5,33.18899999999997,812.5
13,Brake Service & Cleaning,800.0,1.25,1,Sedan,20,278335.7,77.6,64.8,800.0,1,4,70.22000000000008,800.25
15,Replace Brake Shoes,800.0,1.0,1,Sedan,20,281988.5,58.1,60.6,825.0,1,4,60.40900000000004,818.25
22,Replace Suspension Bushing,1500.0,2.5,0,Hatchback,7,98025.0,151.6,130.0,1125.0,0,1,145.66199999999995,1396.0
23,Replace Tie Rod End,800.0,1.0,1,Hatchback,7,96646.6,59.6,69.5,825.0,1,1,59.81399999999996,807.5
18,Wheel Alignment,900.0,1.0,1,Hatchback,7,89343.3,62.9,61.2,850.0,0,1,62.17899999999993,868.0
21,Replace Shock Absorbers,1200.0,2.0,1,Hatchback,7,97517.3,123.7,108.7,1200.0,0,1,118.51500000000006,1201.5
1,Change Oil,650.0,0.75,1,Hatchback,12,144069.7,46.8,43.6,675.0,1,1,45.36699999999999,659.75
58,General Mechanical Inspection & Check-Up,800.0,0.5,1,Hatchback,12,151126.8,30.2,26.7,775.0,0,1,28.13299999999999,782.75
1,Change Oil,650.0,0.75,1,Hatchback,18,235315.6,47.1,49.4,625.0,1,1,48.95499999999999,631.25
58,General Mechanical Inspection & Check-Up,800.0,0.5,1,Hatchback,18,247348.3,29.3,29.7,825.0,1,1,28.762999999999987,811.25
1,Change Oil,650.0,0.75,1,Crossover,25,353302.5,43.6,45.3,650.0,1,0,44.31100000000005,656.0
58,General Mechanical Inspection & Check-Up,800.0,0.5,1,Crossover,25,323594.4,29.7,28.2,750.0,1,0,28.460999999999977,772.0
37,Air Conditioning Cleaning & Freon Charge,3500.0,3.0,0,Crossover,17,225312.2,176.6,322.9,5700.0,1,0,317.2060000000004,5351.75
1,Change Oil,650.0,0.75,1,Crossover,25,329603.8,43.6,43.9,650.0,1,0,43.54000000000003,650.5
58,General Mechanical Inspection & Check-Up,800.0,0.5,1,Crossover,25,321388.2,28.9,28.0,800.0,1,0,28.761000000000003,797.75
18,Wheel Alignment,900.0,1.0,1,Crossover,25,316802.1,59.0,62.5,950.0,1,0,60.828,933.75
22,Replace Suspension Bushing,1500.0,2.5,0,Sedan,25,329062.9,144.2,204.6,2225.0,1,4,228.32499999999985,2582.25
23,Replace Tie Rod End,800.0,1.0,1,Sedan,25,329639.4,62.2,56.5,800.0,1,4,58.95500000000002,799.75
18,Wheel Alignment,900.0,1.0,1,Sedan,25,326942.5,59.2,59.3,925.0,1,4,59.87300000000007,918.75
21,Replace Shock Absorbers,1200.0,2.0,1,Sedan,25,337330.4,124.0,138.3,1250.0,1,4,138.23899999999983,1228.75
13,Brake Service & Cleaning,800.0,1.25,1,Pickup,3,45642.5,71.5,73.1,825.0,0,2,73.55000000000008,815.5
15,Replace Brake Shoes,800.0,1.0,1,Pickup,3,42242.2,61.0,52.5,775.0,0,2,55.211999999999996,786.5
1,Change Oil,650.0,0.75,1,Sedan,7,88583.9,45.0,51.9,625.0,0,4,49.42399999999998,628.75
58,General Mechanical Inspection & Check-Up,800.0,0.5,1,Sedan,7,103283.5,30.3,30.6,800.0,0,4,30.648999999999972,810.25
1,Change Oil,650.0,0.75,1,SUV,6,80914.0,45.3,48.5,625.0,0,3,47.711999999999996,631.75
58,General Mechanical Inspection & Check-Up,800.0,0.5,1,SUV,6,90856.7,28.9,29.9,775.0,0,3,30.62300000000001,801.5
22,Replace Suspension Bushing,1500.0,2.5,0,Pickup,17,268748.7,147.4,254.4,2525.0,1,2,250.02600000000027,2620.25
25,Replace Tie Rod & Rack End,1000.0,1.5,1,Pickup,17,268852.4,85.7,89.2,975.0,1,2,89.05899999999998,992.0
18,Wheel Alignment,900.0,1.0,1,Pickup,17,258507.4,58.4,60.0,850.0,1,2,58.98600000000002,869.75
37,Air Conditioning Cleaning & Freon Charge,3500.0,3.0,0,Pickup,21,303541.3,177.4,349.9,5800.0,1,2,335.06900000000047,5496.75
58,General Mechanical Inspection & Check-Up,800.0,0.5,1,Pickup,21,301326.0,29.3,29.9,775.0,1,2,29.76800000000004,793.0
37,Air Conditioning Cleaning & Freon Charge,3500.0,3.0,0,Sedan,9,142372.8,185.2,214.8,2700.0,0,4,226.55899999999977,3396.25
58,General Mechanical Inspection & Check-Up,800.0,0.5,1,Sedan,9,119666.9,28.7,29.6,800.0,0,4,29.159999999999982,800.0
1,Change Oil,650.0,0.75,1,Sedan,6,71610.8,46.3,49.8,650.0,0,4,43.20599999999999,658.25
58,General Mechanical Inspection & Check-Up,800.0,0.5,1,Sedan,6,96188.2,29.7,29.2,850.0,0,4,29.978999999999992,836.25
18,Wheel Alignment,900.0,1.0,1,Sedan,6,87978.9,58.1,74.3,925.0,1,4,68.7670000000001,908.25
1,Change Oil,650.0,0.75,1,SUV,10,156985.9,45.7,47.8,650.0,1,3,48.21300000000004,648.75
58,General Mechanical Inspection & Check-Up,800.0,0.5,1,SUV,10,146635.5,31.3,31.7,800.0,0,3,31.48499999999998,799.75
18,Wheel Alignment,900.0,1.0,1,SUV,10,138617.3,61.5,70.9,925.0,1,3,67.51199999999993,913.5
1,Change Oil,650.0,0.75,1,Pickup,25,395835.8,45.8,47.1,625.0,1,2,46.50999999999997,662.75
58,General Mechanical Inspection & Check-Up,800.0,0.5,1,Pickup,25,367939.8,30.7,29.4,800.0,1,2,30.30000000000004,801.5
18,Wheel Alignment,900.0,1.0,1,Pickup,25,325121.6,61.3,67.1,875.0,1,2,66.1110000000001,886.75
13,Brake Service & Cleaning,800.0,1.25,1,Pickup,20,256677.6,78.0,86.8,775.0,1,2,83.70000000000007,780.0
14,Replace Brake Pads,600.0,1.0,1,Pickup,20,258154.6,59.0,57.0,575.0,1,2,58.39,590.5
16,Rotor Disc Refacing / Resurfacing,2500.0,2.0,1,Pickup,20,261032.2,118.8,118.1,2375.0,1,2,119.04000000000015,2421.75
1,Change Oil,650.0,0.75,1,SUV,16,217191.8,47.1,52.2,650.0,1,3,50.036999999999935,647.25
58,General Mechanical Inspection & Check-Up,800.0,0.5,1,SUV,16,225259.3,30.6,36.5,800.0,1,3,33.89000000000001,796.25
4,Replace Air Filter,550.0,0.25,1,SUV,16,249665.6,15.6,15.8,575.0,1,3,15.755999999999993,554.0
5,Replace Cabin Filter,200.0,0.25,1,SUV,16,229838.8,15.7,15.6,200.0,1,3,15.766999999999985,200.0
13,Brake Service & Cleaning,800.0,1.25,1,Sedan,5,69635.5,71.7,72.9,800.0,0,4,73.2589999999999,801.25
15,Replace Brake Shoes,800.0,1.0,1,Sedan,5,67351.7,58.6,62.1,775.0,0,4,55.420999999999964,794.25
1,Change Oil,650.0,0.75,1,Crossover,14,194418.0,44.2,42.6,650.0,1,0,47.26200000000001,650.25
58,General Mechanical Inspection & Check-Up,800.0,0.5,1,Crossover,14,172209.6,30.9,33.5,825.0,1,0,33.13300000000001,821.5
18,Wheel Alignment,900.0,1.0,1,Crossover,14,211816.2,59.9,59.4,900.0,1,0,59.03699999999997,903.25
1,Change Oil,650.0,0.75,1,Sedan,13,193428.6,45.0,41.1,625.0,0,4,46.06999999999999,651.75
58,General Mechanical Inspection & Check-Up,800.0,0.5,1,Sedan,13,193432.1,31.1,34.7,775.0,1,4,33.923000000000044,788.25
37,Air Conditioning Cleaning & Freon Charge,3500.0,3.0,0,Van,24,348367.0,180.5,414.5,6775.0,1,5,372.6,6293.5
22,Replace Suspension Bushing,1500.0,2.5,0,Sedan,7,112521.8,143.6,246.1,3275.0,1,4,215.74499999999992,2930.5
23,Replace Tie Rod End,800.0,1.0,1,Sedan,7,93725.4,61.6,58.7,825.0,0,4,65.182,786.0
18,Wheel Alignment,900.0,1.0,1,Sedan,7,98466.6,57.4,57.0,925.0,0,4,56.50000000000002,920.5
21,Replace Shock Absorbers,1200.0,2.0,1,Sedan,7,107771.5,122.1,141.2,1175.0,0,4,134.87600000000012,1189.0
37,Air Conditioning Cleaning & Freon Charge,3500.0,3.0,0,Sedan,14,185867.2,188.9,310.7,2825.0,1,4,296.05900000000037,3558.75
1,Change Oil,650.0,0.75,1,Sedan,25,331168.1,42.9,49.1,650.0,1,4,45.25100000000003,631.0
58,General Mechanical Inspection & Check-Up,800.0,0.5,1,Sedan,25,359668.1,28.6,26.2,775.0,1,4,27.601999999999972,781.0
53,Top Overhaul,15000.0,14.0,0,Sedan,6,78675.4,878.1,1152.7,15450.0,1,4,983.3999999999999,16861.25
13,Brake Service & Cleaning,800.0,1.25,1,Sedan,19,277209.3,71.3,75.0,800.0,1,4,75.17599999999999,799.75
14,Replace Brake Pads,600.0,1.0,1,Sedan,19,234868.4,59.5,61.0,625.0,1,4,61.086999999999996,608.5
22,Replace Suspension Bushing,1500.0,2.5,0,Crossover,6,81493.6,142.5,198.4,1475.0,1,0,181.81499999999994,1596.5
25,Replace Tie Rod & Rack End,1000.0,1.5,1,Crossover,6,80656.2,86.2,80.1,1000.0,0,0,85.34100000000004,988.5
18,Wheel Alignment,900.0,1.0,1,Crossover,6,88578.9,59.8,55.4,900.0,0,0,57.28199999999996,902.25
13,Brake Service & Cleaning,800.0,1.25,1,Hatchback,25,373098.1,76.2,80.7,775.0,1,1,80.20199999999996,792.25
15,Replace Brake Shoes,800.0,1.0,1,Hatchback,25,313348.4,58.5,55.7,825.0,1,1,57.177999999999926,809.75
16,Rotor Disc Refacing / Resurfacing,2500.0,2.0,1,Hatchback,25,394765.4,116.4,111.6,2525.0,1,1,115.7530000000001,2551.0
36,Down Clutch / Pulldown Transmission,3500.0,4.5,0,Van,25,343426.9,274.3,436.7,5775.0,1,5,456.5729999999996,5909.75
51,Replace Valve Cover Gasket,1200.0,1.75,0,Crossover,10,131459.3,107.3,185.1,1725.0,1,0,171.67500000000018,1816.25
48,Replace Fan Belt / Serpentine Belt,1100.0,1.0,1,Crossover,10,129175.4,59.0,60.3,1100.0,0,0,60.36100000000008,1096.25
51,Replace Valve Cover Gasket,1200.0,1.75,0,Sedan,7,99431.6,100.1,129.4,1875.0,1,4,125.20599999999988,1798.25
48,Replace Fan Belt / Serpentine Belt,1100.0,1.0,1,Sedan,7,100589.0,57.1,64.3,1175.0,1,4,59.16300000000002,1112.25
1,Change Oil,650.0,0.75,1,Sedan,7,90716.5,45.7,43.8,625.0,0,4,45.10800000000001,648.25
1,Change Oil,650.0,0.75,1,Hatchback,22,263927.8,47.2,45.4,650.0,1,1,46.476000000000006,645.75
58,General Mechanical Inspection & Check-Up,800.0,0.5,1,Hatchback,22,277768.2,31.1,31.3,775.0,1,1,32.20399999999997,800.5
36,Down Clutch / Pulldown Transmission,3500.0,4.5,0,Sedan,10,130904.0,263.3,273.7,3775.0,1,4,327.5650000000003,4319.0
2,Change ATF / Transmission Fluid,650.0,0.75,1,Sedan,10,135600.0,46.0,51.1,650.0,1,4,49.36200000000001,649.5
13,Brake Service & Cleaning,800.0,1.25,1,Crossover,22,346447.6,75.5,68.9,800.0,1,0,71.63899999999994,808.75
15,Replace Brake Shoes,800.0,1.0,1,Crossover,22,338195.0,59.7,68.5,825.0,1,0,66.54500000000002,821.0
37,Air Conditioning Cleaning & Freon Charge,3500.0,3.0,0,Crossover,1,19830.6,181.2,177.6,2425.0,0,0,190.31600000000003,2552.5
22,Replace Suspension Bushing,1500.0,2.5,0,SUV,25,352138.5,151.7,280.2,4375.0,1,3,278.19800000000026,4154.25
23,Replace Tie Rod End,800.0,1.0,1,SUV,25,307023.5,58.8,64.6,825.0,1,3,62.20900000000003,816.0
18,Wheel Alignment,900.0,1.0,1,SUV,25,331018.8,59.5,53.9,875.0,1,3,56.48399999999999,883.25
22,Replace Suspension Bushing,1500.0,2.5,0,Hatchback,25,311194.1,143.3,227.3,2950.0,1,1,233.14199999999968,2817.75
25,Replace Tie Rod & Rack End,1000.0,1.5,1,Hatchback,25,394832.8,88.6,106.6,1050.0,1,1,102.82600000000015,992.75
18,Wheel Alignment,900.0,1.0,1,Hatchback,25,365409.4,60.9,72.6,850.0,1,1,69.16900000000008,868.75
1,Change Oil,650.0,0.75,1,Pickup,2,27463.1,46.5,45.7,625.0,0,2,44.53000000000006,646.25
58,General Mechanical Inspection & Check-Up,800.0,0.5,1,Pickup,2,26734.8,29.0,32.9,800.0,0,2,31.672000000000022,791.5
51,Replace Valve Cover Gasket,1200.0,1.75,0,Sedan,20,276700.7,108.7,182.8,3000.0,1,4,182.44999999999985,2661.75
48,Replace Fan Belt / Serpentine Belt,1100.0,1.0,1,Sedan,20,267119.7,60.5,58.2,1075.0,1,4,58.38999999999991,1076.25
13,Brake Service & Cleaning,800.0,1.25,1,Sedan,8,117274.2,78.7,82.1,800.0,0,4,80.10800000000009,797.75
15,Replace Brake Shoes,800.0,1.0,1,Sedan,8,110031.6,62.3,68.6,750.0,0,4,66.44100000000005,765.5
18,Wheel Alignment,900.0,1.0,1,Sedan,8,92608.1,58.5,56.1,900.0,0,4,60.952000000000034,892.0
37,Air Conditioning Cleaning & Freon Charge,3500.0,3.0,0,Sedan,21,261898.5,182.7,287.7,6025.0,1,4,292.5110000000004,5298.5
58,General Mechanical Inspection & Check-Up,800.0,0.5,1,Sedan,21,265910.6,29.3,28.5,800.0,1,4,28.829000000000004,802.0
51,Replace Valve Cover Gasket,1200.0,1.75,0,Sedan,25,387180.4,106.0,172.9,3025.0,1,4,187.89499999999992,2600.25
48,Replace Fan Belt / Serpentine Belt,1100.0,1.0,1,Sedan,25,313815.8,60.5,59.8,1025.0,1,4,59.76300000000005,1049.75
1,Change Oil,650.0,0.75,1,Sedan,25,339684.5,46.8,46.3,625.0,1,4,47.606000000000066,632.75
37,Air Conditioning Cleaning & Freon Charge,3500.0,3.0,0,Sedan,25,317211.1,184.1,335.6,4275.0,1,4,336.5179999999997,4489.75
36,Down Clutch / Pulldown Transmission,3500.0,4.5,0,Hatchback,14,217034.2,272.8,512.4,7100.0,1,1,435.203,6222.75
37,Air Conditioning Cleaning & Freon Charge,3500.0,3.0,0,SUV,3,42932.9,171.7,190.1,2475.0,0,3,192.407,2558.25
1,Change Oil,650.0,0.75,1,Sedan,5,63669.6,45.4,46.0,650.0,0,4,45.80700000000001,651.75
58,General Mechanical Inspection & Check-Up,800.0,0.5,1,Sedan,5,85676.5,30.4,28.1,800.0,0,4,30.54300000000001,811.5
18,Wheel Alignment,900.0,1.0,1,Sedan,5,83281.6,61.4,58.1,925.0,0,4,59.003000000000036,916.5
22,Replace Suspension Bushing,1500.0,2.5,0,Sedan,10,132388.1,145.8,240.5,3150.0,1,4,171.71499999999992,1828.75
23,Replace Tie Rod End,800.0,1.0,1,Sedan,10,152250.5,61.8,65.3,825.0,1,4,65.32300000000008,812.25
18,Wheel Alignment,900.0,1.0,1,Sedan,10,127699.2,58.9,58.4,875.0,0,4,58.44299999999994,882.25
22,Replace Suspension Bushing,1500.0,2.5,0,Crossover,25,321871.2,156.1,297.6,2675.0,1,0,295.7439999999995,3057.25
23,Replace Tie Rod End,800.0,1.0,1,Crossover,25,364973.1,62.5,54.0,825.0,1,0,56.99799999999999,822.25
18,Wheel Alignment,900.0,1.0,1,Crossover,25,373999.6,61.2,72.6,875.0,1,0,67.03400000000008,891.5
21,Replace Shock Absorbers,1200.0,2.0,1,Crossover,25,325925.7,123.3,148.7,1175.0,1,0,141.41200000000018,1212.75
36,Down Clutch / Pulldown Transmission,3500.0,4.5,0,Pickup,14,200177.4,269.9,427.7,5125.0,1,2,414.7549999999999,5457.5
2,Change ATF / Transmission Fluid,650.0,0.75,1,Pickup,14,188979.4,44.6,43.6,650.0,1,2,44.91199999999999,646.75
1,Change Oil,650.0,0.75,1,Pickup,2,33674.7,44.3,40.6,675.0,0,2,44.53600000000002,645.75
58,General Mechanical Inspection & Check-Up,800.0,0.5,1,Pickup,2,30201.2,28.8,31.0,800.0,0,2,28.963000000000033,790.25
1,Change Oil,650.0,0.75,1,Pickup,5,74579.0,47.2,46.5,675.0,0,2,47.18,669.75
58,General Mechanical Inspection & Check-Up,800.0,0.5,1,Pickup,5,66212.9,28.6,28.8,800.0,0,2,27.826999999999998,808.75
51,Replace Valve Cover Gasket,1200.0,1.75,0,Crossover,7,114898.7,108.2,108.0,1600.0,1,0,144.65300000000005,1991.25
48,Replace Fan Belt / Serpentine Belt,1100.0,1.0,1,Crossover,7,91814.0,60.3,55.0,1125.0,0,0,57.117999999999995,1115.25
22,Replace Suspension Bushing,1500.0,2.5,0,Sedan,5,76179.9,157.0,193.4,2775.0,1,4,193.58299999999986,1646.5
23,Replace Tie Rod End,800.0,1.0,1,Sedan,5,67506.0,60.4,52.0,775.0,0,4,54.819,782.25
18,Wheel Alignment,900.0,1.0,1,Sedan,5,78570.9,62.0,66.3,850.0,0,4,65.39100000000009,872.25
21,Replace Shock Absorbers,1200.0,2.0,1,Sedan,5,71510.5,119.8,114.3,1175.0,0,4,118.66699999999986,1183.0
36,Down Clutch / Pulldown Transmission,3500.0,4.5,0,Van,8,99213.3,274.9,384.3,5150.0,1,5,385.43599999999986,5785.5
2,Change ATF / Transmission Fluid,650.0,0.75,1,Van,8,115026.3,46.7,47.0,675.0,0,5,47.273999999999994,662.0
1,Change Oil,650.0,0.75,1,Van,2,36375.9,45.1,45.1,625.0,0,5,44.415000000000006,631.0
58,General Mechanical Inspection & Check-Up,800.0,0.5,1,Van,2,34289.0,31.5,30.8,800.0,0,5,30.92100000000004,792.75
3,Replace Fuel Filter,550.0,0.75,1,Van,2,33266.3,43.6,50.4,550.0,0,5,47.65800000000002,548.75
5,Replace Cabin Filter,200.0,0.25,1,Van,2,31658.3,14.7,15.0,200.0,0,5,15.190999999999997,200.0
1,Change Oil,650.0,0.75,1,Crossover,20,296636.6,43.5,38.0,650.0,1,0,40.404,649.25
58,General Mechanical Inspection & Check-Up,800.0,0.5,1,Crossover,20,286845.6,30.5,30.2,800.0,1,0,34.007,814.5
3,Replace Fuel Filter,550.0,0.75,1,Crossover,20,305181.2,47.1,53.6,525.0,1,0,51.807999999999986,534.0
22,Replace Suspension Bushing,1500.0,2.5,0,Van,25,306504.8,157.0,239.7,2500.0,1,5,300.77699999999965,3228.75
23,Replace Tie Rod End,800.0,1.0,1,Van,25,316173.0,60.9,64.5,800.0,1,5,65.01599999999999,801.0
18,Wheel Alignment,900.0,1.0,1,Van,25,301168.7,62.5,58.1,875.0,1,5,60.17500000000005,875.0
21,Replace Shock Absorbers,1200.0,2.0,1,Van,25,359131.5,115.2,122.8,1175.0,1,5,119.77399999999997,1185.0
53,Top Overhaul,15000.0,14.0,0,Sedan,20,271026.5,863.8,1368.2,15750.0,1,4,1336.8359999999986,19274.5
36,Down Clutch / Pulldown Transmission,3500.0,4.5,0,Van,20,269826.4,257.9,408.5,7900.0,1,5,413.93600000000004,7218.75
2,Change ATF / Transmission Fluid,650.0,0.75,1,Van,20,261191.9,46.4,40.3,650.0,1,5,42.22600000000005,653.25
22,Replace Suspension Bushing,1500.0,2.5,0,Crossover,9,129717.3,146.0,186.7,2650.0,1,0,172.8859999999998,2111.75
25,Replace Tie Rod & Rack End,1000.0,1.5,1,Crossover,9,143462.6,88.8,88.6,1025.0,0,0,87.92100000000013,1020.0
18,Wheel Alignment,900.0,1.0,1,Crossover,9,117755.0,59.3,65.9,875.0,1,0,58.97799999999997,910.0
13,Brake Service & Cleaning,800.0,1.25,1,Sedan,2,28820.3,71.7,70.9,775.0,0,4,72.2269999999999,784.0
15,Replace Brake Shoes,800.0,1.0,1,Sedan,2,31399.9,61.0,59.5,800.0,0,4,58.63899999999998,801.25
1,Change Oil,650.0,0.75,1,Hatchback,18,219185.0,43.5,46.2,625.0,1,1,45.65399999999999,643.25
58,General Mechanical Inspection & Check-Up,800.0,0.5,1,Hatchback,18,219391.9,29.6,37.0,800.0,1,1,34.41600000000001,798.0
1,Change Oil,650.0,0.75,1,SUV,25,330173.2,46.1,46.1,650.0,1,3,46.93699999999999,650.25
58,General Mechanical Inspection & Check-Up,800.0,0.5,1,SUV,25,316433.2,29.5,25.2,825.0,1,3,29.20299999999999,797.75
51,Replace Valve Cover Gasket,1200.0,1.75,0,Sedan,23,290235.1,105.3,184.1,2325.0,1,4,187.72499999999997,2534.75
48,Replace Fan Belt / Serpentine Belt,1100.0,1.0,1,Sedan,23,351994.7,57.6,67.1,1125.0,1,4,63.379000000000026,1111.5
13,Brake Service & Cleaning,800.0,1.25,1,SUV,2,33520.2,72.4,79.6,825.0,0,3,77.50200000000005,813.5
15,Replace Brake Shoes,800.0,1.0,1,SUV,2,24548.1,59.0,55.0,825.0,0,3,55.872,815.0
22,Replace Suspension Bushing,1500.0,2.5,0,Sedan,21,308504.9,154.5,296.6,3400.0,1,4,282.3009999999997,3600.0
23,Replace Tie Rod End,800.0,1.0,1,Sedan,21,280905.8,60.7,64.7,775.0,1,4,62.694999999999936,788.0
18,Wheel Alignment,900.0,1.0,1,Sedan,21,259466.3,57.1,52.7,950.0,1,4,55.179999999999964,940.75
22,Replace Suspension Bushing,1500.0,2.5,0,Sedan,8,119616.2,147.6,211.5,3475.0,1,4,199.93699999999993,3108.75
23,Replace Tie Rod End,800.0,1.0,1,Sedan,8,121377.0,59.5,59.0,800.0,0,4,59.31199999999998,797.75
18,Wheel Alignment,900.0,1.0,1,Sedan,8,114426.1,62.2,67.9,850.0,0,4,66.35099999999994,869.25
13,Brake Service & Cleaning,800.0,1.25,1,Crossover,7,108460.9,71.4,72.9,775.0,0,0,76.63499999999999,797.75
15,Replace Brake Shoes,800.0,1.0,1,Crossover,7,115156.0,57.4,61.2,775.0,0,0,59.771999999999935,781.5
1,Change Oil,650.0,0.75,1,Sedan,17,264247.9,45.6,44.0,675.0,1,4,44.659000000000006,670.25
58,General Mechanical Inspection & Check-Up,800.0,0.5,1,Sedan,17,249983.1,28.6,28.0,800.0,1,4,27.940000000000005,796.25
3,Replace Fuel Filter,550.0,0.75,1,Sedan,17,227406.7,45.0,39.6,550.0,1,4,42.56999999999997,550.5
4,Replace Air Filter,550.0,0.25,1,Sedan,17,208849.9,14.8,16.0,550.0,1,4,15.957000000000003,549.0
5,Replace Cabin Filter,200.0,0.25,1,Sedan,17,260929.5,15.0,15.8,200.0,1,4,15.92899999999998,200.0
13,Brake Service & Cleaning,800.0,1.25,1,SUV,19,244397.6,71.7,72.3,800.0,1,3,73.57500000000006,795.75
15,Replace Brake Shoes,800.0,1.0,1,SUV,19,302870.4,59.8,64.3,825.0,1,3,63.059000000000076,817.75
22,Replace Suspension Bushing,1500.0,2.5,0,Crossover,25,380921.0,154.3,305.0,3150.0,1,0,294.9619999999999,3433.75
23,Replace Tie Rod End,800.0,1.0,1,Crossover,25,349651.3,61.7,64.0,825.0,1,0,62.62500000000002,819.0
18,Wheel Alignment,900.0,1.0,1,Crossover,25,319060.6,62.8,67.7,925.0,1,0,65.36799999999992,922.5
21,Replace Shock Absorbers,1200.0,2.0,1,Crossover,25,304364.7,121.8,125.8,1250.0,1,0,129.56199999999987,1233.25
22,Replace Suspension Bushing,1500.0,2.5,0,Hatchback,8,101438.4,146.7,177.4,1950.0,1,1,175.67899999999992,1948.5
23,Replace Tie Rod End,800.0,1.0,1,Hatchback,8,106638.2,57.8,57.7,775.0,0,1,57.90599999999991,773.5
18,Wheel Alignment,900.0,1.0,1,Hatchback,8,117474.8,59.7,63.4,925.0,0,1,58.000999999999955,900.5
36,Down Clutch / Pulldown Transmission,3500.0,4.5,0,Sedan,19,233627.9,268.3,518.0,8825.0,1,4,479.61200000000025,7812.0
1,Change Oil,650.0,0.75,1,Hatchback,6,85983.4,43.5,45.8,625.0,0,1,44.647000000000006,649.0
58,General Mechanical Inspection & Check-Up,800.0,0.5,1,Hatchback,6,83856.6,29.0,31.7,800.0,0,1,31.047999999999966,806.25
36,Down Clutch / Pulldown Transmission,3500.0,4.5,0,Sedan,1,14421.4,282.8,363.5,4725.0,1,4,304.67700000000013,5271.5
22,Replace Suspension Bushing,1500.0,2.5,0,Sedan,15,188289.9,143.8,239.5,3600.0,1,4,227.60899999999998,3037.0
23,Replace Tie Rod End,800.0,1.0,1,Sedan,15,216232.6,62.2,63.4,825.0,1,4,62.99099999999995,789.5
18,Wheel Alignment,900.0,1.0,1,Sedan,15,238475.4,60.2,54.5,900.0,1,4,59.11899999999996,898.5
1,Change Oil,650.0,0.75,1,Crossover,11,130303.2,45.0,42.6,600.0,0,0,43.894999999999975,626.0
58,General Mechanical Inspection & Check-Up,800.0,0.5,1,Crossover,11,174702.1,29.9,31.4,825.0,1,0,30.52100000000003,821.5
18,Wheel Alignment,900.0,1.0,1,Crossover,11,162419.2,60.4,57.6,875.0,0,0,58.493000000000045,886.0
1,Change Oil,650.0,0.75,1,Crossover,21,249662.6,44.1,42.3,650.0,1,0,43.044000000000054,649.75
58,General Mechanical Inspection & Check-Up,800.0,0.5,1,Crossover,21,271363.1,28.7,28.6,750.0,1,0,28.87500000000003,808.75
1,Change Oil,650.0,0.75,1,Crossover,25,305542.7,44.6,42.4,625.0,1,0,42.092000000000034,634.25
58,General Mechanical Inspection & Check-Up,800.0,0.5,1,Crossover,25,365813.1,29.0,31.0,850.0,1,0,30.818000000000005,839.5
13,Brake Service & Cleaning,800.0,1.25,1,Sedan,17,258916.9,77.1,74.0,800.0,1,4,73.348,796.25
15,Replace Brake Shoes,800.0,1.0,1,Sedan,17,251987.9,62.7,65.8,775.0,1,4,67.43300000000009,780.5
18,Wheel Alignment,900.0,1.0,1,Sedan,17,237413.2,59.0,64.1,875.0,1,4,63.035000000000075,889.25
37,Air Conditioning Cleaning & Freon Charge,3500.0,3.0,0,Crossover,10,158108.8,178.9,188.1,2775.0,0,0,199.48199999999997,2944.0
13,Brake Service & Cleaning,800.0,1.25,1,Sedan,25,299388.2,73.4,67.5,800.0,1,4,70.96300000000001,795.0
15,Replace Brake Shoes,800.0,1.0,1,Sedan,25,391489.3,57.5,64.7,825.0,1,4,62.82199999999995,821.5
13,Brake Service & Cleaning,800.0,1.25,1,Van,17,264062.3,73.1,80.0,825.0,1,5,76.93800000000002,821.0
15,Replace Brake Shoes,800.0,1.0,1,Van,17,211901.2,58.4,61.8,800.0,1,5,60.86700000000007,803.75
53,Top Overhaul,15000.0,14.0,0,Sedan,12,151574.3,876.8,1274.2,20225.0,1,4,1180.851999999999,21179.25
12,Replace Spark Plugs,300.0,0.5,1,Sedan,12,151276.2,29.8,27.7,300.0,0,4,27.916999999999984,304.0
36,Down Clutch / Pulldown Transmission,3500.0,4.5,0,Sedan,14,219438.6,276.3,405.9,4525.0,1,4,423.34400000000045,5144.0
1,Change Oil,650.0,0.75,1,Sedan,15,194603.4,46.0,42.8,675.0,1,4,44.06900000000005,662.25
58,General Mechanical Inspection & Check-Up,800.0,0.5,1,Sedan,15,202559.1,31.3,34.9,800.0,1,4,34.43900000000005,796.0
3,Replace Fuel Filter,550.0,0.75,1,Sedan,15,207656.5,43.5,48.6,500.0,1,4,47.913999999999994,515.0
5,Replace Cabin Filter,200.0,0.25,1,Sedan,15,182123.7,15.4,17.0,200.0,1,4,16.63,200.0
53,Top Overhaul,15000.0,14.0,0,Crossover,3,42149.1,844.8,1022.5,24825.0,1,0,1000.1870000000001,21288.75
12,Replace Spark Plugs,300.0,0.5,1,Crossover,3,36658.0,31.2,34.4,300.0,0,0,32.573000000000036,301.25
1,Change Oil,650.0,0.75,1,Hatchback,20,290632.7,46.4,43.4,675.0,1,1,45.48700000000005,658.25
58,General Mechanical Inspection & Check-Up,800.0,0.5,1,Hatchback,20,286530.3,29.6,28.3,800.0,1,1,29.300000000000008,819.5
3,Replace Fuel Filter,550.0,0.75,1,Hatchback,20,309350.2,45.7,40.3,525.0,1,1,41.815000000000055,534.5
4,Replace Air Filter,550.0,0.25,1,Hatchback,20,290236.4,15.1,16.1,550.0,1,1,15.99099999999998,552.0
5,Replace Cabin Filter,200.0,0.25,1,Hatchback,20,260308.9,15.2,15.5,200.0,1,1,15.553999999999998,200.0
51,Replace Valve Cover Gasket,1200.0,1.75,0,SUV,3,49451.9,109.2,94.4,1150.0,0,3,105.90799999999992,1377.0
48,Replace Fan Belt / Serpentine Belt,1100.0,1.0,1,SUV,3,40759.0,58.7,63.0,1075.0,0,3,62.079999999999984,1098.25
13,Brake Service & Cleaning,800.0,1.25,1,Crossover,4,52926.7,72.5,71.0,800.0,0,0,72.46700000000001,806.75
14,Replace Brake Pads,600.0,1.0,1,Crossover,4,57309.1,62.3,62.6,575.0,0,0,63.132,618.5
18,Wheel Alignment,900.0,1.0,1,Crossover,4,61881.7,61.6,73.0,900.0,0,0,68.03999999999999,900.5
36,Down Clutch / Pulldown Transmission,3500.0,4.5,0,Van,5,72071.1,267.4,341.6,4000.0,1,5,338.34699999999975,4636.5
1,Change Oil,650.0,0.75,1,SUV,4,58570.8,44.3,52.8,650.0,0,3,50.19500000000004,653.75
58,General Mechanical Inspection & Check-Up,800.0,0.5,1,SUV,4,58977.8,31.1,31.3,775.0,0,3,30.291000000000032,780.5
13,Brake Service & Cleaning,800.0,1.25,1,Crossover,20,276578.6,73.1,79.7,800.0,1,0,79.54999999999995,802.75
15,Replace Brake Shoes,800.0,1.0,1,Crossover,20,280293.7,63.0,63.0,800.0,1,0,64.50500000000004,806.5
1,Change Oil,650.0,0.75,1,Sedan,23,370893.2,43.2,48.2,650.0,1,4,44.530000000000015,677.0
58,General Mechanical Inspection & Check-Up,800.0,0.5,1,Sedan,23,280735.3,29.3,28.9,825.0,1,4,29.52300000000001,799.25
1,Change Oil,650.0,0.75,1,Crossover,20,298705.3,43.7,44.3,650.0,1,0,43.702000000000055,650.5
58,General Mechanical Inspection & Check-Up,800.0,0.5,1,Crossover,20,268652.2,30.9,37.1,775.0,1,0,35.79099999999997,789.0
13,Brake Service & Cleaning,800.0,1.25,1,Hatchback,11,164340.5,74.4,70.2,775.0,0,1,74.66499999999996,795.75
14,Replace Brake Pads,600.0,1.0,1,Hatchback,11,156431.4,59.6,62.0,600.0,1,1,63.00899999999997,608.75
13,Brake Service & Cleaning,800.0,1.25,1,SUV,2,23270.3,74.3,78.4,775.0,0,3,78.08599999999991,779.25
14,Replace Brake Pads,600.0,1.0,1,SUV,2,27807.6,60.2,59.1,600.0,0,3,58.58800000000003,599.5
18,Wheel Alignment,900.0,1.0,1,SUV,2,31681.8,59.5,60.7,875.0,0,3,61.84299999999995,885.25
51,Replace Valve Cover Gasket,1200.0,1.75,0,Crossover,15,215515.1,107.2,154.7,2000.0,1,0,162.24600000000027,1946.5
48,Replace Fan Belt / Serpentine Belt,1100.0,1.0,1,Crossover,15,235957.0,57.8,52.0,1100.0,1,0,57.09599999999996,1090.5
36,Down Clutch / Pulldown Transmission,3500.0,4.5,0,Van,11,133874.8,260.4,383.4,6125.0,1,5,376.4090000000005,5636.0
1,Change Oil,650.0,0.75,1,Sedan,12,146024.2,46.4,48.8,625.0,1,4,47.76100000000006,631.5
58,General Mechanical Inspection & Check-Up,800.0,0.5,1,Sedan,12,162783.6,29.4,29.8,800.0,1,4,29.949000000000016,806.0
3,Replace Fuel Filter,550.0,0.75,1,Sedan,12,153591.1,45.7,55.5,550.0,1,4,51.72800000000002,547.25
4,Replace Air Filter,550.0,0.25,1,Sedan,12,192880.9,15.0,16.2,550.0,1,4,16.108000000000015,548.75
13,Brake Service & Cleaning,800.0,1.25,1,Hatchback,25,382036.5,73.0,74.6,750.0,1,1,82.30500000000005,793.25
15,Replace Brake Shoes,800.0,1.0,1,Hatchback,25,375946.8,57.4,62.5,825.0,1,1,62.21800000000002,819.0
22,Replace Suspension Bushing,1500.0,2.5,0,Sedan,3,43107.6,148.9,226.4,2075.0,1,4,208.7930000000001,2192.75
23,Replace Tie Rod End,800.0,1.0,1,Sedan,3,48044.5,58.9,56.4,825.0,0,4,56.897999999999975,808.25
18,Wheel Alignment,900.0,1.0,1,Sedan,3,46916.8,61.3,55.9,900.0,0,4,57.36099999999996,898.0
1,Change Oil,650.0,0.75,1,Sedan,19,253747.0,43.5,41.4,675.0,1,4,41.94700000000001,663.75
58,General Mechanical Inspection & Check-Up,800.0,0.5,1,Sedan,19,262532.9,31.4,30.2,800.0,1,4,33.77100000000001,795.25
36,Down Clutch / Pulldown Transmission,3500.0,4.5,0,Van,3,39757.7,272.7,241.2,2425.0,0,5,271.92900000000014,3274.0
1,Change Oil,650.0,0.75,1,Van,3,38362.3,45.0,41.4,650.0,0,5,42.974000000000025,646.0
36,Down Clutch / Pulldown Transmission,3500.0,4.5,0,SUV,24,309393.7,282.4,493.2,7025.0,1,3,512.212,7543.75
13,Brake Service & Cleaning,800.0,1.25,1,Pickup,15,197382.6,74.9,82.1,800.0,1,2,79.6720000000001,794.75
15,Replace Brake Shoes,800.0,1.0,1,Pickup,15,195317.0,61.8,61.7,775.0,1,2,64.66700000000002,790.25
1,Change Oil,650.0,0.75,1,Sedan,3,36353.2,43.9,37.4,675.0,0,4,39.415000000000056,668.25
58,General Mechanical Inspection & Check-Up,800.0,0.5,1,Sedan,3,44015.6,31.4,33.9,775.0,0,4,32.72700000000001,800.75
18,Wheel Alignment,900.0,1.0,1,Sedan,3,36927.7,62.1,68.7,875.0,0,4,65.81499999999994,881.25
22,Replace Suspension Bushing,1500.0,2.5,0,Sedan,10,143790.6,149.9,197.1,2200.0,1,4,190.54999999999995,2303.75
23,Replace Tie Rod End,800.0,1.0,1,Sedan,10,153372.8,57.3,60.4,775.0,0,4,59.302999999999955,783.0
18,Wheel Alignment,900.0,1.0,1,Sedan,10,137737.4,57.8,54.0,900.0,0,4,54.62499999999997,901.25
21,Replace Shock Absorbers,1200.0,2.0,1,Sedan,10,143991.8,117.1,121.8,1200.0,1,4,120.58599999999993,1199.5
1,Change Oil,650.0,0.75,1,Pickup,5,79670.6,44.6,44.6,650.0,0,2,45.80499999999999,650.75
58,General Mechanical Inspection & Check-Up,800.0,0.5,1,Pickup,5,74033.7,29.5,33.2,825.0,0,2,31.762999999999963,816.25
1,Change Oil,650.0,0.75,1,Sedan,14,200470.4,45.3,43.9,650.0,1,4,43.486,657.0
58,General Mechanical Inspection & Check-Up,800.0,0.5,1,Sedan,14,220250.4,28.7,28.4,825.0,1,4,28.748000000000026,823.0
18,Wheel Alignment,900.0,1.0,1,Sedan,14,203693.7,59.3,56.6,875.0,1,4,58.34900000000005,885.5
1,Change Oil,650.0,0.75,1,Sedan,24,331792.6,45.1,55.6,650.0,1,4,52.27000000000001,644.25
58,General Mechanical Inspection & Check-Up,800.0,0.5,1,Sedan,24,371978.0,30.2,29.8,825.0,1,4,30.88700000000002,810.0
3,Replace Fuel Filter,550.0,0.75,1,Sedan,24,367371.6,46.0,47.6,550.0,1,4,47.511999999999986,548.5
4,Replace Air Filter,550.0,0.25,1,Sedan,24,325730.3,15.6,15.3,550.0,1,4,15.751999999999985,549.25
36,Down Clutch / Pulldown Transmission,3500.0,4.5,0,Crossover,5,75060.3,259.9,410.2,7425.0,1,0,385.7190000000001,6984.0
2,Change ATF / Transmission Fluid,650.0,0.75,1,Crossover,5,75737.2,46.6,44.9,675.0,0,0,44.79700000000002,669.5
36,Down Clutch / Pulldown Transmission,3500.0,4.5,0,Sedan,21,302944.9,266.0,446.4,7075.0,1,4,448.2090000000007,6867.0
13,Brake Service & Cleaning,800.0,1.25,1,Sedan,21,281165.5,75.6,74.1,800.0,1,4,77.98399999999997,796.25
15,Replace Brake Shoes,800.0,1.0,1,Sedan,21,284386.4,61.1,66.9,825.0,1,4,65.82599999999992,817.5
16,Rotor Disc Refacing / Resurfacing,2500.0,2.0,1,Sedan,21,274417.4,117.3,117.0,2500.0,1,4,122.988,2554.5
1,Change Oil,650.0,0.75,1,Crossover,20,250390.6,45.4,48.9,650.0,1,0,47.50200000000001,649.0
58,General Mechanical Inspection & Check-Up,800.0,0.5,1,Crossover,20,307262.4,30.3,34.4,825.0,1,0,33.00900000000002,817.5
3,Replace Fuel Filter,550.0,0.75,1,Crossover,20,292496.2,47.2,51.4,550.0,1,0,50.91399999999998,545.0
4,Replace Air Filter,550.0,0.25,1,Crossover,20,307600.3,14.4,17.3,500.0,1,0,15.703999999999992,546.75
5,Replace Cabin Filter,200.0,0.25,1,Crossover,20,307103.7,15.1,15.0,200.0,1,0,15.375999999999998,200.0
13,Brake Service & Cleaning,800.0,1.25,1,Hatchback,25,367286.1,72.4,83.2,850.0,1,1,79.74399999999996,827.75
14,Replace Brake Pads,600.0,1.0,1,Hatchback,25,313023.5,62.9,57.3,600.0,1,1,60.44000000000006,598.75
22,Replace Suspension Bushing,1500.0,2.5,0,Sedan,15,193958.3,151.6,214.9,1800.0,1,4,216.55300000000003,1815.25
23,Replace Tie Rod End,800.0,1.0,1,Sedan,15,233672.5,58.9,49.3,775.0,0,4,53.63400000000007,781.0
18,Wheel Alignment,900.0,1.0,1,Sedan,15,238895.0,58.8,61.6,900.0,1,4,60.26100000000006,902.25
21,Replace Shock Absorbers,1200.0,2.0,1,Sedan,15,234043.2,120.9,131.0,1175.0,1,4,129.63299999999995,1187.75
22,Replace Suspension Bushing,1500.0,2.5,0,Van,3,38406.5,147.6,202.8,2275.0,1,5,192.752,2296.0
23,Replace Tie Rod End,800.0,1.0,1,Van,3,49137.4,62.1,64.1,750.0,0,5,63.01599999999997,803.0
18,Wheel Alignment,900.0,1.0,1,Van,3,36557.8,60.3,66.3,950.0,0,5,63.77000000000005,924.5
13,Brake Service & Cleaning,800.0,1.25,1,Sedan,6,92098.1,71.8,74.6,775.0,0,4,73.8150000000001,782.5
15,Replace Brake Shoes,800.0,1.0,1,Sedan,6,74634.9,59.6,51.6,825.0,0,4,53.900000000000006,812.75
16,Rotor Disc Refacing / Resurfacing,2500.0,2.0,1,Sedan,6,92659.4,118.0,127.3,2600.0,0,4,123.21999999999991,2603.75
22,Replace Suspension Bushing,1500.0,2.5,0,Sedan,7,104043.0,142.7,160.9,1900.0,1,4,176.01299999999995,1696.75
23,Replace Tie Rod End,800.0,1.0,1,Sedan,7,116026.9,60.5,57.9,775.0,0,4,56.492,784.25
18,Wheel Alignment,900.0,1.0,1,Sedan,7,94726.2,58.8,54.0,900.0,0,4,60.23499999999999,889.5
22,Replace Suspension Bushing,1500.0,2.5,0,Sedan,23,362352.6,156.5,281.6,3300.0,1,4,275.64,3309.25
23,Replace Tie Rod End,800.0,1.0,1,Sedan,23,343360.4,60.8,55.8,775.0,1,4,60.60600000000002,801.75
18,Wheel Alignment,900.0,1.0,1,Sedan,23,330672.8,60.5,57.5,850.0,1,4,57.99599999999999,867.25
22,Replace Suspension Bushing,1500.0,2.5,0,Sedan,24,291733.8,146.3,233.2,3600.0,1,4,247.40700000000027,3161.75
23,Replace Tie Rod End,800.0,1.0,1,Sedan,24,372973.3,58.8,48.8,800.0,1,4,60.578999999999986,817.25
18,Wheel Alignment,900.0,1.0,1,Sedan,24,338661.8,63.0,54.8,875.0,1,4,63.937999999999946,907.5
21,Replace Shock Absorbers,1200.0,2.0,1,Sedan,24,355910.8,124.0,143.9,1175.0,1,4,142.39399999999986,1260.25
53,Top Overhaul,15000.0,14.0,0,Crossover,19,242166.0,859.8,1360.7,26925.0,1,0,1333.8009999999992,25430.0
36,Down Clutch / Pulldown Transmission,3500.0,4.5,0,SUV,6,87279.9,263.4,310.6,5000.0,1,3,326.43299999999954,5281.5
13,Brake Service & Cleaning,800.0,1.25,1,Sedan,24,328561.0,78.4,88.3,800.0,1,4,86.99000000000007,810.25
15,Replace Brake Shoes,800.0,1.0,1,Sedan,24,336054.5,58.9,62.9,800.0,1,4,61.81499999999996,804.0
18,Wheel Alignment,900.0,1.0,1,Sedan,24,368445.1,58.3,61.4,925.0,1,4,61.52499999999993,919.0
36,Down Clutch / Pulldown Transmission,3500.0,4.5,0,Sedan,16,218692.0,269.0,425.0,6100.0,1,4,424.3860000000001,5999.5
13,Brake Service & Cleaning,800.0,1.25,1,Crossover,14,166421.3,77.9,76.5,825.0,1,0,77.353,817.25
15,Replace Brake Shoes,800.0,1.0,1,Crossover,14,196770.4,61.4,66.0,825.0,1,0,64.31900000000002,816.25
22,Replace Suspension Bushing,1500.0,2.5,0,Sedan,9,131672.6,147.6,146.3,1400.0,0,4,159.4869999999998,1773.25
23,Replace Tie Rod End,800.0,1.0,1,Sedan,9,134459.4,57.8,60.2,800.0,0,4,58.87899999999993,799.25
18,Wheel Alignment,900.0,1.0,1,Sedan,9,119089.8,59.6,60.7,875.0,0,4,60.385999999999925,880.75
21,Replace Shock Absorbers,1200.0,2.0,1,Sedan,9,134949.8,124.5,122.2,1200.0,0,4,122.12900000000008,1198.0
13,Brake Service & Cleaning,800.0,1.25,1,SUV,11,173125.4,75.6,73.3,825.0,1,3,75.5550000000001,822.75
15,Replace Brake Shoes,800.0,1.0,1,SUV,11,160271.7,58.7,61.4,800.0,1,3,61.550999999999924,802.0
13,Brake Service & Cleaning,800.0,1.25,1,Pickup,25,326591.2,78.3,95.6,850.0,1,2,89.6270000000001,828.25
15,Replace Brake Shoes,800.0,1.0,1,Pickup,25,345339.9,59.9,61.9,800.0,1,2,62.102999999999945,806.25
1,Change Oil,650.0,0.75,1,Van,25,399984.4,46.8,55.6,650.0,1,5,52.47100000000003,648.5
58,General Mechanical Inspection & Check-Up,800.0,0.5,1,Van,25,389615.0,31.4,36.5,775.0,1,5,35.286,782.0
22,Replace Suspension Bushing,1500.0,2.5,0,Van,7,111232.2,146.2,193.2,2700.0,1,5,200.01400000000015,2684.0
25,Replace Tie Rod & Rack End,1000.0,1.5,1,Van,7,96615.5,90.5,83.1,1025.0,0,5,87.27200000000012,998.5
18,Wheel Alignment,900.0,1.0,1,Van,7,100501.3,59.4,68.9,900.0,1,5,64.90999999999997,899.0
21,Replace Shock Absorbers,1200.0,2.0,1,Van,7,95126.0,118.9,131.8,1125.0,0,5,124.89999999999985,1159.75
37,Air Conditioning Cleaning & Freon Charge,3500.0,3.0,0,Sedan,8,114854.0,173.4,190.0,3175.0,0,4,216.05599999999995,3307.5
1,Change Oil,650.0,0.75,1,Hatchback,25,319738.0,45.5,42.6,675.0,1,1,46.598,650.25
58,General Mechanical Inspection & Check-Up,800.0,0.5,1,Hatchback,25,394191.2,30.8,32.4,800.0,1,1,32.52900000000003,805.0
22,Replace Suspension Bushing,1500.0,2.5,0,Hatchback,6,97792.4,145.1,159.2,2175.0,1,1,166.90700000000012,2188.5
23,Replace Tie Rod End,800.0,1.0,1,Hatchback,6,84622.1,57.2,57.5,800.0,0,1,58.492,804.75
18,Wheel Alignment,900.0,1.0,1,Hatchback,6,74811.1,61.8,62.5,900.0,0,1,62.29500000000001,898.0
21,Replace Shock Absorbers,1200.0,2.0,1,Hatchback,6,82606.3,115.4,128.7,1225.0,0,1,124.08300000000014,1216.5
1,Change Oil,650.0,0.75,1,Sedan,15,227723.7,42.8,46.1,675.0,1,4,46.263999999999996,672.0
58,General Mechanical Inspection & Check-Up,800.0,0.5,1,Sedan,15,237496.0,30.3,32.7,800.0,1,4,30.466000000000008,810.0
18,Wheel Alignment,900.0,1.0,1,Sedan,15,186079.6,61.1,64.2,925.0,1,4,64.43699999999988,925.5
22,Replace Suspension Bushing,1500.0,2.5,0,Crossover,16,257416.6,143.5,217.4,3100.0,1,0,225.96200000000016,2843.25
23,Replace Tie Rod End,800.0,1.0,1,Crossover,16,215062.0,62.5,64.7,775.0,1,0,64.63799999999993,790.25
18,Wheel Alignment,900.0,1.0,1,Crossover,16,224518.5,62.4,62.8,925.0,1,0,63.675000000000054,921.75
53,Top Overhaul,15000.0,14.0,0,Sedan,17,264531.9,859.9,1216.5,27325.0,1,4,1276.8949999999995,25407.25
22,Replace Suspension Bushing,1500.0,2.5,0,Sedan,14,220867.6,153.5,229.9,2100.0,1,4,235.38000000000008,2241.0
23,Replace Tie Rod End,800.0,1.0,1,Sedan,14,175080.6,61.1,68.4,775.0,1,4,66.61499999999992,785.5
18,Wheel Alignment,900.0,1.0,1,Sedan,14,211274.8,60.0,61.1,925.0,1,4,60.50900000000002,917.0
36,Down Clutch / Pulldown Transmission,3500.0,4.5,0,Hatchback,25,342618.5,264.8,496.1,5650.0,1,1,482.12199999999996,6561.25
37,Air Conditioning Cleaning & Freon Charge,3500.0,3.0,0,SUV,8,102907.2,184.9,207.2,2200.0,0,3,221.3380000000003,2741.25
58,General Mechanical Inspection & Check-Up,800.0,0.5,1,SUV,8,106483.0,28.9,30.5,725.0,0,3,30.306000000000008,750.25
22,Replace Suspension Bushing,1500.0,2.5,0,SUV,9,135978.7,154.7,208.9,2350.0,1,3,196.53499999999997,2791.75
23,Replace Tie Rod End,800.0,1.0,1,SUV,9,114983.0,58.7,60.9,750.0,0,3,58.40399999999999,777.25
18,Wheel Alignment,900.0,1.0,1,SUV,9,131847.7,61.3,56.4,875.0,0,3,59.78399999999996,883.5
21,Replace Shock Absorbers,1200.0,2.0,1,SUV,9,122791.1,115.0,123.1,1200.0,0,3,119.5340000000001,1199.5
36,Down Clutch / Pulldown Transmission,3500.0,4.5,0,Sedan,24,353410.8,279.4,544.0,8375.0,1,4,537.7100000000003,7948.75
1,Change Oil,650.0,0.75,1,Hatchback,21,321158.0,43.7,54.9,675.0,1,1,51.288000000000004,664.25
58,General Mechanical Inspection & Check-Up,800.0,0.5,1,Hatchback,21,299565.4,31.3,31.2,800.0,1,1,31.892999999999965,800.25
37,Air Conditioning Cleaning & Freon Charge,3500.0,3.0,0,Van,16,229688.5,180.1,264.0,4125.0,1,5,289.928,4241.0
13,Brake Service & Cleaning,800.0,1.25,1,Pickup,6,82571.0,72.5,66.4,775.0,0,2,70.03199999999997,782.5
15,Replace Brake Shoes,800.0,1.0,1,Pickup,6,84604.9,59.2,56.0,800.0,0,2,60.02799999999996,800.75
1,Change Oil,650.0,0.75,1,Van,20,304210.0,45.7,43.4,675.0,1,5,43.99100000000004,665.75
58,General Mechanical Inspection & Check-Up,800.0,0.5,1,Van,20,313784.9,29.8,28.6,825.0,1,5,28.730999999999973,817.0
18,Wheel Alignment,900.0,1.0,1,Van,20,272542.6,61.2,60.8,950.0,1,5,64.16899999999997,900.25
36,Down Clutch / Pulldown Transmission,3500.0,4.5,0,SUV,25,371672.0,262.2,495.3,6825.0,1,3,480.2470000000002,6606.25
13,Brake Service & Cleaning,800.0,1.25,1,Crossover,25,332052.7,76.3,85.2,800.0,1,0,79.77299999999995,805.25
15,Replace Brake Shoes,800.0,1.0,1,Crossover,25,371932.1,63.0,67.1,800.0,1,0,65.39800000000005,804.25
53,Top Overhaul,15000.0,14.0,0,Sedan,16,239808.4,807.4,1393.5,25775.0,1,4,1381.9089999999994,24769.25
36,Down Clutch / Pulldown Transmission,3500.0,4.5,0,Sedan,25,316182.7,277.8,498.5,6300.0,1,4,482.2729999999999,6399.75
22,Replace Suspension Bushing,1500.0,2.5,0,Sedan,25,389362.6,150.3,270.3,2500.0,1,4,269.23299999999983,2739.0
23,Replace Tie Rod End,800.0,1.0,1,Sedan,25,318102.5,60.0,67.9,800.0,1,4,61.379999999999974,799.75
18,Wheel Alignment,900.0,1.0,1,Sedan,25,381693.0,61.7,67.0,875.0,1,4,57.43800000000006,887.0
1,Change Oil,650.0,0.75,1,Sedan,5,74581.0,44.1,38.4,675.0,0,4,41.87300000000004,666.25
58,General Mechanical Inspection & Check-Up,800.0,0.5,1,Sedan,5,77093.2,31.2,31.1,750.0,0,4,33.46900000000002,806.5
22,Replace Suspension Bushing,1500.0,2.5,0,Hatchback,23,333859.7,157.5,304.1,2475.0,1,1,287.8059999999996,2955.25
23,Replace Tie Rod End,800.0,1.0,1,Hatchback,23,305884.3,57.1,54.1,725.0,1,1,55.23600000000002,757.75
18,Wheel Alignment,900.0,1.0,1,Hatchback,23,282006.5,58.8,51.5,925.0,1,1,54.81900000000002,925.25
21,Replace Shock Absorbers,1200.0,2.0,1,Hatchback,23,291669.6,116.8,106.0,1200.0,1,1,111.50900000000003,1219.75
1,Change Oil,650.0,0.75,1,Sedan,3,39146.8,45.8,45.1,650.0,0,4,45.04799999999997,648.25
58,General Mechanical Inspection & Check-Up,800.0,0.5,1,Sedan,3,37535.0,30.3,31.4,750.0,0,4,31.132000000000026,768.25
3,Replace Fuel Filter,550.0,0.75,1,Sedan,3,49226.1,45.2,39.7,575.0,0,4,41.09699999999994,563.25
4,Replace Air Filter,550.0,0.25,1,Sedan,3,52492.4,14.7,15.0,575.0,0,4,15.157,569.0
5,Replace Cabin Filter,200.0,0.25,1,Sedan,3,51641.6,14.5,15.0,200.0,0,4,15.154000000000002,200.0
13,Brake Service & Cleaning,800.0,1.25,1,Sedan,22,289031.9,76.7,73.2,825.0,1,4,75.26299999999992,819.25
15,Replace Brake Shoes,800.0,1.0,1,Sedan,22,271282.2,59.3,57.6,800.0,1,4,58.14000000000007,798.25
18,Wheel Alignment,900.0,1.0,1,Sedan,22,353719.3,58.9,57.5,850.0,1,4,59.44400000000002,873.75
1,Change Oil,650.0,0.75,1,Sedan,17,243487.5,43.6,43.0,650.0,1,4,43.66699999999999,650.5
58,General Mechanical Inspection & Check-Up,800.0,0.5,1,Sedan,17,236179.8,30.5,34.3,775.0,1,4,31.75900000000003,796.5
1,Change Oil,650.0,0.75,1,Pickup,25,306531.7,44.9,37.7,650.0,1,2,40.785999999999945,646.75
58,General Mechanical Inspection & Check-Up,800.0,0.5,1,Pickup,25,350472.2,31.2,30.9,825.0,1,2,31.561,784.75
3,Replace Fuel Filter,550.0,0.75,1,Pickup,25,307054.7,44.1,49.3,550.0,1,2,43.853,548.25
4,Replace Air Filter,550.0,0.25,1,Pickup,25,393033.8,14.3,15.0,500.0,1,2,16.136999999999993,541.0
5,Replace Cabin Filter,200.0,0.25,1,Pickup,25,303869.9,14.5,15.0,225.0,1,2,15.425000000000002,200.0
22,Replace Suspension Bushing,1500.0,2.5,0,Sedan,1,14541.3,156.8,176.6,1600.0,0,4,176.52000000000007,1617.0
25,Replace Tie Rod & Rack End,1000.0,1.5,1,Sedan,1,17183.0,93.9,90.8,925.0,0,4,93.84800000000004,944.75
18,Wheel Alignment,900.0,1.0,1,Sedan,1,15271.1,58.7,60.6,875.0,0,4,62.00599999999998,893.25
21,Replace Shock Absorbers,1200.0,2.0,1,Sedan,1,10115.6,122.4,113.3,1225.0,0,4,121.1359999999999,1215.0
22,Replace Suspension Bushing,1500.0,2.5,0,Sedan,24,337429.9,150.4,229.9,2300.0,1,4,250.32700000000014,2728.75
23,Replace Tie Rod End,800.0,1.0,1,Sedan,24,353806.2,61.0,61.9,775.0,1,4,64.07799999999999,789.0
18,Wheel Alignment,900.0,1.0,1,Sedan,24,369747.1,62.9,63.2,925.0,1,4,63.21099999999991,920.25
21,Replace Shock Absorbers,1200.0,2.0,1,Sedan,24,369531.1,119.3,133.7,1225.0,1,4,131.22300000000013,1214.75
1,Change Oil,650.0,0.75,1,Crossover,3,39116.5,43.6,40.0,625.0,0,0,40.49100000000002,637.5
58,General Mechanical Inspection & Check-Up,800.0,0.5,1,Crossover,3,40972.5,28.8,30.8,800.0,0,0,28.46300000000003,829.5
22,Replace Suspension Bushing,1500.0,2.5,0,Sedan,25,318869.0,153.5,322.6,2950.0,1,4,300.76899999999966,3374.75
23,Replace Tie Rod End,800.0,1.0,1,Sedan,25,379062.7,60.0,64.8,850.0,1,4,63.64600000000008,840.25
18,Wheel Alignment,900.0,1.0,1,Sedan,25,379217.4,61.1,51.3,925.0,1,4,55.83600000000007,918.0
36,Down Clutch / Pulldown Transmission,3500.0,4.5,0,Sedan,25,337098.3,280.6,585.9,6475.0,1,4,552.2710000000008,6718.75
1,Change Oil,650.0,0.75,1,Crossover,25,336546.8,43.0,43.4,650.0,1,0,43.61000000000003,650.0
58,General Mechanical Inspection & Check-Up,800.0,0.5,1,Crossover,25,338057.0,30.7,32.2,750.0,1,0,32.75100000000001,819.75
18,Wheel Alignment,900.0,1.0,1,Crossover,25,311192.8,62.7,61.4,925.0,1,0,62.70299999999994,920.75
13,Brake Service & Cleaning,800.0,1.25,1,Van,19,258522.2,77.2,72.0,800.0,1,5,73.30900000000001,803.75
14,Replace Brake Pads,600.0,1.0,1,Van,19,284322.9,58.6,59.6,550.0,1,5,59.63600000000004,569.25
36,Down Clutch / Pulldown Transmission,3500.0,4.5,0,Crossover,9,118496.9,267.3,420.1,6050.0,1,0,400.1269999999994,5896.5
1,Change Oil,650.0,0.75,1,Sedan,20,306521.9,43.7,47.7,675.0,1,4,47.10199999999993,666.75
58,General Mechanical Inspection & Check-Up,800.0,0.5,1,Sedan,20,266446.0,28.8,30.3,800.0,1,4,29.91000000000003,801.25
3,Replace Fuel Filter,550.0,0.75,1,Sedan,20,295260.8,44.7,45.0,550.0,1,4,44.972,548.0
4,Replace Air Filter,550.0,0.25,1,Sedan,20,299352.0,14.7,16.2,550.0,1,4,16.149000000000015,549.75
5,Replace Cabin Filter,200.0,0.25,1,Sedan,20,243817.8,14.5,15.0,200.0,1,4,15.560999999999996,200.0
51,Replace Valve Cover Gasket,1200.0,1.75,0,Van,21,306564.2,101.8,169.0,1650.0,1,5,174.69,2063.5
48,Replace Fan Belt / Serpentine Belt,1100.0,1.0,1,Van,21,294135.4,58.9,58.6,1075.0,1,5,58.75000000000006,1075.75
13,Brake Service & Cleaning,800.0,1.25,1,Van,21,313641.2,75.2,68.8,800.0,1,5,77.94499999999998,801.5
15,Replace Brake Shoes,800.0,1.0,1,Van,21,273240.4,58.5,60.2,775.0,1,5,59.60500000000004,795.75
51,Replace Valve Cover Gasket,1200.0,1.75,0,Sedan,1,21535.1,101.8,133.3,1550.0,1,4,124.70799999999983,1586.5
48,Replace Fan Belt / Serpentine Belt,1100.0,1.0,1,Sedan,1,12556.0,58.6,63.1,1075.0,0,4,61.92500000000004,1086.0
1,Change Oil,650.0,0.75,1,Sedan,1,16049.7,45.9,42.8,650.0,0,4,44.50900000000007,646.75
36,Down Clutch / Pulldown Transmission,3500.0,4.5,0,SUV,21,287984.1,282.1,488.1,8075.0,1,3,502.6640000000001,7275.5
2,Change ATF / Transmission Fluid,650.0,0.75,1,SUV,21,281237.3,42.9,47.0,650.0,1,3,46.08000000000001,646.0
36,Down Clutch / Pulldown Transmission,3500.0,4.5,0,Pickup,16,228309.8,264.2,374.2,4000.0,1,2,393.95200000000006,4976.75
1,Change Oil,650.0,0.75,1,Van,23,360446.3,44.7,49.5,650.0,1,5,48.40199999999999,646.75
58,General Mechanical Inspection & Check-Up,800.0,0.5,1,Van,23,317451.5,29.2,30.3,850.0,1,5,30.051000000000016,824.5
22,Replace Suspension Bushing,1500.0,2.5,0,Hatchback,3,50857.9,145.7,194.3,3450.0,1,1,190.46799999999976,2996.25
23,Replace Tie Rod End,800.0,1.0,1,Hatchback,3,37397.2,57.0,48.8,775.0,0,1,51.206000000000074,780.75
18,Wheel Alignment,900.0,1.0,1,Hatchback,3,40103.5,62.2,59.3,875.0,0,1,60.67700000000006,883.0
21,Replace Shock Absorbers,1200.0,2.0,1,Hatchback,3,43253.6,116.6,111.7,1175.0,0,1,114.1010000000001,1172.75
51,Replace Valve Cover Gasket,1200.0,1.75,0,Hatchback,12,183497.2,104.6,170.4,1625.0,1,1,170.50999999999988,1716.25
48,Replace Fan Belt / Serpentine Belt,1100.0,1.0,1,Hatchback,12,158197.5,61.9,60.4,1075.0,1,1,60.69399999999997,1078.5
1,Change Oil,650.0,0.75,1,Hatchback,12,146830.7,46.1,52.5,650.0,1,1,50.455999999999996,645.0
1,Change Oil,650.0,0.75,1,Sedan,25,377485.5,45.8,42.6,675.0,1,4,44.09699999999995,675.5
58,General Mechanical Inspection & Check-Up,800.0,0.5,1,Sedan,25,374098.2,29.4,28.2,800.0,1,4,29.502999999999993,800.75
13,Brake Service & Cleaning,800.0,1.25,1,Sedan,18,256403.8,72.9,69.1,775.0,1,4,71.1970000000001,781.5
14,Replace Brake Pads,600.0,1.0,1,Sedan,18,284966.7,60.5,60.5,600.0,1,4,59.77500000000002,594.25
22,Replace Suspension Bushing,1500.0,2.5,0,Sedan,18,266543.6,157.3,272.8,2750.0,1,4,271.71499999999963,2870.25
23,Replace Tie Rod End,800.0,1.0,1,Sedan,18,237676.8,59.5,59.9,825.0,1,4,60.495999999999995,810.0
18,Wheel Alignment,900.0,1.0,1,Sedan,18,262638.7,59.4,53.2,925.0,1,4,55.266999999999925,927.25
36,Down Clutch / Pulldown Transmission,3500.0,4.5,0,Sedan,23,316179.6,281.8,582.6,7750.0,1,4,551.0789999999996,7702.75
1,Change Oil,650.0,0.75,1,Sedan,23,281952.1,45.0,44.7,650.0,1,4,44.963999999999935,648.25
51,Replace Valve Cover Gasket,1200.0,1.75,0,Crossover,19,249787.9,105.8,180.3,2375.0,1,0,180.385,2079.25
48,Replace Fan Belt / Serpentine Belt,1100.0,1.0,1,Crossover,19,266614.5,61.7,61.2,1100.0,1,0,63.02099999999994,1087.5
36,Down Clutch / Pulldown Transmission,3500.0,4.5,0,Crossover,2,31685.0,277.8,353.7,4700.0,1,0,319.3960000000002,5056.25
2,Change ATF / Transmission Fluid,650.0,0.75,1,Crossover,2,33827.7,43.3,42.3,675.0,0,0,42.18500000000007,669.25
53,Top Overhaul,15000.0,14.0,0,Crossover,7,113206.9,856.5,962.6,21825.0,1,0,1016.7090000000005,22796.25
13,Brake Service & Cleaning,800.0,1.25,1,SUV,9,120707.8,76.0,82.4,825.0,1,3,76.74699999999999,793.5
15,Replace Brake Shoes,800.0,1.0,1,SUV,9,116564.6,61.7,75.8,750.0,1,3,70.74700000000009,767.0
16,Rotor Disc Refacing / Resurfacing,2500.0,2.0,1,SUV,9,139357.3,118.9,129.1,2425.0,0,3,124.93900000000019,2481.25
37,Air Conditioning Cleaning & Freon Charge,3500.0,3.0,0,Hatchback,13,204339.6,188.8,315.0,3675.0,1,1,302.9100000000001,3913.25
13,Brake Service & Cleaning,800.0,1.25,1,SUV,25,311828.5,77.6,86.7,750.0,1,3,80.6469999999999,773.25
15,Replace Brake Shoes,800.0,1.0,1,SUV,25,353774.7,62.8,64.6,775.0,1,3,64.30099999999997,799.75
16,Rotor Disc Refacing / Resurfacing,2500.0,2.0,1,SUV,25,387560.9,114.9,99.6,2550.0,1,3,107.04100000000017,2576.25
1,Change Oil,650.0,0.75,1,Pickup,16,207953.7,45.1,41.2,650.0,1,2,42.74399999999995,655.25
58,General Mechanical Inspection & Check-Up,800.0,0.5,1,Pickup,16,247560.7,29.4,25.9,800.0,1,2,26.874000000000038,789.5
18,Wheel Alignment,900.0,1.0,1,Pickup,16,208219.6,57.5,57.9,875.0,1,2,58.35699999999997,880.5
13,Brake Service & Cleaning,800.0,1.25,1,Sedan,24,359396.3,74.4,64.1,825.0,1,4,67.32100000000008,817.75
15,Replace Brake Shoes,800.0,1.0,1,Sedan,24,373583.8,61.0,62.8,800.0,1,4,63.76800000000002,819.25
16,Rotor Disc Refacing / Resurfacing,2500.0,2.0,1,Sedan,24,304515.0,122.6,134.6,2575.0,1,4,132.3350000000001,2559.25
13,Brake Service & Cleaning,800.0,1.25,1,Sedan,15,190345.4,76.3,77.5,800.0,1,4,75.42500000000001,801.25
15,Replace Brake Shoes,800.0,1.0,1,Sedan,15,191186.3,62.5,69.2,800.0,1,4,68.02599999999993,795.25
18,Wheel Alignment,900.0,1.0,1,Sedan,15,177205.1,57.2,61.3,900.0,1,4,59.393000000000065,903.75
36,Down Clutch / Pulldown Transmission,3500.0,4.5,0,SUV,1,15271.1,268.7,217.2,3675.0,0,3,261.7280000000002,3573.5
2,Change ATF / Transmission Fluid,650.0,0.75,1,SUV,1,18343.9,45.5,43.2,650.0,0,3,44.10499999999995,652.0
36,Down Clutch / Pulldown Transmission,3500.0,4.5,0,Van,10,145794.3,279.1,376.5,4575.0,1,5,377.4380000000001,5128.0
2,Change ATF / Transmission Fluid,650.0,0.75,1,Van,10,119070.5,43.2,51.0,650.0,1,5,48.182000000000016,649.25
1,Change Oil,650.0,0.75,1,SUV,20,314700.2,47.0,43.2,675.0,1,3,44.58399999999995,670.75
58,General Mechanical Inspection & Check-Up,800.0,0.5,1,SUV,20,259581.6,29.3,23.2,825.0,1,3,25.497000000000007,817.25
37,Air Conditioning Cleaning & Freon Charge,3500.0,3.0,0,Crossover,1,17795.0,178.0,175.7,2725.0,0,0,185.40700000000015,2678.5
58,General Mechanical Inspection & Check-Up,800.0,0.5,1,Crossover,1,18041.4,30.8,28.6,825.0,0,0,28.95699999999998,801.75
13,Brake Service & Cleaning,800.0,1.25,1,Crossover,2,31123.7,74.9,73.5,875.0,0,0,74.92099999999999,849.75
14,Replace Brake Pads,600.0,1.0,1,Crossover,2,32825.2,57.7,56.2,600.0,0,0,57.30199999999991,600.75
37,Air Conditioning Cleaning & Freon Charge,3500.0,3.0,0,Sedan,9,118087.6,188.2,252.5,3725.0,1,4,241.60399999999993,4489.25
58,General Mechanical Inspection & Check-Up,800.0,0.5,1,Sedan,9,116014.3,31.0,32.0,800.0,0,4,32.108999999999995,789.0
22,Replace Suspension Bushing,1500.0,2.5,0,Crossover,2,29674.5,147.2,117.9,1550.0,0,0,141.9869999999999,1564.0
23,Replace Tie Rod End,800.0,1.0,1,Crossover,2,21781.6,61.9,53.6,775.0,0,0,58.37000000000006,787.25
18,Wheel Alignment,900.0,1.0,1,Crossover,2,33412.5,57.7,58.2,925.0,0,0,58.728999999999914,913.0
21,Replace Shock Absorbers,1200.0,2.0,1,Crossover,2,25594.5,118.0,124.0,1150.0,0,0,122.66199999999999,1165.0
13,Brake Service & Cleaning,800.0,1.25,1,SUV,25,353916.5,71.5,80.1,825.0,1,3,77.43300000000006,816.25
15,Replace Brake Shoes,800.0,1.0,1,SUV,25,382467.6,61.4,61.6,825.0,1,3,59.21600000000003,817.5
22,Replace Suspension Bushing,1500.0,2.5,0,Van,25,345504.0,142.6,254.5,3175.0,1,5,233.67299999999992,2956.0
23,Replace Tie Rod End,800.0,1.0,1,Van,25,323322.7,57.2,55.2,800.0,1,5,56.243999999999936,799.0
18,Wheel Alignment,900.0,1.0,1,Van,25,397829.3,60.9,63.6,925.0,1,5,60.61800000000004,875.5
13,Brake Service & Cleaning,800.0,1.25,1,Van,24,327717.0,73.4,69.5,800.0,1,5,70.932,801.75
14,Replace Brake Pads,600.0,1.0,1,Van,24,373337.8,58.3,66.6,600.0,1,5,65.40500000000006,595.75
22,Replace Suspension Bushing,1500.0,2.5,0,Sedan,8,113837.0,142.5,184.6,2600.0,1,4,184.37600000000003,1962.25
25,Replace Tie Rod & Rack End,1000.0,1.5,1,Sedan,8,125248.6,90.2,72.5,975.0,0,4,79.58100000000003,989.75
18,Wheel Alignment,900.0,1.0,1,Sedan,8,122654.1,58.9,53.3,900.0,0,4,57.47499999999998,908.25
22,Replace Suspension Bushing,1500.0,2.5,0,Hatchback,17,217572.9,152.7,245.7,4425.0,1,1,243.22500000000014,2560.75
25,Replace Tie Rod & Rack End,1000.0,1.5,1,Hatchback,17,271968.2,92.8,84.1,1025.0,1,1,90.03800000000012,1015.5
18,Wheel Alignment,900.0,1.0,1,Hatchback,17,269404.0,58.2,56.3,900.0,1,1,56.691000000000074,899.0
21,Replace Shock Absorbers,1200.0,2.0,1,Hatchback,17,273187.3,120.7,122.7,1275.0,1,1,123.69300000000013,1253.75
37,Air Conditioning Cleaning & Freon Charge,3500.0,3.0,0,SUV,7,87857.8,183.9,287.7,3650.0,1,3,235.09300000000033,3431.25
13,Brake Service & Cleaning,800.0,1.25,1,Sedan,12,152772.7,72.5,79.9,800.0,1,4,77.82299999999991,806.0
14,Replace Brake Pads,600.0,1.0,1,Sedan,12,183716.5,60.5,57.1,625.0,1,4,58.13600000000004,618.5
18,Wheel Alignment,900.0,1.0,1,Sedan,12,159708.0,60.7,57.1,925.0,1,4,58.81800000000004,916.25
1,Change Oil,650.0,0.75,1,Sedan,20,262550.7,44.2,43.2,625.0,1,4,43.375999999999955,653.5
58,General Mechanical Inspection & Check-Up,800.0,0.5,1,Sedan,20,247017.4,30.0,31.2,775.0,1,4,29.79499999999999,784.0
18,Wheel Alignment,900.0,1.0,1,Sedan,20,252342.5,57.1,60.3,900.0,1,4,58.582000000000036,900.75
36,Down Clutch / Pulldown Transmission,3500.0,4.5,0,Hatchback,12,174438.1,278.7,464.9,6925.0,1,1,400.7639999999999,5221.5
2,Change ATF / Transmission Fluid,650.0,0.75,1,Hatchback,12,176699.3,47.2,50.4,625.0,1,1,49.545,632.0
13,Brake Service & Cleaning,800.0,1.25,1,Sedan,17,230814.7,71.4,74.7,775.0,1,4,73.6079999999999,783.25
15,Replace Brake Shoes,800.0,1.0,1,Sedan,17,244761.7,57.2,62.0,800.0,1,4,60.824000000000005,800.5
1,Change Oil,650.0,0.75,1,Hatchback,8,111846.9,46.3,47.6,675.0,0,1,47.35899999999999,660.25
58,General Mechanical Inspection & Check-Up,800.0,0.5,1,Hatchback,8,123542.4,31.2,29.8,775.0,0,1,30.45100000000004,782.0
37,Air Conditioning Cleaning & Freon Charge,3500.0,3.0,0,Sedan,19,237379.7,178.5,273.9,3675.0,1,4,273.85500000000025,3772.0
1,Change Oil,650.0,0.75,1,Pickup,9,146291.3,45.2,44.2,700.0,0,2,44.271999999999935,680.5
58,General Mechanical Inspection & Check-Up,800.0,0.5,1,Pickup,9,129001.2,28.9,25.3,775.0,0,2,27.10100000000002,779.0
1,Change Oil,650.0,0.75,1,SUV,18,252816.1,45.1,46.2,625.0,1,3,46.042999999999935,635.0
58,General Mechanical Inspection & Check-Up,800.0,0.5,1,SUV,18,230850.5,28.7,28.3,825.0,1,3,28.590000000000014,822.75
22,Replace Suspension Bushing,1500.0,2.5,0,Crossover,13,193044.2,152.7,161.9,2100.0,1,0,186.03799999999995,2031.75
25,Replace Tie Rod & Rack End,1000.0,1.5,1,Crossover,13,178870.5,90.0,90.3,1000.0,1,0,89.706,1014.75
18,Wheel Alignment,900.0,1.0,1,Crossover,13,187696.8,57.1,57.1,900.0,1,0,57.09700000000001,903.0
1,Change Oil,650.0,0.75,1,Van,19,302952.0,46.2,44.8,625.0,1,5,45.03900000000006,630.5
58,General Mechanical Inspection & Check-Up,800.0,0.5,1,Van,19,264853.6,29.4,27.9,800.0,1,5,27.98200000000004,797.0
36,Down Clutch / Pulldown Transmission,3500.0,4.5,0,Van,22,287307.3,261.0,462.8,5400.0,1,5,446.62800000000027,5866.5
13,Brake Service & Cleaning,800.0,1.25,1,Crossover,3,47017.6,72.1,78.5,800.0,0,0,73.96300000000004,820.75
15,Replace Brake Shoes,800.0,1.0,1,Crossover,3,48501.4,58.9,55.9,800.0,0,0,56.46899999999995,805.75
13,Brake Service & Cleaning,800.0,1.25,1,Hatchback,5,78005.2,78.5,91.4,800.0,0,1,85.71399999999988,804.0
15,Replace Brake Shoes,800.0,1.0,1,Hatchback,5,73326.8,58.6,50.1,800.0,0,1,56.37799999999997,801.0
16,Rotor Disc Refacing / Resurfacing,2500.0,2.0,1,Hatchback,5,78369.1,123.6,140.3,2525.0,0,1,133.97299999999987,2526.75
1,Change Oil,650.0,0.75,1,Sedan,19,259091.6,44.0,39.7,650.0,1,4,42.148999999999944,654.0
58,General Mechanical Inspection & Check-Up,800.0,0.5,1,Sedan,19,263276.3,29.3,31.4,800.0,1,4,30.135000000000044,803.25
18,Wheel Alignment,900.0,1.0,1,Sedan,19,231536.7,60.0,66.7,925.0,1,4,63.95399999999992,918.5
22,Replace Suspension Bushing,1500.0,2.5,0,SUV,16,242071.5,154.8,242.6,3250.0,1,3,248.13799999999978,3222.25
23,Replace Tie Rod End,800.0,1.0,1,SUV,16,216500.9,59.7,55.4,750.0,1,3,56.55399999999999,766.0
18,Wheel Alignment,900.0,1.0,1,SUV,16,250825.0,62.5,75.4,900.0,1,3,71.08799999999991,901.75
37,Air Conditioning Cleaning & Freon Charge,3500.0,3.0,0,Sedan,23,352062.9,178.7,263.3,4350.0,1,4,284.5609999999999,4640.75
13,Brake Service & Cleaning,800.0,1.25,1,Sedan,25,398329.0,72.1,72.5,775.0,1,4,78.2220000000001,819.0
15,Replace Brake Shoes,800.0,1.0,1,Sedan,25,312913.9,57.9,58.0,800.0,1,4,59.50999999999999,800.0
1,Change Oil,650.0,0.75,1,Sedan,16,216065.6,44.9,44.3,650.0,1,4,44.83400000000005,649.25
58,General Mechanical Inspection & Check-Up,800.0,0.5,1,Sedan,16,252966.1,31.0,33.8,775.0,1,4,33.229000000000035,789.5
1,Change Oil,650.0,0.75,1,Sedan,6,91856.8,46.8,48.1,650.0,0,4,45.433,649.5
58,General Mechanical Inspection & Check-Up,800.0,0.5,1,Sedan,6,85983.1,29.2,27.7,825.0,0,4,29.01799999999997,822.25
1,Change Oil,650.0,0.75,1,Van,4,55137.7,47.1,46.2,625.0,0,5,46.67099999999994,633.75
58,General Mechanical Inspection & Check-Up,800.0,0.5,1,Van,4,53111.2,31.1,33.3,850.0,0,5,29.65000000000003,795.75
3,Replace Fuel Filter,550.0,0.75,1,Van,4,53445.9,43.5,42.0,575.0,0,5,46.19400000000002,540.5
4,Replace Air Filter,550.0,0.25,1,Van,4,54228.9,15.5,16.0,525.0,0,5,15.780999999999997,530.5
5,Replace Cabin Filter,200.0,0.25,1,Van,4,54435.3,15.6,15.3,200.0,0,5,15.35399999999998,200.0
51,Replace Valve Cover Gasket,1200.0,1.75,0,Pickup,10,158869.8,104.9,178.6,2125.0,1,2,171.0730000000001,2000.0
48,Replace Fan Belt / Serpentine Belt,1100.0,1.0,1,Pickup,10,129949.8,59.6,56.9,1100.0,0,2,58.51299999999998,1102.0
1,Change Oil,650.0,0.75,1,Pickup,10,151792.9,46.7,45.9,675.0,0,2,46.60600000000003,663.75
13,Brake Service & Cleaning,800.0,1.25,1,SUV,9,132537.9,74.0,75.5,825.0,0,3,75.67699999999998,817.25
15,Replace Brake Shoes,800.0,1.0,1,SUV,9,132699.9,60.0,61.5,775.0,0,3,61.50600000000003,790.0
16,Rotor Disc Refacing / Resurfacing,2500.0,2.0,1,SUV,9,142403.8,123.5,116.0,2575.0,0,3,117.104,2550.0
13,Brake Service & Cleaning,800.0,1.25,1,SUV,12,191994.8,72.7,74.8,825.0,1,3,75.71400000000008,819.75
15,Replace Brake Shoes,800.0,1.0,1,SUV,12,177117.0,57.3,58.6,850.0,1,3,59.53600000000004,829.0
51,Replace Valve Cover Gasket,1200.0,1.75,0,Crossover,6,89079.3,104.9,122.5,1600.0,1,0,126.75699999999998,1742.0
48,Replace Fan Belt / Serpentine Belt,1100.0,1.0,1,Crossover,6,73356.1,62.8,61.7,1075.0,0,0,61.84199999999997,1084.25
22,Replace Suspension Bushing,1500.0,2.5,0,Sedan,25,361991.3,144.8,284.3,2450.0,1,4,269.9049999999997,2567.75
25,Replace Tie Rod & Rack End,1000.0,1.5,1,Sedan,25,322484.4,93.9,99.8,1025.0,1,4,98.87400000000001,1007.25
18,Wheel Alignment,900.0,1.0,1,Sedan,25,308660.8,60.4,60.5,875.0,1,4,60.294,883.75
37,Air Conditioning Cleaning & Freon Charge,3500.0,3.0,0,Sedan,25,359358.5,185.1,326.9,5500.0,1,4,331.97800000000046,5561.75
1,Change Oil,650.0,0.75,1,Crossover,19,288084.4,46.5,45.8,700.0,1,0,46.275000000000084,682.25
58,General Mechanical Inspection & Check-Up,800.0,0.5,1,Crossover,19,296721.1,29.4,22.7,800.0,1,0,25.464000000000002,799.75
1,Change Oil,650.0,0.75,1,Sedan,24,325083.7,46.2,50.5,625.0,1,4,49.997,629.5
58,General Mechanical Inspection & Check-Up,800.0,0.5,1,Sedan,24,329650.9,29.9,26.6,800.0,1,4,27.49599999999998,793.25
3,Replace Fuel Filter,550.0,0.75,1,Sedan,24,318813.8,45.1,58.2,550.0,1,4,48.37499999999999,541.25
4,Replace Air Filter,550.0,0.25,1,Sedan,24,388355.9,14.5,15.0,525.0,1,4,15.683,533.0
5,Replace Cabin Filter,200.0,0.25,1,Sedan,24,327991.6,15.0,16.6,200.0,1,4,16.19299999999998,200.0
22,Replace Suspension Bushing,1500.0,2.5,0,Sedan,21,316416.7,153.2,216.4,1975.0,1,4,237.79400000000004,2381.0
23,Replace Tie Rod End,800.0,1.0,1,Sedan,21,257535.8,59.1,64.2,775.0,1,4,61.626999999999924,786.25
18,Wheel Alignment,900.0,1.0,1,Sedan,21,314819.0,57.3,59.2,925.0,1,4,57.63899999999992,914.5
21,Replace Shock Absorbers,1200.0,2.0,1,Sedan,21,277239.3,114.1,111.5,1175.0,1,4,110.96899999999998,1197.5
36,Down Clutch / Pulldown Transmission,3500.0,4.5,0,Crossover,9,127203.1,270.8,287.3,5200.0,1,0,319.36799999999954,5328.5
2,Change ATF / Transmission Fluid,650.0,0.75,1,Crossover,9,104746.6,42.9,40.8,675.0,0,0,42.39900000000005,664.75
36,Down Clutch / Pulldown Transmission,3500.0,4.5,0,Hatchback,25,380242.5,268.7,586.6,6825.0,1,1,542.7439999999993,6802.0
1,Change Oil,650.0,0.75,1,Sedan,16,206084.8,45.3,43.9,625.0,1,4,44.08700000000002,638.5
58,General Mechanical Inspection & Check-Up,800.0,0.5,1,Sedan,16,234828.2,30.4,35.1,800.0,1,4,30.731000000000005,815.75
18,Wheel Alignment,900.0,1.0,1,Sedan,16,239124.4,61.1,61.4,925.0,1,4,62.650999999999904,920.75
22,Replace Suspension Bushing,1500.0,2.5,0,Crossover,3,45888.3,151.2,180.8,1675.0,0,0,181.61399999999992,2029.75
23,Replace Tie Rod End,800.0,1.0,1,Crossover,3,40432.3,57.5,54.5,875.0,0,0,55.255,846.0
18,Wheel Alignment,900.0,1.0,1,Crossover,3,40217.0,61.4,64.0,900.0,0,0,62.709999999999994,903.5
21,Replace Shock Absorbers,1200.0,2.0,1,Crossover,3,48303.6,124.4,118.7,1175.0,0,0,130.083,1175.75
37,Air Conditioning Cleaning & Freon Charge,3500.0,3.0,0,SUV,14,192606.5,181.4,323.9,4975.0,1,3,302.9100000000003,4709.25
58,General Mechanical Inspection & Check-Up,800.0,0.5,1,SUV,14,192916.5,31.1,31.3,800.0,1,3,31.28100000000002,798.0
13,Brake Service & Cleaning,800.0,1.25,1,Sedan,25,308824.5,77.6,83.8,800.0,1,4,76.04199999999997,793.25
15,Replace Brake Shoes,800.0,1.0,1,Sedan,25,362220.0,62.1,58.5,775.0,1,4,60.148,787.75
1,Change Oil,650.0,0.75,1,Sedan,17,272317.3,47.1,46.8,675.0,1,4,48.255999999999986,648.25
58,General Mechanical Inspection & Check-Up,800.0,0.5,1,Sedan,17,272514.1,30.2,26.0,800.0,1,4,27.836,791.75
13,Brake Service & Cleaning,800.0,1.25,1,SUV,20,252645.2,77.3,81.2,800.0,1,3,80.05499999999992,793.0
15,Replace Brake Shoes,800.0,1.0,1,SUV,20,290386.6,58.5,61.7,825.0,1,3,59.955999999999996,817.25
16,Rotor Disc Refacing / Resurfacing,2500.0,2.0,1,SUV,20,286743.6,115.1,104.6,2500.0,1,3,109.00100000000016,2499.75
22,Replace Suspension Bushing,1500.0,2.5,0,Van,21,273101.2,156.2,232.7,2475.0,1,5,249.56400000000022,2608.25
23,Replace Tie Rod End,800.0,1.0,1,Van,21,312820.2,61.5,63.3,825.0,1,5,63.48800000000006,816.5
18,Wheel Alignment,900.0,1.0,1,Van,21,311978.4,59.1,61.5,825.0,1,5,61.13000000000004,852.5
21,Replace Shock Absorbers,1200.0,2.0,1,Van,21,336408.3,115.6,113.6,1150.0,1,5,117.94299999999996,1188.25
22,Replace Suspension Bushing,1500.0,2.5,0,Sedan,20,266251.5,156.0,267.6,2350.0,1,4,266.1909999999997,2568.5
23,Replace Tie Rod End,800.0,1.0,1,Sedan,20,308880.4,58.2,71.7,825.0,1,4,66.59899999999996,814.25
18,Wheel Alignment,900.0,1.0,1,Sedan,20,297255.1,59.2,62.3,900.0,1,4,61.42900000000008,898.5
21,Replace Shock Absorbers,1200.0,2.0,1,Sedan,20,280331.8,123.0,130.3,1150.0,1,4,128.65199999999984,1185.0
1,Change Oil,650.0,0.75,1,Sedan,18,281567.4,47.0,48.8,675.0,1,4,47.74400000000004,663.75
58,General Mechanical Inspection & Check-Up,800.0,0.5,1,Sedan,18,250679.5,29.8,24.9,850.0,1,4,26.305000000000035,825.75
51,Replace Valve Cover Gasket,1200.0,1.75,0,Pickup,5,72412.9,100.3,121.2,1675.0,1,2,122.6160000000001,1677.75
48,Replace Fan Belt / Serpentine Belt,1100.0,1.0,1,Pickup,5,68588.3,57.0,61.9,1075.0,0,2,59.63699999999997,1081.75
1,Change Oil,650.0,0.75,1,Pickup,5,68799.4,43.7,42.7,650.0,0,2,44.67400000000001,659.25
13,Brake Service & Cleaning,800.0,1.25,1,Sedan,25,306431.6,77.8,71.9,800.0,1,4,75.10199999999992,799.5
15,Replace Brake Shoes,800.0,1.0,1,Sedan,25,329714.8,62.7,68.1,775.0,1,4,66.02300000000008,785.0
22,Replace Suspension Bushing,1500.0,2.5,0,Crossover,25,342816.8,149.3,298.3,5000.0,1,0,284.7209999999997,4335.75
23,Replace Tie Rod End,800.0,1.0,1,Crossover,25,314251.1,58.2,60.1,800.0,1,0,60.11800000000003,799.25
18,Wheel Alignment,900.0,1.0,1,Crossover,25,397998.6,61.4,57.0,875.0,1,0,58.539000000000016,882.0
21,Replace Shock Absorbers,1200.0,2.0,1,Crossover,25,341462.3,125.8,130.2,1175.0,1,0,134.72200000000012,1196.5
37,Air Conditioning Cleaning & Freon Charge,3500.0,3.0,0,Sedan,22,321123.9,182.9,326.4,4275.0,1,4,316.86400000000043,4501.0
13,Brake Service & Cleaning,800.0,1.25,1,Sedan,25,335943.5,77.0,73.1,775.0,1,4,74.06700000000001,802.25
15,Replace Brake Shoes,800.0,1.0,1,Sedan,25,299265.7,61.1,62.6,750.0,1,4,63.355000000000075,771.0
18,Wheel Alignment,900.0,1.0,1,Sedan,25,392800.7,59.4,57.0,850.0,1,4,57.786000000000016,864.75
13,Brake Service & Cleaning,800.0,1.25,1,Sedan,10,130323.7,74.0,78.1,825.0,1,4,77.73100000000007,820.0
15,Replace Brake Shoes,800.0,1.0,1,Sedan,10,144155.2,58.3,59.1,825.0,1,4,59.13100000000004,815.0
16,Rotor Disc Refacing / Resurfacing,2500.0,2.0,1,Sedan,10,126527.3,116.0,111.8,2550.0,0,4,113.14999999999989,2564.0
13,Brake Service & Cleaning,800.0,1.25,1,Sedan,18,254788.3,75.6,75.2,800.0,1,4,74.46399999999994,800.75
15,Replace Brake Shoes,800.0,1.0,1,Sedan,18,249584.5,60.3,56.8,800.0,1,4,58.13400000000005,799.5
1,Change Oil,650.0,0.75,1,Hatchback,11,157822.0,46.1,51.7,625.0,1,1,50.31399999999996,632.75
58,General Mechanical Inspection & Check-Up,800.0,0.5,1,Hatchback,11,134408.3,30.6,32.9,775.0,1,1,31.31200000000003,785.75
18,Wheel Alignment,900.0,1.0,1,Hatchback,11,162392.6,59.1,72.1,900.0,1,1,60.869,898.75
22,Replace Suspension Bushing,1500.0,2.5,0,Hatchback,18,254095.3,149.0,227.4,2500.0,1,1,242.74000000000015,2609.0
23,Replace Tie Rod End,800.0,1.0,1,Hatchback,18,215330.3,61.5,59.8,825.0,1,1,61.06100000000006,812.25
18,Wheel Alignment,900.0,1.0,1,Hatchback,18,286582.4,62.5,68.9,925.0,1,1,67.99299999999994,918.25
22,Replace Suspension Bushing,1500.0,2.5,0,SUV,18,219983.0,142.6,209.4,3875.0,1,3,227.734,2675.75
23,Replace Tie Rod End,800.0,1.0,1,SUV,18,272045.2,61.9,62.4,800.0,1,3,63.85599999999993,798.0
18,Wheel Alignment,900.0,1.0,1,SUV,18,240853.4,59.1,58.8,900.0,1,3,59.970000000000084,895.5
21,Replace Shock Absorbers,1200.0,2.0,1,SUV,18,247171.7,114.8,114.7,1175.0,1,3,114.12000000000006,1179.75
51,Replace Valve Cover Gasket,1200.0,1.75,0,Van,1,18582.7,106.0,141.9,1475.0,1,5,129.74199999999985,1564.0
48,Replace Fan Belt / Serpentine Belt,1100.0,1.0,1,Van,1,18303.6,61.2,67.0,1100.0,0,5,57.74500000000001,1108.5
22,Replace Suspension Bushing,1500.0,2.5,0,Van,14,204839.3,148.9,206.8,2350.0,1,5,237.8929999999997,2757.5
23,Replace Tie Rod End,800.0,1.0,1,Van,14,218131.2,61.2,60.2,800.0,1,5,61.908999999999914,799.25
18,Wheel Alignment,900.0,1.0,1,Van,14,225859.7,60.1,59.2,900.0,1,5,59.30799999999992,898.75
21,Replace Shock Absorbers,1200.0,2.0,1,Van,14,186670.5,120.1,123.2,1225.0,1,5,124.80400000000004,1202.75
13,Brake Service & Cleaning,800.0,1.25,1,SUV,23,361335.1,74.8,75.7,825.0,1,3,73.26099999999992,819.0
15,Replace Brake Shoes,800.0,1.0,1,SUV,23,354704.3,57.8,60.2,825.0,1,3,60.970999999999904,817.5
18,Wheel Alignment,900.0,1.0,1,SUV,23,364988.3,57.3,47.7,900.0,1,3,51.78499999999994,904.0
37,Air Conditioning Cleaning & Freon Charge,3500.0,3.0,0,Hatchback,18,266378.5,176.1,344.0,5025.0,1,1,325.15,5033.75
58,General Mechanical Inspection & Check-Up,800.0,0.5,1,Hatchback,18,231261.9,30.3,30.6,800.0,1,1,30.976999999999954,801.5
36,Down Clutch / Pulldown Transmission,3500.0,4.5,0,SUV,10,125910.4,258.8,366.9,4750.0,1,3,351.55300000000045,4735.75
13,Brake Service & Cleaning,800.0,1.25,1,Crossover,25,332718.0,75.9,67.6,825.0,1,0,71.07800000000006,819.25
15,Replace Brake Shoes,800.0,1.0,1,Crossover,25,389975.6,59.7,56.5,800.0,1,0,59.007999999999996,802.5
13,Brake Service & Cleaning,800.0,1.25,1,SUV,18,282984.6,71.9,81.7,750.0,1,3,78.26799999999993,770.25
15,Replace Brake Shoes,800.0,1.0,1,SUV,18,257012.0,57.3,62.3,775.0,1,3,60.24900000000003,809.5
1,Change Oil,650.0,0.75,1,Sedan,12,153956.2,43.2,42.6,675.0,1,4,45.34400000000003,637.5
58,General Mechanical Inspection & Check-Up,800.0,0.5,1,Sedan,12,170373.6,28.7,28.3,800.0,1,4,28.84400000000003,801.5
1,Change Oil,650.0,0.75,1,Van,25,332927.6,45.4,48.5,675.0,1,5,48.13000000000001,664.0
58,General Mechanical Inspection & Check-Up,800.0,0.5,1,Van,25,361229.0,29.9,33.2,800.0,1,5,30.03499999999997,777.25
3,Replace Fuel Filter,550.0,0.75,1,Van,25,318074.4,45.7,47.4,550.0,1,5,47.302,546.0
4,Replace Air Filter,550.0,0.25,1,Van,25,381902.1,14.4,17.5,550.0,1,5,17.160999999999998,547.25
5,Replace Cabin Filter,200.0,0.25,1,Van,25,331809.2,15.1,15.0,200.0,1,5,15.764000000000001,200.0
13,Brake Service & Cleaning,800.0,1.25,1,Crossover,24,368573.3,75.6,69.7,775.0,1,0,72.17999999999991,791.0
15,Replace Brake Shoes,800.0,1.0,1,Crossover,24,363044.1,58.2,66.4,825.0,1,0,64.70799999999996,818.5
16,Rotor Disc Refacing / Resurfacing,2500.0,2.0,1,Crossover,24,317020.1,118.1,116.7,2500.0,1,0,118.44900000000005,2483.5
1,Change Oil,650.0,0.75,1,Hatchback,5,76475.1,47.2,50.1,650.0,0,1,48.72400000000002,651.0
58,General Mechanical Inspection & Check-Up,800.0,0.5,1,Hatchback,5,60519.3,31.1,31.0,825.0,0,1,30.804000000000006,816.5
13,Brake Service & Cleaning,800.0,1.25,1,SUV,1,17051.4,77.6,80.7,750.0,0,3,81.28099999999992,764.0
14,Replace Brake Pads,600.0,1.0,1,SUV,1,13542.3,62.3,62.3,600.0,0,3,61.422000000000054,600.75
37,Air Conditioning Cleaning & Freon Charge,3500.0,3.0,0,Hatchback,6,89393.3,174.5,238.4,3250.0,1,1,226.11600000000007,3830.0
51,Replace Valve Cover Gasket,1200.0,1.75,0,Crossover,18,237445.1,107.5,189.5,1925.0,1,0,184.06099999999998,2031.0
48,Replace Fan Belt / Serpentine Belt,1100.0,1.0,1,Crossover,18,269992.3,60.4,65.5,1150.0,1,0,55.68999999999997,1088.25
1,Change Oil,650.0,0.75,1,Crossover,18,278905.8,44.1,49.0,675.0,1,0,46.893,665.0
13,Brake Service & Cleaning,800.0,1.25,1,Hatchback,8,121708.4,74.9,74.3,825.0,0,1,74.62000000000008,816.75
15,Replace Brake Shoes,800.0,1.0,1,Hatchback,8,129737.2,58.5,65.6,850.0,1,1,63.73900000000006,834.0
13,Brake Service & Cleaning,800.0,1.25,1,Sedan,17,216063.3,73.6,80.2,800.0,1,4,76.16900000000003,799.0
15,Replace Brake Shoes,800.0,1.0,1,Sedan,17,249612.6,60.1,62.4,800.0,1,4,60.95999999999995,801.25
1,Change Oil,650.0,0.75,1,SUV,9,123506.8,46.9,49.8,650.0,0,3,48.60600000000005,650.25
58,General Mechanical Inspection & Check-Up,800.0,0.5,1,SUV,9,129712.8,30.6,24.1,775.0,0,3,27.016999999999975,778.0
1,Change Oil,650.0,0.75,1,Hatchback,13,182398.3,44.9,51.5,650.0,1,1,48.48899999999999,648.75
58,General Mechanical Inspection & Check-Up,800.0,0.5,1,Hatchback,13,204823.6,30.3,31.5,800.0,1,1,31.09,800.5
1,Change Oil,650.0,0.75,1,SUV,19,289391.6,45.9,47.6,650.0,1,3,46.778,655.5
58,General Mechanical Inspection & Check-Up,800.0,0.5,1,SUV,19,260265.8,28.6,26.0,750.0,1,3,26.873999999999995,765.0
22,Replace Suspension Bushing,1500.0,2.5,0,Sedan,25,311983.9,144.5,296.3,2125.0,1,4,272.2419999999996,2599.25
23,Replace Tie Rod End,800.0,1.0,1,Sedan,25,398323.1,60.6,66.5,825.0,1,4,64.608,825.0
18,Wheel Alignment,900.0,1.0,1,Sedan,25,315093.8,61.9,62.5,900.0,1,4,62.80600000000001,902.75
37,Air Conditioning Cleaning & Freon Charge,3500.0,3.0,0,Sedan,2,29994.8,175.8,193.3,3275.0,0,4,196.91799999999975,3105.0
53,Top Overhaul,15000.0,14.0,0,Crossover,25,303458.0,842.6,1322.0,23700.0,1,0,1352.4979999999998,22176.0
13,Brake Service & Cleaning,800.0,1.25,1,Crossover,6,80800.9,78.7,73.5,775.0,0,0,75.14200000000001,790.5
15,Replace Brake Shoes,800.0,1.0,1,Crossover,6,91172.6,59.4,61.2,825.0,0,0,60.50599999999992,816.25
1,Change Oil,650.0,0.75,1,Sedan,6,86216.1,47.0,46.6,600.0,0,4,47.45099999999999,612.0
58,General Mechanical Inspection & Check-Up,800.0,0.5,1,Sedan,6,83650.9,31.0,33.2,800.0,0,4,33.327999999999975,808.0
36,Down Clutch / Pulldown Transmission,3500.0,4.5,0,Hatchback,19,285971.6,276.3,468.6,5100.0,1,1,463.4619999999995,6261.5
2,Change ATF / Transmission Fluid,650.0,0.75,1,Hatchback,19,267256.9,45.7,42.3,650.0,1,1,43.36700000000006,654.5
37,Air Conditioning Cleaning & Freon Charge,3500.0,3.0,0,SUV,25,303676.8,181.3,388.8,5425.0,1,3,373.68599999999986,5495.0
13,Brake Service & Cleaning,800.0,1.25,1,SUV,18,252328.9,72.8,82.6,775.0,1,3,79.73900000000015,782.5
14,Replace Brake Pads,600.0,1.0,1,SUV,18,221699.4,62.0,57.7,550.0,1,3,59.86299999999992,570.25
1,Change Oil,650.0,0.75,1,SUV,15,236160.4,44.0,49.0,625.0,1,3,48.379,642.5
58,General Mechanical Inspection & Check-Up,800.0,0.5,1,SUV,15,210900.9,29.4,30.7,825.0,1,3,30.322999999999976,812.0
36,Down Clutch / Pulldown Transmission,3500.0,4.5,0,Crossover,1,20915.1,281.9,347.6,5075.0,1,0,301.43800000000033,4828.5
13,Brake Service & Cleaning,800.0,1.25,1,Sedan,4,52043.4,74.8,81.7,800.0,0,4,77.10299999999998,804.75
15,Replace Brake Shoes,800.0,1.0,1,Sedan,4,56958.2,60.7,56.3,750.0,0,4,57.01200000000007,768.75
1,Change Oil,650.0,0.75,1,Pickup,25,382232.0,47.0,49.9,625.0,1,2,48.32799999999998,664.75
58,General Mechanical Inspection & Check-Up,800.0,0.5,1,Pickup,25,365489.0,29.5,31.3,825.0,1,2,30.65700000000002,819.25
18,Wheel Alignment,900.0,1.0,1,Pickup,25,334851.0,57.4,58.2,850.0,1,2,58.14799999999994,865.25
36,Down Clutch / Pulldown Transmission,3500.0,4.5,0,Sedan,11,141746.2,275.9,398.8,5525.0,1,4,388.58299999999986,5468.0
1,Change Oil,650.0,0.75,1,Sedan,25,396248.8,45.5,46.6,650.0,1,4,46.673999999999985,648.25
58,General Mechanical Inspection & Check-Up,800.0,0.5,1,Sedan,25,307488.1,31.2,32.8,825.0,1,4,33.309000000000026,816.25
13,Brake Service & Cleaning,800.0,1.25,1,Van,9,140039.4,71.9,66.3,825.0,0,5,70.39100000000002,799.5
14,Replace Brake Pads,600.0,1.0,1,Van,9,133942.4,57.9,61.4,575.0,0,5,60.99999999999997,586.0
1,Change Oil,650.0,0.75,1,Sedan,12,148602.4,46.5,46.9,600.0,0,4,47.39800000000001,615.5
58,General Mechanical Inspection & Check-Up,800.0,0.5,1,Sedan,12,187127.7,29.7,33.7,825.0,1,4,31.79299999999997,813.0
53,Top Overhaul,15000.0,14.0,0,SUV,24,381459.9,863.2,1414.3,23775.0,1,3,1527.3629999999998,27055.75
51,Replace Valve Cover Gasket,1200.0,1.75,0,Van,24,359791.9,100.2,173.4,2150.0,1,5,174.34999999999985,2200.75
48,Replace Fan Belt / Serpentine Belt,1100.0,1.0,1,Van,24,333176.9,59.6,57.4,1100.0,1,5,58.38199999999996,1093.5
1,Change Oil,650.0,0.75,1,Van,24,331481.6,46.9,41.8,625.0,1,5,48.58000000000006,650.25
58,General Mechanical Inspection & Check-Up,800.0,0.5,1,Van,24,362708.2,29.3,33.1,800.0,1,5,32.418999999999954,799.0
22,Replace Suspension Bushing,1500.0,2.5,0,SUV,19,270774.3,151.9,254.3,3450.0,1,3,248.13300000000007,2759.0
23,Replace Tie Rod End,800.0,1.0,1,SUV,19,274602.5,59.8,56.5,775.0,1,3,57.733999999999995,779.5
18,Wheel Alignment,900.0,1.0,1,SUV,19,291666.3,59.6,63.5,875.0,1,3,62.084,884.75
37,Air Conditioning Cleaning & Freon Charge,3500.0,3.0,0,Van,9,124642.3,177.5,246.6,3925.0,1,5,225.23399999999984,3659.25
51,Replace Valve Cover Gasket,1200.0,1.75,0,SUV,21,318962.4,109.2,195.4,2475.0,1,3,189.33599999999998,2605.0
48,Replace Fan Belt / Serpentine Belt,1100.0,1.0,1,SUV,21,253988.4,62.4,58.9,1075.0,1,3,60.895999999999965,1072.75
1,Change Oil,650.0,0.75,1,SUV,21,280380.3,44.7,47.5,650.0,1,3,46.45499999999999,651.75
1,Change Oil,650.0,0.75,1,Hatchback,13,188716.4,46.9,45.3,650.0,1,1,46.95100000000004,655.0
58,General Mechanical Inspection & Check-Up,800.0,0.5,1,Hatchback,13,163002.3,28.8,28.4,775.0,1,1,28.605000000000047,780.5
18,Wheel Alignment,900.0,1.0,1,Hatchback,13,173501.1,61.9,59.2,925.0,1,1,59.62599999999994,916.5
22,Replace Suspension Bushing,1500.0,2.5,0,SUV,11,150349.0,142.6,196.7,2600.0,1,3,190.7120000000002,2454.25
23,Replace Tie Rod End,800.0,1.0,1,SUV,11,173130.5,59.6,64.1,850.0,1,3,62.835000000000065,834.75
18,Wheel Alignment,900.0,1.0,1,SUV,11,148189.1,61.4,57.3,900.0,0,3,60.21800000000005,897.0
21,Replace Shock Absorbers,1200.0,2.0,1,SUV,11,159013.8,119.2,123.7,1150.0,1,3,123.21200000000016,1163.0
1,Change Oil,650.0,0.75,1,Van,20,244584.7,43.0,42.6,650.0,1,5,43.47099999999997,646.75
58,General Mechanical Inspection & Check-Up,800.0,0.5,1,Van,20,250268.2,29.9,31.7,825.0,1,5,26.764,790.5
1,Change Oil,650.0,0.75,1,SUV,1,13450.2,47.0,53.3,675.0,0,3,50.735000000000056,666.75
58,General Mechanical Inspection & Check-Up,800.0,0.5,1,SUV,1,10000.0,31.3,30.5,750.0,0,3,29.60999999999998,791.75
53,Top Overhaul,15000.0,14.0,0,Pickup,21,267509.8,800.3,1354.2,17875.0,1,2,1369.1039999999987,19622.5
53,Top Overhaul,15000.0,14.0,0,Pickup,2,35579.6,811.8,661.9,14975.0,0,2,913.0980000000002,12723.25
51,Replace Valve Cover Gasket,1200.0,1.75,0,Sedan,9,120585.8,104.0,119.4,1225.0,1,4,129.4299999999999,1531.25
48,Replace Fan Belt / Serpentine Belt,1100.0,1.0,1,Sedan,9,128121.4,59.2,59.1,1100.0,0,4,60.08900000000004,1098.25
53,Top Overhaul,15000.0,14.0,0,SUV,24,370922.6,798.4,1549.4,31075.0,1,3,1556.4589999999987,29398.5
1,Change Oil,650.0,0.75,1,SUV,24,361463.6,43.2,44.5,650.0,1,3,44.572000000000045,671.5
22,Replace Suspension Bushing,1500.0,2.5,0,Sedan,7,105513.3,148.9,175.3,1450.0,0,4,174.71499999999975,1678.0
23,Replace Tie Rod End,800.0,1.0,1,Sedan,7,95311.8,59.5,64.2,775.0,0,4,62.103999999999935,780.75
18,Wheel Alignment,900.0,1.0,1,Sedan,7,103053.9,59.7,59.8,950.0,0,4,60.65799999999999,877.75
51,Replace Valve Cover Gasket,1200.0,1.75,0,SUV,25,320371.6,104.2,203.9,2875.0,1,3,193.38200000000003,2851.25
48,Replace Fan Belt / Serpentine Belt,1100.0,1.0,1,SUV,25,367533.2,59.9,61.0,1100.0,1,3,60.86500000000001,1099.0
53,Top Overhaul,15000.0,14.0,0,Sedan,18,213996.7,852.8,1593.2,34075.0,1,4,1478.6019999999996,30660.25
12,Replace Spark Plugs,300.0,0.5,1,Sedan,18,239206.9,30.6,32.4,275.0,1,4,31.471000000000018,316.0
22,Replace Suspension Bushing,1500.0,2.5,0,Crossover,19,240076.1,155.7,292.2,4625.0,1,0,275.19100000000026,3937.5
23,Replace Tie Rod End,800.0,1.0,1,Crossover,19,270353.7,60.5,49.5,800.0,1,0,53.17699999999998,803.0
18,Wheel Alignment,900.0,1.0,1,Crossover,19,237509.1,57.4,57.7,875.0,1,0,56.30000000000005,919.0
13,Brake Service & Cleaning,800.0,1.25,1,Crossover,19,258241.1,74.1,76.7,850.0,1,0,76.91499999999998,835.25
14,Replace Brake Pads,600.0,1.0,1,Crossover,19,279892.0,62.7,70.3,600.0,1,0,67.36100000000008,607.0
1,Change Oil,650.0,0.75,1,Crossover,25,332807.3,45.8,46.7,650.0,1,0,47.36599999999995,651.5
58,General Mechanical Inspection & Check-Up,800.0,0.5,1,Crossover,25,322436.1,31.4,35.4,800.0,1,0,34.627000000000045,798.75
37,Air Conditioning Cleaning & Freon Charge,3500.0,3.0,0,Hatchback,19,268037.5,187.7,320.1,4775.0,1,1,309.99499999999995,4819.5
58,General Mechanical Inspection & Check-Up,800.0,0.5,1,Hatchback,19,252600.5,29.2,27.9,725.0,1,1,27.832000000000036,749.75
22,Replace Suspension Bushing,1500.0,2.5,0,Van,19,297853.0,148.7,259.1,2850.0,1,5,256.8389999999997,2865.0
25,Replace Tie Rod & Rack End,1000.0,1.5,1,Van,19,230091.4,94.4,95.0,975.0,1,5,96.93700000000007,994.0
18,Wheel Alignment,900.0,1.0,1,Van,19,258109.5,62.2,62.5,900.0,1,5,65.45800000000004,894.5
1,Change Oil,650.0,0.75,1,SUV,14,202492.5,45.8,42.9,675.0,1,3,43.49100000000001,665.0
58,General Mechanical Inspection & Check-Up,800.0,0.5,1,SUV,14,211786.6,29.1,27.6,825.0,1,3,28.707999999999956,822.5
13,Brake Service & Cleaning,800.0,1.25,1,Crossover,23,336547.3,73.6,77.2,825.0,1,0,76.84499999999991,823.75
15,Replace Brake Shoes,800.0,1.0,1,Crossover,23,314048.7,60.5,60.1,775.0,1,0,59.387000000000015,784.0
16,Rotor Disc Refacing / Resurfacing,2500.0,2.0,1,Crossover,23,307807.3,123.1,132.6,2500.0,1,0,130.37099999999995,2501.5
1,Change Oil,650.0,0.75,1,SUV,3,39928.3,46.3,54.8,700.0,0,3,46.166000000000004,647.0
58,General Mechanical Inspection & Check-Up,800.0,0.5,1,SUV,3,36821.9,29.3,30.7,825.0,0,3,30.959999999999972,802.75
5,Replace Cabin Filter,200.0,0.25,1,SUV,3,42156.9,15.5,15.0,200.0,0,3,15.128999999999994,200.0
1,Change Oil,650.0,0.75,1,Sedan,24,294813.4,46.6,52.8,625.0,1,4,51.213000000000065,634.75
58,General Mechanical Inspection & Check-Up,800.0,0.5,1,Sedan,24,348142.7,28.9,31.2,800.0,1,4,30.776999999999962,800.75
18,Wheel Alignment,900.0,1.0,1,Sedan,24,349074.5,58.3,60.0,875.0,1,4,61.01699999999997,901.5
1,Change Oil,650.0,0.75,1,Sedan,24,357059.4,46.5,54.3,650.0,1,4,48.79900000000001,645.5
58,General Mechanical Inspection & Check-Up,800.0,0.5,1,Sedan,24,377342.4,31.2,31.1,775.0,1,4,34.78600000000002,801.25
18,Wheel Alignment,900.0,1.0,1,Sedan,24,376519.4,60.0,68.9,925.0,1,4,66.65299999999996,919.25
22,Replace Suspension Bushing,1500.0,2.5,0,SUV,22,333862.4,154.7,194.0,3175.0,1,3,232.15300000000002,3078.5
23,Replace Tie Rod End,800.0,1.0,1,SUV,22,302922.9,62.7,67.0,800.0,1,3,66.17999999999999,800.5
18,Wheel Alignment,900.0,1.0,1,SUV,22,284279.3,61.9,67.9,950.0,1,3,65.96099999999993,931.75
1,Change Oil,650.0,0.75,1,Sedan,5,77488.4,46.4,41.7,650.0,0,4,42.60499999999996,650.25
58,General Mechanical Inspection & Check-Up,800.0,0.5,1,Sedan,5,78011.7,30.9,29.2,800.0,0,4,31.335000000000004,795.75
37,Air Conditioning Cleaning & Freon Charge,3500.0,3.0,0,SUV,25,374026.6,179.0,323.4,6400.0,1,3,333.1630000000003,6088.5
22,Replace Suspension Bushing,1500.0,2.5,0,Van,7,102852.4,152.2,203.9,1800.0,1,5,196.60399999999998,2140.25
23,Replace Tie Rod End,800.0,1.0,1,Van,7,103125.2,58.5,61.1,825.0,0,5,60.60000000000005,817.5
18,Wheel Alignment,900.0,1.0,1,Van,7,105536.5,59.5,59.2,950.0,0,5,61.29800000000001,893.25
21,Replace Shock Absorbers,1200.0,2.0,1,Van,7,108563.3,117.5,122.4,1200.0,0,5,123.7289999999999,1173.0
1,Change Oil,650.0,0.75,1,Sedan,25,348197.5,43.7,40.5,675.0,1,4,42.34299999999999,670.5
58,General Mechanical Inspection & Check-Up,800.0,0.5,1,Sedan,25,390996.7,30.9,34.6,775.0,1,4,34.035999999999966,785.5
13,Brake Service & Cleaning,800.0,1.25,1,Sedan,8,104418.4,71.5,77.5,800.0,0,4,77.19899999999996,798.0
15,Replace Brake Shoes,800.0,1.0,1,Sedan,8,101332.2,62.8,63.2,800.0,0,4,63.71799999999995,800.75
16,Rotor Disc Refacing / Resurfacing,2500.0,2.0,1,Sedan,8,122185.0,120.6,120.6,2500.0,0,4,118.54199999999996,2506.75
22,Replace Suspension Bushing,1500.0,2.5,0,SUV,21,252695.7,143.6,245.8,2725.0,1,3,239.14999999999975,2707.25
23,Replace Tie Rod End,800.0,1.0,1,SUV,21,281241.7,62.6,65.1,800.0,1,3,63.60899999999998,803.25
18,Wheel Alignment,900.0,1.0,1,SUV,21,325468.7,59.3,67.8,950.0,1,3,60.41400000000005,900.0
21,Replace Shock Absorbers,1200.0,2.0,1,SUV,21,292671.3,125.8,125.7,1250.0,1,3,132.15199999999996,1205.0
22,Replace Suspension Bushing,1500.0,2.5,0,Van,22,326506.0,144.0,224.2,3425.0,1,5,232.84300000000025,3319.25
23,Replace Tie Rod End,800.0,1.0,1,Van,22,271047.6,59.2,56.9,800.0,1,5,57.99399999999996,800.25
18,Wheel Alignment,900.0,1.0,1,Van,22,285965.7,60.7,54.9,875.0,1,5,56.74599999999995,884.0
1,Change Oil,650.0,0.75,1,Pickup,1,23415.4,45.6,48.8,675.0,0,2,45.24899999999996,649.0
58,General Mechanical Inspection & Check-Up,800.0,0.5,1,Pickup,1,15886.9,31.0,29.4,800.0,0,2,29.00699999999999,788.5
18,Wheel Alignment,900.0,1.0,1,Pickup,1,19703.3,57.2,55.1,875.0,0,2,57.80400000000005,880.75
37,Air Conditioning Cleaning & Freon Charge,3500.0,3.0,0,SUV,1,16410.9,174.9,178.8,3100.0,0,3,192.3719999999999,2748.75
58,General Mechanical Inspection & Check-Up,800.0,0.5,1,SUV,1,12535.4,31.3,30.2,800.0,0,3,29.60999999999998,793.25
22,Replace Suspension Bushing,1500.0,2.5,0,Sedan,3,44026.2,152.3,193.3,2450.0,1,4,193.31599999999978,2291.75
25,Replace Tie Rod & Rack End,1000.0,1.5,1,Sedan,3,52329.9,87.9,86.6,950.0,0,4,86.7120000000001,953.75
18,Wheel Alignment,900.0,1.0,1,Sedan,3,53844.1,57.5,58.6,875.0,0,4,58.03100000000005,881.0
22,Replace Suspension Bushing,1500.0,2.5,0,Hatchback,5,61624.9,144.7,191.1,1925.0,1,1,190.09900000000002,2122.25
23,Replace Tie Rod End,800.0,1.0,1,Hatchback,5,79812.8,60.6,57.9,850.0,0,1,57.11199999999999,793.75
18,Wheel Alignment,900.0,1.0,1,Hatchback,5,64358.7,57.5,53.7,925.0,0,1,55.46399999999992,917.25
21,Replace Shock Absorbers,1200.0,2.0,1,Hatchback,5,62802.2,124.4,154.4,1200.0,0,1,145.46999999999983,1283.0
36,Down Clutch / Pulldown Transmission,3500.0,4.5,0,Van,21,300168.8,261.7,425.7,5400.0,1,5,447.2750000000002,6599.75
51,Replace Valve Cover Gasket,1200.0,1.75,0,Hatchback,21,264957.3,101.9,171.6,2000.0,1,1,174.19999999999993,2330.5
48,Replace Fan Belt / Serpentine Belt,1100.0,1.0,1,Hatchback,21,293957.0,60.7,68.5,1125.0,1,1,58.46699999999997,1076.25
37,Air Conditioning Cleaning & Freon Charge,3500.0,3.0,0,Sedan,25,328451.6,178.9,317.5,3725.0,1,4,327.5730000000001,4355.25
58,General Mechanical Inspection & Check-Up,800.0,0.5,1,Sedan,25,296115.6,29.2,30.0,775.0,1,4,29.681999999999988,777.25
36,Down Clutch / Pulldown Transmission,3500.0,4.5,0,Sedan,23,359513.3,262.3,478.8,4650.0,1,4,480.91700000000026,7553.25
1,Change Oil,650.0,0.75,1,Sedan,23,356447.5,46.8,55.0,650.0,1,4,52.71200000000001,648.25
22,Replace Suspension Bushing,1500.0,2.5,0,Van,25,313528.8,146.2,322.1,2175.0,1,5,268.87499999999983,2662.0
23,Replace Tie Rod End,800.0,1.0,1,Van,25,321377.0,57.1,57.0,800.0,1,5,56.75599999999999,799.0
18,Wheel Alignment,900.0,1.0,1,Van,25,329950.5,58.8,60.6,875.0,1,5,60.407000000000046,877.0
21,Replace Shock Absorbers,1200.0,2.0,1,Van,25,389610.5,117.6,136.2,1225.0,1,5,120.24400000000007,1188.75
51,Replace Valve Cover Gasket,1200.0,1.75,0,Sedan,8,122964.3,108.9,148.8,2025.0,1,4,144.25899999999984,2102.75
48,Replace Fan Belt / Serpentine Belt,1100.0,1.0,1,Sedan,8,113095.8,61.9,62.5,1050.0,0,4,62.22900000000001,1076.25
1,Change Oil,650.0,0.75,1,Sedan,8,121830.5,44.9,44.8,625.0,0,4,45.15000000000005,632.25
51,Replace Valve Cover Gasket,1200.0,1.75,0,Van,21,266606.5,103.7,185.5,2250.0,1,5,182.56599999999992,2244.5
48,Replace Fan Belt / Serpentine Belt,1100.0,1.0,1,Van,21,251739.1,57.6,56.7,1075.0,1,5,57.95299999999992,1080.75
1,Change Oil,650.0,0.75,1,Van,21,273907.1,45.3,48.8,625.0,1,5,47.21600000000006,635.5
51,Replace Valve Cover Gasket,1200.0,1.75,0,Hatchback,13,179084.5,106.6,185.0,1700.0,1,1,178.84600000000006,1784.25
48,Replace Fan Belt / Serpentine Belt,1100.0,1.0,1,Hatchback,13,197307.8,59.0,59.9,1075.0,1,1,59.967999999999954,1080.5
1,Change Oil,650.0,0.75,1,Hatchback,13,202694.6,46.9,44.3,650.0,1,1,45.43000000000006,654.5
36,Down Clutch / Pulldown Transmission,3500.0,4.5,0,Van,24,349633.3,259.0,514.8,8875.0,1,5,451.30399999999986,6336.5
13,Brake Service & Cleaning,800.0,1.25,1,SUV,1,22449.2,71.7,76.6,800.0,0,3,75.40100000000007,799.5
15,Replace Brake Shoes,800.0,1.0,1,SUV,1,20372.5,60.4,62.0,775.0,0,3,56.54600000000003,811.0
13,Brake Service & Cleaning,800.0,1.25,1,Pickup,12,166425.0,76.9,76.0,800.0,1,2,76.92300000000003,799.0
15,Replace Brake Shoes,800.0,1.0,1,Pickup,12,143172.4,60.8,54.0,775.0,0,2,56.51299999999998,785.5
51,Replace Valve Cover Gasket,1200.0,1.75,0,Van,25,368175.4,109.6,196.5,3200.0,1,5,192.33400000000006,2903.25
48,Replace Fan Belt / Serpentine Belt,1100.0,1.0,1,Van,25,369623.3,59.9,58.4,1075.0,1,5,59.48399999999995,1085.75
1,Change Oil,650.0,0.75,1,Van,25,304352.9,43.2,41.3,625.0,1,5,41.921000000000056,636.0
51,Replace Valve Cover Gasket,1200.0,1.75,0,Sedan,4,57139.5,106.8,87.8,1675.0,0,4,102.60699999999997,1531.5
48,Replace Fan Belt / Serpentine Belt,1100.0,1.0,1,Sedan,4,48604.4,62.4,60.0,1100.0,0,4,59.732000000000006,1095.0
36,Down Clutch / Pulldown Transmission,3500.0,4.5,0,Sedan,7,93494.6,274.9,439.7,5600.0,1,4,408.33599999999984,5823.0
2,Change ATF / Transmission Fluid,650.0,0.75,1,Sedan,7,110316.8,44.9,45.0,650.0,0,4,45.663999999999994,642.0
1,Change Oil,650.0,0.75,1,SUV,20,316967.6,43.7,45.8,650.0,1,3,50.723999999999975,653.25
58,General Mechanical Inspection & Check-Up,800.0,0.5,1,SUV,20,254754.9,31.4,33.8,800.0,1,3,32.83300000000001,801.5
1,Change Oil,650.0,0.75,1,Crossover,19,223587.0,44.8,48.5,625.0,1,0,46.347,634.25
58,General Mechanical Inspection & Check-Up,800.0,0.5,1,Crossover,19,266990.2,29.0,26.8,800.0,1,0,27.570000000000014,792.25
13,Brake Service & Cleaning,800.0,1.25,1,Sedan,4,61084.5,72.0,68.3,800.0,0,4,71.11200000000007,797.0
14,Replace Brake Pads,600.0,1.0,1,Sedan,4,48177.9,62.2,57.4,575.0,0,4,59.37999999999994,583.75
13,Brake Service & Cleaning,800.0,1.25,1,Sedan,16,231530.1,78.7,85.8,800.0,1,4,84.20200000000011,791.25
15,Replace Brake Shoes,800.0,1.0,1,Sedan,16,249986.3,62.7,68.3,800.0,1,4,68.01500000000009,796.0
13,Brake Service & Cleaning,800.0,1.25,1,Sedan,8,132983.0,73.6,76.4,775.0,0,4,76.97199999999992,787.0
15,Replace Brake Shoes,800.0,1.0,1,Sedan,8,116907.3,57.6,62.7,775.0,0,4,58.79499999999998,790.75
37,Air Conditioning Cleaning & Freon Charge,3500.0,3.0,0,Sedan,5,61069.7,178.0,185.6,2350.0,0,4,191.78699999999998,2458.25
53,Top Overhaul,15000.0,14.0,0,SUV,12,186127.1,875.0,992.1,15700.0,1,3,1086.6610000000007,18589.25
1,Change Oil,650.0,0.75,1,Hatchback,16,196125.7,45.1,45.1,625.0,1,1,44.75799999999995,631.0
58,General Mechanical Inspection & Check-Up,800.0,0.5,1,Hatchback,16,228297.3,29.0,28.7,825.0,1,1,29.11699999999999,822.25
22,Replace Suspension Bushing,1500.0,2.5,0,Sedan,24,377224.8,152.3,273.8,2850.0,1,4,273.3749999999998,3071.75
23,Replace Tie Rod End,800.0,1.0,1,Sedan,24,364146.1,62.6,69.1,800.0,1,4,59.05699999999999,795.75
18,Wheel Alignment,900.0,1.0,1,Sedan,24,338829.9,62.8,67.8,900.0,1,4,64.22199999999994,907.5
13,Brake Service & Cleaning,800.0,1.25,1,Sedan,24,367109.5,75.9,86.1,750.0,1,4,71.58700000000002,818.75
15,Replace Brake Shoes,800.0,1.0,1,Sedan,24,377737.2,59.6,52.8,850.0,1,4,57.800000000000054,839.5
18,Wheel Alignment,900.0,1.0,1,Sedan,24,319221.0,59.0,61.5,950.0,1,4,61.35099999999999,932.5
22,Replace Suspension Bushing,1500.0,2.5,0,Crossover,6,95110.4,146.1,189.8,2775.0,1,0,185.19799999999978,2457.75
23,Replace Tie Rod End,800.0,1.0,1,Crossover,6,80069.8,59.1,59.5,825.0,0,0,58.60299999999997,815.5
18,Wheel Alignment,900.0,1.0,1,Crossover,6,85676.6,59.4,58.2,875.0,0,0,58.33199999999991,886.25
37,Air Conditioning Cleaning & Freon Charge,3500.0,3.0,0,Van,4,56731.8,184.6,224.3,3475.0,0,5,228.25700000000003,3123.5
58,General Mechanical Inspection & Check-Up,800.0,0.5,1,Van,4,61655.1,28.9,30.9,800.0,0,5,30.508000000000038,794.25
1,Change Oil,650.0,0.75,1,SUV,25,381822.5,45.7,46.2,675.0,1,3,46.07399999999995,662.75
58,General Mechanical Inspection & Check-Up,800.0,0.5,1,SUV,25,340843.6,31.1,30.7,750.0,1,3,31.553999999999988,776.25
18,Wheel Alignment,900.0,1.0,1,SUV,25,338446.1,62.7,68.9,900.0,1,3,66.7559999999999,896.0
51,Replace Valve Cover Gasket,1200.0,1.75,0,Pickup,20,257270.8,100.0,177.8,2125.0,1,2,175.40999999999977,2176.75
48,Replace Fan Belt / Serpentine Belt,1100.0,1.0,1,Pickup,20,285719.5,58.3,58.5,1075.0,1,2,58.571999999999996,1074.5
1,Change Oil,650.0,0.75,1,SUV,16,234516.5,45.5,40.2,650.0,1,3,46.04,644.75
58,General Mechanical Inspection & Check-Up,800.0,0.5,1,SUV,16,204430.3,31.0,28.7,800.0,1,3,29.45399999999998,806.5
1,Change Oil,650.0,0.75,1,Sedan,11,146146.7,46.1,43.3,675.0,0,4,44.82200000000006,666.0
58,General Mechanical Inspection & Check-Up,800.0,0.5,1,Sedan,11,151259.8,30.9,33.5,800.0,1,4,32.99100000000001,798.25
13,Brake Service & Cleaning,800.0,1.25,1,Sedan,23,344683.8,74.4,75.8,800.0,1,4,74.76300000000008,802.0
15,Replace Brake Shoes,800.0,1.0,1,Sedan,23,340971.8,61.9,70.1,800.0,1,4,67.6570000000001,801.25
16,Rotor Disc Refacing / Resurfacing,2500.0,2.0,1,Sedan,23,353463.4,118.2,141.8,2425.0,1,4,136.0229999999998,2487.25
1,Change Oil,650.0,0.75,1,SUV,15,237694.5,46.9,46.2,700.0,1,3,46.26699999999995,684.5
58,General Mechanical Inspection & Check-Up,800.0,0.5,1,SUV,15,215346.3,29.3,32.7,775.0,1,3,31.514999999999972,789.5
51,Replace Valve Cover Gasket,1200.0,1.75,0,Sedan,22,313835.1,108.7,200.4,3150.0,1,4,198.606,2974.0
48,Replace Fan Belt / Serpentine Belt,1100.0,1.0,1,Sedan,22,320253.6,59.8,60.0,1100.0,1,4,59.505999999999986,1102.0
1,Change Oil,650.0,0.75,1,Sedan,22,261994.3,43.9,43.1,600.0,1,4,43.09699999999996,628.0
22,Replace Suspension Bushing,1500.0,2.5,0,Sedan,14,179483.6,151.4,223.9,2400.0,1,4,212.56400000000005,2187.25
23,Replace Tie Rod End,800.0,1.0,1,Sedan,14,176521.2,60.8,54.6,800.0,1,4,57.35800000000003,793.75
18,Wheel Alignment,900.0,1.0,1,Sedan,14,190236.5,62.2,65.1,950.0,1,4,64.38100000000003,937.75
1,Change Oil,650.0,0.75,1,SUV,1,13194.8,46.7,52.3,675.0,0,3,50.14900000000006,667.0
58,General Mechanical Inspection & Check-Up,800.0,0.5,1,SUV,1,15023.9,30.0,29.9,775.0,0,3,31.250000000000032,783.0
18,Wheel Alignment,900.0,1.0,1,SUV,1,17711.1,59.5,61.6,900.0,0,3,61.66499999999996,884.25
53,Top Overhaul,15000.0,14.0,0,Hatchback,25,373267.6,840.9,1856.7,34975.0,1,1,1692.618000000001,32261.5
1,Change Oil,650.0,0.75,1,Sedan,16,214173.7,45.4,44.5,625.0,1,4,44.878,632.25
58,General Mechanical Inspection & Check-Up,800.0,0.5,1,Sedan,16,240664.8,29.4,27.2,825.0,1,4,28.165999999999986,816.0
37,Air Conditioning Cleaning & Freon Charge,3500.0,3.0,0,SUV,6,87715.9,184.7,239.7,2950.0,0,3,235.70600000000036,3654.75
1,Change Oil,650.0,0.75,1,Pickup,1,11431.0,45.5,47.4,650.0,0,2,47.225000000000016,648.25
58,General Mechanical Inspection & Check-Up,800.0,0.5,1,Pickup,1,19188.2,29.8,35.2,800.0,0,2,33.864999999999974,797.0
18,Wheel Alignment,900.0,1.0,1,Pickup,1,11674.9,57.5,65.5,900.0,0,2,61.65600000000001,886.5
13,Brake Service & Cleaning,800.0,1.25,1,Crossover,2,27245.2,71.9,63.6,800.0,0,0,76.14999999999998,811.25
15,Replace Brake Shoes,800.0,1.0,1,Crossover,2,36622.9,57.7,58.2,775.0,0,0,57.67799999999991,790.5
16,Rotor Disc Refacing / Resurfacing,2500.0,2.0,1,Crossover,2,36782.4,124.8,138.5,2550.0,0,0,134.53899999999996,2519.0
36,Down Clutch / Pulldown Transmission,3500.0,4.5,0,Sedan,25,379569.9,278.0,431.6,5625.0,1,4,468.86299999999943,6336.75
2,Change ATF / Transmission Fluid,650.0,0.75,1,Sedan,25,358046.6,46.5,47.2,650.0,1,4,47.375999999999955,646.75
1,Change Oil,650.0,0.75,1,Sedan,4,56511.2,46.2,45.6,650.0,0,4,46.200999999999986,647.5
58,General Mechanical Inspection & Check-Up,800.0,0.5,1,Sedan,4,56750.3,28.9,29.9,800.0,0,4,30.11600000000004,793.75
3,Replace Fuel Filter,550.0,0.75,1,Sedan,4,53355.1,46.1,53.1,575.0,0,4,44.754000000000005,543.0
4,Replace Air Filter,550.0,0.25,1,Sedan,4,55568.2,15.7,15.5,525.0,0,4,15.501999999999999,532.25
5,Replace Cabin Filter,200.0,0.25,1,Sedan,4,57615.6,15.4,15.1,200.0,0,4,15.278999999999982,200.0
22,Replace Suspension Bushing,1500.0,2.5,0,SUV,2,24648.3,148.7,169.3,1900.0,1,3,164.97499999999997,1847.25
23,Replace Tie Rod End,800.0,1.0,1,SUV,2,32637.3,59.9,57.1,800.0,0,3,57.33800000000003,800.25
18,Wheel Alignment,900.0,1.0,1,SUV,2,34338.2,60.5,67.5,850.0,0,3,61.92500000000001,898.75
1,Change Oil,650.0,0.75,1,Crossover,5,76770.1,45.0,48.7,675.0,0,0,47.689999999999955,667.0
58,General Mechanical Inspection & Check-Up,800.0,0.5,1,Crossover,5,73159.4,29.4,27.5,825.0,0,0,28.856999999999992,818.75
1,Change Oil,650.0,0.75,1,Sedan,18,243661.4,42.8,43.4,650.0,1,4,44.652000000000015,662.0
58,General Mechanical Inspection & Check-Up,800.0,0.5,1,Sedan,18,282617.4,30.3,32.3,775.0,1,4,30.063999999999997,815.0
13,Brake Service & Cleaning,800.0,1.25,1,Van,13,193216.4,78.1,82.5,775.0,1,5,81.61000000000001,784.5
15,Replace Brake Shoes,800.0,1.0,1,Van,13,213724.1,62.7,60.2,800.0,1,5,62.91699999999992,801.5
51,Replace Valve Cover Gasket,1200.0,1.75,0,Sedan,25,320341.1,108.1,208.4,3925.0,1,4,202.0370000000001,3412.25
48,Replace Fan Belt / Serpentine Belt,1100.0,1.0,1,Sedan,25,331793.4,61.0,68.8,1100.0,1,4,67.76900000000009,1093.0
1,Change Oil,650.0,0.75,1,Sedan,25,320861.2,43.0,45.8,625.0,1,4,45.440000000000076,628.75
1,Change Oil,650.0,0.75,1,Crossover,22,337518.3,44.2,39.9,650.0,1,0,42.39300000000003,649.75
58,General Mechanical Inspection & Check-Up,800.0,0.5,1,Crossover,22,340439.0,28.9,33.0,800.0,1,0,32.223000000000006,805.25
53,Top Overhaul,15000.0,14.0,0,Sedan,16,216819.5,802.2,1107.1,22450.0,1,4,1469.7359999999992,30138.0
1,Change Oil,650.0,0.75,1,Sedan,10,152844.2,44.0,39.1,625.0,0,4,47.49100000000001,637.25
58,General Mechanical Inspection & Check-Up,800.0,0.5,1,Sedan,10,138244.8,30.8,31.8,800.0,0,4,31.96500000000003,798.0
36,Down Clutch / Pulldown Transmission,3500.0,4.5,0,Crossover,20,288895.2,264.9,450.9,8325.0,1,0,445.6280000000004,7544.5
13,Brake Service & Cleaning,800.0,1.25,1,Crossover,25,349885.5,72.8,72.5,850.0,1,0,76.18900000000004,813.5
15,Replace Brake Shoes,800.0,1.0,1,Crossover,25,394242.1,61.1,63.2,800.0,1,0,61.875999999999934,799.75
16,Rotor Disc Refacing / Resurfacing,2500.0,2.0,1,Crossover,25,392884.5,118.3,110.2,2525.0,1,0,117.17400000000006,2548.75
53,Top Overhaul,15000.0,14.0,0,Hatchback,25,351548.1,860.5,1210.2,22075.0,1,1,1279.846999999999,21376.0
37,Air Conditioning Cleaning & Freon Charge,3500.0,3.0,0,Crossover,2,34133.5,172.3,222.2,3875.0,1,0,210.7170000000003,3429.5
37,Air Conditioning Cleaning & Freon Charge,3500.0,3.0,0,SUV,21,277609.3,173.6,344.6,4975.0,1,3,324.1639999999996,5115.75
53,Top Overhaul,15000.0,14.0,0,Sedan,3,48112.7,834.5,961.2,12425.0,0,4,979.3789999999989,13969.0
1,Change Oil,650.0,0.75,1,Sedan,3,49967.4,44.8,40.2,650.0,0,4,41.33899999999994,653.25
37,Air Conditioning Cleaning & Freon Charge,3500.0,3.0,0,Van,5,80736.0,171.9,217.0,3600.0,1,5,206.43699999999978,4056.75
13,Brake Service & Cleaning,800.0,1.25,1,Sedan,19,254573.1,74.9,70.3,775.0,1,4,73.24400000000009,782.5
15,Replace Brake Shoes,800.0,1.0,1,Sedan,19,252405.4,60.7,61.3,800.0,1,4,61.16300000000005,799.0
22,Replace Suspension Bushing,1500.0,2.5,0,Sedan,25,307193.0,150.1,297.6,2225.0,1,4,272.24599999999987,2637.25
23,Replace Tie Rod End,800.0,1.0,1,Sedan,25,373372.6,61.9,59.1,800.0,1,4,61.40800000000006,809.75
18,Wheel Alignment,900.0,1.0,1,Sedan,25,323724.6,59.5,56.7,875.0,1,4,57.781000000000034,905.25
21,Replace Shock Absorbers,1200.0,2.0,1,Sedan,25,384094.5,123.3,115.7,1175.0,1,4,123.18700000000011,1184.0
13,Brake Service & Cleaning,800.0,1.25,1,Sedan,1,10000.0,75.4,86.3,825.0,0,4,79.68099999999997,788.0
15,Replace Brake Shoes,800.0,1.0,1,Sedan,1,13521.2,59.0,55.0,825.0,0,4,55.48499999999999,817.75
22,Replace Suspension Bushing,1500.0,2.5,0,Hatchback,6,76969.3,146.6,174.9,2950.0,1,1,185.097,1787.5
23,Replace Tie Rod End,800.0,1.0,1,Hatchback,6,78159.3,58.3,56.5,800.0,0,1,56.87700000000001,801.0
18,Wheel Alignment,900.0,1.0,1,Hatchback,6,82738.2,61.8,60.0,875.0,0,1,60.637000000000015,887.75
37,Air Conditioning Cleaning & Freon Charge,3500.0,3.0,0,Sedan,25,309388.1,188.9,368.6,5475.0,1,4,352.3129999999999,4602.5
37,Air Conditioning Cleaning & Freon Charge,3500.0,3.0,0,Pickup,20,307160.9,185.5,274.7,5575.0,1,2,297.6790000000004,5358.0
22,Replace Suspension Bushing,1500.0,2.5,0,Hatchback,12,194809.4,156.8,238.1,2150.0,1,1,232.46099999999976,2307.0
23,Replace Tie Rod End,800.0,1.0,1,Hatchback,12,167289.3,57.9,65.8,800.0,1,1,63.306000000000076,804.25
18,Wheel Alignment,900.0,1.0,1,Hatchback,12,165851.9,62.9,73.7,875.0,1,1,69.24199999999992,883.0
37,Air Conditioning Cleaning & Freon Charge,3500.0,3.0,0,Pickup,25,311402.7,182.7,330.7,4525.0,1,2,338.7350000000001,4816.75
36,Down Clutch / Pulldown Transmission,3500.0,4.5,0,Sedan,6,81364.6,256.5,269.1,4200.0,1,4,293.40399999999977,4516.0
13,Brake Service & Cleaning,800.0,1.25,1,SUV,4,54562.7,71.7,68.3,800.0,0,3,71.17400000000006,799.0
14,Replace Brake Pads,600.0,1.0,1,SUV,4,60885.8,61.3,60.7,600.0,0,3,61.49299999999996,600.25
51,Replace Valve Cover Gasket,1200.0,1.75,0,Sedan,17,209890.5,109.7,162.0,1900.0,1,4,179.0950000000001,2550.0
48,Replace Fan Belt / Serpentine Belt,1100.0,1.0,1,Sedan,17,213732.9,61.1,66.9,1100.0,1,4,65.68499999999992,1090.5
1,Change Oil,650.0,0.75,1,Sedan,17,233824.9,44.1,48.9,675.0,1,4,47.833,664.0
13,Brake Service & Cleaning,800.0,1.25,1,Crossover,23,328730.8,76.0,78.8,825.0,1,0,77.07400000000004,823.0
15,Replace Brake Shoes,800.0,1.0,1,Crossover,23,345864.5,61.1,61.2,825.0,1,0,62.59099999999995,823.0
1,Change Oil,650.0,0.75,1,Sedan,1,19538.7,43.0,40.3,650.0,0,4,41.07200000000006,647.0
58,General Mechanical Inspection & Check-Up,800.0,0.5,1,Sedan,1,21417.6,28.8,29.9,775.0,0,4,29.53400000000004,777.25
37,Air Conditioning Cleaning & Freon Charge,3500.0,3.0,0,Crossover,6,75731.1,180.7,201.5,1750.0,0,0,201.67299999999994,2280.75
13,Brake Service & Cleaning,800.0,1.25,1,Crossover,12,189388.2,76.9,75.3,825.0,1,0,75.5050000000001,818.0
15,Replace Brake Shoes,800.0,1.0,1,Crossover,12,154362.4,61.6,63.1,800.0,1,0,62.288000000000075,804.75
16,Rotor Disc Refacing / Resurfacing,2500.0,2.0,1,Crossover,12,189613.5,118.7,113.9,2500.0,1,0,119.38399999999989,2509.0
1,Change Oil,650.0,0.75,1,Crossover,1,16167.0,44.7,52.8,675.0,0,0,44.74599999999999,654.0
58,General Mechanical Inspection & Check-Up,800.0,0.5,1,Crossover,1,14296.1,29.9,33.3,800.0,0,0,33.03700000000003,799.0
3,Replace Fuel Filter,550.0,0.75,1,Crossover,1,16652.0,46.8,44.4,525.0,0,0,45.67700000000001,532.75
4,Replace Air Filter,550.0,0.25,1,Crossover,1,19077.6,14.4,16.3,575.0,0,0,15.84899999999999,555.25
5,Replace Cabin Filter,200.0,0.25,1,Crossover,1,22666.9,14.6,15.0,200.0,0,0,15.171,200.0
13,Brake Service & Cleaning,800.0,1.25,1,SUV,25,342766.8,75.6,76.7,850.0,1,3,73.81499999999997,802.0
14,Replace Brake Pads,600.0,1.0,1,SUV,25,298720.3,60.2,57.0,625.0,1,3,59.466,610.0
37,Air Conditioning Cleaning & Freon Charge,3500.0,3.0,0,Sedan,23,347954.3,178.4,300.7,5875.0,1,4,300.8810000000003,5671.5
58,General Mechanical Inspection & Check-Up,800.0,0.5,1,Sedan,23,343340.2,31.5,29.6,750.0,1,4,33.68500000000002,792.0
13,Brake Service & Cleaning,800.0,1.25,1,Sedan,14,174927.7,76.5,76.9,825.0,1,4,77.31799999999993,817.0
15,Replace Brake Shoes,800.0,1.0,1,Sedan,14,176777.6,59.7,56.2,775.0,1,4,57.51799999999993,785.0
18,Wheel Alignment,900.0,1.0,1,Sedan,14,204317.1,60.2,58.2,925.0,1,4,58.759999999999934,916.25
53,Top Overhaul,15000.0,14.0,0,Crossover,24,349611.7,853.0,1246.1,20150.0,1,0,1291.4520000000014,21035.0
1,Change Oil,650.0,0.75,1,Van,20,311733.7,44.2,45.7,625.0,1,5,46.642999999999944,631.75
58,General Mechanical Inspection & Check-Up,800.0,0.5,1,Van,20,243513.0,30.8,33.9,775.0,1,5,32.56300000000004,787.0
3,Replace Fuel Filter,550.0,0.75,1,Van,20,297833.1,46.0,44.7,575.0,1,5,45.353000000000044,538.75
4,Replace Air Filter,550.0,0.25,1,Van,20,258610.2,15.6,15.0,550.0,1,5,15.477000000000002,550.0
1,Change Oil,650.0,0.75,1,SUV,22,324636.2,45.4,46.7,675.0,1,3,48.41900000000001,654.75
58,General Mechanical Inspection & Check-Up,800.0,0.5,1,SUV,22,340018.6,30.3,31.5,800.0,1,3,31.956,800.25
18,Wheel Alignment,900.0,1.0,1,SUV,22,343140.2,59.9,65.2,875.0,1,3,64.19799999999995,891.25
22,Replace Suspension Bushing,1500.0,2.5,0,Hatchback,22,324334.9,155.7,288.0,3750.0,1,1,279.339,3764.75
23,Replace Tie Rod End,800.0,1.0,1,Hatchback,22,303481.8,57.9,61.3,775.0,1,1,59.200999999999986,793.75
18,Wheel Alignment,900.0,1.0,1,Hatchback,22,309025.0,57.7,59.4,900.0,1,1,58.77499999999999,890.0
21,Replace Shock Absorbers,1200.0,2.0,1,Hatchback,22,322405.2,120.7,125.8,1225.0,1,1,128.07299999999984,1218.5
13,Brake Service & Cleaning,800.0,1.25,1,Crossover,23,366758.3,77.5,68.1,825.0,1,0,71.07700000000008,822.75
15,Replace Brake Shoes,800.0,1.0,1,Crossover,23,295291.1,60.8,59.4,775.0,1,0,58.629999999999946,781.5
1,Change Oil,650.0,0.75,1,Sedan,25,344835.7,45.4,46.8,650.0,1,4,47.34900000000005,644.0
58,General Mechanical Inspection & Check-Up,800.0,0.5,1,Sedan,25,369218.0,30.0,29.8,800.0,1,4,30.16900000000002,801.5
37,Air Conditioning Cleaning & Freon Charge,3500.0,3.0,0,Hatchback,5,72283.3,177.7,250.9,3325.0,1,1,230.7010000000001,3125.75
58,General Mechanical Inspection & Check-Up,800.0,0.5,1,Hatchback,5,73835.8,29.1,27.6,800.0,0,1,28.615999999999957,807.0
37,Air Conditioning Cleaning & Freon Charge,3500.0,3.0,0,SUV,25,362514.2,182.0,345.9,6350.0,1,3,342.66600000000057,5991.75
1,Change Oil,650.0,0.75,1,Sedan,14,210305.6,44.1,49.8,625.0,1,4,49.957000000000065,635.0
58,General Mechanical Inspection & Check-Up,800.0,0.5,1,Sedan,14,199554.0,29.6,24.4,775.0,0,4,26.94200000000002,784.25
1,Change Oil,650.0,0.75,1,Van,25,324845.1,46.2,54.5,650.0,1,5,48.7,657.0
58,General Mechanical Inspection & Check-Up,800.0,0.5,1,Van,25,386498.5,29.3,33.2,800.0,1,5,32.30099999999997,797.0
3,Replace Fuel Filter,550.0,0.75,1,Van,25,311417.7,44.8,40.8,525.0,1,5,44.89699999999997,548.75
4,Replace Air Filter,550.0,0.25,1,Van,25,322726.1,15.7,16.7,550.0,1,5,16.442000000000014,550.25
5,Replace Cabin Filter,200.0,0.25,1,Van,25,383633.4,15.3,17.8,200.0,1,5,17.284999999999982,200.0
1,Change Oil,650.0,0.75,1,Crossover,13,163069.8,43.0,45.4,650.0,1,0,46.01900000000001,648.5
58,General Mechanical Inspection & Check-Up,800.0,0.5,1,Crossover,13,167535.6,29.9,26.7,825.0,1,0,27.78899999999999,812.5
3,Replace Fuel Filter,550.0,0.75,1,Crossover,13,185680.5,43.0,45.5,500.0,1,0,46.01300000000001,515.75
4,Replace Air Filter,550.0,0.25,1,Crossover,13,165799.5,14.5,15.5,550.0,1,0,15.616999999999994,549.0
13,Brake Service & Cleaning,800.0,1.25,1,SUV,25,324509.2,71.4,67.9,800.0,1,3,72.05799999999992,800.5
15,Replace Brake Shoes,800.0,1.0,1,SUV,25,332503.5,59.2,52.4,775.0,1,3,60.099999999999994,802.5
16,Rotor Disc Refacing / Resurfacing,2500.0,2.0,1,SUV,25,372607.3,118.8,115.3,2450.0,1,3,120.22599999999994,2512.25
13,Brake Service & Cleaning,800.0,1.25,1,Sedan,10,156591.3,74.7,75.2,775.0,0,4,76.84099999999995,783.25
15,Replace Brake Shoes,800.0,1.0,1,Sedan,10,138400.8,62.3,63.7,775.0,0,4,64.73599999999993,784.75
51,Replace Valve Cover Gasket,1200.0,1.75,0,SUV,25,322845.9,109.0,161.4,2275.0,1,3,174.8359999999999,2365.25
48,Replace Fan Belt / Serpentine Belt,1100.0,1.0,1,SUV,25,326193.1,60.7,54.7,1100.0,1,3,60.31200000000002,1093.5
1,Change Oil,650.0,0.75,1,SUV,25,340902.6,45.1,47.9,600.0,1,3,48.004000000000005,621.0
13,Brake Service & Cleaning,800.0,1.25,1,SUV,25,377320.3,72.6,84.3,825.0,1,3,82.06700000000008,814.5
14,Replace Brake Pads,600.0,1.0,1,SUV,25,377737.6,59.2,69.9,575.0,1,3,64.49199999999998,592.5
16,Rotor Disc Refacing / Resurfacing,2500.0,2.0,1,SUV,25,368735.2,116.5,125.7,2550.0,1,3,122.16500000000013,2562.0
1,Change Oil,650.0,0.75,1,Sedan,25,356648.9,43.3,43.3,650.0,1,4,43.851000000000056,662.5
58,General Mechanical Inspection & Check-Up,800.0,0.5,1,Sedan,25,338482.1,30.9,32.1,850.0,1,4,32.58699999999996,830.25
3,Replace Fuel Filter,550.0,0.75,1,Sedan,25,324456.7,44.4,45.2,525.0,1,4,45.463999999999935,534.25
51,Replace Valve Cover Gasket,1200.0,1.75,0,Crossover,15,238974.7,99.9,148.1,1600.0,1,0,153.75200000000015,1736.0
48,Replace Fan Belt / Serpentine Belt,1100.0,1.0,1,Crossover,15,188359.6,62.2,70.7,1150.0,1,0,60.336999999999996,1091.5
13,Brake Service & Cleaning,800.0,1.25,1,Sedan,13,203504.3,77.9,82.5,800.0,1,4,81.46700000000003,800.0
15,Replace Brake Shoes,800.0,1.0,1,Sedan,13,204314.7,62.1,51.2,800.0,0,4,56.81099999999994,794.75
51,Replace Valve Cover Gasket,1200.0,1.75,0,SUV,12,169155.0,105.1,146.5,2150.0,1,3,155.99900000000002,2043.5
48,Replace Fan Belt / Serpentine Belt,1100.0,1.0,1,SUV,12,171680.0,59.6,56.8,1025.0,0,3,58.976000000000084,1062.0
1,Change Oil,650.0,0.75,1,SUV,12,172149.6,46.4,52.2,650.0,1,3,50.434999999999945,647.0
1,Change Oil,650.0,0.75,1,SUV,24,338637.4,45.7,48.3,675.0,1,3,48.41200000000006,660.25
58,General Mechanical Inspection & Check-Up,800.0,0.5,1,SUV,24,290643.5,29.4,32.2,775.0,1,3,30.818999999999978,784.0
3,Replace Fuel Filter,550.0,0.75,1,SUV,24,294585.3,43.9,45.8,525.0,1,3,45.26300000000005,533.5
4,Replace Air Filter,550.0,0.25,1,SUV,24,315227.0,14.4,16.0,550.0,1,3,16.06,552.75
5,Replace Cabin Filter,200.0,0.25,1,SUV,24,345921.3,14.9,15.0,200.0,1,3,15.200000000000005,200.0
13,Brake Service & Cleaning,800.0,1.25,1,Hatchback,12,186959.1,71.5,70.2,800.0,1,1,72.34799999999994,794.5
15,Replace Brake Shoes,800.0,1.0,1,Hatchback,12,144999.8,59.6,64.4,825.0,1,1,62.47499999999995,818.0
51,Replace Valve Cover Gasket,1200.0,1.75,0,Sedan,3,40394.0,109.5,117.4,1250.0,0,4,117.63899999999994,1324.25
48,Replace Fan Belt / Serpentine Belt,1100.0,1.0,1,Sedan,3,51999.2,57.4,54.8,1125.0,0,4,55.98200000000006,1114.25
13,Brake Service & Cleaning,800.0,1.25,1,Sedan,16,220947.5,78.2,84.1,800.0,1,4,82.99400000000009,799.75
15,Replace Brake Shoes,800.0,1.0,1,Sedan,16,247551.7,59.8,57.2,800.0,1,4,58.02599999999993,800.0
18,Wheel Alignment,900.0,1.0,1,Sedan,16,199043.3,62.6,67.7,900.0,1,4,66.01999999999991,907.0
13,Brake Service & Cleaning,800.0,1.25,1,Crossover,12,157151.7,78.6,81.8,775.0,1,0,80.23800000000008,782.75
15,Replace Brake Shoes,800.0,1.0,1,Crossover,12,179203.1,58.1,59.8,800.0,1,0,61.18699999999998,812.25
22,Replace Suspension Bushing,1500.0,2.5,0,Van,1,17409.0,148.7,166.8,1900.0,0,5,170.66999999999985,1790.25
23,Replace Tie Rod End,800.0,1.0,1,Van,1,22860.3,61.1,61.9,800.0,0,5,60.55499999999994,797.75
18,Wheel Alignment,900.0,1.0,1,Van,1,10000.0,58.1,55.3,875.0,0,5,58.89100000000005,881.0
21,Replace Shock Absorbers,1200.0,2.0,1,Van,1,13907.3,115.2,118.5,1200.0,0,5,116.131,1188.0
13,Brake Service & Cleaning,800.0,1.25,1,Van,10,142267.3,76.0,75.9,825.0,0,5,77.44799999999994,815.0
15,Replace Brake Shoes,800.0,1.0,1,Van,10,153041.2,62.0,72.6,775.0,1,5,63.02499999999996,804.0
1,Change Oil,650.0,0.75,1,Van,4,53119.9,47.2,51.1,650.0,0,5,49.243999999999986,648.25
58,General Mechanical Inspection & Check-Up,800.0,0.5,1,Van,4,62502.3,30.2,31.0,775.0,0,5,30.739000000000004,787.0
1,Change Oil,650.0,0.75,1,Sedan,24,309781.2,46.4,50.6,625.0,1,4,47.94200000000003,642.75
58,General Mechanical Inspection & Check-Up,800.0,0.5,1,Sedan,24,313195.1,31.4,35.1,750.0,1,4,34.89399999999996,764.25
1,Change Oil,650.0,0.75,1,Sedan,4,60045.9,46.9,44.4,675.0,0,4,46.86699999999999,652.75
58,General Mechanical Inspection & Check-Up,800.0,0.5,1,Sedan,4,59151.9,30.1,31.0,800.0,0,4,30.617000000000008,798.75
3,Replace Fuel Filter,550.0,0.75,1,Sedan,4,64567.8,46.5,47.3,550.0,0,4,44.98199999999998,543.25
4,Replace Air Filter,550.0,0.25,1,Sedan,4,52006.5,15.3,15.9,550.0,0,4,15.466,538.5
5,Replace Cabin Filter,200.0,0.25,1,Sedan,4,59336.7,14.5,15.0,200.0,0,4,15.158999999999997,200.0
22,Replace Suspension Bushing,1500.0,2.5,0,Pickup,7,93764.2,157.5,191.3,2400.0,1,2,194.6449999999997,2375.0
23,Replace Tie Rod End,800.0,1.0,1,Pickup,7,88653.5,58.2,62.8,825.0,0,2,61.19100000000006,816.0
18,Wheel Alignment,900.0,1.0,1,Pickup,7,101812.5,62.5,64.5,850.0,0,2,64.17399999999999,867.0
1,Change Oil,650.0,0.75,1,SUV,5,62498.8,45.4,38.8,650.0,0,3,42.769000000000034,652.5
58,General Mechanical Inspection & Check-Up,800.0,0.5,1,SUV,5,78313.3,29.1,28.8,800.0,0,3,29.128000000000032,804.0
13,Brake Service & Cleaning,800.0,1.25,1,Crossover,22,272018.4,72.0,83.6,825.0,1,0,81.5580000000001,813.5
15,Replace Brake Shoes,800.0,1.0,1,Crossover,22,285505.5,58.1,52.9,850.0,1,0,55.23699999999999,831.25
1,Change Oil,650.0,0.75,1,Crossover,7,110242.1,47.0,44.9,625.0,0,0,46.077000000000005,633.75
58,General Mechanical Inspection & Check-Up,800.0,0.5,1,Crossover,7,83025.4,30.7,31.7,825.0,0,0,31.637999999999987,818.0
36,Down Clutch / Pulldown Transmission,3500.0,4.5,0,Sedan,14,212993.2,263.6,339.6,3750.0,1,4,372.79499999999973,4340.5
2,Change ATF / Transmission Fluid,650.0,0.75,1,Sedan,14,168823.7,43.3,52.3,675.0,1,4,49.675000000000075,661.5
36,Down Clutch / Pulldown Transmission,3500.0,4.5,0,Sedan,1,10461.7,265.1,288.3,4000.0,0,4,298.7419999999997,4461.25
13,Brake Service & Cleaning,800.0,1.25,1,Sedan,18,231880.3,76.4,62.7,825.0,1,4,69.26399999999994,807.0
14,Replace Brake Pads,600.0,1.0,1,Sedan,18,249830.0,58.3,63.6,625.0,1,4,62.36800000000007,617.0
16,Rotor Disc Refacing / Resurfacing,2500.0,2.0,1,Sedan,18,245047.3,119.6,121.4,2500.0,1,4,122.2009999999999,2501.25
13,Brake Service & Cleaning,800.0,1.25,1,Sedan,25,356456.5,73.0,70.8,800.0,1,4,70.6020000000001,800.25
15,Replace Brake Shoes,800.0,1.0,1,Sedan,25,359144.7,62.1,63.4,800.0,1,4,61.677999999999976,801.5
13,Brake Service & Cleaning,800.0,1.25,1,Sedan,12,157986.5,71.3,89.4,800.0,1,4,70.66799999999994,791.25
15,Replace Brake Shoes,800.0,1.0,1,Sedan,12,185156.5,62.5,69.0,800.0,1,4,66.58099999999999,793.25
18,Wheel Alignment,900.0,1.0,1,Sedan,12,157237.9,61.1,60.2,900.0,1,4,61.208999999999925,901.5
13,Brake Service & Cleaning,800.0,1.25,1,Crossover,25,388068.9,74.7,82.8,775.0,1,0,81.9030000000001,778.25
15,Replace Brake Shoes,800.0,1.0,1,Crossover,25,383647.9,59.6,60.1,825.0,1,0,57.869000000000035,804.0
36,Down Clutch / Pulldown Transmission,3500.0,4.5,0,Sedan,19,246144.0,275.8,443.8,4825.0,1,4,452.3630000000004,5702.0
22,Replace Suspension Bushing,1500.0,2.5,0,Crossover,4,49366.7,154.9,215.8,3300.0,1,0,184.37400000000014,1969.25
23,Replace Tie Rod End,800.0,1.0,1,Crossover,4,58156.8,58.0,56.7,875.0,0,0,56.77199999999998,806.0
18,Wheel Alignment,900.0,1.0,1,Crossover,4,60399.0,59.0,55.7,875.0,0,0,57.61899999999992,887.5
1,Change Oil,650.0,0.75,1,Sedan,24,309744.4,44.3,42.3,675.0,1,4,43.76300000000005,666.0
58,General Mechanical Inspection & Check-Up,800.0,0.5,1,Sedan,24,356470.2,30.2,30.4,800.0,1,4,30.52800000000004,794.0
3,Replace Fuel Filter,550.0,0.75,1,Sedan,24,316616.6,45.5,42.8,575.0,1,4,44.780000000000044,559.25
4,Replace Air Filter,550.0,0.25,1,Sedan,24,343774.6,14.9,15.7,550.0,1,4,15.509000000000016,550.5
51,Replace Valve Cover Gasket,1200.0,1.75,0,Sedan,17,211471.9,102.2,174.5,3250.0,1,4,171.81700000000004,2909.5
48,Replace Fan Belt / Serpentine Belt,1100.0,1.0,1,Sedan,17,264034.9,58.7,60.8,1050.0,1,4,60.125000000000085,1060.25
13,Brake Service & Cleaning,800.0,1.25,1,Van,11,139167.5,71.3,66.5,775.0,0,5,67.37599999999999,784.0
15,Replace Brake Shoes,800.0,1.0,1,Van,11,179187.8,59.1,60.5,775.0,1,5,61.22999999999999,789.0
18,Wheel Alignment,900.0,1.0,1,Van,11,143365.3,62.0,70.9,925.0,1,5,63.17099999999998,900.0
1,Change Oil,650.0,0.75,1,Sedan,14,205352.1,46.9,40.6,650.0,0,4,41.903999999999975,650.0
58,General Mechanical Inspection & Check-Up,800.0,0.5,1,Sedan,14,191162.1,30.4,28.7,800.0,1,4,30.00100000000002,815.25
18,Wheel Alignment,900.0,1.0,1,Sedan,14,180303.5,62.3,72.7,925.0,1,4,65.203,921.5
1,Change Oil,650.0,0.75,1,Sedan,2,29140.6,44.8,44.2,650.0,0,4,43.94499999999994,654.0
58,General Mechanical Inspection & Check-Up,800.0,0.5,1,Sedan,2,26794.3,29.5,30.3,750.0,0,4,30.858000000000025,766.0
22,Replace Suspension Bushing,1500.0,2.5,0,Sedan,21,324911.0,153.7,253.6,3200.0,1,4,257.9569999999998,3189.25
23,Replace Tie Rod End,800.0,1.0,1,Sedan,21,284626.2,62.0,62.8,800.0,1,4,63.225000000000065,804.5
18,Wheel Alignment,900.0,1.0,1,Sedan,21,311421.1,59.6,54.1,900.0,1,4,58.197000000000045,896.25
21,Replace Shock Absorbers,1200.0,2.0,1,Sedan,21,289702.3,124.8,133.3,1175.0,1,4,132.32299999999984,1191.5
1,Change Oil,650.0,0.75,1,Sedan,4,53572.3,46.0,45.5,675.0,0,4,46.527000000000015,665.5
58,General Mechanical Inspection & Check-Up,800.0,0.5,1,Sedan,4,52077.3,29.6,26.7,775.0,0,4,31.057999999999993,792.75
37,Air Conditioning Cleaning & Freon Charge,3500.0,3.0,0,Sedan,24,344764.2,186.2,335.6,5550.0,1,4,326.8419999999996,5424.25
22,Replace Suspension Bushing,1500.0,2.5,0,Crossover,7,106089.3,142.8,165.0,2425.0,1,0,166.86199999999994,2297.5
23,Replace Tie Rod End,800.0,1.0,1,Crossover,7,106572.0,62.8,70.5,825.0,0,0,67.48099999999998,810.0
18,Wheel Alignment,900.0,1.0,1,Crossover,7,83435.9,61.4,54.6,850.0,0,0,59.863,918.5
1,Change Oil,650.0,0.75,1,Van,25,333756.4,43.6,40.6,650.0,1,5,42.240999999999985,651.25
58,General Mechanical Inspection & Check-Up,800.0,0.5,1,Van,25,305677.3,29.2,30.2,775.0,1,5,29.943999999999978,796.5
18,Wheel Alignment,900.0,1.0,1,Van,25,343702.8,57.0,55.9,850.0,1,5,56.23499999999996,872.25
51,Replace Valve Cover Gasket,1200.0,1.75,0,Sedan,16,208542.6,106.6,165.7,2350.0,1,4,167.9360000000002,2372.75
48,Replace Fan Belt / Serpentine Belt,1100.0,1.0,1,Sedan,16,242363.4,58.3,59.1,1125.0,1,4,57.937000000000005,1083.25
37,Air Conditioning Cleaning & Freon Charge,3500.0,3.0,0,Crossover,2,32097.8,186.8,232.2,2650.0,0,0,223.8560000000002,2988.25
58,General Mechanical Inspection & Check-Up,800.0,0.5,1,Crossover,2,35826.8,30.9,34.5,775.0,0,0,30.112999999999996,783.0
1,Change Oil,650.0,0.75,1,Sedan,11,142819.8,43.2,43.5,650.0,1,4,43.75100000000002,649.75
58,General Mechanical Inspection & Check-Up,800.0,0.5,1,Sedan,11,154994.7,31.4,34.9,775.0,1,4,34.554000000000045,781.75
13,Brake Service & Cleaning,800.0,1.25,1,Hatchback,15,231987.9,74.1,77.6,800.0,1,1,77.72100000000006,792.75
15,Replace Brake Shoes,800.0,1.0,1,Hatchback,15,223248.5,62.3,69.9,750.0,1,1,67.44999999999993,763.5
22,Replace Suspension Bushing,1500.0,2.5,0,Sedan,22,334615.5,154.3,296.2,2625.0,1,4,274.3050000000003,2989.75
25,Replace Tie Rod & Rack End,1000.0,1.5,1,Sedan,22,279602.3,93.0,104.5,975.0,1,4,99.80600000000003,938.5
18,Wheel Alignment,900.0,1.0,1,Sedan,22,324439.1,60.2,59.2,925.0,1,4,59.46099999999994,915.5
22,Replace Suspension Bushing,1500.0,2.5,0,Crossover,11,148489.6,151.4,193.3,1950.0,1,0,191.34499999999977,2129.0
25,Replace Tie Rod & Rack End,1000.0,1.5,1,Crossover,11,148083.0,86.3,83.3,1050.0,1,0,84.32400000000008,1034.25
18,Wheel Alignment,900.0,1.0,1,Crossover,11,174081.5,57.0,54.5,900.0,0,0,54.828,905.5
1,Change Oil,650.0,0.75,1,Hatchback,2,38137.1,45.1,42.0,675.0,0,1,42.81399999999999,663.25
58,General Mechanical Inspection & Check-Up,800.0,0.5,1,Hatchback,2,33630.0,29.0,28.7,750.0,0,1,29.477999999999966,762.5
18,Wheel Alignment,900.0,1.0,1,Hatchback,2,29584.5,62.6,62.6,875.0,0,1,62.152000000000065,880.0
36,Down Clutch / Pulldown Transmission,3500.0,4.5,0,Hatchback,11,161131.8,274.2,458.5,6950.0,1,1,419.1059999999998,6418.0
1,Change Oil,650.0,0.75,1,Hatchback,11,149341.4,45.0,40.1,700.0,0,1,42.40499999999998,682.75
22,Replace Suspension Bushing,1500.0,2.5,0,SUV,25,391129.7,146.5,232.3,2375.0,1,3,247.80999999999972,2706.25
23,Replace Tie Rod End,800.0,1.0,1,SUV,25,319064.8,60.3,62.4,800.0,1,3,60.96399999999995,802.5
18,Wheel Alignment,900.0,1.0,1,SUV,25,330324.8,57.5,57.8,925.0,1,3,59.61099999999995,891.5
37,Air Conditioning Cleaning & Freon Charge,3500.0,3.0,0,Hatchback,12,161832.3,179.3,237.8,2975.0,1,1,239.31899999999976,4070.75
58,General Mechanical Inspection & Check-Up,800.0,0.5,1,Hatchback,12,188242.8,29.4,32.5,800.0,1,1,32.137,802.75
1,Change Oil,650.0,0.75,1,Van,25,311826.2,43.7,47.4,675.0,1,5,43.054,649.25
58,General Mechanical Inspection & Check-Up,800.0,0.5,1,Van,25,361465.8,28.8,30.6,750.0,1,5,30.61099999999994,769.25
37,Air Conditioning Cleaning & Freon Charge,3500.0,3.0,0,Hatchback,23,348452.3,185.5,290.6,5050.0,1,1,301.0809999999998,5196.5
22,Replace Suspension Bushing,1500.0,2.5,0,Hatchback,25,372080.3,150.2,273.1,2725.0,1,1,272.51199999999983,2920.25
23,Replace Tie Rod End,800.0,1.0,1,Hatchback,25,362337.2,59.4,53.6,800.0,1,1,56.375000000000036,801.75
18,Wheel Alignment,900.0,1.0,1,Hatchback,25,352980.6,62.1,63.6,925.0,1,1,62.74300000000006,915.75
36,Down Clutch / Pulldown Transmission,3500.0,4.5,0,SUV,7,104208.8,265.0,367.6,6100.0,1,3,366.95399999999955,5661.25
2,Change ATF / Transmission Fluid,650.0,0.75,1,SUV,7,99818.8,43.3,46.4,625.0,0,3,46.01900000000003,632.0
1,Change Oil,650.0,0.75,1,SUV,1,10000.0,47.0,45.1,625.0,0,3,47.37400000000002,635.75
58,General Mechanical Inspection & Check-Up,800.0,0.5,1,SUV,1,20653.1,31.1,26.0,775.0,0,3,27.848000000000003,785.0
3,Replace Fuel Filter,550.0,0.75,1,SUV,1,12384.9,43.0,43.4,525.0,0,3,43.805000000000035,527.75
4,Replace Air Filter,550.0,0.25,1,SUV,1,10000.0,14.5,16.5,525.0,0,3,16.077,531.0
5,Replace Cabin Filter,200.0,0.25,1,SUV,1,13412.9,15.1,15.0,200.0,0,3,15.081999999999999,200.0
1,Change Oil,650.0,0.75,1,Sedan,3,38963.2,46.1,46.4,625.0,0,4,46.128,634.75
58,General Mechanical Inspection & Check-Up,800.0,0.5,1,Sedan,3,31649.7,29.9,32.5,800.0,0,4,31.642999999999997,798.75
51,Replace Valve Cover Gasket,1200.0,1.75,0,Sedan,25,361116.6,104.0,181.7,1925.0,1,4,186.78800000000018,2206.5
48,Replace Fan Belt / Serpentine Belt,1100.0,1.0,1,Sedan,25,397257.3,58.1,65.1,1150.0,1,4,63.29900000000005,1129.25
1,Change Oil,650.0,0.75,1,Sedan,25,389566.2,44.8,51.3,675.0,1,4,46.96199999999997,655.25
51,Replace Valve Cover Gasket,1200.0,1.75,0,Sedan,22,310304.3,106.5,225.9,2550.0,1,4,212.0980000000001,2816.25
48,Replace Fan Belt / Serpentine Belt,1100.0,1.0,1,Sedan,22,322280.8,60.9,71.8,1100.0,1,4,69.12800000000007,1096.5
13,Brake Service & Cleaning,800.0,1.25,1,Crossover,24,329292.0,71.3,84.5,825.0,1,0,80.333,814.0
15,Replace Brake Shoes,800.0,1.0,1,Crossover,24,381015.9,59.4,57.1,825.0,1,0,57.71400000000006,821.75
37,Air Conditioning Cleaning & Freon Charge,3500.0,3.0,0,Hatchback,9,133861.6,179.5,238.7,3400.0,1,1,233.86100000000013,3419.0
13,Brake Service & Cleaning,800.0,1.25,1,Sedan,22,295720.2,77.7,77.6,800.0,1,4,75.06800000000007,802.5
15,Replace Brake Shoes,800.0,1.0,1,Sedan,22,351819.6,59.2,59.8,825.0,1,4,60.38900000000006,819.0
18,Wheel Alignment,900.0,1.0,1,Sedan,22,298976.9,62.1,63.6,925.0,1,4,63.81100000000005,919.5
22,Replace Suspension Bushing,1500.0,2.5,0,Van,12,179224.6,151.1,217.9,3925.0,1,5,204.4019999999999,2194.25
23,Replace Tie Rod End,800.0,1.0,1,Van,12,150829.9,58.0,55.9,800.0,1,5,58.00999999999997,797.75
18,Wheel Alignment,900.0,1.0,1,Van,12,188242.0,58.4,64.2,925.0,1,5,60.562000000000026,901.75
21,Replace Shock Absorbers,1200.0,2.0,1,Van,12,169142.9,115.3,103.1,1225.0,0,5,108.64200000000008,1213.25
22,Replace Suspension Bushing,1500.0,2.5,0,Crossover,25,403070.1,148.7,286.3,3550.0,1,0,263.21499999999975,2490.25
25,Replace Tie Rod & Rack End,1000.0,1.5,1,Crossover,25,309666.7,87.4,99.2,1000.0,1,0,97.655,1007.5
18,Wheel Alignment,900.0,1.0,1,Crossover,25,327532.2,59.8,57.1,925.0,1,0,58.185000000000045,915.25
13,Brake Service & Cleaning,800.0,1.25,1,Sedan,8,110351.5,78.4,76.5,775.0,0,4,76.45100000000001,778.0
15,Replace Brake Shoes,800.0,1.0,1,Sedan,8,106022.9,62.7,67.4,825.0,0,4,64.785,775.5
1,Change Oil,650.0,0.75,1,Sedan,18,236213.2,46.5,46.0,650.0,1,4,46.39,649.0
58,General Mechanical Inspection & Check-Up,800.0,0.5,1,Sedan,18,266790.7,28.8,32.1,825.0,1,4,30.86199999999997,814.25
22,Replace Suspension Bushing,1500.0,2.5,0,Sedan,2,21727.5,146.7,146.0,1225.0,0,4,158.586,1362.25
23,Replace Tie Rod End,800.0,1.0,1,Sedan,2,28013.9,59.0,58.0,800.0,0,4,57.604,795.25
18,Wheel Alignment,900.0,1.0,1,Sedan,2,22894.6,59.9,60.9,950.0,0,4,61.75999999999996,884.5
21,Replace Shock Absorbers,1200.0,2.0,1,Sedan,2,27394.5,123.1,128.4,1150.0,0,4,126.40599999999993,1206.75
13,Brake Service & Cleaning,800.0,1.25,1,Crossover,25,386408.3,77.3,87.6,750.0,1,0,84.18800000000012,760.0
15,Replace Brake Shoes,800.0,1.0,1,Crossover,25,383128.8,63.0,59.4,775.0,1,0,60.64799999999997,789.75
18,Wheel Alignment,900.0,1.0,1,Crossover,25,326471.6,57.5,62.6,925.0,1,0,60.545000000000016,921.25
22,Replace Suspension Bushing,1500.0,2.5,0,Sedan,25,323367.3,151.9,294.4,4950.0,1,4,285.3430000000002,4525.5
25,Replace Tie Rod & Rack End,1000.0,1.5,1,Sedan,25,392757.4,90.7,92.3,1025.0,1,4,101.2300000000001,958.25
18,Wheel Alignment,900.0,1.0,1,Sedan,25,376472.0,59.4,56.1,875.0,1,4,58.18400000000006,876.75
21,Replace Shock Absorbers,1200.0,2.0,1,Sedan,25,317800.5,114.1,107.9,1175.0,1,4,108.84599999999988,1181.0
1,Change Oil,650.0,0.75,1,SUV,14,199291.5,43.9,52.4,650.0,1,3,51.036,649.25
58,General Mechanical Inspection & Check-Up,800.0,0.5,1,SUV,14,172074.7,29.2,29.6,800.0,1,3,30.15499999999996,803.5
22,Replace Suspension Bushing,1500.0,2.5,0,Hatchback,13,185287.5,149.9,157.8,1750.0,1,1,172.5779999999997,1863.75
23,Replace Tie Rod End,800.0,1.0,1,Hatchback,13,167056.6,63.0,72.5,775.0,1,1,69.88799999999999,778.5
18,Wheel Alignment,900.0,1.0,1,Hatchback,13,211884.7,59.8,58.1,900.0,1,1,58.41300000000005,893.5
22,Replace Suspension Bushing,1500.0,2.5,0,Crossover,13,181257.2,144.9,187.3,2500.0,1,0,184.7149999999999,1998.5
25,Replace Tie Rod & Rack End,1000.0,1.5,1,Crossover,13,193278.3,90.3,93.9,1000.0,1,0,91.14399999999992,1009.0
18,Wheel Alignment,900.0,1.0,1,Crossover,13,159719.5,62.2,51.0,925.0,0,0,55.74300000000002,922.5
37,Air Conditioning Cleaning & Freon Charge,3500.0,3.0,0,Sedan,25,329830.6,176.5,337.7,5050.0,1,4,334.3120000000002,4861.25
1,Change Oil,650.0,0.75,1,SUV,25,372356.0,43.9,42.1,700.0,1,3,43.65999999999996,682.25
58,General Mechanical Inspection & Check-Up,800.0,0.5,1,SUV,25,377264.5,30.4,30.4,825.0,1,3,30.83900000000004,819.5
1,Change Oil,650.0,0.75,1,Sedan,4,50774.6,44.3,46.4,650.0,0,4,45.74600000000002,651.5
58,General Mechanical Inspection & Check-Up,800.0,0.5,1,Sedan,4,56830.2,30.5,30.4,800.0,0,4,29.818000000000033,792.0
1,Change Oil,650.0,0.75,1,Crossover,16,254523.9,42.8,45.8,625.0,1,0,45.30100000000003,634.5
58,General Mechanical Inspection & Check-Up,800.0,0.5,1,Crossover,16,246839.7,29.4,30.2,825.0,1,0,29.18299999999999,818.0
3,Replace Fuel Filter,550.0,0.75,1,Crossover,16,239336.1,43.3,46.8,550.0,1,0,46.477000000000054,536.75
5,Replace Cabin Filter,200.0,0.25,1,Crossover,16,237486.1,15.0,16.1,200.0,1,0,15.845999999999986,200.0
1,Change Oil,650.0,0.75,1,Pickup,15,188304.8,43.8,48.0,650.0,1,2,48.45899999999999,652.25
58,General Mechanical Inspection & Check-Up,800.0,0.5,1,Pickup,15,213117.7,30.9,32.2,800.0,1,2,31.01900000000001,801.25
1,Change Oil,650.0,0.75,1,Crossover,22,300572.0,43.0,41.8,650.0,1,0,42.39400000000005,649.25
58,General Mechanical Inspection & Check-Up,800.0,0.5,1,Crossover,22,310503.8,28.6,25.2,825.0,1,0,29.559000000000033,813.0
4,Replace Air Filter,550.0,0.25,1,Crossover,22,338604.6,15.7,15.0,550.0,1,0,15.239000000000003,553.5
5,Replace Cabin Filter,200.0,0.25,1,Crossover,22,328682.0,14.9,15.0,200.0,1,0,15.142999999999997,200.0
1,Change Oil,650.0,0.75,1,Van,24,306347.7,46.9,47.3,625.0,1,5,48.28400000000005,639.25
58,General Mechanical Inspection & Check-Up,800.0,0.5,1,Van,24,345793.3,31.5,31.0,800.0,1,5,32.597,803.25
18,Wheel Alignment,900.0,1.0,1,Van,24,329990.1,59.1,62.9,850.0,1,5,61.74999999999996,872.75
36,Down Clutch / Pulldown Transmission,3500.0,4.5,0,Crossover,3,42656.8,277.3,253.1,4450.0,0,0,287.9079999999998,3976.0
22,Replace Suspension Bushing,1500.0,2.5,0,Pickup,6,90035.2,155.9,180.3,1975.0,1,2,198.363,2245.5
25,Replace Tie Rod & Rack End,1000.0,1.5,1,Pickup,6,85710.7,85.6,85.7,1000.0,0,2,84.72500000000004,979.5
18,Wheel Alignment,900.0,1.0,1,Pickup,6,90585.8,58.7,59.3,900.0,0,2,59.697000000000074,900.5
1,Change Oil,650.0,0.75,1,Hatchback,7,82958.4,43.3,39.8,650.0,0,1,42.82300000000006,652.5
58,General Mechanical Inspection & Check-Up,800.0,0.5,1,Hatchback,7,100321.0,29.8,30.4,825.0,0,1,30.720000000000027,813.5
1,Change Oil,650.0,0.75,1,Sedan,24,331043.4,43.1,44.8,625.0,1,4,45.09900000000006,630.25
58,General Mechanical Inspection & Check-Up,800.0,0.5,1,Sedan,24,340021.7,31.2,35.4,750.0,1,4,34.52100000000004,766.0
3,Replace Fuel Filter,550.0,0.75,1,Sedan,24,343827.8,46.5,46.6,550.0,1,4,47.53100000000001,549.75
4,Replace Air Filter,550.0,0.25,1,Sedan,24,360613.7,14.6,15.0,575.0,1,4,15.110000000000003,568.25
5,Replace Cabin Filter,200.0,0.25,1,Sedan,24,319485.3,15.1,17.0,200.0,1,4,16.688999999999993,200.0
22,Replace Suspension Bushing,1500.0,2.5,0,Sedan,17,200900.9,144.0,264.0,2150.0,1,4,254.7049999999999,2998.75
23,Replace Tie Rod End,800.0,1.0,1,Sedan,17,262578.6,60.4,57.9,825.0,1,4,58.331999999999944,814.25
18,Wheel Alignment,900.0,1.0,1,Sedan,17,233624.2,57.8,55.9,900.0,1,4,56.44999999999995,905.25
1,Change Oil,650.0,0.75,1,Sedan,12,152497.5,43.1,49.3,625.0,1,4,47.487000000000045,627.5
58,General Mechanical Inspection & Check-Up,800.0,0.5,1,Sedan,12,170162.7,31.0,34.9,800.0,1,4,34.18900000000004,796.75
22,Replace Suspension Bushing,1500.0,2.5,0,SUV,15,212161.7,154.1,238.2,2950.0,1,3,237.30100000000016,2779.0
23,Replace Tie Rod End,800.0,1.0,1,SUV,15,213242.4,62.3,63.2,800.0,1,3,63.3789999999999,800.5
18,Wheel Alignment,900.0,1.0,1,SUV,15,225660.7,60.3,59.1,875.0,1,3,59.262000000000015,885.75
37,Air Conditioning Cleaning & Freon Charge,3500.0,3.0,0,Sedan,24,374309.6,182.4,300.4,5000.0,1,4,310.29500000000036,5211.0
58,General Mechanical Inspection & Check-Up,800.0,0.5,1,Sedan,24,321612.7,29.1,28.3,775.0,1,4,29.013000000000023,781.25
53,Top Overhaul,15000.0,14.0,0,Sedan,20,281115.8,821.7,1399.4,32125.0,1,4,1360.821999999998,19614.25
1,Change Oil,650.0,0.75,1,Hatchback,25,395746.7,44.6,47.2,675.0,1,1,46.97599999999994,670.0
58,General Mechanical Inspection & Check-Up,800.0,0.5,1,Hatchback,25,401416.2,31.2,34.5,825.0,1,1,33.32299999999999,816.25
3,Replace Fuel Filter,550.0,0.75,1,Hatchback,25,327986.3,46.3,49.2,525.0,1,1,48.46099999999993,530.25
4,Replace Air Filter,550.0,0.25,1,Hatchback,25,330556.0,14.4,15.1,575.0,1,1,15.355999999999987,563.5
5,Replace Cabin Filter,200.0,0.25,1,Hatchback,25,320737.4,14.7,15.0,200.0,1,1,15.305,200.0
13,Brake Service & Cleaning,800.0,1.25,1,Van,16,203869.9,71.5,66.3,825.0,1,5,68.87700000000004,816.75
15,Replace Brake Shoes,800.0,1.0,1,Van,16,232975.9,61.0,66.7,825.0,1,5,66.0399999999999,812.75
51,Replace Valve Cover Gasket,1200.0,1.75,0,Hatchback,24,302480.0,102.7,185.6,2725.0,1,1,182.70400000000006,2600.5
48,Replace Fan Belt / Serpentine Belt,1100.0,1.0,1,Hatchback,24,330693.4,61.2,57.0,1050.0,1,1,65.70200000000006,1093.75
13,Brake Service & Cleaning,800.0,1.25,1,Sedan,22,273257.3,75.5,85.0,775.0,1,4,81.58999999999997,786.5
14,Replace Brake Pads,600.0,1.0,1,Sedan,22,312387.7,60.1,68.1,625.0,1,4,65.55600000000007,617.25
16,Rotor Disc Refacing / Resurfacing,2500.0,2.0,1,Sedan,22,286258.0,115.9,126.5,2525.0,1,4,120.31100000000004,2517.25
22,Replace Suspension Bushing,1500.0,2.5,0,Crossover,9,119945.6,153.8,237.1,2125.0,1,0,226.5539999999998,2627.75
23,Replace Tie Rod End,800.0,1.0,1,Crossover,9,104949.0,57.6,57.1,800.0,0,0,58.040000000000006,798.75
18,Wheel Alignment,900.0,1.0,1,Crossover,9,127014.3,58.9,59.5,900.0,0,0,57.54399999999997,911.75
13,Brake Service & Cleaning,800.0,1.25,1,Sedan,7,98933.2,71.5,78.7,825.0,0,4,77.7149999999999,821.0
15,Replace Brake Shoes,800.0,1.0,1,Sedan,7,116495.4,58.9,56.5,800.0,0,4,57.043,792.5
18,Wheel Alignment,900.0,1.0,1,Sedan,7,87445.3,58.9,58.4,925.0,0,4,60.507999999999996,908.0
22,Replace Suspension Bushing,1500.0,2.5,0,SUV,25,356823.8,149.4,245.3,2925.0,1,3,257.9069999999998,2937.0
23,Replace Tie Rod End,800.0,1.0,1,SUV,25,307475.9,61.9,65.4,775.0,1,3,64.18899999999998,787.25
18,Wheel Alignment,900.0,1.0,1,SUV,25,374744.8,59.8,62.3,900.0,1,3,61.878000000000085,905.0
22,Replace Suspension Bushing,1500.0,2.5,0,Sedan,24,371518.9,152.1,307.1,3200.0,1,4,273.3679999999997,3022.5
23,Replace Tie Rod End,800.0,1.0,1,Sedan,24,372206.2,57.3,57.1,825.0,1,4,57.32100000000001,813.5
18,Wheel Alignment,900.0,1.0,1,Sedan,24,295479.4,57.9,58.7,850.0,1,4,59.12899999999991,871.0
13,Brake Service & Cleaning,800.0,1.25,1,Sedan,19,289137.0,74.6,91.6,850.0,1,4,85.6680000000001,832.25
15,Replace Brake Shoes,800.0,1.0,1,Sedan,19,270727.6,57.1,59.6,775.0,1,4,59.17800000000007,786.75
1,Change Oil,650.0,0.75,1,Sedan,17,224565.6,46.9,48.1,625.0,1,4,47.139,636.0
58,General Mechanical Inspection & Check-Up,800.0,0.5,1,Sedan,17,221411.7,31.2,31.3,825.0,1,4,33.055000000000035,803.75
13,Brake Service & Cleaning,800.0,1.25,1,Van,17,251858.4,71.6,70.4,825.0,1,5,70.47599999999994,812.5
15,Replace Brake Shoes,800.0,1.0,1,Van,17,267961.7,62.1,69.8,800.0,1,5,67.59200000000008,804.0
37,Air Conditioning Cleaning & Freon Charge,3500.0,3.0,0,SUV,15,235935.5,176.4,268.0,3675.0,1,3,277.48400000000004,3679.5
58,General Mechanical Inspection & Check-Up,800.0,0.5,1,SUV,15,230853.9,31.0,29.5,825.0,1,3,30.177999999999987,820.0
22,Replace Suspension Bushing,1500.0,2.5,0,Sedan,25,390678.3,156.0,288.9,4000.0,1,4,288.37100000000027,3879.25
23,Replace Tie Rod End,800.0,1.0,1,Sedan,25,339469.0,59.1,57.7,775.0,1,4,59.271999999999935,787.0
18,Wheel Alignment,900.0,1.0,1,Sedan,25,320062.9,61.8,67.7,900.0,1,4,63.889000000000024,910.75
21,Replace Shock Absorbers,1200.0,2.0,1,Sedan,25,367615.9,122.0,142.7,1175.0,1,4,138.51000000000016,1188.5
13,Brake Service & Cleaning,800.0,1.25,1,Pickup,19,239475.9,77.1,83.6,775.0,1,2,80.9910000000001,781.0
15,Replace Brake Shoes,800.0,1.0,1,Pickup,19,226785.0,57.4,61.8,825.0,1,2,60.15900000000005,818.25
13,Brake Service & Cleaning,800.0,1.25,1,Crossover,11,162858.2,75.0,71.7,800.0,0,0,73.461,807.0
14,Replace Brake Pads,600.0,1.0,1,Crossover,11,156684.2,58.1,69.2,600.0,1,0,66.56599999999993,607.75
16,Rotor Disc Refacing / Resurfacing,2500.0,2.0,1,Crossover,11,135826.1,116.5,111.7,2450.0,0,0,114.4100000000001,2494.0
51,Replace Valve Cover Gasket,1200.0,1.75,0,Hatchback,4,57821.7,104.3,139.3,2050.0,1,1,127.64099999999989,1919.75
48,Replace Fan Belt / Serpentine Belt,1100.0,1.0,1,Hatchback,4,45659.4,62.3,63.8,1100.0,0,1,60.44100000000001,1086.0
1,Change Oil,650.0,0.75,1,Hatchback,4,65147.7,46.7,41.0,625.0,0,1,42.571,634.5
36,Down Clutch / Pulldown Transmission,3500.0,4.5,0,Crossover,17,221167.2,260.2,380.6,4525.0,1,0,387.03099999999955,5271.25
2,Change ATF / Transmission Fluid,650.0,0.75,1,Crossover,17,271907.5,47.2,45.4,600.0,1,0,46.356000000000016,624.25
36,Down Clutch / Pulldown Transmission,3500.0,4.5,0,Sedan,12,156957.3,260.4,317.4,4125.0,1,4,338.3980000000005,4350.0
22,Replace Suspension Bushing,1500.0,2.5,0,Sedan,13,171600.0,149.3,198.3,1400.0,1,4,198.59499999999977,1717.5
23,Replace Tie Rod End,800.0,1.0,1,Sedan,13,161469.9,62.9,68.2,800.0,1,4,67.44699999999993,793.5
18,Wheel Alignment,900.0,1.0,1,Sedan,13,207223.1,61.7,67.4,900.0,1,4,64.89999999999992,907.5
1,Change Oil,650.0,0.75,1,Sedan,25,308581.3,47.2,49.7,650.0,1,4,49.28699999999994,648.0
58,General Mechanical Inspection & Check-Up,800.0,0.5,1,Sedan,25,375539.5,30.1,31.8,825.0,1,4,31.497000000000025,817.25
18,Wheel Alignment,900.0,1.0,1,Sedan,25,325921.2,62.6,55.5,925.0,1,4,58.34299999999998,916.5
22,Replace Suspension Bushing,1500.0,2.5,0,Sedan,25,320697.3,155.0,301.1,4150.0,1,4,296.37799999999953,3740.5
23,Replace Tie Rod End,800.0,1.0,1,Sedan,25,335554.5,57.1,58.6,850.0,1,4,58.08700000000003,833.0
18,Wheel Alignment,900.0,1.0,1,Sedan,25,359716.2,57.2,58.0,875.0,1,4,56.84399999999999,880.75
1,Change Oil,650.0,0.75,1,Sedan,11,140034.2,45.1,50.4,650.0,1,4,44.64099999999998,656.5
58,General Mechanical Inspection & Check-Up,800.0,0.5,1,Sedan,11,153472.7,30.9,28.2,825.0,0,4,32.95800000000001,794.25
